kernel,sampling_mode,m,beta,model,cases,median,mean,q90,q99,pass_5pct,pass_10pct
arctan,common,1.0,0.05,classical,13,0.0078090850994609,0.01235500744182241,0.02276616435261482,0.05277726047601354,0.9230769230769231,1.0
arctan,common,1.0,0.05,moment3_tail,13,0.000112128635042,0.0004350089531285552,0.0009281074420464001,0.0022854862977860746,1.0,1.0
arctan,common,1.0,0.05,moment5_tail,13,1.5556503146454789e-06,2.0570566828755778e-05,4.9026296641567905e-05,0.00012190246633612182,1.0,1.0
arctan,common,1.0,0.05,variance_tail,13,0.0091176123928588,0.01161177937755081,0.02558750040436619,0.04551586164019348,1.0,1.0
arctan,common,1.0,0.1,classical,13,0.0300898264632087,0.048777087672386026,0.08738007229951734,0.21933113789784914,0.6153846153846154,0.9230769230769231
arctan,common,1.0,0.1,moment3_tail,13,0.0016921861284533,0.0067468459303474376,0.013696008480361503,0.03703893651518439,1.0,1.0
arctan,common,1.0,0.1,moment5_tail,13,9.372578985399132e-05,0.0012615064575228403,0.0028513275672762605,0.007794781167917042,1.0,1.0
arctan,common,1.0,0.1,variance_tail,13,0.0418269106523546,0.04676930097307234,0.09974448274016759,0.18506822845916812,0.5384615384615384,0.8461538461538461
arctan,common,1.0,0.2,classical,13,0.0977780258058258,0.2017522892257936,0.30978489853537383,1.1007921354456895,0.38461538461538464,0.5384615384615384
arctan,common,1.0,0.2,moment3_tail,13,0.0220781026993523,0.10635235745798981,0.1745830754389762,0.6936626805343893,0.6153846153846154,0.6923076923076923
arctan,common,1.0,0.2,moment5_tail,13,0.0048592408909677,0.07783204299122382,0.13911709967121544,0.5625822064231447,0.6923076923076923,0.7692307692307693
arctan,common,1.0,0.2,variance_tail,13,0.1851851006183728,0.21133117306249766,0.4046014019587983,0.8556586603980261,0.3076923076923077,0.46153846153846156
arctan,common,1.0,0.3,classical,13,0.190272412814261,0.6371625490845404,0.6124724029058578,4.8826923739977826,0.23076923076923078,0.3076923076923077
arctan,common,1.0,0.3,moment3_tail,13,0.0956702139527423,0.7539131694085254,0.7246230551642845,6.492319524720168,0.3076923076923077,0.5384615384615384
arctan,common,1.0,0.3,moment5_tail,13,0.0431176158693504,1.2513522128852168,1.2087188287280137,11.452141742262356,0.5384615384615384,0.5384615384615384
arctan,common,1.0,0.3,variance_tail,13,0.4141241627180419,0.6747155790703153,1.1345689274292419,3.3854625550929542,0.23076923076923078,0.3076923076923077
arctan,common,1.0,0.5,classical,13,0.4567407236357113,0.8067671438697551,1.3701511174663192,3.8904717994310305,0.07692307692307693,0.23076923076923078
arctan,common,1.0,0.5,moment3_tail,13,0.389670328488446,2.1440203122121644,4.0387538364838065,13.083921488228798,0.23076923076923078,0.23076923076923078
arctan,common,1.0,0.5,moment5_tail,13,0.7680341202825757,8.873269970402557,17.190096809167873,61.24507336066289,0.23076923076923078,0.23076923076923078
arctan,common,1.0,0.5,variance_tail,13,1.5770221472157593,1.8320064592400518,3.3293942699012775,5.6418212761263495,0.07692307692307693,0.07692307692307693
arctan,common,1.0,0.7,classical,13,0.765265720563912,1.0044781372737632,2.239964379661943,2.772486172883965,0.07692307692307693,0.07692307692307693
arctan,common,1.0,0.7,moment3_tail,13,1.208663460815375,4.432627101368001,12.263022433001288,17.215989871966418,0.23076923076923078,0.23076923076923078
arctan,common,1.0,0.7,moment5_tail,13,4.951530943261645,33.05986544847903,99.63109112991253,153.92655248974887,0.23076923076923078,0.23076923076923078
arctan,common,1.0,0.7,variance_tail,13,2.893028248921246,4.615350728306894,9.135290216903833,16.264057005390473,0.07692307692307693,0.07692307692307693
arctan,common,1.0,1.0,classical,13,1.260040865255065,1.4822900857438779,3.2927880755945096,3.86476541761649,0.07692307692307693,0.07692307692307693
arctan,common,1.0,1.0,moment3_tail,13,3.8974882887885447,11.743630983476342,33.26347452613398,40.95652597118635,0.07692307692307693,0.07692307692307693
arctan,common,1.0,1.0,moment5_tail,13,35.72442402888357,169.04054528359316,494.45013438496716,696.5611219447816,0.07692307692307693,0.07692307692307693
arctan,common,1.0,1.0,variance_tail,13,7.683158883467808,13.352472429451144,29.40197990169437,49.66779888482921,0.07692307692307693,0.07692307692307693
arctan,common,1.0,1.4,classical,13,1.9437705742823836,2.266554538718153,5.06311436393763,6.76192086405653,0.07692307692307693,0.07692307692307693
arctan,common,1.0,1.4,moment3_tail,13,11.22318683540528,32.267636288133396,88.6021241714244,133.77501678174443,0.07692307692307693,0.07692307692307693
arctan,common,1.0,1.4,moment5_tail,13,237.2575240907679,883.8450566351245,2147.460049728992,4332.649183940602,0.07692307692307693,0.07692307692307693
arctan,common,1.0,1.4,variance_tail,13,25.787305851748386,37.620710855800354,95.38883055503187,141.71308760575673,0.07692307692307693,0.07692307692307693
arctan,common,2.0,0.05,classical,13,0.0066946883868468,0.006435357976443285,0.01308829440383162,0.015994802927296624,1.0,1.0
arctan,common,2.0,0.05,moment3_tail,13,3.2989532630107105e-05,0.00012431287757494613,0.00033433595903546,0.00035534867599278,1.0,1.0
arctan,common,2.0,0.05,moment5_tail,13,1.3637744923560312e-06,4.076982163329967e-06,1.1684896727970655e-05,1.2955199751524953e-05,1.0,1.0
arctan,common,2.0,0.05,variance_tail,13,0.0024958857727438,0.0029410977929454998,0.006515016062002502,0.01125541678514097,1.0,1.0
arctan,common,2.0,0.1,classical,13,0.0269263132831882,0.0251654468420653,0.050426030358537766,0.06321872461049392,0.8461538461538461,1.0
arctan,common,2.0,0.1,moment3_tail,13,0.0005161908003411,0.0018921928027743596,0.00511654730893154,0.0054204858927189405,1.0,1.0
arctan,common,2.0,0.1,moment5_tail,13,7.562043775902265e-05,0.00024061742231520764,0.00069347173001704,0.0007416230587518319,1.0,1.0
arctan,common,2.0,0.1,variance_tail,13,0.0137674356283519,0.012267956084039114,0.02673324966823363,0.04423381519780789,1.0,1.0
arctan,common,2.0,0.2,classical,13,0.1038362671496733,0.09406696531565045,0.1780678116260284,0.24792653774727783,0.38461538461538464,0.46153846153846156
arctan,common,2.0,0.2,moment3_tail,13,0.0103355828428043,0.026189466953080477,0.07225768583225849,0.07488905034137637,0.6923076923076923,1.0
arctan,common,2.0,0.2,moment5_tail,13,0.0029567641870121,0.01225323957276239,0.0352930056640767,0.036604019652612604,1.0,1.0
arctan,common,2.0,0.2,variance_tail,13,0.0530501887898851,0.061275481708136896,0.1316690223436644,0.17242920760387367,0.46153846153846156,0.6923076923076923
arctan,common,2.0,0.3,classical,13,0.2199499056932883,0.1970427131054246,0.3492800996549662,0.5654049812283987,0.3076923076923077,0.38461538461538464
arctan,common,2.0,0.3,moment3_tail,13,0.0590341645436777,0.11392981135213215,0.2996258286453467,0.34719124576532717,0.46153846153846156,0.6153846153846154
arctan,common,2.0,0.3,moment5_tail,13,0.0172725948184193,0.11108441629601781,0.3169588126610839,0.35550708356345195,0.5384615384615384,0.6153846153846154
arctan,common,2.0,0.3,variance_tail,13,0.1444161713897594,0.18057244253201726,0.3990363118864528,0.42228419511097576,0.38461538461538464,0.38461538461538464
arctan,common,2.0,0.5,classical,13,0.5524682122937399,0.4907239320890465,0.7364304707700551,1.7380574175712515,0.15384615384615385,0.3076923076923077
arctan,common,2.0,0.5,moment3_tail,13,0.4628853319253067,0.6873242542554904,1.547150941510039,2.5140529731198438,0.23076923076923078,0.3076923076923077
arctan,common,2.0,0.5,moment5_tail,13,0.2215617147844101,1.6744788036705147,4.372546547404777,6.488921499110992,0.3076923076923077,0.3076923076923077
arctan,common,2.0,0.5,variance_tail,13,0.6174066273862246,0.7920676250899708,1.8296205480218066,1.9584509800534327,0.23076923076923078,0.23076923076923078
arctan,common,2.0,0.7,classical,13,0.948412799959208,0.8235388737549988,1.1671006149316943,2.9513416820317837,0.07692307692307693,0.15384615384615385
arctan,common,2.0,0.7,moment3_tail,13,1.654188395457891,2.0369119901747528,4.294593710276583,7.542476660424734,0.23076923076923078,0.23076923076923078
arctan,common,2.0,0.7,moment5_tail,13,1.2885868075536715,9.154241788746848,22.78171959922969,35.966286357302536,0.23076923076923078,0.23076923076923078
arctan,common,2.0,0.7,variance_tail,13,1.810183485970432,2.1380674678968745,4.989227133710869,5.235101189098936,0.07692307692307693,0.07692307692307693
arctan,common,2.0,1.0,classical,13,1.3180144772666524,1.2009595650381626,2.0415265248212826,2.845470634881115,0.07692307692307693,0.07692307692307693
arctan,common,2.0,1.0,moment3_tail,13,6.127113213390513,5.403485404170009,12.37972816954132,13.56933381373809,0.07692307692307693,0.07692307692307693
arctan,common,2.0,1.0,moment5_tail,13,8.05249304964917,46.47596697098673,125.32696517170322,127.23155729515166,0.07692307692307693,0.07692307692307693
arctan,common,2.0,1.0,variance_tail,13,4.863395113061718,6.0003696222756,14.509620615126968,15.101714610580505,0.07692307692307693,0.07692307692307693
arctan,common,2.0,1.4,classical,13,1.7440341197394829,1.771046518807894,3.1700051688628608,3.750420817189959,0.07692307692307693,0.07692307692307693
arctan,common,2.0,1.4,moment3_tail,13,18.67396658333448,14.049013195014602,28.33110538918027,33.55648837362604,0.07692307692307693,0.07692307692307693
arctan,common,2.0,1.4,moment5_tail,13,55.59404196562325,223.3214534348667,644.000151260203,662.5142867677897,0.07692307692307693,0.07692307692307693
arctan,common,2.0,1.4,variance_tail,13,7.561068128146092,16.50086368751144,38.78355696874029,46.920191640943024,0.07692307692307693,0.07692307692307693
arctan,common,3.0,0.05,classical,13,0.004669078023149,0.004754319732879647,0.009366995791858781,0.01115291880143999,1.0,1.0
arctan,common,3.0,0.05,moment3_tail,13,7.033890084468633e-05,0.00011441416694649904,0.00025428677407652006,0.0004633908680641238,1.0,1.0
arctan,common,3.0,0.05,moment5_tail,13,1.0960128894832116e-06,3.9679048667808354e-05,7.2456906104720205e-06,0.00043267251065322093,1.0,1.0
arctan,common,3.0,0.05,variance_tail,13,0.0012352339633914,0.0013673558604406079,0.0029434626997571407,0.005005178847526526,1.0,1.0
arctan,common,3.0,0.1,classical,13,0.0183931551352064,0.018463188111681485,0.03627759910245562,0.04315697478517839,1.0,1.0
arctan,common,3.0,0.1,moment3_tail,13,0.000749187677635,0.0012100050907081852,0.003066263634835621,0.003935036496772995,1.0,1.0
arctan,common,3.0,0.1,moment5_tail,13,6.45224938065252e-05,0.0001542025293375545,0.00043871759537112006,0.000486116457624768,1.0,1.0
arctan,common,3.0,0.1,variance_tail,13,0.0062419431856904,0.005831471060367999,0.012693136781216344,0.01966392605407777,1.0,1.0
arctan,common,3.0,0.2,classical,13,0.0700248877118845,0.0682496341977522,0.13097426456954295,0.15475130432984427,0.46153846153846156,0.6923076923076923
arctan,common,3.0,0.2,moment3_tail,13,0.0105045315099799,0.016226205172632586,0.040980077290032335,0.05382274859086289,0.9230769230769231,1.0
arctan,common,3.0,0.2,moment5_tail,13,0.0027445463732495,0.006154369533170011,0.018698781704948386,0.023767000908162042,1.0,1.0
arctan,common,3.0,0.2,variance_tail,13,0.0249381754120781,0.032324849901116406,0.07259614832658606,0.0756823540273467,0.6923076923076923,1.0
arctan,common,3.0,0.3,classical,13,0.1482678656781114,0.14010943507020732,0.2734247978734089,0.3070983824425713,0.3076923076923077,0.46153846153846156
arctan,common,3.0,0.3,moment3_tail,13,0.0460981522324406,0.06929302768770373,0.1687425597884622,0.22553843409506305,0.5384615384615384,0.6923076923076923
arctan,common,3.0,0.3,moment5_tail,13,0.0288302888066571,0.05644804171528198,0.16699218472072147,0.21849287407017204,0.6153846153846154,0.7692307692307693
arctan,common,3.0,0.3,variance_tail,13,0.0806236203254858,0.10123296542597505,0.22744940496564636,0.2714385594893189,0.38461538461538464,0.6153846153846154
arctan,common,3.0,0.5,classical,13,0.3631598101761299,0.32874234190737195,0.6477493110482931,0.75867257611932,0.07692307692307693,0.3076923076923077
arctan,common,3.0,0.5,moment3_tail,13,0.275856500011159,0.39059244018839395,0.914157710049994,1.214693692965588,0.3076923076923077,0.38461538461538464
arctan,common,3.0,0.5,moment5_tail,13,0.4091761971050155,0.8219141001632444,2.312957739807705,3.1351376011924716,0.3076923076923077,0.46153846153846156
arctan,common,3.0,0.5,variance_tail,13,0.3405332088059968,0.4598916016026943,1.0837552861152897,1.3764433070616022,0.23076923076923078,0.23076923076923078
arctan,common,3.0,0.7,classical,13,0.6332821761055856,0.5712293258467231,1.0268243031190571,1.6019589483199141,0.07692307692307693,0.07692307692307693
arctan,common,3.0,0.7,moment3_tail,13,0.8616854685152705,1.1811696064688042,2.7462282648378564,3.4752674732126216,0.23076923076923078,0.3076923076923077
arctan,common,3.0,0.7,moment5_tail,13,2.273165078862567,4.636109748994526,12.907802124141622,17.087586497957677,0.23076923076923078,0.23076923076923078
arctan,common,3.0,0.7,variance_tail,13,0.9715978909436304,1.2741023015247164,2.9917091625523313,3.8641647705245714,0.07692307692307693,0.23076923076923078
arctan,common,3.0,1.0,classical,13,0.9474093908453558,1.0626325018363703,1.6285947215933325,4.064827381104332,0.07692307692307693,0.07692307692307693
arctan,common,3.0,1.0,moment3_tail,13,2.8048751278865933,3.896448737645365,10.10216709663577,12.533250295444372,0.07692307692307693,0.07692307692307693
arctan,common,3.0,1.0,moment5_tail,13,13.892933431468656,29.670064430689003,87.6444623131881,101.54957264322478,0.07692307692307693,0.23076923076923078
arctan,common,3.0,1.0,variance_tail,13,3.025442608135996,3.8463769294833816,8.785855864192122,11.314130667131936,0.07692307692307693,0.07692307692307693
arctan,common,3.0,1.4,classical,13,1.3320972595507774,1.5365505169245735,2.4697296726094806,4.9712442807767925,0.07692307692307693,0.07692307692307693
arctan,common,3.0,1.4,moment3_tail,13,8.352555601070515,10.190505396652384,26.624860605211808,28.68547756694398,0.07692307692307693,0.07692307692307693
arctan,common,3.0,1.4,moment5_tail,13,76.563354925718,148.4913323071223,426.593233946133,531.893423301694,0.07692307692307693,0.07692307692307693
arctan,common,3.0,1.4,variance_tail,13,8.827201246948963,10.233334160705159,24.65236071761097,30.91941044073432,0.07692307692307693,0.07692307692307693
arctan,common,5.0,0.05,classical,13,0.00300002027749,0.0034194002739573073,0.006235087017287341,0.009493434782689984,1.0,1.0
arctan,common,5.0,0.05,moment3_tail,13,3.843497631483593e-05,8.198240159867095e-05,0.00018813347602812008,0.0004568365886686957,1.0,1.0
arctan,common,5.0,0.05,moment5_tail,13,6.669376509142864e-07,3.8692201498942784e-05,5.000776784615677e-06,0.0004324504564497411,1.0,1.0
arctan,common,5.0,0.05,variance_tail,13,0.0005581813988041,0.0005699373427810058,0.0011374870559861,0.0018058985365151472,1.0,1.0
arctan,common,5.0,0.1,classical,13,0.0118612827996562,0.013209218293648378,0.024284347231343782,0.03682596942518204,1.0,1.0
arctan,common,5.0,0.1,moment3_tail,13,0.0005928168518099,0.0007551357996100243,0.0015046797231379003,0.0029982276994851183,1.0,1.0
arctan,common,5.0,0.1,moment5_tail,13,4.052748128802302e-05,0.00013304903684083504,0.00030244090550524014,0.0009043962784489433,1.0,1.0
arctan,common,5.0,0.1,variance_tail,13,0.0022799228594315,0.0024467453846928537,0.005216379523226441,0.007133832814390654,1.0,1.0
arctan,common,5.0,0.2,classical,13,0.0454915443432468,0.04888561973202912,0.08890408487858839,0.1331570530720812,0.5384615384615384,0.9230769230769231
arctan,common,5.0,0.2,moment3_tail,13,0.0048978313409943,0.009562023524902322,0.020765929603654146,0.04114646285840795,1.0,1.0
arctan,common,5.0,0.2,moment5_tail,13,0.0008059292982722,0.003138658772842015,0.007165789811165763,0.016932697871252705,1.0,1.0
arctan,common,5.0,0.2,variance_tail,13,0.0094568700219769,0.015474029047516701,0.03039857463197806,0.04775056624277005,0.9230769230769231,1.0
arctan,common,5.0,0.3,classical,13,0.0965134190969574,0.10053632226502936,0.17925644562079038,0.2649845496974057,0.3076923076923077,0.5384615384615384
arctan,common,5.0,0.3,moment3_tail,13,0.0223929542342564,0.04097549216474894,0.08798107842580911,0.17338556922019835,0.6153846153846154,0.9230769230769231
arctan,common,5.0,0.3,moment5_tail,13,0.0079064774685773,0.028631301101369522,0.06489668821473353,0.15543686854257785,0.8461538461538461,0.9230769230769231
arctan,common,5.0,0.3,variance_tail,13,0.0360982825407722,0.05278903272324436,0.10682684235232293,0.18939496482685025,0.6153846153846154,0.8461538461538461
arctan,common,5.0,0.5,classical,13,0.2340083031525432,0.23302215332583456,0.39955366430671285,0.5785889520460508,0.07692307692307693,0.3076923076923077
arctan,common,5.0,0.5,moment3_tail,13,0.1376764748312761,0.23013559947838286,0.4814053607058464,0.9441416262364221,0.3076923076923077,0.46153846153846156
arctan,common,5.0,0.5,moment5_tail,13,0.1253255427457754,0.4144824936438949,0.9183447156778918,2.2312847287484194,0.46153846153846156,0.46153846153846156
arctan,common,5.0,0.5,variance_tail,13,0.1665715295179764,0.25791392493164883,0.5404120426872387,0.9995928372467111,0.23076923076923078,0.46153846153846156
arctan,common,5.0,0.7,classical,13,0.4017933872084108,0.38940006457281845,0.6461106071737674,0.9211593167791636,0.07692307692307693,0.07692307692307693
arctan,common,5.0,0.7,moment3_tail,13,0.4257228795625172,0.6756391455934381,1.3845752630734987,2.7160122009207535,0.3076923076923077,0.3076923076923077
arctan,common,5.0,0.7,moment5_tail,13,0.7211889285240036,2.2664540318409925,4.937836831503727,12.158128545022493,0.3076923076923077,0.3076923076923077
arctan,common,5.0,0.7,variance_tail,13,0.4218374233327087,0.7267387200885866,1.5206131770809923,2.8482100659535905,0.23076923076923078,0.23076923076923078
arctan,common,5.0,1.0,classical,13,0.6921201922710131,0.6541750498361439,1.093540105990558,1.4649486849303508,0.07692307692307693,0.07692307692307693
arctan,common,5.0,1.0,moment3_tail,13,1.3460611895005132,2.046188401923585,4.099105605811055,8.047906556470496,0.07692307692307693,0.23076923076923078
arctan,common,5.0,1.0,moment5_tail,13,4.4149587034921165,13.339233275453847,28.569182880293532,71.31838973247874,0.07692307692307693,0.23076923076923078
arctan,common,5.0,1.0,variance_tail,13,1.3577501631454498,2.147597159479979,4.4435838395397536,8.392832747847182,0.07692307692307693,0.07692307692307693
arctan,common,5.0,1.4,classical,13,1.1386015989001543,1.0579610769476206,2.1015614854359344,2.266387869057934,0.07692307692307693,0.07692307692307693
arctan,common,5.0,1.4,moment3_tail,13,3.9067188956287993,5.7560808002872825,11.253133492909877,22.026889436806965,0.07692307692307693,0.07692307692307693
arctan,common,5.0,1.4,moment5_tail,13,24.03183311571149,70.65926912326225,148.9448106471104,374.43549138163183,0.07692307692307693,0.07692307692307693
arctan,common,5.0,1.4,variance_tail,13,4.157744430492984,5.932337504563994,12.114242235334784,22.90503365479338,0.07692307692307693,0.07692307692307693
arctan,common,10.0,0.05,classical,13,0.0017986395479355,0.002423928224446869,0.00439873100380462,0.008158210469264971,1.0,1.0
arctan,common,10.0,0.05,moment3_tail,13,8.830116047413065e-06,4.975885148196677e-05,0.00013412078029154147,0.00031556917905423983,1.0,1.0
arctan,common,10.0,0.05,moment5_tail,13,8.94982692931944e-08,2.6378702952456085e-05,3.0620245621964685e-06,0.0002972858811297242,1.0,1.0
arctan,common,10.0,0.05,variance_tail,13,0.000141600899663,0.00028395731231359116,0.0004393133295753801,0.0017569263207011505,1.0,1.0
arctan,common,10.0,0.1,classical,13,0.0063733899323266,0.009117312869617908,0.017307237170442462,0.031808381328975434,1.0,1.0
arctan,common,10.0,0.1,moment3_tail,13,0.0001358802345991,0.00037538137561021507,0.0006964755217688,0.00219501261978031,1.0,1.0
arctan,common,10.0,0.1,moment5_tail,13,5.528342600629946e-06,3.3390047839746654e-05,8.140328319022593e-05,0.00020741581020893617,1.0,1.0
arctan,common,10.0,0.1,variance_tail,13,0.0007455872902114,0.0009437956520286944,0.0021119720404240002,0.0026839540260706193,1.0,1.0
arctan,common,10.0,0.2,classical,13,0.0245486582991682,0.03394051109370196,0.06529890945721901,0.11677508907033926,0.7692307692307693,0.9230769230769231
arctan,common,10.0,0.2,moment3_tail,13,0.0020261538727918,0.005284253432855538,0.010135568760787842,0.03070690577195965,1.0,1.0
arctan,common,10.0,0.2,moment5_tail,13,0.0003104526645669,0.001469000739722952,0.00218126754255348,0.010903016673889546,1.0,1.0
arctan,common,10.0,0.2,variance_tail,13,0.0038011261251435,0.006870013298644085,0.012258291511685762,0.0323430433150138,1.0,1.0
arctan,common,10.0,0.3,classical,13,0.0524279678680743,0.07063685702817792,0.13577265700861318,0.2360151705725491,0.46153846153846156,0.7692307692307693
arctan,common,10.0,0.3,moment3_tail,13,0.0091465799766392,0.023152675234588246,0.04525646292055611,0.1319717639477241,0.9230769230769231,0.9230769230769231
arctan,common,10.0,0.3,moment5_tail,13,0.0023078042223698,0.013715985121846998,0.021248831238914342,0.1018715368104522,0.9230769230769231,0.9230769230769231
arctan,common,10.0,0.3,variance_tail,13,0.0129643989201528,0.02613818942275222,0.050351197976894926,0.13603837767755358,0.8461538461538461,0.9230769230769231
arctan,common,10.0,0.5,classical,13,0.1293069966397751,0.16687538455194664,0.3166788056989253,0.5273048458232856,0.3076923076923077,0.38461538461538464
arctan,common,10.0,0.5,moment3_tail,13,0.0549233164925064,0.13363906796177377,0.2667827830020754,0.7397400741999748,0.46153846153846156,0.6153846153846154
arctan,common,10.0,0.5,moment5_tail,13,0.0385614397351708,0.20397783585951912,0.328617354680675,1.500529849657877,0.6153846153846154,0.6153846153846154
arctan,common,10.0,0.5,variance_tail,13,0.0476875534113114,0.14077660870423836,0.2832072833897295,0.7536558003867346,0.5384615384615384,0.6153846153846154
arctan,common,10.0,0.7,classical,13,0.2255713788674103,0.28085086412333193,0.5252825303161142,0.8512685256202631,0.07692307692307693,0.3076923076923077
arctan,common,10.0,0.7,moment3_tail,13,0.1669928620304121,0.3980470780322803,0.8004864725811008,2.165134556336008,0.3076923076923077,0.38461538461538464
arctan,common,10.0,0.7,moment5_tail,13,0.2262398578390632,1.132169590906597,1.8511445705548382,8.299544751944005,0.38461538461538464,0.46153846153846156
arctan,common,10.0,0.7,variance_tail,13,0.1271080197271296,0.411534024633808,0.837814978198281,2.1981278569622056,0.23076923076923078,0.38461538461538464
arctan,common,10.0,1.0,classical,13,0.3940049302986193,0.4698386414437864,0.8613459387445085,1.3622395227741984,0.07692307692307693,0.07692307692307693
arctan,common,10.0,1.0,moment3_tail,13,0.5175540689560117,1.211265606332236,2.4432884315571126,6.507868769577368,0.07692307692307693,0.3076923076923077
arctan,common,10.0,1.0,moment5_tail,13,1.3812845949184989,6.708248937813026,11.045223344189322,49.269490845973436,0.23076923076923078,0.3076923076923077
arctan,common,10.0,1.0,variance_tail,13,0.395180943721637,1.2407972423687308,2.53635673724452,6.593624771535317,0.07692307692307693,0.23076923076923078
arctan,common,10.0,1.4,classical,13,0.6487567747341175,0.7396055983521829,1.3286132287043662,2.063131464593547,0.07692307692307693,0.07692307692307693
arctan,common,10.0,1.4,moment3_tail,13,1.4617693788438957,3.3622216023463736,6.780727083577675,17.968387227385936,0.07692307692307693,0.07692307692307693
arctan,common,10.0,1.4,moment5_tail,13,7.284688243419211,35.26455112585925,58.09385585067972,260.50233207283594,0.07692307692307693,0.07692307692307693
arctan,common,10.0,1.4,variance_tail,13,1.1528281970484,3.4286490606875266,7.009159881327995,18.1860253130266,0.07692307692307693,0.07692307692307693
arctan,common,20.0,0.05,classical,13,0.0011888836571371,0.0019210207983966384,0.003636141404493201,0.0074631067951485075,1.0,1.0
arctan,common,20.0,0.05,moment3_tail,13,4.020597232998442e-06,2.6021232539759825e-05,0.00010735820943229464,0.00013526698081310398,1.0,1.0
arctan,common,20.0,0.05,moment5_tail,13,2.031967668317295e-08,1.0752177858973907e-05,2.1267277872374094e-06,0.00012044820301475485,1.0,1.0
arctan,common,20.0,0.05,variance_tail,13,3.9239987360859246e-05,0.00024136464942758545,0.00014195423813080003,0.002289820459550258,1.0,1.0
arctan,common,20.0,0.1,classical,13,0.0045243144978713,0.00700112483530267,0.014125250596022406,0.029210701653147677,1.0,1.0
arctan,common,20.0,0.1,moment3_tail,13,4.741095974783916e-05,0.00024494097513379226,0.0004532494216559002,0.0017753938939197146,1.0,1.0
arctan,common,20.0,0.1,moment5_tail,13,1.280835314989509e-06,1.904964994729143e-05,4.245180824991693e-05,0.0001441572217678022,1.0,1.0
arctan,common,20.0,0.1,variance_tail,13,0.0002049393771659,0.0005472092177604197,0.001758270854514941,0.0025937455183943875,1.0,1.0
arctan,common,20.0,0.2,classical,13,0.0178068708558383,0.0261071017971066,0.053950770267253235,0.10846149884118447,0.8461538461538461,0.9230769230769231
arctan,common,20.0,0.2,moment3_tail,13,0.0007187566861176,0.0035098689660019783,0.006726195522941603,0.025300385974342345,1.0,1.0
arctan,common,20.0,0.2,moment5_tail,13,7.742209978418999e-05,0.0008717660038928504,0.0011536677426971407,0.007827445162767618,1.0,1.0
arctan,common,20.0,0.2,variance_tail,13,0.0017382801629114,0.0040563482292818925,0.007251441421910663,0.025706348190195447,1.0,1.0
arctan,common,20.0,0.3,classical,13,0.0390752410375871,0.05487953953488686,0.11379932332936729,0.2217296923612436,0.6153846153846154,0.8461538461538461
arctan,common,20.0,0.3,moment3_tail,13,0.0034831965181312,0.015639399810341494,0.030709819783031635,0.11075051093019117,0.9230769230769231,0.9230769230769231
arctan,common,20.0,0.3,moment5_tail,13,0.0004784886663908,0.008329547289571271,0.011541814758382226,0.07473176490866851,0.9230769230769231,1.0
arctan,common,20.0,0.3,variance_tail,13,0.0038583071987864,0.01655120310052333,0.03195987324735003,0.11175520017559495,0.9230769230769231,0.9230769230769231
arctan,common,20.0,0.5,classical,13,0.1007141855578937,0.1319252136602248,0.27216371742628004,0.5037286082261304,0.38461538461538464,0.46153846153846156
arctan,common,20.0,0.5,moment3_tail,13,0.0239443178783983,0.09295810294341457,0.18790388350909024,0.6372995881991447,0.6153846153846154,0.8461538461538461
arctan,common,20.0,0.5,moment5_tail,13,0.0082371300128203,0.12824769286516913,0.18624202168049148,1.1341894366630647,0.7692307692307693,0.8461538461538461
arctan,common,20.0,0.5,variance_tail,13,0.0246819556745263,0.09481665651072647,0.1918776871188027,0.6407229268473017,0.6153846153846154,0.8461538461538461
arctan,common,20.0,0.7,classical,13,0.1770505720833465,0.22517682424603244,0.4595532254383864,0.8214742079465776,0.07692307692307693,0.38461538461538464
arctan,common,20.0,0.7,moment3_tail,13,0.0806379080254416,0.2819903983102043,0.578100511396485,1.894323361301946,0.38461538461538464,0.6153846153846154
arctan,common,20.0,0.7,moment5_tail,13,0.0522054836488403,0.7262620525122613,1.0777624557418617,6.37997411714985,0.46153846153846156,0.6153846153846154
arctan,common,20.0,0.7,variance_tail,13,0.082184320975552,0.285472471445077,0.5870515703437336,1.9024324516404594,0.46153846153846156,0.5384615384615384
arctan,common,20.0,1.0,classical,13,0.3075915121259469,0.38191888912804955,0.7667086211733544,1.3261588875348567,0.07692307692307693,0.07692307692307693
arctan,common,20.0,1.0,moment3_tail,13,0.2755956416095266,0.8729528128454936,1.8053399114203452,5.768280156963671,0.3076923076923077,0.38461538461538464
arctan,common,20.0,1.0,moment5_tail,13,0.346063395584957,4.382511017722074,6.581877706265165,38.393328329353814,0.3076923076923077,0.38461538461538464
arctan,common,20.0,1.0,variance_tail,13,0.2791248883934323,0.8804833615002491,1.827494385325909,5.789370478359434,0.3076923076923077,0.38461538461538464
arctan,common,20.0,1.4,classical,13,0.4965488213216566,0.6080556550973379,1.1988103244560466,2.0212104577029035,0.07692307692307693,0.07692307692307693
arctan,common,20.0,1.4,moment3_tail,13,0.8327017418514626,2.4541007947423665,5.094673308861385,16.06965388430163,0.07692307692307693,0.07692307692307693
arctan,common,20.0,1.4,moment5_tail,13,1.95076396710036,23.35148871109932,35.17623487419745,204.8349236404746,0.07692307692307693,0.07692307692307693
arctan,common,20.0,1.4,variance_tail,13,0.8407340833950909,2.471107443383696,5.148810712924719,16.123258535296223,0.07692307692307693,0.07692307692307693
arctan,common,inf,0.05,classical,13,0.0005612561355577,0.0011536007022968297,0.0027259504490396214,0.006724514984075904,1.0,1.0
arctan,common,inf,0.05,moment3_tail,13,5.92840199507377e-07,9.079761860924697e-06,1.477044790075713e-05,8.478632138149429e-05,1.0,1.0
arctan,common,inf,0.05,moment5_tail,13,7.29219642503728e-10,1.223383483561042e-07,9.857765742437253e-08,1.2969242324221604e-06,1.0,1.0
arctan,common,inf,0.05,variance_tail,13,5.92840199507377e-07,9.0797618609246e-06,1.477044790075713e-05,8.478632138149429e-05,1.0,1.0
arctan,common,inf,0.1,classical,13,0.002239886908942,0.004567789612752054,0.010826556665111526,0.026466376127016508,1.0,1.0
arctan,common,inf,0.1,moment3_tail,13,9.466856927403383e-06,0.00014229936084838568,0.0002338620604270599,0.001325106678110935,1.0,1.0
arctan,common,inf,0.1,moment5_tail,13,4.656340058060636e-08,7.625822575317025e-06,6.23148579408803e-06,8.074703906912984e-05,1.0,1.0
arctan,common,inf,0.1,variance_tail,13,9.466856927403383e-06,0.00014229936084839094,0.0002338620604270599,0.001325106678110935,1.0,1.0
arctan,common,inf,0.2,classical,13,0.0088788763195083,0.01761537955744854,0.0421525568923283,0.0999016271159631,0.9230769230769231,0.9230769230769231
arctan,common,inf,0.2,moment3_tail,13,0.0001502982659963,0.002114734333472219,0.0035961206431246624,0.01950108889345925,1.0,1.0
arctan,common,inf,0.2,moment5_tail,13,2.9532017277362656e-06,0.0004444646521882583,0.0003806219595372342,0.004686973725628943,1.0,1.0
arctan,common,inf,0.2,variance_tail,13,0.0001502982659963,0.002114734333472219,0.0035961206431246624,0.01950108889345925,1.0,1.0
arctan,common,inf,0.3,classical,13,0.01968658715928,0.0376818477636896,0.09106285992109428,0.2076228156591165,0.8461538461538461,0.8461538461538461
arctan,common,inf,0.3,moment3_tail,13,0.0007513132416307,0.009684783908430982,0.017154192334514873,0.08816162377850277,0.9230769230769231,1.0
arctan,common,inf,0.3,moment5_tail,13,3.3146356838037963e-05,0.0044648912193680735,0.0040439826645451635,0.046834689845496255,0.9230769230769231,1.0
arctan,common,inf,0.3,variance_tail,13,0.0007513132416307,0.00968478390843099,0.017154192334514873,0.08816162377850277,0.9230769230769231,1.0
arctan,common,inf,0.5,classical,13,0.0523370032851812,0.09323190577928543,0.2276979171286624,0.48267511906673033,0.46153846153846156,0.8461538461538461
arctan,common,inf,0.5,moment3_tail,13,0.0055790196023429,0.05988180271288169,0.11371775343525169,0.5307478295497672,0.8461538461538461,0.8461538461538461
arctan,common,inf,0.5,moment5_tail,13,0.0006794632282632,0.07290124410981243,0.07269116991751698,0.7568854875609229,0.8461538461538461,0.9230769230769231
arctan,common,inf,0.5,variance_tail,13,0.0055790196023429,0.05988180271288169,0.11371775343525169,0.5307478295497672,0.8461538461538461,0.8461538461538461
arctan,common,inf,0.7,classical,13,0.0967380098310464,0.16287418448282576,0.39730295943667115,0.797292178372654,0.3076923076923077,0.5384615384615384
arctan,common,inf,0.7,moment3_tail,13,0.0203408999538614,0.18664431323592412,0.3706004570493167,1.6177122400321677,0.7692307692307693,0.8461538461538461
arctan,common,inf,0.7,moment5_tail,13,0.0048156505939751,0.42757443263424294,0.4536100954269089,4.405006071508786,0.8461538461538461,0.8461538461538461
arctan,common,inf,0.7,variance_tail,13,0.0203408999538614,0.18664431323592412,0.3706004570493167,1.6177122400321677,0.7692307692307693,0.8461538461538461
arctan,common,inf,1.0,classical,13,0.1779129225554189,0.28392443120029476,0.684324529384684,1.3001873154062629,0.3076923076923077,0.3076923076923077
arctan,common,inf,1.0,moment3_tail,13,0.0770294164035471,0.5938332784013514,1.221836377558628,5.023850510000724,0.46153846153846156,0.6153846153846154
arctan,common,inf,1.0,moment5_tail,13,0.0366895076496166,2.6597563827657784,2.9670483918151325,27.20218771860626,0.5384615384615384,0.6923076923076923
arctan,common,inf,1.0,variance_tail,13,0.0770294164035471,0.5938332784013514,1.221836377558628,5.023850510000724,0.46153846153846156,0.6153846153846154
arctan,common,inf,1.4,classical,13,0.3004136946194322,0.46396170048384905,1.0964791916569085,1.99459194920356,0.23076923076923078,0.3076923076923077
arctan,common,inf,1.4,moment3_tail,13,0.2571336336221723,1.7090582961311824,3.588848454116328,14.17169369276906,0.3076923076923077,0.46153846153846156
arctan,common,inf,1.4,moment5_tail,13,0.2354349876696007,14.488446548519441,16.645775589410068,147.431238926289,0.46153846153846156,0.46153846153846156
arctan,common,inf,1.4,variance_tail,13,0.2571336336221723,1.7090582961311824,3.588848454116328,14.17169369276906,0.3076923076923077,0.46153846153846156
arctan,independent,1.0,0.05,classical,13,0.0072060229734571,0.008044003599470415,0.015364524174788941,0.02262553332368393,1.0,1.0
arctan,independent,1.0,0.05,moment3_tail,13,9.705883728361008e-05,0.00019401443060590136,0.0005710280712613802,0.000664450837860984,1.0,1.0
arctan,independent,1.0,0.05,moment5_tail,13,1.4446709719254129e-06,7.90428120175061e-06,2.6807094851637137e-05,3.5337296304387375e-05,1.0,1.0
arctan,independent,1.0,0.05,variance_tail,13,0.0034708024434542,0.0044916456572414,0.00865845103835198,0.013965647278396293,1.0,1.0
arctan,independent,1.0,0.1,classical,13,0.0281906865718289,0.031417970679033284,0.058094840947944565,0.08906043444287155,0.7692307692307693,1.0
arctan,independent,1.0,0.1,moment3_tail,13,0.0016602809473924,0.0030660645781379987,0.008285404265402163,0.010015445163772766,1.0,1.0
arctan,independent,1.0,0.1,moment5_tail,13,0.0001200061675495,0.0006091898131433745,0.0019287279093072203,0.002011445697201028,1.0,1.0
arctan,independent,1.0,0.1,variance_tail,13,0.0143255267780334,0.018226369345251722,0.035341371471134184,0.05341793795342257,0.9230769230769231,1.0
arctan,independent,1.0,0.2,classical,13,0.1042863498599087,0.11546776079417978,0.19855989615724984,0.34883331258742145,0.3076923076923077,0.38461538461538464
arctan,independent,1.0,0.2,moment3_tail,13,0.0226889597810439,0.03948453727833097,0.10160642191247199,0.1407216530343306,0.6923076923076923,0.8461538461538461
arctan,independent,1.0,0.2,moment5_tail,13,0.005170231713811,0.02270468689095801,0.07987544048386071,0.09242528678054117,0.8461538461538461,1.0
arctan,independent,1.0,0.2,variance_tail,13,0.0779550697773314,0.0819563554355614,0.15343023592620236,0.19244243398620747,0.3076923076923077,0.6153846153846154
arctan,independent,1.0,0.3,classical,13,0.2114133692653791,0.24101108020299342,0.38175081210426604,0.8116114571096986,0.23076923076923078,0.3076923076923077
arctan,independent,1.0,0.3,moment3_tail,13,0.1037838064987278,0.17104437768396935,0.39626844057953414,0.6695823054824174,0.3076923076923077,0.46153846153846156
arctan,independent,1.0,0.3,moment5_tail,13,0.0529416670677419,0.2049575492112479,0.6601957096977183,0.907202775937642,0.46153846153846156,0.6153846153846154
arctan,independent,1.0,0.3,variance_tail,13,0.2223598155520797,0.2341749427106283,0.4264316882240636,0.43693097857633845,0.15384615384615385,0.23076923076923078
arctan,independent,1.0,0.5,classical,13,0.4678880218232472,0.6689603546705581,0.8175791946248752,3.3241229987890266,0.07692307692307693,0.23076923076923078
arctan,independent,1.0,0.5,moment3_tail,13,0.5920780733076463,1.1883512031916144,2.015655761923946,6.636671242570406,0.23076923076923078,0.23076923076923078
arctan,independent,1.0,0.5,moment5_tail,13,0.8848559133231672,3.6572227745542936,8.65826462020344,22.36289055286903,0.3076923076923077,0.3076923076923077
arctan,independent,1.0,0.5,variance_tail,13,1.1771544924889807,1.0938982939050645,2.017144736993122,2.671837053174175,0.07692307692307693,0.07692307692307693
arctan,independent,1.0,0.7,classical,13,0.7726176090878341,2.744758765142183,1.3132807501997645,24.36817612065866,0.07692307692307693,0.07692307692307693
arctan,independent,1.0,0.7,moment3_tail,13,1.7199998221528527,9.37381891064342,5.726259113041264,87.13639856011419,0.23076923076923078,0.23076923076923078
arctan,independent,1.0,0.7,moment5_tail,13,5.263644601418306,56.522079660196134,46.37866892761714,541.7041728982367,0.23076923076923078,0.23076923076923078
arctan,independent,1.0,0.7,variance_tail,13,3.279673149119915,5.29299992882333,5.3946329528773935,33.92887903249425,0.07692307692307693,0.07692307692307693
arctan,independent,1.0,1.0,classical,13,1.3151495936280433,1.4230598131899606,2.1463093396130333,4.854489321890343,0.07692307692307693,0.07692307692307693
arctan,independent,1.0,1.0,moment3_tail,13,5.455836171226383,8.174127573501071,17.460900531540883,33.20027120372695,0.07692307692307693,0.07692307692307693
arctan,independent,1.0,1.0,moment5_tail,13,31.832540309638283,90.5119783031521,278.1645971296801,415.1448731617692,0.07692307692307693,0.07692307692307693
arctan,independent,1.0,1.0,variance_tail,13,9.542943397424484,7.990604777734551,14.67127923578887,15.476995581205685,0.07692307692307693,0.07692307692307693
arctan,independent,1.0,1.4,classical,13,2.1095344122633675,1.853960332899832,3.3907317668107915,3.5659411666286336,0.07692307692307693,0.07692307692307693
arctan,independent,1.0,1.4,moment3_tail,13,15.732750610057192,18.694207890266515,42.440382914416034,53.27717041163006,0.07692307692307693,0.07692307692307693
arctan,independent,1.0,1.4,moment5_tail,13,162.47366188511532,389.27435142365454,962.9173415637925,1678.111705421747,0.07692307692307693,0.07692307692307693
arctan,independent,1.0,1.4,variance_tail,13,18.614084585657213,20.30900023488872,40.239887916358136,41.90688641235095,0.07692307692307693,0.07692307692307693
arctan,independent,2.0,0.05,classical,13,0.0048062929679505,0.004761177773063193,0.008158671427209921,0.010269446037302602,1.0,1.0
arctan,independent,2.0,0.05,moment3_tail,13,6.273240444916219e-05,0.00015361468409844531,0.00022319018961002005,0.0008914632840935032,1.0,1.0
arctan,independent,2.0,0.05,moment5_tail,13,1.1638849832934633e-06,7.758039899729215e-05,6.7691724706773915e-06,0.0008644419766408312,1.0,1.0
arctan,independent,2.0,0.05,variance_tail,13,0.0008717741830201,0.0012211107307727846,0.0021954080364794005,0.0034633427001996065,1.0,1.0
arctan,independent,2.0,0.1,classical,13,0.0188672612033997,0.018321100837105506,0.03147033840743304,0.039764829900599936,1.0,1.0
arctan,independent,2.0,0.1,moment3_tail,13,0.0009799045001718,0.0012624561206666155,0.0027530167190557603,0.0034579052431192793,1.0,1.0
arctan,independent,2.0,0.1,moment5_tail,13,6.948235552924558e-05,0.00019961095959877844,0.00039160605707174004,0.0009094826001721074,1.0,1.0
arctan,independent,2.0,0.1,variance_tail,13,0.0048124453897066,0.004947738208474745,0.0093145188461466,0.012962581415438284,1.0,1.0
arctan,independent,2.0,0.2,classical,13,0.0709747119281376,0.06702785921483444,0.11254381309517753,0.1430594708637832,0.46153846153846156,0.6923076923076923
arctan,independent,2.0,0.2,moment3_tail,13,0.011965144681806,0.016251934157540386,0.03600740418961514,0.04720096647471033,1.0,1.0
arctan,independent,2.0,0.2,moment5_tail,13,0.0031415654863937,0.006481936879767077,0.01810147096120438,0.020536107050356297,1.0,1.0
arctan,independent,2.0,0.2,variance_tail,13,0.0215835028682308,0.026849113450607906,0.04620121648967608,0.0576228694073523,0.9230769230769231,1.0
arctan,independent,2.0,0.3,classical,13,0.1481456063176277,0.13594222849106402,0.22417736817023648,0.28349153541132927,0.3076923076923077,0.3076923076923077
arctan,independent,2.0,0.3,moment3_tail,13,0.0519163985851399,0.06798146674312963,0.14582035696736878,0.197820414881974,0.46153846153846156,0.6923076923076923
arctan,independent,2.0,0.3,moment5_tail,13,0.0314480106976916,0.057298229376433814,0.15192126559893107,0.18674852328449001,0.6923076923076923,0.6923076923076923
arctan,independent,2.0,0.3,variance_tail,13,0.0883827320359111,0.08722009541116474,0.15311484552861793,0.2220683948029862,0.46153846153846156,0.5384615384615384
arctan,independent,2.0,0.5,classical,13,0.3542539755167128,0.30982126985395275,0.5148720897216149,0.6185199886623238,0.07692307692307693,0.15384615384615385
arctan,independent,2.0,0.5,moment3_tail,13,0.3011069610066524,0.3708841196242465,0.7708389849769255,1.0703680495531995,0.3076923076923077,0.3076923076923077
arctan,independent,2.0,0.5,moment5_tail,13,0.468153095609484,0.8031832291464749,2.0701488694760646,2.6725100540119593,0.23076923076923078,0.3076923076923077
arctan,independent,2.0,0.5,variance_tail,13,0.4810636804852098,0.41612535356489916,0.7460364946972449,1.1506435287744547,0.07692307692307693,0.07692307692307693
arctan,independent,2.0,0.7,classical,13,0.607505041939545,0.5154246246921823,0.9063481781331266,0.9931674235355452,0.07692307692307693,0.07692307692307693
arctan,independent,2.0,0.7,moment3_tail,13,0.9169061926414896,1.0787990285306068,2.2775747670556488,3.081431528271727,0.07692307692307693,0.07692307692307693
arctan,independent,2.0,0.7,moment5_tail,13,2.593186474330214,4.365363749508884,11.476336635319974,14.614924223033466,0.07692307692307693,0.23076923076923078
arctan,independent,2.0,0.7,variance_tail,13,1.4248304605590436,1.1623872236066912,2.0555196890332885,3.2532376280918913,0.07692307692307693,0.07692307692307693
arctan,independent,2.0,1.0,classical,13,0.996263697937767,0.871241752273632,1.485698180795621,1.8619897606846156,0.07692307692307693,0.07692307692307693
arctan,independent,2.0,1.0,moment3_tail,13,2.927992790655134,3.2900879285873637,7.535346584058556,9.230175919366086,0.07692307692307693,0.07692307692307693
arctan,independent,2.0,1.0,moment5_tail,13,15.790790232209922,26.119776650008653,74.59900482295521,86.89415931968577,0.07692307692307693,0.07692307692307693
arctan,independent,2.0,1.0,variance_tail,13,4.221842415316718,3.437353266855752,5.89063996097269,9.521213595259699,0.07692307692307693,0.07692307692307693
arctan,independent,2.0,1.4,classical,13,1.5575450367803394,1.4212011016046928,2.231849742936949,3.640647719014527,0.07692307692307693,0.07692307692307693
arctan,independent,2.0,1.4,moment3_tail,13,8.749363731012947,9.428061690205348,23.438382263216273,26.836357666411985,0.07692307692307693,0.07692307692307693
arctan,independent,2.0,1.4,moment5_tail,13,88.01447309880686,143.20842202232487,424.70455684647015,503.5773042380026,0.07692307692307693,0.07692307692307693
arctan,independent,2.0,1.4,variance_tail,13,12.039648489474695,9.59389453110212,16.516842223485387,25.863528185818968,0.07692307692307693,0.07692307692307693
arctan,independent,3.0,0.05,classical,13,0.0036823333237614,0.0036563323731463615,0.00554511876381552,0.00907544544312198,1.0,1.0
arctan,independent,3.0,0.05,moment3_tail,13,4.278561243856688e-05,0.00010407634689472997,0.00017200387530283675,0.0006651318928998514,1.0,1.0
arctan,independent,3.0,0.05,moment5_tail,13,5.942330214033678e-07,5.717517064395544e-05,4.538537506345699e-06,0.0006425129212351667,1.0,1.0
arctan,independent,3.0,0.05,variance_tail,13,0.000450902971853,0.0006155192231041903,0.00118454863705002,0.0015657756580792315,1.0,1.0
arctan,independent,3.0,0.1,classical,13,0.0144792321651647,0.014117965256746355,0.021649731631125862,0.03524774033042582,1.0,1.0
arctan,independent,3.0,0.1,moment3_tail,13,0.0005516844578345,0.0007740712059119963,0.00128338687731184,0.0027579256889352826,1.0,1.0
arctan,independent,3.0,0.1,moment5_tail,13,3.6785964763515456e-05,0.00010383917601124091,0.00027378680379892015,0.0004915472268929438,1.0,1.0
arctan,independent,3.0,0.1,variance_tail,13,0.0024532694666933,0.0025414644450166305,0.004321399959723,0.005779550463786786,1.0,1.0
arctan,independent,3.0,0.2,classical,13,0.0545785711789419,0.05189490359512199,0.07982253359927843,0.12791916411152218,0.46153846153846156,0.9230769230769231
arctan,independent,3.0,0.2,moment3_tail,13,0.0079098048338353,0.010251639216916908,0.01733598582035932,0.03795305786934023,1.0,1.0
arctan,independent,3.0,0.2,moment5_tail,13,0.0018164254132163,0.0034487781829466847,0.006913377973801781,0.015261426657315244,1.0,1.0
arctan,independent,3.0,0.2,variance_tail,13,0.0100757465599376,0.015133665500072514,0.02348043944926402,0.04277652420268221,1.0,1.0
arctan,independent,3.0,0.3,classical,13,0.1135734010837469,0.10599086886494459,0.1635811844248497,0.2558144892794154,0.3076923076923077,0.46153846153846156
arctan,independent,3.0,0.3,moment3_tail,13,0.0348614706047021,0.04357472246796242,0.07306512742947635,0.1606200715490093,0.6153846153846154,0.9230769230769231
arctan,independent,3.0,0.3,moment5_tail,13,0.0171181509406321,0.030968607496826665,0.059425693686053785,0.14007221274696013,0.6923076923076923,0.9230769230769231
arctan,independent,3.0,0.3,variance_tail,13,0.0494266584573377,0.052328328556542424,0.08488251901970383,0.17232839335375413,0.5384615384615384,0.9230769230769231
arctan,independent,3.0,0.5,classical,13,0.2664596153999995,0.24388539548284127,0.37382867604841363,0.562767951389235,0.07692307692307693,0.15384615384615385
arctan,independent,3.0,0.5,moment3_tail,13,0.202378629484529,0.24155263556761203,0.3984419706937902,0.8801670741207764,0.3076923076923077,0.38461538461538464
arctan,independent,3.0,0.5,moment5_tail,13,0.2535450072598931,0.43926340122250124,0.7807353801942308,2.0129070784594423,0.3076923076923077,0.46153846153846156
arctan,independent,3.0,0.5,variance_tail,13,0.2248988021311816,0.2636627621732042,0.4408777230636112,0.9205657654991702,0.07692307692307693,0.38461538461538464
arctan,independent,3.0,0.7,classical,13,0.4458843868673027,0.4038646097396177,0.611313680079011,0.8997283951577105,0.07692307692307693,0.07692307692307693
arctan,independent,3.0,0.7,moment3_tail,13,0.6033258033509206,0.70333721401966,1.1528299025391566,2.541207699319876,0.07692307692307693,0.3076923076923077
arctan,independent,3.0,0.7,moment5_tail,13,1.3959658058968756,2.3757151655336797,4.047026297138392,10.977670092648525,0.07692307692307693,0.3076923076923077
arctan,independent,3.0,0.7,variance_tail,13,0.6468254606029009,0.7472532135596945,1.2498638622975464,2.637311927675622,0.07692307692307693,0.07692307692307693
arctan,independent,3.0,1.0,classical,13,0.7430394621300869,0.6678360263422587,0.9882571191041559,1.4271029674754871,0.07692307692307693,0.07692307692307693
arctan,independent,3.0,1.0,moment3_tail,13,1.839295319398035,2.107819335510797,3.4100383437848842,7.548535903381167,0.07692307692307693,0.07692307692307693
arctan,independent,3.0,1.0,moment5_tail,13,8.200874028561477,13.837914934947774,22.57918201100631,64.41195366568907,0.07692307692307693,0.07692307692307693
arctan,independent,3.0,1.0,variance_tail,13,2.0031881389835253,2.203290729475703,3.6595580782695953,7.800042819403524,0.07692307692307693,0.07692307692307693
arctan,independent,3.0,1.4,classical,13,1.1748591846578744,1.0506927794716678,1.6329344678270157,2.162219725005785,0.07692307692307693,0.07692307692307693
arctan,independent,3.0,1.4,moment3_tail,13,5.143772227271895,5.839181733436529,9.252380330339548,20.66533496950057,0.07692307692307693,0.07692307692307693
arctan,independent,3.0,1.4,moment5_tail,13,43.00493097287194,72.6100787950564,124.0118921040078,339.39845138179214,0.07692307692307693,0.07692307692307693
arctan,independent,3.0,1.4,variance_tail,13,6.099713186107586,6.034957328499042,9.974583383145042,21.32531907769919,0.07692307692307693,0.07692307692307693
arctan,independent,5.0,0.05,classical,13,0.0025829791278126,0.0028184186951406,0.00442859686507566,0.008183988217659135,1.0,1.0
arctan,independent,5.0,0.05,moment3_tail,13,2.259441964763496e-05,6.637169374919656e-05,0.00013498203057250066,0.0004534943468041717,1.0,1.0
arctan,independent,5.0,0.05,moment5_tail,13,2.5452573085513854e-07,3.851106939570567e-05,3.1004474834557456e-06,0.0004350722301781414,1.0,1.0
arctan,independent,5.0,0.05,variance_tail,13,0.0001863679185458,0.0003863842258377729,0.0005389251270421001,0.002228566591828818,1.0,1.0
arctan,independent,5.0,0.1,classical,13,0.0100919897880578,0.010460669529174894,0.01742365246690164,0.031906251127239715,1.0,1.0
arctan,independent,5.0,0.1,moment3_tail,13,0.000303783591255,0.00045839824819348274,0.0007046221489919601,0.0022087637564772223,1.0,1.0
arctan,independent,5.0,0.1,moment5_tail,13,1.5784941666863643e-05,5.189112614205072e-05,0.00018840074804067825,0.00025878279099559996,1.0,1.0
arctan,independent,5.0,0.1,variance_tail,13,0.0010246833078731,0.0011358545334021846,0.0020588690195033803,0.0027131900046058434,1.0,1.0
arctan,independent,5.0,0.2,classical,13,0.0372902735368498,0.03903936939885972,0.0657239429353351,0.11710348499867962,0.7692307692307693,0.9230769230769231
arctan,independent,5.0,0.2,moment3_tail,13,0.0044372836382668,0.00626991054622467,0.010252437451546161,0.030891198531868395,1.0,1.0
arctan,independent,5.0,0.2,moment5_tail,13,0.0007878134208743,0.0017677692967702373,0.00224139359581448,0.010995782947693527,1.0,1.0
arctan,independent,5.0,0.2,variance_tail,13,0.0051519075389987,0.008103476175426293,0.012505984202950442,0.032628020627219166,1.0,1.0
arctan,independent,5.0,0.3,classical,13,0.0759420913397046,0.08086464592829884,0.13661897808888065,0.2366087638055864,0.38461538461538464,0.6923076923076923
arctan,independent,5.0,0.3,moment3_tail,13,0.0198859685441885,0.0272183265928703,0.04576862353084539,0.1327224953184813,0.9230769230769231,0.9230769230769231
arctan,independent,5.0,0.3,moment5_tail,13,0.0076340912677977,0.016206799581706552,0.02165522221748304,0.10271906695826663,0.9230769230769231,0.9230769230769231
arctan,independent,5.0,0.3,variance_tail,13,0.0194234072205147,0.030510234506246976,0.05117914223600915,0.1370401843034209,0.8461538461538461,0.9230769230769231
arctan,independent,5.0,0.5,classical,13,0.1726476573660984,0.18919489071389853,0.3184836814173706,0.5283727638948704,0.07692307692307693,0.3076923076923077
arctan,independent,5.0,0.5,moment3_tail,13,0.1175056986017597,0.1557514778234596,0.2696899568309823,0.7435518537688084,0.38461538461538464,0.46153846153846156
arctan,independent,5.0,0.5,moment5_tail,13,0.1164230427926706,0.23849230087886883,0.3334379459409269,1.5124637094131559,0.46153846153846156,0.46153846153846156
arctan,independent,5.0,0.5,variance_tail,13,0.0985029443359495,0.16397115094951767,0.28714290164031886,0.7583301778868006,0.38461538461538464,0.5384615384615384
arctan,independent,5.0,0.7,classical,13,0.284589774647888,0.31618941250324717,0.528056665691209,0.8527106463591835,0.07692307692307693,0.07692307692307693
arctan,independent,5.0,0.7,moment3_tail,13,0.3512591257320198,0.4605801835645082,0.8089512902831411,2.175499035519256,0.15384615384615385,0.3076923076923077
arctan,independent,5.0,0.7,moment5_tail,13,0.6447367801939548,1.3124633670256807,1.878100377777952,8.36334107088009,0.3076923076923077,0.3076923076923077
arctan,independent,5.0,0.7,variance_tail,13,0.286030389622051,0.4772664453447525,0.8486339973477782,2.210540707425859,0.07692307692307693,0.38461538461538464
arctan,independent,5.0,1.0,classical,13,0.4713976965169999,0.5245252997496721,0.865512721379882,1.3641223470572335,0.07692307692307693,0.07692307692307693
arctan,independent,5.0,1.0,moment3_tail,13,1.0611672509517551,1.3912769939769858,2.468347763227691,6.5368001882058175,0.07692307692307693,0.07692307692307693
arctan,independent,5.0,1.0,moment5_tail,13,3.7497901833015295,7.711252832371504,11.204940270434502,49.63563472944584,0.07692307692307693,0.07692307692307693
arctan,independent,5.0,1.0,variance_tail,13,0.8427419884292866,1.4291606494333169,2.56732454443022,6.627883043943989,0.07692307692307693,0.07692307692307693
arctan,independent,5.0,1.4,classical,13,0.7462941377016487,0.8194989400097115,1.334492073449854,2.065492505541491,0.07692307692307693,0.07692307692307693
arctan,independent,5.0,1.4,moment3_tail,13,2.8468122103808,3.8381801704184753,6.848542838303251,18.043660364965465,0.07692307692307693,0.07692307692307693
arctan,independent,5.0,1.4,moment5_tail,13,19.17006411654247,40.26436208267525,58.928993731083374,262.3872692948113,0.07692307692307693,0.07692307692307693
arctan,independent,5.0,1.4,variance_tail,13,2.274693213676916,3.9247221355371265,7.0915434103285975,18.27481353409984,0.07692307692307693,0.07692307692307693
arctan,independent,10.0,0.05,classical,13,0.0016429519371286,0.002161885413361577,0.0037998927157258605,0.007477312369959512,1.0,1.0
arctan,independent,10.0,0.05,moment3_tail,13,8.355676595280579e-06,6.169856846158921e-05,0.00010787499242171901,0.0005267867882841915,1.0,1.0
arctan,independent,10.0,0.05,moment5_tail,13,6.788468079301134e-08,4.49862265394926e-05,2.143369619417585e-06,0.0005118874692481578,1.0,1.0
arctan,independent,10.0,0.05,variance_tail,13,5.5751268287407456e-05,0.0003158488778373848,0.00014885064301476,0.0029620246506939325,1.0,1.0
arctan,independent,10.0,0.1,classical,13,0.0054272074353191,0.007815448628398631,0.014190626664308285,0.029263970541997197,1.0,1.0
arctan,independent,10.0,0.1,moment3_tail,13,0.0001093982726801,0.00026478995226618125,0.0004575421155051002,0.0017835622565856987,1.0,1.0
arctan,independent,10.0,0.1,moment5_tail,13,4.246933201870348e-06,1.7285511934781152e-05,2.039052145806718e-05,0.00014225589703428012,1.0,1.0
arctan,independent,10.0,0.1,variance_tail,13,0.0003373672496928,0.0007046034410523569,0.001772056970580901,0.0037151172307671463,1.0,1.0
arctan,independent,10.0,0.2,classical,13,0.0212266868815743,0.028893501234968835,0.05418736945472736,0.10863306900135736,0.8461538461538461,0.9230769230769231
arctan,independent,10.0,0.2,moment3_tail,13,0.0015956572697295,0.0038473822405370845,0.006787596281727343,0.025407146326479838,1.0,1.0
arctan,independent,10.0,0.2,moment5_tail,13,0.0002406029295107,0.0009397167210468664,0.0011693122697925206,0.007883692179408548,1.0,1.0
arctan,independent,10.0,0.2,variance_tail,13,0.0024442828071114,0.004525542213983217,0.007345120230345783,0.02583803067588883,1.0,1.0
arctan,independent,10.0,0.3,classical,13,0.0461676720822129,0.060550820426722635,0.11426400460995775,0.22202439484957048,0.5384615384615384,0.8461538461538461
arctan,independent,10.0,0.3,moment3_tail,13,0.0071195693137397,0.01711223157403829,0.030977235994758535,0.11117387270563475,0.9230769230769231,0.9230769230769231
arctan,independent,10.0,0.3,moment5_tail,13,0.002349954206719,0.00891161423312721,0.011693345500417866,0.07523539968842735,0.9230769230769231,1.0
arctan,independent,10.0,0.3,variance_tail,13,0.0055413684747513,0.018153481070923547,0.032304352757655475,0.11224033573960422,0.9230769230769231,0.9230769230769231
arctan,independent,10.0,0.5,classical,13,0.1173831271404663,0.14485817212152283,0.27311995018976576,0.504205910065474,0.15384615384615385,0.46153846153846156
arctan,independent,10.0,0.5,moment3_tail,13,0.0413604656674665,0.10145603322022871,0.18939414906483032,0.6393564286118302,0.5384615384615384,0.8461538461538461
arctan,independent,10.0,0.5,moment5_tail,13,0.0349547734728347,0.1368007543700449,0.18854203141060355,1.141087014369933,0.6923076923076923,0.8461538461538461
arctan,independent,10.0,0.5,variance_tail,13,0.0353670424625792,0.10374724788862301,0.19361425271952937,0.642990557676202,0.5384615384615384,0.8461538461538461
arctan,independent,10.0,0.7,classical,13,0.2082734244675891,0.24596093862256935,0.46096796042250215,0.8220601540208389,0.07692307692307693,0.15384615384615385
arctan,independent,10.0,0.7,moment3_tail,13,0.1208811520822889,0.3070727884747391,0.5823527304117813,1.8997527149619882,0.38461538461538464,0.38461538461538464
arctan,independent,10.0,0.7,moment5_tail,13,0.1875139053928879,0.7728272156570621,1.090468802841903,6.416294588066593,0.38461538461538464,0.46153846153846156
arctan,independent,10.0,0.7,variance_tail,13,0.1154656734321005,0.31139123817709424,0.5918604704466601,1.9083612018466827,0.38461538461538464,0.38461538461538464
arctan,independent,10.0,1.0,classical,13,0.3663859662739552,0.414497529295384,0.7687285621278759,1.3268367022174015,0.07692307692307693,0.07692307692307693
arctan,independent,10.0,1.0,moment3_tail,13,0.3810484167103345,0.9469407042362256,1.8175942350450094,5.783042644347625,0.07692307692307693,0.15384615384615385
arctan,independent,10.0,1.0,moment5_tail,13,1.0394355988705997,4.647820906511101,6.655948621870163,38.599593257822725,0.15384615384615385,0.3076923076923077
arctan,independent,10.0,1.0,variance_tail,13,0.3807525560007834,0.9565938708116971,1.8411300969853646,5.8054312168792,0.07692307692307693,0.15384615384615385
arctan,independent,10.0,1.4,classical,13,0.5861983855835488,0.6553709874887199,1.201533244449629,2.0219552646624264,0.07692307692307693,0.07692307692307693
arctan,independent,10.0,1.4,moment3_tail,13,1.1153683345946417,2.6511692050730256,5.126987034497679,16.107389736078805,0.07692307692307693,0.07692307692307693
arctan,independent,10.0,1.4,moment5_tail,13,5.02708455515815,24.68000062820819,35.557742677773234,205.8917226031933,0.07692307692307693,0.07692307692307693
arctan,independent,10.0,1.4,variance_tail,13,1.1146874383169514,2.672990959592023,5.184504328600516,16.164291638090116,0.07692307692307693,0.07692307692307693
arctan,independent,20.0,0.05,classical,13,0.0011285464215192,0.0016833549594078383,0.003229049016522141,0.007106677731848892,1.0,1.0
arctan,independent,20.0,0.05,moment3_tail,13,3.897659989129158e-06,0.00016339169264203756,9.353806063893864e-05,0.001738929053285594,1.0,1.0
arctan,independent,20.0,0.05,moment5_tail,13,1.929362563287452e-08,0.00015102937266875432,1.6628731088425105e-06,0.0017259047348647245,1.0,1.0
arctan,independent,20.0,0.05,variance_tail,13,1.3974422283593188e-05,0.00017341798939884997,0.00010030920941080931,0.0017410618142425223,1.0,1.0
arctan,independent,20.0,0.1,classical,13,0.0044451933561297,0.006207639550610138,0.012474630886862906,0.027884432861405854,1.0,1.0
arctan,independent,20.0,0.1,moment3_tail,13,6.158322030400755e-05,0.0003462580957892649,0.0014532035809228009,0.0019273039993420956,1.0,1.0
arctan,independent,20.0,0.1,moment5_tail,13,1.2163493704574442e-06,0.000161891525735058,0.00010259188095054417,0.0017362856279384302,1.0,1.0
arctan,independent,20.0,0.1,variance_tail,13,0.0001294296603549,0.0003803078844546442,0.001479143363210021,0.0019358961104211998,1.0,1.0
arctan,independent,20.0,0.2,classical,13,0.0173106385991576,0.023445596149624437,0.04803820499324582,0.10429460078645308,0.8461538461538461,0.9230769230769231
arctan,independent,20.0,0.2,moment3_tail,13,0.0009398711687816,0.0030967222900221253,0.005406069229773382,0.02250975094853376,1.0,1.0
arctan,independent,20.0,0.2,moment5_tail,13,7.35877488371787e-05,0.0008745722537093945,0.0025110083826239814,0.006531074009733736,1.0,1.0
arctan,independent,20.0,0.2,variance_tail,13,0.0012458396456563,0.0031958281542019853,0.0055283650854256825,0.022617045690200226,1.0,1.0
arctan,independent,20.0,0.3,classical,13,0.0374123738143995,0.04953287110254951,0.10234577280602779,0.2147770635680618,0.6923076923076923,0.8461538461538461
arctan,independent,20.0,0.3,moment3_tail,13,0.0034246791037033,0.013202026793191478,0.023851185436073733,0.09986449421756718,0.9230769230769231,0.9230769230769231
arctan,independent,20.0,0.3,moment5_tail,13,0.000771843298769,0.006596964748332522,0.007807103916490124,0.06110165086532518,0.9230769230769231,1.0
arctan,independent,20.0,0.3,variance_tail,13,0.0034205625159799,0.01338717291728577,0.024179573497150653,0.10012949372443387,0.9230769230769231,0.9230769230769231
arctan,independent,20.0,0.5,classical,13,0.0936469043348129,0.12033463126685098,0.24928193307113802,0.49304885163962603,0.38461538461538464,0.5384615384615384
arctan,independent,20.0,0.5,moment3_tail,13,0.023599167881857,0.07883668385383004,0.1504379639361801,0.5856449648191648,0.8461538461538461,0.8461538461538461
arctan,independent,20.0,0.5,moment5_tail,13,0.0078951689061682,0.10076538295880191,0.1264896076186431,0.9503297733817514,0.8461538461538461,0.8461538461538461
arctan,independent,20.0,0.5,variance_tail,13,0.0235864384328354,0.07932935400190108,0.1514743419138015,0.5865464726281218,0.8461538461538461,0.8461538461538461
arctan,independent,20.0,0.7,classical,13,0.1634559646843185,0.206740732717956,0.426721583123444,0.8088964126701405,0.15384615384615385,0.46153846153846156
arctan,independent,20.0,0.7,moment3_tail,13,0.0795942531223764,0.2415875444608388,0.4729065213525827,1.7596575809864494,0.46153846153846156,0.6923076923076923
arctan,independent,20.0,0.7,moment5_tail,13,0.0503497954124824,0.577897707665602,0.751072081124687,5.418332353115894,0.46153846153846156,0.6923076923076923
arctan,independent,20.0,0.7,variance_tail,13,0.079566724433678,0.2426105414512597,0.475231276345791,1.7617932481010663,0.46153846153846156,0.6153846153846154
arctan,independent,20.0,1.0,classical,13,0.2811044984087501,0.3532908735692702,0.7218743724460227,1.3122657845006713,0.07692307692307693,0.15384615384615385
arctan,independent,20.0,1.0,moment3_tail,13,0.2723431642225091,0.7565669116285594,1.507264561805696,5.404941150004821,0.23076923076923078,0.38461538461538464
arctan,independent,20.0,1.0,moment5_tail,13,0.3355312081268143,3.5316447965701245,4.695616857788895,32.94972797974526,0.38461538461538464,0.38461538461538464
arctan,independent,20.0,1.0,variance_tail,13,0.2722783011940451,0.7589140094232255,1.5130030130515122,5.410500593134758,0.23076923076923078,0.38461538461538464
arctan,independent,20.0,1.4,classical,13,0.4484313652516067,0.565006925334189,1.1412452205142816,2.006602711111935,0.07692307692307693,0.07692307692307693
arctan,independent,20.0,1.4,moment3_tail,13,0.8149445938393767,2.1445236931641682,4.319297804425074,15.143085146848428,0.07692307692307693,0.15384615384615385
arctan,independent,20.0,1.4,moment5_tail,13,1.8978734208622337,18.98674102500738,25.52351117063563,176.9490076070087,0.15384615384615385,0.15384615384615385
arctan,independent,20.0,1.4,variance_tail,13,0.8233781671005957,2.1499085552573787,4.333309061937173,15.15723174852629,0.07692307692307693,0.15384615384615385
arctan,independent,inf,0.05,classical,13,0.0005612561355575,0.0011536007022968568,0.0027259504490397017,0.006724514984075904,1.0,1.0
arctan,independent,inf,0.05,moment3_tail,13,5.92840199507377e-07,9.079761860910004e-06,1.4770447900707642e-05,8.478632138149429e-05,1.0,1.0
arctan,independent,inf,0.05,moment5_tail,13,7.29219642503728e-10,1.223383483478556e-07,9.857765748804457e-08,1.2969242324221604e-06,1.0,1.0
arctan,independent,inf,0.05,variance_tail,13,5.92840199507377e-07,9.079761860909956e-06,1.4770447900707642e-05,8.478632138149429e-05,1.0,1.0
arctan,independent,inf,0.1,classical,13,0.0022398869089418,0.004567789612752069,0.010826556665111566,0.026466376127016508,1.0,1.0
arctan,independent,inf,0.1,moment3_tail,13,9.466856927403383e-06,0.00014229936084842308,0.00023386206042706918,0.001325106678110935,1.0,1.0
arctan,independent,inf,0.1,moment5_tail,13,4.656340058060636e-08,7.625822575277095e-06,6.231485794074291e-06,8.074703906912984e-05,1.0,1.0
arctan,independent,inf,0.1,variance_tail,13,9.466856927403383e-06,0.00014229936084840677,0.00023386206042706918,0.001325106678110935,1.0,1.0
arctan,independent,inf,0.2,classical,13,0.0088788763195084,0.01761537955744856,0.042152556892328344,0.0999016271159631,0.9230769230769231,0.9230769230769231
arctan,independent,inf,0.2,moment3_tail,13,0.0001502982659965,0.0021147343334722247,0.0035961206431246824,0.01950108889345925,1.0,1.0
arctan,independent,inf,0.2,moment5_tail,13,2.953201727578503e-06,0.00044446465218825885,0.0003806219595372354,0.004686973725628943,1.0,1.0
arctan,independent,inf,0.2,variance_tail,13,0.0001502982659963,0.002114734333472217,0.0035961206431246824,0.01950108889345925,1.0,1.0
arctan,independent,inf,0.3,classical,13,0.01968658715928,0.03768184776368965,0.0910628599210943,0.2076228156591165,0.8461538461538461,0.8461538461538461
arctan,independent,inf,0.3,moment3_tail,13,0.0007513132416307,0.00968478390843096,0.017154192334514873,0.08816162377850259,0.9230769230769231,1.0
arctan,independent,inf,0.3,moment5_tail,13,3.3146356838037963e-05,0.004464891219368079,0.0040439826645451435,0.046834689845496345,0.9230769230769231,1.0
arctan,independent,inf,0.3,variance_tail,13,0.0007513132416307,0.009684783908430975,0.017154192334514873,0.08816162377850277,0.9230769230769231,1.0
arctan,independent,inf,0.5,classical,13,0.0523370032851811,0.09323190577928543,0.2276979171286624,0.48267511906673033,0.46153846153846156,0.8461538461538461
arctan,independent,inf,0.5,moment3_tail,13,0.0055790196023432,0.05988180271288172,0.1137177534352518,0.530747829549767,0.8461538461538461,0.8461538461538461
arctan,independent,inf,0.5,moment5_tail,13,0.0006794632282629,0.07290124410981232,0.07269116991751681,0.7568854875609228,0.8461538461538461,0.9230769230769231
arctan,independent,inf,0.5,variance_tail,13,0.0055790196023429,0.05988180271288172,0.1137177534352517,0.5307478295497672,0.8461538461538461,0.8461538461538461
arctan,independent,inf,0.7,classical,13,0.0967380098310465,0.1628741844828258,0.39730295943667115,0.797292178372654,0.3076923076923077,0.5384615384615384
arctan,independent,inf,0.7,moment3_tail,13,0.0203408999538617,0.18664431323592406,0.370600457049317,1.617712240032167,0.7692307692307693,0.8461538461538461
arctan,independent,inf,0.7,moment5_tail,13,0.0048156505939748,0.42757443263424244,0.4536100954269083,4.405006071508783,0.8461538461538461,0.8461538461538461
arctan,independent,inf,0.7,variance_tail,13,0.0203408999538614,0.1866443132359241,0.37060045704931666,1.6177122400321677,0.7692307692307693,0.8461538461538461
arctan,independent,inf,1.0,classical,13,0.1779129225554189,0.28392443120029476,0.684324529384684,1.3001873154062629,0.3076923076923077,0.3076923076923077
arctan,independent,inf,1.0,moment3_tail,13,0.0770294164035477,0.5938332784013514,1.221836377558629,5.023850510000724,0.46153846153846156,0.6153846153846154
arctan,independent,inf,1.0,moment5_tail,13,0.0366895076496154,2.6597563827657775,2.9670483918151316,27.20218771860626,0.5384615384615384,0.6923076923076923
arctan,independent,inf,1.0,variance_tail,13,0.0770294164035471,0.5938332784013514,1.221836377558628,5.023850510000724,0.46153846153846156,0.6153846153846154
arctan,independent,inf,1.4,classical,13,0.3004136946194323,0.4639617004838491,1.0964791916569085,1.99459194920356,0.23076923076923078,0.3076923076923077
arctan,independent,inf,1.4,moment3_tail,13,0.2571336336221741,1.7090582961311824,3.588848454116331,14.171693692769058,0.3076923076923077,0.46153846153846156
arctan,independent,inf,1.4,moment5_tail,13,0.2354349876695965,14.488446548519427,16.645775589410064,147.43123892628893,0.46153846153846156,0.46153846153846156
arctan,independent,inf,1.4,variance_tail,13,0.2571336336221723,1.7090582961311822,3.588848454116328,14.17169369276906,0.3076923076923077,0.46153846153846156
fermi,common,1.0,0.05,classical,13,0.0019586641172408,0.0031123503769841005,0.0057758095532473,0.013133487918867969,1.0,1.0
fermi,common,1.0,0.05,moment3_tail,13,4.750564359924589e-06,1.8400994217406346e-05,3.977885819281616e-05,9.567626079362015e-05,1.0,1.0
fermi,common,1.0,0.05,moment5_tail,13,9.344009116068545e-09,1.238777317441532e-07,2.9930651440580894e-07,7.266539075266922e-07,1.0,1.0
fermi,common,1.0,0.05,variance_tail,13,0.0021843155188975,0.0029076880690936074,0.006454024252618102,0.011394599041540424,1.0,1.0
fermi,common,1.0,0.1,classical,13,0.0078373075982767,0.012498003527971238,0.023053921111794363,0.053536953559983905,0.9230769230769231,1.0
fermi,common,1.0,0.1,moment3_tail,13,7.519490051241923e-05,0.00029582708688244647,0.00063250901451684,0.001558566990530755,1.0,1.0
fermi,common,1.0,0.1,moment5_tail,13,5.917328177064763e-07,7.971492413917679e-06,1.9027635976169476e-05,4.733586456958307e-05,1.0,1.0
fermi,common,1.0,0.1,variance_tail,13,0.0090054227189943,0.01169511069729019,0.025679938397964747,0.046246935334246744,1.0,1.0
fermi,common,1.0,0.2,classical,13,0.0306127944305845,0.050969276662203446,0.0914700775677505,0.23206091626250935,0.6153846153846154,0.9230769230769231
fermi,common,1.0,0.2,moment3_tail,13,0.0011536886789237,0.004846156782761394,0.00988156992886734,0.0269259861126832,1.0,1.0
fermi,common,1.0,0.2,moment5_tail,13,3.634456329090327e-05,0.0005239518515786076,0.0011868344937274401,0.0032675952465457416,1.0,1.0
fermi,common,1.0,0.2,variance_tail,13,0.0402754437299498,0.04800903103463184,0.10084627109602831,0.19702333460278715,0.6153846153846154,0.8461538461538461
fermi,common,1.0,0.3,classical,13,0.063992463281457,0.1202925338405727,0.2032966134289666,0.6086282495758053,0.38461538461538464,0.6153846153846154
fermi,common,1.0,0.3,moment3_tail,13,0.0054664391960775,0.025983076394151348,0.04824245027237074,0.15804967742407613,0.8461538461538461,0.9230769230769231
fermi,common,1.0,0.3,moment5_tail,13,0.0003879855080385,0.006363111093383042,0.012997553479810603,0.04308059498950134,1.0,1.0
fermi,common,1.0,0.3,variance_tail,13,0.1062807758479317,0.11454490384303727,0.22189561111326347,0.5021626539005257,0.46153846153846156,0.46153846153846156
fermi,common,1.0,0.5,classical,13,0.1453408496178106,0.49400040611805063,0.5464895630937485,3.6216407194611953,0.3076923076923077,0.38461538461538464
fermi,common,1.0,0.5,moment3_tail,13,0.0359405984040717,0.31125801879420434,0.3455540550754987,2.5802759532688246,0.5384615384615384,0.6153846153846154
fermi,common,1.0,0.5,moment5_tail,13,0.0069345385008107,0.21972420891038397,0.2515338657944128,1.9442942568508939,0.6153846153846154,0.6923076923076923
fermi,common,1.0,0.5,variance_tail,13,0.2749766310820434,0.4700513899507486,0.6581513911168505,2.728112616493745,0.3076923076923077,0.38461538461538464
fermi,common,1.0,0.7,classical,13,0.2835397475641948,0.8286497068816654,1.0496821106106977,5.710163513505814,0.23076923076923078,0.3076923076923077
fermi,common,1.0,0.7,moment3_tail,13,0.1393959697611541,0.987935482417359,1.2510774485672906,7.869119185300575,0.3076923076923077,0.38461538461538464
fermi,common,1.0,0.7,moment5_tail,13,0.0499906451135613,1.3439852059143929,1.69728847033262,11.552063807575456,0.5384615384615384,0.5384615384615384
fermi,common,1.0,0.7,variance_tail,13,0.7073340901742624,0.9268327852527682,1.9095854681080568,3.963402789855354,0.07692307692307693,0.23076923076923078
fermi,common,1.0,1.0,classical,13,0.5605695989477839,0.8722782695885948,2.055255735958512,2.894731146358703,0.07692307692307693,0.23076923076923078
fermi,common,1.0,1.0,moment3_tail,13,0.4289570615563118,1.798387627502616,4.759672608077664,7.954642118201946,0.23076923076923078,0.23076923076923078
fermi,common,1.0,1.0,moment5_tail,13,0.4332797090302839,4.513526494226106,12.808759059536476,23.608448479125702,0.3076923076923077,0.38461538461538464
fermi,common,1.0,1.0,variance_tail,13,1.60050261219885,1.9492875814452684,3.6490685141010766,6.997347339991632,0.07692307692307693,0.07692307692307693
fermi,common,1.0,1.4,classical,13,1.0192623781807613,1.3133301390687508,3.2368039955707117,3.64120180833972,0.07692307692307693,0.07692307692307693
fermi,common,1.0,1.4,moment3_tail,13,1.2386871682926486,4.823890975236411,14.948546315938628,16.517651049257253,0.23076923076923078,0.23076923076923078
fermi,common,1.0,1.4,moment5_tail,13,3.3967088116979767,22.426791746981753,70.76750551644534,90.71786617070971,0.23076923076923078,0.23076923076923078
fermi,common,1.0,1.4,variance_tail,13,2.3541015632194315,5.610504932456075,11.47150969224985,22.978776988366096,0.07692307692307693,0.07692307692307693
fermi,common,2.0,0.05,classical,13,0.0016710793617864,0.0016214537298439768,0.0033117350279464,0.004020648689980767,1.0,1.0
fermi,common,2.0,0.05,moment3_tail,13,1.3842324211965688e-06,5.26980526280577e-06,1.4161107891169962e-05,1.5045631457873275e-05,1.0,1.0
fermi,common,2.0,0.05,moment5_tail,13,8.187196501295834e-09,2.474743693022851e-08,7.087511773392536e-08,7.943707353522548e-08,1.0,1.0
fermi,common,2.0,0.05,variance_tail,13,0.0005551758714527,0.000727823785218207,0.0016193329962822605,0.002835089405728391,1.0,1.0
fermi,common,2.0,0.1,classical,13,0.0067043159224834,0.0064757590060244155,0.01320251684066416,0.0161059950171619,1.0,1.0
fermi,common,2.0,0.1,moment3_tail,13,2.2103312220347038e-05,8.396539722294952e-05,0.00022604801480650004,0.00024003490949433198,1.0,1.0
fermi,common,2.0,0.1,moment5_tail,13,5.242594548688233e-07,1.5715601933852427e-06,4.509030304760288e-06,5.019467470478825e-06,1.0,1.0
fermi,common,2.0,0.1,variance_tail,13,0.0023964779322393,0.0029377964310178767,0.0065125223683208215,0.011341078497552386,1.0,1.0
fermi,common,2.0,0.2,classical,13,0.0271178070759021,0.0257565902820012,0.05210481856040202,0.06485717984136014,0.7692307692307693,1.0
fermi,common,2.0,0.2,moment3_tail,13,0.0003508663818377,0.001322839912147663,0.0035891741645342804,0.003796881203400296,1.0,1.0
fermi,common,2.0,0.2,moment5_tail,13,3.165915528251e-05,9.771322695343383e-05,0.00028253399052596004,0.000306248854486176,1.0,1.0
fermi,common,2.0,0.2,variance_tail,13,0.0123638151337545,0.012197115204550146,0.02665200183599837,0.045450916815498274,1.0,1.0
fermi,common,2.0,0.3,classical,13,0.0620087065122676,0.05750154376242669,0.11463990372648121,0.14797249806078847,0.46153846153846156,0.7692307692307693
fermi,common,2.0,0.3,moment3_tail,13,0.0018156976036009,0.0065507463078643465,0.018031663295512902,0.01886643491143199,1.0,1.0
fermi,common,2.0,0.3,moment5_tail,13,0.0003239005511395,0.0010676671513671714,0.0031317773418052604,0.0032534991170470036,1.0,1.0
fermi,common,2.0,0.3,variance_tail,13,0.0308352662337071,0.029370384434882317,0.06371753315742916,0.10311373832865428,0.8461538461538461,0.9230769230769231
fermi,common,2.0,0.5,classical,13,0.16890002263827,0.15736917863680414,0.2985500933430184,0.43744174635775546,0.3076923076923077,0.46153846153846156
fermi,common,2.0,0.5,moment3_tail,13,0.0178783637134341,0.04808767541326094,0.13321075485637995,0.14386267225783472,0.6923076923076923,0.7692307692307693
fermi,common,2.0,0.5,moment5_tail,13,0.0051003068213444,0.02079175794301636,0.05938808809437258,0.06485808442890366,0.7692307692307693,1.0
fermi,common,2.0,0.5,variance_tail,13,0.0826193445059768,0.10578367942097848,0.22266728636290337,0.30330654006066465,0.38461538461538464,0.5384615384615384
fermi,common,2.0,0.7,classical,13,0.3265639362261214,0.30767445432755725,0.5437010740745951,0.9709330232837593,0.3076923076923077,0.3076923076923077
fermi,common,2.0,0.7,moment3_tail,13,0.0825115741150772,0.1774550221233491,0.4656502229869379,0.5879611924559354,0.46153846153846156,0.5384615384615384
fermi,common,2.0,0.7,moment5_tail,13,0.0257305896532852,0.14398753865388794,0.40068457712014144,0.49779032936665607,0.5384615384615384,0.6153846153846154
fermi,common,2.0,0.7,variance_tail,13,0.2196585056433331,0.27832884545154973,0.6460257289167388,0.695728550198356,0.3076923076923077,0.38461538461538464
fermi,common,2.0,1.0,classical,13,0.6679808640856503,0.6402164737614662,0.9699274146053412,2.4928981336514044,0.15384615384615385,0.3076923076923077
fermi,common,2.0,1.0,moment3_tail,13,0.4095528796724798,0.7117131287920023,1.6150480480918559,2.8318653417755804,0.23076923076923078,0.38461538461538464
fermi,common,2.0,1.0,moment5_tail,13,0.1165222322658911,1.1180288500451125,2.821043486460156,4.652254266111472,0.23076923076923078,0.38461538461538464
fermi,common,2.0,1.0,variance_tail,13,0.6156397375393533,0.8524664734855242,1.9952222246229452,2.076192247908557,0.23076923076923078,0.23076923076923078
fermi,common,2.0,1.4,classical,13,1.2502870601542653,1.0336254341353606,1.63660763856754,3.1567598067048905,0.07692307692307693,0.15384615384615385
fermi,common,2.0,1.4,moment3_tail,13,1.8054769779947508,2.1016166263111478,4.960022917298312,6.61637731825216,0.23076923076923078,0.23076923076923078
fermi,common,2.0,1.4,moment5_tail,13,0.77046109337172,6.069438816006329,16.24737148501354,20.319937745330986,0.23076923076923078,0.3076923076923077
fermi,common,2.0,1.4,variance_tail,13,1.9625752251683888,2.3693627874101577,5.661636069297425,6.109013430306643,0.07692307692307693,0.23076923076923078
fermi,common,3.0,0.05,classical,13,0.0011730555837155,0.0011881914795449692,0.00236621943825368,0.0028182250887596435,1.0,1.0
fermi,common,3.0,0.05,moment3_tail,13,2.0704386563719734e-06,3.242707299283582e-06,8.601083080695577e-06,1.0918384428889802e-05,1.0,1.0
fermi,common,3.0,0.05,moment5_tail,13,3.555264212633493e-09,1.167199578788706e-08,3.63990961558759e-08,4.410158071734229e-08,1.0,1.0
fermi,common,3.0,0.05,variance_tail,13,0.0002520519837936,0.0003243440204512441,0.0007216928079461001,0.0012594174777440434,1.0,1.0
fermi,common,3.0,0.1,classical,13,0.0046846158147152,0.00477930230275333,0.009431984850285041,0.011237771482353547,1.0,1.0
fermi,common,3.0,0.1,moment3_tail,13,4.707121091698485e-05,8.94066377349811e-05,0.00017159184047588002,0.0004531082704254277,1.0,1.0
fermi,common,3.0,0.1,moment5_tail,13,4.211217591427777e-07,3.8485230252761236e-05,2.777633017876038e-06,0.0004321194572324576,1.0,1.0
fermi,common,3.0,0.1,variance_tail,13,0.0011496289411792,0.001357188123404777,0.002926056370956141,0.005030280774360774,1.0,1.0
fermi,common,3.0,0.2,classical,13,0.0186239672404202,0.01883153971746233,0.03722194390348994,0.04440269284882462,1.0,1.0
fermi,common,3.0,0.2,moment3_tail,13,0.0005159847772673,0.0008509892408825946,0.0021423346629668603,0.0027457277575302316,1.0,1.0
fermi,common,3.0,0.2,moment5_tail,13,2.588351196327978e-05,8.423519180312157e-05,0.00017513783058244003,0.0004534626174005237,1.0,1.0
fermi,common,3.0,0.2,variance_tail,13,0.0062504307402004,0.005672820672454854,0.012337185187250764,0.02002286481395041,1.0,1.0
fermi,common,3.0,0.3,classical,13,0.0415227419559194,0.04172577994369552,0.08200195580668884,0.09795273095455269,0.5384615384615384,1.0
fermi,common,3.0,0.3,moment3_tail,13,0.0025321799134292,0.00405205963727803,0.010480014946877203,0.013585368850738657,1.0,1.0
fermi,common,3.0,0.3,moment5_tail,13,0.0002777818958285,0.0005499263878863228,0.0015865522962585402,0.001974005323728568,1.0,1.0
fermi,common,3.0,0.3,variance_tail,13,0.0140636224865831,0.014205719913828062,0.031376599347561804,0.04482412115580886,1.0,1.0
fermi,common,3.0,0.5,classical,13,0.1127028937630945,0.11139295224600694,0.21512337690267438,0.256794630923865,0.3076923076923077,0.46153846153846156
fermi,common,3.0,0.5,moment3_tail,13,0.0181121869434058,0.02894452699654765,0.0734562418479498,0.09798502095811186,0.8461538461538461,0.9230769230769231
fermi,common,3.0,0.5,moment5_tail,13,0.0042135914592729,0.010087211931950267,0.030651372891968086,0.0394962774689874,1.0,1.0
fermi,common,3.0,0.5,variance_tail,13,0.0391697904005956,0.05501270317138591,0.1244226089491558,0.1302268724972314,0.5384615384615384,0.6923076923076923
fermi,common,3.0,0.7,classical,13,0.2154817208732542,0.20857628477401893,0.4160460583392181,0.47124391131505977,0.3076923076923077,0.3076923076923077
fermi,common,3.0,0.7,moment3_tail,13,0.0644758182931902,0.10239263420738563,0.2531526784212975,0.34488805718761767,0.46153846153846156,0.5384615384615384
fermi,common,3.0,0.7,moment5_tail,13,0.0333267327270949,0.06845695372833921,0.20389880917824177,0.27196141475560986,0.6153846153846154,0.6923076923076923
fermi,common,3.0,0.7,variance_tail,13,0.114709812340176,0.14967651921178937,0.33919162815973886,0.41511091917324044,0.38461538461538464,0.46153846153846156
fermi,common,3.0,1.0,classical,13,0.4245722105003751,0.399561126252327,0.8296065529243771,0.9360603978528411,0.07692307692307693,0.3076923076923077
fermi,common,3.0,1.0,moment3_tail,13,0.2435294492526363,0.3774104985493892,0.9065210473753741,1.2396791168406296,0.3076923076923077,0.46153846153846156
fermi,common,3.0,1.0,moment5_tail,13,0.2343032360455371,0.5019242695771676,1.4350246500103025,1.9879289750536435,0.46153846153846156,0.46153846153846156
fermi,common,3.0,1.0,variance_tail,13,0.3223528280465639,0.4623851199351795,1.0914664814321307,1.4195627664386012,0.23076923076923078,0.3076923076923077
fermi,common,3.0,1.4,classical,13,0.7981227451362805,0.7512072752411095,1.3872714341963934,2.2949199298014684,0.07692307692307693,0.07692307692307693
fermi,common,3.0,1.4,moment3_tail,13,0.8469107110620081,1.2804395677069509,3.159951475008445,3.9470753641532106,0.23076923076923078,0.3076923076923077
fermi,common,3.0,1.4,moment5_tail,13,1.4587077603029133,3.244572072288768,9.156058680312853,12.266651735605235,0.23076923076923078,0.3076923076923077
fermi,common,3.0,1.4,variance_tail,13,0.98201181421963,1.39414151453634,3.2814813456701515,4.383247642241054,0.07692307692307693,0.23076923076923078
fermi,common,5.0,0.05,classical,13,0.0008586443133426,0.0009076219260002923,0.00157186111381568,0.0023968719032283633,1.0,1.0
fermi,common,5.0,0.05,moment3_tail,13,1.6200510100811503e-06,3.0174583296265146e-05,7.960447041782563e-06,0.0003248919778600578,1.0,1.0
fermi,common,5.0,0.05,moment5_tail,13,4.0020347954861775e-09,2.83126608090406e-05,3.0074272583097794e-08,0.00032383562871082013,1.0,1.0
fermi,common,5.0,0.05,variance_tail,13,0.0001036858168803,0.00018345713461457783,0.00043785928150410016,0.0008128134131838836,1.0,1.0
fermi,common,5.0,0.1,classical,13,0.0030069983513308,0.003452785199641123,0.006267456845511021,0.009558042903789908,1.0,1.0
fermi,common,5.0,0.1,moment3_tail,13,2.58098624163652e-05,8.637752559348299e-05,0.00012684834761482157,0.0006645631021124554,1.0,1.0
fermi,common,5.0,0.1,moment5_tail,13,2.546379674251248e-07,5.6977241668343445e-05,1.9160960248338253e-06,0.0006479218053192789,1.0,1.0
fermi,common,5.0,0.1,variance_tail,13,0.0004901951653913,0.0005796114730644716,0.00121321780901408,0.0018191206953976154,1.0,1.0
fermi,common,5.0,0.2,classical,13,0.0119686527099513,0.013424976111208799,0.0247611760681272,0.03777531922688824,1.0,1.0
fermi,common,5.0,0.2,moment3_tail,13,0.000406155965029,0.0005444027466787109,0.0010855167011086602,0.002086088290298563,1.0,1.0
fermi,common,5.0,0.2,moment5_tail,13,1.593206556413929e-05,9.829305012739807e-05,0.00012049187450294987,0.0008798292066170511,1.0,1.0
fermi,common,5.0,0.2,variance_tail,13,0.0022726339865444,0.0023038946438706845,0.004819838098596122,0.0072083844478791495,1.0,1.0
fermi,common,5.0,0.3,classical,13,0.026715562296952,0.029597248200903738,0.05463576487123628,0.0833860302616229,0.7692307692307693,1.0
fermi,common,5.0,0.3,moment3_tail,13,0.0011188167722254,0.002354556004682052,0.005111292076719821,0.010301216850501494,1.0,1.0
fermi,common,5.0,0.3,moment5_tail,13,0.0001751762873566,0.0002897877557803722,0.0006230013819602801,0.0014026365197673711,1.0,1.0
fermi,common,5.0,0.3,variance_tail,13,0.0051740428939118,0.006040079176508969,0.014122697986926521,0.016254310442336148,1.0,1.0
fermi,common,5.0,0.5,classical,13,0.0724752240504491,0.07883232732073932,0.14365764873634718,0.2193041438676414,0.46153846153846156,0.6153846153846154
fermi,common,5.0,0.5,moment3_tail,13,0.0082911715903432,0.016787688856483577,0.03632645039681755,0.07404683533461054,0.9230769230769231,1.0
fermi,common,5.0,0.5,moment5_tail,13,0.0012315966304455,0.005060296883216274,0.011426145706166305,0.027813953178212964,1.0,1.0
fermi,common,5.0,0.5,variance_tail,13,0.0152487118079337,0.026226233741367302,0.05085747577702402,0.08491872671035354,0.8461538461538461,1.0
fermi,common,5.0,0.7,classical,13,0.1376587532068094,0.14658888988670327,0.2632373003500587,0.4013879281474934,0.3076923076923077,0.46153846153846156
fermi,common,5.0,0.7,moment3_tail,13,0.0302622639715332,0.058968981163701334,0.1264207546131021,0.2605260949290661,0.5384615384615384,0.7692307692307693
fermi,common,5.0,0.7,moment5_tail,13,0.0085659262654646,0.03378450846674448,0.07586785151959617,0.19025170530581847,0.8461538461538461,0.9230769230769231
fermi,common,5.0,0.7,variance_tail,13,0.0500051053228724,0.07613885557003658,0.15363473463505814,0.28465369664508555,0.46153846153846156,0.6923076923076923
fermi,common,5.0,1.0,classical,13,0.2657249988851018,0.2752021698069831,0.4819239769691141,0.731752097646647,0.07692307692307693,0.3076923076923077
fermi,common,5.0,1.0,moment3_tail,13,0.1155249094810215,0.2147635301183009,0.4508955406067796,0.9410246079548196,0.46153846153846156,0.46153846153846156
fermi,common,5.0,1.0,moment5_tail,13,0.064408228325095,0.24490426401778975,0.5372355361991908,1.3858064088391184,0.46153846153846156,0.5384615384615384
fermi,common,5.0,1.0,variance_tail,13,0.1488360588176889,0.24710521814446199,0.5133727375843085,1.0018238083498663,0.3076923076923077,0.46153846153846156
fermi,common,5.0,1.4,classical,13,0.4812543674613344,0.48379056655353253,0.8253295258352179,1.235050949993376,0.07692307692307693,0.07692307692307693
fermi,common,5.0,1.4,moment3_tail,13,0.3931775136283103,0.6942055292909034,1.425188785702628,3.003617960829324,0.3076923076923077,0.3076923076923077
fermi,common,5.0,1.4,moment5_tail,13,0.4153031330613191,1.5092111164989,3.2354985569158985,8.55858415581889,0.3076923076923077,0.38461538461538464
fermi,common,5.0,1.4,variance_tail,13,0.4387789529289864,0.7551952419764246,1.5756811935658506,3.1572380035804737,0.23076923076923078,0.23076923076923078
fermi,common,10.0,0.05,classical,13,0.0004508492051281,0.0007749884404426461,0.0019738938666199407,0.0025857706613164715,1.0,1.0
fermi,common,10.0,0.05,moment3_tail,13,3.7062641733484653e-07,2.96047734345851e-05,5.6621046457653216e-06,0.00032799555108315804,1.0,1.0
fermi,common,10.0,0.05,moment5_tail,13,5.340733585645973e-10,2.8604400841515825e-05,1.8376727633603202e-08,0.00032720746458851755,1.0,1.0
fermi,common,10.0,0.05,variance_tail,13,2.8255770696305256e-05,0.00023300221557499517,0.000109534241643977,0.0023384674960401372,1.0,1.0
fermi,common,10.0,0.1,classical,13,0.0016129166000359,0.002388724898477608,0.00441352657236696,0.008205298166580324,1.0,1.0
fermi,common,10.0,0.1,moment3_tail,13,5.911865239868893e-06,8.499512305380461e-05,9.028824340427756e-05,0.0008019475728753752,1.0,1.0
fermi,common,10.0,0.1,moment5_tail,13,3.4034363385304785e-08,6.916271113605643e-05,1.1713973249579675e-06,0.0007895078796306945,1.0,1.0
fermi,common,10.0,0.1,variance_tail,13,0.0001413204261536,0.0002346844697778456,0.00043906582405438016,0.001264614664887239,1.0,1.0
fermi,common,10.0,0.2,classical,13,0.0064155078173645,0.00920711112998613,0.017532643224081844,0.03250850848871293,1.0,1.0
fermi,common,10.0,0.2,moment3_tail,13,9.345818578157187e-05,0.00028821194985967173,0.0004873688075554,0.0015188612743858628,1.0,1.0
fermi,common,10.0,0.2,moment5_tail,13,2.1418839805048906e-06,4.574985485109321e-05,7.380693800222722e-05,0.00041540372388839785,1.0,1.0
fermi,common,10.0,0.2,variance_tail,13,0.0007279779030795,0.000812508923296342,0.00186013222968558,0.001999182575270104,1.0,1.0
fermi,common,10.0,0.3,classical,13,0.0143051351381253,0.02037600036482264,0.0390117743523755,0.07203765767369388,0.9230769230769231,1.0
fermi,common,10.0,0.3,moment3_tail,13,0.0004591696941393,0.0012847188298680907,0.0023664667364055,0.007529095168673431,1.0,1.0
fermi,common,10.0,0.3,moment5_tail,13,2.375076675485031e-05,0.00014469689522775454,0.00034065382140894017,0.0009108888362245274,1.0,1.0
fermi,common,10.0,0.3,variance_tail,13,0.0017614813347948,0.0023623800173115383,0.00405007127360656,0.008465275748163411,1.0,1.0
fermi,common,10.0,0.5,classical,13,0.038699391742318,0.05433626899877094,0.10485847450436961,0.19150815441977243,0.6153846153846154,0.8461538461538461
fermi,common,10.0,0.5,moment3_tail,13,0.0033853168229181,0.009205335972382754,0.017414423395097082,0.054726304749148635,0.9230769230769231,1.0
fermi,common,10.0,0.5,moment5_tail,13,0.0004710021841931,0.0023489966988539416,0.0033818659949762003,0.017698065163858648,1.0,1.0
fermi,common,10.0,0.5,variance_tail,13,0.0063439984710406,0.011601477484263645,0.020855412573811044,0.05744983660447634,0.9230769230769231,1.0
fermi,common,10.0,0.7,classical,13,0.073302564200573,0.10199391077071726,0.19681786806516588,0.35498029739248677,0.38461538461538464,0.6153846153846154
fermi,common,10.0,0.7,moment3_tail,13,0.0121014211294814,0.032823562222625384,0.06292010667911031,0.19521068995537355,0.7692307692307693,0.9230769230769231
fermi,common,10.0,0.7,moment5_tail,13,0.0024012231569945,0.015938387404745263,0.023664756058771642,0.12238350086383074,0.9230769230769231,0.9230769230769231
fermi,common,10.0,0.7,variance_tail,13,0.0174199300620593,0.03718260424093239,0.07023070476337363,0.2012666091653465,0.7692307692307693,0.9230769230769231
fermi,common,10.0,1.0,classical,13,0.1411756761101025,0.19332608236063417,0.37237478197816715,0.6592245415709773,0.3076923076923077,0.38461538461538464
fermi,common,10.0,1.0,moment3_tail,13,0.0446647092372706,0.12172071488810478,0.23598682302937385,0.720010719074579,0.6153846153846154,0.6153846153846154
fermi,common,10.0,1.0,moment5_tail,13,0.0185192214010417,0.11793594989819742,0.1778828735243727,0.9074534900966877,0.6153846153846154,0.7692307692307693
fermi,common,10.0,1.0,variance_tail,13,0.0454836975676762,0.12978592254659624,0.25311400461005074,0.7350988550482306,0.5384615384615384,0.6923076923076923
fermi,common,10.0,1.4,classical,13,0.2558879914821637,0.3419030949559096,0.6551370436394859,1.1340468474397276,0.07692307692307693,0.3076923076923077
fermi,common,10.0,1.4,moment3_tail,13,0.1460929754124644,0.40002354237157295,0.7844887148895291,2.3525775798966393,0.38461538461538464,0.46153846153846156
fermi,common,10.0,1.4,moment5_tail,13,0.1208697464366256,0.7415920669355909,1.1350496491167485,5.722924579737611,0.46153846153846156,0.46153846153846156
fermi,common,10.0,1.4,variance_tail,13,0.1168768598667692,0.4155855143954571,0.825030827734515,2.3905088046311707,0.38461538461538464,0.38461538461538464
fermi,common,20.0,0.05,classical,13,0.0002977958321866,0.0006383885309220416,0.0017970051103857409,0.002595939715616195,1.0,1.0
fermi,common,20.0,0.05,moment3_tail,13,1.6810397740187685e-07,3.866383336011538e-06,4.523043707067832e-06,3.7402499548133117e-05,1.0,1.0
fermi,common,20.0,0.05,moment5_tail,13,1.2049843290935736e-10,3.215222436440101e-06,1.2731539949875012e-08,3.676685801449495e-05,1.0,1.0
fermi,common,20.0,0.05,variance_tail,13,8.80590783270269e-06,0.00021375590137573546,2.740903060822811e-05,0.002359329270036726,1.0,1.0
fermi,common,20.0,0.1,classical,13,0.0011902163305747,0.0019396966288270615,0.0036799959939393207,0.007501025864775497,1.0,1.0
fermi,common,20.0,0.1,moment3_tail,13,2.6862468333428685e-06,1.3463318866595193e-05,3.6032894035349594e-05,7.935140883719051e-05,1.0,1.0
fermi,common,20.0,0.1,moment5_tail,13,7.699562470967971e-09,3.1408479039908154e-06,8.122582671903568e-07,3.4955898007369976e-05,1.0,1.0
fermi,common,20.0,0.1,variance_tail,13,3.53819416837442e-05,0.0002504045440355759,0.00011628366666586,0.0024413023230422134,1.0,1.0
fermi,common,20.0,0.2,classical,13,0.0045395434447609,0.007081659431443962,0.014272954678415606,0.02978118811889653,1.0,1.0
fermi,common,20.0,0.2,moment3_tail,13,3.101410073820543e-05,0.00016621441460863083,0.0003077641661999201,0.001222862235210083,1.0,1.0
fermi,common,20.0,0.2,moment5_tail,13,4.896512695947171e-07,7.098808572157665e-06,1.2727438244947343e-05,5.620700555436446e-05,1.0,1.0
fermi,common,20.0,0.2,variance_tail,13,0.0001931506179918,0.0004758945669799243,0.0012411381773948008,0.002550732633924447,1.0,1.0
fermi,common,20.0,0.3,classical,13,0.0101855692596627,0.015534740108129984,0.03185403470516165,0.0662106286446883,0.9230769230769231,1.0
fermi,common,20.0,0.3,moment3_tail,13,0.0001562812270676,0.0008323853883094693,0.0015396535880375208,0.0060903365462286795,1.0,1.0
fermi,common,20.0,0.3,moment5_tail,13,5.519676738461197e-06,7.605431461365258e-05,0.00010805516301335739,0.0006226509319027873,1.0,1.0
fermi,common,20.0,0.3,variance_tail,13,0.0005094321315896,0.0012459826217299463,0.0024911494035393805,0.006378067672842848,1.0,1.0
fermi,common,20.0,0.5,classical,13,0.0280490397040859,0.04172093291586999,0.08634834894556082,0.17757944850478719,0.7692307692307693,0.9230769230769231
fermi,common,20.0,0.5,moment3_tail,13,0.0011886996214925,0.0061089949748853855,0.011467633628168966,0.04483149491900261,1.0,1.0
fermi,common,20.0,0.5,moment5_tail,13,0.0001145904129951,0.0013904358117590274,0.001769512401470481,0.012594603458271377,1.0,1.0
fermi,common,20.0,0.5,variance_tail,13,0.0024689093590149,0.006841658682490654,0.012314016986939225,0.04550434637952032,1.0,1.0
fermi,common,20.0,0.7,classical,13,0.0542998053920129,0.07892247852741772,0.16376170643498522,0.3324766751554946,0.46153846153846156,0.7692307692307693
fermi,common,20.0,0.7,moment3_tail,13,0.0044752152926082,0.02214482735431802,0.04203876803006794,0.16221922132557043,0.9230769230769231,0.9230769230769231
fermi,common,20.0,0.7,moment5_tail,13,0.0004878769963211,0.009657234447410892,0.012590819250166106,0.08848872331498589,0.9230769230769231,1.0
fermi,common,20.0,0.7,variance_tail,13,0.0052943612915946,0.023355972600939433,0.04381794302903008,0.16370761143278761,0.9230769230769231,0.9230769230769231
fermi,common,20.0,1.0,classical,13,0.1081626518718912,0.15152998904919182,0.31490570641056126,0.6262521965735599,0.38461538461538464,0.46153846153846156
fermi,common,20.0,1.0,moment3_tail,13,0.0179322931443287,0.08392176409620641,0.16122199868466403,0.6105674137364837,0.6923076923076923,0.8461538461538461
fermi,common,20.0,1.0,moment5_tail,13,0.0036794697223,0.07335320184768944,0.09704105939454544,0.6710070951790227,0.8461538461538461,0.8461538461538461
fermi,common,20.0,1.0,variance_tail,13,0.0186766248683704,0.08599565804941021,0.16533226058150918,0.6142620479720642,0.6923076923076923,0.8461538461538461
fermi,common,20.0,1.4,classical,13,0.1985299161604663,0.2719854441262667,0.5650324581989828,1.0933641858272436,0.07692307692307693,0.38461538461538464
fermi,common,20.0,1.4,moment3_tail,13,0.0647831681159214,0.28240729875568027,0.550282141451075,2.037922491430915,0.46153846153846156,0.6153846153846154
fermi,common,20.0,1.4,moment5_tail,13,0.0253019329914515,0.474249459803859,0.6373311755175309,4.33224995177529,0.6153846153846154,0.6153846153846154
fermi,common,20.0,1.4,variance_tail,13,0.0663613214268935,0.2862903140412381,0.5598931372396827,2.047214659219439,0.46153846153846156,0.6153846153846154
fermi,common,inf,0.05,classical,13,0.0001404099701559,0.0002893448524102502,0.0006830248735550204,0.001689927554951147,1.0,1.0
fermi,common,inf,0.05,moment3_tail,13,2.4717115277978815e-08,3.809054654222437e-07,6.175202111598784e-07,3.5601246491906696e-06,1.0,1.0
fermi,common,inf,0.05,moment5_tail,13,4.30769839851763e-12,7.284747855010873e-10,5.842232170535906e-10,7.725684407391297e-09,1.0,1.0
fermi,common,inf,0.05,variance_tail,13,2.4717115277978815e-08,3.8090546541126107e-07,6.175202111598784e-07,3.5601246491906696e-06,1.0,1.0
fermi,common,inf,0.1,classical,13,0.0005615002313444,0.0011566109236523993,0.0027308606027891817,0.00675260538810864,1.0,1.0
fermi,common,inf,0.1,moment3_tail,13,3.954373646865246e-07,6.088319410773984e-06,9.87537003413205e-06,5.6896697842019493e-05,1.0,1.0
fermi,common,inf,0.1,moment5_tail,13,2.7565963258393053e-10,4.657048069432338e-08,3.737122777784096e-08,4.93868705058012e-07,1.0,1.0
fermi,common,inf,0.1,variance_tail,13,3.954373646865246e-07,6.088319410773887e-06,9.87537003413205e-06,5.6896697842019493e-05,1.0,1.0
fermi,common,inf,0.2,classical,13,0.0022437699595195,0.004614229725298054,0.010903686157192807,0.02689760731663913,1.0,1.0
fermi,common,inf,0.2,moment3_tail,13,6.324664479747546e-06,9.702127738273255e-05,0.00015768998540799855,0.0009062005254066391,1.0,1.0
fermi,common,inf,0.2,moment5_tail,13,1.7635667709883586e-08,2.9673238614192144e-06,2.386896551063744e-06,3.146151796947991e-05,1.0,1.0
fermi,common,inf,0.2,variance_tail,13,6.324664479747546e-06,9.702127738273781e-05,0.00015768998540799855,0.0009062005254066391,1.0,1.0
fermi,common,inf,0.3,classical,13,0.0050401435700521,0.010336857363433346,0.024459731636550453,0.060103339586731676,0.9230769230769231,1.0
fermi,common,inf,0.3,moment3_tail,13,3.199895233961939e-05,0.0004879157407139111,0.0007956591079910746,0.004553224123346676,1.0,1.0
fermi,common,inf,0.3,moment5_tail,13,2.007571180607761e-07,3.355336188034092e-05,2.7096610852148435e-05,0.00035563862923628767,1.0,1.0
fermi,common,inf,0.3,variance_tail,13,3.199895233961939e-05,0.00048791574071391095,0.0007956591079910746,0.004553224123346676,1.0,1.0
fermi,common,inf,0.5,classical,13,0.013926906200846,0.028326370870219122,0.06730176202015702,0.16340382605281542,0.8461538461538461,0.9230769230769231
fermi,common,inf,0.5,moment3_tail,13,0.0002464217084917,0.003687607562832487,0.006075221161241125,0.034318317000802886,1.0,1.0
fermi,common,inf,0.5,moment5_tail,13,4.294435496896909e-06,0.0007029617205343125,0.0005746075115497749,0.007443268945217705,1.0,1.0
fermi,common,inf,0.5,variance_tail,13,0.0002464217084917,0.003687607562832487,0.006075221161241125,0.034318317000802886,1.0,1.0
fermi,common,inf,0.7,classical,13,0.0270841343832169,0.05445490281416558,0.1300883543166511,0.3106028486055476,0.8461538461538461,0.8461538461538461
fermi,common,inf,0.7,moment3_tail,13,0.0009438841900179,0.013753512601444093,0.02298191072893308,0.12749546254528218,0.9230769230769231,0.9230769230769231
fermi,common,inf,0.7,moment5_tail,13,3.2239891270183674e-05,0.005123522354135019,0.004259310127635704,0.05417195646487306,0.9230769230769231,1.0
fermi,common,inf,0.7,variance_tail,13,0.0009438841900179,0.013753512601444086,0.02298191072893308,0.12749546254528218,0.9230769230769231,0.9230769230769231
fermi,common,inf,1.0,classical,13,0.0543789251596605,0.10701963085192902,0.25806114964664156,0.5971926702441682,0.46153846153846156,0.8461538461538461
fermi,common,inf,1.0,moment3_tail,13,0.0039070014243546,0.05407426574826667,0.09275785335880139,0.49748054345517545,0.8461538461538461,0.8461538461538461
fermi,common,inf,1.0,moment5_tail,13,0.0002723357994569,0.040873560236428554,0.03506532104847575,0.43096571084525787,0.9230769230769231,0.9230769230769231
fermi,common,inf,1.0,variance_tail,13,0.0039070014243546,0.054074265748266674,0.09275785335880139,0.49748054345517545,0.8461538461538461,0.8461538461538461
fermi,common,inf,1.4,classical,13,0.1034651674086932,0.19733959911264562,0.4814102816740839,1.0632635768617689,0.3076923076923077,0.46153846153846156
fermi,common,inf,1.4,moment3_tail,13,0.0148381828406944,0.18923905542702774,0.33733512303329877,1.7200890257801436,0.8461538461538461,0.8461538461538461
fermi,common,inf,1.4,moment5_tail,13,0.0020270532739222,0.2777771317674646,0.24971274772181118,2.916110710330175,0.8461538461538461,0.8461538461538461
fermi,common,inf,1.4,variance_tail,13,0.0148381828406944,0.18923905542702774,0.33733512303329877,1.7200890257801436,0.8461538461538461,0.8461538461538461
fermi,independent,1.0,0.05,classical,13,0.0018141564717157,0.0021068180363155694,0.003915027996548361,0.005700068648424075,1.0,1.0
fermi,independent,1.0,0.05,moment3_tail,13,4.507883425307473e-06,8.375165783231639e-05,2.8211296717319116e-05,0.0008669731834655584,1.0,1.0
fermi,independent,1.0,0.05,moment5_tail,13,1.1626309146256448e-08,7.553354250228247e-05,2.1542962789866216e-07,0.000863577517121429,1.0,1.0
fermi,independent,1.0,0.05,variance_tail,13,0.0008734412230079,0.001199558578460377,0.00215435895287108,0.0035487802452220988,1.0,1.0
fermi,independent,1.0,0.1,classical,13,0.0072413635338319,0.0082580210922003,0.015548781424874503,0.02284253480686131,1.0,1.0
fermi,independent,1.0,0.1,moment3_tail,13,7.195377830897109e-05,0.00028247581437575826,0.00044943783123834,0.0017817288801950666,1.0,1.0
fermi,independent,1.0,0.1,moment5_tail,13,7.421931933167458e-07,0.00015403360235146074,1.3604711455822716e-05,0.0017287833962150332,1.0,1.0
fermi,independent,1.0,0.1,variance_tail,13,0.0034703882587485,0.004658016195019831,0.00865876566010436,0.01414456315030701,1.0,1.0
fermi,independent,1.0,0.2,classical,13,0.0287248838320776,0.03216768292240015,0.06055723945884441,0.09218415929543716,0.6923076923076923,1.0
fermi,independent,1.0,0.2,moment3_tail,13,0.0010402960394939,0.0020607448166345896,0.005971096757504302,0.007150205942896648,1.0,1.0
fermi,independent,1.0,0.2,moment5_tail,13,3.475474191725397e-05,0.0001892204783972654,0.0006511402230190403,0.000836919339935676,1.0,1.0
fermi,independent,1.0,0.2,variance_tail,13,0.0139261819220779,0.018246046117303263,0.03531792539024552,0.05590344222925347,0.9230769230769231,1.0
fermi,independent,1.0,0.3,classical,13,0.0637565958282049,0.07176623515270059,0.13103133137408046,0.2114245801776167,0.38461538461538464,0.6923076923076923
fermi,independent,1.0,0.3,moment3_tail,13,0.0052531322974831,0.010292320193626183,0.02842019592474277,0.03589679637816544,1.0,1.0
fermi,independent,1.0,0.3,moment5_tail,13,0.0005269627930938,0.0022029200332421045,0.007226776821390984,0.00885311165235762,1.0,1.0
fermi,independent,1.0,0.3,variance_tail,13,0.0386295074638174,0.04234795748427827,0.08212909693477229,0.12417318563636147,0.7692307692307693,0.9230769230769231
fermi,independent,1.0,0.5,classical,13,0.1699069119830967,0.19576760211891123,0.330675019421135,0.6413232271607388,0.23076923076923078,0.3076923076923077
fermi,independent,1.0,0.5,moment3_tail,13,0.0401177382392103,0.07411320245123777,0.18891809636916335,0.2847174551072275,0.6153846153846154,0.6923076923076923
fermi,independent,1.0,0.5,moment5_tail,13,0.0082189180826058,0.03974146809404112,0.13839542225196155,0.1735452641211849,0.7692307692307693,0.8461538461538461
fermi,independent,1.0,0.5,variance_tail,13,0.1208803057098098,0.14071591134478403,0.2524358026020548,0.34821121122701015,0.23076923076923078,0.46153846153846156
fermi,independent,1.0,0.7,classical,13,0.3145390974656974,0.39031443939775284,0.5899813032785812,1.5245192459948167,0.23076923076923078,0.3076923076923077
fermi,independent,1.0,0.7,moment3_tail,13,0.1509052259106223,0.28097276345474925,0.6247794107719106,1.258198198612854,0.23076923076923078,0.38461538461538464
fermi,independent,1.0,0.7,moment5_tail,13,0.0613192846818485,0.28399704090573114,0.8712221338031921,1.418910097768064,0.38461538461538464,0.6153846153846154
fermi,independent,1.0,0.7,variance_tail,13,0.3548288623531527,0.362794871707442,0.6637522599115313,0.8129821307826277,0.15384615384615385,0.15384615384615385
fermi,independent,1.0,1.0,classical,13,0.5775524756154284,1.0087145241552786,1.0651007939653396,6.107892075796679,0.07692307692307693,0.23076923076923078
fermi,independent,1.0,1.0,moment3_tail,13,0.5592281561088037,1.4594981959850455,2.140598490660216,9.688960359733601,0.23076923076923078,0.23076923076923078
fermi,independent,1.0,1.0,moment5_tail,13,0.5042929770512505,2.9337133499511365,5.901422328159011,20.858788738027048,0.23076923076923078,0.3076923076923077
fermi,independent,1.0,1.0,variance_tail,13,1.1934324556360465,1.2394956198147424,2.1471989071025273,4.0590405644151835,0.07692307692307693,0.07692307692307693
fermi,independent,1.0,1.4,classical,13,0.972038404223159,1.3253961188777383,1.8353914130554472,5.767016676093479,0.07692307692307693,0.07692307692307693
fermi,independent,1.0,1.4,moment3_tail,13,1.8045452493486,3.4700533378168212,6.771022824540087,17.238809784186437,0.23076923076923078,0.23076923076923078
fermi,independent,1.0,1.4,moment5_tail,13,3.535097845928352,12.827397361383099,35.55172745638917,70.45342134858042,0.23076923076923078,0.3076923076923077
fermi,independent,1.0,1.4,variance_tail,13,3.6739430499600534,3.230923242364706,6.271128553606483,7.078994654148003,0.07692307692307693,0.07692307692307693
fermi,independent,2.0,0.05,classical,13,0.0012087718932471,0.0012381204748869307,0.0020634441434361,0.0025943678292042714,1.0,1.0
fermi,independent,2.0,0.05,moment3_tail,13,2.633600440147744e-06,5.992494601954063e-05,9.45326611929357e-06,0.0006488444099948176,1.0,1.0
fermi,independent,2.0,0.05,moment5_tail,13,7.028072223633681e-09,5.662680167217619e-05,4.134608260958915e-08,0.0006476710571492416,1.0,1.0
fermi,independent,2.0,0.05,variance_tail,13,0.0002206615450911,0.00033846720604699474,0.0007003671438771802,0.0009063182699845598,1.0,1.0
fermi,independent,2.0,0.1,classical,13,0.0048245897115258,0.004824184195580077,0.00821468313248826,0.01034371594128387,1.0,1.0
fermi,independent,2.0,0.1,moment3_tail,13,4.206601037761868e-05,0.0001659058657001013,0.00015059000134180002,0.0013141551743170027,1.0,1.0
fermi,independent,2.0,0.1,moment5_tail,13,4.4605009430907673e-07,0.00011403431653931238,2.613649981909388e-06,0.0012956902815957911,1.0,1.0
fermi,independent,2.0,0.1,variance_tail,13,0.0008986514372304,0.001253356979141823,0.0021841940831148,0.003500748556667279,1.0,1.0
fermi,independent,2.0,0.2,classical,13,0.0191381897855632,0.018688746521027567,0.0322672712356047,0.0408519496003789,1.0,1.0
fermi,independent,2.0,0.2,moment3_tail,13,0.000668421509044,0.0009003145235043196,0.0019284262627401402,0.0024106113494611397,1.0,1.0
fermi,independent,2.0,0.2,moment5_tail,13,2.765364018506109e-05,0.00012537846937510166,0.00015971954262648,0.0008835772631673352,1.0,1.0
fermi,independent,2.0,0.2,variance_tail,13,0.004277363429112,0.004851468609226923,0.00913929990560926,0.013443652504915336,1.0,1.0
fermi,independent,2.0,0.3,classical,13,0.0425145377445073,0.04116400242909212,0.07062145042273664,0.09008152570147178,0.6153846153846154,1.0
fermi,independent,2.0,0.3,moment3_tail,13,0.0028942828700281,0.0041155039354454845,0.00932160136208602,0.011895355878421405,1.0,1.0
fermi,independent,2.0,0.3,moment5_tail,13,0.0003002553649389,0.0006176616342821032,0.0016504299974905402,0.001724290600791992,1.0,1.0
fermi,independent,2.0,0.3,variance_tail,13,0.01231846031356,0.01172129681489276,0.022088862678857162,0.028633483859659387,1.0,1.0
fermi,independent,2.0,0.5,classical,13,0.11415334074946,0.10846149591158133,0.18264726051128077,0.23626954599306954,0.3076923076923077,0.46153846153846156
fermi,independent,2.0,0.5,moment3_tail,13,0.0206705601728182,0.02865518549817307,0.06378520518587652,0.08533832868700506,0.6923076923076923,1.0
fermi,independent,2.0,0.5,moment5_tail,13,0.0048866499288793,0.010465941311890409,0.02951566780633294,0.03391095366834174,1.0,1.0
fermi,independent,2.0,0.5,variance_tail,13,0.0339263253668046,0.04530298833615753,0.07659868323390244,0.1024734003498188,0.5384615384615384,0.9230769230769231
fermi,independent,2.0,0.7,classical,13,0.2152939800150444,0.19984525293683714,0.33246555162250746,0.4313742058219835,0.07692307692307693,0.3076923076923077
fermi,independent,2.0,0.7,moment3_tail,13,0.0729554949746822,0.0991306944390325,0.21490355501563418,0.2995239089665517,0.46153846153846156,0.6153846153846154
fermi,independent,2.0,0.7,moment5_tail,13,0.0352121810721865,0.0687291153443777,0.18426484466202492,0.23041909059402504,0.6153846153846154,0.6923076923076923
fermi,independent,2.0,0.7,variance_tail,13,0.1291419683804027,0.12674805975984643,0.22380407530566243,0.33625979627373476,0.23076923076923078,0.46153846153846156
fermi,independent,2.0,1.0,classical,13,0.4153223992383518,0.37156544388357327,0.6236603984254457,0.786000336275206,0.07692307692307693,0.07692307692307693
fermi,independent,2.0,1.0,moment3_tail,13,0.2696773679969184,0.3541379046278404,0.7528474556863233,1.0786078341375145,0.3076923076923077,0.3076923076923077
fermi,independent,2.0,1.0,moment5_tail,13,0.2664453311914734,0.4857602176729325,1.2694759479498174,1.6760178082931239,0.3076923076923077,0.38461538461538464
fermi,independent,2.0,1.0,variance_tail,13,0.4833091968633856,0.40453095770918895,0.728928490601116,1.167765334603724,0.07692307692307693,0.15384615384615385
fermi,independent,2.0,1.4,classical,13,0.7636040921708691,0.6530824945633357,1.175223624854746,1.3373480475574537,0.07692307692307693,0.07692307692307693
fermi,independent,2.0,1.4,moment3_tail,13,0.909066764492307,1.1361718227259168,2.475176442967577,3.4459202192460228,0.07692307692307693,0.3076923076923077
fermi,independent,2.0,1.4,moment5_tail,13,1.6565952373236776,2.9723880586501465,7.968667736708589,10.39675701412456,0.23076923076923078,0.23076923076923078
fermi,independent,2.0,1.4,variance_tail,13,1.472373999463862,1.2288917059383788,2.1881697993093763,3.643938442506593,0.07692307692307693,0.07692307692307693
fermi,independent,3.0,0.05,classical,13,0.0010506015242954,0.0010666818309682845,0.0020476026931769606,0.002386620470665696,1.0,1.0
fermi,independent,3.0,0.05,moment3_tail,13,1.7983162593680091e-06,2.1024246437062018e-05,7.278904490758711e-06,0.00021830931536112353,1.0,1.0
fermi,independent,3.0,0.05,moment5_tail,13,3.5445268849833667e-09,1.9003522735189977e-05,2.7318654748627753e-08,0.0002173306122433449,1.0,1.0
fermi,independent,3.0,0.05,variance_tail,13,9.92247465593384e-05,0.00029559687534161475,0.00038009210243944013,0.0019925514748707703,1.0,1.0
fermi,independent,3.0,0.1,classical,13,0.0036940934616566,0.003690850605444969,0.0055709807835722805,0.009134737581599188,1.0,1.0
fermi,independent,3.0,0.1,moment3_tail,13,2.8694133473857763e-05,6.951899444959036e-05,0.00011596156302909069,0.0004416753415030836,1.0,1.0
fermi,independent,3.0,0.1,moment5_tail,13,2.2617104106483898e-07,3.7647021329299825e-05,1.7394467027343708e-06,0.0004262508664634224,1.0,1.0
fermi,independent,3.0,0.1,variance_tail,13,0.0003939295286232,0.000627743860193378,0.0013792236371250803,0.0016107731472624078,1.0,1.0
fermi,independent,3.0,0.2,classical,13,0.0146565127685554,0.014330121795474039,0.02203318953042152,0.03612112456381821,1.0,1.0
fermi,independent,3.0,0.2,moment3_tail,13,0.000376965601957,0.0005279188598502365,0.0008919407095047799,0.0019172920206306948,1.0,1.0
fermi,independent,3.0,0.2,moment5_tail,13,1.4304470268610624e-05,4.634036231678703e-05,0.00010914062803750666,0.00025354280087135187,1.0,1.0
fermi,independent,3.0,0.2,variance_tail,13,0.002207942520024,0.0024169680651854766,0.00417886398401612,0.005964621846979578,1.0,1.0
fermi,independent,3.0,0.3,classical,13,0.0325530572549025,0.03145041507531698,0.04869597871837354,0.07980113172119917,0.9230769230769231,1.0
fermi,independent,3.0,0.3,moment3_tail,13,0.0018654935384702,0.002527493493430508,0.0043207527111559394,0.00946439713382551,1.0,1.0
fermi,independent,3.0,0.3,moment5_tail,13,0.0001598293872622,0.0003124345220293329,0.0006031000328297001,0.0012639850310792152,1.0,1.0
fermi,independent,3.0,0.3,variance_tail,13,0.0055888487819889,0.005941993406046785,0.012223960760334062,0.012945923741569984,1.0,1.0
fermi,independent,3.0,0.5,classical,13,0.0871287393887639,0.0831989818267771,0.128585068503494,0.21037886563932312,0.3076923076923077,0.6153846153846154
fermi,independent,3.0,0.5,moment3_tail,13,0.0135046723366421,0.017831527220684824,0.03013358739069682,0.06810904521022697,0.9230769230769231,1.0
fermi,independent,3.0,0.5,moment5_tail,13,0.0028114174574555,0.005452133535326822,0.010989483938232101,0.024986834262423176,1.0,1.0
fermi,independent,3.0,0.5,variance_tail,13,0.0172711530988824,0.025314958520337886,0.03907787827224612,0.07603286376179513,0.9230769230769231,1.0
fermi,independent,3.0,0.7,classical,13,0.1629494549455003,0.15400346934333708,0.2394643337529731,0.38671793452956543,0.15384615384615385,0.38461538461538464
fermi,independent,3.0,0.7,moment3_tail,13,0.0479871021800437,0.06226398086823993,0.10396946224296279,0.24028618157953666,0.5384615384615384,0.8461538461538461
fermi,independent,3.0,0.7,moment5_tail,13,0.0190416313219346,0.03626944853137982,0.06934853971348799,0.1706321956765206,0.6923076923076923,0.9230769230769231
fermi,independent,3.0,0.7,variance_tail,13,0.0708294192430751,0.07491742545203722,0.12103234015997727,0.2578706624315097,0.46153846153846156,0.6923076923076923
fermi,independent,3.0,1.0,classical,13,0.3075037284014716,0.2869432783266098,0.44774745334066357,0.7093452758650947,0.07692307692307693,0.15384615384615385
fermi,independent,3.0,1.0,moment3_tail,13,0.1763335477818761,0.2238256431870099,0.3670850579718108,0.871711915032864,0.3076923076923077,0.46153846153846156
fermi,independent,3.0,1.0,moment5_tail,13,0.1373812731333236,0.25781162645778877,0.45894392106417475,1.242662888529344,0.46153846153846156,0.46153846153846156
fermi,independent,3.0,1.0,variance_tail,13,0.2100426820597541,0.2481167106037277,0.4116983449966632,0.9158646744383877,0.15384615384615385,0.46153846153846156
fermi,independent,3.0,1.4,classical,13,0.5422628760330799,0.4997642722647858,0.7763982162970616,1.2037662445812605,0.07692307692307693,0.07692307692307693
fermi,independent,3.0,1.4,moment3_tail,13,0.5762648665575619,0.7157577931536712,1.167570917897172,2.796254365099973,0.07692307692307693,0.3076923076923077
fermi,independent,3.0,1.4,moment5_tail,13,0.8447874183352915,1.5654050517352707,2.622468043465095,7.685743632737965,0.3076923076923077,0.3076923076923077
fermi,independent,3.0,1.4,variance_tail,13,0.6440738422939148,0.7649610060615541,1.2740625404023687,2.9075747472760844,0.07692307692307693,0.07692307692307693
fermi,independent,5.0,0.05,classical,13,0.0006513281599603,0.0008754938576279539,0.0019803926901517206,0.0027147499302030156,1.0,1.0
fermi,independent,5.0,0.05,moment3_tail,13,9.484342360119905e-07,6.465459831386356e-05,5.698604126588913e-06,0.0007267631040874059,1.0,1.0
fermi,independent,5.0,0.05,moment5_tail,13,1.517218812856151e-09,6.346170881883919e-05,1.8615832506976985e-08,0.0007259689990348188,1.0,1.0
fermi,independent,5.0,0.05,variance_tail,13,3.671837568508464e-05,0.0002600533371396198,0.00013687565006499495,0.0024701912527815735,1.0,1.0
fermi,independent,5.0,0.1,classical,13,0.0025919064972724,0.0028330498891828383,0.0044435660460382205,0.008231373600603747,1.0,1.0
fermi,independent,5.0,0.1,moment3_tail,13,1.5135953627301811e-05,6.236820627035108e-05,9.087001690875816e-05,0.0005080594501290835,1.0,1.0
fermi,independent,5.0,0.1,moment5_tail,13,9.67902397516473e-08,4.349860278724981e-05,1.1863679882318036e-06,0.0004955250517965599,1.0,1.0
fermi,independent,5.0,0.1,variance_tail,13,0.0001709205376275,0.00038590640934163523,0.0005426195160829402,0.002289987186519026,1.0,1.0
fermi,independent,5.0,0.2,classical,13,0.0102233466131881,0.010650068777674585,0.017651684854976424,0.03261070489337496,1.0,1.0
fermi,independent,5.0,0.2,moment3_tail,13,0.0002397352458931,0.0003301685098448683,0.0004806769192898201,0.0015285073098240548,1.0,1.0
fermi,independent,5.0,0.2,moment5_tail,13,6.116720093562732e-06,4.175685181020298e-05,7.468590396790402e-05,0.0003457768594585606,1.0,1.0
fermi,independent,5.0,0.2,variance_tail,13,0.000896723717296,0.0010951913678199539,0.0021921211745933203,0.0023182899026350677,1.0,1.0
fermi,independent,5.0,0.3,classical,13,0.0225004139141474,0.023373454155054454,0.039275576391182544,0.0722600446077163,0.9230769230769231,1.0
fermi,independent,5.0,0.3,moment3_tail,13,0.0010254552897962,0.0015219682465739404,0.0023943385940960404,0.007576697903591563,1.0,1.0
fermi,independent,5.0,0.3,moment5_tail,13,6.826975460206933e-05,0.00017013546512991163,0.0003693177271174401,0.0009224127361606474,1.0,1.0
fermi,independent,5.0,0.3,variance_tail,13,0.002050606291193,0.0027948966392589846,0.004547934012437441,0.008619846800754135,1.0,1.0
fermi,independent,5.0,0.5,classical,13,0.058751763228982,0.06241413824261985,0.10555829963844436,0.19206615196007124,0.46153846153846156,0.8461538461538461
fermi,independent,5.0,0.5,moment3_tail,13,0.0074882609229358,0.010835360576891507,0.01761971708054934,0.05506619851427506,0.9230769230769231,1.0
fermi,independent,5.0,0.5,moment5_tail,13,0.0011990519740295,0.002765824005146286,0.0034782842313849,0.017852824252913055,1.0,1.0
fermi,independent,5.0,0.5,variance_tail,13,0.0090459019850792,0.013618494272129708,0.021273597234931163,0.0579578367635285,0.9230769230769231,1.0
fermi,independent,5.0,0.7,classical,13,0.1068504508295865,0.11651705724337373,0.19810613943898675,0.35593272703623335,0.3076923076923077,0.46153846153846156
fermi,independent,5.0,0.7,moment3_tail,13,0.0267948129994997,0.038472062169132154,0.06366113839757957,0.19638705368319065,0.7692307692307693,0.9230769230769231
fermi,independent,5.0,0.7,moment5_tail,13,0.00824206382658,0.018770988163465483,0.024162497563837423,0.12344672208843305,0.9230769230769231,0.9230769230769231
fermi,independent,5.0,0.7,variance_tail,13,0.0268448396617868,0.04310633703323484,0.07142733637365277,0.20281831448481236,0.7692307692307693,0.9230769230769231
fermi,independent,5.0,1.0,classical,13,0.1940698037220176,0.21940866996471814,0.3747198262108947,0.6607409901328477,0.07692307692307693,0.3076923076923077
fermi,independent,5.0,1.0,moment3_tail,13,0.0988876902999501,0.14131508971143406,0.23874765339058338,0.724092431448645,0.38461538461538464,0.5384615384615384
fermi,independent,5.0,1.0,moment5_tail,13,0.0602243374982191,0.13713678287863096,0.18062066527046577,0.9151494040530965,0.46153846153846156,0.6153846153846154
fermi,independent,5.0,1.0,variance_tail,13,0.0852009748347834,0.15019504271698658,0.2569532251713492,0.7401193226519537,0.46153846153846156,0.5384615384615384
fermi,independent,5.0,1.4,classical,13,0.3302172465263832,0.38513516462782715,0.659018315449708,1.1361273365705051,0.07692307692307693,0.07692307692307693
fermi,independent,5.0,1.4,moment3_tail,13,0.3217951188372758,0.4599665543132468,0.7935127182817208,2.364771966054773,0.3076923076923077,0.38461538461538464
fermi,independent,5.0,1.4,moment5_tail,13,0.3708672412971836,0.8519921055651092,1.1525638061619288,5.769393628767584,0.3076923076923077,0.38461538461538464
fermi,independent,5.0,1.4,variance_tail,13,0.2644025777270723,0.47831806957793827,0.8366335680588048,2.4050664074667667,0.07692307692307693,0.38461538461538464
fermi,independent,10.0,0.05,classical,13,0.0004119819622469,0.0007575733159123152,0.0018006157516376007,0.003436380934615746,1.0,1.0
fermi,independent,10.0,0.05,moment3_tail,13,3.500903909302608e-07,2.3336826961719336e-05,4.544997024145307e-06,0.00025944556405932016,1.0,1.0
fermi,independent,10.0,0.05,moment5_tail,13,4.035209218493116e-10,2.2624378840692417e-05,1.2831755023143805e-08,0.0002588064223969949,1.0,1.0
fermi,independent,10.0,0.05,variance_tail,13,1.0061887026381304e-05,0.00029114776913677186,3.423998700260213e-05,0.003200218223473255,1.0,1.0
fermi,independent,10.0,0.1,classical,13,0.0016457178072276,0.0021854617220636,0.0038553147433495806,0.007515409231997532,1.0,1.0
fermi,independent,10.0,0.1,moment3_tail,13,5.589393693760971e-06,3.8145520356503866e-05,7.252984198157777e-05,0.0003162330695378653,1.0,1.0
fermi,independent,10.0,0.1,moment5_tail,13,2.5763487960347705e-08,2.685086319161063e-05,8.186394082163982e-07,0.00030612298930403234,1.0,1.0
fermi,independent,10.0,0.1,variance_tail,13,5.56142118585114e-05,0.000329349037743478,0.00013893783592038,0.0031672215135432205,1.0,1.0
fermi,independent,10.0,0.2,classical,13,0.0054511907307565,0.007858347234447585,0.014339712808322965,0.029836998263285234,1.0,1.0
fermi,independent,10.0,0.2,moment3_tail,13,8.86725814656133e-05,0.00022211237447328846,0.0005015916339392001,0.0012514612869010111,1.0,1.0
fermi,independent,10.0,0.2,moment5_tail,13,1.6333287845061305e-06,4.7965602980304406e-05,5.175054344716979e-05,0.00048228684268353266,1.0,1.0
fermi,independent,10.0,0.2,variance_tail,13,0.0002628453152079,0.0005880061619143972,0.0012657514372814607,0.003158217372952102,1.0,1.0
fermi,independent,10.0,0.3,classical,13,0.0122124967758663,0.01722699958839683,0.032001209741444055,0.06633018762092321,0.9230769230769231,1.0
fermi,independent,10.0,0.3,moment3_tail,13,0.0003671172450123,0.0009151571246375597,0.0015542507661557407,0.006118355540181427,1.0,1.0
fermi,independent,10.0,0.3,moment5_tail,13,1.832141981139724e-05,8.693263211228192e-05,0.00017310776865847962,0.0006369783651609235,1.0,1.0
fermi,independent,10.0,0.3,variance_tail,13,0.0010225647573295,0.0014808317224869923,0.003412262301198201,0.006552907110071764,1.0,1.0
fermi,independent,10.0,0.5,classical,13,0.0334763972314957,0.04608105230131353,0.08673290813260817,0.17786654799337892,0.6923076923076923,0.9230769230769231
fermi,independent,10.0,0.5,moment3_tail,13,0.0026535819675461,0.006664335758028231,0.011574030246438506,0.04502615178480612,1.0,1.0
fermi,independent,10.0,0.5,moment5_tail,13,0.0003602463956147,0.0014830670806972362,0.0017938434722311809,0.012687392743330188,1.0,1.0
fermi,independent,10.0,0.5,variance_tail,13,0.0037092711113044,0.007567355332995292,0.012472538450300306,0.04574037395733046,0.9230769230769231,1.0
fermi,independent,10.0,0.7,classical,13,0.0644024133447315,0.0868895091127237,0.16445586948486549,0.3329403651769921,0.38461538461538464,0.7692307692307693
fermi,independent,10.0,0.7,moment3_tail,13,0.0093599733298799,0.024126275682423363,0.04241781072724334,0.16287385593310172,0.9230769230769231,0.9230769230769231
fermi,independent,10.0,0.7,moment5_tail,13,0.0024725238649154,0.01029747894687183,0.012760838555362027,0.08911215296946196,0.9230769230769231,1.0
fermi,independent,10.0,0.7,variance_tail,13,0.0073744822478979,0.025472985747949723,0.044306993816583776,0.1644539319963596,0.9230769230769231,0.9230769230769231
fermi,independent,10.0,1.0,classical,13,0.1268440927926791,0.1661610113643054,0.31612716087540316,0.6269217553330234,0.15384615384615385,0.46153846153846156
fermi,independent,10.0,1.0,moment3_tail,13,0.0336365635624316,0.0910657527728526,0.16260476518177952,0.6127534360407396,0.6153846153846154,0.8461538461538461
fermi,independent,10.0,1.0,moment5_tail,13,0.0175037407583831,0.0778309617019949,0.09831094147903775,0.6754102765090971,0.8461538461538461,0.8461538461538461
fermi,independent,10.0,1.0,variance_tail,13,0.0272000506103668,0.0934418644181085,0.1669705369370358,0.6166759448410991,0.5384615384615384,0.8461538461538461
fermi,independent,10.0,1.4,classical,13,0.2350077784981297,0.296731617318366,0.566957635917213,1.0941530123029615,0.07692307692307693,0.15384615384615385
fermi,independent,10.0,1.4,moment3_tail,13,0.1052508822438102,0.30512468793751546,0.5546829295047582,2.0442039326072994,0.38461538461538464,0.46153846153846156
fermi,independent,10.0,1.4,moment5_tail,13,0.1028135166676121,0.5011041353087031,0.6453171603709182,4.358364223123217,0.46153846153846156,0.46153846153846156
fermi,independent,10.0,1.4,variance_tail,13,0.0958941463875769,0.30979866363511366,0.5648942035168599,2.054068960551409,0.38461538461538464,0.5384615384615384
fermi,independent,20.0,0.05,classical,13,0.0002824918402664,0.0005355160851485002,0.0017060263493719006,0.00195632510128186,1.0,1.0
fermi,independent,20.0,0.05,moment3_tail,13,1.630171875906981e-07,0.00015146603114519838,3.9350427161865446e-06,0.0017273001398966335,1.0,1.0
fermi,independent,20.0,0.05,moment5_tail,13,1.1441024832201292e-10,0.00015094007946755324,9.934640360727262e-09,0.0017267433394042911,1.0,1.0
fermi,independent,20.0,0.05,variance_tail,13,3.238140337005513e-06,0.0001542438481530339,8.648011748766364e-06,0.0017282162443486143,1.0,1.0
fermi,independent,20.0,0.1,classical,13,0.0011294958081185,0.001762992259167523,0.00343207189829872,0.007139858254141684,1.0,1.0
fermi,independent,20.0,0.1,moment3_tail,13,2.6044525230047413e-06,0.00023474750893564612,6.283518186783891e-05,0.002598127121153362,1.0,1.0
fermi,independent,20.0,0.1,moment5_tail,13,7.310805521465688e-09,0.0002264002602135155,6.343142305608573e-07,0.002589305737629743,1.0,1.0
fermi,independent,20.0,0.1,variance_tail,13,1.3927154027162063e-05,0.0002451910354506531,7.136601452046784e-05,0.0026002599072688804,1.0,1.0
fermi,independent,20.0,0.2,classical,13,0.00446541028247,0.006271171043643031,0.012586354582471605,0.02838789913319468,1.0,1.0
fermi,independent,20.0,0.2,moment3_tail,13,4.14295257240413e-05,0.00028419739051195223,0.0009975111415764406,0.0018628302231939032,1.0,1.0
fermi,independent,20.0,0.2,moment5_tail,13,4.650011541534742e-07,0.00015493423886887915,4.022140192085338e-05,0.0017272052540087423,1.0,1.0
fermi,independent,20.0,0.2,variance_tail,13,9.584072708089255e-05,0.00031993994837496297,0.0010234620070938608,0.0018714238601414913,1.0,1.0
fermi,independent,20.0,0.3,classical,13,0.0099864878123381,0.013827071553500362,0.028150341095577132,0.06325299047979283,0.9230769230769231,1.0
fermi,independent,20.0,0.3,moment3_tail,13,0.000207748347289,0.0008191472060359764,0.0018307766831050204,0.005419365881486912,1.0,1.0
fermi,independent,20.0,0.3,moment5_tail,13,5.243271968961053e-06,0.0001999958715447627,0.0004514060961011358,0.0017799128521534826,1.0,1.0
fermi,independent,20.0,0.3,variance_tail,13,0.0002853031721077,0.0008910721686858785,0.0018586659107420404,0.005469627937461816,1.0,1.0
fermi,independent,20.0,0.5,classical,13,0.0272274511184857,0.03736102111238496,0.0767822814586931,0.17065754982020434,0.8461538461538461,0.9230769230769231
fermi,independent,20.0,0.5,moment3_tail,13,0.001556904389107,0.005140434290269562,0.008719585650279865,0.039760082637007935,1.0,1.0
fermi,independent,20.0,0.5,moment5_tail,13,0.0001089641770611,0.0011788677602615676,0.0018070692520442606,0.010128240746422424,1.0,1.0
fermi,independent,20.0,0.5,variance_tail,13,0.0019626155733547,0.005295007339210117,0.008942235476267926,0.039937532696358954,1.0,1.0
fermi,independent,20.0,0.7,classical,13,0.0519881852276087,0.07113213083202591,0.1467536041158688,0.32164893489169694,0.46153846153846156,0.8461538461538461
fermi,independent,20.0,0.7,moment3_tail,13,0.0043974318705468,0.018560845063660424,0.03235149845998366,0.14543865390631885,0.9230769230769231,0.9230769230769231
fermi,independent,20.0,0.7,moment5_tail,13,0.0007862965363028,0.0075752925024600345,0.008366309246837286,0.07164864247561106,0.9230769230769231,1.0
fermi,independent,20.0,0.7,variance_tail,13,0.0043917868716983,0.018823031842822555,0.03281692071868704,0.14583025358629498,0.9230769230769231,0.9230769230769231
fermi,independent,20.0,1.0,classical,13,0.1009505646805798,0.13755898058101754,0.28575265521884236,0.6114371679362195,0.38461538461538464,0.46153846153846156
fermi,independent,20.0,1.0,moment3_tail,13,0.0176473214541607,0.07069332517493973,0.1264705828978094,0.5556733373254851,0.8461538461538461,0.8461538461538461
fermi,independent,20.0,1.0,moment5_tail,13,0.0034767785494343,0.05708816097941986,0.06407211755212108,0.5535558050153786,0.8461538461538461,0.9230769230769231
fermi,independent,20.0,1.0,variance_tail,13,0.0176347564156532,0.07121165711438625,0.1275381024142983,0.5566442525533878,0.8461538461538461,0.8461538461538461
fermi,independent,20.0,1.4,classical,13,0.1829586869748077,0.2491747565879422,0.5207872539137262,1.0772130082040396,0.15384615384615385,0.46153846153846156
fermi,independent,20.0,1.4,moment3_tail,13,0.0638535327696886,0.24148140297036338,0.4419168353166767,1.8828448801006723,0.46153846153846156,0.6923076923076923
fermi,independent,20.0,1.4,moment5_tail,13,0.0242569821122699,0.37580927424616184,0.43269011783601874,3.641225225508801,0.6923076923076923,0.8461538461538461
fermi,independent,20.0,1.4,variance_tail,13,0.0638260438311507,0.2425711512485648,0.4443990478881838,1.8852897717908428,0.46153846153846156,0.6923076923076923
fermi,independent,inf,0.05,classical,13,0.0001404099701559,0.0002893448524102905,0.0006830248735550604,0.001689927554951147,1.0,1.0
fermi,independent,inf,0.05,moment3_tail,13,2.4717115277978815e-08,3.8090546540478424e-07,6.175202111583141e-07,3.5601246491906696e-06,1.0,1.0
fermi,independent,inf,0.05,moment5_tail,13,4.30769839851763e-12,7.284748071678114e-10,5.842232182554766e-10,7.725684407391297e-09,1.0,1.0
fermi,independent,inf,0.05,variance_tail,13,2.4717115277978815e-08,3.809054654047359e-07,6.175202111583141e-07,3.5601246491906696e-06,1.0,1.0
fermi,independent,inf,0.1,classical,13,0.0005615002313443,0.0011566109236524466,0.0027308606027892615,0.00675260538810864,1.0,1.0
fermi,independent,inf,0.1,moment3_tail,13,3.954373646865246e-07,6.088319410748772e-06,9.875370034090235e-06,5.6896697842019493e-05,1.0,1.0
fermi,independent,inf,0.1,moment5_tail,13,2.7565963258393053e-10,4.657048068098525e-08,3.737122779274089e-08,4.93868705058012e-07,1.0,1.0
fermi,independent,inf,0.1,variance_tail,13,3.954373646865246e-07,6.088319410748723e-06,9.875370034090235e-06,5.6896697842019493e-05,1.0,1.0
fermi,independent,inf,0.2,classical,13,0.0022437699595193,0.004614229725298069,0.010903686157192847,0.02689760731663913,1.0,1.0
fermi,independent,inf,0.2,moment3_tail,13,6.324664479747546e-06,9.702127738275364e-05,0.0001576899854079954,0.0009062005254066391,1.0,1.0
fermi,independent,inf,0.2,moment5_tail,13,1.7635667709883586e-08,2.9673238614256184e-06,2.386896551063744e-06,3.146151796947991e-05,1.0,1.0
fermi,independent,inf,0.2,variance_tail,13,6.324664479747546e-06,9.702127738273732e-05,0.0001576899854079954,0.0009062005254066391,1.0,1.0
fermi,independent,inf,0.3,classical,13,0.0050401435700522,0.010336857363433384,0.024459731636550495,0.060103339586731676,0.9230769230769231,1.0
fermi,independent,inf,0.3,moment3_tail,13,3.199895233977654e-05,0.00048791574071392813,0.0007956591079910715,0.004553224123346676,1.0,1.0
fermi,independent,inf,0.3,moment5_tail,13,2.007571179036323e-07,3.35533618803454e-05,2.709661085216103e-05,0.00035563862923628767,1.0,1.0
fermi,independent,inf,0.3,variance_tail,13,3.199895233961939e-05,0.0004879157407139051,0.0007956591079910715,0.004553224123346676,1.0,1.0
fermi,independent,inf,0.5,classical,13,0.0139269062008459,0.02832637087021914,0.06730176202015703,0.16340382605281542,0.8461538461538461,0.9230769230769231
fermi,independent,inf,0.5,moment3_tail,13,0.0002464217084917,0.003687607562832501,0.006075221161241125,0.034318317000802706,1.0,1.0
fermi,independent,inf,0.5,moment5_tail,13,4.294435496896909e-06,0.0007029617205343238,0.0005746075115497737,0.00744326894521788,1.0,1.0
fermi,independent,inf,0.5,variance_tail,13,0.0002464217084917,0.0036876075628324866,0.006075221161241104,0.034318317000802886,1.0,1.0
fermi,independent,inf,0.7,classical,13,0.0270841343832169,0.0544549028141656,0.1300883543166511,0.3106028486055476,0.8461538461538461,0.8461538461538461
fermi,independent,inf,0.7,moment3_tail,13,0.0009438841900179,0.013753512601444095,0.022981910728933255,0.1274954625452821,0.9230769230769231,0.9230769230769231
fermi,independent,inf,0.7,moment5_tail,13,3.2239891270183674e-05,0.005123522354134998,0.004259310127635564,0.05417195646487304,0.9230769230769231,1.0
fermi,independent,inf,0.7,variance_tail,13,0.0009438841900179,0.013753512601444088,0.0229819107289331,0.12749546254528218,0.9230769230769231,0.9230769230769231
fermi,independent,inf,1.0,classical,13,0.0543789251596604,0.10701963085192906,0.25806114964664156,0.5971926702441682,0.46153846153846156,0.8461538461538461
fermi,independent,inf,1.0,moment3_tail,13,0.0039070014243549,0.05407426574826665,0.09275785335880148,0.49748054345517523,0.8461538461538461,0.8461538461538461
fermi,independent,inf,1.0,moment5_tail,13,0.0002723357994566,0.04087356023642849,0.03506532104847565,0.4309657108452578,0.9230769230769231,0.9230769230769231
fermi,independent,inf,1.0,variance_tail,13,0.0039070014243546,0.05407426574826667,0.09275785335880139,0.49748054345517545,0.8461538461538461,0.8461538461538461
fermi,independent,inf,1.4,classical,13,0.1034651674086934,0.19733959911264567,0.48141028167408395,1.0632635768617689,0.3076923076923077,0.46153846153846156
fermi,independent,inf,1.4,moment3_tail,13,0.0148381828406947,0.18923905542702768,0.33733512303329893,1.7200890257801424,0.8461538461538461,0.8461538461538461
fermi,independent,inf,1.4,moment5_tail,13,0.0020270532739219,0.2777771317674644,0.24971274772181096,2.916110710330174,0.8461538461538461,0.8461538461538461
fermi,independent,inf,1.4,variance_tail,13,0.0148381828406944,0.18923905542702774,0.3373351230332987,1.7200890257801436,0.8461538461538461,0.8461538461538461
