schema_version,config_hash,case_id,game_hash,dimension,kernel,sampling_mode,m,beta,exact_norm,error_classical,error_variance_tail,error_moment3_tail,error_moment5_tail,relative_classical,relative_variance_tail,relative_moment3_tail,relative_moment5_tail,skew_signal,fifth_signal,state_min
v3.1,c530bf2cab2728a7,0,05196430ce3c,2,arctan,common,10,0.1,0.061285206903548745,9.8015595881329796e-05,2.7741017888391144e-05,3.7007327944990262e-07,1.7255947298103079e-09,0.0015993353181557777,0.00045265438904449208,6.0385417321398223e-06,2.8156790471900757e-08,2.7370944608941242e-05,3.7179887417971294e-07,0.19477099825156705
v3.1,c530bf2cab2728a7,1,83efd339cd33,3,arctan,common,5,0.5,0.35456090878235946,0.05168159842292043,0.01725251881270632,0.017257800042015228,0.0075988214972871546,0.14576225732387268,0.048658829513821146,0.04867372463953324,0.021431639272877508,7.6137334848082848e-05,0.024855508101862964,0.24415578615760333
v3.1,c530bf2cab2728a7,2,ce29ab41abc3,4,arctan,common,2,0.5,0.30245234049460751,0.053223309854775247,0.024562113527723518,0.026695141329084224,0.023473310250788797,0.17597255080829563,0.081209864296492171,0.088262306998282844,0.077609947446273142,0.003748534249040781,0.049985543577761971,0.092124619683726719
v3.1,c530bf2cab2728a7,3,50e7a7fec3bd,2,arctan,common,2,0.7,0.11387393308634025,0.017004350120338747,0.0059621004814364642,0.0095993165962439606,0.0091822094059517499,0.14932609825152782,0.052357026053679423,0.08429775222539887,0.080634866620350382,0.0036372161148074959,0.018781526002195709,0.15984080489834396
v3.1,c530bf2cab2728a7,4,a72841f613b8,3,fermi,common,2,1,0.20430982581705512,0.0098665713639323662,0.0013410865440652354,0.0012324937217848631,0.00024510962020540431,0.048292201926534738,0.0065639845695237521,0.0060324740469823186,0.0011996957034503201,0.00017940943199668471,0.0014759261489136488,0.03043903231891527
v3.1,c530bf2cab2728a7,5,31221323b007,4,arctan,independent,3,1,0.072772782533105818,0.022333432137484347,0.025588514010092749,0.024307441197595734,0.047522211022816722,0.30689265079735567,0.35162203669279807,0.33401830123147735,0.65302176677383339,0.0014803566542520284,0.071736161803554563,0.037411174943990058
v3.1,c530bf2cab2728a7,6,435f6fa49b6d,2,arctan,independent,1,0.1,0.1998505376361584,0.0036691950480226198,0.0009309251952501344,0.00011269760367434757,4.1415377923193102e-06,0.018359695657675142,0.0046581070346928335,0.00056390943455714528,2.0723175635680619e-05,0.001043622798924482,0.00011683914146666687,0.31822668038076596
v3.1,c530bf2cab2728a7,7,4f04e125a320,3,fermi,independent,2,0.7,0.16086379715287807,0.012934425810311463,0.0067580291661781281,0.0022514045736285347,0.00056548740777490113,0.08040607047227126,0.042010876814971523,0.013995719443877706,0.0035153180378894454,0.0049963611083159989,0.0028164831673943114,0.17985677355384372
v3.1,c530bf2cab2728a7,8,ec3602bd5c77,4,arctan,independent,1,1,0.15576913446105384,0.15168467833371588,0.56524317900551901,0.46564385722320212,2.3858637355324137,0.97377878395826112,3.6287238865466245,2.9893204378022955,15.316665549868219,0.10641794557183601,2.840765617441166,0.03227682088009682
v3.1,c530bf2cab2728a7,9,3ad49962442b,2,arctan,independent,1,0.05,0.26228402873471357,0.00077808963239166923,3.5938477235140343e-05,7.1284335155574577e-06,9.485018658365351e-08,0.0029665917370007527,0.00013702121859463358,2.7178298083744516e-05,3.6163157566711567e-07,4.3066910750697796e-05,7.2232837021411109e-06,0.1792531968312141
v3.1,c530bf2cab2728a7,10,befd94e1e4d5,3,fermi,common,2,0.7,0.20983505134668301,0.033008773593531007,0.012204028808591146,0.0083007281653811275,0.0023188033803979739,0.15730819699419488,0.058160105903508112,0.039558348865494926,0.01105060077196978,0.0039510215024203283,0.010601308360729918,0.11406239265068048
v3.1,c530bf2cab2728a7,11,1ed432d459d3,4,fermi,independent,3,0.05,0.26429526830310279,0.00015978282816413953,8.0081702982159014e-06,1.972351732166435e-07,3.5107849324954656e-10,0.00060456181902165257,3.0300089553748119e-05,7.4626827216008844e-07,1.3283570890376963e-09,8.1695290164373465e-06,1.9758556543759317e-07,0.19483851312780828
v3.1,c530bf2cab2728a7,12,87d3f6dd2b00,2,arctan,independent,5,1,0.21738668739223072,0.07278456436876922,0.073044214341425065,0.076287676351367406,0.13335350923844269,0.3348161069193904,0.33601052216059313,0.35093076428236647,0.61343917071532994,0.0032434620099423299,0.2096411855898101,0.36484880741825249
v3.1,c530bf2cab2728a7,13,8066cf91b031,3,fermi,independent,1,0.7,0.12715845936708217,0.016218518492067426,0.016008322760835074,0.0039428549979268332,0.001475757175520192,0.12754572973590111,0.12589270773265746,0.03100741403719405,0.011605654730842272,0.015580782309953151,0.0052764395855473137,0.06502256942888654
v3.1,c530bf2cab2728a7,14,7b4cc3fd597d,4,fermi,independent,3,0.1,0.24545073473046639,0.00042239010730430642,8.9652246990932906e-06,1.4254888346543087e-06,6.3388161082700689e-09,0.0017208753021991975,3.6525556580379177e-05,5.8076372687157041e-06,2.5825207307816089e-08,7.6952331440788803e-06,1.4318238755988088e-06,0.028029484570632649
v3.1,c530bf2cab2728a7,15,a733e497285e,2,arctan,independent,3,0.2,0.34724559122490262,0.018697219925086522,0.0025816355975708588,0.0021499099562452312,0.00032006297558237484,0.053844369511308734,0.0074346101514613482,0.0061913239809941499,0.00092171933545177182,0.00043172564132562758,0.0024699729318276059,0.17013353891090793
v3.1,c530bf2cab2728a7,16,f76baec2cee8,3,arctan,independent,10,0.3,0.12310898951305435,0.0020685796538166229,7.8074137147100925e-05,7.9222909295708087e-05,4.3852291973220748e-06,0.016802831880910474,0.00063418713333539321,0.00064351847585677221,3.5620706616693246e-05,1.9260545471355024e-05,8.3605587777442898e-05,0.060714240773701293
v3.1,c530bf2cab2728a7,17,2386408f0635,4,arctan,common,3,0.05,0.17720886065182295,0.00037014451804943743,9.9731858572606156e-05,2.291988672054672e-06,2.3337546420412738e-08,0.0020887472369493492,0.00056279273059916385,1.293382657968742e-05,1.316951439932e-07,9.9758222824334629e-05,2.3150163197575899e-06,0.16714636089008661
v3.1,c530bf2cab2728a7,18,a84f015d6fe3,2,fermi,common,5,0.05,0.42010609788018938,0.00023382356947967967,2.996416353838708e-06,2.144750616316298e-07,2.3771560945737853e-10,0.00055658218402334194,7.132522876859693e-06,5.1052594264603182e-07,5.6584660555242155e-10,2.7819412922070782e-06,2.1471277724108719e-07,0.41617255252649399
v3.1,c530bf2cab2728a7,19,72556a528138,3,fermi,independent,3,0.05,0.24852865302543184,7.3841648917813866e-05,3.5099563423146457e-06,4.5214869422393837e-08,3.9674630381624798e-11,0.00029711523407426863,1.4122944375172199e-05,1.8193020753131036e-07,1.5963805339404833e-10,3.5007647891654138e-06,4.525428458971674e-08,0.13278463658169049
v3.1,c530bf2cab2728a7,20,a6cf13c4dce9,4,fermi,independent,3,0.5,0.15061453697604046,0.0062404926348866062,0.0008315691167643497,0.00055245709820737649,6.9924315205604541e-05,0.041433534638687194,0.0055211743398755359,0.0036680197628948695,0.00046426006818138673,0.00032218621735805806,0.00062171426414121334,0.1671960026539796
v3.1,c530bf2cab2728a7,21,cfd5a20e7217,2,fermi,independent,2,0.3,0.37032681218043234,0.0083890560934655831,6.3814235591343494e-05,0.00033521870262434437,1.6115368258630605e-05,0.022653115619881793,0.00017231870200165692,0.00090519695468611536,4.35166121614192e-05,0.00027140446703300086,0.00035133407088297497,0.41465851291075334
v3.1,c530bf2cab2728a7,22,2e2090439bbc,3,fermi,independent,5,1,0.076251729089512499,0.0056872580253491938,0.0012844101444784916,0.00088310602617974862,0.00019773221151880277,0.074585299156598506,0.016844341234160246,0.011581455748276391,0.002593150527598966,0.00062458555109937055,0.0010799200548571738,0.25998821777212305
v3.1,c530bf2cab2728a7,23,92f8559f16cb,4,arctan,common,10,0.2,0.098037136873746655,0.00072729861882359504,1.7701438176956364e-05,1.8247346492574141e-05,9.787023404942457e-07,0.0074186032152307605,0.00018055849794708384,0.00018612688083775113,9.9829755509346394e-06,2.9943181337890979e-06,1.9174578411055363e-05,0.0055198149598282165
v3.1,c530bf2cab2728a7,24,0a42ba356f8f,2,arctan,common,1,0.7,0.026297747774849518,0.066222017955918727,0.001832628204517501,0.14471009445854532,0.29801314371903453,2.5181630960523451,0.069687648547233347,5.5027561940852703,11.332268689718234,0.14654272266306281,0.44272323817757986,0.39090030781648732
v3.1,c530bf2cab2728a7,25,3534442d8da5,3,arctan,common,3,0.5,0.17061611116330597,0.034669539204469017,0.01841932069603882,0.017902696961591618,0.014740356641561101,0.2032020245220858,0.10795768682365926,0.10492969766762514,0.086394869400418475,0.0020413522148093085,0.032387343010322082,0.1105157138017097
v3.1,c530bf2cab2728a7,26,a7f167236a61,4,fermi,common,3,0.1,0.27775401001540584,0.00064297067443588808,4.5462548456358943e-06,2.9125341122942547e-06,1.679723602361921e-08,0.0023148924993026212,1.6367917947912734e-05,1.0486020029495555e-05,6.0475224183757203e-08,7.238881895145092e-06,2.9292642943878118e-06,0.036922181112660178
v3.1,c530bf2cab2728a7,27,54cff000e8e3,2,fermi,common,1,0.2,0.18895864397661222,0.0067466200762828516,0.001227243505216415,0.0001709660030374159,4.1777163068137017e-06,0.035704215135656317,0.0064947730328140654,0.00090478000603442469,2.2109156897478507e-05,0.0013982095082538308,0.00017514371934422961,0.43307247894639728
v3.1,c530bf2cab2728a7,28,49921728b4be,3,fermi,independent,5,0.1,0.32877636946233713,0.00054074547953250444,4.8755005161641058e-06,1.4712652879022876e-06,4.9991894424121091e-09,0.0016447212444641627,1.4829230349301662e-05,4.4749727308818277e-06,1.5205440252860965e-08,3.7117010436566844e-06,1.4762613777611202e-06,0.11726192756819882
v3.1,c530bf2cab2728a7,29,e33de7142818,4,fermi,common,10,0.1,0.13662673544764267,0.00024474041851442512,2.2491452729241969e-06,7.5807123977779283e-07,3.2569051458906587e-09,0.0017913069335409332,1.6461970386360449e-05,5.5484838841684586e-06,2.3837978234785179e-08,1.5717469541070592e-06,7.6126689620202393e-07,0.061385856264239883
v3.1,c530bf2cab2728a7,30,01e838e81153,2,arctan,common,1,0.5,0.12959736418596945,0.012356341869913932,0.0027290712292076381,0.0040614708833696389,0.0022731978312334517,0.095344083172732158,0.021058076654178547,0.031339147280352975,0.01754046346167551,0.0013323996541620006,0.006334668714603091,0.12092974388401206
v3.1,c530bf2cab2728a7,31,bdb58d6fe7be,3,fermi,common,5,0.05,0.17986746621090513,9.2414622272239596e-05,7.0414110512557688e-06,1.0993435423971562e-07,1.911866361065106e-10,0.00051379287326968866,3.9147774745430072e-05,6.1119643566230677e-07,1.0629306129343763e-09,7.1511141951524176e-06,1.1012507933969267e-07,0.28814438512580048
v3.1,c530bf2cab2728a7,32,48ed05456ff3,4,arctan,independent,10,0.7,0.17830473307438507,0.023703523227133774,0.0095642454684905231,0.0097070751394329538,0.0069348477414672878,0.13293827268872976,0.053639885512744727,0.054440928022832472,0.038893234194597691,0.00044829544317120099,0.016597971398386976,0.048686001305254585
v3.1,c530bf2cab2728a7,33,8700c9e5f6e6,2,fermi,independent,10,1,0.03871691405665581,0.0011950860380681683,0.00016909364180295157,7.5341487330922899e-05,6.9796134619828077e-06,0.030867285453570946,0.0043674359365395432,0.0019459579660887506,0.0001802729797051825,0.00024443512913387448,8.2321100792905706e-05,0.19321171857536254
v3.1,c530bf2cab2728a7,34,805b5e62a720,3,fermi,common,10,0.3,0.293856485077098,0.0042272479218980726,0.00015513985569259699,0.0001100292959766139,4.3735305781055144e-06,0.014385416475627502,0.00052794429788368812,0.00037443208356537013,1.4883219531323421e-05,4.5441796563628081e-05,0.00011428580734626406,0.07468849731093144
v3.1,c530bf2cab2728a7,35,b80276e77aa5,4,arctan,common,10,0.5,0.075935529541804325,0.0029841927513091816,0.00071260903572803902,0.0005009155073322874,0.00017238349074682398,0.039299031287670316,0.0093843954210621611,0.0065965893746289268,0.0022701295663174739,0.00021727924145997326,0.00067245672856252724,0.035999914762855932
v3.1,c530bf2cab2728a7,36,cc68d7d4e104,2,arctan,independent,2,0.5,0.31705921248473384,0.076698125973819337,0.047540714681538296,0.044819449938380586,0.03639927608740199,0.24190473877970756,0.14994270095156861,0.14135987277309789,0.11480277075738522,0.0027212647431577052,0.081218726025782575,0.21546908537437562
v3.1,c530bf2cab2728a7,37,fc2deda2e68c,3,fermi,independent,10,0.5,0.10429058752482261,0.0018324422486796265,0.0002087582506618848,5.8365924654248122e-05,2.4036766200696094e-06,0.017570542962407606,0.0020016979059802251,0.00055964709797378623,2.3047876870935269e-05,0.00015203985120329586,6.0763910994315582e-05,0.16982343558087101
v3.1,c530bf2cab2728a7,38,f5761d9dd684,4,arctan,common,5,0.1,0.2314710132318662,0.0016472073732815805,4.0236315882157459e-05,3.4754456036454997e-05,1.1390179293592679e-06,0.0071162576699466077,0.00017382874564018282,0.00015014604010758447,4.9207799864698623e-06,1.8026945553283671e-05,3.5893461291284525e-05,0.05008333767676619
v3.1,c530bf2cab2728a7,39,ff29f2469b2f,2,arctan,independent,1,0.5,0.08439143176465265,0.025531463816110694,0.0012560058535110951,0.019139242512481631,0.017961942167139644,0.3025362087387235,0.01488309686478353,0.2267912999255228,0.2128408274578297,0.020395248365992727,0.037101184679621271,0.18957725747443943
v3.1,c530bf2cab2728a7,40,7fcd658c51a6,3,fermi,common,3,0.2,0.229353150187035,0.0027804873082604709,0.00033583100865829503,8.0833927916746496e-05,3.2012944504100526e-06,0.012123170342299696,0.0014642528711047941,0.00035244306804082398,1.3957926663747289e-05,0.00026768751798010159,8.4033731862552847e-05,0.13491809185995715
v3.1,c530bf2cab2728a7,41,10ca23bba9bb,4,fermi,independent,10,0.5,0.1131413278609724,0.001193174085809058,1.9526288190913817e-05,2.9126304590505689e-05,9.7287903578168574e-07,0.010545873098424524,0.00017258316266985694,0.00025743293932607871,8.5987945711328e-06,1.3980991654796786e-05,3.0097212515893639e-05,0.049827524249053082
v3.1,c530bf2cab2728a7,42,bd6d4fa6b5f1,2,fermi,independent,2,0.1,0.35771717740349296,0.00098459170272780102,1.5543986391499855e-05,4.3628949201915205e-06,2.1911502634215014e-08,0.0027524305930022885,4.3453284810996821e-05,1.2196492636612532e-05,6.1253705492312929e-08,1.1181091471308335e-05,4.3848064228257357e-06,0.47898273499754801
v3.1,c530bf2cab2728a7,43,4870ea0345e8,3,arctan,common,10,0.1,0.39138482747443326,0.0029955997126400323,4.430901433623905e-05,5.2463120652951364e-05,1.3685011180121729e-06,0.0076538473194536806,0.00011321086364578985,0.00013404485041357015,3.4965614963742266e-06,1.6733951547564275e-05,5.3824938866931178e-05,0.3174693400569103
v3.1,c530bf2cab2728a7,44,f46d9809b694,4,arctan,independent,1,0.2,0.23603716621143153,0.010961808509400118,0.0025198279335448205,0.0017531261277094162,0.00048637889156587824,0.046441027425236162,0.010675555777888264,0.0074273308557646564,0.0020606029947427933,0.00082995226896977387,0.0022379243952190832,0.062512224469666464
v3.1,c530bf2cab2728a7,45,4f5b6d8cdc3d,2,arctan,common,1,0.3,0.41892135601320768,0.044926199139790755,0.012716826151331677,0.0099706203178628761,0.002698661088688388,0.10724256115120168,0.030356118084681132,0.023800697135021507,0.0064419277030204804,0.0027462058334688007,0.012669281406551264,0.27218708463329211
v3.1,c530bf2cab2728a7,46,2db459b22c93,3,arctan,common,2,1,0.16574550608251865,0.078646864412679471,0.10936545061484346,0.10780328749244393,0.28404154991873115,0.4745037513929582,0.65983961315002038,0.65041454239352103,1.7137209727865395,0.0015636604573447906,0.39000402337077533,0.069405320909483315
v3.1,c530bf2cab2728a7,47,32b4876152c1,4,arctan,common,1,1,0.18209527738050826,0.11836568397002821,0.27166408606637071,0.27239651934955283,1.0968711257666031,0.65002061378390386,1.4918788118743931,1.4959010649153197,6.0236110543085051,0.048450157308581994,1.3681992452721192,0.18859232698786735
v3.1,c530bf2cab2728a7,48,fe088480b6cc,2,fermi,independent,5,0.3,0.46938573221108226,0.0094185382771665698,0.00034351470944093629,0.00028873633221313113,1.0378780752344808e-05,0.020065668022757589,0.00073183883929062014,0.00061513657616522248,2.2111410808024905e-05,5.4778377227805141e-05,0.00029911511296547597,0.40261795939409145
v3.1,c530bf2cab2728a7,49,c56e779f5f21,3,arctan,common,1,0.7,0.23872672501592732,0.16268113132705392,0.30873410990743511,0.34016053621616216,1.0036335970736872,0.68145337023410424,1.2932532370929022,1.4248950811580372,4.2041107756441054,0.031663720188600065,1.3431511274829631,0.21323986065202383
v3.1,c530bf2cab2728a7,50,90019387800e,4,fermi,independent,10,0.2,0.19199631817988624,0.0020038035876007989,3.4113986082825295e-05,3.1004411163077628e-05,5.3846216735389099e-07,0.010436677154003465,0.0001776804180737624,0.00016148440478962105,2.8045442353190964e-06,5.8535803251011839e-06,3.1542568406129738e-05,0.056631227094116554
v3.1,c530bf2cab2728a7,51,0404157e1e47,2,arctan,independent,5,0.05,0.35314547394426449,0.00054404512107441671,7.3067982731634344e-07,2.1765946195020298e-06,1.2877928177881038e-08,0.0015405694287909269,2.0690618490884686e-06,6.1634504194312645e-06,3.6466354882162551e-08,2.9072744468183731e-06,2.1894725476799108e-06,0.4618136049830156
v3.1,c530bf2cab2728a7,52,b8fd1a0c4579,3,arctan,common,2,0.1,0.20197322856725952,0.0025961629802548872,0.00015220849738786172,9.5353750913795967e-05,5.6781238012485806e-06,0.012853995545208278,0.00075360728977590444,0.00047211084157147102,2.8113249669411989e-05,0.00022297942895555136,0.00010102491515020511,0.12053278708753504
v3.1,c530bf2cab2728a7,53,be93f286a1a5,4,fermi,common,5,0.05,0.15491904835197634,5.8977411474101836e-05,2.7597582180537342e-06,4.4693832065831006e-08,4.4207666029623889e-11,0.00038069825564707226,1.7814195526063127e-05,2.8849797711309551e-07,2.8535978306027285e-10,2.7363632411782464e-06,4.4738028406377975e-08,0.099375743361063973
v3.1,c530bf2cab2728a7,54,0f4932eefbb2,2,arctan,common,2,0.5,0.37770633993027525,0.10105637866240148,0.075973034239997989,0.068280301736091897,0.062201850286956739,0.26755277309101172,0.20114312683769789,0.18077615998899163,0.16468309824621749,0.0076927325039060964,0.13048215202304864,0.31801764934817017
v3.1,c530bf2cab2728a7,55,ceacfc8116d6,3,fermi,common,1,0.3,0.18708523208112646,0.00068783159994214519,6.0427039267498855e-05,1.3458461779230257e-05,4.2798331490218485e-07,0.0036765681197320709,0.00032299203200226756,7.1937595659042801e-05,2.2876381536977588e-06,4.9134749228652536e-05,1.388637494463218e-05,0.018078867873234986
v3.1,c530bf2cab2728a7,56,882df1dfe2e0,4,arctan,independent,5,0.7,0.072116907766391,0.012467637698155076,0.0043356983374158138,0.0074593733152457931,0.0082182750073173296,0.17288092465835633,0.060120413807265329,0.10343445866271768,0.11395767319834162,0.0034766135701056683,0.015640809744367122,0.2015984610510772
v3.1,c530bf2cab2728a7,57,3b8e2610118d,2,arctan,common,5,0.3,0.42375686752686481,0.027746425569035591,0.0044890648003992634,0.0043808818602255727,0.00098472956299282093,0.065477229268211354,0.010593491561796745,0.010338196725384843,0.0023238079154679239,0.00010818294017369065,0.0053656114232183937,0.45098780771783908
v3.1,c530bf2cab2728a7,58,2c0b49eeed43,3,arctan,independent,3,0.05,0.10576147734467707,0.000166255050792892,4.4610748340206583e-05,6.903331027745176e-07,4.368647971994689e-09,0.0015719811690136111,0.00042180526842320839,6.5272641807443677e-06,4.1306608811422406e-08,4.4600913864528722e-05,6.9470174153273762e-07,0.13334888858096292
v3.1,c530bf2cab2728a7,59,b38772cbcd4a,4,fermi,independent,1,0.1,0.072683205101528106,0.00040292580620395949,5.4915295992421191e-05,3.3420443445551753e-06,3.4102780917759782e-08,0.0055435888612937389,0.00075554312603182984,4.5980970980666229e-05,4.6919753841514065e-07,5.7544785152287197e-05,3.3760175618981654e-06,0.033786701829245043
v3.1,c530bf2cab2728a7,60,5029b2313729,2,arctan,common,5,0.3,0.3449459028160351,0.024866961143823273,0.0052947528178733409,0.0047318911516512421,0.0013246058056685301,0.072089452116453179,0.01534951647388348,0.013717777521117077,0.0038400392492122528,0.00056286166622209854,0.0060564969573197727,0.42039441051150833
v3.1,c530bf2cab2728a7,61,859092f65909,3,fermi,common,2,0.5,0.1434968984264893,0.0097103001384003518,0.003634036119639427,0.0011410804050668794,0.00017223780002643629,0.067669059365591464,0.025324840881498729,0.0079519516977674121,0.0012002893575756997,0.0034665945152337861,0.0013131064300132074,0.28229069214350705
v3.1,c530bf2cab2728a7,62,1ff7227b3035,4,fermi,common,10,0.5,0.12715457685907891,0.0031443714315905987,0.00020489528543207587,0.00017703143790506905,1.4924713869824979e-05,0.024728731825952269,0.0016113874191029266,0.00139225376135117,0.00011737457068781355,0.00010787284193307121,0.00019162514923704417,0.055689636129421884
v3.1,c530bf2cab2728a7,63,a99284bc0950,2,arctan,common,10,0.1,0.31549605336020303,0.0033371873699673013,6.6148225442787882e-05,6.5187053021482602e-05,1.5464024809197596e-06,0.010577588322974113,0.00020966419306445714,0.00020661764965743739,4.9014954844909773e-06,9.6117242130527366e-07,6.6733455502402357e-05,0.14944244603984172
v3.1,c530bf2cab2728a7,64,b9c0c768eec0,3,fermi,independent,10,0.7,0.080039423626929174,0.0018221330267752739,0.00023650066558074737,7.4792198313961903e-05,4.028609890911083e-06,0.022765444129987704,0.0029548022070111082,0.00093444199026938206,5.0332819857484099e-05,0.00017251629009166252,7.8805024219488125e-05,0.11395694305557272
v3.1,c530bf2cab2728a7,65,2811ba295fe3,4,fermi,common,1,1,0.26149624084404643,0.06741897202652064,0.030666721198640258,0.031500410370064111,0.01716708934305804,0.25782004287674865,0.1172740422564222,0.12046219199323259,0.065649468947036632,0.01798087316159944,0.048572915278089802,0.068848988813476827
v3.1,c530bf2cab2728a7,66,a8db31dac03d,2,fermi,common,10,0.5,0.43391361006424783,0.019335634266756205,0.0013257453625956325,0.0012812026980499396,9.9486286818382849e-05,0.044561022789520836,0.0030553209944240625,0.0029526676931388189,0.00022927671432950054,4.4542664545692931e-05,0.0013806889848683225,0.41561969452174991
v3.1,c530bf2cab2728a7,67,56a2cd0751ce,3,fermi,independent,10,0.7,0.24254839868969391,0.010509377127818473,0.00072735900434183029,0.00077271728881836649,7.8290736776610924e-05,0.043328989944244993,0.0029988200634232282,0.0031858272121884756,0.00032278397713428222,5.7655750018150128e-05,0.00085006759780740235,0.23058988417859819
v3.1,c530bf2cab2728a7,68,4dcc32952c5c,4,arctan,independent,1,0.2,0.2399601720390897,0.015042027790485694,0.0030734755492337826,0.002252978621002127,0.00049814212486525651,0.062685518445266555,0.012808273652733966,0.0093889690187216358,0.0020759366882938755,0.0015940601539264257,0.0027406426830449168,0.15032212115505189
v3.1,c530bf2cab2728a7,69,d2fe482a435a,2,fermi,common,10,0.7,0.44563535002990784,0.046314774799156702,0.0065452901353369123,0.0064884822003420913,0.00099603719591911184,0.10392975960288695,0.014687546970628877,0.014560070694361726,0.0022350946706814552,5.6807934994820988e-05,0.0074845193962612029,0.33942307810889455
v3.1,c530bf2cab2728a7,70,110558bed0cc,3,fermi,common,2,0.7,0.33039069838453128,0.060972790802342879,0.022574781925916856,0.020271710010196956,0.0081960214808229018,0.18454754053450553,0.068327534752939026,0.061356781862555207,0.02480705879704825,0.0023952620571979044,0.028408429456033016,0.16361936976797098
v3.1,c530bf2cab2728a7,71,88baa5211b25,4,arctan,common,3,0.2,0.20256866157606199,0.0084082730119373929,0.0014609835901319515,0.0011454145762678264,0.00029153253721921047,0.041508261675413161,0.0072122883113554586,0.0056544510259191189,0.0014391788687893544,0.00059051882746742666,0.0014350768880934334,0.084756289058790721
v3.1,c530bf2cab2728a7,72,3cbbab4b599f,2,fermi,common,5,0.7,0.29926239641800251,0.037399164652827381,0.0097560974213085749,0.0073981286523367162,0.0016690882414145986,0.12497114605935698,0.032600478837580021,0.02472121035214591,0.005577340358804239,0.0023579687689718582,0.0090672168937513137,0.23118268543215617
v3.1,c530bf2cab2728a7,73,f1a54a80939f,3,fermi,common,1,0.5,0.24070214789117961,0.038170372420281866,0.011790689421217635,0.0063491762758927459,0.0011327068886353708,0.15857927631596594,0.048984562557988283,0.026377730034894332,0.0047058445408948435,0.0058033584608656128,0.007473635416396715,0.082230198245279842
v3.1,c530bf2cab2728a7,74,bd1e40788ade,4,arctan,common,3,0.5,0.12393424987473153,0.012660017461640489,0.0083460148939474704,0.0041534981993218935,0.00192502689137873,0.10215107990274519,0.067342279494032806,0.033513723635880364,0.015532646490574484,0.0042569253817244159,0.0060781273663240327,0.028551339238368074
v3.1,c530bf2cab2728a7,75,da02b25fe9c9,2,fermi,independent,2,0.3,0.2922523436293803,0.0071897241943699392,0.00036891860021045261,0.00025862230825563062,1.0867808724151924e-05,0.024601083108806768,0.0012623289710151874,0.00088492809003305176,3.718638690519427e-05,0.000110296291954822,0.00026949011697978252,0.15720510302094404
v3.1,c530bf2cab2728a7,76,714852435708,3,fermi,independent,10,0.2,0.29969062080598596,0.0025267346626572504,3.2024689579825123e-05,2.7503771313534317e-05,3.2826524398018003e-07,0.0084311436102400099,0.00010685916527416886,9.1773880809368873e-05,1.095347071914849e-06,4.5454499162504557e-06,2.7831578717014457e-05,0.078183259909178113
v3.1,c530bf2cab2728a7,77,16b3d148e934,4,fermi,independent,1,0.05,0.12628250137367361,9.2124974718629731e-05,4.9636358991572523e-05,1.6452163091086607e-07,4.7071967780224618e-10,0.00072951496617911643,0.00039305809159336403,1.3028062409378616e-06,3.7275130970788496e-09,4.9727607066336192e-05,1.6496121816037723e-07,0.13333407727066734
v3.1,c530bf2cab2728a7,78,419b5191c413,2,fermi,common,2,0.2,0.42253339394466766,0.0068060048859798434,0.00078060180922906181,0.00015835880995137565,3.8290886080735145e-06,0.016107614175629194,0.001847432227643727,0.00037478412883056847,9.0622153490072971e-06,0.00062224299927768616,0.00016218789855944915,0.34308525965757208
v3.1,c530bf2cab2728a7,79,f3fe508cf5b4,3,fermi,common,1,0.2,0.10837142032639382,0.003096230397133757,0.0013878317897129703,9.8951700249459446e-05,3.1772989108526845e-06,0.028570543671094354,0.012806252658986,0.00091307929665806727,2.931860541536941e-05,0.0014483186743685342,0.00010212673936455734,0.1511923696969483
v3.1,c530bf2cab2728a7,80,25005681071c,4,arctan,independent,1,0.5,0.16365147109067421,0.036244800092166518,0.023331687779178378,0.027993071089887044,0.039368202141664706,0.22147555320223425,0.14256937394868277,0.17105297559089433,0.24056124811644378,0.02358451313722431,0.066840505695936567,0.097140995477693878
v3.1,c530bf2cab2728a7,81,5ad9ab1740cd,2,fermi,independent,3,0.7,0.33322338356061804,0.02997644186761007,0.0042168497378689334,0.0049268920789713178,0.0010471807665410351,0.089958998517152181,0.012654723365480229,0.014785553241569094,0.0031425788771229438,0.00071004234110238346,0.0059740728455123524,0.32997739083185068
v3.1,c530bf2cab2728a7,82,1c71e6e4d756,3,fermi,independent,2,0.7,0.1903585131357253,0.041020540023744619,0.015668188754489207,0.014749011269424605,0.0062701259358865979,0.21549096674492851,0.082308841860504633,0.077480176885541152,0.032938510774225313,0.0014766898366774714,0.021010896323297685,0.11134613345388315
v3.1,c530bf2cab2728a7,83,aa2886ee0ca4,4,fermi,independent,5,0.7,0.096152634238353601,0.0049824545612298949,0.0011194445383735504,0.00053181844155675447,7.4718648706548885e-05,0.051818180549051261,0.011642369938597311,0.0055309815042448559,0.00077708374085028371,0.00064791362178732612,0.00060652339900340148,0.20940111138338582
v3.1,c530bf2cab2728a7,84,dbf1fe20ff4f,2,fermi,independent,10,0.05,0.2954106992364835,7.1366640374852559e-05,3.6551320937498322e-07,2.9061065095205665e-08,1.5011536240541172e-11,0.00024158448072228358,1.2373052510274211e-06,9.8375127137631435e-08,5.0815817705113209e-11,3.945742744701889e-07,2.9076076631446207e-08,0.41476781425536052
v3.1,c530bf2cab2728a7,85,0362129faa3d,3,arctan,independent,1,0.7,0.089673839780730569,0.046785452013976429,0.10527340069112881,0.079131281650782662,0.23309170503417037,0.52172910325213762,1.1739588819720679,0.88243440722816768,2.5993278040075398,0.034454950641998348,0.31199944704016352,0.17531985312255416
v3.1,c530bf2cab2728a7,86,b7e8d38addf0,4,arctan,common,3,0.05,0.32415629452801875,0.00053100276731834345,2.2915685710366187e-05,2.3246401951606364e-06,1.7471384593799323e-08,0.0016381072226022923,7.0693323243135257e-05,7.1713560230116212e-06,5.3898026627057113e-08,2.077143313044184e-05,2.3415748123910889e-06,0.044573970714739779
v3.1,c530bf2cab2728a7,87,50549161c6b7,2,arctan,common,10,0.3,0.42968975002675969,0.032176871595768201,0.0046655565752010712,0.0046533846067522335,0.00083780433383803853,0.074883963589460367,0.010857965718080349,0.010829638376206171,0.0019497889670066898,1.2171968448837592e-05,0.0054911889405902725,0.2843950320873464
v3.1,c530bf2cab2728a7,88,db31ffbff623,3,fermi,common,5,0.2,0.063398907461895679,2.1365017331996654e-05,6.0288777774808786e-06,3.3028859586380795e-08,1.4259518767503767e-10,0.00033699346230591686,9.5094348133749524e-05,5.2096890796157588e-07,2.2491742110972641e-09,5.9973563371733138e-06,3.3145003279336472e-08,0.036117864588639796
v3.1,c530bf2cab2728a7,89,86b7435a1759,4,arctan,common,1,0.05,0.18470619031886484,0.0010584538614697603,0.00019877302932273761,1.3815736151219876e-05,2.4176061713942044e-07,0.0057304731348879747,0.0010761579185818769,7.4798446805541714e-05,1.3088928785876669e-06,0.00021198207118538481,1.4055401611938391e-05,0.017562045428186096
v3.1,c530bf2cab2728a7,90,c4fb99d90852,2,fermi,common,1,0.7,0.42425159284645542,0.065430061908249654,0.017946036133897683,0.013964757057527404,0.0030434171969997569,0.1542246700106793,0.042300456701862492,0.032916215974188485,0.0071736140731502836,0.0039812790763702807,0.017008174254527161,0.32744457690105683
v3.1,c530bf2cab2728a7,91,c5c8b1b29db2,3,fermi,independent,2,0.3,0.33205541123393589,0.0067500053319691023,0.00034784998371287072,0.00024175403281627994,1.126763613726049e-05,0.020327948600161995,0.0010475660746507378,0.00072805328459460688,3.393299960205239e-05,0.0002202157367784265,0.00025295006087021723,0.1621692219913802
v3.1,c530bf2cab2728a7,92,f2c2696c4214,4,fermi,common,3,0.3,0.17375427214656086,0.0018501403265631276,0.0004317822018671768,4.0200868497442205e-05,1.354224847973731e-06,0.010648027836705756,0.002485016319500741,0.00023136621621327948,7.7939082086652183e-06,0.00039773459521176568,4.1486138308362466e-05,0.0060145313759284507
v3.1,c530bf2cab2728a7,93,b2f28ddc3482,2,fermi,common,1,1,0.23416620595686696,0.13040013698241315,0.18769536627681194,0.078781290798751111,0.04579968899497653,0.55687000799095943,0.80154762515725742,0.33643322048469493,0.19558624528174984,0.10891407547806083,0.12458097979372763,0.30741595939849203
v3.1,c530bf2cab2728a7,94,496a06637e71,3,arctan,independent,5,0.3,0.23101618347171077,0.013746589722558681,0.0018760499947558344,0.0020287364309292556,0.00044768020772806597,0.059504877606299945,0.0081208596149523315,0.0087817935542064997,0.0019378737930837947,0.00015688252190380826,0.002476416634407356,0.17753061080576363
v3.1,c530bf2cab2728a7,95,fc7795ace2e7,4,fermi,independent,5,0.7,0.17597682973632847,0.010543871900259938,0.00091537541685857398,0.0010599272213970073,0.00014355457323738413,0.059916250997691836,0.0052016814840346271,0.0060231066952685141,0.00081575837826193586,0.00035149220619698078,0.0012032575111669214,0.035974905776910406
v3.1,c530bf2cab2728a7,96,23f73c44d75a,2,fermi,common,3,0.05,0.08995364268521204,3.2822588644440624e-05,3.1195274548869033e-05,5.2427504268870228e-09,2.2234491456691342e-11,0.00036488337397632152,0.00034679278812571525,5.8282802901420539e-08,2.4717722143281909e-10,3.1190031798442146e-05,5.2205159354303315e-09,0.33400533639328989
v3.1,c530bf2cab2728a7,97,855399b8bfbf,3,arctan,common,5,0.2,0.15884790542128113,0.0039485619055477338,0.00038570268133343133,0.00033438542606202358,4.3531845030603645e-05,0.024857500607740075,0.0024281256986707364,0.0021050666370148147,0.00027404733424185026,0.00013097704449746672,0.00037789915166190808,0.22914751655073376
v3.1,c530bf2cab2728a7,98,9dfaf4d6d76c,4,arctan,common,5,0.05,0.14311663628652435,0.00024112192501041206,1.1875347536574559e-05,1.0078844458567979e-06,5.803544000387724e-09,0.0016847931258507068,8.2976709379891457e-05,7.0423989272566405e-06,4.0551148706212129e-08,1.1230001900946003e-05,1.0136864747960022e-06,0.11316784926415099
v3.1,c530bf2cab2728a7,99,5cab664f8938,2,arctan,common,10,0.5,0.1172379807613325,0.010218786874894583,0.0034354508824638854,0.0025131609791598027,0.00096130482764196002,0.087162767633276642,0.029303224604811412,0.021436406212727053,0.0081996023933484374,0.00092228990330408254,0.0034744658068017625,0.39217502372098628
v3.1,c530bf2cab2728a7,100,77bdf4b86477,3,fermi,common,10,0.3,0.19374644054884879,0.0020357489032918567,0.00013448571549538017,4.2169586926024535e-05,1.136179577440568e-06,0.010507284146872306,0.00069413257407158733,0.00021765347949911072,5.864260392201146e-06,9.327501904075933e-05,4.3305708582671731e-05,0.24357088312154607
v3.1,c530bf2cab2728a7,101,60f199e71d5f,4,arctan,independent,2,0.3,0.20068386964826657,0.0083088257971198586,0.00118740942906244,0.0013975148531158675,0.00059573967951694355,0.041402559217552079,0.0059168154926630715,0.0069637627357159084,0.0029685478985485036,0.0014020029088645596,0.0019795062518092612,0.078110699287636351
v3.1,c530bf2cab2728a7,102,820f3df8e9d9,2,fermi,common,1,0.2,0.033437939636603277,0.00021973012608891062,1.7348194660802604e-06,1.7348285668807768e-06,1.3861354922088326e-08,0.0065712818575813254,5.1881769179977151e-05,5.1882041349872049e-05,4.1453974355868543e-07,9.1008005163527658e-12,1.7486899218028651e-06,0.017236576055666048
v3.1,c530bf2cab2728a7,103,2939a433e77c,3,fermi,common,5,0.1,0.45125642530560006,0.0009249243708811147,1.9255582265560175e-06,2.8910055462520774e-06,1.2192578291697828e-08,0.0020496647117096162,4.267104286109589e-06,6.406569267782125e-06,2.701917935781361e-08,1.7601534532639619e-06,2.902901433874142e-06,0.12002346711350576
v3.1,c530bf2cab2728a7,104,dc8be3fcc40b,4,arctan,independent,2,0.7,0.20576142460318173,0.070670643780768247,0.074299311575381666,0.078333026291961927,0.14742932733383271,0.34345914894912449,0.36109446519759741,0.38069830845616459,0.71650615570025067,0.0044075968208473048,0.22576145848775872,0.16633942562015167
v3.1,c530bf2cab2728a7,105,3df78b11b689,2,arctan,common,1,0.5,0.38962185856895415,0.058066915097337475,0.016638549143076636,0.016638548863980609,0.0058006011390597653,0.14903402830275489,0.042704352379480254,0.042704351663154873,0.014887771339023043,2.7909602424297286e-10,0.022439150003040375,0.33785668931158552
v3.1,c530bf2cab2728a7,106,2387e6f05acc,3,fermi,common,1,1,0.19645766424658459,0.068948801503329216,0.035442625947733765,0.035706663210590073,0.019322219444074855,0.35096010006913175,0.18040846654497439,0.18175245718982344,0.098353095656387821,0.00035783814468345985,0.055028882285839451,0.22888491821151841
v3.1,c530bf2cab2728a7,107,07e034b709be,4,fermi,independent,5,0.5,0.24542775101748512,0.016855459329083462,0.0018915134715390266,0.0018396455448935175,0.00024239329988034959,0.068677886910525537,0.0077070073115092378,0.0074956704662239061,0.00098763607161555514,7.3656346703570368e-05,0.0020819830956394988,0.069682478001598935
v3.1,c530bf2cab2728a7,108,7eaf5bed171f,2,arctan,independent,2,0.2,0.13708839238348586,0.0029553142373984088,4.9695356960454811e-05,0.00021508599785882514,2.6332009593704762e-05,0.02155772772600123,0.00036250594303738646,0.0015689584954585488,0.00019208051926121214,0.00026478135481927998,0.00024141800745252991,0.12089058586991264
v3.1,c530bf2cab2728a7,109,9536c0bb129b,3,arctan,common,2,1,0.085734104196037983,0.041068786062094083,0.1273998308168659,0.03463675377186106,0.04390536444042633,0.47902507931017713,1.4859877759445161,0.40400204908727239,0.51211084377849392,0.093546920500273606,0.020309903444049739,0.078061353607299808
v3.1,c530bf2cab2728a7,110,e7f766e10c55,4,fermi,independent,3,1,0.17183706218831529,0.022926551479880295,0.0068311848666999138,0.0060120292463556818,0.0020859030418312395,0.13342029471357705,0.039753850419146808,0.034986801856325571,0.012138842548095415,0.0021708087821039634,0.0080976179291496701,0.10433810826983406
v3.1,c530bf2cab2728a7,111,fcd2aac59f7b,2,fermi,common,1,0.5,0.32779376741985544,0.052347182934661042,0.021618431839232122,0.0080883783573619285,0.0012309664426890822,0.15969547971182754,0.065951320579997794,0.024675204843055815,0.0037553076508388761,0.013530053481870192,0.0093193448000510101,0.39348688977376295
v3.1,c530bf2cab2728a7,112,500c398bd6b5,3,arctan,independent,2,0.2,0.33935398485553941,0.017128022833187317,0.0021103827585871905,0.0021572118630989977,0.00039650750591690059,0.05047243762432492,0.0062188241563910481,0.0063568190130942693,0.0011684185941876917,5.0685310548609519e-05,0.0025535511222006921,0.22695372632938088
v3.1,c530bf2cab2728a7,113,7404100e924d,4,fermi,common,1,0.3,0.23002924871898062,0.012477894231330652,0.0017071277200176919,0.0012925650695236955,0.00015186778799695615,0.054244815825897415,0.0074213506739885726,0.0056191335524587178,0.00066021077251131734,0.00090921450146949016,0.0014442950877466159,0.132066349550021
v3.1,c530bf2cab2728a7,114,44bc8ef7f2a9,2,fermi,independent,10,0.2,0.23716090387031549,0.0037991109339170167,7.8919364135990384e-05,7.5558961324403149e-05,1.5590172242333648e-06,0.016019128245498886,0.00033276717556762699,0.00031859788055842609,6.5736687573339143e-06,3.3604028115872371e-06,7.7117978548636504e-05,0.086096502710653833
v3.1,c530bf2cab2728a7,115,eb1445b4185e,3,arctan,independent,10,1,0.15555991364930138,0.036844992335787474,0.026029142821896094,0.025765166950451505,0.0275658223327266,0.23685402923822557,0.16732551601035806,0.16562857580737167,0.1772038932528065,0.00082008612311011719,0.053302370946317991,0.11877286707933486
v3.1,c530bf2cab2728a7,116,727b88709677,4,arctan,common,2,0.5,0.1047829402625301,0.0097793688503411379,0.0022844955661626117,0.003385866474372964,0.0026852913195107527,0.093329780838743992,0.021802170853756207,0.032313146261116463,0.025627180462610102,0.001682901556912784,0.0060273555907940342,0.055933685826578927
v3.1,c530bf2cab2728a7,117,29a151de2bfc,2,fermi,common,10,0.2,0.15632935267809578,0.00046548248752674741,1.7090550345948624e-05,2.7309592576051776e-06,2.2175629985741568e-08,0.0029775757370737767,0.00010932400123948879,1.7469267356518826e-05,1.4185199136213608e-07,1.9821509603553802e-05,2.7531348875909194e-06,0.35261982376326739
v3.1,c530bf2cab2728a7,118,f064e779bc51,3,arctan,common,3,1,0.23744921493661178,0.12993372415149787,0.23475869979869393,0.2419675897535348,0.77728771400449548,0.54720637499763602,0.98866909229985833,1.0190288050357599,3.2734903512399325,0.0091459194160400641,1.0192364167637813,0.20825930658830671
v3.1,c530bf2cab2728a7,119,714a49188046,4,fermi,independent,1,0.7,0.18831135503207772,0.037861765618717264,0.015241447301573136,0.014136101659075483,0.0064067703934467283,0.2010593870575024,0.080937484088396294,0.075067707184558699,0.034022220233906622,0.011002007878882719,0.020523058674033253,0.12221539548740969
v3.1,c530bf2cab2728a7,120,c7da4cd47d89,2,fermi,independent,2,0.7,0.24946358224407927,0.023494908027115138,0.0033391282632788911,0.0042988046902537455,0.0010537037811462887,0.094181715085480233,0.013385233360482385,0.017232193379022851,0.0042238781775983947,0.00095967642697485382,0.0053525084714000333,0.2056070565308665
v3.1,c530bf2cab2728a7,121,5e6c7934c277,3,fermi,independent,1,1,0.22017511142895224,0.072199944393599128,0.03240515119208412,0.051395440250002832,0.050626945688721406,0.32792055344046983,0.14717899303773424,0.23342983644446796,0.2299394575533488,0.023803589048507771,0.10201464109616515,0.19582751758030936
v3.1,c530bf2cab2728a7,122,3ef4cf5a2e97,4,fermi,independent,2,0.05,0.22677176357615636,0.0001321698106625035,9.8474727678098221e-06,1.4340753744703548e-07,1.9893846883201097e-10,0.00058283186838698788,4.342459842670299e-05,6.3238709787109447e-07,8.7726296120284756e-10,9.7657745162272209e-06,1.4360612659248933e-07,0.048790195508541058
v3.1,c530bf2cab2728a7,123,d808423e7d7d,2,fermi,independent,3,0.1,0.23466466021889287,0.00039742321592440059,2.1162112860053044e-05,1.2299739049523781e-06,4.8454969572827125e-09,0.0016935793210349106,9.0180229269772594e-05,5.2414108873703886e-06,2.0648601083618133e-08,2.2392086765005423e-05,1.2348194019096609e-06,0.39422304083080739
v3.1,c530bf2cab2728a7,124,9fe01fd0ebc2,3,arctan,common,10,0.1,0.33934358050142444,0.0020825072665879934,2.2457605080730605e-05,3.3785921789942048e-05,8.5793623847913004e-07,0.0061368694923028076,6.6179548903051475e-05,9.9562578257761465e-05,2.5282229804124103e-06,1.4609500108212863e-05,3.4642286684193554e-05,0.25627574241228102
v3.1,c530bf2cab2728a7,125,d63440469597,4,fermi,independent,5,0.2,0.30449678588168777,0.0027385195296075961,3.3607525304002288e-05,3.9376095089013625e-05,7.0044253955926625e-07,0.0089935909230636282,0.00011037070623484509,0.00012931530615338977,2.3003281874752635e-06,1.6879043102158553e-05,4.0076082071293284e-05,0.025714035305019568
v3.1,c530bf2cab2728a7,126,55223ae2804e,2,arctan,independent,10,0.3,0.46932364107706043,0.030638234872314287,0.0042858716828703108,0.0042801936315621384,0.00080948799451471831,0.065281678123015441,0.0091320174560876079,0.009119919085557749,0.0017247969709282228,5.6780513081719958e-06,0.0050896816260768574,0.45904348313634979
v3.1,c530bf2cab2728a7,127,86ab7657a962,3,arctan,independent,2,0.05,0.33331210511275089,0.00091441200815712469,1.4419832115590734e-05,7.1159176408617082e-06,8.7042263147391469e-08,0.0027434107376562355,4.3262251488624684e-05,2.1349112533595434e-05,2.6114342027256201e-07,1.7394835589161821e-05,7.2027679691769486e-06,0.21049366138653092
v3.1,c530bf2cab2728a7,128,eb6aba93cab2,4,arctan,common,1,0.1,0.13698202220684114,0.0017589874781496311,0.00069701036335895054,9.723753875328209e-05,7.5218010772790941e-06,0.012841009716542088,0.0050883346013572035,0.0007098562073091214,5.4910863163643975e-05,0.0007584793558149701,0.00010469214993942393,0.16834163434819804
v3.1,c530bf2cab2728a7,129,2fbff5d75319,2,fermi,independent,5,0.7,0.27560892959172278,0.017421076323667344,0.0016101530946436991,0.0019415645317571743,0.00028162626612286158,0.063209404533714861,0.0058421659161367609,0.0070446357983877323,0.0010218328794355564,0.00033141143711347534,0.0022231907978800358,0.28251823033413898
v3.1,c530bf2cab2728a7,130,4d8418215d9b,3,arctan,common,5,0.05,0.079520621918893281,0.0001328352082931662,2.1345507182460631e-05,4.0281667468871159e-07,1.549721564502804e-09,0.0016704498165098722,0.0002684273169321021,5.0655624285680609e-06,1.9488297841576689e-08,2.1390918041401342e-05,4.0436254050888554e-07,0.049920386661261626
v3.1,c530bf2cab2728a7,131,1d00b4bc8758,4,arctan,independent,2,0.3,0.28700048134015016,0.024414710882126833,0.0051496806785768989,0.0060250952996514055,0.0023697763872008739,0.085068536359668184,0.017943108159716108,0.020993328204598101,0.0082570467343301701,0.0012723586933729195,0.0083935131807541946,0.064139538688914519
v3.1,c530bf2cab2728a7,132,cfc1d017ccc6,2,fermi,independent,10,0.2,0.17936913604553509,0.002958107922856452,6.1862674665779391e-05,5.9995762569620409e-05,1.2529077784723703e-06,0.016491733126849088,0.00034489029734789369,0.00033448208477956731,6.985080076174889e-06,1.8669120961589882e-06,6.1248670348092784e-05,0.062301273164917861
v3.1,c530bf2cab2728a7,133,0677acf5862b,3,fermi,independent,5,0.5,0.35493200576834694,0.020928124619399923,0.0022155985376066324,0.0019974495334854998,0.00023425007103724789,0.058963757224698009,0.0062423182513799127,0.0056276962940027811,0.00065998576411882006,0.00023385774217772617,0.0022315589104753781,0.15787376943832279
v3.1,c530bf2cab2728a7,134,3861abbd2673,4,fermi,common,3,0.2,0.1451530723413475,0.00086477506813145667,0.00032444057338818579,9.9673516671979031e-06,1.593854347727231e-07,0.0059576766387542841,0.0022351615997849425,6.8667865629177304e-05,1.098050714337663e-06,0.00032091758507121987,1.0122931996238334e-05,0.13798641847362456
v3.1,c530bf2cab2728a7,135,7710f7eecdb9,2,fermi,common,10,0.5,0.018664991462410095,0.00057504962980310203,0.00016599761077929336,2.9875098567356918e-05,1.9499915296548599e-06,0.030808995062291306,0.0088935272814670285,0.0016005953513304918,0.00010447320769377247,0.00019587270934665028,3.1825090097011775e-05,0.3908954952105646
v3.1,c530bf2cab2728a7,136,f47a27f86f0a,3,arctan,independent,10,0.2,0.48583772430358235,0.020153034410207143,0.002000731267651283,0.0019938908786149823,0.00028061222934483703,0.041480999523236368,0.0041181060415166502,0.0041040264657774342,0.00057758427414642802,7.3730328200143399e-06,0.0022744508434346601,0.16288018550041439
v3.1,c530bf2cab2728a7,137,5f3ae3ca73e2,4,fermi,independent,10,0.5,0.12313461852752774,0.0049190090848439073,0.00028547733327378061,0.00028526908538637071,1.8988858350494399e-05,0.039948222065139406,0.0023184165159041755,0.0023167252946221335,0.00015421218319890508,5.4409264658109269e-06,0.00030424776721708636,0.03724692001918619
v3.1,c530bf2cab2728a7,138,134234c8ab01,2,fermi,independent,3,0.05,0.27228313532681109,0.00028474601937807743,3.405797055442593e-06,3.8238176473832729e-07,5.3627273346417948e-10,0.0010457717810407451,1.2508292338248362e-05,1.4043534656649557e-06,1.9695407606516346e-09,3.0234152907042659e-06,3.8291803747179149e-07,0.10066093158608297
v3.1,c530bf2cab2728a7,139,e97fa226e173,3,arctan,independent,5,0.7,0.06632078205975532,0.0059366143346375778,0.0012011777651077704,0.0016902739089889878,0.00084489266816403839,0.089513635850805587,0.018111634510363642,0.025486338618052534,0.012739485903570713,0.00059400992467392505,0.0025348529728593545,0.054641854031602106
v3.1,c530bf2cab2728a7,140,aba58745fec0,4,arctan,independent,3,0.5,0.080039161154655217,0.010006872957818611,0.0044648963007050749,0.0041887098673777587,0.0031787095514245107,0.12502471057240203,0.055783896736221465,0.052333255458339299,0.039714428606797456,0.0035074250411716852,0.0073387806208493412,0.17694442693787901
v3.1,c530bf2cab2728a7,141,30c7de7d767d,2,arctan,independent,1,0.5,0.34480744987979167,0.1135861494606679,0.10147260238722432,0.080671117001537784,0.073220767104762746,0.32941906997736509,0.29428773195764812,0.23395990147446558,0.21235262500937641,0.020801485385686536,0.15389188410630053,0.25644533314563667
v3.1,c530bf2cab2728a7,142,368978238cf8,3,fermi,independent,2,0.1,0.1675438881538317,0.00038117089595055838,8.26635029611677e-05,1.8437289516910284e-06,1.3015251252130434e-08,0.0022750510337958938,0.00049338417457084186,1.1004453650963351e-05,7.7682638236140152e-08,8.3802096105918452e-05,1.8564922722851787e-06,0.11789994239259327
v3.1,c530bf2cab2728a7,143,932bd007361e,4,arctan,independent,10,0.2,0.094649138984597536,0.00082835106964444327,6.8824114414679788e-05,2.1157096060782597e-05,8.6633241198488186e-07,0.0087518077663574171,0.00072714992606408909,0.00022353183861741771,9.1530934277792225e-06,4.9360469080101288e-05,2.2022031473809338e-05,0.14388094821356739
v3.1,c530bf2cab2728a7,144,56897fecc6dc,2,fermi,independent,2,0.5,0.048875203453326174,0.00099702584236877295,0.00021212016940233233,6.2999480766861974e-05,5.7858988165224972e-06,0.020399420808977133,0.0043400365505362739,0.0012889865681484868,0.00011838106867519834,0.0002751196501691943,6.8785379583384472e-05,0.071950510787795685
v3.1,c530bf2cab2728a7,145,4a53179fd3da,3,fermi,common,2,0.7,0.3673180705241349,0.070317422756921849,0.027719980470207812,0.021230578710093356,0.0078583467570537812,0.19143469488605405,0.075465877381566099,0.057798895327417291,0.021393847424496484,0.0064970769530364493,0.028987029499719107,0.077015794635854354
v3.1,c530bf2cab2728a7,146,21f45e0615af,4,arctan,independent,10,0.5,0.1050962862546254,0.007068361588170648,0.0014932463582658724,0.0015119614446851648,0.00052973361251751967,0.067256054805262561,0.014208364648091007,0.014386440268897909,0.0050404598620553591,0.00011577492665725102,0.0020414614533315703,0.076174550259592591
v3.1,c530bf2cab2728a7,147,2c58c02c2609,2,fermi,independent,1,0.1,0.059343878023439919,0.00036002024949723332,0.00022702673075502888,1.7669591557556107e-06,8.8088542764563317e-09,0.0060666788468901689,0.0038256133288990116,2.9774918906676255e-05,1.4843745589017573e-07,0.00022879368991078451,1.7757680100320672e-06,0.18824863282094384
v3.1,c530bf2cab2728a7,148,a822aa6a3e06,3,arctan,independent,5,1,0.1042133603624382,0.033357879365068607,0.031646639732732337,0.033553698372592221,0.058899430518336349,0.32009215756074827,0.30367161775294593,0.32197117774436568,0.56518118515220217,0.0024677634841176431,0.092451635104491448,0.12753206821633431
v3.1,c530bf2cab2728a7,149,e1b8a4b36222,4,arctan,common,5,0.1,0.20265715479242527,0.0020264612266561572,5.106023439503868e-05,5.517734684928841e-05,2.3450358126096518e-06,0.0099994556260882654,0.00025195377112314599,0.00027226942421946398,1.157144348055015e-05,1.5433798486259408e-05,5.7512716934094117e-05,0.13437767622430397
v3.1,c530bf2cab2728a7,150,4e4f28eb2f49,2,fermi,independent,5,0.2,0.25235233786314948,0.0013744353470134807,5.459759260127009e-05,1.3208415757700792e-05,1.6071845894509153e-07,0.0054464934173062271,0.00021635461380539432,5.2341166598835746e-05,6.3688119676643953e-07,4.1389176843569295e-05,1.3369134216645883e-05,0.37508335148102734
v3.1,c530bf2cab2728a7,151,3feff94a17da,3,fermi,independent,5,0.05,0.39951981031873923,0.00018528168299467403,1.1737406306345199e-06,1.3926678165954736e-07,1.2701514484246955e-10,0.00046376094053222347,2.9378784238461237e-06,3.4858542195552086e-07,3.1791951628415156e-10,1.0531106921854875e-06,1.3939379466226542e-07,0.11466589589868664
v3.1,c530bf2cab2728a7,152,53d84388b754,4,arctan,common,2,0.2,0.23359753633403574,0.01547796247803118,0.0018225894354512893,0.0030172404989710433,0.00086240109881170995,0.066259099821576337,0.0078022630891323042,0.012916405482361348,0.0036918244616180739,0.0021296308502727662,0.0038750255259041031,0.12123295310713196
v3.1,c530bf2cab2728a7,153,b441ce0623a5,2,arctan,common,2,0.05,0.45093572217405281,0.0018447653684724764,0.00015939203889688526,1.586131367433826e-05,1.6710752522092892e-07,0.0040909719007810857,0.00035346953248330791,3.5174223053049872e-05,3.7057947952153702e-07,0.000143530725222547,1.6028421199559188e-05,0.27075501376821715
v3.1,c530bf2cab2728a7,154,28bf0f00cfbc,3,fermi,common,2,0.5,0.2726066571129232,0.030985487479778133,0.01045735040106123,0.00537026143565474,0.00096511593917656096,0.11366372269824233,0.038360583383440373,0.019699670919739096,0.0035403241776915824,0.0051192607117887708,0.0063351045250092759,0.12180690841313262
v3.1,c530bf2cab2728a7,155,d1072097ce84,4,arctan,common,2,0.3,0.2712676381391671,0.020174813562390679,0.0076127931092690847,0.0032428719680145553,0.00063439417105963102,0.074372356764652092,0.028063771858269106,0.01195451101450915,0.002338628283902302,0.0045139755809168128,0.0038754689029556924,0.046714761243896237
v3.1,c530bf2cab2728a7,156,6a28cccd6811,2,arctan,common,2,0.2,0.44266576955313536,0.013422064394918021,0.0007854171471390677,0.00077388158693205431,5.5138632306421902e-05,0.030320990051856504,0.0017742893197545742,0.001748230019486884,0.00012456041577844058,1.153556020701333e-05,0.00082902021923847631,0.31308870776549835
v3.1,c530bf2cab2728a7,157,d3b9e191a869,3,fermi,common,10,0.3,0.42028972224363731,0.0053823036384645284,9.1208810520678214e-05,8.8785097441116399e-05,1.5446708736083195e-06,0.012806174773278101,0.00021701413499663328,0.00021124736757100298,3.6752525504606341e-06,6.1694298253505495e-06,9.0329667472634437e-05,0.086970905695548995
v3.1,c530bf2cab2728a7,158,5a17d8369784,4,fermi,common,3,0.3,0.12232742240342727,0.0026219899798246489,0.00087981709049446476,0.00011247037202419305,6.0162511993779588e-06,0.021434196260406026,0.0071923128372057875,0.00091942076285457606,4.9181541482471392e-05,0.00082669831666269092,0.00011847091834829018,0.045278193093072058
v3.1,c530bf2cab2728a7,159,059f348a0f6d,2,fermi,common,3,0.7,0.41511477138967251,0.050508588335481552,0.011071286859897299,0.010090426774790771,0.0023599730230264792,0.12167379196455676,0.026670423754939252,0.024307558945713313,0.0056851097230918536,0.00098086008510652736,0.012450399797817251,0.40205900348536894
v3.1,c530bf2cab2728a7,160,274939f22854,3,arctan,common,3,0.3,0.26135232807267983,0.010645394429086441,0.0009947804459139039,0.00092312522509516225,0.00010178756432524775,0.040731967101995926,0.0038062811731956873,0.0035321102050349788,0.00038946492298680234,0.00026639476476113716,0.0010247971448649731,0.28622068453623384
v3.1,c530bf2cab2728a7,161,c4193c31c3d2,4,fermi,common,3,0.7,0.13226266834268419,0.0084403227583758865,0.0019645928697377508,0.0011138305806200077,0.00027597685705409359,0.063814853156504786,0.014853721721745514,0.0084213527110623791,0.0020865816523454304,0.0015799131742795399,0.0013786726650741263,0.088697935137429212
v3.1,c530bf2cab2728a7,162,966a7628fdfd,2,arctan,independent,1,0.3,0.36066531265011215,0.040777431292307875,0.011714531601776794,0.013167664479742786,0.0061270234493200513,0.11306169421362344,0.032480338948318185,0.036509373144283971,0.016988114006028593,0.0014531328779659935,0.019294687929062838,0.30253230113348106
v3.1,c530bf2cab2728a7,163,ef862e9ee230,3,fermi,common,10,0.5,0.046835340460277278,0.00025077791615224488,3.1603106718249189e-05,5.5296455469492353e-06,1.8679018280522289e-07,0.0053544591261152153,0.00067477051319938435,0.000118065663505513,3.9882315569723742e-06,3.688289262083449e-05,5.7164191202695258e-06,0.12726663524023046
v3.1,c530bf2cab2728a7,164,05f97758d8cf,4,fermi,independent,1,0.05,0.25496503662078657,0.00033013391950829078,7.4987124521523903e-06,7.2591999207479545e-07,1.9050872549849035e-09,0.00129482035609182,2.9410748044271425e-05,2.8471354413760953e-06,7.4719549010885328e-09,8.2242575115037668e-06,7.2781547167582763e-07,0.17689517061694485
v3.1,c530bf2cab2728a7,165,c34bd0ed3c1c,2,fermi,independent,3,1,0.38001775074499694,0.098873576052975379,0.044353567246711113,0.04150350798235726,0.01999731777675668,0.26018146746866688,0.11671446178437506,0.10921465616012062,0.052622062357754094,0.0028500592643538559,0.06150082575911394,0.32649639412233522
v3.1,c530bf2cab2728a7,166,92395fe17b93,3,arctan,common,3,0.05,0.2531490966254995,0.0004676431522188539,1.8676849434043031e-05,2.031491183868359e-06,1.3069402719061663e-08,0.0018473032629884114,7.3778060767378336e-05,8.0248802423090638e-06,5.162729353285471e-08,1.6776055651723931e-05,2.0444097707815047e-06,0.1982075900359547
v3.1,c530bf2cab2728a7,167,2a471a2bd93c,4,arctan,independent,2,0.05,0.27981719159932994,0.00091083858075436015,2.1196690068083528e-05,7.9306557771292345e-06,1.0366602971850439e-07,0.0032551201573725653,7.5751921984961725e-05,2.8342274939579608e-05,3.7047770055152193e-07,2.1309950384746984e-05,8.0343165510872951e-06,0.1408814551340557
v3.1,c530bf2cab2728a7,168,c7f88c99719a,2,arctan,independent,10,0.2,0.28891438011256926,0.0058496603308431728,0.00024063572561650436,0.00025747797189537,1.5743573686023387e-05,0.02024703764680726,0.00083289632562680283,0.00089119126502131625,5.4492177509091945e-05,1.6842246278865613e-05,0.00027322154558139336,0.23790664026791344
v3.1,c530bf2cab2728a7,169,03b5ac009ba9,3,fermi,independent,5,0.2,0.33777662936609504,0.0029241782880243257,4.1537313158462621e-05,3.9689817186429845e-05,6.6402578159829404e-07,0.0086571362071796599,0.00012297272678816069,0.00011750314774860437,1.9658724845601969e-06,9.2126959306569259e-06,4.0353627252208336e-05,0.12337694461825013
v3.1,c530bf2cab2728a7,170,c86ac6f81760,4,fermi,independent,5,1,0.17227343925692395,0.022700556810516453,0.0069317927594337069,0.0065221249241893021,0.0025919313724896021,0.13177049757891846,0.04023715315218046,0.037859143883825185,0.015045449743556032,0.0011190406000868875,0.009108360489369206,0.11155230353661742
v3.1,c530bf2cab2728a7,171,c3438fecb471,2,arctan,independent,1,0.7,0.24946783231547118,0.10848336095813718,0.14228577368219139,0.13511509587889789,0.27782176731657432,0.43485911570735769,0.57035719740515534,0.54161329989845952,1.1136576797815256,0.0071706778032935153,0.41293686319547224,0.21477163173746502
v3.1,c530bf2cab2728a7,172,8774cff1cef3,3,arctan,common,2,0.5,0.17955637119798451,0.023713959452021784,0.0075533371059423021,0.0075083524331533641,0.0034515830809794686,0.13206971879529703,0.042066661603523688,0.041816129291644119,0.01922283825380746,6.9939700650688993e-05,0.01087237214722395,0.10417497095608562
v3.1,c530bf2cab2728a7,173,c5e9fff6b39b,4,arctan,common,1,0.05,0.17459182991904368,0.00081306734063648961,5.4368511736608951e-05,1.1503774219843345e-05,2.4940316300792879e-07,0.0046569609873125225,0.00031140352765544091,6.5889533463149555e-05,1.4284927486215955e-06,5.3678044580111131e-05,1.1751826666054015e-05,0.10891561778871672
v3.1,c530bf2cab2728a7,174,1787939c4ea9,2,fermi,independent,1,0.2,0.25792373481742575,0.003305822707261691,0.00023539039384182093,6.3511191626481998e-05,1.5318149708747745e-06,0.012817055047693673,0.00091263564405363732,0.00024624019837274423,5.9390229129517189e-06,0.00017187920221533895,6.5043006597356769e-05,0.12975238422932203
v3.1,c530bf2cab2728a7,175,34417f1cac5d,3,fermi,independent,10,0.7,0.08348172537773306,0.00073191069808112047,0.00014668241882796653,1.4060810978041539e-05,7.9405228661178932e-07,0.0087673163769605295,0.0017570602208359591,0.00016842980801391001,9.5116899299686204e-06,0.00014041406195030635,1.4621548523388231e-05,0.059511572042523449
v3.1,c530bf2cab2728a7,176,e4f8e996d933,4,arctan,common,2,0.7,0.041203100469235296,0.025839404299912355,0.0040684328167544439,0.037647538725435824,0.12537846973625805,0.62712281371169154,0.098740938677471121,0.91370645161874975,3.0429377476064725,0.034208325394132766,0.16276005162936766,0.097240232218565911
v3.1,c530bf2cab2728a7,177,7443c00bf6ca,2,arctan,independent,10,1,0.079152096457822674,0.012025419383840873,0.0051765690934265658,0.0044911506873237632,0.0023614303297775042,0.15192799587119957,0.065400277757456174,0.056740767311412109,0.029834084445707967,0.00068541840610280202,0.0068525810171012674,0.12863204303625414
v3.1,c530bf2cab2728a7,178,5326f5e090d3,3,arctan,independent,1,0.2,0.081210562456168756,0.014597553521867744,0.0077598307179465109,0.0028783113795936561,0.00070367924824233708,0.17974944490436678,0.095551988352927289,0.03544257412509793,0.0086648734716266648,0.010635104348899242,0.0035817769351922696,0.07854345876069771
v3.1,c530bf2cab2728a7,179,b56449db7ceb,4,fermi,independent,10,0.7,0.2031105584021283,0.012881783300390935,0.0015092807971033996,0.0015234959901017503,0.00022704804244388777,0.063422519251249088,0.0074308337733740605,0.0075008212378868937,0.0011178544543921092,6.6415085154382671e-05,0.001750490754836455,0.14137068165144845
v3.1,c530bf2cab2728a7,180,4594e35fc411,2,fermi,independent,2,0.2,0.08661978218688203,0.00028382149041455241,0.00032005141048395441,1.3210771043899003e-07,2.5016536360869863e-08,0.0032766359282941629,0.0036948997377232377,1.5251448006873057e-06,2.8880858078004316e-07,0.00031991930277351546,1.0709117407812018e-07,0.23710937474683771
v3.1,c530bf2cab2728a7,181,db109cc4698f,3,fermi,independent,3,0.05,0.045502291526955778,2.7444815527325091e-05,4.8267208538052116e-06,3.3460693131798422e-08,5.633639113038004e-11,0.00060315238214028516,0.00010607643465485335,7.3536281380413875e-07,1.2381000877067057e-09,4.8599524655360972e-06,3.3517016279100996e-08,0.061615426880566745
v3.1,c530bf2cab2728a7,182,79e7968ad6db,4,arctan,independent,5,0.3,0.28911750747238069,0.018305130902912248,0.0032915571687048271,0.0030882908905349748,0.00078516075646272864,0.063313809886317352,0.011384842092342915,0.010681784432684341,0.0027157150161089254,0.000226323579980587,0.0038733670260890454,0.097443468252474186
v3.1,c530bf2cab2728a7,183,86e551495c9e,2,arctan,common,2,0.3,0.30468948828700759,0.039666343253183363,0.02173681270682987,0.010774273809449073,0.0035270723157748642,0.13018612317803022,0.071340868465913393,0.035361488412426152,0.011575956675119939,0.010962538897380796,0.014301346125223938,0.24730822277926337
v3.1,c530bf2cab2728a7,184,38dbfff0a47b,3,fermi,independent,1,0.5,0.26714732532745922,0.025732895075182696,0.0055923695757641922,0.0051812480257779833,0.0013672171787014944,0.096324734090600661,0.020933653626923926,0.019394721693084527,0.0051178396677773602,0.002351789103844806,0.006545170654048125,0.13809145426635266
v3.1,c530bf2cab2728a7,185,5e1def169416,4,fermi,common,1,0.1,0.093442604634559903,0.00070355054928704103,0.00054646318329753705,9.5682278443126533e-06,1.3521104565413325e-07,0.0075292266524303588,0.0058481159149477166,0.00010239684437021599,1.4469956844944926e-06,0.00055575777914244494,9.7030477767063363e-06,0.15056006030902391
v3.1,c530bf2cab2728a7,186,4124173761bd,2,fermi,independent,2,0.05,0.14619056208582862,5.7801579754887806e-05,2.1082269934367792e-05,3.1912202232047058e-08,1.669141741439841e-11,0.0003953851666631697,0.00014421088224553355,2.1829180883312681e-07,1.1417575236217276e-10,2.1050357732135747e-05,3.1928893649461457e-08,0.27539419150464584
v3.1,c530bf2cab2728a7,187,5df8211712eb,3,arctan,common,5,0.2,0.23596746497428259,0.0050937862838140958,0.00053545295815861057,0.00038405606238729777,4.8764593113699474e-05,0.021586816150138549,0.0022691812967392264,0.0016275805752676749,0.00020665812178392553,0.0001733011353711407,0.00043276541422442244,0.27433785627168089
v3.1,c530bf2cab2728a7,188,5aedb0190327,4,arctan,independent,3,0.2,0.19910755082178547,0.0044786321200231101,0.00064868747448726361,0.00030257868089246423,3.3573738326028623e-05,0.022493532272072316,0.003257975259149675,0.0015196745660504473,0.00016862112053238682,0.0003542551170987132,0.00033583969194450706,0.034138954835104783
v3.1,c530bf2cab2728a7,189,ab1cdba8a71b,2,fermi,common,10,1,0.007744709746173359,0.00017800897332282035,0.0004487251266668849,4.0540905317112456e-05,6.3446173831892367e-06,0.022984589372219422,0.057939566668537681,0.0052346578045928205,0.00081921951772616082,0.0004892660319839974,4.6885522700301691e-05,0.18894061176020338
v3.1,c530bf2cab2728a7,190,7fc92f9a4a35,3,fermi,common,3,0.1,0.42693459625646146,0.00082877351661542057,9.0314308413837186e-06,2.4293803219114596e-06,8.4472490741755663e-09,0.001941218921779702,2.1154132086214204e-05,5.6902868570813131e-06,1.9785815317485462e-08,6.6357305600253379e-06,2.4378248476560433e-06,0.033795856620313376
v3.1,c530bf2cab2728a7,191,e9b7ca3ae121,4,arctan,independent,1,0.3,0.14302557077847067,0.019176005106952016,0.0089884254831343602,0.0076467347732211335,0.0047260943984828553,0.13407396315623402,0.062844884549045743,0.053464109470781292,0.033043702414605323,0.0067700651762537326,0.012343954473380136,0.11250706663877166
v3.1,c530bf2cab2728a7,192,2dc3330691b2,2,arctan,common,5,0.7,0.049563299427501005,0.0039830488318505584,0.0022847340562701119,0.00060762310815414065,8.9164387356564429e-05,0.080362866836110977,0.046097295431514189,0.012259537100489945,0.0017990002357891879,0.0016771109481159715,0.00069678749551070499,0.090519969009276863
v3.1,c530bf2cab2728a7,193,1e2059fbd95f,3,arctan,independent,10,0.2,0.21891242306009012,0.0035983552991044792,0.00012368902872431832,0.0001793703493202582,1.4684203920878358e-05,0.016437419351558465,0.00056501603241752266,0.00081937035282379626,6.7077983586375238e-05,6.1758565894515899e-05,0.00019405066486333965,0.27745153020197322
v3.1,c530bf2cab2728a7,194,a5ec3687e337,4,fermi,common,5,0.1,0.12535522835048685,0.00015842336399704123,1.7893067495859772e-05,5.5435832832834953e-07,3.1612226809291185e-09,0.001263795424265014,0.00014273890073281716,4.4222992181737471e-06,2.521811592964037e-08,1.7532507532539254e-05,5.5749634467269677e-07,0.072929567768225637
v3.1,c530bf2cab2728a7,195,0981096d57a4,2,fermi,common,3,0.5,0.45005028601865837,0.032499925054435864,0.0041611503502583264,0.0035084918722293624,0.00042433230190817926,0.072213986001307573,0.0092459675719122007,0.0077957774524865112,0.00094285530992993776,0.00065265847802896426,0.0039328241741375418,0.30761828320700696
v3.1,c530bf2cab2728a7,196,c62acd21cc63,3,arctan,independent,2,0.1,0.15017228663178236,0.0027338420412997624,0.00026617572739669784,0.00012053290833140623,7.3143144950243244e-06,0.018204704094325043,0.0017724690311825123,0.00080263083845123209,4.8706153838882331e-05,0.00038666837726297705,0.0001278469580122545,0.20374646358049439
v3.1,c530bf2cab2728a7,197,c3db113c392b,4,fermi,common,10,0.05,0.26453775534717816,9.9012284498378001e-05,6.4535418680019736e-07,7.0940347383195667e-08,7.698682776002498e-11,0.00037428413334964123,2.4395541799061438e-06,2.6816719333727569e-07,2.9102396993951888e-10,6.7356661556234604e-07,7.1016247734113822e-08,0.16929982674525301
v3.1,c530bf2cab2728a7,198,69a67f99a753,2,arctan,independent,10,0.05,0.45094364960357619,0.00086504632219306364,3.519770010769886e-06,3.4221954805331816e-06,1.8014770706750883e-08,0.001918302481814578,7.8053433369426749e-06,7.588964793143507e-06,3.9949050668720222e-08,9.7574530236704602e-08,3.4402102512399324e-06,0.33805699674767525
v3.1,c530bf2cab2728a7,199,bfc53c0c9b5b,3,arctan,common,5,0.3,0.11558010172850917,0.0042110389264736125,0.00058889040238703559,0.00047131829914126745,0.0001038534449391146,0.036433943762786213,0.0050950846519438467,0.0040778498382737739,0.00089854086807312388,0.00028999601621555905,0.00056610229628438274,0.11700778682959918
v3.1,c530bf2cab2728a7,200,36d8f6d4e286,4,arctan,common,2,1,0.0898057872774847,0.076318725387313768,0.25477063734588162,0.24013240535160915,1.2754894538686592,0.8498196797885843,2.8369066746075444,2.6739079143044604,14.202753436452959,0.014718625565813912,1.5146165001455461,0.050112489732502007
v3.1,c530bf2cab2728a7,201,4b11dc44afcb,2,fermi,independent,5,0.1,0.14479027334391742,0.00014298352259423477,1.2145410109021529e-05,2.5164653113332306e-07,5.6092679627816965e-10,0.00098752160136205335,8.3882776297913194e-05,1.738007155602173e-06,3.8740640743581689e-09,1.1893763577888206e-05,2.5220745792960118e-07,0.34601624585270518
v3.1,c530bf2cab2728a7,202,479a1c8c4478,3,arctan,independent,10,0.5,0.25003407374302222,0.0432875064793369,0.021194269906949129,0.021164952026232992,0.014353658119899413,0.17312642965544986,0.084765526512726369,0.084648270971202574,0.05740680822027356,3.688418669686702e-05,0.035515514740919581,0.1217045672769934
v3.1,c530bf2cab2728a7,203,fe1012bcc45d,4,arctan,independent,5,1,0.16971473880302099,0.087149749043624644,0.15846789338365935,0.16781171876807069,0.59246581010256982,0.513507251393026,0.93373088572810836,0.98878694892163121,3.4909508406940062,0.0095442655663882554,0.76021135588748978,0.12040399449357556
v3.1,c530bf2cab2728a7,204,652b44956e14,2,arctan,common,2,0.05,0.04839965186935246,1.2225589657554691e-05,8.1416912296730409e-05,2.4972425784924638e-07,2.7253282384057721e-09,0.00025259664450801879,0.0016821797089884665,5.1596292164112927e-06,5.6308839695012341e-08,8.1666636554579664e-05,2.5244958608765213e-07,0.12375284396397038
v3.1,c530bf2cab2728a7,205,f43a650c5e20,3,fermi,common,5,0.3,0.10095647248126088,0.0024969969012881791,0.00013762482934308646,8.9888428987760236e-05,3.4338426749018936e-06,0.024733400840165658,0.0013632095690410716,0.00089036816341265244,3.4013100799844892e-05,4.802511354924351e-05,9.3322211381306432e-05,0.04010557959254004
v3.1,c530bf2cab2728a7,206,566e7ca7a8ae,4,arctan,common,10,1,0.10696117755432048,0.023824419198741401,0.020565321222786172,0.018990283915634502,0.028886940719985488,0.22273893896355165,0.19226902407971366,0.17754370650968426,0.27006939695774373,0.0019080523271052083,0.047816597166276488,0.11977275541051188
v3.1,c530bf2cab2728a7,207,e6cc22e95c9d,2,arctan,independent,5,0.1,0.28459891813883048,0.0022227551920220687,3.7303167481373359e-05,3.6952378668552502e-05,8.3769065424840302e-07,0.0078101322610712957,0.00013107276628218406,0.00012984019373723244,2.9434077252527301e-06,3.5078881282085551e-07,3.7790069322800906e-05,0.17234888269188772
v3.1,c530bf2cab2728a7,208,db22dde13408,3,fermi,independent,5,1,0.35838501803725442,0.084638619346893554,0.033811731687491457,0.032530655453097641,0.014939074666465751,0.23616673434182256,0.094344713048179651,0.090770132164721379,0.041684428518473454,0.0012963679626829291,0.047465732297942438,0.05591562510906755
v3.1,c530bf2cab2728a7,209,c1752c6d885b,4,fermi,common,1,0.7,0.28130067281546378,0.052297578577380245,0.027162811690182063,0.017416379798182287,0.0072396758939502759,0.18591345002465745,0.096561488525131092,0.061913750947931848,0.025736432911767616,0.01035128205998696,0.024653860340777448,0.19297426382927002
v3.1,c530bf2cab2728a7,210,fb5fb1f98e53,2,fermi,independent,5,0.7,0.31839297388197879,0.028824410434468255,0.0038910456195852079,0.0039294436496228984,0.00063915916339388548,0.090530924985652558,0.012220890342346349,0.012341489831617503,0.0020074537311580488,3.8398030037690889e-05,0.0045686028130167847,0.2339634151545214
v3.1,c530bf2cab2728a7,211,385e6baaa3ad,3,arctan,independent,2,0.7,0.23298497540734314,0.091984435506137621,0.11376232064147385,0.12517125444716085,0.30409958156424949,0.39480844352866579,0.48828178916934711,0.53725032795919825,1.3052325843439987,0.01141963533555657,0.42919544259339754,0.30473838790832974
v3.1,c530bf2cab2728a7,212,bc817645de4f,4,arctan,common,10,0.05,0.18917698372507918,0.00020254467695455931,2.4854850930217296e-06,6.9912800736918774e-07,4.7644614224586455e-09,0.0010706623658240935,1.3138411682436762e-05,3.6956293181267399e-06,2.518520661785465e-08,2.5423418216508832e-06,7.0375473910034489e-07,0.032929778034269892
v3.1,c530bf2cab2728a7,213,c957930b3e31,2,fermi,common,3,0.2,0.23326948171995479,0.0027704919957532103,0.00050803559958284463,5.0264907537214607e-05,9.7969318511989992e-07,0.011876787204762805,0.0021778914062695639,0.00021547999835468725,4.1998343627995169e-06,0.00045777069204562998,5.1244600722334506e-05,0.37049623136731452
v3.1,c530bf2cab2728a7,214,bb4b987a84ac,3,fermi,common,5,0.5,0.45436797821920116,0.02942194041859347,0.0031149251722323418,0.0028347600837871074,0.00033499451743969409,0.064753551810377397,0.0068555120993354984,0.0062389081530290665,0.00073727580617065922,0.00029273820267959057,0.0031663249627183112,0.12371917039459929
v3.1,c530bf2cab2728a7,215,184fb3de7ee2,4,fermi,common,2,0.5,0.32845321787455717,0.016896964865026395,0.0033070095776270305,0.0014480091903183541,0.00014226430841180718,0.051444053355201663,0.010068434095506543,0.004408570571141056,0.00043313415935581045,0.0018610427306598267,0.0015902683713432655,0.041431614707475105
v3.1,c530bf2cab2728a7,216,0ff91059c2e7,2,arctan,independent,5,0.3,0.44477560488826234,0.030117283409643439,0.0048135822416936818,0.004856657213109042,0.0011273523164312882,0.06771343364753464,0.01082249608294718,0.010919342607221329,0.0025346541133129466,4.3074971415360242e-05,0.0059840095295403302,0.45235207802240868
v3.1,c530bf2cab2728a7,217,cd6b9cf42a0f,3,fermi,common,1,1,0.22442140080975975,0.12598391757594554,0.12478039442235492,0.10618146475509657,0.098782696181985555,0.56137212013368154,0.5560093376661982,0.47313431059592109,0.44016611528827798,0.027717848302836811,0.2044925730622697,0.25259025212878627
v3.1,c530bf2cab2728a7,218,fe81b55540c1,4,fermi,independent,2,0.7,0.11334224792479621,0.017193355610157123,0.0063318792363279454,0.0056400553414275431,0.0023309514389824757,0.15169414693067582,0.055865128425273643,0.049761280058339588,0.02056560092692962,0.0018233819666318252,0.0079694341484849128,0.070267536597971553
v3.1,c530bf2cab2728a7,219,2dbc39bfc279,2,arctan,independent,5,0.3,0.020628135815874468,2.9894531947394752e-05,0.00027641411379566354,8.6037110957569531e-06,1.1204599232448365e-06,0.0014492115145174336,0.013399859117804912,0.00041708621528155403,5.4317071268387806e-05,0.00028501782489142045,9.7241710190017915e-06,0.15105647870301267
v3.1,c530bf2cab2728a7,220,a657213c28d2,3,arctan,independent,2,0.05,0.24093513207061945,0.00081331789721256285,4.0139978981151939e-05,7.3543962998136002e-06,1.0166361605288674e-07,0.0033756716599311668,0.0001666007719014871,3.0524383208912784e-05,4.2195430437719874e-07,4.1984530844552116e-05,7.4558050987536521e-06,0.18146259555388711
v3.1,c530bf2cab2728a7,221,702875213c0f,4,fermi,independent,10,0.1,0.23915345327478885,0.00027761052076835283,1.3794234227233656e-06,5.4470709672112548e-07,1.3785061855965038e-09,0.0011608049851129542,5.7679427323108703e-06,2.2776467964911782e-06,5.7641073826042203e-09,1.8949500133384895e-06,5.4608199047649462e-07,0.024719472960552998
v3.1,c530bf2cab2728a7,222,da9f1a4659ae,2,fermi,common,5,0.7,0.062446214640348739,0.0056423424552220231,0.00052314368190890272,0.0008887018006742013,0.00017474264084173537,0.090355235905305031,0.0083775083072990756,0.014231475931608818,0.0027982903663279516,0.001411845482583104,0.0010634444415159366,0.37868462610165893
v3.1,c530bf2cab2728a7,223,c94822ffeb3f,3,fermi,independent,2,0.5,0.24626509751205919,0.014622528245281293,0.0017094549293757374,0.0019131842704025108,0.00034566709007217029,0.059377184964528935,0.0069415233691084797,0.0077687999222416215,0.0014036381670173279,0.00048656022602163644,0.0022584031179786741,0.072532737630327984
v3.1,c530bf2cab2728a7,224,ca02ee377188,4,arctan,common,5,0.2,0.13384959222122333,0.0033771214806245942,0.0003089596695323679,0.00029966552447834195,4.2913469915761943e-05,0.025230719231799901,0.002308260073155299,0.0022388228421575023,0.00032060964253694256,0.00016359099200824619,0.00034206721214802461,0.075022618608265618
v3.1,c530bf2cab2728a7,225,20af1132a8a2,2,arctan,independent,3,0.3,0.32714461839833631,0.039975169058333031,0.011097983679749219,0.010336558920902459,0.0034196832261274321,0.12219418205332863,0.033923784942829611,0.031596298210586814,0.010453123890192114,0.0007614247588467616,0.01375624214702989,0.15614959374363793
v3.1,c530bf2cab2728a7,226,1f93aa25be1e,3,arctan,common,10,0.1,0.3663704490123475,0.0036067218086313444,9.4127877673758122e-05,7.5325188595976335e-05,2.1344595891125909e-06,0.0098444670369956331,0.00025691995063331597,0.00020559842858242563,5.8259600217938286e-06,1.9673997834792576e-05,7.7453211297953871e-05,0.25384947505490518
v3.1,c530bf2cab2728a7,227,25dc155e943f,4,arctan,independent,1,0.05,0.33465235818341976,0.0014415592363234942,2.5368802885006534e-05,1.8992587844954318e-05,4.2192779694362717e-07,0.0043076320876645055,7.5806436932687431e-05,5.675318694316405e-05,1.2607943336600442e-06,4.3116695061057333e-05,1.9408545432481235e-05,0.041578548159590625
v3.1,c530bf2cab2728a7,228,1d96de395f6e,2,arctan,independent,1,0.1,0.1616356823579905,0.0028329824080631587,0.00094213005042148503,9.0132439585816854e-05,3.4228955034100933e-06,0.017526961663011223,0.0058287256667426722,0.00055762711717448408,2.1176608119419254e-05,0.001032262490007302,9.355533508922695e-05,0.26097064909356127
v3.1,c530bf2cab2728a7,229,1c14cc96d995,3,fermi,common,5,0.05,0.19680572666047019,3.219022881184387e-05,2.4378905510956026e-06,1.5753746682531137e-08,1.3501174461020664e-11,0.00016356347631783371,1.2387294782846733e-05,8.0047196541742644e-08,6.8601532537276872e-11,2.4497620579727624e-06,1.5767156057096818e-08,0.17089314104141537
v3.1,c530bf2cab2728a7,230,c75839d3680f,4,fermi,common,10,0.2,0.1449968184420922,0.00033938738863124608,6.4801792483211495e-06,1.5494217057757276e-06,9.961883659499349e-09,0.0023406540383283528,4.4691871986895751e-05,1.0685901404067874e-05,6.870415341891006e-08,6.0470429399005475e-06,1.5591310159955739e-06,0.17320455869209286
v3.1,c530bf2cab2728a7,231,4546bd4e5dcb,2,arctan,independent,2,0.3,0.37946139400831558,0.034307825611431295,0.0080570855929127886,0.007647859455037636,0.0024694683398959901,0.090411900006564225,0.021232952074002616,0.020154512621829559,0.0065078249826960623,0.00040922613787515211,0.010117327794933626,0.26774514078976364
v3.1,c530bf2cab2728a7,232,a209f83ee88a,3,fermi,common,5,1,0.18526886225404926,0.020162573743170778,0.0071344586521601451,0.0038146686387032923,0.00084578991040378502,0.10882872328283055,0.0385086763385908,0.020589906972454129,0.004565202701164099,0.0033215405720049642,0.004660406948771535,0.093666728074307593
v3.1,c530bf2cab2728a7,233,e0ece7d1fa32,4,fermi,common,5,0.05,0.13049070784082537,6.0422659839809079e-05,1.4322579105204901e-06,8.8503947246546624e-08,1.5702806784355752e-10,0.0004630418582257489,1.0975937936267317e-05,6.7823946019593324e-07,1.2033658981688017e-09,1.344233699214785e-06,8.8660780029138408e-08,0.022695753288973594
v3.1,c530bf2cab2728a7,234,fdccbe06c70a,2,fermi,common,5,1,0.20342012554054947,0.063497044565334448,0.031375667422387184,0.029111702742516073,0.014485749964883554,0.31214730792542472,0.15424072391565211,0.14311122198532411,0.071210997075095137,0.0022639646798711111,0.043597452707399627,0.11717978573047422
v3.1,c530bf2cab2728a7,235,b3d1208b69ee,3,arctan,common,10,0.5,0.44046974515659709,0.083624617853662542,0.034134434139909582,0.034106835226816172,0.01829625963941171,0.18985326182603546,0.077495524982706829,0.077432867073969888,0.041538062127075198,2.7825963231572431e-05,0.052401762460039213,0.071763822837575889
v3.1,c530bf2cab2728a7,236,6c5ce79a36db,4,fermi,independent,10,0.5,0.031690065950032459,0.00067379860833767285,0.00011804465158864088,3.4246078489013171e-05,2.2062486361915882e-06,0.021262139668629585,0.0037249733646742369,0.0010806565862946111,6.9619565944428988e-05,9.7318398042588628e-05,3.6442372863434329e-05,0.028370594275568137
v3.1,c530bf2cab2728a7,237,c058b583d17b,2,fermi,independent,10,1,0.30406342771753486,0.050307251743245018,0.011673432911789686,0.011693376996871842,0.0030728548406291885,0.16544986064545333,0.038391440231457005,0.03845703208915547,0.010105966586299789,1.9944085082155687e-05,0.01476623183750103,0.24076131253049166
v3.1,c530bf2cab2728a7,238,f8c25855a531,3,arctan,independent,1,0.05,0.34636947018338954,0.00097903191978438234,2.6041235494628918e-05,7.6183985813129571e-06,8.9068460435607831e-08,0.0028265537354259947,7.5183403089311158e-05,2.1995006018513418e-05,2.5714870421012988e-07,3.3449797834602195e-05,7.7062851794714771e-06,0.055521668700395099
v3.1,c530bf2cab2728a7,239,cdd23acbcae7,4,fermi,common,2,0.5,0.174082221780824,0.013858045895079626,0.0014339713444376106,0.002129419997703756,0.00046384713968706761,0.07960632483498184,0.0082373221674700015,0.012232265741557315,0.0026645290653003525,0.0013660907152462727,0.0025844950084450776,0.03366308627316867
v3.1,c530bf2cab2728a7,240,35e9d3d2437e,2,arctan,common,5,1,0.086154662953986258,0.036641473061595042,0.04164161248375358,0.050327614995335543,0.11579933720428988,0.4252987801851727,0.4833355625335527,0.58415427870937953,1.3440867067884223,0.0086860025115819625,0.16612695219962542,0.40856570113035123
v3.1,c530bf2cab2728a7,241,4f01da43c282,3,arctan,common,2,0.2,0.39126317936112448,0.017361681564466842,0.0024710432419090375,0.002230561982965507,0.00044865291069449975,0.04437341022688597,0.0063155527334411831,0.00570092485218693,0.0011466780784920377,0.00024925557627648311,0.0026771435015113892,0.18497109489484151
v3.1,c530bf2cab2728a7,242,91c83b548281,4,fermi,common,5,0.05,0.24929392830069558,0.0001480676021292708,2.5316096726479349e-06,1.5645633288861199e-07,2.2942460533974178e-10,0.00059394788769453425,1.0155119660974396e-05,6.2759784787014981e-07,9.2029760573635938e-10,2.3836824237713205e-06,1.5668316995129548e-07,0.03148191024411004
v3.1,c530bf2cab2728a7,243,30961c765d8f,2,fermi,independent,5,0.3,0.1521811767529562,0.0047873393739484328,0.00019847520753814936,0.00018784907429667013,7.6268074246893995e-06,0.031458157152510234,0.0013042033960635271,0.0012343778534556578,5.0116628004989089e-05,1.062613324147923e-05,0.00019547588172135952,0.058351631387086919
v3.1,c530bf2cab2728a7,244,96b787b0e7aa,3,arctan,independent,10,0.05,0.29212815160202427,0.00029749651771065084,1.6232662374116557e-06,6.9121676283180613e-07,2.3348172351992539e-09,0.0010183767503377766,5.5566922547851002e-06,2.3661422531214086e-06,7.9924417499483301e-09,2.0328734209277253e-06,6.9354412827224644e-07,0.15096054836119996
v3.1,c530bf2cab2728a7,245,7bb02cf68d78,4,arctan,independent,5,0.2,0.17769287563056951,0.0038997482240461399,0.00035573087063684925,0.00030845933708313589,3.8712554468787559e-05,0.021946564881722495,0.0020019422240451987,0.0017359127989151069,0.00021786216431812655,5.5037624724463657e-05,0.00034702678174793836,0.038975094383807862
v3.1,c530bf2cab2728a7,246,d9eedc6d2db9,2,arctan,independent,10,0.7,0.099827229520844232,0.04484350870271088,0.04458272722917319,0.044538022815895112,0.056951069670205065,0.44921119135483389,0.44659886328773835,0.44615104545794726,0.57049634597255361,4.4704413278083723e-05,0.10148909248610018,0.056247956809659917
v3.1,c530bf2cab2728a7,247,322d1c643ded,3,fermi,independent,10,0.2,0.26451443734620256,0.0010768641309885142,3.4655983178713886e-06,7.8377793962947378e-06,7.4530765217927603e-08,0.0040710977510051358,1.3101735968141255e-05,2.9630818925911678e-05,2.817644509905523e-07,6.9328383391936379e-06,7.9121528456910071e-06,0.17460885001157189
v3.1,c530bf2cab2728a7,248,4457bc5dd853,4,fermi,independent,10,0.3,0.17237532972113823,0.0016737885166037587,4.3187653268630663e-05,3.6357492592244736e-05,1.0848050892005159e-06,0.0097101396082116022,0.0002505442822850456,0.00021092051078923187,6.2932734687467708e-06,1.0105562948035117e-05,3.7436339267111257e-05,0.052041717631663348
v3.1,c530bf2cab2728a7,249,7e80d935f76f,2,fermi,independent,3,0.7,0.37242995136366575,0.038527454850648069,0.0070717182206404446,0.0069176630762800137,0.0015058726255195395,0.10344886255677986,0.018988049147892355,0.018574400503908829,0.0040433714313409339,0.00015405514436043062,0.0084235357017995536,0.48489085723201997
v3.1,c530bf2cab2728a7,250,74041d238dfe,3,arctan,common,3,0.5,0.30167374188460233,0.05466922157493273,0.023681131732880112,0.02411936643134421,0.015262574747034985,0.18121968863914267,0.078499148069501951,0.079951825706363486,0.050592983836403295,0.0016097852940588802,0.039259233058564075,0.2297815186924137
v3.1,c530bf2cab2728a7,251,7d4d83144c84,4,fermi,independent,1,0.3,0.32859670436072508,0.013101679754639281,0.0019860004359082625,0.00082198588887150083,6.0740094635449635e-05,0.03987161033805315,0.0060438842190215086,0.0025015037520557289,0.00018484693799232602,0.0012407264099193983,0.00088242203709657386,0.16131014009603495
v3.1,c530bf2cab2728a7,252,bcf3b4ad0212,2,fermi,common,5,0.5,0.24012634714530134,0.005863153015566014,0.00017271889615008435,0.00020543390160738335,8.5096509457673401e-06,0.024416950015144313,0.00071928340310599696,0.00085552420236116166,3.5438222614605964e-05,3.2715005457299002e-05,0.00021394355255315069,0.21929593420329208
v3.1,c530bf2cab2728a7,253,7f9e942dbf25,3,arctan,independent,3,1,0.23262201735335034,0.13999549056704322,0.30353397015262212,0.30895734765246802,1.2609851419443556,0.60181530604814404,1.304837665867016,1.3281517853194658,5.4207471686952688,0.0058698368680552299,1.5698515851685058,0.2639869920512174
v3.1,c530bf2cab2728a7,254,69b41232926f,4,fermi,independent,5,0.05,0.36197566162592371,0.00030534156422839999,2.2804857337952113e-06,4.3118992143542842e-07,7.3063363566806461e-10,0.00084354169796075663,6.3001079231452095e-06,1.1912124685361658e-06,2.0184606677316412e-09,1.8956254895857745e-06,4.3192043669166584e-07,0.13142925955725418
v3.1,c530bf2cab2728a7,255,07b36ae53dc5,2,fermi,common,3,0.5,0.30564206156235235,0.010917333968530169,0.00040441310260669382,0.00070825214952995757,5.8612683593043873e-05,0.035719344100494439,0.0013231591899997433,0.0023172600849162605,0.00019176903628196024,0.00030383904692326381,0.00076686483312300149,0.34822743466447886
v3.1,c530bf2cab2728a7,256,eb7d889500ff,3,arctan,common,10,1,0.20591226386193093,0.070182690416768792,0.064953056574072993,0.06475950118613967,0.086681564779606049,0.34083783598158074,0.31544044709073549,0.31450045748398192,0.42096358494571312,0.00084737991633533247,0.15142451229599804,0.26014343318093608
v3.1,c530bf2cab2728a7,257,46f954816d16,4,arctan,common,5,0.3,0.14070311099230803,0.012438349489852271,0.0037206442727376688,0.0039439341211732568,0.0022686199807302877,0.088401382187862587,0.026443226780828388,0.028030184218093543,0.016123452884096563,0.00022604563702628179,0.0062103600441224269,0.083259739113740253
v3.1,c530bf2cab2728a7,258,9fdfef6bc42b,2,fermi,common,3,0.2,0.46090496397140074,0.0032748288843397824,2.8450052978239007e-05,2.8260607700427107e-05,2.4929934598416069e-07,0.0071052150450325513,6.1726505900692227e-05,6.1315476962796791e-05,5.4089099808356535e-07,1.8944527781190137e-07,2.8509907046411268e-05,0.34378161853454936
v3.1,c530bf2cab2728a7,259,08ea51616868,3,fermi,common,2,0.7,0.16876443585643405,0.021681296976409206,0.0021114501384403403,0.0078012503575036387,0.003465229045115282,0.1284707697233867,0.012511226833576042,0.046225677334886313,0.020532934131117009,0.0063403501791203616,0.011255653738053989,0.30828339261614146
v3.1,c530bf2cab2728a7,260,1e0b12974c2d,4,arctan,common,2,0.2,0.25082970362262308,0.0085539211092350055,0.00098711246730527375,0.00063231609465197729,6.1055140336004323e-05,0.034102504550675164,0.0039353890430393317,0.0025208979858434392,0.00024341271968276399,0.0005869440466571399,0.00069334827199371151,0.010026242476786013
v3.1,c530bf2cab2728a7,261,c3b6c59f4661,2,arctan,common,5,0.5,0.20461310412869502,0.028756593737486236,0.0077475335822417253,0.0077476229104891632,0.0025385558730842321,0.14054131019584781,0.037864307934885627,0.037864744506374136,0.012406614346105432,8.9328247438189996e-08,0.010286178783573395,0.14011095009312255
v3.1,c530bf2cab2728a7,262,b987ff8da6d5,3,fermi,common,3,0.7,0.24259646664142284,0.010572718340150876,0.00087219733757952056,0.00086200207580839705,9.9191571013192384e-05,0.043581501769266111,0.0035952598554071218,0.0035532342566328705,0.00040887475562373105,1.5997074307227193e-05,0.0009607308479817043,0.18807607836997786
v3.1,c530bf2cab2728a7,263,9717cb7d7be2,4,fermi,independent,5,0.2,0.21190235527983201,0.0010901755637822382,2.8054707393877151e-05,1.2955475483540867e-05,2.3715857440544394e-07,0.0051447071569477578,0.00013239450480306806,6.1138893272008455e-05,1.1191880056843131e-06,2.0879981409918161e-05,1.3188917179116807e-05,0.066605412704668618
v3.1,c530bf2cab2728a7,264,bd29071c4054,2,fermi,common,3,0.2,0.49593072067476968,0.0036110908888493057,3.4949436443765839e-05,3.3581604900715227e-05,3.3256150984562907e-07,0.0072814422222846151,7.0472416784774267e-05,6.7714306657638921e-05,6.7058057906382896e-07,1.3678315430506107e-06,3.3914166410560856e-05,0.42978393132320936
v3.1,c530bf2cab2728a7,265,13957c0db5e8,3,fermi,common,10,0.05,0.27019127868956788,5.4152087545485183e-05,2.9923292176256615e-07,1.6763827688095667e-08,6.2045842738819073e-12,0.00020042130082112086,1.1074854940316753e-06,6.2044296060925821e-08,2.2963673379741353e-11,2.8685059460510206e-07,1.6770030644786801e-08,0.13805468842341254
v3.1,c530bf2cab2728a7,266,c875e1782d71,4,arctan,independent,10,1,0.14991865347038216,0.031018020535621086,0.029331612856322967,0.029304341730728236,0.065929041331160301,0.20689900701215266,0.19565018880134022,0.1954682826478133,0.43976543148571706,0.00016610761324947618,0.094988457705174542,0.030728924028266345
v3.1,c530bf2cab2728a7,267,57e9d2bc9015,2,arctan,common,1,0.05,0.1633996568045607,0.00020013092453655701,1.6014846135767045e-06,5.2467975880776268e-07,1.9865323796285781e-09,0.0012247940323150733,9.8010280125141916e-06,3.2110211800219534e-06,1.215750643836806e-08,2.126164372384467e-06,5.2666629118739131e-07,0.11249109642745943
v3.1,c530bf2cab2728a7,268,b3b59195ae36,3,arctan,common,10,1,0.064454631905323412,0.054148424101842618,0.11127660616572553,0.11084137722576644,0.30680781696606907,0.84010136279081615,1.7264330409826607,1.7196805559076023,4.7600584767396574,0.00043548925608828556,0.41764178495330584,0.015648061755121099
v3.1,c530bf2cab2728a7,269,f25f44ed8071,4,arctan,common,10,0.2,0.21616097574953153,0.0032902231158484113,0.00014592675748694345,0.00014512088327050252,1.0159346561602817e-05,0.015221170724455068,0.00067508372860062692,0.00067135560786261408,4.6998985484662976e-05,5.6043005241500092e-06,0.00015523627450627888,0.18709342582973151
v3.1,c530bf2cab2728a7,270,99f13c4d9944,2,arctan,common,2,0.3,0.26960712780947377,0.014215015890577078,0.0013893396932707085,0.0013904353854868046,0.00016434423039625833,0.052724926102927665,0.0051532008985034272,0.0051572649313240664,0.00060956930824320518,1.0956922160960473e-06,0.0015547796158830629,0.18155216111372049
v3.1,c530bf2cab2728a7,271,b026dfded4bd,3,arctan,common,3,0.5,0.10867235042266755,0.013397970471688296,0.0049934341728005427,0.0047934361366770732,0.0026988623058431683,0.12328775828974492,0.045949444853076275,0.044109068387990148,0.024834857213875287,0.002553154499593667,0.0074372052359541526,0.061513904213979738
v3.1,c530bf2cab2728a7,272,5885a021d138,4,arctan,independent,5,0.7,0.21452598267072948,0.069475535155492388,0.067259563071006861,0.067713357293809368,0.10445481929551367,0.32385603967668863,0.31352641872869019,0.31564175327769456,0.48690987448284406,0.00089084110764229088,0.17214357234477712,0.023504751643714416
v3.1,c530bf2cab2728a7,273,fdcc3cc04530,2,arctan,independent,2,0.5,0.20268555820611869,0.033354557068366521,0.010635387963777687,0.016543479421472558,0.013240902066856641,0.16456306686856789,0.052472352040800828,0.081621401977978431,0.065327308882024343,0.0059080914576948714,0.029784381488329199,0.30178316318526421
v3.1,c530bf2cab2728a7,274,a019b44e4b69,3,arctan,common,3,0.1,0.23464231010940781,0.0007214958451736335,6.9206329859138477e-06,7.3005138590027582e-06,1.4009345114245255e-07,0.0030748753063214308,2.9494395033389036e-05,3.1113373609383202e-05,5.9705110760770512e-07,5.7218156680587338e-06,7.4387102332662171e-06,0.14545177704612822
v3.1,c530bf2cab2728a7,275,02655479cc0c,4,fermi,common,3,0.5,0.19048108633931288,0.0095987916538312294,0.0022645453848569334,0.001206554844229987,0.00022235917366146478,0.050392360933580842,0.011888557695555099,0.0063342501211941559,0.0011673556568517567,0.0011242233857896638,0.0014261240259163333,0.10800287922962359
v3.1,c530bf2cab2728a7,276,66c8198cccb9,2,fermi,independent,3,1,0.08740199386781515,0.010223205172186726,0.0052003706153891565,0.0020462541906545234,0.00047403192057077128,0.11696764249621211,0.05949945058752415,0.023411985243142544,0.0054235824561129206,0.0031541164247346331,0.0025202861112252947,0.35713636087251383
v3.1,c530bf2cab2728a7,277,affdbb082022,3,fermi,common,10,0.5,0.28360945617890115,0.010838024304068297,0.00075721722784469051,0.00070420808527929524,5.5860959457354912e-05,0.038214608391730277,0.0026699294094306822,0.0024830204703579417,0.0001969643756240545,6.5732168175444897e-05,0.00075990255772088262,0.10458125958651025
v3.1,c530bf2cab2728a7,278,e4d5c2896dd9,4,fermi,common,5,1,0.25948447818178455,0.031776184078281547,0.006301389360809327,0.0064598794977680594,0.0017421388733895741,0.12245890120649301,0.024284263185849687,0.024895051692620025,0.006713846183004058,0.00042763551087093875,0.0081944880877748635,0.051878423720229071
v3.1,c530bf2cab2728a7,279,512f742eb72e,2,arctan,independent,1,0.1,0.14431947235348755,0.0021815369937961946,0.00076626228631017617,7.479968113858904e-05,3.0780872985483963e-06,0.015116026674854156,0.0053094864734076824,0.00051829236844338751,2.1328288195297111e-05,0.00084106196744876524,7.7877768437137435e-05,0.20992141402090284
v3.1,c530bf2cab2728a7,280,712986370f45,3,arctan,independent,3,0.1,0.24462882115971168,0.0014722501873525693,9.7821250488649541e-05,2.8498489042579487e-05,9.2310288983045577e-07,0.0060183022604330672,0.00039987622891247401,0.00011649685800502459,3.7734837843484774e-06,0.00012603934306982138,2.9421408637481771e-05,0.1382642711797791
v3.1,c530bf2cab2728a7,281,49a950825ce5,4,arctan,common,2,1,0.18282346248299061,0.06754549726590621,0.098693642206753626,0.078943609005239751,0.18562464813702167,0.36945748838002923,0.53983028691372592,0.43180239523460751,1.0153218061620055,0.022732330229204574,0.2624919655047056,0.028009632220157451
v3.1,c530bf2cab2728a7,282,5b0ba948c41a,2,fermi,independent,1,1,0.34487383414234302,0.11208896716215572,0.068233239440605192,0.068822054345740985,0.051645494760871435,0.32501441415788068,0.1978498589499911,0.19955719318890228,0.14975185023620929,0.00058881490513579672,0.12046754910661242,0.35781984940124972
v3.1,c530bf2cab2728a7,283,82808ee1122b,3,arctan,common,3,0.3,0.085382975303203795,0.0050770635943475344,0.0016487260330874571,0.00088556758645381094,0.00028180116532050748,0.059462247319425864,0.019309774896373196,0.01037171149528426,0.0033004374035901459,0.0023546493474692208,0.0011634980906393077,0.154094078952109
v3.1,c530bf2cab2728a7,284,110e353b9774,4,arctan,common,2,0.3,0.1715807641689614,0.010519445928590922,0.0028039865604325247,0.0016061901685530983,0.00035958820571656454,0.061309005001470136,0.01634207991795248,0.0093611319213582032,0.0020957372900056899,0.0024229587003559965,0.0019576560138714907,0.03561413691750643
v3.1,c530bf2cab2728a7,285,56ed8cbc8109,2,fermi,independent,10,0.05,0.10054762558044159,1.1561373591085751e-05,5.3851283190953272e-07,2.0956975718343866e-09,4.4712307992167206e-13,0.00011498405381871749,5.3557985959469902e-06,2.0842835022073752e-08,4.4468785547199032e-12,5.3641713433769834e-07,2.0961446949143083e-09,0.1526321531062059
v3.1,c530bf2cab2728a7,286,2315a6e5cd52,3,arctan,common,5,0.2,0.49934179192225114,0.019834188684827978,0.00172170187636152,0.0017268064791826161,0.00020679679888440617,0.039720666296475769,0.0034479426801704463,0.0034581653430912599,0.0004141387767451377,5.1413500340923844e-06,0.0019335074405048029,0.10199506856402588
v3.1,c530bf2cab2728a7,287,df74424ae825,4,fermi,common,10,0.3,0.25263981329565216,0.0034242550560917963,7.1166117162224803e-05,7.3856158320131452e-05,1.9708668491765238e-06,0.013553901150506932,0.00028169003227904757,0.00029233776480708983,7.8010936735062961e-06,1.7981741890591725e-05,7.5816173541142279e-05,0.16563408607182981
v3.1,c530bf2cab2728a7,288,369c0b643184,2,fermi,independent,5,0.7,0.40347974424302957,0.051983321770869652,0.009917485318859439,0.0095601046994978067,0.0019678929570941996,0.12883750055011023,0.024579884022345868,0.023694137898876606,0.0048773029753604452,0.00035738061936163216,0.011527997656592005,0.26019839482198537
v3.1,c530bf2cab2728a7,289,0e0e11c5a586,3,arctan,common,1,0.1,0.16656047065362214,0.00079025060881281065,0.00048156579205260464,7.4841368391458281e-06,1.0212252777229086e-07,0.0047445267518258262,0.0028912369793554745,4.4933451555319996e-05,6.1312583574925212e-07,0.00047412981333329394,7.5858292536076102e-06,0.022931268092785534
v3.1,c530bf2cab2728a7,290,d022653a4927,4,fermi,common,2,0.3,0.31787884432387165,0.0062627022768241723,0.00066312818885174308,0.0001694049231096709,5.9225029707002515e-06,0.019701538459235755,0.0020861035601856953,0.00053292292373213822,1.8631321575669547e-05,0.00056019620212862558,0.00017531988352439403,0.05673606217473931
v3.1,c530bf2cab2728a7,291,a1a1f922363b,2,arctan,independent,1,0.3,0.27983258591104926,0.041895399899068236,0.014947520982238352,0.011708039745517703,0.0041608278298161765,0.14971594449113079,0.053415941297807752,0.04183944377814295,0.014868989672056221,0.0032394812367206476,0.01586886757533388,0.45973819919752251
v3.1,c530bf2cab2728a7,292,27e3e94a6068,3,fermi,common,5,0.1,0.40893785209805639,0.00087070512348883064,4.1119255821083349e-06,2.8041289047221691e-06,1.0411355603429e-08,0.0021291869143970814,1.0055135666732961e-05,6.8571028344174567e-06,2.5459505766007038e-08,1.3454222630166214e-06,2.814531762583339e-06,0.26472284135391566
v3.1,c530bf2cab2728a7,293,d81525ce5062,4,arctan,common,2,0.3,0.20006418718600494,0.012001130815033689,0.0024738547246914251,0.0020318752094101319,0.00056657490856362887,0.0599864022833628,0.012365305152747889,0.010156116584329229,0.0028319656632842002,0.00049812679737284852,0.0025969070162524333,0.045960878855017942
v3.1,c530bf2cab2728a7,294,0cfd7e8206e5,2,arctan,common,5,0.3,0.24549852167397951,0.018556352815135409,0.0026463480822920028,0.0026422773763816799,0.00045772489766759749,0.075586413672087724,0.01077948683457384,0.010762905447922036,0.0018644710955752852,4.0707059103224895e-06,0.0031000022740492778,0.13218362969424491
v3.1,c530bf2cab2728a7,295,d49933f756e6,3,fermi,common,1,0.05,0.18150322974761682,0.00022849569473344512,0.00014887298875178377,4.4603874812112545e-07,8.8874678695204037e-10,0.0012589070456276291,0.00082022225697467798,2.4574700336812163e-06,4.896589378535342e-09,0.00014930321593346503,4.469239088063063e-07,0.16472318686759518
v3.1,c530bf2cab2728a7,296,fcefd7133373,4,fermi,common,1,0.3,0.13595805068926872,0.003175231389404154,0.0001536368519060998,0.00012267103420747716,5.1414732864973554e-06,0.023354493340457826,0.0011300312936762815,0.00090227120487216346,3.7816615201759258e-05,0.00013440215354048007,0.00012774283625530719,0.1102252073169217
v3.1,c530bf2cab2728a7,297,92d2a9b50fdc,2,fermi,independent,3,0.1,0.40060621036144012,0.0014363722087413291,3.6253112466888321e-05,7.1464922604324836e-06,3.8596554030235068e-08,0.0035854966088653163,9.0495632691713819e-05,1.7839194889127361e-05,9.634537116988772e-08,2.9106620206455836e-05,7.1850888144627192e-06,0.19095687192726488
v3.1,c530bf2cab2728a7,298,45e81081a6dd,3,fermi,independent,2,1,0.039285142735074059,0.0012284375365343215,0.00097349874212258436,7.7729787088556604e-05,2.8570188130583421e-05,0.031269774042021324,0.024780328499441538,0.0019786051844775123,0.00072725173288159519,0.00099440518161539445,0.00010181322958474748,0.030991904100217765
v3.1,c530bf2cab2728a7,299,a594f1633b86,4,fermi,common,2,0.05,0.25917385766428075,0.00010288173796714108,1.9954896441113688e-05,7.6784802744950712e-08,1.0466329443153117e-10,0.00039696032190255975,7.6994248652046302e-05,2.9626754579705115e-07,4.0383430402577918e-10,1.9912965779387166e-05,7.6885200607281305e-08,0.029516478682985372
v3.1,c530bf2cab2728a7,300,c91edd101842,2,fermi,common,10,0.1,0.45325985229720028,0.00085717588828290486,4.7903668338273388e-06,2.3968911723314686e-06,7.8439811087586743e-09,0.0018911357005006893,1.056869874873965e-05,5.2881170926205016e-06,1.7305704595286799e-08,2.3934756614958698e-06,2.4047351534402271e-06,0.39870263296409086
v3.1,c530bf2cab2728a7,301,6ba2ae17bc6d,3,arctan,independent,10,0.7,0.21882827758267978,0.065147304682013019,0.061706616176498863,0.061411420918288356,0.097270118989452967,0.29770971741711233,0.28198648208609273,0.28063750076854355,0.4445043394937907,0.00045061411229763328,0.15868010641313199,0.15585776455648459
v3.1,c530bf2cab2728a7,302,b5600a0ae19a,4,fermi,common,3,0.5,0.23199295368790832,0.0068243999737535241,0.00074206177612963606,0.00044165348866258107,7.878647213332396e-05,0.029416410564495597,0.003198639287673818,0.0019037366507981162,0.0003396071772046686,0.00087536920112594899,0.00051513761964395565,0.051928993781493391
v3.1,c530bf2cab2728a7,303,2c26d3af1f6d,2,arctan,independent,10,0.5,0.40796201861982545,0.067090335269110651,0.024398130068367441,0.02439016061949785,0.012140448735863762,0.16445240538833414,0.059804905738305367,0.059785370956865293,0.029758772095833975,7.9694488695945828e-06,0.036530609355361607,0.38121573658316255
v3.1,c530bf2cab2728a7,304,8aac4ef4ec0e,3,arctan,common,2,0.5,0.2051577928368063,0.052465420080340171,0.02983919754504491,0.029632641795477432,0.021863401961733038,0.25573203608246081,0.14544510901801638,0.14443829496181435,0.10656871308380853,0.00020925332138837805,0.051494624308188908,0.11987858577364477
v3.1,c530bf2cab2728a7,305,b2f8f11357a9,4,arctan,independent,1,0.05,0.35472955004632678,0.0020224395219050938,0.00010270351956322192,2.8001045353829912e-05,5.2750411900457868e-07,0.005701356206836922,0.0002895262589480045,7.8936320219651974e-05,1.4870599839671885e-06,9.1593859119466596e-05,2.8527649288806941e-05,0.063591430990898049
v3.1,c530bf2cab2728a7,306,8d82e8a80b33,2,arctan,common,1,0.3,0.35096967610627428,0.019415553377027907,0.0019916524656969125,0.0019927818064886943,0.0002469466898390728,0.055319746117179769,0.0056747138037470685,0.0056779315768729728,0.00070361261000878291,1.1293407917818859e-06,0.0022397284963277674,0.25312992424376313
v3.1,c530bf2cab2728a7,307,f7399643785d,3,fermi,independent,2,0.1,0.18995106896493136,0.0005643711711294558,3.7264132697004671e-05,2.9838618361786727e-06,2.005610038950241e-08,0.002971139747750773,0.00019617753614160682,1.5708581438568011e-05,1.0558561475221365e-07,3.5118486736626954e-05,3.0038936144209538e-06,0.27364424025027889
v3.1,c530bf2cab2728a7,308,4ecca6652fb6,4,fermi,common,2,0.3,0.31455194409334436,0.0070433713181621343,0.00052129348694225283,0.00030626700507478634,1.71341057945449e-05,0.022391758977881218,0.001657257240754987,0.00097366114190634455,5.4471466847651385e-05,0.00024599524226191587,0.00032336611172804121,0.070851528610133427
v3.1,c530bf2cab2728a7,309,2ed4ce866903,2,arctan,common,1,0.1,0.011179305268515655,0.0023271270701206879,0.0024846884345910768,9.1875750128743108e-05,3.9553578726663743e-06,0.20816383614414663,0.22225785725600677,0.0082183774324056918,0.00035381070448142001,0.0025765641847198201,9.5831108001409476e-05,0.22375942271811702
v3.1,c530bf2cab2728a7,310,9b276a8e9874,3,arctan,common,1,0.7,0.1295228403310387,0.074247242229413118,0.20283268183710884,0.13828276769459028,0.42373964937419684,0.57323667423945923,1.5659993350879464,1.0676322982198558,3.2715438318924233,0.076134847718013779,0.56166804531284786,0.11620274585308638
v3.1,c530bf2cab2728a7,311,821b7779e778,4,arctan,common,3,0.2,0.15232941994302282,0.0053811025938059085,0.0011979200442032926,0.00065094240369847553,0.00013985516195904566,0.035325432183872636,0.0078640097536730701,0.004273254660471717,0.0009181099882830052,0.001749481049522384,0.00078916115218920734,0.070235366896825899
v3.1,c530bf2cab2728a7,312,1a5d565787d4,2,arctan,common,5,0.7,0.25705425882078525,0.10250391407563431,0.11822728108515744,0.10989160906763618,0.16966308941694941,0.39876372617151867,0.45993122863443353,0.42750355342002372,0.66002831540416618,0.0083356720175212697,0.27955469848458558,0.21392469822189725
v3.1,c530bf2cab2728a7,313,3189c6bef379,3,fermi,common,10,0.2,0.17548662962205586,0.00071624533009898982,2.8839680846552076e-05,5.7438447874123144e-06,6.3648269232422094e-08,0.0040814809176149868,0.00016434118604171649,3.2730953918157681e-05,3.6269583255146478e-07,2.5196815365334157e-05,5.8060121179583422e-06,0.18254005906035636
v3.1,c530bf2cab2728a7,314,9a475e0db1ce,4,fermi,common,2,0.5,0.33750000291879501,0.017120679894305522,0.002066520422052593,0.0015447536494678643,0.00019650406986373349,0.050727939988862408,0.0061230234197947936,0.0045770478106915554,0.00058223427604240296,0.0014657483648599868,0.0017403308593459932,0.080174226385213904
v3.1,c530bf2cab2728a7,315,c4b5e57fc337,2,arctan,common,2,0.5,0.27011299440277764,0.057627757599063176,0.025897852521823184,0.025575479536213225,0.014407081347199565,0.21334685406927084,0.095877847635888747,0.09468437308157221,0.05333723902862858,0.00032237298560996118,0.039982560883412788,0.16349329634195947
v3.1,c530bf2cab2728a7,316,8e53e3f931ee,3,fermi,common,2,0.05,0.037464560632551658,3.8250841100577677e-05,2.9238562020141679e-05,4.4100426441688078e-08,6.0472471497509173e-11,0.0010209873132034772,0.00078043253481364211,1.1771238124002113e-06,1.6141246681261422e-09,2.9282011239861738e-05,4.4160896246738634e-08,0.078519529752169706
v3.1,c530bf2cab2728a7,317,0b8a0bdd1047,4,fermi,independent,2,0.3,0.14757943363886275,0.0032161623888347381,0.0005267148755477444,0.00014875043550002223,1.0136386021279309e-05,0.021792754651064141,0.0035690262698571721,0.0010079347225577853,6.8684272403997425e-05,0.00067175738213900603,0.00015888012692244385,0.05946100627180273
v3.1,c530bf2cab2728a7,318,3318167d1e9d,2,fermi,common,3,0.5,0.4774403560115289,0.022180247812223157,0.0013841104311644802,0.0013661048767737553,9.1444467969598389e-05,0.046456583598240203,0.0028990227024945033,0.0028613100245358553,0.00019153066308326533,1.800555439072487e-05,0.0014575493447433537,0.42779856212426259
v3.1,c530bf2cab2728a7,319,e2543e5b5e96,3,fermi,common,2,0.7,0.35376966395068493,0.049585524960785554,0.017232362220099121,0.014055583517102423,0.0051745845236762953,0.14016330401833924,0.048710683747324617,0.039730889755040598,0.014626987701233836,0.0032022645811855452,0.019218401300432966,0.20275173504498503
v3.1,c530bf2cab2728a7,320,2298e7eb7c9f,4,arctan,independent,10,1,0.24937471528122682,0.11707154493737078,0.16224420492226929,0.16132785745513803,0.34741130402547782,0.46946036531949897,0.65060407082290594,0.64692949031823099,1.3931296267694677,0.00095539172784985351,0.50863612646263712,0.065230810582759605
v3.1,c530bf2cab2728a7,321,349072fbd12f,2,fermi,independent,1,0.1,0.18905739199905239,0.00049764112372088776,5.1222163126700536e-06,2.3975806083300715e-06,1.6078193232712484e-08,0.0026322225143324842,2.709344637894787e-05,1.2681760723442587e-05,8.5043980892284145e-08,2.7246357043399821e-06,2.4136588015627837e-06,0.10418034762458933
v3.1,c530bf2cab2728a7,322,522e4a941946,3,arctan,common,1,0.05,0.11696730520997949,0.0015989760701517947,0.0013187679177349768,2.7005328722619434e-05,5.2544259680812144e-07,0.01367028219792972,0.011274671288421384,0.00023087929292839155,4.4922176830939883e-06,0.0013457594257707296,2.7529401076716242e-05,0.2646228906946832
v3.1,c530bf2cab2728a7,323,2cc5ff5d8403,4,fermi,independent,3,1,0.076869057168836102,0.013096104486413953,0.0048711242755729049,0.004400126222518781,0.0019833944189775634,0.17036900111379688,0.063369116976079332,0.057241839363975699,0.025802247250427603,0.0016126206257143952,0.0063757156165871196,0.071991704528889255
v3.1,c530bf2cab2728a7,324,f8938e40e0f4,2,fermi,common,3,0.1,0.10736380686205009,0.00044146111403752864,3.6873708697572146e-06,2.2266142608678315e-06,1.1478772116949592e-08,0.0041118243376443838,3.4344636032653481e-05,2.0738965261624618e-05,1.0691472715473352e-07,1.4607566088893829e-06,2.2380930329847812e-06,0.036119308771037036
v3.1,c530bf2cab2728a7,325,73aaceca2b02,3,arctan,common,2,0.05,0.36615514877771943,0.00083807223977381954,2.4110847334448176e-05,4.9651056184531236e-06,4.2727336426822394e-08,0.0022888446129227728,6.5848718541672258e-05,1.3560114162063233e-05,1.1669189022591277e-07,2.8595514213295384e-05,5.0077395011302182e-06,0.11977289169628037
v3.1,c530bf2cab2728a7,326,5f341283fcc6,4,arctan,common,5,0.05,0.13794032404292134,0.00010340196369343364,6.1981214465572393e-06,2.8149126262713995e-07,1.6502441658365097e-09,0.00074961375080762613,4.4933354257081777e-05,2.0406742160439719e-06,1.1963464471223235e-08,5.9412493590988199e-06,2.8308408125571861e-07,0.015804312557591609
v3.1,c530bf2cab2728a7,327,42c2386b3586,2,fermi,independent,1,0.5,0.12254343492832329,0.017955909986266342,0.004376270983568231,0.0022398692319672646,0.00029625723847618695,0.14652690286320855,0.035711998656867666,0.018278165886874181,0.0024175692369768349,0.0066161402155354961,0.0025361264704434516,0.35788310757065916
v3.1,c530bf2cab2728a7,328,541f4b722dc6,3,fermi,independent,3,0.05,0.21162489560756592,0.00020090899620320697,6.8293918909909017e-07,3.0016483212153738e-07,5.320341076677144e-10,0.0009493637108545568,3.2271212096213979e-06,1.4183814775656576e-06,2.5140430956398937e-09,3.9125286383632684e-07,3.0069605904213707e-07,0.094729514915259147
v3.1,c530bf2cab2728a7,329,7978d9e0564d,4,fermi,common,2,1,0.26065990804611072,0.066249555873565014,0.033478084751171734,0.037037012979731061,0.027530276397178633,0.25416089635789124,0.12843588030902497,0.14208941166809289,0.10561760956467663,0.0049803851975619698,0.064561292157107722,0.12693149751757971
v3.1,c530bf2cab2728a7,330,bdba20d8b3e7,2,arctan,independent,3,0.5,0.016134507060762034,0.00079002430225755954,0.0018976421899376181,0.00019931107562415047,0.00037488811140576106,0.048964886208320679,0.11761389317883458,0.012353093582193208,0.023235176010890479,0.0020969532655617687,0.00057419918702991148,0.41504712469114535
v3.1,c530bf2cab2728a7,331,19c02698355c,3,fermi,common,2,0.2,0.10091856200338081,0.00070245668855026743,0.00031217932072300707,6.8579442454634942e-06,7.7653746562557018e-08,0.0069606291905619389,0.0030933786067279569,6.7955231518595659e-05,7.6946941197948878e-07,0.00030543377056843423,6.9349221458407467e-06,0.2995206966185488
v3.1,c530bf2cab2728a7,332,75863f71dc66,4,arctan,independent,3,0.2,0.20667270191705508,0.0053723827012845992,0.0005095277529777012,0.00036765372740697408,3.7893335717408461e-05,0.025994641050566623,0.0024653848730452673,0.0017789176993221207,0.00018334949592238055,0.00020274555592414583,0.00040519620581504445,0.064673530453328187
v3.1,c530bf2cab2728a7,333,fda3e3151fa8,2,arctan,independent,5,0.3,0.40418773872104441,0.027966776021926279,0.0044474237216364614,0.0044545776907114103,0.0010051388920193432,0.069192539364060043,0.011003361298661042,0.011021060917896366,0.0024868119334838438,7.1539690749487513e-06,0.0054597165827307533,0.31898139296971778
v3.1,c530bf2cab2728a7,334,3209d031661f,3,arctan,common,2,1,0.16573137014119579,0.066727868384746578,0.11560764339702996,0.089620687900387894,0.28547142765197248,0.4026266622178854,0.69756041537904001,0.54075874606017582,1.7224948264698678,0.0277004558027148,0.37099181612455706,0.02194425795098413
v3.1,c530bf2cab2728a7,335,e5bcda0382b2,4,fermi,common,3,1,0.079334532365740701,0.007320881167348442,0.00067621855986078829,0.002693689251187726,0.0013983670021683137,0.092278620028897307,0.0085236345346229331,0.033953553022403028,0.017626208417309271,0.0028490584502687288,0.0040790695994516518,0.0078566056121209746
v3.1,c530bf2cab2728a7,336,88ae535e5060,2,fermi,common,5,0.05,0.011461188217326602,1.0233404990774356e-05,4.7323832723112373e-06,1.2236372445651505e-08,1.5890493625068083e-11,0.00089287469996381975,0.00041290511791412647,1.0676355900998998e-06,1.3864612746735474e-09,4.7446196447568891e-06,1.2252262939276574e-08,0.44606884435530553
v3.1,c530bf2cab2728a7,337,b9c7fdac6637,3,fermi,common,3,0.5,0.32251571801450729,0.014614272455469772,0.0011236207947519982,0.0010670711361119986,9.4447579813489198e-05,0.045313365021212387,0.0034839256879302108,0.0033085864548902388,0.00029284643984154842,6.7003838946819643e-05,0.0011609573491253365,0.14173241259010411
v3.1,c530bf2cab2728a7,338,a6f4992b054a,4,arctan,independent,2,0.5,0.10490788907884184,0.019183803499370874,0.0097604814702101205,0.011542475808456043,0.011927059134714209,0.18286330673333437,0.093038584189553061,0.11002485999676803,0.11369077425388494,0.0048184069887424966,0.023440837833983316,0.10859321418468437
v3.1,c530bf2cab2728a7,339,fa227b65ecb6,2,arctan,common,3,1,0.077241034816012924,0.028796969635545986,0.065281569685385399,0.019614749128434236,0.0068449078346987952,0.37281957322477577,0.84516694838287953,0.25394208111214844,0.088617505591467943,0.045666820556951163,0.012769841293735439,0.24131285469902197
v3.1,c530bf2cab2728a7,340,2abd563b1395,3,fermi,common,2,1,0.15889510552291888,0.047886119160383531,0.024908653131404699,0.023892421574888766,0.014191335210585868,0.30136937826241905,0.15676161357790783,0.15036600086742474,0.089312601315708381,0.013092380656169807,0.03801421525417225,0.10888519739700175
v3.1,c530bf2cab2728a7,341,4415939bebb2,4,fermi,common,10,0.7,0.26735047730255762,0.010128921556168114,0.00058345371624738101,0.00063313605369033925,6.838660033569437e-05,0.037886304368573556,0.0021823552444497521,0.0023681874821335218,0.00025579382174920149,7.0915625514459546e-05,0.00069872367572301698,0.028308304151527186
v3.1,c530bf2cab2728a7,342,988431e435d6,2,fermi,independent,2,0.5,0.27279902498115643,0.015338654381764369,0.00030129884961370358,0.0015631517672328498,0.00019570268280653618,0.056226939897691661,0.0011044718713144805,0.0057300489521207943,0.00071738776493081064,0.0012618529176191464,0.0017588544500393862,0.36931958703978696
v3.1,c530bf2cab2728a7,343,8e756f5efe17,3,arctan,common,2,0.05,0.023853422304829446,0.00010714081692035963,0.00011158807453773688,1.3691560197004369e-06,2.0536203339698604e-08,0.0044916329217324731,0.0046780739933969294,5.7398724686278368e-05,8.6093320603059859e-07,0.00011277337204945992,1.3896687805647487e-06,0.14243339941885069
v3.1,c530bf2cab2728a7,344,a5f326e53ab0,4,arctan,common,5,0.5,0.16981873166423564,0.029471370218682215,0.01303395508913466,0.012426618708909083,0.0072302399498204899,0.17354605072043991,0.076752163683010549,0.073175783302155989,0.042576221592068343,0.00067907220235299988,0.019653965024428569,0.063340885634948246
v3.1,c530bf2cab2728a7,345,5cb3d593e9b5,2,arctan,independent,5,0.2,0.25525807468223843,0.0082770134320278681,0.00057004002052129035,0.00055917954043194153,5.0459389669043315e-05,0.032426059165147368,0.002233190943052096,0.0021906438851270189,0.00019767989604974648,1.0860480089348827e-05,0.00060963893010098486,0.14668203718462727
v3.1,c530bf2cab2728a7,346,e74593e0c89e,3,arctan,common,5,0.7,0.011848370095915772,0.003611324217119231,0.0011800862430053508,0.0024859269555515917,0.0026322861173153677,0.30479502141514664,0.099599036276908318,0.20981172392720165,0.22216440708775106,0.0036278206780571321,0.0051164889529192016,0.20075348839780557
v3.1,c530bf2cab2728a7,347,0d198538d267,4,fermi,common,2,1,0.14232673530936116,0.01319261182768903,0.0049896254897125987,0.0057918566951923123,0.0046265404915585891,0.092692436168184358,0.035057541921882471,0.040694088026421334,0.032506475199493255,0.0012096201988218475,0.010357054601553128,0.032629696197083738
v3.1,c530bf2cab2728a7,348,1694a50038ab,2,fermi,independent,2,0.05,0.25578959247573868,0.00021685349232694753,4.5690363703643269e-06,2.3946266256231703e-07,2.7905210090644119e-10,0.00084778074912299575,1.7862479572141679e-05,9.3617046825323728e-07,1.0909439207653022e-09,4.3295737078020094e-06,2.3974171466322349e-07,0.10853143033525892
v3.1,c530bf2cab2728a7,349,a924ee4b5e4a,3,arctan,independent,2,0.1,0.47669427193934638,0.0085489187059486198,0.00045911967732815344,0.00037890680827619574,2.307653979226512e-05,0.017933755887539524,0.00096313235621713305,0.00079486335494378892,4.8409517694396239e-05,8.0435366226061153e-05,0.0004019421713600033,0.078953133932438413
v3.1,c530bf2cab2728a7,350,3b430758619f,4,fermi,independent,2,0.1,0.20102761623891113,0.00041924060359136003,9.8780127910834095e-06,1.8693258528085768e-06,1.2544007107378193e-08,0.002085487613269581,4.9137591023035817e-05,9.2988510125244572e-06,6.2399422238933963e-08,1.0631688451457233e-05,1.881654155949364e-06,0.020200735629163333
v3.1,c530bf2cab2728a7,351,7cf1d4e6d05e,2,arctan,common,3,0.5,0.29018646467404208,0.053821609524447124,0.027725160590319493,0.028355745806825365,0.022683575632861282,0.18547250156861506,0.095542569917802161,0.097715604477543572,0.078168965111246921,0.00063058521650587195,0.051039321439686647,0.48153099518847781
v3.1,c530bf2cab2728a7,352,0a3208dc8438,3,arctan,common,3,0.2,0.12867875281937208,0.0021123669726311536,0.00043526006854010217,0.00012845563968644287,1.3519613294473073e-05,0.016415817890279905,0.0033825325393935235,0.00099826612297647626,0.00010506484558061204,0.00054616078397165763,0.00014196169821431028,0.095045715799829636
v3.1,c530bf2cab2728a7,353,7154aeaef153,4,arctan,independent,5,0.3,0.12650084892336896,0.0037002105008299346,0.00036371739145440036,0.00041576301934312881,8.4121980161489126e-05,0.029250479600112636,0.0028752170009130234,0.0032866421283464084,0.0006649914279424963,0.00022895115253712149,0.00049972095062538456,0.042430262401401818
v3.1,c530bf2cab2728a7,354,a1a5ec517a94,2,arctan,independent,2,0.05,0.1276641936256866,0.00028570543406259346,4.1697050819782048e-05,1.577127360452319e-06,1.1795553500385893e-08,0.0022379449236979185,0.00032661508004380973,1.2353717324032774e-05,9.2395159248572389e-08,4.0119923459329729e-05,1.5889229139527051e-06,0.42909017133361715
v3.1,c530bf2cab2728a7,355,9a4d409946af,3,fermi,independent,3,0.5,0.23745385688534967,0.01172259038088857,0.0009708244684801219,0.0010279504818417025,0.00011642638823181611,0.049367866812745062,0.0040884763095209147,0.0043290536330939863,0.00049031163257975843,0.00048138241646406233,0.001143859934020261,0.19436809272242758
v3.1,c530bf2cab2728a7,356,589f761b2048,4,fermi,common,2,0.5,0.34170231755702285,0.024385217330952589,0.0044927315026728675,0.0032276601348334146,0.00050189245969719045,0.071363921395947855,0.013148086131792554,0.0094458245349617418,0.0014688002799788892,0.0013026219982650072,0.0037295418578989397,0.10335982796096851
v3.1,c530bf2cab2728a7,357,e8a19cece975,2,fermi,common,5,0.5,0.052773741751351654,0.0027131482426514279,0.00049876701307868777,0.00023414998805120824,2.4621469475454775e-05,0.051410950836775528,0.0094510450941431151,0.0044368653857144993,0.00046654773109439725,0.00073291700112989601,0.00025877145752666302,0.38556147818874609
v3.1,c530bf2cab2728a7,358,ea4dc23cacab,3,fermi,common,3,1,0.080623673404826707,0.0081772143999875643,0.007092688830408438,0.0018089321228216331,0.0012273552714590472,0.10142448309106712,0.087972781825441104,0.022436736586518985,0.015223261600798866,0.0070505888782258054,0.0028922334486482719,0.17627688059162652
v3.1,c530bf2cab2728a7,359,8f7a6624f8aa,4,fermi,independent,2,0.2,0.2538038906438877,0.0026452421660404829,0.00013316311267308982,5.176386104734442e-05,1.3699691351868495e-06,0.01042238619482797,0.00052466931194498911,0.00020395219677689773,5.3977467867466757e-06,0.00014744800230047896,5.3126302837051815e-05,0.15681907986745497
v3.1,c530bf2cab2728a7,360,a76cd02aa346,2,arctan,common,5,0.3,0.32903429789115951,0.035383867218063511,0.0079244168964629751,0.007750535693777416,0.0021649141907621578,0.10753853760791848,0.024083862829048522,0.023555403626466923,0.0065796003779468749,0.00017388120268555863,0.0099154498845395733,0.16126042834432441
v3.1,c530bf2cab2728a7,361,0457daf9b6e0,3,fermi,independent,5,0.5,0.064562414451620684,0.0013314394379124711,0.00026575374924153012,5.297610632826736e-05,3.026446967327995e-06,0.020622516199578847,0.0041162300310294388,0.00082054097230153272,4.6876297812496435e-05,0.00027737374065639502,5.5898905730913432e-05,0.11351643366204903
v3.1,c530bf2cab2728a7,362,6e17a271c16e,4,arctan,common,2,0.1,0.19926430744830162,0.0017464157409547616,0.00015579155592329813,4.1706811903121038e-05,1.6078842296913389e-06,0.008764317921852928,0.00078183372586040109,0.00020930397639798946,8.0691030434966312e-06,0.00012944070685039956,4.3293290446557234e-05,0.023773486804221197
v3.1,c530bf2cab2728a7,363,1253abd8f66c,2,fermi,independent,2,0.5,0.40241840262602613,0.031791262550716202,0.0046365173622853828,0.0036626900856194305,0.00046666813646682227,0.079000518721954002,0.011521633533728259,0.0091016962984747669,0.0011596590350280388,0.000973827276665952,0.0041293582220862527,0.24157054364179631
v3.1,c530bf2cab2728a7,364,b6f3c2e4bc9c,3,arctan,independent,5,0.5,0.12972181359786489,0.012941895741868987,0.0030847837840407661,0.0034265999961172371,0.0014199780036450236,0.09976653411575491,0.023779992728158551,0.026414986817403206,0.010946331725263478,0.00034958947862543446,0.0048464770156757923,0.13921267998252401
v3.1,c530bf2cab2728a7,365,42cbde71f379,4,arctan,common,1,0.7,0.14833341624174362,0.046871297416568786,0.071230286599073017,0.043076409403916369,0.058530230644103239,0.31598609810335093,0.48020391091773135,0.29040259771077742,0.39458560402003207,0.040915145173619417,0.10153781599097929,0.048612382485960733
v3.1,c530bf2cab2728a7,366,e195ced5d2f3,2,fermi,independent,5,0.1,0.34051244160256772,0.00075057217240670862,3.7037093484037118e-06,2.3210456367105538e-06,8.1994296302027191e-09,0.0022042430193571195,1.0876869376557263e-05,6.8163313674734502e-06,2.4079677064407413e-08,1.3826637116931579e-06,2.3292450663407566e-06,0.20056300862206769
v3.1,c530bf2cab2728a7,367,36a869eb8d94,3,fermi,common,5,1,0.20475949545816627,0.039685779912647087,0.014505644921170619,0.01423106978788165,0.0073214675343028102,0.19381655450872684,0.070842355265200482,0.069501391161559845,0.035756424960514885,0.001124967260074826,0.021507641276591435,0.18273696536720352
v3.1,c530bf2cab2728a7,368,7af443005715,4,fermi,common,1,0.1,0.16828922390003417,0.00054465598365428477,0.00020007589520702174,2.4939216040234323e-06,1.4717178305411307e-08,0.0032364281623748943,0.0011888812044547144,1.4819259048368134e-05,8.7451697526120202e-08,0.0001998334201473252,2.5081868944014149e-06,0.12169662446699746
v3.1,c530bf2cab2728a7,369,efa538762bcd,2,arctan,common,2,1,0.31355357857399441,0.14389360701780132,0.16999260301622887,0.1707518350015709,0.2960149707559605,0.45891234178290324,0.54214850230488731,0.54456988109697424,0.94406503699368549,0.00075923198534203482,0.46676680575753138,0.43713685144366754
v3.1,c530bf2cab2728a7,370,b818a86a40e6,3,arctan,independent,2,0.7,0.13781070609395296,0.044726361934839767,0.046572904482414912,0.047837386544630177,0.091770761461002173,0.32454925457204614,0.33794837717951798,0.34712387666032901,0.66591895551596059,0.008921672046040427,0.13896704795300491,0.19812069295914289
v3.1,c530bf2cab2728a7,371,611f08cce669,4,fermi,independent,3,0.05,0.28178991344046994,0.00015462886074102568,3.0376971623440997e-06,1.680682356797459e-07,2.5272623936800487e-10,0.00054873809659511494,1.0780006726485737e-05,5.9643098515395044e-07,8.968604883062822e-10,3.0188498938473907e-06,1.6832042407858879e-07,0.18006099602183401
v3.1,c530bf2cab2728a7,372,228ed4583d03,2,fermi,common,5,0.3,0.29878559876320665,0.0063842257168394345,0.00068539479265687891,0.00021450008509673021,8.2190658690700356e-06,0.021367247093790006,0.0022939351678728918,0.00071790637160770807,2.7508239697937397e-05,0.00047089470756014873,0.00022271915096580024,0.25547429272737709
v3.1,c530bf2cab2728a7,373,f32467fd54f0,3,arctan,independent,1,0.1,0.29898539752595321,0.0049357526993730402,0.00051591284524608308,0.00023492508609532513,1.7436661282601337e-05,0.016508340341085039,0.0017255452925633253,0.00078574100286932117,5.8319441106108734e-05,0.00073813949458227906,0.00025212003364154608,0.085614927197935661
v3.1,c530bf2cab2728a7,374,a1894949292f,4,fermi,independent,1,0.05,0.27328239976890611,0.0001976772284189846,3.1137537920179418e-05,3.0647580721965217e-07,6.5950465264700338e-10,0.00072334416188581856,0.00011393905332546127,1.1214619290478098e-06,2.4132715945289401e-09,3.1339901345768503e-05,3.0713518852270858e-07,0.074570896464209099
v3.1,c530bf2cab2728a7,375,b5f4a955cc23,2,fermi,independent,2,1,0.10022737988915809,0.0115487757682671,0.00043747648820044568,0.0034070232048090975,0.0014332539064933394,0.11522575748302454,0.0043648401133926972,0.033992938941204885,0.014300023686924485,0.0029695467166086517,0.0048402771113024365,0.13973317198125343
v3.1,c530bf2cab2728a7,376,185fad659422,3,fermi,common,2,1,0.14005986283012462,0.04330326007162609,0.035923209479726929,0.023111073304825692,0.01408756214750244,0.30917679909588103,0.25648468271954089,0.16500853876214758,0.10058243570171792,0.013225659645789797,0.037098899375204053,0.10586501166114949
v3.1,c530bf2cab2728a7,377,7ab4dc773cdc,4,arctan,independent,3,0.3,0.13815498741903637,0.0044784485727887976,0.0011604587361180941,0.00057300538782474369,0.00013540103818003349,0.032416119435523992,0.0083996876102512275,0.0041475548478519079,0.00098006623365213814,0.00061348398528846568,0.0007066093004298987,0.030897176131003089
v3.1,c530bf2cab2728a7,378,bc198183dc3a,2,fermi,independent,5,0.3,0.16190552365816682,0.0022693127231300956,3.9499746971275967e-05,4.456717277417824e-05,1.0207667788942235e-06,0.014016277344072117,0.00024396787755476634,0.00027526653672590859,6.3047063239755881e-06,5.0674258029022766e-06,4.5587939553072465e-05,0.10021684315395103
v3.1,c530bf2cab2728a7,379,bbba17706797,3,arctan,independent,1,0.7,0.028182198920243668,0.0057589780843798604,0.019630681874119305,0.027764994713402585,0.11504037389703108,0.20434807449475156,0.69656317201062379,0.98519617975794649,4.0820226350185882,0.041385840753319116,0.14280070890049543,0.22478114816762657
v3.1,c530bf2cab2728a7,380,00d9e6895116,4,arctan,independent,2,1,0.11226697548237238,0.05754974851471327,0.089197124335790051,0.1296316616228213,0.57275510196645496,0.5126151147070801,0.79450901703320009,1.1546731446700054,5.1017238106355345,0.04120559531040853,0.70226589609818157,0.11466037233149931
v3.1,c530bf2cab2728a7,381,0846b7435395,2,arctan,independent,2,1,0.20260425283714789,0.17235758429583736,0.45403891051270701,0.43079150283915629,1.5385584615446675,0.85071059408796013,2.2410137208603453,2.1262707806307697,7.5939099994181847,0.023247407673550692,1.9693499643838239,0.16751067400089445
v3.1,c530bf2cab2728a7,382,d5bc79ea821f,3,fermi,independent,10,0.5,0.11886703969355776,0.0039501810331296593,0.00026092082179399097,0.00023079848075370133,1.7322378704911537e-05,0.033231929080705012,0.0021950645230725983,0.0019416524660553981,0.00014572903261971583,3.0223954414508984e-05,0.00024811878414055964,0.12897054947443118
v3.1,c530bf2cab2728a7,383,f73107458062,4,fermi,independent,5,0.2,0.1788638241670398,0.00073745695640138392,3.4918514302030244e-05,6.263167630355045e-06,8.158961011185473e-08,0.0041230078795177578,0.00019522401729161321,3.5016402335812254e-05,4.5615490159518619e-07,3.7140844649908752e-05,6.3435900056927931e-06,0.13408507567808833
v3.1,c530bf2cab2728a7,384,d6c228e903ff,2,fermi,independent,10,0.7,0.30574947298335114,0.016524118180998672,0.0013173049556659958,0.0014048196395041171,0.00014696055937324671,0.054044633404481623,0.0043084455479592164,0.0045946755878156923,0.000480656787203192,8.7514683838121196e-05,0.0015517801988773638,0.33607370179719648
v3.1,c530bf2cab2728a7,385,b8d2b9be7e7b,3,arctan,common,3,0.2,0.17164259532795231,0.0061599436229202269,0.0012141496477364314,0.00068710270510997538,0.00012065396587915587,0.035888199028630448,0.0070737082797926263,0.0040031013502047613,0.00070293720302134783,0.00052732088579221254,0.00080774939457795784,0.18945367422470732
v3.1,c530bf2cab2728a7,386,58ce9a9f8fe2,4,arctan,common,5,0.5,0.19487665099893942,0.020708252162765572,0.0081679124443779748,0.0068294404590096627,0.0039277067981794457,0.10626338279426956,0.04191324308227376,0.035044939575890138,0.020154835266544179,0.0022758796084215377,0.010706965310949605,0.079680111567083434
v3.1,c530bf2cab2728a7,387,d0bbbf66e5cb,2,fermi,independent,5,0.05,0.31746442206933739,0.00011603631052294378,8.6531975612224838e-08,7.4921717554658303e-08,6.1295742297719643e-11,0.00036550965228349368,2.7257219895124308e-07,2.3600035892618749e-07,1.930790918181441e-10,1.6145369316688315e-07,7.4983013296956025e-08,0.49254925840167901
v3.1,c530bf2cab2728a7,388,c2bcb6df5444,3,fermi,independent,5,0.3,0.19936230079087697,0.0018874153427773982,2.5315479251143457e-05,3.2973782800413877e-05,7.7060039886703229e-07,0.0094672630446677123,0.00012698227874937285,0.00016539627938484742,3.8653265728276337e-06,1.1080983127580427e-05,3.3744237949787987e-05,0.044859393442209981
v3.1,c530bf2cab2728a7,389,f51c4c69cc1e,4,arctan,independent,1,0.2,0.14879161225064258,0.011802519018316247,0.001877039892643881,0.0022066779394698025,0.00057598931140737933,0.079322475506446277,0.012615226518830699,0.014830660855751784,0.0038711141219245162,0.0040199247315921916,0.0027787420435470174,0.077678808057702414
v3.1,c530bf2cab2728a7,390,a8ea0f941601,2,fermi,independent,3,0.05,0.43148275733050973,0.00025866058631499251,3.1709556385167287e-06,2.5326694003101179e-07,2.9184980678023825e-10,0.00059946911416639101,7.3489741702188602e-06,5.8696885501965238e-07,6.7638811012020437e-10,2.917688698485717e-06,2.5355878983779198e-07,0.44441091107206948
v3.1,c530bf2cab2728a7,391,3a0400028f31,3,arctan,common,10,0.1,0.27197213059349756,0.0022812917622149439,4.9830753024676674e-05,4.9613690403495015e-05,1.4680249740195391e-06,0.0083879615063378338,0.00018322007080628447,0.0001824219646889114,5.3977036941837207e-06,8.8749939642404128e-06,5.1081678933323374e-05,0.10836772954832821
v3.1,c530bf2cab2728a7,392,815e3a3a1cbb,4,fermi,independent,1,0.2,0.32787368252128268,0.0094326093370752061,0.000359507264246136,0.00048224685077049982,3.1917400645680809e-05,0.02876903466158167,0.001096481002932585,0.0014708312270204748,9.7346637888843092e-05,0.00067806418162323363,0.00051391898185695255,0.050206850919694332
v3.1,c530bf2cab2728a7,393,fcafa2ecf8da,2,arctan,common,3,0.1,0.42073478717430779,0.0026266786090096764,2.9761815610427983e-05,2.990461487164662e-05,4.0994163994034304e-07,0.0062430744713330771,7.0737710590348333e-05,7.1077115045534199e-05,9.7434691030315675e-07,1.4279926121863628e-07,3.0314556511586964e-05,0.32395617613673339
v3.1,c530bf2cab2728a7,394,0534a5c6b325,3,arctan,common,2,0.5,0.25746556174935226,0.075065064529310457,0.068870818491551591,0.05769468358669351,0.064362322899971722,0.29155380633930283,0.26749526431266435,0.22408699320672801,0.24998420162549623,0.011409119988069674,0.12200941383246358,0.21593212740331238
v3.1,c530bf2cab2728a7,395,08e30cdfdee9,4,fermi,common,1,0.7,0.29206513205125784,0.04259354781310408,0.012494590664084494,0.018278599729477457,0.0098881265264910562,0.14583578503177452,0.042780151729620623,0.062583984610218857,0.033855895282822311,0.0073626442574437146,0.028103457607068578,0.04279295056863347
v3.1,c530bf2cab2728a7,396,309ff9e1cc0e,2,fermi,common,3,1,0.29256082646818887,0.086334781070435754,0.054068203598309682,0.042928466644830299,0.024075152618646935,0.2951002774796414,0.18481012735376826,0.14673347475485771,0.082291101338766243,0.01113973695347938,0.06700361926347724,0.31516746376319965
v3.1,c530bf2cab2728a7,397,d2d12ad851f5,3,fermi,independent,10,0.5,0.21613448358899845,0.0031766337541140784,9.6164581352381839e-05,8.9309337889534936e-05,4.162812703507489e-06,0.01469748695980771,0.00044492937802210455,0.0004132118873699287,1.9260289401220668e-05,9.43114985537348e-06,9.3359207367681049e-05,0.11373588608115343
v3.1,c530bf2cab2728a7,398,021aa02b1744,4,fermi,independent,10,0.05,0.11612496922237404,3.7830862098705583e-05,1.1479268201913222e-06,2.3351927919200246e-08,1.8982015572143364e-11,0.00032577715500842197,9.885271254566229e-06,2.0109308166517025e-07,1.6346196428946875e-10,1.137841547215658e-06,2.3370900242545273e-08,0.14168513805930011
v3.1,c530bf2cab2728a7,399,08e8d4a08954,2,fermi,common,5,0.1,0.080219523108657181,0.00013442173933560857,2.7759078585803714e-05,3.9356944692418129e-07,1.477655021719706e-09,0.0016756736281457894,0.00034603893803013638,4.906155405475202e-06,1.8420142185565292e-08,2.8152648032727893e-05,3.9504710194590101e-07,0.34579415684531556
v3.1,c530bf2cab2728a7,400,6a9aad5e13e0,3,fermi,common,2,0.5,0.19334864905702631,0.0076353832291042346,0.00052349082703773446,0.00041242661942274945,2.7915287921124039e-05,0.039490233142783701,0.0027074966884476958,0.00213307215454662,0.00014437798276465173,0.00029962873778272735,0.00043979418814965799,0.10342778022572525
v3.1,c530bf2cab2728a7,401,e1e17ee3948d,4,arctan,independent,3,0.3,0.18619961336847732,0.015996345041843208,0.0025383137101724689,0.0045294281062300996,0.0021586137679328035,0.085909657665010547,0.013632217942092639,0.02432565795540427,0.011593008862274289,0.0021910039762210744,0.0066871684232991035,0.13386283033899346
v3.1,c530bf2cab2728a7,402,1a662d5254d2,2,arctan,independent,1,0.7,0.31931469650657873,0.159829285831981,0.2380518933505357,0.2204427016611766,0.45742661218546926,0.50053845808092357,0.74550872839525317,0.69036190339154935,1.4325260227289447,0.017609191689359087,0.67786931384664595,0.33769922864188678
v3.1,c530bf2cab2728a7,403,1a94b7d32673,3,fermi,common,5,0.05,0.33412932891616426,0.00025582606418259588,5.0062607039808092e-06,3.0344354824603308e-07,4.3796868614354967e-10,0.00076564983089761837,1.4983002899565637e-05,9.0816196599781131e-07,1.3107759428488828e-09,4.7034216114654381e-06,3.0387887063130236e-07,0.2166548061470179
v3.1,c530bf2cab2728a7,404,09b9b3bd8f1f,4,arctan,common,1,0.05,0.23374385005719278,0.001471657016578392,0.00038403802405669941,3.0879038528437792e-05,8.7172423674574675e-07,0.0062960245423283002,0.0016429866452646023,0.00013210631433033324,3.7293996677664547e-06,0.00041282395587068831,3.174794649546924e-05,0.12396417568711929
v3.1,c530bf2cab2728a7,405,96e8a57a5b1d,2,arctan,common,1,0.5,0.37964003158367443,0.085301449054330875,0.049409145273384941,0.049134915285622284,0.035898588280718381,0.22469034337210048,0.13014735318420953,0.12942501105759369,0.094559544026394812,0.00027422998776266129,0.085033503566340665,0.49476385399016343
v3.1,c530bf2cab2728a7,406,1d97fd32a332,3,arctan,independent,5,0.2,0.19984326173137279,0.0065388584041667988,0.00064573314117196475,0.00052385155976073048,5.7685718387711373e-05,0.032719934350132172,0.0032311979677350964,0.0026213120984028286,0.0002886548082129079,0.00012279770485183105,0.0005815372764708135,0.086377486626522212
v3.1,c530bf2cab2728a7,407,72776c440f46,4,fermi,common,1,0.1,0.36476710334636725,0.0016573550941647479,0.00020467573624141956,1.2607093455974425e-05,1.0278460777378018e-07,0.0045435980354593388,0.00056111347312772398,3.4562035173449472e-05,2.8178146228329232e-07,0.00021689862759379129,1.2709788163260155e-05,0.033976687740597526
v3.1,c530bf2cab2728a7,408,6665761a0bef,2,arctan,independent,10,0.5,0.36681321446109177,0.073632807806380457,0.033373831708217366,0.033055516239095063,0.020165095824983322,0.20073651903342418,0.090983177247986963,0.090115390983552729,0.05497374421095795,0.00031831546912230616,0.053220612064078382,0.26729353499090508
v3.1,c530bf2cab2728a7,409,214e624e4930,3,fermi,common,2,0.05,0.35699522347341089,0.00034371448320670052,2.7415186068922176e-05,4.7678183571394199e-07,7.3232155099665419e-10,0.00096279854913044929,7.6794265766875355e-05,1.3355412183811832e-06,2.0513483174129855e-09,2.6992596751890929e-05,4.7751053409259031e-07,0.20775769573062491
v3.1,c530bf2cab2728a7,410,6bf7bd166a39,4,arctan,common,2,0.7,0.12907227770594717,0.027248309300341462,0.014545479919548398,0.019104191022993801,0.02503777069258865,0.21110892117685129,0.11269251754188417,0.1480115743096827,0.19398255874611409,0.0070267774443791972,0.043953715117697127,0.10229676891683721
v3.1,c530bf2cab2728a7,411,32bd9ef28b63,2,fermi,independent,2,0.7,0.27591802276779526,0.034775605696427896,0.010963902460253463,0.0069061596797063843,0.001528467497798293,0.12603600644708177,0.039736086647302382,0.025029751990932509,0.0055395710742846532,0.0040577427805470788,0.0084346271775046777,0.2495966054136205
v3.1,c530bf2cab2728a7,412,8ffdd891475c,3,arctan,common,10,1,0.19952966832665622,0.096308651929297939,0.15680145700782813,0.15503264290247659,0.43380940470675838,0.48267835423666444,0.78585534834410486,0.7769904305592682,2.1741599048646516,0.0025177932262430121,0.58882962406076755,0.20020657790319926
v3.1,c530bf2cab2728a7,413,8c91983a731f,4,fermi,independent,3,0.05,0.2006657312284266,0.00014246283888970268,3.2583753830694137e-06,1.9290334266629696e-07,3.5669924560104191e-10,0.00070995101165296126,1.6237826773522492e-05,9.6131682019341218e-07,1.7775792778239526e-09,3.1143625466643077e-06,1.9325833953006719e-07,0.1610250822942329
v3.1,c530bf2cab2728a7,414,695630013b18,2,fermi,common,2,1,0.078938703585848549,0.0052077635772519761,0.00024922642407984824,0.0008323034079860673,0.00019686268570360131,0.065972246067967838,0.0031572145571000664,0.010543667050231053,0.002493867732315953,0.00058307698390621906,0.0010291660936896686,0.093643586640874452
v3.1,c530bf2cab2728a7,415,9563d15733a9,3,arctan,independent,5,0.2,0.19862450500679552,0.0031325030780291166,0.00030663255563156776,0.00014191623347542063,1.0125394327341239e-05,0.015770979909663939,0.0015437800870596353,0.0007144950894682671,5.0977568588502314e-05,0.00017844799978702987,0.00015196406751085388,0.066610691001743522
v3.1,c530bf2cab2728a7,416,af3edc9830ce,4,fermi,independent,2,0.5,0.1335830709132346,0.0050397642833213087,0.0010501303658272333,0.00046369332885580066,6.3804300725126293e-05,0.037727567189967927,0.0078612533657750547,0.0034711983014448036,0.00047763762495450275,0.00080018182937210101,0.00052734249308521001,0.061626996400532034
v3.1,c530bf2cab2728a7,417,2c40ad074622,2,fermi,common,2,0.3,0.1179888787026155,0.0032108220685710038,0.0021136982752449594,9.472512822925424e-05,2.7073581470939499e-06,0.027212921284417872,0.017914385647925513,0.00080283098941895815,2.2945875720352406e-05,0.0020189731470157055,9.7432486376348198e-05,0.39570116009238349
v3.1,c530bf2cab2728a7,418,dccf7985ff0b,3,fermi,common,2,1,0.29461524283301638,0.077093586160227615,0.040065695465229638,0.029028141089643196,0.011921965079423625,0.2616754836541948,0.13599328765191654,0.098528985841020864,0.040466219482679047,0.011231029508553063,0.040899437307974511,0.18040007692476262
v3.1,c530bf2cab2728a7,419,2ae2bd2f04c5,4,fermi,independent,2,0.3,0.20644779583448195,0.0049578067208537998,0.00050713564848682384,0.00021449522927277024,1.2797880602122531e-05,0.024014820312388736,0.0024564837151054703,0.0010389804764238814,6.1990880311374897e-05,0.00041534524748152991,0.00022718153028425958,0.12663832288060772
v3.1,c530bf2cab2728a7,420,68ac853c05cc,2,arctan,independent,3,0.2,0.22014311938830061,0.006195072352470867,0.00082956854629430226,0.00046005826534972945,4.9970197769260154e-05,0.028141112789192634,0.003768314670017296,0.0020898144199467494,0.00022698959616866313,0.00036951028094457287,0.0005100284631189896,0.40502570951391981
v3.1,c530bf2cab2728a7,421,aef6c1dfd237,3,arctan,common,5,0.3,0.10777488494695515,0.0026947076559948888,0.00036078386666420518,0.0002479600043982426,4.2938196716356002e-05,0.025003113270045941,0.0033475690263253489,0.0023007215875969992,0.00039840633314050305,0.00060819070372158252,0.00029081115570175518,0.096100480040960667
v3.1,c530bf2cab2728a7,422,86a58fb668c2,4,arctan,common,2,0.3,0.20070279082794126,0.017087824733371452,0.0064267712290755775,0.0041675225235873808,0.001582262290520591,0.085139945801852468,0.032021334643946867,0.020764646602050092,0.0078836088127794638,0.0040016104475275307,0.0057449112167081203,0.1387849718259922
v3.1,c530bf2cab2728a7,423,8e7abcf5844b,2,arctan,common,3,0.1,0.46671414582503296,0.0059454694771618327,0.00033744381235341646,0.00016975354861240138,6.3610036321048646e-06,0.012738995657934776,0.00072302032276502109,0.00036372059885247298,1.3629335405851506e-05,0.00016769026374101507,0.00017611455224450623,0.29921567785117437
v3.1,c530bf2cab2728a7,424,86b7238e52c2,3,fermi,independent,3,0.7,0.20483219854915991,0.017136575280715615,0.0036686352830913858,0.0038251822110547062,0.0011802584044096915,0.083661530765646794,0.017910442347817256,0.018674711486517875,0.0057620745799222012,0.00020471114708894326,0.00500536829265503,0.058595327444101522
v3.1,c530bf2cab2728a7,425,c4157b775b88,4,arctan,independent,2,0.2,0.14662649485008342,0.0035443514600378779,0.00030870244875339257,0.00028178529761682761,3.9270758559918928e-05,0.024172653541651934,0.0021053660804551174,0.0019217897686563113,0.00026782852989884855,0.00058146369867660794,0.00032096653590242476,0.016585395066204506
v3.1,c530bf2cab2728a7,426,8c97288ac50f,2,arctan,common,5,0.1,0.33014349300574281,0.0020505023112209102,1.3262620456924577e-05,3.4129659189598981e-05,8.5356148552710639e-07,0.0062109426799614132,4.0172290951964562e-05,0.0001033782579776767,2.5854257424733155e-06,2.0867038732674405e-05,3.4983220675126088e-05,0.44490803922429095
v3.1,c530bf2cab2728a7,427,6fe5a8a9e89f,3,arctan,common,5,0.3,0.14522663164654498,0.0039690151408524749,0.00064307721758988365,0.00077093859462491093,0.00025483871646200904,0.027329802363745038,0.0044280942847660047,0.0053085207987281164,0.0017547657311383479,0.0001354116427142593,0.0010256513830899246,0.060884902888643407
v3.1,c530bf2cab2728a7,428,6a0e8ed33d29,4,fermi,independent,5,0.5,0.19796009569434742,0.0091318812749632394,0.00091656537480157329,0.00084364191400115266,0.00010574630549334031,0.04612990937862025,0.0046300511807023997,0.0042616766325661165,0.0005341799069273728,0.00010448348425671046,0.00094930927915695966,0.15280582191322759
v3.1,c530bf2cab2728a7,429,07ef3faa17c3,2,fermi,independent,2,0.3,0.27007857473226649,0.0059957518914107184,0.00091895180704028366,0.00019961165374822221,7.2352804600461547e-06,0.022200027889492567,0.0034025350139353198,0.0007390873339216214,2.678953881187581e-05,0.00071934015329206151,0.00020684693420826837,0.23045157368078933
v3.1,c530bf2cab2728a7,430,f5ba940d8104,3,fermi,common,2,0.2,0.1245676876474332,0.0018405458925685118,0.00077697571758956758,3.3419506003339096e-05,6.0723789479053343e-07,0.014775468079473797,0.0062373777041495691,0.00026828390760473211,4.8747625187457347e-06,0.00074370252770782465,3.4026624963368744e-05,0.12469052828969546
v3.1,c530bf2cab2728a7,431,f4027587d490,4,fermi,independent,3,0.1,0.35899136709643209,0.0011116163559969491,6.2795978697424987e-06,5.9356819975222242e-06,4.0373559531839689e-08,0.0030964988517351928,1.7492336711416451e-05,1.6534330743189666e-05,1.1246387304069784e-07,4.7567911919069511e-06,5.9758919152141869e-06,0.14829087537642521
v3.1,c530bf2cab2728a7,432,6e7270be03bf,2,arctan,common,3,0.2,0.12522995688137592,0.0037956428289859234,0.00054178748323228671,0.00030494021871166029,3.7881896046220009e-05,0.030309383820848444,0.0043263408909858117,0.0024350421121722091,0.00030249867515408981,0.000846727701943947,0.00034282211475788034,0.30221541946070857
v3.1,c530bf2cab2728a7,433,4d7338986723,3,arctan,independent,10,1,0.028316888153597217,0.0034280924153059196,0.0021396976625876257,0.0012602884086078713,0.00077238144491495659,0.12106176345053064,0.075562598933238037,0.0445065997990945,0.027276353274603645,0.00089165242413148215,0.0020304945605640889,0.17571419910997355
v3.1,c530bf2cab2728a7,434,02fc11646dc7,4,arctan,independent,10,0.2,0.40806063436029222,0.021966716030936792,0.0030417276931706183,0.0030192418364692448,0.00060603059117634488,0.053831990104543002,0.0074541071523330565,0.0073990029476929198,0.0014851483827309289,2.341625290215531e-05,0.0036240433472233911,0.043770273632769453
v3.1,c530bf2cab2728a7,435,f6f403c2523f,2,fermi,common,2,1,0.012222145163824196,0.00032509649620481398,2.7733759599672015e-05,3.3239736312381256e-05,6.0450526108279431e-06,0.02659897193555295,0.0022691400918522864,0.0027196319358704828,0.00049459833194588751,6.0973495912053271e-05,3.9284788923209196e-05,0.02065154410622249
v3.1,c530bf2cab2728a7,436,f46a6c921d97,3,arctan,independent,5,0.1,0.22946187028217291,0.0013339805664333681,8.4612350623900813e-05,1.7570070765885271e-05,3.1175521068782482e-07,0.0058135173603917328,0.00036874253016351544,7.6570764215767417e-05,1.3586362313897925e-06,6.7076235034397604e-05,1.7881715079232769e-05,0.08397028572158563
v3.1,c530bf2cab2728a7,437,470f6a05a238,4,arctan,independent,1,0.1,0.39115799041274729,0.0070447766284498581,0.0006302802615116037,0.00028568035176644547,1.6076683711006091e-05,0.018010054252033194,0.0016113188966088517,0.00073034517706003523,4.1100230865901736e-05,0.00039753362524072491,0.00030163036165444505,0.083329191444200049
v3.1,c530bf2cab2728a7,438,02764c10ab9b,2,arctan,independent,10,0.7,0.038774239646075306,0.0029217148025882742,0.0010506299580487237,0.00063845698995233964,0.0002233825340212804,0.075351956073341275,0.027096081512847085,0.016466009282968975,0.0057611067569674698,0.00041217296809638418,0.00086183952397362001,0.40374096272507204
v3.1,c530bf2cab2728a7,439,b516ae67eeb5,3,arctan,independent,3,0.1,0.26457958515289925,0.0010930565802178963,3.6614940777782932e-05,1.0262446446599617e-05,1.3414844652986807e-07,0.004131295993930236,0.00013838913821194229,3.8787748649121957e-05,5.0702493335736521e-07,2.6575914743113791e-05,1.0396549731990794e-05,0.010779737417075259
v3.1,c530bf2cab2728a7,440,ec4181a8c778,4,arctan,independent,1,0.5,0.10417605027054851,0.065154529297469232,0.076242373946373662,0.11465914810196468,0.29703040285651339,0.62542714115442899,0.7318608619579049,1.1006286742892559,2.8512350207664432,0.056072935649516022,0.41159977748096466,0.038783524840266148
v3.1,c530bf2cab2728a7,441,8187b21ca713,2,fermi,independent,3,0.2,0.36597639060951714,0.0030193360534353842,2.0424730781766727e-05,4.3286579175713918e-05,7.5762014748836604e-07,0.0082500842428846755,5.5808875396990118e-05,0.0001182769716473297,2.0701339401336353e-06,2.286184839394719e-05,4.4044199323202285e-05,0.4728073433287891
v3.1,c530bf2cab2728a7,442,7f2ff96945cc,3,fermi,common,2,0.1,0.2086112370447725,0.00024450862692109126,8.8669298052042385e-06,6.1434641807923191e-07,2.0892150832896261e-09,0.0011720779301481942,4.2504564618928954e-05,2.9449344473585563e-06,1.0014873181741573e-08,9.2948494335382644e-06,6.1643559318265925e-07,0.21873422691469108
v3.1,c530bf2cab2728a7,443,dcf46f91d9a3,4,arctan,common,5,0.05,0.198077915383678,0.00028452092924515404,1.3539208114190886e-05,1.4735057055340977e-06,1.5269689972380212e-08,0.0014364091458355438,6.8352941255290207e-05,7.4390206635601407e-06,7.7089310753310071e-08,1.220271888026733e-05,1.4883157080109225e-06,0.053626822551314506
v3.1,c530bf2cab2728a7,444,33633e047b4f,2,fermi,common,10,0.1,0.36923941480161326,0.00057064697703734844,1.0586016714363087e-06,1.0606120849418598e-06,1.9986063317573894e-09,0.0015454660422532314,2.8669790629071366e-06,2.8724238053288831e-06,5.4127654081328513e-09,2.0104135055513143e-09,1.0626106912736174e-06,0.25942540626100891
v3.1,c530bf2cab2728a7,445,fd781b61c789,3,fermi,independent,1,0.7,0.17385459352288288,0.049943102536453836,0.015672893798978727,0.020369654518876703,0.0092922223727318794,0.28726938716106049,0.090149437420046358,0.11716489110881981,0.053448241915499517,0.0069717061558556134,0.029661441147288629,0.22842802518975083
v3.1,c530bf2cab2728a7,446,8e0482107313,4,fermi,common,2,0.05,0.10833521823448611,4.8264709426035384e-05,1.5988501644262747e-05,7.0105647969651418e-08,1.2326875796199989e-10,0.00044551264318837535,0.00014758360120396344,6.4711779892214994e-07,1.1378456606344844e-09,1.6038608467736921e-05,7.0228105021498618e-08,0.13193069303817642
v3.1,c530bf2cab2728a7,447,e47adbf1fcb7,2,fermi,independent,1,1,0.13736917006311286,0.062152106897797245,0.03388429169184913,0.036180162473308859,0.021324948637866881,0.45244582077071654,0.24666591256452478,0.26337905700883429,0.15523824325406749,0.002295870781459727,0.05750511111117574,0.4901235263843029
v3.1,c530bf2cab2728a7,448,f0a567a09096,3,fermi,independent,3,0.1,0.22672240973652985,0.00028545744029492929,4.5841913010853993e-06,7.0775007226078447e-07,2.6659731016864449e-09,0.0012590614250556633,2.0219400924737031e-05,3.1216590944108632e-06,1.17587542615859e-08,4.9367740235038916e-06,7.1034369130674439e-07,0.058054185472148967
v3.1,c530bf2cab2728a7,449,ad107743c6c1,4,fermi,common,1,0.7,0.42000446628953331,0.10169994022071351,0.047946612753245112,0.046389224659108171,0.026148178124350666,0.2421401398874789,0.11415738784118726,0.11044936038163318,0.062256904921399618,0.0058810580105558554,0.072353837739767224,0.0025066310765437289
v3.1,c530bf2cab2728a7,450,116e7c2fd87b,2,arctan,common,10,0.2,0.18975912024675348,0.0064376990711084089,0.00053489720753850808,0.0004525411774007847,4.0997345520624428e-05,0.03392563721173001,0.0028188221300928982,0.0023848191160051875,0.0002160494076243265,8.2356030137723381e-05,0.00049353852292140904,0.10389804073775526
v3.1,c530bf2cab2728a7,451,fecc06640e76,3,fermi,independent,3,1,0.16888816690163869,0.025176392082483835,0.0074163204313701927,0.0052144700759266778,0.0011656204162975221,0.14907137986254945,0.043912611329895566,0.030875283754862537,0.0069017293377124835,0.0022580708774914545,0.0063797401309395067,0.048147021673848073
v3.1,c530bf2cab2728a7,452,4b16f895ce67,4,fermi,independent,2,0.3,0.051250386225551163,0.0004713943513071273,0.00067624312112181091,2.1279603726394649e-05,1.4519869375608654e-06,0.0091978692459513799,0.013194888291098696,0.00041520865096984549,2.8331238932926701e-05,0.00069311037627140144,2.2676753615662026e-05,0.045040242641689071
v3.1,c530bf2cab2728a7,453,6c150c5652f2,2,arctan,independent,3,0.2,0.16568644324347889,0.0033623430190571229,0.00070792871734545965,0.00015878008152473233,9.8928417843268864e-06,0.020293410572620633,0.0042727015167145993,0.00095831667586347084,5.9708215051663561e-05,0.0005491486358207274,0.00016867292330905923,0.21849683676528431
v3.1,c530bf2cab2728a7,454,00f16f5c57e5,3,fermi,common,10,0.2,0.47761398571595409,0.005163620145333404,7.2174986152625167e-05,7.0457014018720273e-05,1.002671754338177e-06,0.010811283378967685,0.00015111573008992448,0.00014751874133899916,2.0993349950486679e-06,4.3474560802659601e-06,7.1459319807559973e-05,0.1659019608249821
v3.1,c530bf2cab2728a7,455,2a74bdd9bf86,4,fermi,independent,10,0.7,0.065227783642200651,0.0011622035043738401,9.2526237985431846e-05,7.3127211573009336e-05,5.6642167127369817e-06,0.017817614511462951,0.0014185096107660756,0.0011211052635812381,8.6837485446498953e-05,3.9872744520995806e-05,7.8786003351871461e-05,0.0097572722594873509
v3.1,c530bf2cab2728a7,456,8945ce70a3b2,2,arctan,common,2,0.1,0.49592446026910897,0.003735372775247331,5.9860388459575216e-05,5.5874847053230584e-05,1.066906544001273e-06,0.0075321406272648144,0.00012070465011363326,0.0001126680604197474,2.1513489038679916e-06,3.9855414063446321e-06,5.6941753597231861e-05,0.42914220835216227
v3.1,c530bf2cab2728a7,457,93547e38baa7,3,fermi,independent,1,0.7,0.11541820832322534,0.03255090466843423,0.011008219682134118,0.016308765809840142,0.0087808051797122425,0.28202573182626756,0.095376802690489856,0.14130149866967193,0.076078162252543824,0.025789065212140288,0.025086331122288794,0.15919940458455797
v3.1,c530bf2cab2728a7,458,232b82871ec1,4,fermi,independent,1,1,0.030045880577853082,0.02557449640872976,0.0099596807525893852,0.020200785460018477,0.019718984900941035,0.85118145705407633,0.33148240494341508,0.67233128374039208,0.65629578902992658,0.017098116836864904,0.039817841986727727,0.11121599438755847
v3.1,c530bf2cab2728a7,459,4e7753fd3b74,2,arctan,independent,10,0.3,0.42404791307173734,0.025236215612550496,0.0032210649378275218,0.0032362753263929646,0.00056638478322133638,0.05951265136466128,0.0075959929020629454,0.0076318624066556246,0.0013356622347661916,1.5210388565442746e-05,0.003802660109614301,0.37802905977804691
v3.1,c530bf2cab2728a7,460,ae1d49eaf46b,3,arctan,common,1,0.05,0.2678833806384433,0.0014333925666808508,0.00025966987435308556,1.2846635834338272e-05,1.4494291318265168e-07,0.00535080811383171,0.00096933924655653295,4.7956076273642045e-05,5.4106720931030115e-07,0.00024689200328775637,1.2990351770354778e-05,0.17201640625324979
v3.1,c530bf2cab2728a7,461,f84cdf7f7945,4,arctan,independent,3,0.3,0.24462200058248404,0.013055173148864837,0.0016959367027153071,0.0019588954527401197,0.00047048452035197214,0.053368761263412064,0.0069328870611678872,0.0080078465881060455,0.0019233123726879568,0.00096199699882355079,0.0024288678126010367,0.12337955186738511
v3.1,c530bf2cab2728a7,462,47d162e202a7,2,arctan,independent,3,0.3,0.1765419887551738,0.0078199734854159653,0.00064093400873852489,0.001014809820195739,0.00021527090957809336,0.044295261090893261,0.0036304904757097989,0.0057482632168773425,0.0012193751248414243,0.00037387581145721411,0.0012300807297738324,0.15858831848072005
v3.1,c530bf2cab2728a7,463,7385bcf0f6eb,3,fermi,common,2,0.05,0.39325125991712795,0.00032807140532037707,2.1127123306061734e-05,6.6080955653512453e-07,1.8108415237326691e-09,0.0008342539204820689,5.3724235519331769e-05,1.6803749253705651e-06,4.6047952245957918e-09,2.1781054907095211e-05,6.6262039041537392e-07,0.24900376822645312
v3.1,c530bf2cab2728a7,464,7192e95ba1c4,4,arctan,independent,3,0.7,0.15803823759326482,0.032057814478607775,0.024083985983946479,0.01942493497358257,0.0192307287372473,0.20284846861626857,0.15239341029561618,0.12291288025860907,0.12168402425962553,0.0050390949893665011,0.038645834267690166,0.084173826382528738
v3.1,c530bf2cab2728a7,465,7d67cb4fd7ac,2,fermi,independent,5,0.05,0.46584172921432748,0.00026925566699522813,2.4788641747255527e-06,2.3627216246201851e-07,2.4155958831935105e-10,0.00057799816999938027,5.3212583142912493e-06,5.0719406966934234e-07,5.1854433205620516e-10,2.2425920122635341e-06,2.3651372205033784e-07,0.36901815976385194
v3.1,c530bf2cab2728a7,466,bf7ae7b5e013,3,fermi,common,5,0.1,0.31686872481987177,0.00056232895371306226,3.0061661810404947e-06,1.8202313383473137e-06,7.7432923906061655e-09,0.0017746432817966672,9.487102845979482e-06,5.7444335643476594e-06,2.443690962245625e-08,1.2330688379515054e-06,1.8279701862046759e-06,0.26178718936173129
v3.1,c530bf2cab2728a7,467,e7300c3fb73f,4,arctan,independent,10,0.1,0.096727962932951383,0.00024455481072685291,2.0076216138791725e-05,1.9943595115550883e-06,2.8081741735766147e-08,0.0025282741754457314,0.00020755338508170477,2.0618231285791807e-05,2.9031668696705086e-07,1.8889477128999906e-05,2.0223420224847221e-06,0.14528525033863662
v3.1,c530bf2cab2728a7,468,9e18b3d16339,2,arctan,independent,2,0.1,0.489149864972312,0.0057251215274516125,0.00021251942178029533,0.00016368419844827085,6.6077611674973734e-06,0.011704227962478695,0.0004344668924570282,0.00033462995733942618,1.3508663991702014e-05,4.883522333202446e-05,0.00017029195961576824,0.39957308575613215
v3.1,c530bf2cab2728a7,469,7d8e8b1e4a7e,3,fermi,independent,1,0.1,0.13274423764920987,0.00020981017524134531,1.8500050648338685e-05,1.0202396176874268e-06,7.4120581364936245e-09,0.0015805595704710739,0.00013936612975417394,7.6857544685556407e-06,5.5837136645288826e-08,1.7483213948692447e-05,1.0276405442980713e-06,0.024960533326602474
v3.1,c530bf2cab2728a7,470,f03a5f1d6885,4,arctan,independent,3,0.5,0.28028778595649922,0.049685749399653117,0.025771792986920158,0.026672743593104897,0.024795635496737939,0.17726690883121238,0.091947613410881743,0.095161990388138135,0.088464916200758859,0.0014340969929966625,0.051378937717360913,0.18079178253766842
v3.1,c530bf2cab2728a7,471,58b729c2b4cf,2,fermi,independent,1,0.3,0.063046158634513683,0.00082372626733962894,0.002320859910083291,5.4294847165280742e-05,2.6556404934209706e-06,0.013065447367140498,0.036812074840873343,0.00086119199553512263,4.2122161776993332e-05,0.002375154757248572,5.6950487658701711e-05,0.18758508999878318
v3.1,c530bf2cab2728a7,472,cf4d6d5f2647,3,fermi,common,3,0.1,0.13642374444077549,0.00013562332730150732,2.2089401607448057e-05,4.3339479017347886e-07,1.837258236041773e-09,0.00099413286050350526,0.00016191757305882736,3.1768281390460218e-06,1.3467290782649399e-08,2.2418599918813436e-05,4.3520564556839772e-07,0.22218646881113224
v3.1,c530bf2cab2728a7,473,732f4974ed1b,4,arctan,common,5,0.1,0.25921438243777134,0.0019966915523349487,0.00010575661785076994,3.9409215648749083e-05,1.2923449539709427e-06,0.007702857895295556,0.00040798900453048182,0.00015203329104707342,4.9856221009696142e-06,0.00012961059366525712,4.0668867261713932e-05,0.20284134928966455
v3.1,c530bf2cab2728a7,474,6ae3104aaaa6,2,arctan,common,10,1,0.092367368126604302,0.022503027190133692,0.014949896896243016,0.017310157625982189,0.022785233561122657,0.24362529372158445,0.16185258061864211,0.1874055521670363,0.24668055421793375,0.0023602607297391739,0.040095391187104847,0.39496523398759303
v3.1,c530bf2cab2728a7,475,49f4a2e5d1fe,3,fermi,independent,10,0.05,0.39270748322874427,0.00026098758673493198,3.117431694322548e-07,2.6100998619058658e-07,2.9980152100728672e-10,0.00066458521388275133,7.9383047878074335e-07,6.6464225240789074e-07,7.6342197134211039e-10,2.353251847770486e-07,2.6130967539610033e-07,0.20623532888519036
v3.1,c530bf2cab2728a7,476,70bc657e7c12,4,arctan,independent,3,0.2,0.23738469754430602,0.0062346705055397866,0.0003147373643582771,0.00058569166463635718,9.8366163208394634e-05,0.02626399498382213,0.0013258536359511287,0.002467267986080031,0.0004143744909674953,0.0006270445614999701,0.00068387775986827274,0.090603787380685252
v3.1,c530bf2cab2728a7,477,2cf477929bd2,2,arctan,common,1,0.2,0.098430044557770435,0.016433218080946364,0.0067723121389601914,0.002380000959710876,0.00040076055966808402,0.16695327280179581,0.068803302582936404,0.024179618838981717,0.0040715267525137629,0.0091523130986710683,0.0027807615193789605,0.32424981257384761
v3.1,c530bf2cab2728a7,478,dc00feea5e75,3,fermi,independent,2,0.7,0.08380871837768171,0.0066848999457824847,0.0061143646146024667,0.00066734165597940275,0.00011742807688591661,0.079763777267863295,0.072956188007174252,0.0079626758277348397,0.0014011439282095948,0.0056214763522965342,0.0007345056594419843,0.20756321804982461
v3.1,c530bf2cab2728a7,479,1cb73657f186,4,fermi,independent,1,0.1,0.17875034479499852,0.00095990411291589422,5.7657149699267184e-05,9.7364443005659864e-06,1.2897607475788117e-07,0.0053700825809134475,0.00032255685864769558,5.446951339720389e-05,7.2154308236886802e-07,6.7099185355623864e-05,9.8652184460334038e-06,0.16832196150170775
v3.1,c530bf2cab2728a7,480,b34644dc5a4b,2,arctan,common,3,0.7,0.19494884925724645,0.03313952165858304,0.014981523794428461,0.017340968554911435,0.014858297623076172,0.16999085547231671,0.076848485392491131,0.088951376840542454,0.076216390502873779,0.0023594447604829731,0.032199266177987608,0.25468270486737654
v3.1,c530bf2cab2728a7,481,40606919f091,3,fermi,independent,3,0.7,0.24639403455116371,0.01975949849734528,0.0038475822421221899,0.0028180771221849371,0.00051050960539112257,0.080194711423673778,0.015615565730440765,0.011437278208940417,0.0020719235606538812,0.0011024876368372835,0.0033277955936863984,0.17594452289113993
v3.1,c530bf2cab2728a7,482,6e8570da6953,4,arctan,independent,5,0.5,0.20622025277672165,0.023259944484643046,0.0086673007207268699,0.0079569570090471317,0.0047544950671242854,0.112791756248243,0.04202933806948201,0.038584750536904203,0.023055422554796604,0.00079119227507252381,0.012667199186787765,0.030270912377144278
v3.1,c530bf2cab2728a7,483,9add188e0c9c,2,arctan,independent,1,0.7,0.15062399492130676,0.075742927846698657,0.061612488333294212,0.1077939316754223,0.19889460591439384,0.50286096771148858,0.40904829516361951,0.71564913499830518,1.3204709250893656,0.046181443342128092,0.30668853758981618,0.28799096315621681
v3.1,c530bf2cab2728a7,484,b548b252221b,3,fermi,independent,5,0.5,0.098097851454639104,0.0018319173363729609,0.00020618253190721756,6.2289619792094857e-05,2.7633434166710341e-06,0.01867438796271749,0.0021018047678909389,0.00063497435334654458,2.8169255245603588e-05,0.00015012750133562049,6.5052046163629925e-05,0.10091774048070901
v3.1,c530bf2cab2728a7,485,13c867ec912b,4,arctan,common,3,0.1,0.24833077942873388,0.0016546886319052682,0.0001614631196014132,4.0471479368591906e-05,1.8239057934531992e-06,0.0066632442249476842,0.00065019374550688742,0.00016297407619664977,7.344662621560469e-06,0.00019769475034850999,4.2275278239966133e-05,0.12062220726714246
v3.1,c530bf2cab2728a7,486,51af15029972,2,fermi,independent,1,0.7,0.0095083316124344071,0.0088206736933313015,0.0045893939753282398,0.0042150935656485623,0.0013682649321200492,0.92767838279811055,0.48267079466670204,0.44330527556867327,0.14390168411151302,0.0088044875409768013,0.0055833584977686111,0.4195219847793149
v3.1,c530bf2cab2728a7,487,13dc4424310b,3,fermi,independent,10,1,0.17402139640007383,0.013381357205522706,0.0017122096870497362,0.0018602953400523937,0.00034102934340954382,0.076894896158395787,0.0098390756681056603,0.010690037998405606,0.001959697775470782,0.00022663195078985189,0.0022012040910782938,0.29346732715369184
v3.1,c530bf2cab2728a7,488,b880dc0bf7d8,4,fermi,independent,10,0.1,0.12502358485542897,9.9206138586560127e-05,2.6183628292446989e-06,1.5701696576516874e-07,3.793473425339389e-10,0.00079349939214490729,2.0942951142158039e-05,1.2558987645949787e-06,3.0342062497455758e-09,2.4899999397874888e-06,1.5739104917998489e-07,0.084722793891503043
v3.1,c530bf2cab2728a7,489,be583bba5f6e,2,fermi,common,1,0.3,0.39018080166921615,0.020014462587893172,0.0095190987599597255,0.0010941275663995333,5.9116502200348013e-05,0.051295354620909429,0.024396635403988273,0.0028041553088178402,0.00015151053549391507,0.0084249711935601938,0.0011532440685998811,0.27244854582564748
v3.1,c530bf2cab2728a7,490,204b41363f1a,3,fermi,independent,1,0.05,0.090248138237562836,0.00015222079758483471,8.4736362181381603e-05,2.6821952613144191e-07,4.9165445121681807e-10,0.0016866918316269242,0.00093892642924475159,2.9720228180818506e-06,5.4478071328476779e-09,8.4989884735590408e-05,2.6870634940204797e-07,0.26886339713888885
v3.1,c530bf2cab2728a7,491,7c74cefb8d5c,4,fermi,common,3,0.7,0.091928530894348853,0.0042238651978296548,0.00099740757472402061,0.00062430638638577584,0.00011933844239275436,0.045947271828851881,0.010849815231685971,0.0067912146567780515,0.0012981654469155723,0.00052918488582132052,0.00074353442686111342,0.019076769437549324
v3.1,c530bf2cab2728a7,492,fa7fc0fb3407,2,fermi,common,1,0.05,0.4379589483721823,0.00027118403161459999,4.1873245869622173e-06,2.2017228185619272e-07,1.8541355302455688e-10,0.00061919965928894513,9.5609979029445085e-06,5.0272356044906721e-07,4.2335829354259573e-10,3.9671523051060248e-06,2.2035769540921726e-07,0.26495282555280347
v3.1,c530bf2cab2728a7,493,1a51e6745fdd,3,arctan,independent,1,0.5,0.26969427930348555,0.042410867712906489,0.021709627940775012,0.017076024491432432,0.009654067585775793,0.15725534787922499,0.080497176272490686,0.063316228047302664,0.035796338026555324,0.0046566033094322121,0.026728095988174085,0.013095379422389206
v3.1,c530bf2cab2728a7,494,16cde92f6176,4,arctan,independent,1,0.1,0.14100075070404974,0.001740476694437178,0.00063582486802656426,5.2430619501547206e-05,1.8505120157918455e-06,0.012343740623695764,0.0045093722185998433,0.0003718463854961683,1.3124128818831148e-05,0.00061720446459188276,5.4219055805425585e-05,0.10819744482912869
v3.1,c530bf2cab2728a7,495,adb69a538918,2,fermi,independent,3,0.7,0.1376247948728864,0.010279853704848033,0.0011081047236899799,0.0011970391469246081,0.00017760949087158588,0.074694779486085744,0.0080516357878204457,0.0086978450941941274,0.0012905341006003339,8.8934423234628401e-05,0.0013746486377961941,0.092716974363089191
v3.1,c530bf2cab2728a7,496,891ed5b92145,3,fermi,common,2,0.05,0.21822655356460902,0.00014747908399529287,4.4947167209645905e-05,1.6968848269866817e-07,2.5409544318559681e-10,0.00067580723604118893,0.00020596561910298726,7.7757944634555912e-07,1.1643653764177158e-09,4.4836070167958618e-05,1.6994210465655711e-07,0.21950470908433792
v3.1,c530bf2cab2728a7,497,9f2585857115,4,arctan,common,10,0.05,0.1966864961690182,0.00033383974878514435,1.2975479338773614e-06,1.1080965158841967e-06,5.0923915986969276e-09,0.0016973191108059932,6.59703619287794e-06,5.633821017036057e-06,2.5890906075833966e-08,7.1860238333682557e-07,1.1130985968938141e-06,0.043756970380180435
v3.1,c530bf2cab2728a7,498,90ee6afe6aec,2,fermi,common,1,0.2,0.048010156865012865,0.0014309487423783973,0.0021487144712483875,4.0417441274362004e-05,9.9712007039566086e-07,0.029805125327994779,0.044755414511345855,0.00084185188954914638,2.0768940064061874e-05,0.0021891319125227496,4.1414561344757664e-05,0.1753117900159952
v3.1,c530bf2cab2728a7,499,96c6ca31de22,3,arctan,independent,2,0.3,0.28651139049333113,0.024122121905990102,0.0056122061115483944,0.0065960852496210467,0.0031642809752088002,0.084192540703025107,0.019588073276545787,0.023022069866972979,0.01104417164623147,0.0017530249196931174,0.009753095063807362,0.29134522678887265
v3.1,c530bf2cab2728a7,500,6cd69014cbfa,4,arctan,common,1,0.1,0.29931028529917164,0.0049153379332988077,0.00039465246581802239,0.00023737491056078456,1.6846971285907037e-05,0.016422215255268446,0.0013185396065609732,0.00079307301559490215,5.6285975168103129e-05,0.00036155931383098297,0.00025419964586466333,0.15073134385363299
v3.1,c530bf2cab2728a7,501,589dc63e3bd1,2,arctan,independent,3,0.3,0.45839372948649587,0.039106039079264771,0.008402006260127097,0.008084969186953261,0.0023732738777712177,0.08531102535602382,0.01832923471605782,0.017637608603438458,0.0051773698571963853,0.00031703707317383661,0.010458243064724478,0.39217400429514288
v3.1,c530bf2cab2728a7,502,4a966ccf65fe,3,fermi,common,2,1,0.20884935988031136,0.029110386370757597,0.01509882126598132,0.017022800051631343,0.020148168399859022,0.13938460901886579,0.072295271934921149,0.081507551957003224,0.096472253548709239,0.0019772283555741775,0.037115370749064493,0.029877611453143802
v3.1,c530bf2cab2728a7,503,084d9d8bad0c,4,fermi,common,3,0.7,0.21167848951337187,0.020291178172992475,0.0023759875770766573,0.0050630899805156216,0.0021291845959744361,0.095858479619917489,0.011224511203470981,0.023918774137869039,0.010058577991883933,0.0034282548678845268,0.0071700221266801506,0.080061072489287219
v3.1,c530bf2cab2728a7,504,ae74d3abf296,2,arctan,common,5,0.7,0.31198818300910436,0.066253230385378697,0.035086920278828759,0.035579103701793138,0.028392162048400348,0.21235814044740697,0.11246233732450328,0.114039908045988,0.09100396615846125,0.00049218342296438095,0.06397126575019349,0.39669075879946147
v3.1,c530bf2cab2728a7,505,4da6fc5f08b1,3,fermi,common,2,0.5,0.2128694793875899,0.0062827904130875641,0.0004138189656166391,0.00041570707974583436,3.3866198478513353e-05,0.029514754445600644,0.0019440032775349773,0.0019528730983032116,0.00015909372530032936,1.9903432198177006e-06,0.00044953779528307753,0.086710975597416917
v3.1,c530bf2cab2728a7,506,7390b0bf9cd6,4,fermi,independent,10,0.2,0.087900324452248865,0.00019027361620298436,1.5474038005681641e-05,9.1565197477100733e-07,6.6160032451372224e-09,0.0021646520350029987,0.00017604073821238039,1.0416935096393504e-05,7.5267108356708195e-08,1.4836713855748798e-05,9.2223322027956148e-07,0.10632551617862254
v3.1,c530bf2cab2728a7,507,741eb6d2a3be,2,fermi,independent,3,0.2,0.12334667286741258,0.00074542650704905258,4.62529543680167e-05,6.0571749482801659e-06,5.1765332494037142e-08,0.006043345067364112,0.00037498339673689281,4.9106917985466261e-05,4.1967352090380719e-07,4.0195779419736533e-05,6.108940280774203e-06,0.082803527714222697
v3.1,c530bf2cab2728a7,508,e2df7a9ac4b5,3,arctan,independent,2,0.7,0.30572372951633253,0.14597550306467602,0.21654172125812682,0.20988570027694523,0.4762445978378016,0.47747521363688467,0.70829216168697373,0.68652080297788143,1.5577613114665325,0.0066567009548384338,0.68612140886190287,0.065560661481848817
v3.1,c530bf2cab2728a7,509,39cc55dc9a7b,4,arctan,common,5,0.1,0.33930902349378284,0.0029397967529974527,4.7152010947406371e-05,5.8168384026656188e-05,1.5664239186189887e-06,0.0086640688854280317,0.00013896480105920418,0.00017143188067240424,4.6165112335943827e-06,2.3283864732326039e-05,5.9734504155566897e-05,0.080779686081986046
v3.1,c530bf2cab2728a7,510,00237a6703bd,2,fermi,common,2,0.1,0.028822296769579352,0.00011339169994695147,0.00018467330207399735,9.3643040254469153e-07,5.9179310016184326e-09,0.0039341659984096534,0.0064073069384571659,3.2489791151309355e-05,2.0532475426679198e-07,0.00018560973247654203,9.4234833354630995e-07,0.23146609898877027
v3.1,c530bf2cab2728a7,511,f460aa14fa97,3,arctan,common,5,0.1,0.25273806825243383,0.0024973380374690899,0.0001552215085434634,7.1993888941710701e-05,3.1442720198815296e-06,0.0098811313022095192,0.00061415959066533953,0.00028485573795635519,1.2440832683507901e-05,8.5835807682907583e-05,7.5137385204299023e-05,0.21555936274848153
v3.1,c530bf2cab2728a7,512,f6cb4af67e9e,4,arctan,independent,10,0.1,0.14994240739977249,0.00074193434226025429,1.2881048651302641e-05,1.1711223491504168e-05,2.9217984777627043e-07,0.0049481287857552434,8.5906641587789963e-05,7.8104811671323994e-05,1.9486138234213368e-06,1.7367234645058176e-05,1.2002750009724722e-05,0.053152467114477971
v3.1,c530bf2cab2728a7,513,78d7dde3a91a,2,arctan,independent,5,0.7,0.35427386703896246,0.10429798802808747,0.078802381127043297,0.079055060753453213,0.089625781301354582,0.29439932699471999,0.22243351389612021,0.22314674636940937,0.25298445536062553,0.00025267962640991397,0.16868084205480779,0.38620156252541465
v3.1,c530bf2cab2728a7,514,13eb700ae7e4,3,arctan,common,10,0.5,0.42353163710645853,0.076124653222589989,0.03097262007482111,0.030875726350026021,0.017013637547749639,0.17973782016065867,0.073129413156533235,0.072900637508373736,0.040170877585404809,9.9006424838874604e-05,0.04788864505260991,0.092688004260973303
v3.1,c530bf2cab2728a7,515,35799f440141,4,fermi,independent,1,0.2,0.23559017524303258,0.0033908245160739923,0.00056976593157877394,0.00011399494007894262,5.3074748288411183e-06,0.014392894409013661,0.002418462191774376,0.00048386966884907882,2.2528421753436779e-05,0.0004936131899587981,0.00011927299448572941,0.073477360117940829
v3.1,c530bf2cab2728a7,516,c30ce96d1db1,2,fermi,independent,3,0.7,0.12480846623534711,0.011632530046880521,0.0015264245694092239,0.0015149553925314703,0.00022824599763003297,0.093203052627419139,0.012230136427851751,0.012138242206059725,0.0018287701508937478,1.1469176877753524e-05,0.0017432013901615034,0.071809395452853392
v3.1,c530bf2cab2728a7,517,38bcbd4d80ca,3,fermi,independent,10,0.2,0.08050039479140457,0.00010405807893513084,1.5753804953714598e-05,2.626961120741423e-07,9.5039570767683705e-10,0.0012926406038724376,0.00019569848066629248,3.2632897360919736e-06,1.1806099959379523e-08,1.5520683660071263e-05,2.6363540942854988e-07,0.057751350874457326
v3.1,c530bf2cab2728a7,518,be93d28f5450,4,fermi,common,2,0.1,0.16007574498812849,0.00037917867924918769,0.00023510923800290271,1.770577701600476e-06,1.2849494557332181e-08,0.0023687453666219596,0.0014687374281490231,1.1060874348776482e-05,8.0271340035213483e-08,0.00023541577656051302,1.7823447714917409e-06,0.10346595450407156
v3.1,c530bf2cab2728a7,519,f614c4a2a12a,2,arctan,independent,3,1,0.02343562917247036,0.010877869845980175,0.011533757495528912,0.01597212652044264,0.037868684284822277,0.4641594968893909,0.49214627056300758,0.68153179941953357,1.6158595105825579,0.0044383690249137292,0.053840810805264913,0.45697647296739324
v3.1,c530bf2cab2728a7,520,62eacac2365e,3,fermi,independent,3,0.2,0.095299695924792927,0.00067748496935750616,6.5074439324189882e-05,9.8159021716563945e-06,1.9030207220931839e-07,0.0071089940296572701,0.00068283994710270927,0.00010300035143241957,1.996880161711092e-06,7.0908162645908033e-05,1.0006110526793666e-05,0.21886335824716868
v3.1,c530bf2cab2728a7,521,93b7de6622a0,4,fermi,common,10,0.5,0.35880020998508733,0.016027218954874373,0.001134085788082373,0.0011071243906328923,9.7192377648079313e-05,0.044668923007432207,0.0031607723644573914,0.0030856291602474458,0.00027088160748879966,4.4495272779971652e-05,0.0012033731100160223,0.085037410323212603
v3.1,c530bf2cab2728a7,522,bd43c5028c90,2,arctan,independent,3,0.5,0.30922844457074627,0.085354730368540591,0.058741414284833836,0.055841875399657868,0.049428043080555858,0.27602483493077512,0.18996122548291247,0.18058453670772251,0.15984313198990835,0.0028995388851759661,0.10526991848021373,0.18721960181713937
v3.1,c530bf2cab2728a7,523,e1e3ee2c4c9a,3,arctan,independent,5,1,0.078128701358036637,0.031716704417439956,0.0543457831460573,0.054381876170002195,0.15312105689583427,0.40595458347750263,0.69559306889038763,0.69605503771000865,1.9598566753866007,0.0019040580546745927,0.20747415386084647,0.043583256605537593
v3.1,c530bf2cab2728a7,524,85c59dc6a676,4,fermi,independent,1,0.3,0.17960029886137285,0.0087121955131295985,0.0014943004330437318,0.00061879472629513676,4.686256927420903e-05,0.048508802982862712,0.0083201444681176712,0.0034453992015501191,0.00026092701165481133,0.00091508954408499809,0.00066565443613636271,0.057883820522618971
v3.1,c530bf2cab2728a7,525,43f74e1baf2b,2,arctan,independent,2,1,0.050114300164090568,0.032149804631472323,0.01595282719821663,0.044841119623514773,0.11376002988366286,0.64152955396370648,0.31832884318411847,0.894776929473031,2.2700113442904604,0.028888292425298143,0.15860114950717763,0.24714661846704583
v3.1,c530bf2cab2728a7,526,c0e9617d057d,3,arctan,independent,10,0.05,0.39740651344606914,0.0010612353909145119,8.1161868259711413e-06,5.7677931451968234e-06,4.1083355690632418e-08,0.0026704026104457119,2.042288324766616e-05,1.4513584830761848e-05,1.0337866718484904e-07,2.3588234440840681e-06,5.8088400222432186e-06,0.26109613992013275
v3.1,c530bf2cab2728a7,527,bb46fe689c7f,4,arctan,independent,3,0.05,0.10429215348610157,0.00023671396697923236,3.8646279958411185e-05,1.5985924695316912e-06,1.8538463981110496e-08,0.0022697198117668351,0.00037055788634723469,1.532802244556899e-05,1.77755117345247e-07,4.0030551720295116e-05,1.6168435939697047e-06,0.036488436863587402
v3.1,c530bf2cab2728a7,528,809697cd62df,2,arctan,common,1,0.5,0.16010255559512185,0.10408384136802849,0.12595761782946518,0.09282885404076241,0.094055243558568272,0.65010730766373737,0.7867308386256826,0.57980869634282595,0.58746872096421443,0.033128763788702775,0.18688409759933067,0.45275823940118032
v3.1,c530bf2cab2728a7,529,0ea922cddfb2,3,arctan,common,2,0.5,0.24575713601001889,0.023972075735301079,0.0084782143199084829,0.0067893453612052467,0.0032036235743329294,0.097543762612548504,0.034498344412521344,0.027626238942369766,0.013035729608284195,0.001936176901032932,0.0099817789354427391,0.17420634771841106
v3.1,c530bf2cab2728a7,530,bb0c44831a9b,4,arctan,common,10,0.3,0.29024562732566206,0.015849340722426875,0.0023213637025824947,0.0026264646132221582,0.00073729017004847198,0.054606647715810586,0.0079979282512252035,0.0090491100156186201,0.0025402283467348017,0.00033062797262711335,0.0033634937603270743,0.15262475467715444
v3.1,c530bf2cab2728a7,531,7d14da6ee750,2,arctan,common,2,0.5,0.42288466813044973,0.075659531167149005,0.031655378314759959,0.031218031626672822,0.017509426909983864,0.17891292087186728,0.074855819329432485,0.073821620832663554,0.041404733322189462,0.00043734668808713899,0.048727458536656686,0.41679370568425678
v3.1,c530bf2cab2728a7,532,013188c80cc7,3,arctan,common,10,0.2,0.31957068877857803,0.0056002266861830755,0.00019410000418908287,0.00020693730667160903,1.0022132060916434e-05,0.017524218843685387,0.00060737736909147373,0.00064754783194459476,3.1361236849417378e-05,2.1391077977198919e-05,0.00021695895632322794,0.1775390269929854
v3.1,c530bf2cab2728a7,533,34327749f65b,4,arctan,independent,5,1,0.14428241363996436,0.04813103413815123,0.050361898000569963,0.053187166780097848,0.10641370276899102,0.33358905582391474,0.3490508422339032,0.36863236092527973,0.737537583995031,0.0037435517822281125,0.15929066516430487,0.0044605832410470614
v3.1,c530bf2cab2728a7,534,5f3d7effddea,2,arctan,independent,2,0.7,0.36406099519847712,0.13583801443093488,0.15004179137193416,0.15001051371414323,0.26106993127748196,0.37311883509212329,0.41213366263017287,0.41204774939529343,0.71710492121012037,3.1277657790928198e-05,0.41108044499162516,0.49480593667389028
v3.1,c530bf2cab2728a7,535,ad7ddea98b29,3,fermi,independent,3,0.1,0.15656018438263378,0.00011473287892823522,2.2998691226599124e-05,2.214264040502925e-07,6.7308241197263799e-10,0.0007328356144997093,0.00014690000089927221,1.4143213034875164e-06,4.2991927649217737e-09,2.3219844117226569e-05,2.220994833952334e-07,0.060247591677474455
v3.1,c530bf2cab2728a7,536,7259a684e208,4,fermi,independent,10,0.5,0.20354814195206811,0.0055894600715815437,0.00025571538517354443,0.00028145200534719899,1.8668712447157345e-05,0.02746013801932793,0.0012562894591971307,0.0013827294253242353,9.1716447362872455e-05,3.7565644708618879e-05,0.00030012031560111704,0.13164494942770635
v3.1,c530bf2cab2728a7,537,489865c207d1,2,fermi,common,10,1,0.22762588680878854,0.017066823530731533,0.0019268178328074462,0.0020798930078588392,0.00031835053666606837,0.074977515826519736,0.0084648449252435927,0.0091373307184784373,0.0013985691220326395,0.000153075175051393,0.0023982435445249078,0.293129804028118
v3.1,c530bf2cab2728a7,538,6b306f206d14,3,fermi,common,2,0.05,0.34280715958000502,0.0003218332813710978,3.7913673940453454e-06,5.0203341296887005e-07,9.8851780705005347e-10,0.00093881726905994717,1.1059767242581491e-05,1.4644776193821136e-06,2.8835973211911615e-09,4.0656229156148077e-06,5.0301954268105932e-07,0.1768765694193182
v3.1,c530bf2cab2728a7,539,b3122a1187a0,4,arctan,common,2,0.5,0.20982484591430534,0.052362231709105318,0.033810082579351391,0.047055548938470609,0.078450936889292749,0.2495521037126871,0.16113479045832249,0.22426109135659075,0.37388773740042652,0.014550268113987859,0.12545785057097053,0.15235433119481748
v3.1,c530bf2cab2728a7,540,ae5ced04ee43,2,fermi,independent,5,0.05,0.49357206782914625,0.00026498716336897021,1.6529471177653409e-07,2.1648699231752395e-07,2.1185689320446314e-10,0.00053687633608289506,3.3489478548399563e-07,4.3861273039555913e-07,4.2923193392256351e-10,5.1192280540989854e-08,2.1669884921072841e-07,0.45631108057101205
v3.1,c530bf2cab2728a7,541,c3ad77f71ebc,3,fermi,independent,1,0.1,0.56640849410876748,0.0044790402142656149,0.00020278623879182016,4.8769741598695044e-05,5.6322796664886861e-07,0.0079077913923471365,0.00035802118241694145,8.6103478507032743e-05,9.9438474618057525e-07,0.00015414086099444733,4.9332911366929292e-05,0.10848241589398328
v3.1,c530bf2cab2728a7,542,5895e1ec2ccf,4,arctan,independent,5,0.1,0.16105915036454699,0.00083423938755451785,3.0358369067896798e-05,1.2218707721588138e-05,2.8578693873910711e-07,0.0051797081113756707,0.00018849204779227129,7.5864722332955823e-05,1.7744222423392078e-06,2.8623731467205084e-05,1.2503818943793952e-05,0.11879449918086388
v3.1,c530bf2cab2728a7,543,b3ebf6a0cf4f,2,arctan,independent,2,0.3,0.13493032633151572,0.0062029228874497444,0.00032125837244145007,0.00098463871726336646,0.00026403077202680994,0.045971302790816161,0.0023809204437269167,0.0072973863180629105,0.0019567934000107741,0.00066338034482191634,0.0012486694892901763,0.12586005250079732
v3.1,c530bf2cab2728a7,544,ac6ad7080457,3,arctan,common,3,0.3,0.41182077205158357,0.041269140655844694,0.010569457344085324,0.010184103120579558,0.003555503407928276,0.1002114110229375,0.025665187531534767,0.02472945468448572,0.0086336184311822991,0.00038568736274228067,0.01373953130045018,0.28736526546654845
v3.1,c530bf2cab2728a7,545,0e97f053a875,4,fermi,common,1,0.2,0.065277619045599089,0.0014843770367089094,0.0014823078849085071,5.0911625060506048e-05,1.9468327259390624e-06,0.022739448196969488,0.022707750475290073,0.00077992466338182764,2.9823893003498183e-05,0.0015230965396645464,5.2845468581114421e-05,0.063529705569199402
v3.1,c530bf2cab2728a7,546,57ebabdb85d0,2,fermi,independent,2,0.5,0.32883145746351522,0.030945269673020023,0.0049591446152834132,0.0039208191141157991,0.00051753449346888028,0.094106780147253669,0.015081113752122222,0.011923491579423557,0.0015738594399117129,0.0010383255011676136,0.0044383536075846795,0.1552104246696446
v3.1,c530bf2cab2728a7,547,c8c2f0adfe68,3,arctan,common,3,0.3,0.22371715807583056,0.012921323954845869,0.00078046227849116513,0.0024867766053999411,0.00082230037453871697,0.057757411483235863,0.0034886116255178862,0.011115716947186634,0.0036756249793768268,0.0017535386447781575,0.0033090071858092231,0.15231545363150986
v3.1,c530bf2cab2728a7,548,1f9d5cb66cb8,4,fermi,independent,10,0.7,0.090929747295475538,0.001693203269593704,6.907296798232268e-05,6.3365360282020377e-05,3.2992739647125177e-06,0.018621004896138691,0.00075963004447676056,0.00069686062225725873,3.6283769204719679e-05,3.4998873323642433e-05,6.6664011680199177e-05,0.04329643529377173
v3.1,c530bf2cab2728a7,549,02090088db64,2,fermi,common,2,0.1,0.077856920829374759,0.00041738421873034631,4.1037760950029774e-05,2.94446767090295e-06,1.7477518382788653e-08,0.0053609135101175326,0.0005270920107406376,3.7818958668501919e-05,2.2448252764954625e-07,4.3982228620932732e-05,2.9619451892857388e-06,0.47993952375551974
v3.1,c530bf2cab2728a7,550,5e9e0c226940,3,arctan,common,3,0.1,0.23932909477847933,0.0037891479482804625,0.0001294525572404491,0.00011940019760291266,4.732384965205836e-06,0.015832374880236189,0.00054089770138590599,0.00049889545486907184,1.977354641977853e-05,1.8509317966573602e-05,0.00012413257115076519,0.09585183425058566
v3.1,c530bf2cab2728a7,551,caff9c573459,4,fermi,common,1,0.5,0.24865176339617356,0.045737928484430777,0.012876022362919338,0.013558537455422811,0.0043006742055646512,0.18394371252279093,0.051783354306657953,0.054528217577207258,0.017295973078270289,0.00077555291669827045,0.01785305338437437,0.067154635748905123
v3.1,c530bf2cab2728a7,552,3687a380ceb0,2,fermi,common,2,0.3,0.31137669823375624,0.0038578512129923094,5.4677615702032258e-05,6.1756755336429305e-05,1.0765794546507117e-06,0.012389659325426301,0.00017559957444530664,0.00019833454361465214,3.4574824023681551e-06,7.0791396343970476e-06,6.2833334791080017e-05,0.23071744438389286
v3.1,c530bf2cab2728a7,553,6254a2e1a388,3,fermi,common,5,0.2,0.24926570920577287,0.0013144298846357383,3.5205551554592728e-05,1.1086460934631841e-05,1.1805888847334679e-07,0.0052732078103476928,0.00014123704245869607,4.4476478413161069e-05,4.7362667271609053e-07,3.4140208956891918e-05,1.1203998919545049e-05,0.22312746134164288
v3.1,c530bf2cab2728a7,554,02548695f5c4,4,fermi,common,10,0.05,0.32309576171239995,0.00011503633128034143,8.3752014307429563e-07,6.481797248475494e-08,4.5487793089958116e-11,0.00035604407396324722,2.5921731025979993e-06,2.0061535979680207e-07,1.4078734072175345e-10,8.0501846225592886e-07,6.4863260908393953e-08,0.12264768273526201
v3.1,c530bf2cab2728a7,555,b99c5f123061,2,fermi,common,1,0.1,0.070759104754806068,0.00016623508310604238,0.00039374308657613418,1.3920406324669559e-06,8.7508085372303855e-09,0.0023493101514226187,0.0055645572105601088,1.9672954276211447e-05,1.2367042471147173e-07,0.00039513512720860115,1.4007914410041864e-06,0.12686173808704845
v3.1,c530bf2cab2728a7,556,d64e5aa34e87,3,fermi,common,3,0.7,0.03466570623219839,0.0015147148731915808,0.0017989059273703627,0.00019016631931724476,3.5897177848534997e-05,0.043694908825618418,0.051892954821716374,0.0054857188843484006,0.0010355242038944177,0.001981741080895591,0.00022594606036210915,0.052552800227944153
v3.1,c530bf2cab2728a7,557,ef2f3895afce,4,fermi,common,5,1,0.16763987371803638,0.017393982150056018,0.0046531413594698839,0.0036396766708695913,0.0010307952162710032,0.10375802465296537,0.027756769653121328,0.02171128258537932,0.006148866575769199,0.0017735888811989994,0.0046665155233326485,0.17530332712591801
v3.1,c530bf2cab2728a7,558,41b9ebff7e1e,2,arctan,independent,1,0.5,0.33617639786131381,0.11329681501871962,0.088798317361899401,0.084038379444603503,0.078454989576108247,0.33701597060201438,0.2641420335479121,0.24998298506152919,0.23337447267334355,0.0047599379172958934,0.16249336902071176,0.4709112811047616
v3.1,c530bf2cab2728a7,559,e218477267a6,3,arctan,common,1,0.2,0.23938326209360786,0.013098648673435624,0.0042075458388437627,0.0014424062647553594,0.00019522924964160155,0.054718314717900202,0.017576608331114036,0.0060255101051773802,0.00081555096180976753,0.0033011767098756503,0.001636903974343754,0.13569225664204651
v3.1,c530bf2cab2728a7,560,057573da261b,4,fermi,common,2,0.5,0.10392765384245516,0.0064749732122665439,0.0011732302614631087,0.0013563318612004455,0.00049225217805179975,0.062302697817868694,0.011288913182256752,0.013050731071602182,0.0047364888925329647,0.0016259323897711653,0.0018419383347205069,0.038603960722251134
v3.1,c530bf2cab2728a7,561,0ee9e08a59ca,2,arctan,independent,2,0.3,0.022579442422297164,0.0037510426654938089,0.0020517486353201662,0.00083876656747229551,0.00022706174985850954,0.16612645234275847,0.090867993856839774,0.037147355181986905,0.010056127410581513,0.0028905152027924614,0.0010658283173308051,0.29841920617708378
v3.1,c530bf2cab2728a7,562,f3322f7a3428,3,fermi,independent,5,0.1,0.15153564214987852,0.0002498408919605224,1.3367911207551495e-05,7.8547241293624078e-07,3.0785975806076482e-09,0.0016487269160968324,8.8216283759366451e-05,5.1834169294597891e-06,2.0315996533427538e-08,1.2839787948996678e-05,7.8854874741639881e-07,0.10036566872051864
v3.1,c530bf2cab2728a7,563,b8c09cf40e18,4,fermi,common,1,1,0.23482637643663487,0.09635514529727035,0.07541038802056034,0.058081266726735768,0.050701579298629271,0.41032505274496134,0.32113252848710094,0.24733706497578356,0.21591092137092399,0.025213607630344168,0.10774429823129715,0.066471549894897439
v3.1,c530bf2cab2728a7,564,5947b5c457aa,2,arctan,independent,2,0.05,0.49138162959748594,0.0014675738675283415,2.6861472834566286e-05,1.0533380985963186e-05,1.0561667687541877e-07,0.0029866274584389755,5.4665195474584177e-05,2.1436253110625198e-05,2.1493818757924349e-07,1.6328091848603098e-05,1.0638997662838605e-05,0.38267694296459281
v3.1,c530bf2cab2728a7,565,2813ad58bf5b,3,arctan,common,1,0.7,0.25697038604528838,0.14697603751514604,0.29823810305135079,0.23122548499564038,0.52106955617045703,0.57195710282835088,1.1605932794092055,0.89981374334274178,2.027741656109058,0.069261543258211364,0.75198889401784041,0.15295441623737954
v3.1,c530bf2cab2728a7,566,6c6b9d53c62f,4,arctan,common,2,0.7,0.15488129096068981,0.060782886542517414,0.091428789323361334,0.091776552595286873,0.25825970951786709,0.39244821737665286,0.59031525858450351,0.59256061223418222,1.6674687298636708,0.0075718221702105867,0.34934095648886454,0.063156222542994037
v3.1,c530bf2cab2728a7,567,0fca8b0a6d27,2,arctan,independent,3,0.1,0.063659955381615368,0.00038634486836897292,3.9068993778287341e-06,4.7639868123164799e-06,8.0972390320627147e-08,0.0060688837441527192,6.1371381026085743e-05,7.4834906555594166e-05,1.271951729077264e-06,8.5708743448774567e-07,4.8449592026371071e-06,0.036164652204953802
v3.1,c530bf2cab2728a7,568,30a048e9b6c9,3,fermi,common,10,0.3,0.38536407264406308,0.0052265613440831858,0.00010741394376625666,9.7896120240135502e-05,2.1306061149684944e-06,0.01356265857432599,0.00027873367392364121,0.00025403541012126497,5.5288135719294295e-06,9.6845406356848959e-06,0.00010001358757712802,0.16356182342532605
v3.1,c530bf2cab2728a7,569,a0b52d2845fc,4,fermi,common,10,0.2,0.14901961769952549,0.00021730654199277744,4.0824983828693469e-06,1.10105213874517e-06,1.1204618206054644e-08,0.0014582411721854082,2.7395711020417861e-05,7.3886388634096996e-06,7.5188880356994239e-08,4.551525704438805e-06,1.1121587800344199e-06,0.010305219441939415
v3.1,c530bf2cab2728a7,570,c71725c54af7,2,arctan,common,1,0.5,0.42248374179024351,0.067382522557308214,0.024029208298228986,0.024084142401942146,0.011479159335570794,0.15949139787434133,0.056876054440360237,0.057006080991158094,0.027170653447937922,5.4934103713159066e-05,0.035563301737512938,0.4864031932675178
v3.1,c530bf2cab2728a7,571,2fa6c4e26781,3,arctan,independent,2,1,0.1900766527936906,0.10165445091646062,0.19071765483753911,0.1885154285015013,0.6061842211909807,0.53480766534118462,1.0033723344473255,0.99178634372374042,3.1891566496014305,0.011243504885197677,0.79445211658411163,0.10970575195665579
v3.1,c530bf2cab2728a7,572,5fd4cb0b2a2f,4,fermi,independent,5,0.05,0.23752037996758063,9.2691410445938627e-05,1.3680448561912968e-06,6.1342341111179719e-08,5.1461434316575601e-11,0.00039024613575723549,5.7596946265327734e-06,2.5826138001106428e-07,2.1666113166204777e-10,1.3663624583146269e-06,6.1393731929574578e-08,0.056923684127645063
v3.1,c530bf2cab2728a7,573,0a5c18f7a4f6,2,fermi,common,5,1,0.23217325620541396,0.028765776567963287,0.0058743083243679873,0.0069449962286607606,0.0022431167463348822,0.12389789004170632,0.025301399568478839,0.029912989730893961,0.0096613915960686598,0.0010706879042927731,0.0091881129749956415,0.39051326187016033
v3.1,c530bf2cab2728a7,574,cd1f12d928b5,3,arctan,independent,1,0.5,0.40063349058905268,0.15204415384147427,0.17364471539490467,0.17511987798977627,0.30985542835496649,0.37950934560643762,0.43342536126871045,0.43710743635609933,0.77341369514412062,0.0017897818806001879,0.48493443529988078,0.12970677112272241
v3.1,c530bf2cab2728a7,575,eb16516f9d68,4,arctan,common,3,0.2,0.24795962022585138,0.0072732158953717901,0.00071145104483656446,0.00058767740220727063,7.6446159345658501e-05,0.029332259376535014,0.00286922138446795,0.0023700528403455003,0.0003083008405805281,0.00057067981659195783,0.00066297271804734148,0.15287379618895386
v3.1,c530bf2cab2728a7,576,0db49dade7d6,2,arctan,common,3,0.7,0.25901292016990063,0.1209155953831139,0.14105538605362958,0.13788189018216346,0.21332155017643409,0.46683229278214694,0.54458822347975422,0.53233595486942986,0.82359424401108994,0.0031734958714661316,0.35120344035859752,0.17097228868282602
v3.1,c530bf2cab2728a7,577,8ade26e6b0ac,3,arctan,independent,1,0.7,0.090427751492250977,0.047418572285241108,0.02834815822757171,0.070448760553584011,0.13628854543267402,0.52438075151414709,0.31348958433408519,0.7790612880562553,1.5071539785477579,0.043145242722982605,0.20670672087365022,0.15106740680680625
v3.1,c530bf2cab2728a7,578,fb40ce8c6370,4,arctan,common,5,1,0.12930345188109407,0.04587339568491184,0.057746407674658891,0.052009395915053408,0.099863612084062858,0.35477317130788183,0.446596025354078,0.4022274359920463,0.77231976897180021,0.0075988878607510784,0.15178577043259817,0.036918849810621601
v3.1,c530bf2cab2728a7,579,8741a1a17056,2,arctan,independent,5,0.05,0.46714684666851702,0.00094345678988678897,2.9057446674256217e-06,4.4341393269463571e-06,2.9693738286943489e-08,0.0020196150238733323,6.2201954013991464e-06,9.4919603087736997e-06,6.3564034518708594e-08,1.5283946595207356e-06,4.4638330652333012e-06,0.4309509214704223
v3.1,c530bf2cab2728a7,580,cf0b978df142,3,fermi,independent,10,0.3,0.36451923660004587,0.0057086975629526537,0.00013188599083619482,0.00014470038506900277,4.7080518425844818e-06,0.015660895200480994,0.00036180804082200314,0.00039696227397669403,1.2915784325945473e-05,1.7984553083831547e-05,0.00014939083448641842,0.29267259684167285
v3.1,c530bf2cab2728a7,581,15443bb76b4a,4,fermi,independent,3,1,0.095604624854871867,0.0087231399163743527,0.00070716073621786854,0.0018613637589681366,0.00062976463644525674,0.091241819416331665,0.0073967209985012841,0.019469390333299176,0.0065871775282967905,0.0017143623184260571,0.0024899962189897261,0.034823247603888545
v3.1,c530bf2cab2728a7,582,c8c29e241efa,2,arctan,independent,5,0.1,0.49259288180959143,0.0045961080975595661,0.00011197509171262169,9.5123376084298595e-05,2.6969585314556095e-06,0.0093304395318813439,0.00022731772189088379,0.00019310749220502929,5.475025383127849e-06,1.6851715628323109e-05,9.7820334615754195e-05,0.37940763119296439
v3.1,c530bf2cab2728a7,583,bfcdd808b006,3,fermi,independent,3,0.05,0.15230850402754331,2.5434512536680673e-05,3.2362972904355265e-06,1.5903392968423813e-08,1.9969524668620487e-11,0.00016699338424387074,2.1248303311089431e-05,1.0441565997882731e-07,1.3111234199378138e-10,3.2435609491233804e-06,1.5922954383870734e-08,0.057385001136754404
v3.1,c530bf2cab2728a7,584,f7bd77e9929c,4,fermi,common,10,0.1,0.19093353472404925,0.00018821533882356866,4.2328382013760034e-06,3.0677184574583126e-07,5.8664538216130283e-10,0.00098576365380545049,2.2169171107074524e-05,1.6066944247860901e-06,3.0725109814217001e-09,4.3513560474929146e-06,3.0735699582409458e-07,0.058306084519059588
v3.1,c530bf2cab2728a7,585,d748e15f255f,2,arctan,common,1,0.05,0.4965128333879425,0.0011365871796261058,1.3719379386954788e-05,5.6053468026492191e-06,3.4495123575104105e-08,0.002289139581490034,2.7631469852130422e-05,1.1289429850989509e-05,6.9474787468689416e-08,8.1140325843055682e-06,5.6398419262243236e-06,0.44356032274707924
v3.1,c530bf2cab2728a7,586,a577fe3ed607,3,fermi,common,2,0.3,0.32747800932363003,0.0036907716141779028,2.7806769292917727e-05,7.1309984805247568e-05,1.932836315948339e-06,0.011270288413566417,8.491186736584103e-05,0.00021775503323881362,5.9021865924383773e-06,6.2136159368351919e-05,7.3195207964721486e-05,0.07027977421489251
v3.1,c530bf2cab2728a7,587,6687e0998e62,4,fermi,independent,5,0.5,0.31302281027952683,0.021244525124356199,0.0024364505150520927,0.0024674136912937032,0.00035520283921857169,0.067868936150004569,0.0077836197077023302,0.0078825363847775907,0.0011347506557154044,3.1432934090302272e-05,0.0028224577683750073,0.20917154172742264
v3.1,c530bf2cab2728a7,588,e91d1a0918e9,2,arctan,common,5,0.5,0.25897269741373657,0.042077031641148094,0.020305542776984067,0.019430112214830556,0.013851357739222286,0.16247670917187668,0.078408044476378877,0.075027647349978646,0.053485783936108373,0.00087543056215351152,0.033281469954052845,0.46272363515832438
v3.1,c530bf2cab2728a7,589,e911eadfbabe,3,fermi,independent,1,0.2,0.34438539467910523,0.0075531084803311596,0.0001934600584934928,0.00032670559962200249,1.8564383410598884e-05,0.021932139391012993,0.00056175453861438262,0.00094866276174813806,5.3905838335266759e-05,0.00049158892516131447,0.00034525354362343523,0.2340074960690148
v3.1,c530bf2cab2728a7,590,2e5449b8a3f7,4,fermi,common,2,0.3,0.25431551894384141,0.010657786500672724,0.0016469000357977165,0.00090626651178711862,0.00010015355834585584,0.041907731564844862,0.0064758141486496905,0.0035635517468646603,0.00039381614917480517,0.00085879316695727228,0.0010062629790934556,0.042927040028429404
v3.1,c530bf2cab2728a7,591,5761105be02d,2,fermi,independent,10,1,0.39910448789183395,0.068722069963248616,0.017746906041081444,0.017618647630010874,0.0052491116942728362,0.17219067198731627,0.044466816534248652,0.044145451039843762,0.013152224175678677,0.00012825841107056812,0.022867759324283709,0.42226974490869223
v3.1,c530bf2cab2728a7,592,b8ad34480321,3,fermi,common,3,0.05,0.37911264565150038,0.00029550683992258771,2.2508311888775153e-06,4.8619124536837749e-07,1.1089993575800341e-09,0.00077946975209640629,5.9371039576099867e-06,1.2824453389911695e-06,2.9252502397387262e-09,2.6496408544006019e-06,4.8729925536238253e-07,0.30188743523135952
v3.1,c530bf2cab2728a7,593,2103f3f2bf53,4,arctan,common,3,0.05,0.14818543194439882,0.00020560739201742079,1.1266841991794515e-06,7.1350891333461122e-07,3.7197637434880648e-09,0.0013875007098846765,7.6032048791557235e-06,4.8149734017196062e-06,2.5102087935902976e-08,1.4556850825720085e-06,7.171914919797622e-07,0.023127132020305211
v3.1,c530bf2cab2728a7,594,f0994897c47f,2,arctan,common,10,0.5,0.24445820545355995,0.044273869326972859,0.019981111663331545,0.018962311233036128,0.011245344931832969,0.18111017891515865,0.081736310001373158,0.077568724673626979,0.046001094178731758,0.0010188004302954167,0.0302076561648691,0.17619510013741985
v3.1,c530bf2cab2728a7,595,39e00a0721b8,3,arctan,common,3,0.1,0.17530667943527639,0.0019142950627959005,0.00010828918023203373,4.1445181546662957e-05,1.1596173828125018e-06,0.010919692672079061,0.00061771280239218912,0.00023641530191646011,6.6147929248790261e-06,8.8255100903937835e-05,4.2599893569236559e-05,0.092180180366011971
v3.1,c530bf2cab2728a7,596,393c449d3625,4,arctan,common,3,0.2,0.19922572654090481,0.0083474113191773051,0.0018078589120740715,0.0014093948639397563,0.00038452754922197585,0.041899264036381487,0.0090744249925116156,0.0070743617725012083,0.0019301099104940399,0.00041301303855222315,0.001793420754486111,0.066143826133609432
v3.1,c530bf2cab2728a7,597,c0bb897693d1,2,fermi,common,1,0.1,0.2720207215829516,0.001167440909550638,0.0013130051697640957,5.7683453714123304e-06,2.8080682092986473e-08,0.0042917352132478322,0.0048268571678047704,2.1205536614435078e-05,1.0322993751938631e-07,0.0013072368243926835,5.7964260535053166e-06,0.30359756779942876
v3.1,c530bf2cab2728a7,598,d89ccb1e79e5,3,fermi,independent,1,0.5,0.17142161047715695,0.0096031336678481741,0.0081479916632531367,0.0010196683624266046,0.00026370289412261524,0.056020554474535487,0.047531881427160604,0.0059483069817646015,0.0015383293470910154,0.0082313211380242966,0.001249203052951996,0.084193826691901522
v3.1,c530bf2cab2728a7,599,1326719818a8,4,fermi,common,1,0.7,0.10076765342358272,0.007006559944756895,0.0032911587538187819,0.0007736382056047639,0.00010398734503738658,0.069531835928583252,0.032660865287635545,0.0076774458799068234,0.0010319516382927931,0.0031371628288980884,0.00087590201125628715,0.068562886354590402
v3.1,c530bf2cab2728a7,600,6a57ba5f541b,2,arctan,common,10,0.05,0.49293931865173163,0.00087086803522244552,3.1352531555268514e-06,2.9656554406645956e-06,1.2762081653478858e-08,0.0017666840567808829,6.3603227352654143e-06,6.0162687950641482e-06,2.5889762026663253e-08,1.6959771486225591e-07,2.9784175223180744e-06,0.44105234288497436
v3.1,c530bf2cab2728a7,601,53edab7e53c6,3,fermi,common,1,0.7,0.10529105879708385,0.012754603538608559,0.007168929528943809,0.0021043524938578495,0.00036302838329797614,0.12113662531582227,0.068086783539328982,0.019986051217448026,0.0034478557576061775,0.005157144470473979,0.0024671316135453634,0.029749423580288693
v3.1,c530bf2cab2728a7,602,52c62ae7fe59,4,arctan,common,5,0.05,0.28175794858834141,0.00051592388466190238,7.2941091044535575e-06,2.8301500893120915e-06,2.5893407415161598e-08,0.0018310890154005412,2.5887855661209813e-05,1.0044614902584501e-05,9.1899474513114117e-08,4.9912243746903779e-06,2.8556993314802768e-06,0.1347090375063105
v3.1,c530bf2cab2728a7,603,702639a57f44,2,fermi,independent,2,0.7,0.43024588793238255,0.0571505793140955,0.013320611100083628,0.012911736443368795,0.0035709249199897221,0.13283236613542554,0.03096046115419724,0.030010133287777067,0.0082997305032951954,0.0004088746567148317,0.016482661363358516,0.38918893185026182
v3.1,c530bf2cab2728a7,604,686b8d719702,3,arctan,independent,5,0.2,0.42309680075063499,0.014674606740541451,0.0011875836615589893,0.0012303122127822516,0.00015128521204126147,0.034683804544271127,0.0028068840498251084,0.0029078740623883223,0.00035756642870581767,4.5628866552076363e-05,0.0013815173117816399,0.14469713429213771
v3.1,c530bf2cab2728a7,605,6222d1ebfef0,4,arctan,independent,5,0.1,0.22897948470099913,0.0013904751050347421,3.8716318392800223e-05,2.4005300092508631e-05,6.6064437455064903e-07,0.0060724877027757366,0.00016908204000614247,0.00010483602984719218,2.8851684045551806e-06,4.9824893945739627e-05,2.466583170900171e-05,0.15538594399423558
v3.1,c530bf2cab2728a7,606,b3aa6ed27cd6,2,arctan,independent,10,0.05,0.49756950556454232,0.0010164502090934014,5.0465046495302927e-06,4.2969323025835845e-06,2.4142454937725706e-08,0.0020428305949741375,1.0142310959761349e-05,8.6358433435511395e-06,4.8520768792560305e-08,7.4957234694670813e-07,4.3210747575213105e-06,0.40103576269103436
v3.1,c530bf2cab2728a7,607,3a5caea9a47c,3,arctan,independent,2,0.2,0.31277225217069482,0.012844436573851196,0.0010149267892884883,0.0014991366005458263,0.00027170287433783539,0.041066419686236651,0.0032449387125766966,0.0047930613733844765,0.00086869238703935316,0.00048461437690285421,0.0017706746059754908,0.21720893485554146
v3.1,c530bf2cab2728a7,608,e66e0bce563e,4,fermi,independent,5,0.2,0.23498562483165411,0.001373159726136917,3.4685515315476784e-05,1.6386609127480096e-05,2.7310144733728326e-07,0.0058435903350286273,0.00014760696676797063,6.9734517331515984e-05,1.1622049116108088e-06,4.4544137406130798e-05,1.6659387292347763e-05,0.050588541266286084
v3.1,c530bf2cab2728a7,609,d44b80057b16,2,arctan,common,10,0.3,0.12339587791780433,0.0074587896797018048,0.0010245636648856368,0.00092477666193432678,0.00014613533202096715,0.060446019798734325,0.0083030623240762762,0.007494388609563871,0.0011842805001825902,9.9787002951309971e-05,0.0010709119939552939,0.073424210589926986
v3.1,c530bf2cab2728a7,610,7afba7b78aef,3,arctan,independent,2,0.05,0.11967791909938311,5.7909120596156397e-05,6.9670863867840775e-05,8.9730170511699914e-08,1.4863590879115887e-09,0.00048387472837046428,0.00058215303534802103,7.4976379257719266e-07,1.2419660193767944e-08,6.9715327034616638e-05,9.0961182378929521e-08,0.053649874760880886
v3.1,c530bf2cab2728a7,611,4710abc3cb4e,4,arctan,independent,5,0.1,0.16200646868028268,0.00087633612927764395,3.3398547572088754e-05,1.2771973465220107e-05,2.8639693390829584e-07,0.0054092662868115478,0.00020615564208118308,7.8836194438787528e-05,1.7678117191326222e-06,2.3267685178282427e-05,1.3057808671264575e-05,0.072777392578976891
v3.1,c530bf2cab2728a7,612,a675e08ccf58,2,arctan,independent,3,0.2,0.35826847391645605,0.011919987755415647,0.001152043295116838,0.0010220176326399023,0.00012521957265542545,0.033271104278617736,0.0032155865754056852,0.002852658570450228,0.00034951323315326137,0.00013002566247693589,0.0011472372052953278,0.46549760429346709
v3.1,c530bf2cab2728a7,613,51bafb2cd080,3,fermi,common,2,0.2,0.05292321061509854,0.0001699641635004714,8.8080827880819749e-05,2.1531754997613947e-06,4.115491542693929e-08,0.0032115240463506966,0.0016643137643597729,4.0684899399264943e-05,7.7763451893068151e-07,9.0226910086970601e-05,2.1942862663629649e-06,0.01988933882331571
v3.1,c530bf2cab2728a7,614,848abd300f3d,4,arctan,independent,10,0.5,0.28460394354773777,0.056808850203702348,0.030494133652369582,0.030451231906573815,0.023437724625249717,0.19960668673648779,0.10714585775672739,0.10699511583354468,0.082352072613914473,5.6724727405238007e-05,0.053866199173956977,0.17043088523817196
v3.1,c530bf2cab2728a7,615,cae132cfaaad,2,arctan,independent,3,0.7,0.16023279943032789,0.040611944407430572,0.032193788486627781,0.030473973633203141,0.036139897150752956,0.25345587515051421,0.20091884184190528,0.19018561581365725,0.22554618829128822,0.0017198148534246409,0.0666138707839561,0.46605915817207733
v3.1,c530bf2cab2728a7,616,f97bbeb49428,3,fermi,common,5,0.2,0.19699309172993057,0.0012043060786476817,8.3515185218252684e-05,1.1711015509145356e-05,1.4063518976450418e-07,0.0061134432079411995,0.00042394981714764178,5.9448863948999171e-05,7.1390924691566976e-07,8.0490366269133143e-05,1.1847242236053849e-05,0.1141880513717282
v3.1,c530bf2cab2728a7,617,af0eae79e535,4,arctan,independent,10,0.3,0.16534447884361836,0.0025566706999531918,9.5114725694584338e-05,0.00010956656417237379,8.6261817662389656e-06,0.015462691695749169,0.00057525190051579023,0.00066265632175115487,5.2170969521138635e-05,5.3681942660755223e-05,0.00011790569162629614,0.04324760809630325
v3.1,c530bf2cab2728a7,618,57c248657bad,2,arctan,independent,1,0.3,0.41130816115069924,0.056842782608861032,0.023417104212490825,0.015483195742751286,0.0052086106809980919,0.13819998720626989,0.056933235039581503,0.03764378440591748,0.012663523783302001,0.0079339084697395389,0.020691806423749376,0.26935690750183749
v3.1,c530bf2cab2728a7,619,c2f43cff98f5,3,arctan,independent,3,0.2,0.19198613835560949,0.0051732328887006762,0.00046223698464997487,0.00045389406612796258,6.845566997660781e-05,0.026945866680845833,0.002407658118492851,0.0023642022805168872,0.00035656569043442956,0.00091604519734416791,0.00052234964598431429,0.15989712747564286
v3.1,c530bf2cab2728a7,620,b2269cfafdae,4,fermi,common,2,0.5,0.16759583578209905,0.009563525558620202,0.0019766856963839936,0.0013520216682277159,0.0002570193530991422,0.057063026142572477,0.011794360445530377,0.0080671554989323047,0.0015335664630313833,0.00069567675604460702,0.0016089950246410403,0.12297242305461277
v3.1,c530bf2cab2728a7,621,233587363865,2,fermi,independent,10,0.1,0.24362318872266112,0.00068967047917926905,3.0142879428291078e-06,2.4418624633064736e-06,9.0506873650689063e-09,0.0028308901250134483,1.2372746447632091e-05,1.0023111823260274e-05,3.7150352610203063e-08,5.7242547952263405e-07,2.4509131506715427e-06,0.10682809122849671
v3.1,c530bf2cab2728a7,622,e937713d1950,3,fermi,common,10,0.1,0.37490530631361846,0.00074880157276784574,4.2130229770458355e-06,2.3394341175368643e-06,8.5171761331872085e-09,0.0019973085474054423,1.1237565609491607e-05,6.2400666998825145e-06,2.2718206410400497e-08,2.3221583783312818e-06,2.3479445201737338e-06,0.21711389432827857
v3.1,c530bf2cab2728a7,623,f44087fbb76c,4,fermi,common,5,0.5,0.17801584286984679,0.0073768176294670166,0.00031872272575894775,0.00070638385065475897,9.9305086319147318e-05,0.041439107388101686,0.0017904177550757455,0.0039680954193005132,0.00055784409251570109,0.00046257991972194489,0.00080525137024318766,0.18458096907354921
v3.1,c530bf2cab2728a7,624,4424f79e9b61,2,fermi,common,2,0.1,0.11349596111915332,9.9372265635133908e-05,1.771595514395529e-06,1.3769274145364554e-07,2.5327758086162276e-10,0.00087555772606576101,1.5609326507536475e-05,1.2131950784494376e-06,2.2315999473824465e-09,1.9092882558491746e-06,1.3794601903450717e-07,0.093692093951736541
v3.1,c530bf2cab2728a7,625,7c9a7e4bc894,3,fermi,independent,5,0.1,0.25355698178852953,0.00037000564575171449,4.9705136766577356e-06,1.0542236469565022e-06,4.2388804369619203e-09,0.0014592603332859711,1.9603142621421568e-05,4.1577385860971522e-06,1.6717664041675699e-08,3.9292039158387163e-06,1.0584369585103508e-06,0.30269704940879794
v3.1,c530bf2cab2728a7,626,c6538ff6701c,4,arctan,common,2,0.7,0.2941628200518987,0.11359401412994229,0.13941459114582197,0.13098834109521629,0.2248769652887572,0.38616033837961256,0.47393681880403943,0.44529196814235805,0.76446426930868594,0.0085306728329972211,0.35584465927623321,0.04493249329459148
v3.1,c530bf2cab2728a7,627,260eeb21ae5c,2,arctan,independent,1,0.2,0.44790664181712786,0.026556853447154236,0.0045534966680714495,0.0038967991472731406,0.00079821278722149163,0.05929104632031091,0.010166173579382999,0.0087000253701621441,0.0017820963403962814,0.00065669752079830924,0.0046950119344946325,0.35619275064104944
v3.1,c530bf2cab2728a7,628,f8e62a52d061,3,arctan,independent,10,0.5,0.34602923866265678,0.066324622216250184,0.028564951251024179,0.028670992813221215,0.017262219363178687,0.19167346225591625,0.082550686645506549,0.082857139252248302,0.049886591751304547,0.00015167382856245732,0.045930570462691667,0.26641245190182855
v3.1,c530bf2cab2728a7,629,da45db62d4fd,4,arctan,common,2,1,0.23486823762629844,0.18382058250039685,0.52724976654016487,0.51664221366759788,2.4094467015536356,0.78265407173904844,2.2448747087678926,2.199710862946199,10.258716657070226,0.010773234041293737,2.9255244741374029,0.13595947574727482
v3.1,c530bf2cab2728a7,630,d2a93e518a23,2,arctan,independent,10,0.05,0.49468839297124828,0.00099924699622434203,4.706701853482049e-06,4.1733299875174541e-06,2.3179035685457869e-08,0.0020199523789563001,9.5144780438695405e-06,8.4362803874398e-06,4.6855830892327113e-08,5.3337186596459567e-07,4.1965090232029116e-06,0.39945889306085169
v3.1,c530bf2cab2728a7,631,f544a49ee5aa,3,arctan,independent,10,0.05,0.41372672079202732,0.00085166300136124131,4.4700295533240235e-06,3.6480805614645099e-06,2.0611143390643867e-08,0.0020585158235147116,1.0804304698441325e-05,8.8176092529888391e-06,4.9818255275333554e-08,1.0488790263248191e-06,3.6686872274430351e-06,0.1069726192826596
v3.1,c530bf2cab2728a7,632,d794dc9a3bda,4,fermi,common,3,0.7,0.15552956066455351,0.016132350151602678,0.0027184753668314274,0.0036712845905692041,0.0012316966769086463,0.10372529879639386,0.017478833960668357,0.023605059866962774,0.0079193734724498609,0.0011828211852855238,0.0048943960242029882,0.1179490290543203
v3.1,c530bf2cab2728a7,633,a4226e7e9203,2,fermi,independent,3,0.05,0.49674850403576432,0.00030902306849282129,2.2857528096057523e-07,3.1187251385766841e-07,3.8525594172592592e-10,0.00062209159359757752,4.6014286727297025e-07,6.2782778674500968e-07,7.7555531339494223e-10,8.3297232897093153e-08,3.122577697993943e-07,0.47264844119735427
v3.1,c530bf2cab2728a7,634,a683aa4a9993,3,fermi,independent,1,0.1,0.22913233636300981,0.00047621560326597065,8.3839317589053819e-05,1.844255548335854e-06,1.0199406603625431e-08,0.0020783430694457359,0.00036589910843587284,8.0488663346671276e-06,4.4513169836782506e-08,8.2931051714533788e-05,1.8543796140973405e-06,0.10601035392840595
v3.1,c530bf2cab2728a7,635,d0ab16dd14ab,4,fermi,common,3,0.1,0.44798992555206757,0.0013654534172806143,5.3586117790103509e-05,5.8226358068313159e-06,2.7204509667357016e-08,0.003047955633372641,0.00011961455991240917,1.2997247202949836e-05,6.0725717512134493e-08,4.7816967925644519e-05,5.8498370590066511e-06,0.04535305063293002
v3.1,c530bf2cab2728a7,636,fd3c0e728770,2,fermi,common,1,0.1,0.11932164673057742,5.2708494521729607e-05,0.0011254924025128276,1.8928874339731957e-06,1.4344372533371107e-08,0.00044173455501115292,0.0094324243199068129,1.5863738775305749e-05,1.2021601215209521e-07,0.0011273852899468008,1.9072318065065669e-06,0.35022912949945173
v3.1,c530bf2cab2728a7,637,5d7ce47da454,3,fermi,independent,5,0.5,0.13168979937716524,0.0046219661828620839,0.00025616584978268263,0.00038145913745133391,4.2200279803878725e-05,0.035097374319969718,0.0019452216572144107,0.0028966490894167022,0.00032045215349607538,0.0001409712862716892,0.00042365811832869834,0.10907934042867577
v3.1,c530bf2cab2728a7,638,85c4ffc83262,4,fermi,independent,3,0.05,0.17024801022620947,9.3637554920205976e-05,7.6848060383460839e-06,1.0834231870118594e-07,1.7110871470961342e-10,0.00055000675071496721,4.5138889013359037e-05,6.3637935361024724e-07,1.0050555920287134e-09,7.790114293278597e-06,1.0851341615518937e-07,0.16210273451258997
v3.1,c530bf2cab2728a7,639,a781462f2784,2,fermi,common,5,1,0.38188384967714151,0.055371647077541615,0.010243626366696037,0.010256848175507663,0.0019947386126180923,0.14499604297053886,0.02682393187184106,0.026858554464084236,0.0052234170528670347,1.3221808811625596e-05,0.012251586788125756,0.37170082639283503
v3.1,c530bf2cab2728a7,640,90504149d872,3,fermi,common,3,0.1,0.20721449452447463,0.00040638106645391603,7.3173483101175165e-05,1.6645700669646047e-06,8.7955602046344153e-09,0.0019611613916608395,0.00035312917307786333,8.0330773712743256e-06,4.2446645563182597e-08,7.2154795516033555e-05,1.6733650769869891e-06,0.0762705668919538
v3.1,c530bf2cab2728a7,641,a50acf49c327,4,fermi,common,10,0.05,0.23335654530833935,7.0942968352540501e-05,1.038619454694075e-06,3.5496917763930671e-08,2.1977889892443616e-11,0.00030401104995277475,4.4507834709402449e-06,1.5211451522402245e-07,9.4181587507664404e-11,1.0036384048696441e-06,3.5518791404801464e-08,0.073736162771692329
v3.1,c530bf2cab2728a7,642,e6b7badac481,2,arctan,independent,10,0.05,0.49305836029612243,0.0010964871948513761,6.656756234117119e-06,4.9930932478034966e-06,2.9889666670659232e-08,0.002223848702601543,1.3500949928359768e-05,1.012677940356742e-05,6.0620950941198951e-08,1.6636629863136227e-06,5.0229829144741552e-06,0.34942665347203167
v3.1,c530bf2cab2728a7,643,a191bdbc167f,3,fermi,independent,10,0.2,0.21669359983279851,0.001422352289858876,2.1725079391029093e-05,1.9549140060123461e-05,3.2199680380143462e-07,0.0065638869396990387,0.00010025713453370213,9.0215585855824265e-05,1.4859543800550105e-06,5.6747320432623951e-06,1.9870765553888807e-05,0.081319428299732238
v3.1,c530bf2cab2728a7,644,c013d6b2e51e,4,arctan,common,3,0.1,0.37898864768590357,0.0045749352642675111,0.00012354178029060301,0.00015208769679594139,7.6653825762955474e-06,0.012071430878476086,0.0003259775221367353,0.00040129881917198721,2.0225889675324595e-05,9.4843868507622577e-05,0.00015974841698797586,0.1057827201842409
v3.1,c530bf2cab2728a7,645,70db8e021ffe,2,arctan,common,5,1,0.2213630112067945,0.14159258776549066,0.29334957912934917,0.27514977727353496,0.81544533468577063,0.63963977989627485,1.3251969131161925,1.2429799168953912,3.6837470281970099,0.018199801855814206,1.0905951119593056,0.23805369312624555
v3.1,c530bf2cab2728a7,646,50d397b64139,3,fermi,independent,10,0.3,0.15767889387392267,0.0008427601562790623,2.5013917893327094e-05,8.8834528482753761e-06,1.3166322248027747e-07,0.0053447873432757517,0.00015863833946810785,5.6338883600860572e-05,8.3500853694187575e-07,3.2595454355152936e-05,9.0149839859751932e-06,0.17015755872902469
v3.1,c530bf2cab2728a7,647,32db6f35a88e,4,fermi,independent,1,0.3,0.28392962473863376,0.013270487838534989,0.0030080505893492174,0.00094329072762101428,8.0297101125584734e-05,0.046738651701987405,0.010594352710176768,0.0033222694831134417,0.00028280635104385732,0.0021336023209806215,0.0010232883125091366,0.11363958986108248
v3.1,c530bf2cab2728a7,648,fb95c286bc0f,2,arctan,common,2,0.05,0.080869215008456521,0.00017680973756441321,7.3283703144482737e-07,6.9952027466369584e-07,3.3063701957137458e-09,0.0021863664380311365,9.062002535429512e-06,8.6500193502626034e-06,4.0885399906107629e-08,3.3316756781131509e-08,7.0282664485940964e-07,0.036774173923625808
v3.1,c530bf2cab2728a7,649,f3f12df1a6b1,3,fermi,independent,10,0.5,0.37287801840799378,0.01613185127035319,0.0011120115762171714,0.0011033938265268665,9.3210416707322291e-05,0.043263079275169619,0.0029822395564236136,0.0029591281117557341,0.00024997562770067555,9.7927296643642626e-06,0.0011964810224291882,0.15846762243365506
v3.1,c530bf2cab2728a7,650,cd35c6e05624,4,fermi,independent,10,0.7,0.15049845778420107,0.0087854949569095078,0.0010577067421602335,0.00090695451085615888,0.00012168149996120907,0.058375979968558762,0.0070280237932861317,0.0060263375732171028,0.00080852323507319605,0.00020828139722519238,0.0010284426720643342,0.1149694099610849
v3.1,c530bf2cab2728a7,651,57d8f4fa616e,2,fermi,independent,2,0.7,0.18373089011969546,0.020850244183893241,0.0060129389251254396,0.0040609054187110364,0.00093386174822413198,0.11348251875506563,0.032726880717816043,0.022102464185883342,0.0050827694113697898,0.0019520335064144028,0.0049947671669351686,0.42956139029525836
v3.1,c530bf2cab2728a7,652,aa75348ec11d,3,fermi,independent,5,0.05,0.20862975691209376,6.1742436952182058e-05,9.793614435462885e-07,3.207363582626534e-08,2.207806437553699e-11,0.00029594262039138192,4.6942557861434065e-06,1.537347131156347e-07,1.0582413890670251e-10,1.0101964534882965e-06,3.2095713232923575e-08,0.12609638725587424
v3.1,c530bf2cab2728a7,653,0ade36acf984,4,fermi,independent,1,0.1,0.36437507879817482,0.0030571995784395034,0.00010509378470060379,3.8503299494296327e-05,5.3310411193173138e-07,0.0083902543184981859,0.00028842198826340321,0.00010566940972278479,1.4630641417357045e-06,0.00012935192178594663,3.9036238742484655e-05,0.069931328586320701
v3.1,c530bf2cab2728a7,654,387f19b4ab03,2,fermi,independent,2,1,0.3469702730796731,0.10454935710872894,0.053276341140915777,0.048487653692819231,0.024729177113865873,0.30132079091606151,0.15354727846867214,0.139745844110643,0.071271745831054042,0.0047886874480965493,0.073216830806685104,0.25138158314944553
v3.1,c530bf2cab2728a7,655,9d2a37065276,3,fermi,common,10,0.5,0.30693817763227277,0.010776576145019682,0.00053940224635789483,0.00052909458742844814,2.9259303114696543e-05,0.035109924181313659,0.0017573644651142928,0.0017237822662201697,9.5326372693039978e-05,1.1373249708140722e-05,0.00055835012917616184,0.053738025206349606
v3.1,c530bf2cab2728a7,656,6f0982a7eafe,4,arctan,independent,10,0.2,0.18559675864692596,0.0028121102140838002,0.00010608077928945725,0.00012237049163601357,8.7378139352642784e-06,0.015151720507325666,0.00057156590482952522,0.00065933528434517408,4.7079561081596523e-05,4.7156606382745706e-05,0.00013106789599736748,0.1918929753738777
v3.1,c530bf2cab2728a7,657,74028f3ba39f,2,fermi,common,3,0.7,0.14558001892219943,0.017328244351460811,0.0090278727400647536,0.0031503138342321335,0.00058967405948839511,0.11902900191764183,0.062013130695424697,0.021639740519031787,0.0040505150628090481,0.0058775589058326205,0.0037399878937205287,0.367395584103477
v3.1,c530bf2cab2728a7,658,cc352117334d,3,arctan,common,1,0.05,0.16227390774679507,0.00058703165520943381,7.0145625860275362e-05,5.4835285248325875e-06,5.9282179668662541e-08,0.003617535704664312,0.00043226681870339533,3.3791806711087771e-05,3.6532169892133119e-07,6.4804833597039389e-05,5.5428057629001377e-06,0.14158206903482037
v3.1,c530bf2cab2728a7,659,18e7e4686f08,4,arctan,common,5,0.2,0.32468926126807546,0.0089550700484110936,0.00078194243493146301,0.00064501388640561671,6.9127736399658582e-05,0.027580431867185951,0.0024082793249077077,0.0019865574977334078,0.0002129042892569957,0.00014007006990185024,0.00071399583656095737,0.041613926959694125
v3.1,c530bf2cab2728a7,660,af840b95b6cc,2,arctan,independent,3,1,0.085379520352790672,0.028772519077558456,0.028394483173831149,0.023317754419857999,0.024929736608124371,0.33699555770130313,0.33256784597177774,0.27310711425302409,0.29198731153693497,0.0050767287539731504,0.04824749102798237,0.096311530720753338
v3.1,c530bf2cab2728a7,661,c23f74d8163a,3,fermi,independent,3,1,0.24430409644779136,0.042121544805543573,0.01488080228240914,0.015077408443949449,0.0073599559204445431,0.1724144024516801,0.060910981431656915,0.061715741418898164,0.030126207572689603,0.00020800532667723261,0.022408838454987895,0.14106184369117661
v3.1,c530bf2cab2728a7,662,e302563283ce,4,arctan,independent,5,0.2,0.28999879240604148,0.0097577316640490037,0.0011019554372172296,0.0010132177005216121,0.00018684463275601217,0.033647490677777468,0.0037998621583028107,0.0034938686886080428,0.00064429452000752425,0.00010637878221429895,0.001198585711112671,0.066995836316201873
v3.1,c530bf2cab2728a7,663,22c48e353db0,2,fermi,common,1,0.05,0.0052303495423910796,3.4349489642656911e-05,3.6446163716666854e-05,5.0143973107146105e-08,7.2688336857833308e-11,0.0065673411240033258,0.0069682080368199091,9.5871170178470603e-06,1.3897414746128705e-08,3.6496307689774e-05,5.0216661444003938e-08,0.098123364561777851
v3.1,c530bf2cab2728a7,664,29ec1a527fd8,3,arctan,independent,2,1,0.25633013452005532,0.15170524776926259,0.30122036284509429,0.29849428785254084,0.98400126097519436,0.59183540028686377,1.1751266132212277,1.1644915975697996,3.8388044496508695,0.0028906479667825187,1.2824891636605737,0.11318834080591565
v3.1,c530bf2cab2728a7,665,681e6c9f24bc,4,arctan,common,1,0.7,0.067059533386803455,0.037062084890822453,0.061339190041829535,0.20263621910868712,1.1559704493956771,0.55267436289850247,0.91469753730646119,3.0217361928224151,17.237973350156935,0.25957194669796746,1.3584598349026062,0.1111173436529926
v3.1,c530bf2cab2728a7,666,044ef71538b8,2,fermi,independent,3,0.3,0.1236877683277426,0.0011049598056271242,0.00031404976832597381,1.4499666803731888e-05,1.9950228196548807e-07,0.0089334606046027817,0.0025390527500974715,0.00011722797653937198,1.6129507764814334e-06,0.00029955010152224194,1.4699169085697374e-05,0.21099728967792936
v3.1,c530bf2cab2728a7,667,4d60bc187753,3,fermi,common,5,0.3,0.099971747296333041,0.0010462099566204211,0.00023245128479846018,1.9379524743313369e-05,4.3312138513502208e-07,0.010465056227528755,0.0023251697713098439,0.00019385001530351575,4.3324378821866304e-06,0.00022033851033502179,1.9812394973431615e-05,0.16795624724608577
v3.1,c530bf2cab2728a7,668,7210692ccf19,4,fermi,common,2,0.5,0.27173534138213173,0.017239205851141665,0.0036613267162399154,0.002254519550047089,0.00041227722411132667,0.063441162137606477,0.013473870191552014,0.008296747631647363,0.0015172013401508783,0.0023016264392662876,0.0026628431689960188,0.11891498558221775
v3.1,c530bf2cab2728a7,669,6009e097fe1f,2,arctan,independent,3,0.3,0.13285034913535398,0.0050634745357239835,0.0001860631981159876,0.00062946948293455326,0.00013173654947389735,0.038114122911074064,0.001400547302487086,0.004738184634300216,0.00099161613297439025,0.00081553268105054094,0.00076120603240845065,0.20152888387138965
v3.1,c530bf2cab2728a7,670,a72e6c32d24d,3,arctan,common,2,0.1,0.38973103465944076,0.0037314089765877675,9.3735043051151331e-05,9.0925018389487417e-05,3.6804452725188063e-06,0.0095743182983833719,0.00024051213456239111,0.00023330197059862209,9.4435519504750128e-06,1.1061313524994342e-05,9.4541012237404315e-05,0.28272508499396015
v3.1,c530bf2cab2728a7,671,cddeef1fdecf,4,arctan,common,5,0.5,0.25110405615928666,0.02090427879441617,0.004171675470835144,0.0041456967819389328,0.0012126487992850817,0.083249466831215341,0.016613333669882505,0.0165098758074586,0.0048292680645343443,0.00031214972343635743,0.0053553455189842497,0.024623594123478334
v3.1,c530bf2cab2728a7,672,f275143167d4,2,arctan,independent,2,0.2,0.19529318277695393,0.01009552815615684,0.0014586542028216536,0.0010569076081665297,0.00013697422733603514,0.051694216933762777,0.0074690482385531883,0.0054119022135741069,0.00070137741311981493,0.00040174659465512383,0.0011938818355025649,0.088202619476521527
v3.1,c530bf2cab2728a7,673,d015195c3539,3,arctan,common,2,0.1,0.15871152645628228,0.0028764653845552773,0.0001601196822916644,0.00011919797435553727,7.0220104789923982e-06,0.018123859361579585,0.0010088724232374514,0.00075103539747234946,4.4243859509010761e-05,0.00013680963049948744,0.00012621169534757259,0.060781878902618061
v3.1,c530bf2cab2728a7,674,3d9b996bfa78,4,fermi,independent,5,0.2,0.27683154337616273,0.0022941517296324971,3.3269915703282009e-05,3.8050859566680437e-05,8.2788450678851839e-07,0.008287176026451475,0.00012018108665483386,0.00013745131462485248,2.9905714381094821e-06,5.7869700813302853e-06,3.8878721818623694e-05,0.13315349765347201
v3.1,c530bf2cab2728a7,675,9538e8b0dd40,2,arctan,independent,1,0.3,0.2271476595418129,0.024122034358437676,0.016697068045920131,0.0047234922567844046,0.0011161801357637256,0.10619539028971302,0.073507550461230114,0.020794809272137418,0.0049138967049680796,0.011973575789135727,0.0058396723925481309,0.25272561889183953
v3.1,c530bf2cab2728a7,676,691cc1a9144a,3,fermi,common,1,0.3,0.19815963099920852,0.010238928853685502,0.0038457829154079134,0.00066663180591602716,4.4235529651686061e-05,0.051670104561944798,0.019407499378232461,0.0033641150952622122,0.00022323179261402008,0.0044865884760193478,0.0007107019108401005,0.065194503851783756
v3.1,c530bf2cab2728a7,677,5c1ed5403d1b,4,fermi,common,1,0.2,0.19838810467887985,0.004223162602920048,0.0027656078529001661,0.00014513150227170711,5.3509434462359564e-06,0.021287378140719949,0.013940391523860297,0.00073155344926866287,2.6972098225834864e-05,0.0028472194433769083,0.00015040808639726072,0.08713547613439096
v3.1,c530bf2cab2728a7,678,38496a26d1b9,2,fermi,common,1,0.1,0.41299064105760319,0.00065167039686687435,1.2953372101828579e-07,1.3337605132242904e-06,2.9627826826088043e-09,0.0015779301806889627,3.13648078529263e-07,3.2295175256483835e-06,7.1739705166722189e-09,1.2042267922060046e-06,1.3367232959068993e-06,0.32284518331201661
v3.1,c530bf2cab2728a7,679,77dec8d6e88d,3,arctan,independent,1,0.2,0.26274380262623381,0.01269353358113433,0.0022276046114231263,0.001841838932725257,0.00044557033860876018,0.048311448088431283,0.008478238455702055,0.007010018559202193,0.0016958357691222359,0.00044469482100501233,0.00228733321511702,0.16575805552405151
v3.1,c530bf2cab2728a7,680,d78254324fd1,4,fermi,independent,10,0.05,0.10318399170378773,4.494164781924004e-05,4.2566300859432249e-07,3.8763747532052792e-08,4.8140582948568839e-11,0.00043554864545514865,4.1252814662983915e-06,3.7567598318286258e-07,4.6655088792035631e-10,4.0492316214761591e-07,3.8811731834596526e-08,0.050504453239931434
v3.1,c530bf2cab2728a7,681,70776c55af08,2,arctan,independent,2,0.5,0.19659638637727786,0.039349376529154663,0.020028426268407749,0.021381507541864107,0.016775704629045877,0.2001531017647564,0.10187586169550565,0.10875839549172574,0.085330686581657197,0.0013530812734563549,0.038157212170909983,0.47614668297260804
v3.1,c530bf2cab2728a7,682,dd6105242dc2,3,fermi,independent,1,1,0.13090935240041623,0.048792767829821636,0.028549490806425822,0.023297734838451389,0.012734551368195264,0.37272178752040402,0.2180859524772582,0.17796845230117656,0.097277628639119096,0.01671280084398797,0.035923597890190943,0.11800499859171561
v3.1,c530bf2cab2728a7,683,6327ff89779d,4,arctan,common,2,0.1,0.14104203962654768,0.00078202819193077383,0.00033620689839664134,1.0755620944839998e-05,3.2383105161675292e-07,0.0055446460785836251,0.0023837353691626472,7.6258262949960336e-05,2.2959895678919245e-06,0.00032598718391798904,1.1019454066690884e-05,0.057561065531398205
v3.1,c530bf2cab2728a7,684,aa5ea30f1e69,2,arctan,common,1,0.7,0.11597077326114107,0.11792236477609962,0.10989919392078801,0.17367829943787452,0.32555445864224197,1.0168283047536812,0.94764560785775587,1.4976040475886851,2.8072112437257259,0.063779105517086529,0.49923275808011641,0.38493470417022757
v3.1,c530bf2cab2728a7,685,17a29730afd9,3,arctan,common,1,0.05,0.068089196559490417,0.00027335996835154271,0.00059694650375748603,2.5246895623560111e-06,1.9382198996989997e-08,0.0040147333521949333,0.0087671250935664382,3.7079150436885492e-05,2.8465894703362403e-07,0.00059946780504119995,2.5440716496968772e-06,0.02776219679325545
v3.1,c530bf2cab2728a7,686,f7ef4bc752a4,4,arctan,common,1,0.3,0.22064378972176488,0.029649753803071572,0.012392457602435295,0.012827089890626678,0.0082016234105224215,0.1343783744852296,0.056164996159929856,0.058134833102721044,0.037171331315804496,0.019517577781799599,0.020946590730225867,0.087535228902743331
v3.1,c530bf2cab2728a7,687,4af86745c774,2,fermi,common,10,1,0.023135072783714763,0.010302251193431061,0.0060222371114848471,0.00601799733355852,0.0035950403757929517,0.44530878678207664,0.26030767950399619,0.26012441758102911,0.15539351915605695,4.2397779263272624e-06,0.0096130377093514713,0.0098941907623484003
v3.1,c530bf2cab2728a7,688,0cc13ae3c1c3,3,fermi,independent,5,0.1,0.22806847029204402,0.00026846135505291876,6.7854144323451059e-06,5.9934539635339004e-07,1.815429078850261e-09,0.0011771085880882667,2.9751654946675937e-05,2.6279186929518231e-06,7.9600177811759125e-09,7.3410860641308727e-06,6.0116002186192483e-07,0.19234851148193238
v3.1,c530bf2cab2728a7,689,5c3e72b1e78c,4,arctan,common,3,0.5,0.24226769184554817,0.029711862922739949,0.0085500289414691781,0.010475967930366542,0.0060174561496524779,0.12264063233690285,0.035291659718787595,0.043241291690867469,0.024838046310726235,0.0028044432030812643,0.016448738440776912,0.039084473769104427
v3.1,c530bf2cab2728a7,690,a2e6d96cce03,2,arctan,common,3,0.05,0.29417938695953932,0.00044575704477196041,1.2046929373485864e-06,1.223227830385996e-06,4.0198691369458966e-09,0.0015152558762836388,4.0950963621196096e-06,4.1581017726243193e-06,1.366468663386935e-08,1.8534893037409613e-08,1.2272476995229418e-06,0.19129736167953026
v3.1,c530bf2cab2728a7,691,1f4334843412,3,arctan,independent,1,0.2,0.37121353980887722,0.021743239704578747,0.0033344551543536059,0.0032377857348207472,0.0006811756947606776,0.058573401486846248,0.008982579558036545,0.0087221649740678951,0.0018349968999282389,0.00083081977935287076,0.0039187910035636472,0.2953993520643457
v3.1,c530bf2cab2728a7,692,b32d1a384c9c,4,fermi,independent,10,0.5,0.20323177908867487,0.0055588435995010815,0.00030003810712208147,0.00035872549116548643,3.3918565862922664e-05,0.027352236074632923,0.0014763345991827769,0.0017651053037771515,0.00016689597470936465,7.1788292581364556e-05,0.00039264073544759701,0.0076113178219726161
v3.1,c530bf2cab2728a7,693,1ee4be5e1352,2,arctan,independent,10,1,0.0011959662229581182,0.00097919150279756196,0.00067603660479153118,0.00062824054552927146,0.00052226372847501341,0.81874511503812963,0.56526396131774825,0.52529957240378677,0.4366876910480294,0.0013042771503208029,0.0011505042740042849,0.28202872815849089
v3.1,c530bf2cab2728a7,694,d58072be393a,3,fermi,independent,3,0.3,0.39834506888026994,0.013487452080177145,0.00091956308239504649,0.0006436247479506479,3.3489680362847872e-05,0.033858714802444435,0.0023084585557438856,0.0016157467437963977,8.4072034472488534e-05,0.00027603475764747729,0.00067711434245892963,0.051516109603959186
v3.1,c530bf2cab2728a7,695,0dab53cb2fb3,4,fermi,common,2,0.3,0.28250929121028884,0.0096652762724850367,0.00046861011085752141,0.00070483432103808565,6.4326319765812591e-05,0.034212242121589492,0.0016587422978195305,0.0024949066914526172,0.00022769629802345368,0.00026629511527025921,0.00076913640454781302,0.13395985271383765
v3.1,c530bf2cab2728a7,696,1482a8fbfbaf,2,fermi,common,1,0.05,0.25248243976112245,8.7915285123043449e-05,3.3119951245637567e-07,4.0486410576998904e-08,2.0962696939001751e-11,0.00034820356301302167,1.3117724653236427e-06,1.6035337196243717e-07,8.3026356046126938e-11,3.7168592303337458e-07,4.0507373273937903e-08,0.17178806660557258
v3.1,c530bf2cab2728a7,697,b011cff9a0d8,3,fermi,independent,10,0.3,0.40641852813834639,0.0061430158204090132,0.0001279201590061352,0.00014384067269288529,4.0699228519783796e-06,0.015114999428170527,0.0003147498210578399,0.00035392252747867191,1.0014117394256599e-05,1.6525206873874288e-05,0.00014791047236249744,0.10211951078070655
v3.1,c530bf2cab2728a7,698,425ea875ec77,4,arctan,common,1,0.1,0.079090376064137213,0.00051978633171446975,0.00060389602053653388,2.7440616526758656e-05,1.8632240627287266e-06,0.0065720553824773374,0.0076355183852813268,0.00034695266216089402,2.3558164159161054e-05,0.00062557079164000137,2.9302526437877921e-05,0.0646995510791364
v3.1,c530bf2cab2728a7,699,84f33b756f3b,2,arctan,independent,1,0.2,0.2978547794692683,0.01938418505156855,0.0068797451251991614,0.0025625830978408043,0.00040574363709392451,0.065079315114930189,0.023097648919576903,0.0086034647569091741,0.0013622196622693034,0.0043171620273583572,0.0029683267349347288,0.36676348334475639
v3.1,c530bf2cab2728a7,700,66fc231fa682,3,arctan,independent,10,0.2,0.29235629965044341,0.0078869651905374826,0.00058183964859811045,0.00059677441887652526,6.8163017647913883e-05,0.026977237021974739,0.0019901731185330658,0.0020412572590023208,0.00023315050070551985,2.0022728123085499e-05,0.00066493739942371935,0.20530879364351337
v3.1,c530bf2cab2728a7,701,8dd4a28970d6,4,fermi,independent,5,0.5,0.17106523131949819,0.0099610254265983592,0.0014306937938783125,0.0013904665825462835,0.00022685527392046664,0.058229397930630172,0.0083634399745802727,0.0081282828300118549,0.0013261331491539008,5.7145320610043311e-05,0.0016165312071753741,0.050800083195108231
v3.1,c530bf2cab2728a7,702,195d2bf66adf,2,fermi,common,2,0.05,0.13055864432770692,0.00013522004321718785,1.3856591324961162e-06,1.7231069344029711e-07,2.2375521086561465e-10,0.0010357034872220383,1.0613308215870117e-05,1.3197953634367635e-06,1.7138291533112199e-09,1.2133484390558192e-06,1.7253444865116273e-07,0.044513865494306776
v3.1,c530bf2cab2728a7,703,e4d42048bffc,3,fermi,independent,10,0.3,0.40610964621305856,0.0075470068905647567,0.00019786212873083427,0.00020237717981627987,6.3410622196325155e-06,0.018583668132338201,0.00048721356553798587,0.00049833137849206893,1.5614163019180749e-05,4.7820992466877242e-06,0.00020871153201512324,0.1572464405520333
v3.1,c530bf2cab2728a7,704,4080827b2b4f,4,arctan,independent,2,0.05,0.12212209465058362,0.00020680805271853643,2.7745386307184913e-05,1.3231918512026771e-06,1.6033652077375849e-08,0.0016934532060742713,0.00022719382914754418,1.0834991448423814e-05,1.3129198384003664e-07,2.9063089141609099e-05,1.3390514072647093e-06,0.071173624044831338
v3.1,c530bf2cab2728a7,705,d8c48cf4d521,2,fermi,independent,3,0.5,0.33849210672396851,0.017089140593337417,0.0015222575171630495,0.0015087598348770682,0.00016267801178520858,0.050486082995350803,0.0044971728643717259,0.0044572969499327873,0.00048059617507674489,1.3497682285981191e-05,0.0016714378466622768,0.49766867491602801
v3.1,c530bf2cab2728a7,706,9363328efba7,3,arctan,independent,10,0.7,0.13873647138487299,0.029249566007621006,0.019980363305039651,0.018858734457876031,0.019110288151562908,0.2108282394358936,0.1440166605478348,0.1359320607597079,0.13774523714495004,0.0011717274398215041,0.037925427082588725,0.15253282583478942
v3.1,c530bf2cab2728a7,707,f2abed055a23,4,arctan,common,3,0.05,0.10619338678877206,0.00015060218270791532,1.7690372511198982e-05,8.2614023945642199e-07,8.9402142837414704e-09,0.0014181879612473066,0.00016658638589601329,7.7795827446363234e-06,8.4188051196863505e-08,1.8123307619665756e-05,8.3478970938304405e-07,0.19295557861627685
v3.1,c530bf2cab2728a7,708,ad044765f363,2,fermi,common,2,0.1,0.098560939826081481,0.00017273218912423549,5.3580442298726553e-05,5.6788504016652948e-07,2.5877310857903561e-09,0.0017525420255634231,0.00054362755056184989,5.7617656768351356e-06,2.625513809381902e-08,5.4148327338893083e-05,5.7047277125231978e-07,0.19354707389252174
v3.1,c530bf2cab2728a7,709,c2333dbcb3ba,3,fermi,independent,10,0.5,0.3042361541962072,0.01036825691183459,0.00052532279040151057,0.00054621065320219263,3.4347153650416861e-05,0.034079634418294417,0.0017266941589812522,0.0017953508998471361,0.00011289635757184133,3.7821926106146763e-05,0.0005805577435136416,0.28608544560471383
v3.1,c530bf2cab2728a7,710,267b544e22fe,4,arctan,independent,2,0.5,0.23446124236720306,0.055571081217997573,0.042593330436817935,0.04221950307955346,0.054749318751103171,0.2370160656700972,0.18166469650497757,0.18007028647161691,0.23351116883257469,0.0010662819647192232,0.096927645167997692,0.15466692538454552
v3.1,c530bf2cab2728a7,711,8abe7ba2e4a9,2,arctan,independent,10,0.1,0.22832639932930504,0.00070160119072095546,1.1992852426051802e-06,5.8943782170026172e-06,7.6733866810690781e-08,0.0030727992592265566,5.2525036357075129e-06,2.5815579075906231e-05,3.3607093632664409e-07,4.6950929743974366e-06,5.9711120838133077e-06,0.44630966548194129
v3.1,c530bf2cab2728a7,712,69bcee5ebb51,3,arctan,common,3,0.3,0.44382884223028352,0.033734435667154485,0.0060572188890248629,0.0053925277020217153,0.0011152676350264356,0.076007758976716411,0.013647645922664113,0.012150016377763405,0.0025128327159228908,0.00066471404667698016,0.006507646325056079,0.099494996410475073
v3.1,c530bf2cab2728a7,713,44a9d3107560,4,arctan,common,1,1,0.18534170993422427,0.099735281966479086,0.23091917700570108,0.14946987470192818,0.30421212815248316,0.53811568913373053,1.2459104703827959,0.80645567991669764,1.6413581608826457,0.08465117015082263,0.453673474397147,0.017560150143404875
v3.1,c530bf2cab2728a7,714,5aa8a826a279,2,arctan,common,2,0.2,0.38042881626293107,0.015148706605776299,0.0012960009879843064,0.0011947169314061189,0.00011779227154228495,0.03982008186074517,0.0034066845953346059,0.0031404480426645638,0.00030963025540334867,0.00010128405657818749,0.0013125092029484039,0.21146235602677727
v3.1,c530bf2cab2728a7,715,5072f2561b15,3,fermi,common,3,0.5,0.048335464050236039,0.002054821244204219,0.00075738992106852312,0.00015878940809651042,1.6474333692982356e-05,0.042511668907711346,0.015669445529298161,0.0032851532765150932,0.00034083325807858684,0.00091366114025335458,0.00017526126149151411,0.12586215041659304
v3.1,c530bf2cab2728a7,716,80d9e6752cde,4,arctan,independent,5,0.3,0.063850060768059741,0.0038892563592650381,0.00096538592669339176,0.00076197987070151043,0.0002181940183820215,0.060912336064848256,0.01511957725772933,0.011933894213029192,0.0034172875602206249,0.00022630307072379308,0.00098016891032375042,0.037151634582922817
v3.1,c530bf2cab2728a7,717,83c753f3d235,2,fermi,independent,10,0.3,0.18850602016698492,0.0012139951029396499,2.556963081191598e-05,1.4493619514377784e-05,2.2960792237065689e-07,0.0064400866447885986,0.00013564357673704822,7.688677264279864e-05,1.2180402629436584e-06,1.1076011297538196e-05,1.472322743674844e-05,0.44650674241153088
v3.1,c530bf2cab2728a7,718,36a7cd777497,3,fermi,common,2,1,0.20062952967764269,0.036291514491868203,0.026223930892960566,0.0084512263867172373,0.0021255504075536366,0.18088820000813857,0.13070823091244504,0.042123541835023336,0.010594404577276437,0.018049470937404388,0.010562230357337344,0.11864771441156928
v3.1,c530bf2cab2728a7,719,e2f444233f6a,4,arctan,common,3,0.1,0.14580405334303681,0.0012105759139050742,0.00018971282557272344,2.7287532833598239e-05,1.1088886163275291e-06,0.0083027589847377032,0.0013011491877141534,0.00018715208670775553,7.6053346316691169e-06,0.00018605405442621313,2.8313315150548488e-05,0.025332348798120411
v3.1,c530bf2cab2728a7,720,a578190e6d19,2,fermi,common,3,0.5,0.25110739664516257,0.014925034545752497,0.0009900484170370003,0.0015717577503527064,0.00020324499156401088,0.059436857476735022,0.0039427290086401882,0.0062593048685608494,0.00080939468243229173,0.00058170933331570611,0.0017750027419167172,0.44855669452125435
v3.1,c530bf2cab2728a7,721,5dcd7bff8c78,3,arctan,common,10,0.2,0.08874725902176607,0.0015314024615815862,0.00015386062230822442,0.00015080375360760311,2.5660160176480188e-05,0.017255771935514041,0.0017336943586109934,0.0016992497038203413,0.00028913749516688511,1.3503462491123492e-05,0.00017642087067364808,0.010178074864955375
v3.1,c530bf2cab2728a7,722,0663132be78e,4,arctan,independent,5,0.3,0.13741035318783396,0.0080888164193332057,0.0010939950074204477,0.0010966733204521781,0.0002078554954561832,0.058866135132308019,0.007961518051882192,0.0079810094000200525,0.0015126625515040617,7.8951226254581744e-05,0.0013045143530777995,0.044133715097142763
v3.1,c530bf2cab2728a7,723,ee9625dc12a7,2,fermi,common,10,0.1,0.15499711385042031,8.2486638200099968e-05,1.4684377495270123e-06,7.6631269864772004e-08,9.3988109341654535e-11,0.00053218176875024625,9.4739683407532708e-06,4.9440449541999131e-07,6.063861900832398e-10,1.5450690193917845e-06,7.6725257974113657e-08,0.21462423136858322
v3.1,c530bf2cab2728a7,724,b4919b7c6ed2,3,arctan,common,10,0.2,0.28834588783467374,0.010878952875581188,0.0012385475799364086,0.0011767301385126826,0.00019868145814031207,0.037728829626378281,0.0042953537129911956,0.0040809672971212048,0.000689038639088303,8.5195515877608657e-05,0.0013752466108410244,0.14472309007269604
v3.1,c530bf2cab2728a7,725,c604f6769621,4,arctan,independent,1,0.2,0.19245079692239503,0.011845575768433259,0.0043609962699981695,0.0021086482215049878,0.00059169223541944446,0.061551191046561045,0.022660318064345156,0.0109568173020104,0.0030745117447242469,0.0027171563661847402,0.0026990531880700793,0.10167372573014115
v3.1,c530bf2cab2728a7,726,146672cbd359,2,arctan,independent,1,0.1,0.28755949055859048,0.0037690938626931216,0.00032150298702576807,0.00011153817943347443,4.8330738661275066e-06,0.013107179510478252,0.0011180399102851434,0.00038787862371298933,1.6807213897684812e-05,0.00020996480759229367,0.00011637125329960193,0.14855755740199753
v3.1,c530bf2cab2728a7,727,a5ec863e67da,3,arctan,independent,2,0.3,0.12558628510342967,0.0069781584652689205,0.00065491296654806815,0.001223271075882265,0.00037129139867905618,0.055564653891321703,0.0052148446465209034,0.0097404830063633936,0.0029564645404812316,0.00057743999733127303,0.001592580730357345,0.064026529693494788
v3.1,c530bf2cab2728a7,728,13bcb184d3e0,4,arctan,independent,2,0.1,0.33716659468127813,0.0060182066394492834,0.0005120289836212477,0.00025528837738826164,1.4991085527438456e-05,0.017849356176990971,0.0015186231130200371,0.00075715797892013728,4.44619537164097e-05,0.00027266918606324431,0.00027022922875993404,0.037794364515867748
v3.1,c530bf2cab2728a7,729,630da5a7d931,2,arctan,independent,1,0.1,0.47564983063460298,0.0078289862375587396,0.00092581542472980143,0.00025835955750464851,1.0865492679627803e-05,0.016459558551957128,0.0019464222734918166,0.00054317176390024163,2.2843470090447144e-05,0.00066745586722515287,0.00026922505018427627,0.31433772323060105
v3.1,c530bf2cab2728a7,730,ddcb38ef135c,3,fermi,independent,10,0.7,0.36963627537443777,0.03228617230720876,0.0044635267745463843,0.0044667790111459658,0.00076335922107476507,0.08734578951836694,0.012075456528244901,0.012084255006143983,0.0020651631669578153,7.1341980972567903e-06,0.0052272729071582962,0.13714580624867567
v3.1,c530bf2cab2728a7,731,57f68d8463a7,4,fermi,independent,3,1,0.12652962671603035,0.024108350266892419,0.010679608208096386,0.009700089481373941,0.0051982585985305739,0.19053522003189527,0.08440401260381937,0.076662594628084932,0.041083331496717314,0.0018665579600232335,0.014888645031300706,0.074223919778300659
v3.1,c530bf2cab2728a7,732,738937953416,2,arctan,independent,5,1,0.1141817528852892,0.094723106269686511,0.21010172324743126,0.20873532207244969,0.63963139094547428,0.8295818191269887,1.840063915103024,1.8280970189882455,5.6018704808996,0.0013664011749815624,0.84836671301792399,0.079888110430008444
v3.1,c530bf2cab2728a7,733,0526d0d4224c,3,fermi,common,10,0.7,0.26419299855119205,0.018132464738464225,0.0020431331195007508,0.0020940279631776748,0.00028733131291356988,0.068633403753698419,0.0077334869989177917,0.0079261296652867966,0.001087581103546521,6.9560485488543428e-05,0.0023809219798199537,0.10829104238921028
v3.1,c530bf2cab2728a7,734,105a3ba8cf40,4,arctan,common,10,0.3,0.23727830630196278,0.006690645384513038,0.00041621200123094542,0.00046956400867737084,5.2027317475285361e-05,0.028197459299117107,0.0017541089521318051,0.0019789588689991698,0.00021926706358513394,8.4435865691648019e-05,0.00052103538935199605,0.088160791307866096
v3.1,c530bf2cab2728a7,735,0a05c0c54608,2,fermi,common,1,0.5,0.22506988602675027,0.03504217436578675,0.026310311925709953,0.0052875779825285636,0.00074576812999958115,0.15569463771631303,0.11689841049007724,0.023493049540621879,0.0033134958352933285,0.021022733943181389,0.006033346112528145,0.39189874980191042
v3.1,c530bf2cab2728a7,736,44b0f6cf937a,3,fermi,independent,2,0.3,0.18972693130773949,0.0038366467125661636,0.00099503427331365285,0.00015391532498954352,8.103777829693538e-06,0.020221940481096351,0.0052445599918532109,0.00081124658438654085,4.2712849324216961e-05,0.00089918364627273413,0.00016201794592469597,0.19749445687568404
v3.1,c530bf2cab2728a7,737,45ea317453a5,4,arctan,common,1,0.1,0.40103104302045783,0.011789236156437469,0.00068987200303607141,0.00072945873488649779,5.6779387872197793e-05,0.029397315648295244,0.001720245888797389,0.0018189582766271932,0.00014158352292269129,0.00016700052893403234,0.00078621161940381327,0.052331165454679245
v3.1,c530bf2cab2728a7,738,dddb9c894530,2,arctan,independent,10,0.3,0.44060697547104144,0.034078240074238729,0.0055193276552371624,0.0054676137620217414,0.001153729165051968,0.077343850577505202,0.01252664610980476,0.012409276444560274,0.002618499545583785,5.171389321542158e-05,0.0066213429270737083,0.30543825398495594
v3.1,c530bf2cab2728a7,739,7739ede5d872,3,fermi,common,2,0.05,0.23240850982536831,0.00024726223894998322,7.9350280858962722e-06,4.5986439578407579e-07,9.7029335001696258e-10,0.0010639121568129153,3.4142588375351017e-05,1.9786900063582773e-06,4.1749475987176236e-09,8.3944749825153771e-06,4.6083399646866658e-07,0.21902195670048261
v3.1,c530bf2cab2728a7,740,541cbd9c4d89,4,fermi,independent,5,0.1,0.33050669670089011,0.00070372770304521907,4.1395943332368167e-06,2.8036200072546304e-06,1.5802751872388828e-08,0.002129238862842454,1.2524993818758131e-05,8.4827933450072195e-06,4.7813711583249349e-08,2.6467617220969938e-06,2.8192327586128881e-06,0.060554949043472688
v3.1,c530bf2cab2728a7,741,60b2f05e631d,2,fermi,independent,2,0.3,0.17427399100711577,0.0025249999568064505,7.0978284019926945e-05,7.5681444972575628e-05,3.1630827258245139e-06,0.014488679247056163,0.00040727984485664783,0.00043426700986887645,1.8150056170432008e-05,0.00014665972899250256,7.8844527698400133e-05,0.13851609677256799
v3.1,c530bf2cab2728a7,742,b0c4b7810002,3,fermi,independent,10,0.2,0.22943568373537107,0.002199663588662712,3.193983310376451e-05,3.1769738882365401e-05,5.1906417211783921e-07,0.0095872775884320721,0.00013921039911386936,0.00013846904006008199,2.2623515386408807e-06,4.8493949506016562e-07,3.2287494418184166e-05,0.11130237674115859
v3.1,c530bf2cab2728a7,743,fb28a75b9c53,4,arctan,independent,5,0.3,0.26122670686895311,0.03127216051035802,0.0096051879788800858,0.0091845866647192274,0.0037192942694932937,0.11971272342397211,0.036769548159938416,0.035159447419466049,0.014237802535860598,0.00042479023537769572,0.012898398330809869,0.080060604359066811
v3.1,c530bf2cab2728a7,744,b20c593f5f57,2,fermi,independent,5,0.05,0.18864740473819583,4.7183289980037289e-05,2.6356684709299746e-06,2.3078248153340793e-08,1.5325044452228855e-11,0.00025011364479420262,1.3971400638072629e-05,1.2233535990261143e-07,8.1236444643894757e-11,2.6587467190833152e-06,2.309357319779302e-08,0.33256392770770943
v3.1,c530bf2cab2728a7,745,dd75cfdaa344,3,arctan,independent,1,0.7,0.067327191069942616,0.015055104515473523,0.0077701806476201665,0.017602311754016987,0.035868760201860424,0.22361105930935957,0.1154092503212876,0.26144432099849357,0.53275295808194778,0.010015236663988028,0.053466549748210031,0.03828372160425255
v3.1,c530bf2cab2728a7,746,26eb224fecaf,4,fermi,common,2,0.3,0.12280065762902755,0.0023434573695194456,0.0007780048696852265,8.5257407156284274e-05,4.1551720072009952e-06,0.019083426870553668,0.0063355106129441624,0.00069427484186478149,3.3836724390788591e-05,0.00074617022607518417,8.9404127466382189e-05,0.13734487019071387
v3.1,c530bf2cab2728a7,747,a46d02446bc3,2,arctan,independent,2,1,0.30433051526848087,0.19165172427924668,0.39547074358794715,0.39291988520353938,1.3064339855111782,0.62974862744267102,1.2994777840107892,1.2910959154290027,4.2928129778857045,0.0025508583844078567,1.6993538707147173,0.46632734446285812
v3.1,c530bf2cab2728a7,748,ac9775b37d62,3,arctan,common,5,1,0.22234977586990798,0.21152215380382614,0.55779117790311161,0.55537357109510122,2.1041360017584094,0.95130365198831213,2.5086203740068669,2.4977473843735205,9.4631802237097542,0.0024792015883184845,2.6592764408024054,0.12159321876949508
v3.1,c530bf2cab2728a7,749,46f57cd9d3d7,4,arctan,independent,10,0.7,0.18390228137998454,0.047797034770424303,0.031499923303799506,0.031356067583581788,0.031000284948189433,0.25990452327051128,0.17128620192978136,0.17050396193178766,0.16856933321091155,0.00036855425926348882,0.062306486260164606,0.11549934903629391
v3.1,c530bf2cab2728a7,750,e412891b146f,2,fermi,independent,1,0.2,0.47168843676884148,0.0080231349710357096,0.00032050576923471174,0.00019199405299801355,4.9195625551541965e-06,0.017009395070177596,0.00067948616979088836,0.00040703574230738102,1.0429686572039304e-05,0.00012851171623669817,0.00019691361555316774,0.47305616628442626
v3.1,c530bf2cab2728a7,751,a8523355d9d6,3,arctan,common,2,0.7,0.14667942336483877,0.067528542937196206,0.10358709869487068,0.10620818741979964,0.27739286147598818,0.46038184080688033,0.70621424817860334,0.72408375342208575,1.8911504770919583,0.003424686298728984,0.38313232909449491,0.13933612891469388
v3.1,c530bf2cab2728a7,752,9d9c4fb606fe,4,fermi,common,1,0.5,0.26867144151773037,0.029966505562682842,0.003993166191266594,0.0058969028614856986,0.0012927429975882938,0.11153587963574189,0.014862637311614208,0.021948379880548433,0.0048116129882862227,0.0037302294785279636,0.0071829281907273947,0.13261787113076257
v3.1,c530bf2cab2728a7,753,339a2974b339,2,arctan,common,10,0.05,0.39711682479489369,0.00060083380257667629,3.0985931164809748e-06,2.1637328567998417e-06,1.1175153485883731e-08,0.0015129900448992563,7.8027243446090777e-06,5.4486053516301784e-06,2.8140720282137556e-08,9.3486025968113327e-07,2.1749080102857256e-06,0.46763209070749168
v3.1,c530bf2cab2728a7,754,a05984853f7f,3,arctan,common,3,1,0.14284463285229826,0.055175109810322379,0.051905467413629433,0.053882284030016554,0.081965303538155038,0.38625959343795291,0.36337009222670502,0.37720902041682575,0.57380737309820651,0.0067887748079830008,0.13571452778866402,0.15865165729820779
v3.1,c530bf2cab2728a7,755,654840c09e73,4,fermi,common,10,0.1,0.11351509061526478,7.6288379976841819e-05,1.5177448255297456e-06,9.9773349525665376e-08,1.8410949241832143e-10,0.00067205496258999637,1.337042341510186e-05,8.7894348658739909e-07,1.6218944232033549e-09,1.4225977791029838e-06,9.9955862139522791e-08,0.15245910790057882
v3.1,c530bf2cab2728a7,756,ad9ac426a0c5,2,fermi,independent,10,0.7,0.046662278520084588,0.00076292614365468844,3.9625969654547304e-06,2.1110122630665225e-05,7.9253334428290813e-07,0.016349954778275697,8.4920777363007075e-05,0.00045240231082112526,1.6984454454828697e-05,1.7147525665210491e-05,2.1902655974948132e-05,0.064225569059173523
v3.1,c530bf2cab2728a7,757,935004f72d9f,3,fermi,common,1,0.1,0.2963385422167728,0.0017227170791808406,0.00014688556496477258,1.2372961139146036e-05,9.1256430165914105e-08,0.005813341276143102,0.00049566810940618452,4.1752790732483143e-05,3.079465447972666e-07,0.00013460379618744156,1.2464077361462357e-05,0.13056605951414491
v3.1,c530bf2cab2728a7,758,40135e5a54a5,4,arctan,independent,1,0.7,0.081995368628582713,0.025637165160680101,0.019469315362197346,0.033169618428566687,0.081466883409841345,0.31266601503811348,0.23744408602378733,0.40453038974452649,0.99355469427626741,0.018205377922333427,0.1146116325729212,0.030842531147534599
v3.1,c530bf2cab2728a7,759,bfebfcc9af55,2,arctan,independent,2,0.5,0.076437689118917032,0.016632153933944724,0.0011387167142117266,0.008491461617406066,0.0061096468433724333,0.21759100943082471,0.014897319991453188,0.11108998342683508,0.079929769120406322,0.0073527449031943384,0.014601108460778497,0.33351145513245051
v3.1,c530bf2cab2728a7,760,4aa5d38cffd3,3,arctan,common,10,0.05,0.1367828738447458,0.00014892167195058918,6.4788468288005166e-07,4.1056342122880039e-07,1.4664920096084994e-09,0.0010887450143767371,4.7365921234805133e-06,3.0015703698023394e-06,1.0721313044446108e-08,6.7584196195101187e-07,4.120297369776898e-07,0.065906660342850337
v3.1,c530bf2cab2728a7,761,2cc6ccb1edbf,4,arctan,independent,1,0.05,0.050977937990260014,0.00041468499759752197,0.00032740082665735042,6.3056718722801359e-06,1.3260043160245241e-07,0.0081345973169168369,0.0064224023090126659,0.00012369413359726152,2.6011336831196941e-06,0.00033353635553940109,6.4377079553021989e-06,0.10748410427055183
v3.1,c530bf2cab2728a7,762,fa7403453622,2,fermi,common,5,0.5,0.063345966520908917,0.0012508399001813799,0.0010660136797152671,1.8674619590602987e-05,2.4592291231130878e-06,0.019746164892258909,0.016828438151044751,0.00029480360970479409,3.8822189606995071e-05,0.0010473390601246641,1.6215390467489898e-05,0.28941465415967554
v3.1,c530bf2cab2728a7,763,e9d80a02b3d7,3,arctan,independent,10,0.5,0.12786373713590526,0.040145809417170351,0.025517363694825438,0.025517610620350361,0.020945369265325847,0.31397337756912047,0.19956685348327691,0.19956878464476532,0.16381008200208627,3.976186986927084e-05,0.046461002472597684,0.069187451164224992
v3.1,c530bf2cab2728a7,764,615a226a2b0f,4,fermi,common,2,1,0.17393483364537135,0.048638976828475317,0.039736878873902738,0.032077775013160593,0.031049109156398205,0.27963907981562419,0.22845842917768067,0.184424099192015,0.17851001151214466,0.0081433151139478216,0.063112280582249936,0.040943226723183082
v3.1,c530bf2cab2728a7,765,1a45f7b66105,2,fermi,independent,10,0.3,0.15330646659908567,0.00082782013874355999,6.6235401226766064e-06,8.629110780566149e-06,1.2279733290181361e-07,0.0053997731283469365,4.3204571011332078e-05,5.6286671867092746e-05,8.0099251927149937e-07,1.5252650903242754e-05,8.7519081134679613e-06,0.42242259753864209
v3.1,c530bf2cab2728a7,766,5f2644f938a2,3,arctan,independent,3,0.05,0.51977347357618442,0.0019005497920271722,5.8043438180071803e-06,1.8399325304497638e-05,2.6906823813730036e-07,0.0036564963174262571,1.1167064332990483e-05,3.539873856567789e-05,5.1766442847888507e-07,2.2691958018843716e-05,1.8668260702495898e-05,0.13263742883591995
v3.1,c530bf2cab2728a7,767,fa08a9f82802,4,arctan,independent,2,0.5,0.21992996872274426,0.05250849045555573,0.043708692035649581,0.033568123501548058,0.031525250329363014,0.23875095677274799,0.19873913632366833,0.15263096565009687,0.14334222167377955,0.010254727305786087,0.065073702296318092,0.085080225964111605
v3.1,c530bf2cab2728a7,768,04d6b25ac9ef,2,arctan,common,1,0.2,0.0068821894799231918,0.0004727598960456492,6.5503942201206378e-05,6.0259835828922628e-05,9.2362324839186682e-06,0.06869324034521139,0.0095178928729433114,0.0087559106015190902,0.0013420485603982163,5.2441063722837494e-06,6.9496068312841291e-05,0.0022449871044367266
v3.1,c530bf2cab2728a7,769,914dff480cf0,3,fermi,common,10,0.1,0.43082632240586261,0.00083903139904466218,5.1668883386389181e-06,2.4247599828654478e-06,7.9577580857901536e-09,0.0019474933526792439,1.1992972736172371e-05,5.628161179486122e-06,1.8470918957206841e-08,2.7498845192977892e-06,2.4327174151262941e-06,0.20183125693784371
v3.1,c530bf2cab2728a7,770,4b808e42f310,4,fermi,common,1,0.1,0.13432691695098334,0.00032016367332035552,0.00016725474132724431,1.1221422014586202e-06,4.9434018834537539e-09,0.0023834662522417981,0.0012451319893560613,8.3538149086537602e-06,3.6801275542247648e-08,0.00016665917544402654,1.1270217031911862e-06,0.027753694711231153
v3.1,c530bf2cab2728a7,771,26aa0201b5d3,2,arctan,independent,5,0.3,0.35341662500269666,0.03398752698301425,0.0076113641186633559,0.007197201246064747,0.0020401250158247042,0.096168444205913958,0.02153651973391257,0.020364636909794016,0.0057725779476535313,0.00041416287259860913,0.0092373262618894517,0.20226718303671312
v3.1,c530bf2cab2728a7,772,c0c7e83ecfe3,3,fermi,independent,5,0.1,0.18240868406705182,0.00028422052638296772,5.6556724302758118e-06,8.7792759156847846e-07,3.8039665474716577e-09,0.0015581523864208722,3.1005499870811172e-05,4.8129703695782379e-06,2.0854086892449448e-08,5.1542288782801448e-06,8.8172227407470256e-07,0.25662368326113894
v3.1,c530bf2cab2728a7,773,206202f9698c,4,arctan,common,5,0.7,0.046150838677752361,0.0045624807311010779,0.00087073757308655229,0.001499265505398384,0.0009128228061965161,0.098860191099852834,0.018867210175019054,0.032486202815662488,0.019779116314013048,0.0020383554413797799,0.0024081723593410509,0.012024166315298426
v3.1,c530bf2cab2728a7,774,361e9081274f,2,fermi,common,10,0.3,0.46576602562499275,0.010019090752789112,0.00033173905691584736,0.00030075456470277974,1.0165370509519604e-05,0.021510995224146921,0.00071224399948600805,0.00064572027188803489,2.1825057969565514e-05,3.0984492213067607e-05,0.00031091993521229936,0.30922269146914189
v3.1,c530bf2cab2728a7,775,99ad846f94ff,3,fermi,common,5,0.5,0.10180145558709762,0.0020291452298721903,0.0008197299403298917,9.9786598086838677e-05,7.4342966590881295e-06,0.01993237933750493,0.0080522418427363303,0.00098020796963423475,7.3027410229194761e-05,0.0007519045338906452,0.0001072002278201148,0.11059999109501363
v3.1,c530bf2cab2728a7,776,47e99bf65368,4,arctan,common,2,0.3,0.097640985895024082,0.018240786009807181,0.0015570233051990334,0.0091361256783934839,0.0067833324371115193,0.18681484872979714,0.015946411140020877,0.093568552126418805,0.069472182966325485,0.010004747412826091,0.015917063380034506,0.13005423808334854
v3.1,c530bf2cab2728a7,777,fd8f26d853cb,2,fermi,common,5,0.1,0.33042744152810039,0.00062357399457922257,1.4383156954930375e-06,1.4192993208461713e-06,3.283481839252636e-09,0.001887173751960284,4.3528942052796169e-06,4.2953433718533045e-06,9.9370737008639159e-09,1.901637464686622e-08,1.422582802685424e-06,0.19309991513061081
v3.1,c530bf2cab2728a7,778,141d63a9acbf,3,fermi,independent,10,0.05,0.43097269664704652,0.0001984209508305326,1.118778923243001e-07,1.3139143390169849e-07,1.0057968831923766e-10,0.00046040260177556747,2.5959392136603189e-07,3.0487182813185049e-07,2.3337833023238908e-10,2.0131635658080124e-08,1.3149198128372902e-07,0.15742264730488859
v3.1,c530bf2cab2728a7,779,b92022845d82,4,arctan,common,5,0.7,0.16153415936133139,0.049756525578894435,0.03973711482014982,0.039157417875840282,0.042173166953101929,0.30802479039492453,0.24599821472598216,0.24240951901851368,0.261078939091551,0.00089616463662669686,0.08132601817922587,0.11001697940420284
v3.1,c530bf2cab2728a7,780,bb0d7d3ba42a,2,fermi,common,2,0.3,0.0051036971093003569,0.0001386254124502448,0.00011748662122970661,2.790771556662344e-06,9.2523262902992124e-08,0.027161763224081363,0.023019904730555676,0.00054681371109911313,1.8128674355378376e-05,0.00012027739278636896,2.883294819565336e-06,0.064206477092481826
v3.1,c530bf2cab2728a7,781,4ceb67d2c9e1,3,arctan,common,1,0.2,0.15108489298083705,0.0045386167502242036,0.00085300460398361083,0.00041255166128959528,4.9311647434534901e-05,0.030040175828829306,0.0056458629791120299,0.0027305950525571181,0.00032638370694540171,0.0012486392121017779,0.00046183780814457951,0.12128498943529178
v3.1,c530bf2cab2728a7,782,bd4a0bc9fe0b,4,fermi,common,5,0.3,0.29731015566462338,0.0058456469039029971,0.00017539531481113122,0.00016160701515714805,5.010664473999578e-06,0.019661780105813466,0.00058994054346728567,0.00054356372319634661,1.6853324309754791e-05,3.4984079851116132e-05,0.00016661708558246164,0.15345223813846037
v3.1,c530bf2cab2728a7,783,9c117e26bf35,2,fermi,common,3,1,0.019305151957831453,0.0015331248048886107,0.00069764313506486474,0.00022322401616486689,5.3461414799862171e-05,0.079415319197561327,0.036137666079435048,0.011562924583678939,0.0027692822577433619,0.00092086715122973166,0.00027668543096472906,0.089343331553056113
v3.1,c530bf2cab2728a7,784,9729f69812e1,3,fermi,independent,10,0.3,0.065913304764094141,0.00023696128360726975,1.8239542409204787e-05,2.2558640031810002e-06,3.336892074799902e-08,0.0035950448009754916,0.00027672019290315818,3.4224713982325888e-05,5.0625470635143349e-07,2.0052290517521004e-05,2.289182766512632e-06,0.12216453830348147
v3.1,c530bf2cab2728a7,785,2b3015f9f793,4,arctan,independent,10,0.1,0.30780241942369757,0.0022298975634151702,4.7371908950022058e-05,3.7635732411857137e-05,9.1380864659373533e-07,0.0072445745150094536,0.0001539036276541201,0.00012227237356458406,2.9688156717698031e-06,9.9539768274444693e-06,3.8543317780432577e-05,0.057642037202527766
v3.1,c530bf2cab2728a7,786,06cfb1880174,2,fermi,common,10,0.5,0.35293459000476068,0.025548585591342963,0.0023752267251784544,0.0023521887522352141,0.00022759516194859923,0.072389010074071627,0.0067299346463785695,0.0066646591715577826,0.00064486499310121236,2.3037972943240595e-05,0.0025797839141838133,0.17611873297658603
v3.1,c530bf2cab2728a7,787,cd4dbb8e5ca8,3,arctan,independent,5,0.1,0.34377598190066172,0.003847047542299436,0.00012807397091110163,0.00011245653631087968,4.8162755405787401e-06,0.01119056520769705,0.00037255066570680373,0.00032712156238819319,1.4009924468692121e-05,1.6294395361962624e-05,0.00011726890318776289,0.18027003735359826
v3.1,c530bf2cab2728a7,788,da72f43a53e3,4,fermi,independent,1,0.7,0.15381056898340079,0.029177776963232351,0.014762689122997854,0.010988816510627459,0.0053692522033476024,0.18969942804373355,0.095979679553692063,0.071443832392385012,0.034908213647704869,0.0081798258463325838,0.016349541612496011,0.16037175528529107
v3.1,c530bf2cab2728a7,789,e622952a1dc3,2,arctan,common,2,0.1,0.12209310729483784,0.0011682293127512626,0.0011161930472452306,1.0554227814749762e-05,1.6132483662085444e-07,0.009568347785024028,0.0091421462847184314,8.6444092124404474e-05,1.3213263237807311e-06,0.0011056388194304809,1.0392902978128908e-05,0.35732303365321672
v3.1,c530bf2cab2728a7,790,4da5105e19b5,3,fermi,independent,1,0.7,0.226930670574125,0.023777235209362604,0.0053764824488044807,0.0058607203244006711,0.002125627253604068,0.10477753028802676,0.023692180678804711,0.025826038893611413,0.0093668574998096166,0.0011607794063435331,0.0079848620856098184,0.10782078336128274
v3.1,c530bf2cab2728a7,791,dc8883dce43b,4,fermi,common,1,0.05,0.35395013005845471,0.0003324116685414265,2.8283132798987058e-05,6.4125689044839437e-07,1.6064749853716995e-09,0.00093914831585604683,7.9907112322055403e-05,1.8117153688924794e-06,4.5387043228558525e-09,2.8518254040592294e-05,6.4283429739046886e-07,0.15515831847597653
v3.1,c530bf2cab2728a7,792,ac2bb4038b49,2,fermi,common,10,1,0.23518478177597824,0.029869659339541995,0.0078798350381297944,0.0069221286253703801,0.0020586709173234757,0.12700506858472627,0.033504867868685541,0.029432723380732818,0.0087534189150233026,0.00095770641275941335,0.0089807995426938562,0.37547221274271092
v3.1,c530bf2cab2728a7,793,e603bb3e0dc4,3,arctan,independent,5,0.5,0.14706218941714749,0.01177763053818548,0.0046262331243087955,0.004680029146585411,0.0029243658135172808,0.080086054647111118,0.031457665241106325,0.031823469820038718,0.019885232397990525,0.00020415894214080606,0.0076043229551742862,0.047371073135670128
v3.1,c530bf2cab2728a7,794,4c0421b6970d,4,fermi,independent,2,0.5,0.060463511556605135,0.0026279462589045353,0.0018634601399939918,0.00020768278787636787,2.256497927630022e-05,0.043463341629509676,0.030819581794376022,0.0034348449590450598,0.00037319994646978428,0.0016880934356177759,0.00023000051173370682,0.097459424870345729
v3.1,c530bf2cab2728a7,795,48961ff049ea,2,fermi,independent,3,0.1,0.27075825490067174,0.00043548334379236449,2.0589514785879508e-05,1.3548786606998722e-06,5.5745490970274947e-09,0.0016083843646876898,7.6043904158832823e-05,5.0040160777255435e-06,2.0588657949034759e-08,2.1944393446579379e-05,1.3604532097968997e-06,0.28840569767868507
v3.1,c530bf2cab2728a7,796,559a65719930,3,fermi,common,5,0.1,0.18064840377598473,8.6524076926086351e-05,6.3357781567141067e-06,1.5702120921775447e-07,7.511707672183584e-10,0.00047896397154652742,3.5072428121595066e-05,8.692089491832463e-07,4.1581921097396298e-09,6.3131156114509364e-06,1.5776490010690047e-07,0.027842596601685927
v3.1,c530bf2cab2728a7,797,bffe6082b969,4,arctan,common,3,0.5,0.13684389820985529,0.023854472832967911,0.014134280440564917,0.011124759912085292,0.0081773125917229544,0.17431886364700147,0.10328761914462173,0.081295257279393282,0.059756501376354659,0.0031703385265784366,0.019231175339025918,0.098149075811373873
v3.1,c530bf2cab2728a7,798,b17b6b2da8c8,2,fermi,common,10,0.7,0.15794469864999355,0.031293227647809743,0.0081433833444658123,0.0080648442142944327,0.0021759098341698484,0.19812774923934443,0.051558446811257659,0.051061189664657114,0.013776403087714127,7.8539130171380444e-05,0.010240754048464281,0.064754351327925785
v3.1,c530bf2cab2728a7,799,3033a4f5371d,3,fermi,independent,1,0.1,0.07117314943096692,0.00070447631914394748,0.00031842486615372615,6.2662302997933024e-06,5.2491582290256542e-08,0.0098980630304584347,0.0044739465472520149,8.8042054481109018e-05,7.3751945375369095e-07,0.00032460946614578799,6.3187181979979226e-06,0.27152871053016747
v3.1,c530bf2cab2728a7,800,80d556cbea05,4,arctan,independent,5,1,0.096192716600147971,0.050422502150166727,0.072887635821108257,0.07410856427239651,0.16508216988092764,0.52418212035493306,0.75772510016622341,0.7704176250728999,1.7161608042232346,0.0036438872296208438,0.2391601050313705,0.0027580212273912328
v3.1,c530bf2cab2728a7,801,7a73108a66e9,2,fermi,independent,10,0.3,0.48950912728332063,0.0088674224874556017,0.00022790053367896057,0.00022242809049839241,6.3124727279934485e-06,0.018114927778094869,0.00046556952869043262,0.00045439007793955666,1.2895515887571761e-05,5.472443180568176e-06,0.00022874056322638584,0.4070057243279338
v3.1,c530bf2cab2728a7,802,d7ecce23e5b4,3,fermi,independent,10,0.05,0.20189595974026334,6.7890012961662846e-05,4.1156364589247775e-07,3.5840564456696233e-08,2.6467222444960574e-11,0.00033626236527468164,2.0384937193490612e-06,1.7751996871460269e-07,1.3109337343357604e-10,3.9542025091701638e-07,3.5866455189968832e-08,0.092816722974576979
v3.1,c530bf2cab2728a7,803,dd00c4c323fc,4,arctan,independent,2,1,0.050425684179077522,0.035510234994478876,0.033698928532449067,0.074458868821432184,0.27919585585847706,0.70420928486306344,0.66828896981890284,1.4766060199997533,5.5367787349590429,0.0415550887816881,0.35355630546302419,0.1654067568816405
v3.1,c530bf2cab2728a7,804,cff798c30265,2,arctan,common,3,1,0.2335237867532865,0.15247182537149831,0.24949695304721692,0.24819162268784606,0.55081073412031789,0.65291774979900408,1.0684005964274885,1.0628108859422354,2.3586921991044925,0.0013053303593708596,0.79900235680816378,0.20031487496177672
v3.1,c530bf2cab2728a7,805,02d7042bef5f,3,fermi,independent,1,0.2,0.065644203930723524,0.0012730312242830613,0.00010932859485413501,4.1281922838783899e-05,1.4379738074899033e-06,0.019392896067816325,0.0016654721713056807,0.00062887384364276942,2.1905571571976775e-05,0.00011868708748936352,4.269998688276164e-05,0.21148127470004346
v3.1,c530bf2cab2728a7,806,00f12d184033,4,arctan,independent,10,0.05,0.09679749511904949,6.7637534000425086e-05,3.4799130787934307e-06,1.4481971078047678e-07,5.2133404213190159e-10,0.00069875293691473012,3.5950445561773559e-05,1.4961101070060299e-06,5.3858216216310381e-09,3.6187538840477862e-06,1.4533996429328305e-07,0.094829426825551066
v3.1,c530bf2cab2728a7,807,ee499d6723bb,2,arctan,common,1,0.3,0.41856696080384842,0.058757690752404459,0.022235604302239774,0.015997268105740543,0.0052938151438484135,0.14037823396180538,0.053123171163669478,0.038219137208102022,0.012647474931327023,0.0062383361964992324,0.021291083249588956,0.38658166573168351
v3.1,c530bf2cab2728a7,808,b8c0d33d932c,3,arctan,common,5,0.1,0.15930643501329703,0.00094035836635893882,5.9778428582563003e-05,1.6301389183101916e-05,4.1923700536971281e-07,0.0059028272541561096,0.00037524176959689924,0.00010232724862458487,2.6316388621383676e-06,4.4560062669406428e-05,1.6720523429557211e-05,0.20913693854762994
v3.1,c530bf2cab2728a7,809,caea7378e60f,4,fermi,common,10,0.2,0.36718874739099433,0.0038519444601764737,6.3586472448649427e-05,5.496138933992791e-05,8.927264552688008e-07,0.010490366296750374,0.00017317108135925667,0.00014968157311586475,2.4312467678052158e-06,1.2135195751609475e-05,5.5850317184008248e-05,0.022074868058804379
v3.1,c530bf2cab2728a7,810,af64d096ed2d,2,arctan,common,2,0.5,0.31477527661933186,0.043843255121940733,0.015525624304745482,0.01699741011458793,0.0098857128079932726,0.13928430336973965,0.04932288352341322,0.053998555087105715,0.031405620270325077,0.0014717858098424492,0.026883122922581205,0.35954438646080333
v3.1,c530bf2cab2728a7,811,02e0955a0aa1,3,arctan,common,1,0.2,0.29109057117082598,0.015435965024145817,0.018895982016239033,0.0015740701628767283,0.00019965828084943165,0.053028048837374567,0.064914442059169131,0.0054074927832443876,0.00068589745125156442,0.01767942683830025,0.001770066322988521,0.13144036813084109
v3.1,c530bf2cab2728a7,812,bd206b37a77a,4,fermi,common,3,0.5,0.11585930178021178,0.0085750228371412399,0.0017878390661493684,0.0012746231356051613,0.00026030324717560071,0.074012381443557193,0.015431122393098374,0.011001474340171286,0.0022467185903588733,0.00062963628755740686,0.0015334415500305721,0.011943386379738108
v3.1,c530bf2cab2728a7,813,4ef19fbc9ac2,2,fermi,common,3,0.7,0.12806538618704585,0.013361135220920388,0.00039461353564775221,0.0024484569645857111,0.00057021624657350881,0.10433057376960381,0.003081344205462353,0.01911880358529992,0.0044525399372214412,0.0028430705002334637,0.0030186732111592202,0.34033529431059761
v3.1,c530bf2cab2728a7,814,a79c6301d3cc,3,fermi,independent,2,0.2,0.057443930283953934,0.0002027889576090848,0.00024978078127901236,3.105200447669236e-06,6.877341260933274e-08,0.0035302068748894562,0.0043482536804899776,5.4056197622964968e-05,1.1972267961014415e-06,0.00025229709145922671,3.1738196457231349e-06,0.060163995597926546
v3.1,c530bf2cab2728a7,815,e3d74ed89db9,4,arctan,common,3,0.05,0.2551376823974873,0.00059826016935353779,3.2663655885013729e-05,4.3640591097639484e-06,5.1663628797564475e-08,0.0023448522528377006,0.00012802364424603481,1.7104721924082696e-05,2.0249313355867217e-07,3.6297649327318803e-05,4.4152095920219989e-06,0.12509493438492847
v3.1,c530bf2cab2728a7,816,00bcb9cfce4d,2,fermi,common,3,0.7,0.16239914979273473,0.014404938582909376,0.00015068811387263341,0.0023806494413300379,0.00051762168287158524,0.088700825104650952,0.00092788733232256591,0.014659248181830946,0.0031873423200319126,0.0022299613274574049,0.0028982711242016234,0.333750741452149
v3.1,c530bf2cab2728a7,817,43a2fc679dae,3,fermi,independent,1,1,0.092547263980522543,0.023312272921770467,0.022223706501875839,0.013033398178871154,0.0097570130119663256,0.25189586292552912,0.24013358738031446,0.14082964334433654,0.10542735238526103,0.017288610032967142,0.022782840095039798,0.12277008862188009
v3.1,c530bf2cab2728a7,818,7df33617d076,4,fermi,common,2,0.7,0.12059607688380557,0.013754517282499183,0.0045310193966813005,0.0035685143919638239,0.0012205431233957736,0.11405443392451044,0.037571863975699157,0.02959063415804223,0.010120918979576492,0.0034211866772988291,0.0047807863750112135,0.10131993996515461
v3.1,c530bf2cab2728a7,819,bbf15b91ef38,2,arctan,independent,5,0.5,0.25432963687577437,0.055522908597322174,0.026733948024587288,0.02644165262105648,0.01672102718134735,0.21831080828555569,0.1051153469685694,0.10396606917648268,0.06574549229398155,0.00029229540353080982,0.043162679802403833,0.15298729932606786
v3.1,c530bf2cab2728a7,820,83e2f9cd9bd5,3,arctan,common,3,0.7,0.15944402948276648,0.029764704845450636,0.015461298310732908,0.01435803344169098,0.010339220152940141,0.18667807720368579,0.096970067558434625,0.090050618315832692,0.064845451952515135,0.0011526967835037796,0.024694890969585402,0.13460320619132229
v3.1,c530bf2cab2728a7,821,76535bae758d,4,fermi,independent,2,1,0.19852195263190814,0.054271743794456033,0.037329010287389559,0.031587450964301378,0.022206532060837038,0.27337905493547426,0.18803467219871442,0.15911313860019113,0.1118593272251938,0.0058637975527369721,0.053789959928004734,0.0220694674585542
v3.1,c530bf2cab2728a7,822,807558a86cc5,2,fermi,common,2,1,0.14735741699640162,0.054733272065778958,0.041564479178854336,0.034579834587424939,0.020330900767579325,0.37143208113586512,0.28206574209881352,0.23466640018716775,0.13796998605150493,0.0069846445914293984,0.054910735355004264,0.46509337079010571
v3.1,c530bf2cab2728a7,823,12c773d72518,3,arctan,common,10,0.05,0.24924657157930813,0.00049611037127608498,2.8905950240755393e-06,2.8353498949309004e-06,2.1750759040576852e-08,0.0019904401016734826,1.1597331131817701e-05,1.1375682630116804e-05,8.7266030993954701e-08,6.1325057631764338e-08,2.8570937509591536e-06,0.093401276254319168
v3.1,c530bf2cab2728a7,824,6d14a374b595,4,fermi,common,2,0.7,0.24037254691469284,0.032783495766933526,0.0083905055533401145,0.010088871185042765,0.0046368649957792421,0.13638618963657378,0.0349062555646917,0.041971811317634625,0.019290326850115894,0.0032227887355224592,0.014724666922804393,0.12189255156955622
v3.1,c530bf2cab2728a7,825,6d40f1882d5d,2,fermi,independent,1,0.1,0.071912399745629713,2.8759406643788311e-05,0.00018418780221924247,3.26452702080678e-07,1.7297448374494123e-09,0.00039992277751148319,0.0025612801529465855,4.5395884887086848e-06,2.405349902892836e-08,0.00018451425492132316,3.2818244691812744e-07,0.13736396525847344
v3.1,c530bf2cab2728a7,826,8740cdfbadf7,3,fermi,common,10,1,0.23206034880425969,0.016548831254112731,0.0018493651084677382,0.0018091303536098347,0.00023197422174606958,0.071312619063894814,0.0079693283147982217,0.0077959477477809701,0.00099962885922289663,9.0779625921520864e-05,0.0020411035327417538,0.22873738572913038
v3.1,c530bf2cab2728a7,827,3e810fc37bee,4,fermi,independent,3,0.3,0.13205272743953955,0.0019736172254963646,0.00013746296771391671,5.5692951569788496e-05,2.1011054983780494e-06,0.014945675593107208,0.0010409703031454176,0.00042174783247311235,1.591111019906834e-05,9.0601273738958159e-05,5.7769579306734129e-05,0.14295463759006619
v3.1,c530bf2cab2728a7,828,22ce9300ed7d,2,arctan,independent,5,0.3,0.17151413494675899,0.005708341885654917,0.00033762772176738426,0.00052653341621198082,7.7780179848547991e-05,0.033282049245835554,0.0019685125186457075,0.0030699126714857994,0.00045349136893406677,0.00018890569444459651,0.00060431359606052883,0.17627127966945313
v3.1,c530bf2cab2728a7,829,ef649f5441a3,3,arctan,common,10,0.7,0.064756132105504363,0.0089880365605731552,0.0014209911587194175,0.0043471675376189492,0.0037943637716159376,0.13879823065913413,0.021943731234661423,0.067131364957627448,0.058594663520575088,0.0029309665090477988,0.0081369799939460443,0.18184691512172224
v3.1,c530bf2cab2728a7,830,92aa0bd564f9,4,arctan,common,1,0.05,0.090617509662524451,0.00073633764664422091,0.00034181099869696628,1.2478604247605884e-05,2.5469211146468963e-07,0.0081257766781107962,0.0037720193367697984,0.00013770632512500512,2.8106280167398979e-06,0.0003519627505745116,1.2733138529166398e-05,0.15906515134292601
v3.1,c530bf2cab2728a7,831,83151c163ba2,2,fermi,common,3,1,0.40603210429396913,0.087931936430947294,0.02854751143886182,0.027940083437358217,0.0099589834904797326,0.21656399949912375,0.070308507965156586,0.068812498179034301,0.024527576477719561,0.00060742800150360141,0.037899066927837947,0.34987388746655274
v3.1,c530bf2cab2728a7,832,8069810c9e1e,3,arctan,independent,1,0.7,0.086206695659588842,0.054012538550205234,0.043336385185271366,0.1170119505476626,0.33662026188190508,0.62654690725519502,0.50270323962302366,1.3573417894326549,3.9048041373856153,0.12688257317105325,0.45362192693259018,0.20964290238381766
v3.1,c530bf2cab2728a7,833,9b71415646cf,4,arctan,common,10,0.1,0.25378320879007199,0.0016057341686900226,2.6700559956500112e-05,2.4509526665331814e-05,5.3490310683129518e-07,0.0063271883760374261,0.00010521011253580083,9.657662846246835e-05,2.1077166979702111e-06,9.9552377963967776e-06,2.5042087351348958e-05,0.11082687390872462
v3.1,c530bf2cab2728a7,834,1d3583a13cbc,2,arctan,independent,3,0.2,0.046036028110918399,0.00035675766291133322,0.00058214896981173124,7.2864492797553467e-06,2.1239801496535526e-06,0.0077495317808862129,0.012645508174795438,0.00015827710553567966,4.613734583131438e-05,0.00058943541909148658,9.4104294294088989e-06,0.28859337916122302
v3.1,c530bf2cab2728a7,835,5aa8efdd88bb,3,arctan,independent,2,0.05,0.096373767354727927,0.00016356882402743643,7.7422169086413523e-05,9.541666361986504e-07,1.019305219243037e-08,0.0016972338896473786,0.00080335314485986339,9.9006883552305244e-06,1.0576583724191536e-07,7.806837568906994e-05,9.6402636424030042e-07,0.1765871317138617
v3.1,c530bf2cab2728a7,836,4ec42e512501,4,arctan,independent,3,0.1,0.12125680535724641,0.00086190416539421236,9.7864017995931917e-05,1.674743751775e-05,5.1560224188971733e-07,0.0071080890087354114,0.00080708062287807491,0.00013811544406442801,4.2521509648110198e-06,9.9921770419958062e-05,1.7256758857188326e-05,0.015456086026503776
v3.1,c530bf2cab2728a7,837,83c2c033f76d,2,arctan,independent,10,0.05,0.19693947237811535,0.00014624988989237641,2.1793561482043124e-06,2.9763973833458157e-07,9.3684477011531972e-10,0.00074261339347747861,1.1066121595065726e-05,1.5113259659959179e-06,4.7570187875623934e-09,1.8817164098697305e-06,2.9857658310469688e-07,0.41535881189755069
v3.1,c530bf2cab2728a7,838,c74744b4a584,3,fermi,common,1,0.3,0.34886889800063636,0.010427152985163878,0.0025604818960255492,0.00048045595232737719,2.4841126249756815e-05,0.029888456795437401,0.007339381385671355,0.0013771819588414579,7.1204760275625094e-05,0.0021529463133222264,0.00050529245426750497,0.23727362381407457
v3.1,c530bf2cab2728a7,839,5c214bea8f2e,4,arctan,common,3,0.2,0.23616183469737828,0.018679889136912972,0.004606235967347389,0.0036085296853638903,0.0010022080335166767,0.079097832047458877,0.019504573942906129,0.015279901979030272,0.0042437341105556825,0.0010209979383543231,0.0046054272530350613,0.091548755594736228
v3.1,c530bf2cab2728a7,840,11ab38b71f3f,2,arctan,common,3,0.3,0.39769708964765793,0.020973463535588738,0.0020814212118230161,0.0020856022706266949,0.00025473815173595368,0.052737281920192829,0.0052336847968061911,0.0052441979710599503,0.00064053310513697854,4.1810588036789463e-06,0.0023403404223626485,0.32791524997342691
v3.1,c530bf2cab2728a7,841,fadce8d1247e,3,arctan,common,10,0.05,0.17836312075806215,0.00021431319924589793,9.9389037657420782e-07,6.4170175481938753e-07,2.8026595865858839e-09,0.0012015555588792354,5.5722863131687118e-06,3.5977266606016259e-06,1.5713223533397956e-08,4.2941694209433164e-07,6.4447304433755902e-07,0.025837392264753883
v3.1,c530bf2cab2728a7,842,34e336d3a465,4,fermi,independent,5,0.05,0.19809027197500251,8.1896422997018397e-05,1.2478827051432561e-06,6.4725382196027328e-08,6.9016731739700593e-11,0.00041342980743321462,6.2995658126045154e-06,3.2674689953575904e-07,3.4841050522869684e-10,1.2073102016855043e-06,6.4794355676263252e-08,0.084723874162616272
v3.1,c530bf2cab2728a7,843,43a0404430db,2,arctan,common,3,0.3,0.30145162888314625,0.014923882709461937,0.00138355646308459,0.0013878755833706467,0.0001582316877736749,0.04950672439473526,0.0045896466647420489,0.0046039744038292741,0.00052489909694603551,4.319120286056791e-06,0.0015461072711443217,0.22058201822509677
v3.1,c530bf2cab2728a7,844,38d9493a5a3f,3,fermi,common,1,0.5,0.23538691215541252,0.011699283857755852,0.0013807630767189113,0.00081148920241527387,6.1460090364079051e-05,0.049702354946699348,0.0058659296902933682,0.0034474695087528652,0.00026110241135029831,0.00059813490523944097,0.00087263957221148916,0.27450558505163464
v3.1,c530bf2cab2728a7,845,1725b5d54aab,4,fermi,independent,3,0.3,0.19698273504100458,0.001653493016848003,0.00013493979711574889,3.5337035527838244e-05,1.2340372043114318e-06,0.0083941012216314607,0.00068503362534619782,0.00017939153662620416,6.2646972794572609e-06,0.00016993820769805747,3.6571060464387206e-05,0.012713556012213467
v3.1,c530bf2cab2728a7,846,a2af784b6387,2,arctan,independent,2,0.3,0.17848473832498679,0.011702184945846411,0.0018178142614769153,0.0019297053997219932,0.00049835563616926464,0.065564064780367692,0.010184704185559109,0.01081159889541013,0.0027921470532783241,0.00011189113824507777,0.0024280610358912579,0.11449676441042547
v3.1,c530bf2cab2728a7,847,adfb79b8838f,3,arctan,common,2,0.2,0.27434194474437118,0.012899686873339681,0.0011783067905215335,0.0015786342135876129,0.00027259566761305646,0.04702046887274007,0.0042950296631434426,0.0057542575746430862,0.00099363466956195164,0.00040538306071719325,0.0018512247154485414,0.027898142316912521
v3.1,c530bf2cab2728a7,848,a905ded94119,4,arctan,independent,2,0.7,0.076493351329418841,0.032179858815017254,0.020263854400692623,0.038449601405850353,0.075311010588573327,0.42068831154271957,0.26491000915133495,0.502652854628725,0.98454322211934786,0.018248385671888762,0.1136947998161463,0.014316359055776251
v3.1,c530bf2cab2728a7,849,3c7604c992da,2,fermi,common,5,0.05,0.31338541913384466,0.00026484627674047169,1.1017565368514609e-06,2.846288958637216e-07,3.2178719146538791e-10,0.00084511359039125475,3.5156598539158857e-06,9.0823911543299546e-07,1.0268097104031344e-09,8.1712764098773928e-07,2.8495068305518701e-07,0.13062551116448742
v3.1,c530bf2cab2728a7,850,ed4c6b239fd6,3,fermi,common,10,0.1,0.071914955117154206,2.430264165799217e-05,1.8197261814307583e-06,1.9176435377834705e-08,2.2225477923486599e-11,0.00033793585240234894,2.5303863132032889e-05,2.6665434674324733e-07,3.090522393746868e-10,1.8366734415506151e-06,1.9198349301176216e-08,0.0036202498338078213
v3.1,c530bf2cab2728a7,851,6813c8c0a507,4,arctan,common,3,0.1,0.28970014098494529,0.0014116935981076915,6.2877157775841533e-05,1.5120006071817673e-05,2.2566779930896844e-07,0.0048729475702293575,0.00021704220633813581,5.2191918237980446e-05,7.789702778249446e-07,5.8037310912680977e-05,1.5343882332284206e-05,0.11981220948706643
v3.1,c530bf2cab2728a7,852,7340790dfb36,2,fermi,independent,3,0.7,0.065256902965498215,0.0042566555857275002,0.0010477733344964272,0.00047668827376940267,7.3556784826201571e-05,0.065229200165659473,0.016056130261811418,0.0073047946210599533,0.0011271877990454368,0.0015244616082658298,0.00055024505859560427,0.23178250743734197
v3.1,c530bf2cab2728a7,853,7561d0ac91c1,3,fermi,common,2,0.05,0.21063450445518353,4.7944609381175532e-05,5.9527811141110772e-06,3.1321397831433609e-08,3.4527732178571465e-11,0.00022761992155647344,2.8261186976503385e-05,1.4870022322528751e-07,1.6392248871038075e-10,5.9840862557481002e-06,3.1355918358003438e-08,0.025870707327771657
v3.1,c530bf2cab2728a7,854,68790122e7b1,4,arctan,common,2,0.1,0.11527301639725043,0.00057474048486951348,6.7070374589757941e-05,9.3375725962046231e-06,2.8113435375646585e-07,0.00498590652723843,0.0005818393296712391,8.1003975501306899e-05,2.4388565732298445e-06,6.8874367849382781e-05,9.5957491392257766e-06,0.13368944772136548
v3.1,c530bf2cab2728a7,855,5cd22ae214cf,2,fermi,common,2,1,0.3922008883758466,0.062185690891491202,0.014347800844262616,0.014534616193686314,0.0039057196812419706,0.15855571145952779,0.036582785173380587,0.037059110839539389,0.0099584671962780324,0.00018681534942369951,0.018440335874928285,0.42765148416640286
v3.1,c530bf2cab2728a7,856,1e6eeb712ac1,3,arctan,independent,10,1,0.14495366581863259,0.051813873143566981,0.057370657420776711,0.056847145138906575,0.10006687830825635,0.35745127831673462,0.39578617827133411,0.39217459467381988,0.69033699660594294,0.00083950584478084754,0.15687922868746779,0.13478297645872542
v3.1,c530bf2cab2728a7,857,a64dbd40e0db,4,arctan,independent,2,0.05,0.17759901644516468,0.00017042195066910672,1.1597831482767227e-05,5.821464928067363e-07,3.8495005170459385e-09,0.00095958836980229592,6.5303466848580012e-05,3.2778700268674031e-06,2.1675235562098435e-08,1.198890546849478e-05,5.8599197826113909e-07,0.0180144104225726
v3.1,c530bf2cab2728a7,858,763eafebf34d,2,fermi,independent,2,0.3,0.069250800236912727,0.00031601472309248632,0.00037025275908150046,2.1606288514444952e-08,6.7471350951464759e-08,0.0045633367702809756,0.0053465484559721346,3.1200056086757192e-07,9.7430427837136422e-07,0.00037023115279298605,4.5865062437019807e-08,0.12635201136159022
v3.1,c530bf2cab2728a7,859,7d4531ba4060,3,arctan,independent,5,0.7,0.082531950749939964,0.012597530663605154,0.0059699307836782777,0.0056864258819389812,0.0042637360901090875,0.15263822736692453,0.072334783431526009,0.068899690729085514,0.051661641962487952,0.0003032007182438433,0.0099238159649951609,0.11193084012645221
v3.1,c530bf2cab2728a7,860,a455317e5d43,4,fermi,common,5,0.7,0.072170289163625001,0.0029112097090214176,0.0009460071072130619,0.00021051470287994085,2.0972885130428636e-05,0.040338063526683426,0.013107985546077941,0.002916916439154905,0.00029060275874575979,0.00086170115953994992,0.00022875451766119021,0.1578189361749987
v3.1,c530bf2cab2728a7,861,c8ba8ea49bc7,2,arctan,common,10,0.5,0.39404527147178509,0.055951195352955153,0.015272594294570686,0.015272876692546945,0.0050829081786913392,0.14199179486147301,0.038758476246971672,0.03875919291075805,0.012899300021305526,2.8239797625738637e-07,0.020355784871238281,0.36272914849209303
v3.1,c530bf2cab2728a7,862,0d9f792e7e3c,3,arctan,common,3,1,0.25430490077642093,0.17912142201782844,0.45623413732436452,0.45375047890084935,2.2960138497542868,0.70435694110082414,1.7940438266483711,1.7842773675045156,9.028586719108846,0.0036343021397226304,2.7433956329463345,0.20631510905422781
v3.1,c530bf2cab2728a7,863,896c67bbea80,4,fermi,common,3,0.5,0.25615365820767599,0.0148048640648065,0.0016136625919749149,0.0013533115443626368,0.0001376982872679513,0.057796809026258333,0.0062995883145523599,0.0052832020976465721,0.0005375612756477314,0.00027081610498576238,0.0014910084986526106,0.018522058880350044
v3.1,c530bf2cab2728a7,864,cc0a79d56ceb,2,fermi,independent,1,0.05,0.15233183022264257,0.00014798395490217678,5.3606538499333932e-05,2.1240681123858878e-07,3.1007545966679523e-10,0.0009714578672486827,0.00035190635089846027,1.3943691934124524e-06,2.0355263848245006e-09,5.3818945310572522e-05,2.127168866982556e-07,0.21643464389304479
v3.1,c530bf2cab2728a7,865,1af4fe1438da,3,fermi,common,1,0.1,0.36652206059291581,0.0013212587008995975,1.6405931100708168e-05,7.8441616096640376e-06,5.2642734132047478e-08,0.0036048545038795819,4.4761101348629888e-05,2.1401608396980758e-05,1.4362773702321852e-07,1.2560956259746707e-05,7.8966506416994791e-06,0.23432651445658578
v3.1,c530bf2cab2728a7,866,af47e2c0de12,4,arctan,common,1,0.1,0.28435225308967826,0.004223143674768043,0.00053918476022586702,0.0001806590065000369,1.1194005442909568e-05,0.014851803102949774,0.0018961859959513679,0.0006353352383779464,3.936668453046944e-05,0.00066790948435266925,0.00019181034738554234,0.081820445132566255
v3.1,c530bf2cab2728a7,867,0879b4030ce5,2,fermi,common,1,0.5,0.41455773707134536,0.048411175912583253,0.015226277797171315,0.006735112807246332,0.00094942149648284723,0.11677788540285208,0.036728967850745656,0.016246501283094419,0.0022902032975914569,0.008491164989924983,0.0076845343037291788,0.2594145399485876
v3.1,c530bf2cab2728a7,868,2da9eb41e4bf,3,fermi,independent,2,0.2,0.082722613746582949,0.00045250017110835393,0.00033098885777135888,3.4451021792954784e-06,4.6699378782950876e-08,0.0054700903491101977,0.0040011895512069833,4.1646437694164205e-05,5.6452977810895033e-07,0.00032951976485702246,3.4729011823931436e-06,0.14889225797865921
v3.1,c530bf2cab2728a7,869,707ca52deefc,4,fermi,independent,10,0.5,0.14687254235729233,0.0035121154903249995,0.00019293898890695142,0.00015988514381167835,9.7228387437524718e-06,0.023912675806899181,0.0013136491396573953,0.0010885979179330243,6.6199158724304094e-05,3.8965480305417797e-05,0.00016960623493050172,0.20029499710911849
v3.1,c530bf2cab2728a7,870,bf9551bc2cf9,2,fermi,independent,5,0.3,0.070331594984152479,0.0006091287928566792,4.6136237265842885e-05,9.8210099697729977e-06,2.080070411368827e-07,0.008660813010055177,0.00065598167191059111,0.00013963866413076406,2.9575191801600979e-06,3.6315227296069885e-05,1.0029017010909881e-05,0.45654825596357834
v3.1,c530bf2cab2728a7,871,bfa2e4dc4776,3,fermi,common,5,0.05,0.335363883194574,0.00025635474968830512,4.3048573393567758e-06,3.3509077430883136e-07,5.4235026986282498e-10,0.00076440774494363557,1.283637730560017e-05,9.9918563417401686e-07,1.6171993975515844e-09,4.0050650983809355e-06,3.356317289484019e-07,0.099628573984896288
v3.1,c530bf2cab2728a7,872,4283a6043148,4,arctan,independent,2,0.1,0.1046894521148391,0.00056787839652489599,0.00019077430925452723,1.0662011557244496e-05,3.5652583674077644e-07,0.005424408907040241,0.0018222877797207052,0.00010184418145152581,3.4055564294069035e-06,0.00018143043370766009,1.1012565674655767e-05,0.042797080512465245
v3.1,c530bf2cab2728a7,873,5b7b24f9466f,2,fermi,common,5,0.7,0.45514398806701761,0.036502761011565493,0.0037281242559328467,0.003728496281697879,0.00040198728745745462,0.080200468354182999,0.0081910875539981855,0.0081919049343762325,0.00088320904592123072,3.7202576503204089e-07,0.0041304835691553339,0.49595701679987181
v3.1,c530bf2cab2728a7,874,9f637f4082af,3,arctan,independent,5,0.3,0.51248231612951367,0.056903214734539138,0.015522005354927338,0.015702873230382507,0.0063890532890560929,0.11103449415444543,0.030287884803823439,0.030640809909261539,0.012466875613014249,0.00018819868609600734,0.022091913760106583,0.051352209380592838
v3.1,c530bf2cab2728a7,875,681765bfb027,4,fermi,common,10,0.3,0.20156024882523621,0.0012972374604251404,2.4277006986454219e-05,1.5152262589890795e-05,2.1625422696732338e-07,0.0064359786613972505,0.0001204454108781326,7.5174855549164549e-05,1.0729011708793218e-06,1.3147663504424707e-05,1.5367578868069385e-05,0.081039792881220776
v3.1,c530bf2cab2728a7,876,00babb18d402,2,arctan,independent,5,0.05,0.46200338673307928,0.0013316455091844255,1.7261796619621495e-05,7.990408750258741e-06,6.2531779922278285e-08,0.0028823284578079916,3.7362922254062248e-05,1.7295130251664519e-05,1.3534918080244677e-07,9.2713878693627535e-06,8.0529405301810184e-06,0.25888439334926272
v3.1,c530bf2cab2728a7,877,8e5c990a6387,3,arctan,common,1,1,0.078411690909002699,0.036928196678885743,0.18137331002769522,0.35469393936776195,2.7023133039424581,0.47095268895222736,2.3130901518012177,4.5234828538436531,34.463142837698925,0.52019029417537699,3.056383715401207,0.17612617677391287
v3.1,c530bf2cab2728a7,878,0c4c6fb4ff3e,4,fermi,independent,5,1,0.10256594464520689,0.023745740625821229,0.0085182496656180818,0.0083338467183127277,0.0033560087506206478,0.23151681299247814,0.08305144261171836,0.081253546166234078,0.032720497648899491,0.00029309312644670919,0.01168020993341456,0.06640778362884929
v3.1,c530bf2cab2728a7,879,eca06626ec86,2,fermi,common,5,0.7,0.084159748563436998,0.0039768244077516904,0.00023070594910577978,0.0002333189169046166,1.4281738193027185e-05,0.047253282901078109,0.0027412861022497095,0.0027723338161918113,0.00016969796650784973,2.6129677988367988e-06,0.00024760065509764378,0.061932376792549572
v3.1,c530bf2cab2728a7,880,b489b5c69296,3,fermi,common,10,0.3,0.55787047791916022,0.012077376374025742,0.00034452562681915901,0.00034664397457330611,1.0860775489281449e-05,0.021649068828796938,0.0006175727887667206,0.00062136999230767243,1.9468274302292906e-05,2.1187089784028077e-06,0.00035750474393028264,0.026532889226106238
v3.1,c530bf2cab2728a7,881,05a67c8fde07,4,fermi,common,1,0.1,0.2254194392547495,0.0019766024456302888,0.00052609585271225071,1.944719062018416e-05,2.1415710477129416e-07,0.0087685536445528296,0.0023338530805131798,8.6271133867060287e-05,9.5003831736655318e-07,0.00054401265572815772,1.9659930492678306e-05,0.10214687804481104
v3.1,c530bf2cab2728a7,882,3498f099674a,2,fermi,common,10,0.2,0.2003895917406224,0.0012794520777824677,4.2025875992987849e-05,1.185756601179379e-05,1.2332487957167247e-07,0.0063848230173478657,0.00020972085240527233,5.9172564347263245e-05,6.1542557425487485e-07,3.016830998119406e-05,1.1980890891365463e-05,0.13991896861282982
v3.1,c530bf2cab2728a7,883,80d3b1f624de,3,fermi,independent,1,0.1,0.31269008991182995,0.0014855761808496893,0.00013120113514116495,1.1174256626611554e-05,9.9678895853100885e-08,0.0047509538318549881,0.00041958840198024849,3.5735883506133463e-05,3.1877855764858939e-07,0.00012005923221532058,1.1273847113436908e-05,0.084931853886290015
v3.1,c530bf2cab2728a7,884,5ee39e2dcd21,4,arctan,independent,5,0.1,0.23664168844935662,0.0013760336258644671,6.1862834946196422e-05,2.1495476163547749e-05,5.4762245233881845e-07,0.0058148402966578319,0.0002614198510480777,9.0835542563955156e-05,2.314141924557872e-06,6.6198103408165744e-05,2.2034352003182939e-05,0.0609520540763328
v3.1,c530bf2cab2728a7,885,77b1c86e2088,2,fermi,independent,5,0.7,0.19046638301537272,0.010766604295314895,0.0014515647472187452,0.0011285303547244325,0.00015431221014764392,0.056527583108699618,0.0076211073273837939,0.005925089440236537,0.00081018081881246854,0.00032303439249431281,0.0012828425648720764,0.42693780197170095
v3.1,c530bf2cab2728a7,886,2f8ee33575e4,3,arctan,common,10,0.7,0.079133323029358757,0.0083207997488622398,0.0030174882244606116,0.0039550469544769673,0.0037267074993844679,0.10514912593491356,0.038131701146192389,0.049979538367289723,0.047094035189219154,0.00093757729180563769,0.0076632761541455749,0.31661594655505382
v3.1,c530bf2cab2728a7,887,34462dfd4fef,4,arctan,common,5,0.5,0.16832928037709055,0.026428064101004629,0.012816903943688595,0.013194117754596538,0.011571256307566941,0.15700218073647432,0.076141856692883259,0.078382784771842018,0.068741791574496489,0.0011804426094824158,0.024720893623655649,0.068368189750465061
v3.1,c530bf2cab2728a7,888,5b789281c5aa,2,fermi,common,1,0.7,0.33012057296734443,0.025300322654921385,0.0023766535129255534,0.0023793707922159157,0.00022864442383158529,0.076639642381282597,0.0071993498968046816,0.0072075810690274168,0.00069260883009009816,2.7172792903620408e-06,0.0026080152160475011,0.24019441436322292
v3.1,c530bf2cab2728a7,889,c54bf4f84748,3,fermi,common,3,0.05,0.36810922289587922,0.00047428957844897245,3.4495993761083671e-05,8.536877073678022e-07,1.6239101809879732e-09,0.0012884479631283963,9.3711299841136997e-05,2.319115236102819e-06,4.4114900686617708e-09,3.3642415208900784e-05,8.5531152132493027e-07,0.02544542852447363
v3.1,c530bf2cab2728a7,890,2c3af51bf843,4,fermi,common,1,0.2,0.067885774299753315,0.001322179023187191,0.00080272852344358877,3.9076394070391441e-05,1.1671642498569354e-06,0.019476525631850906,0.011824694226791868,0.00057561977414955163,1.7193060871682165e-05,0.00083165435948638893,4.0229698434912184e-05,0.08582174795977647
v3.1,c530bf2cab2728a7,891,ea1ab134fa61,2,arctan,common,1,0.2,0.25697393108719085,0.018703455964631712,0.0012002344241795076,0.0023877549666115874,0.00036661842348489774,0.072783476072853709,0.0046706466259111316,0.0092918178762709819,0.0014266755461685514,0.003587989390791095,0.0027543733900964851,0.37573810101761856
v3.1,c530bf2cab2728a7,892,be1ec402284b,3,fermi,independent,3,0.2,0.30129907271049328,0.0038556979871133368,0.00013255653385164636,9.5435714124562378e-05,3.1499766060619655e-06,0.012796912889334143,0.00043995002261097184,0.0003167474538372141,1.0454650848157961e-05,3.8147621397366972e-05,9.8582968600387409e-05,0.14239948506454236
v3.1,c530bf2cab2728a7,893,e312febcf5c8,4,fermi,common,2,1,0.33883956993238179,0.086781619005979929,0.046053392982662977,0.043035994851946979,0.032495449425346858,0.25611418118402735,0.13591503788017825,0.12700994414712297,0.095902168190780054,0.0034057378791071337,0.075058122534282151,0.096786671728715579
v3.1,c530bf2cab2728a7,894,1d404912d5c6,2,fermi,independent,10,0.2,0.32805816228466245,0.0026498765366825229,4.1768894598558227e-05,2.9953491045801845e-05,3.8186817442407214e-07,0.0080774595523801455,0.00012732161366652583,9.1305428394769278e-05,1.1640258293366825e-06,1.1815403552756383e-05,3.0335359220225919e-05,0.2050517518122025
v3.1,c530bf2cab2728a7,895,089a356daae4,3,arctan,common,3,0.7,0.23346434660119889,0.055255211466290879,0.037060679528536852,0.032817907914063325,0.027389628948602158,0.23667515948667397,0.15874235217527016,0.14056924918871017,0.11731825157606959,0.0043276973452375756,0.060180934000757427,0.035668578841118501
v3.1,c530bf2cab2728a7,896,5e2ff0396f80,4,arctan,independent,3,0.7,0.070659243582274864,0.012209275145173046,0.0099763119580883967,0.0068518527424439226,0.0061446155394866853,0.17279091207588002,0.14118905683545971,0.096970366438549532,0.086961241416800075,0.0051586120315154065,0.01296730643551791,0.068513120366335209
v3.1,c530bf2cab2728a7,897,2ac4a129e3db,2,fermi,common,2,1,0.3164235630563571,0.042859757771121443,0.0079109772878945602,0.0080856374319154753,0.001731077089896131,0.13545058830997311,0.025001226872872182,0.025553208976650612,0.0054707591090105223,0.00017466014402091486,0.009816714521811605,0.28583386678581901
v3.1,c530bf2cab2728a7,898,e94b80468150,3,arctan,common,3,0.2,0.31650051281825398,0.017273439418919227,0.0027839322696974309,0.0025774378333882166,0.00058893547814156991,0.054576339434995673,0.0087959802810685019,0.0081435502598009198,0.0018607725873725769,0.00031297622883813742,0.0031662766575711447,0.14237037667780167
v3.1,c530bf2cab2728a7,899,0d7a61e5faf6,4,arctan,common,10,0.5,0.059387493901826634,0.0016084460827653561,0.00022443834224823399,0.00012906579378153541,1.8274288743018514e-05,0.02708391914001752,0.003779218948340414,0.0021732823748194167,0.00030771274459278768,0.00016455958400794532,0.00014659663995041458,0.13178160659244428
v3.1,c530bf2cab2728a7,900,ae1ba15a792a,2,fermi,common,2,0.2,0.028903771259427811,2.2902373544541475e-05,5.6902645783174438e-05,1.2364910704990254e-07,3.4731721327796289e-09,0.00079236627424773148,0.0019686927796528967,4.2779575696223643e-06,1.2016328601572198e-07,5.702629489022434e-05,1.2712227918268216e-07,0.045344422235565229
v3.1,c530bf2cab2728a7,901,14bbd3dca04c,3,fermi,common,10,0.05,0.20162854978590825,7.6203601511233918e-05,2.2620931582021184e-06,5.0618204750178603e-08,4.1584852227432117e-11,0.00037794053268819255,1.1219111383799753e-05,2.5104681258644002e-07,2.0624486101589997e-10,2.2215480641903094e-06,5.0659637984759014e-08,0.17136225174631725
v3.1,c530bf2cab2728a7,902,9ebcf9bd5037,4,arctan,independent,10,0.1,0.32677391029451902,0.0019519858888435322,1.910660681681745e-05,2.9069909956924571e-05,6.3926904499780334e-07,0.0059735059236651457,5.8470417052563343e-05,8.8960314887819733e-05,1.9563038077967566e-06,1.2604912971161139e-05,2.9707845372712847e-05,0.035738203762534296
v3.1,c530bf2cab2728a7,903,188d22ee07a6,2,fermi,independent,2,0.2,0.30331103968313416,0.0026231124462430355,8.5259053287858628e-05,4.3780841453068252e-05,9.4922609728215172e-07,0.0086482590577097798,0.00028109446123994648,0.00014434305292285318,3.1295468119914071e-06,0.00012903989474092689,4.4730067550350398e-05,0.26297199487348089
v3.1,c530bf2cab2728a7,904,4d91ddd49f8d,3,fermi,common,3,0.5,0.15837537981191585,0.0095729261983320078,0.0015556351566181441,0.0013054409764778163,0.00026436589043751064,0.060444535064103189,0.0098224557280657664,0.0082427014730959945,0.0016692360312030032,0.0015713507259006259,0.0015697364708345352,0.20733725130032263
v3.1,c530bf2cab2728a7,905,5a4316196af2,4,fermi,common,3,0.5,0.23966610206000077,0.020803928692333711,0.0043737714770366214,0.0033493461765573837,0.00068952622594660711,0.086803801261495936,0.018249437193840791,0.013975051739769481,0.0028770285827654641,0.0010551378059453834,0.0040379401270490261,0.088071437002054748
v3.1,c530bf2cab2728a7,906,2cae1cf20410,2,fermi,common,3,1,0.073119618057087762,0.0075885411723200279,0.0030863573608160789,0.0009406561748278577,0.00011280799985504516,0.10378256033005143,0.042209702988415795,0.012864621011743323,0.0015427870502136773,0.0021457011859882208,0.001053464174682903,0.070196164933925609
v3.1,c530bf2cab2728a7,907,b809481775a4,3,fermi,common,10,0.05,0.32561619843902978,0.0001425393652033597,5.3110760228718041e-07,9.5243374640583511e-08,7.3319577702991845e-11,0.00043775268517561044,1.6310847090324592e-06,2.9250195505374228e-07,2.2517177601875547e-10,5.1037316241192575e-07,9.5316595198384558e-08,0.26371551649710961
v3.1,c530bf2cab2728a7,908,10a2cf9e4809,4,arctan,independent,2,0.5,0.10118325354825196,0.01925187038514117,0.011753905843580428,0.010682549179107007,0.0092721538750669113,0.19026735857985033,0.11616453742491352,0.105576256984193,0.091637237881911304,0.0033014140368557957,0.019952184597537517,0.061663221862219432
v3.1,c530bf2cab2728a7,909,1a6ec08be9d0,2,fermi,independent,1,0.1,0.42670424377761518,0.0019826984902167003,0.00029238226626343398,1.1225948911346451e-05,6.5441882077667091e-08,0.0046465403593455249,0.00068521058913071048,2.6308500735692385e-05,1.5336590397674447e-07,0.00028115631735208755,1.129139079342412e-05,0.21670205101241741
v3.1,c530bf2cab2728a7,910,50dd2131dad2,3,fermi,common,5,0.7,0.46907484130931537,0.052163111076208288,0.0076789482831624385,0.0076323855274489085,0.0012037826960814542,0.11120423967017047,0.016370411727323526,0.016271146638657589,0.0025662913251142815,5.6728327684851553e-05,0.0088355118638113565,0.099520921935945611
v3.1,c530bf2cab2728a7,911,b60d78f6b5b0,4,arctan,independent,5,0.2,0.3046311813752392,0.0070055666123770514,0.00037445966939828951,0.00040156808963321588,3.4457837960236226e-05,0.022996879639014107,0.0012292230483688957,0.0013182107222916605,0.00011311329918584953,2.7674644195605445e-05,0.00043595154531776275,0.03412154494311765
v3.1,c530bf2cab2728a7,912,c62bad3ecc9f,2,arctan,common,1,0.5,0.25442563513567018,0.086244959762402332,0.049282749735343169,0.062068243770336373,0.055770123091949356,0.33897904869693252,0.19370198175613706,0.2439543630783865,0.21920009381998964,0.012785494034993204,0.11783836686228573,0.42297270366448581
v3.1,c530bf2cab2728a7,913,d2ff22d8ea28,3,arctan,common,3,1,0.070576389231692918,0.042293779048032935,0.049389892140595193,0.11456723533488238,0.55005897372968227,0.59926243760059861,0.69980757981900621,1.6233082562324541,7.7938100789473896,0.066338898663101081,0.66459974734166705,0.22765711579438236
v3.1,c530bf2cab2728a7,914,20c26fe86e54,4,fermi,common,3,0.7,0.17161126944249858,0.011125649457929434,0.0024578242034647593,0.0012845230478858306,0.00021590244179139315,0.064830529452247196,0.014322044300757866,0.0074850739817890165,0.0012580901154847241,0.0020217893466694041,0.0014912963852325037,0.069858705929543366
v3.1,c530bf2cab2728a7,915,d3bba41b0981,2,fermi,independent,2,0.3,0.45275268121397966,0.013536622294865299,0.0012295848687147405,0.00060051569912137855,2.8868002608634197e-05,0.029898491729677089,0.0027157980940451126,0.0013263658594162213,6.3761085922737189e-05,0.00062906916959336182,0.00062938370173001282,0.32298401249739089
v3.1,c530bf2cab2728a7,916,0d8d1badfc8b,3,fermi,common,5,0.3,0.49569613270829183,0.013003226746367367,0.00055044065302618436,0.00052086173574825839,2.4257850748873731e-05,0.026232253770717896,0.0011104396760547427,0.0010507682053165746,4.8936937668523298e-05,2.9741945405973961e-05,0.00054509961081983141,0.18670271038542297
v3.1,c530bf2cab2728a7,917,eca0a5858d86,4,arctan,independent,1,1,0.13134516932700746,0.094634343187249323,0.33048630626423836,0.21139311278416517,0.74795998867722302,0.72050113203356625,2.5161664335095049,1.6094471830773154,5.6946136086287416,0.12068646709693492,0.95850123947897581,0.10218538629684949
v3.1,c530bf2cab2728a7,918,a4b1328228a6,2,fermi,independent,3,1,0.27018799295057233,0.051928949068649262,0.016273054866472524,0.016464890810781362,0.0065255227686821802,0.19219562091402428,0.060228638174345095,0.060938647313588862,0.024151786677937041,0.00019183594430883556,0.022990413579463541,0.21081298738450005
v3.1,c530bf2cab2728a7,919,b1a916bd639a,3,fermi,common,3,0.05,0.2566013980152177,0.00021585052905261979,7.2147338333784348e-06,2.8028012475289248e-07,4.297512137509833e-10,0.00084118999632191722,2.8116502439907076e-05,1.0922782452505209e-06,1.6747812641515578e-09,6.9589658859068619e-06,2.8070985109607346e-07,0.15665448858837633
v3.1,c530bf2cab2728a7,920,3cdf5356f29c,4,arctan,independent,10,0.05,0.19813025015414043,0.00020811931458638837,2.3397186224090972e-06,5.220177199780908e-07,1.8995521673831236e-09,0.001050416654824171,1.1808992420838585e-05,2.6347199358602432e-06,9.5873909506767345e-09,1.8577770503250082e-06,5.2390511324010059e-07,0.062542853563886322
v3.1,c530bf2cab2728a7,921,0a90e4df560c,2,arctan,independent,10,1,0.25258873920471236,0.11667744570453721,0.1442381556767322,0.14289639386887421,0.25942560159044437,0.46192655330519361,0.57103953300084909,0.56572749172742332,1.0270671701646645,0.001341761807858008,0.40232199545931852,0.2824476570763364
v3.1,c530bf2cab2728a7,922,8895cadd8e80,3,fermi,common,1,0.7,0.17778358563255942,0.054924785024651285,0.046255861203708733,0.01622662460642893,0.0045829573100354213,0.30894182288666994,0.26018071937928899,0.091271781636612315,0.025778292713183389,0.030035253148409994,0.020807392396635788,0.12311643544364431
v3.1,c530bf2cab2728a7,923,2e16838158c1,4,fermi,independent,3,0.1,0.3992822303260502,0.0013583703690934329,1.3677773147400031e-05,7.8956219930839773e-06,5.7628546004863531e-08,0.0034020306087355809,3.4255902488399967e-05,1.9774538893545264e-05,1.4433035489158782e-07,7.0128725604626932e-06,7.9530859020114121e-06,0.093514075942513805
v3.1,c530bf2cab2728a7,924,92ec9cd8ce83,2,arctan,independent,5,0.05,0.12233277152310518,0.00026170256292398883,1.337586524733212e-06,1.0711235608949904e-06,5.5149959414712009e-09,0.0021392678320425419,1.0934000007353549e-05,8.7558186376304371e-06,4.5081917729866648e-08,2.6646296383822165e-07,1.0766385568364616e-06,0.058966700472653101
v3.1,c530bf2cab2728a7,925,2f5e1d1f397a,3,fermi,common,2,0.7,0.32113965442493242,0.042034037426590821,0.012044449389541429,0.0089662459470784221,0.0022781451394984038,0.13089021192932881,0.037505332099548809,0.027920083438883799,0.0070939390639187744,0.0030818325255915621,0.011244330733480752,0.057914596415076965
v3.1,c530bf2cab2728a7,926,00c2f2f28c16,4,fermi,common,3,0.3,0.23685042630709865,0.001826411169624995,1.9976441406362789e-05,2.9799076020089594e-05,8.3543145746691574e-07,0.0077112429059210674,8.434201161395196e-05,0.00012581390071661645,3.5272533408223676e-06,1.4331721986162733e-05,3.0611907048456942e-05,0.044054125972458662
v3.1,c530bf2cab2728a7,927,aa9053a56360,2,arctan,common,10,1,0.11613305706956426,0.028956281521663435,0.024935095741274244,0.020383951446194919,0.021863933402106361,0.24933711599720038,0.2147114385040084,0.17552238751439078,0.18826623490165906,0.0045511442950793282,0.042247884848301276,0.2424515729086667
v3.1,c530bf2cab2728a7,928,1a6b0be69351,3,arctan,common,2,0.5,0.10425641666012149,0.0075874263488227307,0.0037146697385473304,0.0038176928037909775,0.0034653952234808042,0.072776588644494933,0.035630130571792491,0.036618300590905123,0.033239155291305271,0.00025757974886194502,0.0072539761042061234,0.02364427883178094
v3.1,c530bf2cab2728a7,929,c1ec083456a5,4,fermi,independent,5,0.5,0.083863219091440816,0.0019640882212747621,6.4492715837548463e-05,6.8893309781428515e-05,3.0864951935639539e-06,0.023420138680023784,0.00076902266018704106,0.00082149612819310263,3.6803919847133148e-05,1.7970025549011632e-05,7.1968419768290073e-05,0.045977660105562708
v3.1,c530bf2cab2728a7,930,63d5b8fd20fc,2,arctan,common,3,0.1,0.47642250520346557,0.004151790043593495,0.00010390841501542583,8.2956820618236554e-05,2.2598248520398951e-06,0.0087145128499343076,0.00021810139924235885,0.00017412447924307903,4.7433209543172032e-06,2.0951594397189282e-05,8.5216645470276449e-05,0.43805791242468889
v3.1,c530bf2cab2728a7,931,8c62d71eb515,3,fermi,common,3,0.2,0.17605197980558326,0.001377415809531852,0.00025574154330288307,1.8438569893371923e-05,3.0814032520733807e-07,0.0078239154768549157,0.0014526479258302129,0.0001047336696453735,1.7502803748507791e-06,0.00024236009001711949,1.87465954257408e-05,0.17620143247331871
v3.1,c530bf2cab2728a7,932,35421670dac0,4,fermi,common,2,0.1,0.083738950765753328,0.00029691978801820715,6.2393697315869025e-05,1.8481631965444688e-06,1.3429053522784463e-08,0.0035457787003899057,0.00074509767253241172,2.2070532048036013e-05,1.6036806527884673e-07,6.4180563884120453e-05,1.8615453816556247e-06,0.08383582421191943
v3.1,c530bf2cab2728a7,933,e11759c46f50,2,arctan,independent,5,0.2,0.25029066994083987,0.0080090818462115933,0.00070746296576380417,0.0005618700031154864,5.2516664784037596e-05,0.031999122652493064,0.0028265654725804367,0.0022448699476024943,0.00020982270252602997,0.00014559296264831767,0.00061438666789952407,0.15753582044652362
v3.1,c530bf2cab2728a7,934,baa656f106d6,3,arctan,independent,3,0.2,0.20461881411477295,0.00769667742294555,0.0011906260364006492,0.00083722181739120775,0.00013720961356602349,0.037614710339531135,0.0058187515236639668,0.0040916169953052351,0.00067056206028572279,0.0003674149045761573,0.00097436399364322966,0.26317934729512421
v3.1,c530bf2cab2728a7,935,861e78f00eda,4,fermi,common,1,0.05,0.26184653984722056,0.00022506391589797927,3.1853278164468308e-05,3.356639591647642e-07,6.8346691347729432e-10,0.00085952602631028533,0.00012164865032416973,1.2819109977951737e-06,2.61018119191522e-09,3.1858467757080742e-05,3.3632281881153601e-07,0.067182172295575604
v3.1,c530bf2cab2728a7,936,8514e97ce6ca,2,arctan,common,3,0.3,0.36406185155156395,0.042322067480686426,0.011581730302150883,0.010620848111881451,0.0034413182473043923,0.11624966279855371,0.031812534745927649,0.029173196990064654,0.0094525648118256103,0.00096088219026943143,0.014062166359185843,0.18833391917950962
v3.1,c530bf2cab2728a7,937,a47e3ff7cd3b,3,arctan,independent,2,1,0.095338136301109461,0.06002662990370277,0.099410610683320758,0.091944931714630279,0.1922779958328622,0.62961824336610439,1.0427161106794565,0.96440873801264249,2.0168004462095261,0.0074751240841394763,0.28420749503062964,0.017399749686284736
v3.1,c530bf2cab2728a7,938,3096ce1ff87b,4,fermi,independent,3,1,0.20672087371155448,0.028074637015314329,0.0088278476830786802,0.0070936798123276022,0.0023916293400853121,0.13580939607718542,0.042704191040700189,0.034315256533917732,0.01156936547889423,0.0023402106063390433,0.0094749292971953881,0.10773085329691993
v3.1,c530bf2cab2728a7,939,3f4baa7b3eba,2,fermi,common,10,0.05,0.010391192683869096,1.3500538621414492e-07,1.7726794092610754e-07,2.6181193617773283e-12,9.4205547521026495e-16,1.2992289751658854e-05,1.7059441232505655e-05,2.5195561678320141e-10,9.0659032497075834e-14,1.772705590454693e-07,2.6190614172525383e-12,0.063749837167953266
v3.1,c530bf2cab2728a7,940,a27c94d19cf8,3,fermi,independent,3,1,0.1830977811723096,0.060774356788446109,0.033080130831652031,0.033083667691773642,0.022183896607547941,0.33192295613485667,0.18066920647455029,0.18068852325763182,0.12115874078600181,0.00038202139439860071,0.055267209333460209,0.049722067538543545
v3.1,c530bf2cab2728a7,941,f26d85cb181c,4,fermi,common,3,0.2,0.24533161152974575,0.0040634711989937745,0.00045298323728567614,0.00013433880651874902,6.1678192705638083e-06,0.016563178196467725,0.0018464120235510426,0.00054758050004681449,2.5140744122230566e-05,0.0003509636450532314,0.00014050015310018916,0.017255286692931027
v3.1,c530bf2cab2728a7,942,7300edcf09dd,2,arctan,independent,3,1,0.27367949543849962,0.13503285679262791,0.21066515228343216,0.21456034644332786,0.56167877953058543,0.49339778479302288,0.769751317854107,0.78398400325735462,2.0523232061307426,0.0038951941598956777,0.7762391259739132,0.4347804948159002
v3.1,c530bf2cab2728a7,943,453caf07ef25,3,fermi,independent,3,0.2,0.11348571185238815,0.0006674019144003074,7.3951519414678475e-05,6.2215785809591154e-06,7.8528421889787351e-08,0.005880933410087808,0.00065163726964032141,5.4822571752923196e-05,6.919674786190701e-07,7.0249355132842673e-05,6.2983190641701749e-06,0.1043695345965604
v3.1,c530bf2cab2728a7,944,aba9a7e32316,4,fermi,common,10,0.7,0.21289843747313122,0.0070052171124320934,0.00036776485941564897,0.00037994304590143558,2.5898928930628425e-05,0.032904032531080388,0.0017274192510786399,0.0017846211104737965,0.0001216492203419623,1.6669505131303423e-05,0.00040582652241013422,0.085338924454113688
v3.1,c530bf2cab2728a7,945,92874bde445b,2,arctan,independent,5,1,0.19759503851312057,0.067880096193987577,0.073082565942321681,0.073123642941824246,0.13067370406720827,0.34353137965799807,0.36986032894479232,0.37006821371665533,0.66132077531152866,4.1076999502560772e-05,0.20379734700903254,0.49887258082450503
v3.1,c530bf2cab2728a7,946,e4d834695574,3,arctan,common,10,0.2,0.36402417375845963,0.010240740988094965,0.00083137690433539996,0.00079662685825322656,9.7910863727519062e-05,0.028132035524898923,0.0022838508106525972,0.0021883899907752034,0.0002689680268115537,3.7143435926381323e-05,0.00089418651179754938,0.17573292695080475
v3.1,c530bf2cab2728a7,947,997287ba8385,4,arctan,common,3,0.3,0.16630401938027337,0.014136433944836322,0.0039337499299680534,0.0038259572415578666,0.0015125071259996668,0.085003561534563593,0.023653967863356804,0.023005801398037009,0.0090948320529833041,0.00015847546966236327,0.0053364852264325613,0.020268908532661226
v3.1,c530bf2cab2728a7,948,47e13ad41787,2,fermi,independent,1,1,0.25988684352503333,0.078860740407964702,0.035253271386436288,0.049377847138696404,0.034582291887747786,0.30344260347434066,0.13564854191259032,0.18999748686370163,0.13306672788311688,0.014124575752260114,0.083960139026444197,0.30757912712743513
v3.1,c530bf2cab2728a7,949,d30f4cf0e658,3,fermi,common,1,1,0.09309695445801057,0.03224079492410848,0.031704808121925276,0.031526213759572569,0.028392420797927503,0.34631417441963708,0.34055687757460495,0.33863850802758327,0.30497690244779502,0.0096127041492345862,0.059915051493241445,0.1931427939197054
v3.1,c530bf2cab2728a7,950,5fdea217cfed,4,fermi,independent,5,0.1,0.26849115145635388,0.00037952235122998686,6.0310097417735639e-06,1.0971289101163695e-06,4.6578815094795176e-09,0.0014135376498308262,2.2462601501241538e-05,4.086275857380423e-06,1.7348361330398281e-08,6.8613459486042581e-06,1.1017318569663857e-06,0.051841082420071946
v3.1,c530bf2cab2728a7,951,e9d15bba03f8,2,fermi,independent,10,0.7,0.35480705064291368,0.052706815588423668,0.010502132129535895,0.010392140594141045,0.0021991483718616072,0.14855064320993178,0.029599558719326277,0.029289554915299425,0.0061981529619457385,0.00010999153539485045,0.012591288966002652,0.1886931033410581
v3.1,c530bf2cab2728a7,952,375cc91349cc,3,arctan,common,10,0.7,0.24953116949920698,0.056036450570295611,0.04250424491318068,0.042187784281275301,0.062109574650375428,0.22456693760044955,0.17033641528023921,0.16906819443015264,0.24890507576678839,0.00033526127004129754,0.10400285954061818,0.092501479492787739
v3.1,c530bf2cab2728a7,953,7000a323f234,4,fermi,common,5,1,0.25209163437988957,0.045532561404641861,0.013890269995908542,0.013411847012370267,0.0047245745168951374,0.18061908923176145,0.055100083071287463,0.053202269267528648,0.018741496632829306,0.0018100152204527443,0.018104677387470805,0.12259950150600264
v3.1,c530bf2cab2728a7,954,8bc9bf0ec90a,2,fermi,common,3,0.7,0.16175728380800553,0.0080163930771831315,0.00050044641044598188,0.00053527952425239252,4.0674480346991835e-05,0.049558158300296536,0.0030938106690761229,0.0033091525256305088,0.00025145377932575557,3.4833113806410595e-05,0.00057595400459938429,0.12841491783442471
v3.1,c530bf2cab2728a7,955,d0bdb3ca3944,3,arctan,common,2,0.05,0.16622925538149985,0.0001531874215718669,3.0336386922247025e-05,5.91079922769265e-07,5.1606448024480228e-09,0.00092154308951392669,0.00018249727975153555,3.5558116494760407e-06,3.1045346323691506e-08,3.0743579702688766e-05,5.960554640358168e-07,0.15468267196710045
v3.1,c530bf2cab2728a7,956,d45a26560346,4,arctan,common,5,0.1,0.20482255690214113,0.0008193838707944085,2.5216911060115178e-05,1.1866738504877329e-05,2.6747476152892534e-07,0.0040004571917627643,0.00012311588841341903,5.7936677895037443e-05,1.3058852773560375e-06,1.346042035702897e-05,1.2133499371284433e-05,0.054279338822288185
v3.1,c530bf2cab2728a7,957,0c97d42cf111,2,fermi,common,3,0.3,0.42085617490887334,0.010594885035920149,0.00070960091207160987,0.00043519955410956573,2.0770193128773786e-05,0.025174598039851087,0.001686088869256243,0.001034081427470556,4.9352235673555437e-05,0.00027440135796204408,0.00045596974723833948,0.40978001082933802
v3.1,c530bf2cab2728a7,958,d1297cc99ab8,3,arctan,independent,5,1,0.21562736461425369,0.13160893258115197,0.23866379493756423,0.23163074639026773,0.61743543510937648,0.61035357370616483,1.1068344473092344,1.0742177682533165,2.8634372831757084,0.0070385135802431909,0.84900927722348996,0.074311229713424784
v3.1,c530bf2cab2728a7,959,0b00540cc0f4,4,arctan,independent,2,0.1,0.19001622811872695,0.0016830438115499752,0.00034750699359390374,4.6634291406550936e-05,2.2712913483193709e-06,0.0088573688058809739,0.0018288279745073803,0.00024542267714846254,1.195314405936008e-05,0.00037149006015863673,4.8835698277374917e-05,0.093528321790402033
v3.1,c530bf2cab2728a7,960,243cebd521f6,2,fermi,independent,3,0.05,0.22925294596489684,0.00024618428704448626,2.7258718353850421e-06,3.3863080653806277e-07,4.8693285271622205e-10,0.0010738544100636419,1.1890236890575998e-05,1.4771055835850146e-06,2.1239982355157221e-09,2.3872410288469795e-06,3.3911773939077901e-07,0.081614249685722631
v3.1,c530bf2cab2728a7,961,ff36f109f145,3,fermi,common,2,0.1,0.24438252932492785,0.00074486643785539989,7.5616566764362725e-05,4.1504329446865034e-06,3.0681161094034544e-08,0.0030479528954585585,0.00030941887283531596,1.698334556136843e-05,1.2554564018461922e-07,7.7696495012835121e-05,4.1807519998998648e-06,0.16975727893206413
v3.1,c530bf2cab2728a7,962,dd41b4d39000,4,arctan,common,2,0.5,0.17776706938638234,0.030883736070975346,0.021626040953053375,0.015026371472306295,0.01087206013059951,0.17373148006309633,0.12165380814175708,0.084528431076545466,0.061159022130070351,0.0066155585981832318,0.025881344986627808,0.031329468044825504
v3.1,c530bf2cab2728a7,963,a0e623da4ac8,2,arctan,common,3,1,0.19678429960444957,0.070537075773346683,0.076656477185976166,0.084101534837760825,0.17092201075208283,0.35844869694955961,0.38954569719261717,0.42737929299649863,0.8685754457832674,0.0074450576517846581,0.25502354558984369,0.32522119496350038
v3.1,c530bf2cab2728a7,964,e773aaa19f06,3,fermi,independent,5,0.2,0.2508455064929489,0.0017914253135399457,3.3812368253677302e-05,3.0657858850364872e-05,6.2437397616769616e-07,0.0071415483521539641,0.00013479359756690616,0.00012221809064467593,2.4890777789764669e-06,5.6915609420359521e-06,3.1282213757875729e-05,0.059036403108826331
v3.1,c530bf2cab2728a7,965,54db8e13021a,4,arctan,independent,5,1,0.13425899115189679,0.045473894801360763,0.052711142892985133,0.053583952790421177,0.11034234613899457,0.33870278937157283,0.3926079172853999,0.39910885915862293,0.82186187451800818,0.005316458531534278,0.16391479989791222,0.097009107789339327
v3.1,c530bf2cab2728a7,966,4a054ec747f1,2,arctan,common,10,0.2,0.48067665979342966,0.01240694737972696,0.00058422547689794123,0.00058423181261777445,3.2936009884233071e-05,0.025811420477663372,0.0012154230187690236,0.0012154361996042152,6.852009394087762e-05,6.3357198331533415e-09,0.00061716782250200743,0.45752034666070363
v3.1,c530bf2cab2728a7,967,e59dc1237906,3,arctan,common,1,0.5,0.1004685050411068,0.0026757986617957415,0.085315005982166472,0.019336580070765847,0.041492261657137756,0.026633208692623977,0.84917164784386656,0.19246409671224096,0.41298774815213141,0.1046481033672283,0.060780435213318079,0.18361018416183994
v3.1,c530bf2cab2728a7,968,b3f08eb0b8d9,4,fermi,independent,2,0.1,0.26674593684899423,0.00053699984629185368,1.2675339266310102e-05,2.2760984992827623e-06,1.3255728564322646e-08,0.0020131509879224557,4.751839677875076e-05,8.532832875243642e-06,4.9694209857174915e-08,1.4879540064988476e-05,2.2893355526000047e-06,0.047465393770085747
v3.1,c530bf2cab2728a7,969,0bad25352edd,2,fermi,common,3,0.05,0.16485502071284777,0.0001220946551817449,1.7899501033042321e-05,1.400897208683134e-07,1.7361485772990884e-10,0.00074061836062861027,0.00010857722716386366,8.4977527686177216e-07,1.0531366104543419e-09,1.7759411312174008e-05,1.402633357260433e-07,0.42729827356442407
v3.1,c530bf2cab2728a7,970,9aa314a70a0c,3,fermi,common,1,1,0.061384339438192839,0.043738599889160998,0.048370428306641601,0.026542965168526545,0.015029238486489398,0.71253678526916253,0.78799297588508233,0.43240613829936775,0.24483831908987405,0.02224207463572209,0.041564292528910717,0.19602431841649648
v3.1,c530bf2cab2728a7,971,d4146692a32a,4,fermi,common,10,0.3,0.13098227527094805,0.0010053641943496266,2.0016217722740491e-05,1.6183259612881544e-05,3.6751482469274004e-07,0.0076755743650806542,0.00015281623167207343,0.00012355305005509398,2.8058363158870476e-06,3.4429030208142572e-05,1.6550558242309914e-05,0.13667239163415115
v3.1,c530bf2cab2728a7,972,6411d90de222,2,fermi,independent,5,1,0.4040339690275212,0.077115313773514452,0.023462977480335993,0.023546900574195749,0.0087369354062940101,0.19086344140599143,0.058071794153371763,0.058279507118847787,0.021624259532739647,8.3923093859753428e-05,0.032283835980489756,0.43694469676861197
v3.1,c530bf2cab2728a7,973,6413adc5fd50,3,arctan,independent,3,0.7,0.28665541071376932,0.094805041618435532,0.095699661683630421,0.089713788292066665,0.12890564128936979,0.33072824748841073,0.33384913769929947,0.3129673640859601,0.44968849870440591,0.0059864390641621024,0.2186193054351338,0.0060861885843794131
v3.1,c530bf2cab2728a7,974,ec3dd1df8416,4,fermi,common,2,0.2,0.15165305849969837,0.0015342911134894751,0.0011626085388272388,2.3500904854005887e-05,6.0093090286461567e-07,0.010117112893522861,0.0076662386524143271,0.00015496492511591928,3.9625373125317542e-06,0.0011580394581438118,2.3953967819819752e-05,0.094148164976642107
v3.1,c530bf2cab2728a7,975,58a288379369,2,arctan,independent,5,0.3,0.16569272742913393,0.0051667611611942105,9.6140326344364764e-05,0.00048741475687663502,7.522959872175713e-05,0.031182787810672088,0.00058023262599430367,0.0029416786387628279,0.0004540307826964373,0.00039127443053227026,0.00056264435559839215,0.28796548302848474
v3.1,c530bf2cab2728a7,976,cde6a35367eb,3,fermi,independent,5,0.7,0.27120748872406703,0.032152037752800858,0.0055094455034154976,0.0054885386448819294,0.0010827545173348176,0.11855143788272421,0.020314503590352327,0.020237415532673952,0.0039923474179447823,2.098423055341149e-05,0.0065712924364795932,0.0028355288947414592
v3.1,c530bf2cab2728a7,977,cf5d209d9b3c,4,fermi,common,3,0.2,0.19971622045808832,0.0010106634586675197,7.7552313392321797e-05,9.3548558814195027e-06,1.1512281735660835e-07,0.0050604976218224284,0.00038831254273909431,4.6840741628107652e-05,5.7643198480599916e-07,7.3674600264172406e-05,9.4656875321384026e-06,0.08641878748411691
v3.1,c530bf2cab2728a7,978,8d27c1177b1b,2,fermi,common,1,0.1,0.21538990517144013,0.00079250258066901802,3.096195383610338e-05,3.5637027141199024e-06,1.6229540293399421e-08,0.0036793859026876103,0.0001437483981037047,1.6545356251878954e-05,7.5349586511408123e-08,2.7398251121983479e-05,3.5799322544133018e-06,0.084295712808375375
v3.1,c530bf2cab2728a7,979,6a26fd955e38,3,fermi,independent,5,0.7,0.17587983651628772,0.0087483907196835992,0.00064749563765647243,0.00065873380882179025,6.1386337785014625e-05,0.04974072578736697,0.0036814659967944066,0.0037453628674528976,0.00034902430546283691,0.00025753036311350976,0.0007198747235856247,0.042596039487793627
v3.1,c530bf2cab2728a7,980,409ac6645fa5,4,fermi,common,1,0.05,0.29979715943444118,0.00040184500145350616,5.0837423820572985e-05,1.1276610765208345e-06,4.1097269616530854e-09,0.0013403896228088863,0.000169572733499131,3.7614134791941827e-06,1.3708358576198549e-08,5.1683266450829784e-05,1.1317481327721688e-06,0.14056258247414991
v3.1,c530bf2cab2728a7,981,29136fe9d9ed,2,fermi,independent,2,0.05,0.49882277374773687,0.00036797706345406738,2.0771236466909773e-06,4.4688375449641679e-07,6.5138669197744867e-10,0.00073769098529603144,4.1640513545225863e-06,8.9587680838808986e-07,1.3058479409099031e-09,1.6302398921945604e-06,4.4753514118839421e-07,0.45694123998494773
v3.1,c530bf2cab2728a7,982,95aa9e1296cb,3,fermi,independent,3,0.05,0.31939430793467138,0.00015638899004101982,3.6815566063913245e-06,1.4791575953245315e-07,1.9684672171937399e-10,0.0004896423829600854,1.1526681956850485e-05,4.6311332374372717e-07,6.1631255419754332e-10,3.8274080535252039e-06,1.4811103114181632e-07,0.22588726660034067
v3.1,c530bf2cab2728a7,983,ed35b07e476a,4,arctan,independent,3,0.7,0.070327873474642352,0.013220725226110104,0.014472823546821324,0.0083749455333347513,0.0093560484419567963,0.18798698969444899,0.20579071756008224,0.11908429929072786,0.13303471269226197,0.0070430275237417768,0.017722395986576892,0.13527890044220772
v3.1,c530bf2cab2728a7,984,de7d92348aca,2,arctan,independent,10,1,0.019727505540395773,0.0019077226888754852,0.0016848038830435425,0.00045369250745113987,9.2593648889213493e-05,0.096703695506209067,0.085403797230906367,0.022997966292399172,0.0046936318785773803,0.0012311113755924027,0.00054628615634035331,0.33319741927593705
v3.1,c530bf2cab2728a7,985,ef8d53cb2a5d,3,fermi,independent,1,0.3,0.28576396073451948,0.012008691245163482,0.0011113350118052184,0.00099084948203024886,0.00010583762210814513,0.042023113111592819,0.0038889963904079256,0.0034673703411843737,0.00037036728437030039,0.0020215922126967027,0.0010966836032055894,0.1610214517036557
v3.1,c530bf2cab2728a7,986,569842b76fe2,4,fermi,common,5,0.5,0.25452076459703388,0.012826361981413239,0.0014657422721176499,0.0011834199850962489,0.00014015029893741811,0.050394167256728073,0.0057588317968408752,0.0046496009351923821,0.00055064387048855891,0.00036562806061650027,0.0013233712217536999,0.1770350573066633
v3.1,c530bf2cab2728a7,987,0a7ed22ed7a2,2,arctan,common,3,0.7,0.0086226277133381567,0.0010961933350686151,0.00032064927485990166,0.00026393247605966161,7.7004182858812222e-05,0.12712984620372017,0.037186955707701051,0.030609285804069932,0.008930477508578517,5.6716798800240042e-05,0.00034093665891847384,0.0077163079641770597
v3.1,c530bf2cab2728a7,988,61edd26f8a9c,3,arctan,independent,5,0.1,0.098803165236026808,0.0005227546131712301,1.7809344594902246e-05,9.133056362996124e-06,2.5915040382998204e-07,0.0052908690923255666,0.00018025074958234624,9.2436880348706864e-05,2.6228957666579642e-06,2.6566158293947445e-05,9.3921203784301439e-06,0.32603336738138283
v3.1,c530bf2cab2728a7,989,995c5cdec331,4,arctan,independent,2,1,0.17679204850805758,0.10672478700751589,0.22331555616388046,0.22278988064101549,0.8042579945225502,0.60367413528019465,1.2631538468411518,1.2601804352691885,4.5491751541410244,0.0057440586208132643,1.027010133495625,0.12474391718060995
v3.1,c530bf2cab2728a7,990,87811ed1c80b,2,arctan,independent,2,0.2,0.41826084464367824,0.020912181334625534,0.0036269672725218454,0.0024033996173808019,0.00036119454636708966,0.049997941720891635,0.0086715438917350854,0.0057461740637670469,0.00086356289619889213,0.0012235676551410435,0.002764594163747892,0.31630449703496899
v3.1,c530bf2cab2728a7,991,4e420ad9a93c,3,arctan,common,2,0.05,0.29542645576528259,0.0016394394218722018,5.7403178408081574e-05,2.20034057444366e-05,4.1569551421335476e-07,0.0055493994863301697,0.00019430615399484944,7.4480146632224393e-05,1.4071032099563431e-06,3.5411593606448572e-05,2.2415422759496923e-05,0.1347046814818528
v3.1,c530bf2cab2728a7,992,923daca5d947,4,arctan,common,5,1,0.15668663020555612,0.067254566306833852,0.086200553874414859,0.090071989324665536,0.20722674927919821,0.42922977039331972,0.55014619793232478,0.57485433955979981,1.3225554025084263,0.0090092824915752462,0.29681954310899145,0.12143869375809938
v3.1,c530bf2cab2728a7,993,4484b9c72fb4,2,arctan,common,3,1,0.24312856949462541,0.18041030279712084,0.37675399697076339,0.36982369195488862,1.0830193677079782,0.74203662355323885,1.5496080849482063,1.5211033928411442,4.4545129762379467,0.0069303050158747966,1.452843059662867,0.20962937429080994
v3.1,c530bf2cab2728a7,994,0770638585a5,3,arctan,common,3,0.2,0.41861255924469581,0.016892494092248932,0.0018463145136778396,0.0016757184422808605,0.00029870141821879083,0.040353529102729553,0.0044105569049556273,0.0040030295443222374,0.00071355101900845712,0.00033423313780232312,0.0019651848379029558,0.15612316294767523
v3.1,c530bf2cab2728a7,995,c672fdf1e6bd,4,fermi,independent,3,0.7,0.23874104274702257,0.024382846808300961,0.0051430060305519033,0.0046125378579960699,0.0011359033947108221,0.1021309387265171,0.021542194720166288,0.019320255138885602,0.0047578890568659394,0.00075218011325172036,0.0057470376367372532,0.0073937565558330016
v3.1,c530bf2cab2728a7,996,1394d31d44a1,2,arctan,independent,5,0.5,0.020066930448311066,0.0020392307098772463,0.00075209269533238216,0.00045001925708189762,0.00014845648174651078,0.10162145701007691,0.037479209751069928,0.022425914030103869,0.0073980662926454522,0.0012021119524142799,0.0005984757388284084,0.23646254219499213
v3.1,c530bf2cab2728a7,997,f00b0cb0e838,3,arctan,independent,5,0.1,0.059529606993715074,0.00017171956589021387,3.5809082106908006e-05,1.4501550725333569e-06,1.9057451388677447e-08,0.0028846077533880481,0.00060153399149247874,2.436023259294252e-05,3.2013400308000465e-07,3.448952060311019e-05,1.4692123639784231e-06,0.12120297461435738
v3.1,c530bf2cab2728a7,998,60dd8736f3b5,4,fermi,common,1,0.3,0.36060220668455917,0.011678737452647544,0.00025318083809090672,0.00076465271185640878,6.7774001969194846e-05,0.03238676091315118,0.00070210562608225935,0.0021204881658566702,0.00018794671999464749,0.00078469227979951952,0.00083188750446938739,0.12108021481040623
v3.1,c530bf2cab2728a7,999,cf0981d60a9d,2,fermi,independent,1,0.3,0.16701668205110817,0.0070241514995192812,0.00074772290370978369,0.00035811006814480677,1.8525154723302736e-05,0.042056586283817123,0.0044769354445741878,0.0021441574802403439,0.0001109179903216729,0.00038961283556497692,0.00037663522286810949,0.058492711556014779
v3.1,c530bf2cab2728a7,1000,64f24318db32,3,arctan,independent,3,1,0.091693969259970198,0.030263771099960129,0.07350799943338733,0.072816828776811282,0.27223560150760956,0.33005192537969935,0.80166667477310183,0.79412887635348672,2.9689586316824044,0.00072052419129410854,0.34502830835575704,0.030320284372592859
v3.1,c530bf2cab2728a7,1001,2a6f6856fc20,4,fermi,independent,10,0.5,0.12670737718818548,0.0029023710185911069,0.00013611220716102236,0.00014906596714589252,1.0713271697383891e-05,0.022906093417753511,0.0010742248019140106,0.0011764584703264761,8.4551286082360991e-05,2.3295268763950141e-05,0.0001597342870133875,0.058612683705824745
v3.1,c530bf2cab2728a7,1002,074090bd7249,2,arctan,common,3,0.2,0.26227505020407454,0.0048302333627564496,0.00016238661949265491,0.00018491155011252333,9.6216095470847392e-06,0.018416671196890728,0.0006191462716956986,0.00070502912865194319,3.6685188086317116e-05,2.2524930619868428e-05,0.00019453315965960809,0.21247799090935887
v3.1,c530bf2cab2728a7,1003,561dd3d43edf,3,fermi,common,2,0.3,0.18226419736248572,0.0080092659323953118,0.00032386721047855953,0.00075945526858354399,8.8728543673767405e-05,0.04394316628441592,0.001776910743663248,0.0041667825034948846,0.00048681279679576737,0.00096084778066815721,0.00084813753409985581,0.18741053624757487
v3.1,c530bf2cab2728a7,1004,fc7debfe3772,4,fermi,independent,3,0.1,0.17388292581236611,0.00025176111292709934,1.1680817340624172e-05,7.0988166309853455e-07,2.774471113660206e-09,0.0014478771377401951,6.7176333076133821e-05,4.0825265607996204e-06,1.5955972104208133e-08,1.1001623949792744e-05,7.126271799774111e-07,0.096100275517687947
v3.1,c530bf2cab2728a7,1005,15fc734f74b9,2,fermi,independent,1,0.3,0.28836359167069103,0.0088664741751239284,0.00067770926020804454,0.00052313286441675795,3.4036548574708205e-05,0.030747550770034007,0.0023501901064610932,0.0018141432536121676,0.00011803344651629142,0.0012008421246248024,0.00055716941299146616,0.25829786716149766
v3.1,c530bf2cab2728a7,1006,6265cdf9c502,3,arctan,independent,5,0.05,0.10916540047355559,8.1069794724015795e-05,1.2699315353457016e-05,2.0988055616780043e-07,8.6561331695096726e-10,0.00074263268739305612,0.00011633095558086942,1.9225922797639738e-06,7.9293742632369565e-09,1.2744800889625098e-05,2.1074518850471048e-07,0.091253098822112133
v3.1,c530bf2cab2728a7,1007,fa0f86d749ac,4,fermi,independent,10,0.05,0.25475780549753857,0.00013722196320426568,7.7282515228641435e-07,1.4218104710580784e-07,1.8973132687367109e-10,0.00053863693375860667,3.0335681011896662e-06,5.581028099536741e-07,7.4475177120924072e-10,6.8060819320826789e-07,1.4237075341162509e-07,0.089452662670375341
v3.1,c530bf2cab2728a7,1008,e1b7eda6c893,2,fermi,independent,3,0.5,0.43994278586634161,0.032003263843631377,0.0043068338961002517,0.0035265767247871409,0.00043714100865645532,0.07274414962984356,0.009789531808367247,0.0080159894379051039,0.0009936314964129507,0.00078025717131311129,0.0039637177334435961,0.306540160139253
v3.1,c530bf2cab2728a7,1009,0b60721af14f,3,fermi,independent,3,1,0.22936814288329485,0.051375100130525445,0.0243110442282292,0.021668057925382858,0.011994259375863306,0.22398533416502259,0.10599137230927025,0.094468471745912053,0.052292612326578079,0.0026499918228878551,0.033639573646796275,0.22187487595268582
v3.1,c530bf2cab2728a7,1010,73865ef2104d,4,fermi,common,1,0.05,0.18726434893527075,0.00017799269996543715,6.2929043832131128e-05,2.5680998117747513e-07,4.127722167538722e-10,0.00095048897976283562,0.00033604390899777192,1.3713767870799761e-06,2.2042221015413343e-09,6.2971894825069515e-05,2.572173018161888e-07,0.16305991397812575
v3.1,c530bf2cab2728a7,1011,3bde099c7eb1,2,arctan,common,1,0.2,0.3956599790949008,0.019211339926535408,0.0014743424098157215,0.0020834700287126308,0.00027325936493906777,0.04855517601371425,0.003726286427018422,0.0052658093787466467,0.00069064191320074178,0.00060912761889690909,0.0023567293936516986,0.45282830881776431
v3.1,c530bf2cab2728a7,1012,b55ce4e01f25,3,fermi,common,2,0.7,0.14922682701732706,0.016511756383217679,0.00059596766903009921,0.0036981644893304458,0.0011718520683019289,0.11064871319216928,0.0039937032833975627,0.024782169287168743,0.0078528243997700396,0.0042627423979557117,0.0048685801464291942,0.13856955041741922
v3.1,c530bf2cab2728a7,1013,3ba1b1c69fee,4,fermi,independent,10,0.7,0.1739108967010049,0.0062748921987823203,0.00047830131163243013,0.00046984924720316191,4.8023070821473541e-05,0.036081075526684131,0.002750266491091391,0.00270166652070656,0.00027613606583857061,3.1889991097936067e-05,0.00051776245110307607,0.018189400284153039
v3.1,c530bf2cab2728a7,1014,82fdfb5874cd,2,fermi,independent,3,0.7,0.026811550709491455,0.00055833180864152193,3.440058415736729e-05,3.1695360435618195e-05,2.9698076933885499e-06,0.020824301238341614,0.0012830508958659101,0.0011821531987852474,0.00011076598013919499,6.6095944592985478e-05,3.4665168129006744e-05,0.03626723722087806
v3.1,c530bf2cab2728a7,1015,6479d808ab1a,3,arctan,common,10,0.3,0.41847847826807349,0.042340647471787375,0.0093882765918704408,0.0093321608904467952,0.0026585536164724483,0.10117759853988081,0.022434311629895568,0.022300217036415187,0.0063529040429395828,5.6349467189113193e-05,0.011990665143471167,0.1071676514342504
v3.1,c530bf2cab2728a7,1016,5c5b780c2f25,4,fermi,common,1,0.7,0.15499219316891222,0.019506928650020103,0.0091514852943019847,0.0069716609782584501,0.0027923349511189484,0.12585749160127849,0.059044814498034712,0.044980723452700981,0.018015971604942907,0.014430278538078468,0.0097553833128292723,0.010310493805488258
v3.1,c530bf2cab2728a7,1017,2c872d16647f,2,arctan,independent,10,1,0.30965064491355393,0.13524338110109488,0.15375945540010641,0.15373568860688039,0.25919937724655839,0.43676118013205223,0.49655784002333303,0.49648108645082661,0.83707036140331581,2.3766793226018919e-05,0.4129350658534387,0.4961126552576316
v3.1,c530bf2cab2728a7,1018,928f2372deb0,3,arctan,independent,5,0.05,0.34943355789465436,0.00079524835220483293,7.8742027046217099e-06,4.3411212200004143e-06,3.3221884167679808e-08,0.0022758213521226283,2.2534191484252318e-05,1.2423309444449969e-05,9.507353663409566e-08,5.043279145145586e-06,4.3743291432521686e-06,0.22294476525048262
v3.1,c530bf2cab2728a7,1019,8eda4b2b9573,4,fermi,common,1,0.1,0.11266023034301573,0.00060789060566650884,0.00017290138624737885,4.7438054650132366e-06,3.6145612478385356e-08,0.0053957869943605571,0.0015347153624748267,4.2107187696756956e-05,3.2083737418548757e-07,0.00017639450066402382,4.7798796052132543e-06,0.13139262106636618
v3.1,c530bf2cab2728a7,1020,a140de291337,2,fermi,common,2,0.05,0.49193669233844217,0.00035562341827041202,7.8803973259485121e-06,3.7597859934622944e-07,4.3437502822188086e-10,0.00072290484488957477,1.6019128982814243e-05,7.6428248838076919e-07,8.8298969153339736e-10,7.5044187266022837e-06,3.764129743744513e-07,0.34578605121980333
v3.1,c530bf2cab2728a7,1021,19763284c52a,3,arctan,independent,2,0.3,0.25130471078256644,0.020688396454327466,0.0043090912585667853,0.0060899657535843695,0.0031333543935640729,0.082323950036207058,0.017146878166940101,0.024233392739117902,0.012468347225990165,0.0021904593875194537,0.0092180194189159324,0.22625792860419708
v3.1,c530bf2cab2728a7,1022,72c46e5789db,4,arctan,common,2,0.2,0.10941752411908097,0.0037620516656918625,0.0021807652036361586,0.00041921873427447072,8.1038894611117911e-05,0.034382533291445687,0.019930675832719395,0.0038313673942962537,0.00074063908193464415,0.0018213007071760279,0.00050021787298746288,0.20134288006029116
v3.1,c530bf2cab2728a7,1023,e22881c4d5aa,2,arctan,common,5,0.3,0.11995184687780321,0.0074190694036997224,0.0006985448713246401,0.0012584452795181128,0.00032275969742459045,0.06185039744538192,0.0058235441096314133,0.010491253884570118,0.0026907438761938425,0.00055990040819347273,0.0015812049769427033,0.44510570619052758
v3.1,c530bf2cab2728a7,1024,eae9c085351c,3,fermi,independent,2,0.7,0.28658285239528181,0.03999097898884358,0.011465252231828992,0.010328057407681676,0.0039406936886788426,0.13954421436801212,0.040006762916906996,0.036038644047817127,0.013750626235108688,0.0011394915031587587,0.014215735429175206,0.07237099131365092
v3.1,c530bf2cab2728a7,1025,75501b4dcc4c,4,arctan,independent,2,0.2,0.14530514922410476,0.0062883334535093101,0.00083911424073307786,0.00082048994968308856,0.00017339779502718161,0.04327674199495013,0.0057748417397026196,0.0056466680916974479,0.0011933355146261848,0.0009553137476355964,0.00099300880731709499,0.093711162930109448
v3.1,c530bf2cab2728a7,1026,78e7f52cf27c,2,fermi,common,3,0.7,0.23563066765834792,0.046851148505733242,0.013713352826927401,0.01266366111855436,0.003594392340727883,0.19883298286819331,0.058198506006064722,0.053743688138744333,0.015254348580548789,0.0010496917083730407,0.016258053459282242,0.10548537049628581
v3.1,c530bf2cab2728a7,1027,fe81f012f50e,3,arctan,independent,5,1,0.081748988908819487,0.0037542968779991832,0.0025931171144263883,0.0020191750431773118,0.0028966411817751016,0.045924688832379566,0.031720479348297234,0.024699694395357508,0.035433357897624071,0.0011278014681309003,0.004914310702522076,0.011816707412393584
v3.1,c530bf2cab2728a7,1028,706630865503,4,fermi,independent,10,0.7,0.26077034761351608,0.016624869146890934,0.0022641627892678387,0.0023087009979378837,0.00044926441887278699,0.063752912472741757,0.0086825929787980385,0.0088533877377790504,0.0017228355255277537,4.6446764357980164e-05,0.002756574975848745,0.096524748510196698
v3.1,c530bf2cab2728a7,1029,50d69f1b67f6,2,fermi,independent,2,0.5,0.38223881104405433,0.024543843698599809,0.0026594413608182982,0.0026789789082341531,0.00036534037689024327,0.06421075775000526,0.0069575388055290611,0.0070086522635332072,0.00095579089913016852,1.9537547415854548e-05,0.0030443192851243961,0.28589915063271398
v3.1,c530bf2cab2728a7,1030,336cdcc5fa48,3,arctan,independent,10,0.3,0.28888717047943557,0.013031613486380751,0.0015764186258949708,0.0015458143786595603,0.00028785566356779961,0.045109699626859706,0.005456866164318599,0.0053509277552690731,0.00099642937791275367,3.3619021739207078e-05,0.0018320385530511986,0.13517673036856998
v3.1,c530bf2cab2728a7,1031,640e3c8c69fa,4,arctan,independent,3,0.7,0.23028602205045715,0.060626269410541868,0.049192648181161445,0.049211200172366514,0.069539658548055786,0.26326508604703008,0.21361543242248121,0.21369599307066942,0.30197081841475903,0.0010713398165575049,0.1183515320760444,0.07073202067092596
v3.1,c530bf2cab2728a7,1032,26af1e677b0e,2,arctan,common,10,0.3,0.37496232233830828,0.033757048337389822,0.0070439001189945144,0.0067397034692485928,0.0018220865707495233,0.090027841002469203,0.018785621112723916,0.017974348535124876,0.0048593857627795278,0.00030419664974592179,0.0085617900399981156,0.22876195311788355
v3.1,c530bf2cab2728a7,1033,1718b74f4a35,3,fermi,independent,5,0.05,0.2427762534845693,7.9097289838489897e-05,3.2555946043390373e-06,5.0723797691859638e-08,4.4903906328537289e-11,0.00032580323941574157,1.3409856020148037e-05,2.0893228626696643e-07,1.8496004318392429e-10,3.306318339931041e-06,5.076869575591506e-08,0.19915577752782818
v3.1,c530bf2cab2728a7,1034,485ae6272f3f,4,arctan,common,10,0.7,0.077297075534537477,0.0052272885919212196,0.0010243820299345755,0.0010871951976919609,0.0003962285943238629,0.067625955519954817,0.013252532813830278,0.014065153049757827,0.0051260489686549924,0.00015501627487739077,0.0014820261215519126,0.037081027835837138
v3.1,c530bf2cab2728a7,1035,d294f04cb784,2,arctan,common,1,0.2,0.48256427798219864,0.015008191525683834,0.0010276902647756801,0.00099611954652301148,8.4679635512145018e-05,0.031100916935748551,0.0021296443016314412,0.0020642214767495853,0.00017547845826099208,3.1570718252668778e-05,0.0010807991820351564,0.46798960351252217
v3.1,c530bf2cab2728a7,1036,0ed96e86d7e4,3,fermi,common,3,1,0.37376858642069988,0.072802402472915972,0.022362455075308131,0.021964980537335924,0.0078470408113512705,0.194779350426663,0.059829680416582126,0.058766256275515266,0.02099438287871238,0.0017450017050152707,0.029792342139243175,0.12181618649415152
v3.1,c530bf2cab2728a7,1037,0a1ef0b131d8,4,fermi,common,3,0.3,0.21847066719481026,0.0030049595283747517,0.00015364990020770548,7.7519189339743009e-05,2.6688623934393672e-06,0.013754521679998485,0.0007032976196785992,0.00035482653271076963,1.2216113163876334e-05,0.00013613057711469516,8.0168308941152956e-05,0.16772255346500592
v3.1,c530bf2cab2728a7,1038,cb3cc0ce3d4a,2,fermi,common,5,0.5,0.059990130458553517,0.00083937227109729773,0.00081579576980515931,4.066199914712688e-06,1.5185784764428542e-06,0.01399183940226985,0.013598833067529051,6.7781148059379177e-05,2.5313805201540985e-05,0.00081172956989044665,2.5476214382698338e-06,0.22305487650264319
v3.1,c530bf2cab2728a7,1039,6602375b6929,3,arctan,independent,1,0.5,0.20988026018687375,0.071346257653358849,0.065205340711139176,0.077809042428936381,0.14117617335076815,0.33993791312166938,0.31067876823233148,0.3707306364098108,0.67265103075947841,0.012667484448736846,0.21870356380704103,0.26436549614955984
v3.1,c530bf2cab2728a7,1040,3240efc1bf76,4,arctan,common,5,0.2,0.27289292510180951,0.0094730381863272727,0.00091210135180633451,0.00087952173524747648,0.00013138352949855519,0.034713388713881535,0.0033423415116608552,0.0032229554317663197,0.00048144718097597908,0.00027686991045891302,0.0010088962523057906,0.1169331139075107
v3.1,c530bf2cab2728a7,1041,e6ad1fa62fe8,2,fermi,independent,1,0.05,0.15796454857422251,0.00013855816588807736,6.83053933335771e-06,1.523777554375106e-07,1.8036374315431518e-10,0.00087714722789824758,4.3240963842898315e-05,9.6463261417110403e-07,1.1417988705837247e-09,6.6781615779201994e-06,1.5255811918066492e-07,0.062541569576917769
v3.1,c530bf2cab2728a7,1042,c563116a6aa0,3,arctan,independent,5,0.05,0.11942707864969514,0.00011992332706218075,3.4628046951680008e-06,3.4068281759884918e-07,1.5233340041613903e-09,0.0010041552419944996,2.899513857594339e-05,2.8526429805600777e-06,1.2755348463556167e-08,3.5453819108404187e-06,3.4219925867443954e-07,0.12023647798086468
v3.1,c530bf2cab2728a7,1043,ef2c3e87d75a,4,arctan,common,3,1,0.19329562763214031,0.067440496999759125,0.06272093756631518,0.06505564082377352,0.097374794876714271,0.3488982023333953,0.32448192612860854,0.3365603331058295,0.50376098036747952,0.0050583621287478616,0.16241713701623631,0.18654183703288552
v3.1,c530bf2cab2728a7,1044,78b596269ead,2,arctan,common,2,1,0.017375070798466355,0.0047435040510218369,0.0026766434512621486,0.0026913389564682819,0.0019848254682358585,0.27300631496940614,0.15405079393969479,0.15489657496565931,0.11423409384962351,1.4695505206133281e-05,0.0046761644247041408,0.015964832250468457
v3.1,c530bf2cab2728a7,1045,fbbd6216f951,3,fermi,common,10,0.2,0.22140547850726328,0.0028022921425951376,6.0475351335976736e-05,4.5822784648035086e-05,8.0866585395223369e-07,0.012656832890895279,0.0002731429761526557,0.00020696319240597226,3.6524202535742816e-06,1.4662282521288021e-05,4.663128184645068e-05,0.10867777014833095
v3.1,c530bf2cab2728a7,1046,80ae22f65258,4,arctan,common,1,1,0.23798307268754421,0.12412993307558341,0.31418435843688053,0.28654156852792445,1.5552742296843471,0.52159143788582674,1.3201962429041476,1.2040418055452804,6.5352304771958201,0.030191490113951128,1.8416737072809013,0.051718465188823323
v3.1,c530bf2cab2728a7,1047,21b3ad8b2bad,2,fermi,independent,3,0.7,0.40599685324746421,0.057319094284148706,0.0130838096184772,0.012004211822805182,0.0028112630092502278,0.1411811294242013,0.032226381839719147,0.029567253358706073,0.0069243467942267517,0.0010795977956720175,0.014815474832055409,0.26697927427592077
v3.1,c530bf2cab2728a7,1048,3f8739e228dd,3,fermi,common,3,0.7,0.11414297737128476,0.0037346107529873853,0.00086971211604395485,0.00055343727406650988,0.00010037796791738823,0.032718708053667007,0.0076194973713972049,0.0048486318371237748,0.00087940555108246697,0.00035344337569522558,0.00065380179566797505,0.034723695739713331
v3.1,c530bf2cab2728a7,1049,8608fb6d2ee4,4,fermi,common,5,1,0.17195191115367919,0.016669129574522538,0.0035844855660919842,0.0035768790771357434,0.0012683260934556889,0.096940647316357986,0.02084586057835908,0.020801624437538042,0.0073760511584087208,0.0002665404864040729,0.004822467691842411,0.019071694163530592
v3.1,c530bf2cab2728a7,1050,aed9f96bc398,2,arctan,independent,10,1,0.27164994635070289,0.16203770417828497,0.25345248315467678,0.25216586258953516,0.56531345875621364,0.59649451934399655,0.93301134993587298,0.92827503180871762,2.0810365190589368,0.0012866205651415942,0.81747932134574885,0.2647859993418708
v3.1,c530bf2cab2728a7,1051,5a1eb28f436c,3,fermi,independent,3,0.5,0.26725073336059013,0.013172256751616224,0.00066300481137202992,0.0013603347158771299,0.00020399300466893467,0.049288009750167665,0.0024808343948582003,0.0050901065780863085,0.00076330194534469443,0.0010589232478613257,0.001563788357921625,0.27251751394271229
v3.1,c530bf2cab2728a7,1052,952e673d0fa0,4,arctan,common,1,0.2,0.1384838565706136,0.013660327908149222,0.006104932641806564,0.0026728542548988435,0.00070359252682764527,0.098642024033925954,0.044084074440067525,0.019300836365254904,0.0050806826459868261,0.0036389828032586573,0.0033693598450769933,0.16106777651674606
v3.1,c530bf2cab2728a7,1053,443bfef398ef,2,fermi,common,5,0.1,0.25411961993280768,0.00037345658856371527,1.0258789514984203e-05,1.0298747521620861e-06,3.7322625050352519e-09,0.0014696094251300303,4.0369923100375922e-05,4.052716403536246e-06,1.4687030092450585e-08,1.1288664267146289e-05,1.0336070146671214e-06,0.40924068124802715
v3.1,c530bf2cab2728a7,1054,20ba0c615e74,3,arctan,common,5,0.3,0.40064324425940739,0.031922921168083769,0.0058484710687461364,0.0057856966274053689,0.0013868931405084807,0.079679169998469773,0.014597702950307042,0.01444101881238577,0.0034616661091394791,6.2890480296664029e-05,0.0071723462522068088,0.30461603174632607
v3.1,c530bf2cab2728a7,1055,b91a63ea5af7,4,arctan,independent,5,0.3,0.22710118756434561,0.012659786195444105,0.0019429067450990889,0.0021364808819006429,0.00059643083303499744,0.055745134277896062,0.0085552469625399755,0.0094076165114517687,0.0026262779135226141,0.00042195249594020797,0.0027311962730648572,0.17514969452596418
v3.1,c530bf2cab2728a7,1056,f17e503938a1,2,fermi,common,2,0.7,0.45765913207509978,0.037637124801324376,0.0038101399477972757,0.0038091187699384817,0.00039424951594366881,0.082238334523494869,0.0083252789702272321,0.0083230476635904257,0.00086144793867889925,1.0211778587942806e-06,0.0042033682858821503,0.43361675013917916
v3.1,c530bf2cab2728a7,1057,3ac859217e25,3,fermi,independent,10,0.05,0.11958724491415723,1.7635953152100439e-05,4.3853718834750223e-07,5.2655946296781489e-09,2.235380391145578e-12,0.00014747353001367308,3.6670899865808883e-06,4.40314068064527e-08,1.8692465009543374e-11,4.43255099168026e-07,5.2678115411647696e-09,0.29101098890885413
v3.1,c530bf2cab2728a7,1058,6eba98436e17,4,fermi,independent,1,1,0.30111481831688902,0.10370416789395755,0.071578791819231116,0.066378585604239537,0.052925472499872332,0.34440074544860405,0.23771261812795474,0.22044277320946604,0.17576508786815767,0.0095153657527735341,0.11922957016891267,0.16103175737808223
v3.1,c530bf2cab2728a7,1059,2b0478478101,2,fermi,common,5,0.7,0.40859787055556102,0.030574037269316293,0.0033378979381064166,0.0033769955537609067,0.00043583406543358793,0.074826717103898474,0.0081691515757729097,0.0082648388479589583,0.0010666577014730755,3.9097615654490098e-05,0.0038128296191944945,0.45749045760389584
v3.1,c530bf2cab2728a7,1060,fb46808dfdb1,3,fermi,independent,1,1,0.11494953440509827,0.037977669415416478,0.026319630448118272,0.023454296325108519,0.018940520908948648,0.33038558713581084,0.22896682952506972,0.20403994193184197,0.16477248913596812,0.0028655886237710215,0.042393311365250048,0.10544376836704436
v3.1,c530bf2cab2728a7,1061,862713465dd9,4,arctan,common,2,0.05,0.25126912888937347,0.00073832394959542707,5.6559303895089958e-05,7.0289508236424194e-06,1.0607726061432861e-07,0.0029383790713123767,0.00022509451974894769,2.7973793894661302e-05,4.221659106440862e-07,6.2994342684979975e-05,7.1341930440116602e-06,0.14659661642575222
v3.1,c530bf2cab2728a7,1062,e59cb7f7efca,2,arctan,common,3,0.3,0.22864196524190813,0.010537622352945912,0.00068458221229537473,0.0014405333727091651,0.00031060686971601026,0.046087875171108156,0.0029941231985609988,0.0063003892185104762,0.0013584858290882056,0.00075595116041379036,0.0017511402424251754,0.3050861376267493
v3.1,c530bf2cab2728a7,1063,cbf855062d77,3,arctan,common,1,0.1,0.32749945066912872,0.0088460766626872536,0.0014629399585033385,0.00054295849515316919,4.4715803393791375e-05,0.027010966414183109,0.004466999732409751,0.001657891315676489,0.00013653703327572161,0.00092018610997747149,0.0005873984743704606,0.16621412459939591
v3.1,c530bf2cab2728a7,1064,ac91b649e6a9,4,arctan,common,3,0.1,0.30370863926815606,0.0026016482819251762,0.00011047228985251121,5.6850765049259681e-05,1.7447480084039147e-06,0.0085662636670275315,0.0003637443113857916,0.00018718850140796934,5.7448086185767322e-06,9.022292491988423e-05,5.8594872421479766e-05,0.19391692650574346
v3.1,c530bf2cab2728a7,1065,42f43551ba0c,2,fermi,common,3,0.3,0.13581595075709182,0.00094678231162192484,1.8621514555453639e-05,1.1777448770073778e-05,1.9928507421681055e-07,0.0069710686141368945,0.00013710845045556102,8.6716241387124415e-05,1.467317153146716e-06,3.0398963325527413e-05,1.1976733844290589e-05,0.13514253465474557
v3.1,c530bf2cab2728a7,1066,0d942ccb5720,3,fermi,independent,5,0.1,0.24509566988470899,0.00023162723807349425,5.5558870026687356e-06,4.3727928635829765e-07,1.1802861539175314e-09,0.00094504826699896339,2.266823810180808e-05,1.7841167351670891e-06,4.8156140599004802e-09,5.9832226890603394e-06,4.3845955762737047e-07,0.063537816456594204
v3.1,c530bf2cab2728a7,1067,b720adeed744,4,fermi,common,3,0.05,0.042766175190010303,1.5221149133264e-05,1.641780792689792e-06,2.1322836357689261e-08,3.1975387543291039e-11,0.00035591560539693738,3.8389703671075396e-05,4.9859114739515066e-07,7.4767938449543947e-10,1.6387510228340487e-06,2.1354676072675051e-08,0.0069464191140697802
v3.1,c530bf2cab2728a7,1068,56cd5018c1c3,2,arctan,common,2,0.1,0.1201985124297074,0.00047321008010637499,6.2776937397367624e-05,6.614697258990486e-06,1.5047313957023357e-07,0.0039369046300228566,0.00052227715741556986,5.5031440283911904e-05,1.2518718953217569e-06,6.9391634656358121e-05,6.7651703985607193e-06,0.14992847474644722
v3.1,c530bf2cab2728a7,1069,3aa54fdc3a68,3,fermi,common,10,0.3,0.077678173821869451,0.00021695735803343939,4.1365090487637079e-05,1.5718699951739266e-06,2.2624693082022638e-08,0.0027930285607764556,0.00053251883318594683,2.0235671332574294e-05,2.912619075456805e-07,4.2725414142236159e-05,1.5936311031789782e-06,0.1461599737220888
v3.1,c530bf2cab2728a7,1070,72e571e1ba08,4,fermi,common,2,0.2,0.33773913338908856,0.0035528004225352,4.5305583123766254e-05,6.9808312757839761e-05,1.7759548660661454e-06,0.010519362642060897,0.00013414371816834286,0.00020669299425665869,5.2583627139830928e-06,8.7683998521620186e-05,7.1579264128671287e-05,0.027101782481355665
v3.1,c530bf2cab2728a7,1071,0c5b6bdde23d,2,arctan,common,5,0.7,0.16996744118260659,0.041963131083630471,0.020782795581736919,0.020783298011191161,0.012711695294507443,0.24688923238272953,0.12227515715441446,0.12227811318793916,0.074789001976269545,5.0242945424337836e-07,0.033494993305698606,0.12767397886445078
v3.1,c530bf2cab2728a7,1072,a3267f65a503,3,fermi,independent,3,0.2,0.23237656786567829,0.0016319800469361931,1.7535482428282466e-05,2.0264887162750348e-05,3.3369391002233029e-07,0.0070229974645272071,7.5461491618288221e-05,8.7207102458214094e-05,1.4360049857316807e-06,3.523432208939857e-05,2.0598572674980267e-05,0.14111154088979469
v3.1,c530bf2cab2728a7,1073,07727f5b5505,4,fermi,independent,1,0.2,0.16683614910453812,0.0025901636849559552,0.0015757394475984625,0.0001034544324122697,6.1013928295836606e-06,0.015525194622737189,0.0094448322863836757,0.00062009602216031752,3.6571167953298776e-05,0.0016313214829590487,0.00010947534310422863,0.17308837613967984
v3.1,c530bf2cab2728a7,1074,68743a3559e2,2,fermi,common,10,0.05,0.31067300975861151,9.7728068154204689e-05,5.8569647285035511e-08,5.4068820949514208e-08,3.8392999864456746e-11,0.00031456890391005644,1.8852505832593341e-07,1.7403771570476917e-07,1.2358009437088712e-10,4.5008263355213028e-09,5.4107213949378669e-08,0.49960385642758121
v3.1,c530bf2cab2728a7,1075,bf1871cfa137,3,fermi,common,5,1,0.21868782085892105,0.039194501494743662,0.015968270985745527,0.017834633288765948,0.013566371621573068,0.17922580846433442,0.073018565565418067,0.081552933394820143,0.062035332229703581,0.0019039479759994904,0.031305570403527848,0.10227219803334255
v3.1,c530bf2cab2728a7,1076,633eceaaa372,4,arctan,independent,5,0.2,0.34314223091615415,0.010365556953287926,0.00074643318287046987,0.00082725953465911028,0.00010095691065800669,0.030207756490983242,0.0021752880165101531,0.0024108356830647546,0.00029421301595103063,9.7800391263917606e-05,0.0009281900411740446,0.10972945758705414
v3.1,c530bf2cab2728a7,1077,6e71bc295323,2,arctan,independent,3,0.1,0.026485582252228877,0.00020313119324442033,0.00011408814078991183,2.8218538498238291e-06,5.9885474820028103e-08,0.0076695007612047478,0.0043075564548070606,0.00010654301736509333,2.2610594039324351e-06,0.00011690999463973566,2.8817393246438575e-06,0.20328621397922997
v3.1,c530bf2cab2728a7,1078,3ad4a31bbc7b,3,fermi,independent,1,0.2,0.2465003008678234,0.0055419825538559134,0.00085007318776770494,0.00020933042986592631,9.4235497618272175e-06,0.022482660403841028,0.0034485685606668896,0.00084920963231672466,3.8229364137288596e-05,0.0010509068508416256,0.00021874698865681749,0.3054383448567326
v3.1,c530bf2cab2728a7,1079,10fd67c47982,4,fermi,independent,10,1,0.12604583275704395,0.023544070647625027,0.0073753717942844814,0.0072582998169882992,0.0025135783270987563,0.18678975839690573,0.058513412406903359,0.057584607584598435,0.01994178047872263,0.0005355203391680419,0.0097698492904312699,0.068845311659689212
v3.1,c530bf2cab2728a7,1080,e86ef31f6096,2,arctan,independent,3,0.1,0.49240099630922435,0.005014482652442559,0.00015014396828370689,0.00012176888090859836,4.1453747030175569e-06,0.010183737827560161,0.00030492214558684104,0.00024729617084716127,8.4186968224863037e-06,2.8375087375108544e-05,0.00012591425561161591,0.43192103629781758
v3.1,c530bf2cab2728a7,1081,337e92dfdf19,3,fermi,common,5,0.05,0.16062978074613216,6.9884377411123577e-05,6.3130668329891097e-06,6.4132243132421349e-08,8.1500596398221508e-11,0.00043506488701228175,3.93019700560173e-05,3.9925500012839681e-07,5.0738160769222109e-10,6.3766770570255698e-06,6.421368720893113e-08,0.24301886514846788
v3.1,c530bf2cab2728a7,1082,1b5173368f0b,4,fermi,common,1,0.1,0.21706298662282347,0.00070130891846328079,0.00042108752573547393,3.6311213811424538e-06,2.95620609710054e-08,0.0032309005297245846,0.0019399324237032217,1.6728422646519751e-05,1.3619116474414641e-07,0.00041832882306051919,3.6599465923757115e-06,0.026072653117931405
v3.1,c530bf2cab2728a7,1083,3d68e0be9170,2,arctan,independent,3,0.1,0.044701163536119741,0.00012322175884767374,1.2388556683788346e-05,6.3498169347889447e-07,3.9348235284549876e-09,0.002756567147253499,0.00027714170513208364,1.4205037257381728e-05,8.8025080717989471e-08,1.175357499030945e-05,6.3891651700734941e-07,0.041510452935427281
v3.1,c530bf2cab2728a7,1084,7faaf0b7a7cf,3,arctan,independent,2,0.3,0.10338387827622411,0.0069975253153247595,0.0018552913020488048,0.0018553617329513511,0.00080002720265430895,0.06768487922873781,0.017945653935440325,0.017946335191587035,0.0077384135321057748,0.0031893304696776568,0.0026525270662519393,0.24144016619457984
v3.1,c530bf2cab2728a7,1085,908926f6bd69,4,arctan,common,10,0.3,0.3245458532609905,0.014770444168268565,0.0017203229184427941,0.0015938446356888493,0.00024109089442812993,0.045511116595258409,0.0053007083626465546,0.0049109998469372678,0.00074285618505269123,0.0001328804806137924,0.0018348957936311393,0.073050992108257135
v3.1,c530bf2cab2728a7,1086,95221f6a1da3,2,fermi,common,10,0.3,0.083834652134439663,0.0013494466636221093,3.8164259667019355e-05,2.7892939880343485e-05,6.0470697702946215e-07,0.016096526069650743,0.00045523251657104806,0.00033271373078060329,7.213091026604806e-06,1.0271319786675868e-05,2.8497646857372948e-05,0.044821955603473906
v3.1,c530bf2cab2728a7,1087,62ca2eb6751f,3,fermi,common,2,0.05,0.058319450843816546,4.636439100619764e-05,3.0770826235460986e-06,7.6971157231680619e-08,1.3258126460277846e-10,0.00079500733177966009,5.2762544554590115e-05,1.3198196505281678e-06,2.2733627063437223e-09,3.0021835536941771e-06,7.7102977729655365e-08,0.01365263690464358
v3.1,c530bf2cab2728a7,1088,ef036215bc30,4,arctan,common,10,0.05,0.35164323045764584,0.00072776653415136271,3.3106778813721198e-06,3.2939745292649129e-06,1.9813157007979418e-08,0.0020696162221129962,9.4148773376454329e-06,9.3673764883173559e-06,5.6344485807941189e-08,7.1336346851783117e-08,3.3137040695075552e-06,0.0062094182817854244
v3.1,c530bf2cab2728a7,1089,ed3c5344524e,2,fermi,independent,1,0.2,0.39692238309285255,0.007089105734054405,0.0014808544283800257,0.00016164837060533895,3.8071020548627653e-06,0.017860181325163621,0.003730841321774508,0.00040725435876344708,9.5915529509762245e-06,0.0013192060577746868,0.00016545547266020173,0.2912457233624372
v3.1,c530bf2cab2728a7,1090,b2385cce4f6a,3,fermi,common,2,0.5,0.19550554587573346,0.013155158447620222,0.0013228839344394667,0.0011313083047091914,0.00010463038616864325,0.067287904231534468,0.0067664777922991168,0.0057865790949391763,0.00053517860938404299,0.00019702020017669305,0.0012355738550329017,0.10446546869241798
v3.1,c530bf2cab2728a7,1091,d65081ea82a8,4,fermi,common,1,0.5,0.13378763445520811,0.031975903672226628,0.0081025313610786371,0.0076694471308039261,0.0019454169256957351,0.23900492599659584,0.060562632668352857,0.057325530584604552,0.01454108171967909,0.013205152146383865,0.009600225856387307,0.095883722706104985
v3.1,c530bf2cab2728a7,1092,4960c25cf9e0,2,fermi,independent,5,0.2,0.22409850642275139,0.0014022218912458685,5.3188125630822348e-05,1.3186967022861776e-05,1.418829808915078e-07,0.006257167500262774,0.00023734261544111065,5.884451098475943e-05,6.3312773992278274e-07,4.0001158607960572e-05,1.3328850003753283e-05,0.17144956719766391
v3.1,c530bf2cab2728a7,1093,3418da20f187,3,arctan,independent,3,0.5,0.20853423048123168,0.037719562065168306,0.022649589599673302,0.019935733401815332,0.017134463698572629,0.18087947469402685,0.10861329359407874,0.095599333288400201,0.082166192375379588,0.00306799077692091,0.037068311375528754,0.16347704708047969
v3.1,c530bf2cab2728a7,1094,69fd31c7afb2,4,fermi,common,2,0.1,0.078409969908437849,0.00022279323459851983,0.00021607807149935627,1.4702268395035988e-06,1.2978654652800248e-08,0.0028413891098119735,0.0027557474100765303,1.8750508911308546e-05,1.6552301535067404e-07,0.00021749211667800077,1.483095170259121e-06,0.042565603500962133
v3.1,c530bf2cab2728a7,1095,a971611b12b9,2,fermi,common,3,0.1,0.49881298412562619,0.00083071264715027168,1.6610162985700272e-06,1.6610243595817194e-06,3.3616049297193644e-09,0.0016653789568177248,3.329937975615526e-06,3.329954136004186e-06,6.7392089554604364e-09,8.0610116921283699e-12,1.6643859645114387e-06,0.48987930573278321
v3.1,c530bf2cab2728a7,1096,40c7645897cb,3,fermi,independent,10,0.05,0.11502972921513997,3.2259088816826327e-05,6.0993455316919659e-07,1.3335692773191001e-08,6.4049005942655505e-12,0.00028044131753533199,5.3024079716682341e-06,1.1593257555400544e-07,5.5680393564053971e-11,5.9785756898114341e-07,1.3342097188303272e-08,0.10230447295661602
v3.1,c530bf2cab2728a7,1097,19189380eb8c,4,fermi,independent,2,0.1,0.26442130633155797,0.00079208703393291336,5.559194295634732e-05,4.5614486784165512e-06,3.4897518811800027e-08,0.0029955492048727539,0.00021024002841374878,1.7250685059005606e-05,1.3197695486778217e-07,5.7419422667513734e-05,4.5962662594008584e-06,0.13304116446209557
v3.1,c530bf2cab2728a7,1098,771243906a17,2,fermi,independent,5,0.3,0.37729741236043873,0.0071115437501936387,0.00020091623340253592,0.00019549327817742896,6.292794595448122e-06,0.018848641727232038,0.00053251420979955511,0.00051814105205330921,1.6678605231027949e-05,5.4229552251069821e-06,0.00020178607277287708,0.2515834818777084
v3.1,c530bf2cab2728a7,1099,97f99173050d,3,fermi,common,5,0.05,0.17842174247647841,7.8415714694351742e-05,6.151557859230303e-07,4.8130663801015174e-08,3.3552260977728087e-11,0.00043949640669319994,3.4477624609238817e-06,2.697578396722603e-07,1.8805029315388133e-10,5.7564681260529559e-07,4.8164145862815544e-08,0.12289360279371414
v3.1,c530bf2cab2728a7,1100,028d90356f87,4,arctan,independent,10,1,0.15087266309399985,0.036183703516699979,0.025827140783837393,0.025758568775523891,0.03032482649069411,0.23982942154441889,0.17118502619487816,0.1707305236567293,0.20099616371058884,0.00029947110363719978,0.056044797789023798,0.062801534200578338
v3.1,c530bf2cab2728a7,1101,a20e9aa5382a,2,fermi,common,3,1,0.26026570759640061,0.095010380417834855,0.054651288691151767,0.051004027192702209,0.02939947885514534,0.36505147487647283,0.2099826719234969,0.19596906432174002,0.11295947947447504,0.0036472614984495561,0.080403506047847545,0.14774880010502436
v3.1,c530bf2cab2728a7,1102,b2d2b3faa703,3,fermi,common,5,1,0.26970616366303329,0.060892013270885371,0.01919703444797936,0.018842345215263644,0.0068639252333296168,0.22577167849587193,0.071177588925864663,0.069862493905793632,0.025449641714177875,0.0019217883545886271,0.025628549047765115,0.20174335021444065
v3.1,c530bf2cab2728a7,1103,cb47a33e93fb,4,arctan,independent,5,0.7,0.16852920464643967,0.069597503447693179,0.083170503858644551,0.083122228349386387,0.15839073674714957,0.41296998697467885,0.49350795924735652,0.49322150735695897,0.93984147779870097,0.0003223043503513871,0.24132047130211995,0.073528693957566213
v3.1,c530bf2cab2728a7,1104,f56b76b30e18,2,fermi,common,3,1,0.03644704708820596,0.0048498495386395954,0.0016615529358795296,0.0010296977412309119,0.00032919051996930902,0.13306563702959018,0.045588135901884846,0.028251883856020694,0.0090320216936266712,0.0026912506771104416,0.0013588882612002209,0.15994362559774503
v3.1,c530bf2cab2728a7,1105,496543a0a0e5,3,fermi,common,3,0.2,0.31054921988272555,0.0026468220579235193,4.2955530690614234e-05,4.8800050958518201e-05,1.1587599466180643e-06,0.0085230356042209788,0.00013832116759731605,0.00015714111591375705,3.7313246095277693e-06,1.1637191416129433e-05,4.9958522345656324e-05,0.19819721195457224
v3.1,c530bf2cab2728a7,1106,41abb9083d59,4,arctan,independent,1,0.2,0.10495201170706436,0.0051875586554483441,0.0038810928172219438,0.00060701542384937717,9.9529836840825628e-05,0.049427910633362042,0.036979689613331215,0.0057837426265219339,0.00094833662758773236,0.00401103875488849,0.00069925321347559771,0.0078276674846163158
v3.1,c530bf2cab2728a7,1107,c04e0cb1242e,2,arctan,independent,2,0.3,0.13578190517862443,0.018789445100751635,0.0056276949532151222,0.0052442651077906164,0.0018150940068838162,0.13837959539626182,0.041446575269449573,0.038622709711516101,0.013367716445692932,0.00038342984542450624,0.0070593591146744326,0.053269401544603273
v3.1,c530bf2cab2728a7,1108,45300c7d6ee3,3,fermi,common,10,0.7,0.19172451318862879,0.0098086026389638432,0.00058427464561032157,0.0010345694516290659,0.0001546095106093324,0.051159877659011796,0.0030474697048023329,0.0053961250672792237,0.00080641493379210894,0.00045147669002250688,0.0011890414939916812,0.26735017413961198
v3.1,c530bf2cab2728a7,1109,5098fe6f0b09,4,fermi,independent,5,0.3,0.11091083601152252,0.0010188791202176768,4.5909736394188971e-05,2.3390678090411578e-05,8.123147340377382e-07,0.00918647047355973,0.00041393373312432173,0.00021089623819967892,7.3240340010902714e-06,3.5438443300961791e-05,2.4200017383148637e-05,0.097448271043512655
v3.1,c530bf2cab2728a7,1110,81f3f8ffb56a,2,arctan,common,5,0.3,0.21364450197175563,0.014301562656028411,0.0040307758357454064,0.0024930416729396143,0.00062204758162962101,0.06694093470244844,0.018866742642777139,0.011669112239870329,0.0029116011687108957,0.0015377341628057923,0.0031150892545692352,0.36586453350576165
v3.1,c530bf2cab2728a7,1111,b4fd3c32b1e8,3,fermi,independent,5,0.7,0.18094181550716248,0.013637464780326758,0.0017316090986987322,0.0018380296017226402,0.00032244829307246682,0.075369337607795406,0.0095699774750529539,0.010158125121994715,0.0017820551439073126,0.00030572620118791369,0.00216033854624299,0.18154328884327534
v3.1,c530bf2cab2728a7,1112,50b75d09d695,4,fermi,common,3,0.2,0.21476194105431257,0.0009203601169715176,0.00012258510435908876,7.6877978822640812e-06,1.041744488923906e-07,0.0042854898426288746,0.00057079528969282043,3.5796835531114254e-05,4.850694139798505e-07,0.00011547021607955909,7.7888942583163848e-06,0.028226567864823287
v3.1,c530bf2cab2728a7,1113,d2c5ec6b3c39,2,fermi,independent,1,0.5,0.177170582105036,0.0219553267775923,0.0013656896688190479,0.0031090623790630341,0.00045421808679556503,0.12392196558103553,0.0077083320074514154,0.017548412056465554,0.0025637331062460514,0.0017433727102439862,0.0035632804658585994,0.46955941657659711
v3.1,c530bf2cab2728a7,1114,93582ca047f3,3,fermi,common,5,0.2,0.39669760368903767,0.0038853579139299381,5.8908840525824423e-05,7.1036992131205074e-05,1.6969850667641195e-06,0.0097942560726320457,0.00014849810026077633,0.00017907088792724186,4.2777799789644003e-06,1.3650924823729418e-05,7.27298809602536e-05,0.14779941077853326
v3.1,c530bf2cab2728a7,1115,36dd99a9dcfb,4,arctan,common,2,1,0.15216755499166612,0.088378970299255247,0.22478527993016204,0.1954871274707754,0.76767795055601651,0.58080035723841106,1.4772221315015084,1.2846833707848022,5.0449516035008939,0.035446451403295491,0.96289359727568336,0.046341127291234192
v3.1,c530bf2cab2728a7,1116,300cc3e805f3,2,arctan,independent,5,1,0.32231762534014252,0.16896023016954836,0.249695895487553,0.2496192430859103,0.56981367203728372,0.52420412936228433,0.77468892749519469,0.77445111114381826,1.7678638313246384,7.6652401642720693e-05,0.81943291512319405,0.49328111539679154
v3.1,c530bf2cab2728a7,1117,0a5893280e13,3,arctan,common,10,0.2,0.24704830414740103,0.0036002551130895964,0.00020674707351072422,0.00015051459965886976,1.1606930213855647e-05,0.014573081671273117,0.00083686902536828935,0.00060925170151771382,4.6982432257176672e-05,6.6680436230356585e-05,0.00016194784603970009,0.24706281564412813
v3.1,c530bf2cab2728a7,1118,19eb8f5bc270,4,arctan,common,10,0.05,0.29739977005705248,0.00043018179117221619,4.0530117234024841e-06,1.4800401012865507e-06,7.4013691347209159e-09,0.0014464765426338128,1.3628160245803027e-05,4.9766013638901714e-06,2.488693630563687e-08,2.6253169242137061e-06,1.4874142229661849e-06,0.18626157358381096
v3.1,c530bf2cab2728a7,1119,440d125d4e2e,2,arctan,independent,5,0.05,0.39909146195935175,0.0010227955247531617,9.6691037906241463e-06,5.4196067639707665e-06,3.7738277275536955e-08,0.0025628098374535896,2.4227789146761962e-05,1.3579861461738724e-05,9.4560472655214739e-08,4.2494970266533789e-06,5.4573450412463033e-06,0.2234754601463774
v3.1,c530bf2cab2728a7,1120,9a735b379ef5,3,arctan,common,10,0.1,0.34143842955698789,0.0020320858131206931,3.2362940189622675e-05,3.0848861412386632e-05,6.791753445162972e-07,0.0059515439306503928,9.4784117393033898e-05,9.034970507687915e-05,1.9891590568686679e-06,4.0392383525603458e-06,3.1524539435349971e-05,0.11048932965610241
v3.1,c530bf2cab2728a7,1121,fc37674d3051,4,arctan,common,1,0.2,0.15249539777456989,0.0042061150254018706,0.00095540573867386512,0.00059429477729718385,0.00019538238154073666,0.027581914515345994,0.0062651447362773362,0.0038971325428175537,0.0012812346103032272,0.0015247804431672216,0.00078493343067012156,0.022296770015796975
v3.1,c530bf2cab2728a7,1122,c894a78df67c,2,arctan,independent,10,0.05,0.29103695085180503,0.00032195889120311614,8.424433972086428e-07,8.1625686633632242e-07,2.9730349938408946e-09,0.0011062474722223724,2.8946269356622415e-06,2.8046502821971824e-06,1.0215317969554846e-08,1.6587002635449652e-06,8.1922990133016325e-07,0.27797217189048473
v3.1,c530bf2cab2728a7,1123,4346d0b052c6,3,arctan,independent,3,0.7,0.32077140148531263,0.14817579496185712,0.19579058395535992,0.18932414862942906,0.35778435965542199,0.46193580311629417,0.61037418874863358,0.59021517427294024,1.1153873381439963,0.006467426777932557,0.54696170700253277,0.12295143700002231
v3.1,c530bf2cab2728a7,1124,5c37ebf941d8,4,fermi,independent,2,0.2,0.2509750992513558,0.0022870617702576584,8.8238316247961308e-05,5.2818092964886502e-05,1.8500566422249547e-06,0.0091127039179577235,0.00035158195578434312,0.00021045152735247368,7.3714748903120933e-06,0.00013281367613627104,5.4639983746177052e-05,0.10527586202340566
v3.1,c530bf2cab2728a7,1125,a29ac05596a3,2,arctan,common,2,0.7,0.027808908693852146,0.02401616207407653,0.011202953952076111,0.04957585136643991,0.10286043636050436,0.86361397128057393,0.40285485760729628,1.7827327174978245,3.698830381763389,0.038372897414363803,0.15243628772694429,0.34753098177245212
v3.1,c530bf2cab2728a7,1126,bece275abd8a,3,fermi,independent,10,1,0.42040198738951196,0.11616585627466436,0.049324353436670861,0.049014316884144447,0.02390738928859731,0.27632090180162272,0.11732664191944157,0.11658916549966633,0.056867926426919034,0.00031077227968737679,0.072921102159687445,0.056729886530525291
v3.1,c530bf2cab2728a7,1127,0478f09367ea,4,fermi,independent,10,1,0.030990975611118531,0.0016219920648833752,0.00012794702262312291,0.00020674580679778541,3.856496889940347e-05,0.052337560625276294,0.0041285251625708674,0.0066711616114341326,0.0012443935093662442,0.00031882454751697614,0.0002451651542170161,0.085472255405514327
v3.1,c530bf2cab2728a7,1128,baeb4807e395,2,arctan,common,1,0.3,0.43045854389087224,0.048732730220295728,0.013933951477773772,0.01186252737178649,0.0035155741206557771,0.11321120445143311,0.032370019542012483,0.027557885747979998,0.0081670445866374262,0.0020714241059872815,0.015378101492442267,0.43347060764660217
v3.1,c530bf2cab2728a7,1129,5c7f815990e4,3,fermi,common,2,0.1,0.12149146238906963,0.0001438146729478351,1.2660802318603806e-05,4.2497546249955037e-07,1.9340674179209533e-09,0.0011837430393855713,0.00010421145708213054,3.4979862300001805e-06,1.5919368981889529e-08,1.3056855650014314e-05,4.2690843116714282e-07,0.19071610097513597
v3.1,c530bf2cab2728a7,1130,97eca1760df9,4,fermi,common,3,0.7,0.11735675054776447,0.0085351866159261228,0.0015017600903216093,0.0012659123606734218,0.00026287074419616743,0.072728552691583612,0.012796537764654531,0.010786872972920228,0.0022399286190970193,0.0012222559958310372,0.0015282926010976822,0.17368264822685595
v3.1,c530bf2cab2728a7,1131,d0a74e986362,2,fermi,independent,10,0.2,0.42652666235171771,0.0036570117350602717,5.7203180533549943e-05,4.4297939072554818e-05,6.0986878937655257e-07,0.0085739346630684179,0.00013411396187556427,0.00010385737395245492,1.4298491588168274e-06,1.2905241460995134e-05,4.4907807861931365e-05,0.29153306348204078
v3.1,c530bf2cab2728a7,1132,3a8e7aa2cb82,3,fermi,independent,5,0.2,0.20545448147387108,0.0008017928566852199,5.7057734220790529e-05,5.2285160597809338e-06,4.1751931114191844e-08,0.0039025328186242988,0.00027771472207116065,2.5448537419447219e-05,2.0321742711414984e-07,5.2295492309539164e-05,5.2702496005724277e-06,0.094934374328441068
v3.1,c530bf2cab2728a7,1133,240cb5b38c91,4,fermi,independent,3,0.5,0.059328744583376294,0.0018160921585716511,0.00087196778177628322,0.00014772528842007569,2.0200964710973838e-05,0.030610662189547048,0.014697222870625271,0.0024899446205620167,0.00034049203051288022,0.0009215967736052634,0.00016717050771877155,0.18801008740611533
v3.1,c530bf2cab2728a7,1134,d52e04b669bf,2,arctan,common,1,0.05,0.112973546221549,0.00075456017093549746,0.00036995766065838355,6.8261830124442397e-06,6.5826152747122889e-08,0.0066790872391998069,0.0032747282264900387,6.0422844468895573e-05,5.8266873041263317e-07,0.00036313147764593934,6.892009165191362e-06,0.46017519832895598
v3.1,c530bf2cab2728a7,1135,ae57d2cba0ea,3,arctan,common,2,0.2,0.33803384710825385,0.012418504116042577,0.00119411696181632,0.0011495756831949562,0.00014621952688261347,0.036737457572009365,0.0035325366735654415,0.0034007709376712497,0.00043255883436958697,4.5256975340861795e-05,0.0012954103942597927,0.078669567030220572
v3.1,c530bf2cab2728a7,1136,f87456024927,4,fermi,common,10,0.05,0.22694178568419091,4.5975247890646438e-05,1.2680059946935376e-06,1.3768114254305444e-08,5.1774332207073284e-12,0.00020258608502633785,5.5873623752043506e-06,6.0668044066000978e-08,2.2813926510264505e-11,1.2699928519656982e-06,1.3773220875536416e-08,0.03961534529046043
v3.1,c530bf2cab2728a7,1137,cbb3e61eca86,2,arctan,independent,10,1,0.15752593792965891,0.055790277505902215,0.046835189054371985,0.047092465147300436,0.056730035971262825,0.35416565829822017,0.29731731592854005,0.29895054596233506,0.36013139624405766,0.00025727609292845537,0.10382250111856327,0.15861785193083877
v3.1,c530bf2cab2728a7,1138,ad6cd268f425,3,arctan,independent,2,0.7,0.14775053353317474,0.045484643350001019,0.046041990447607671,0.043168503468423471,0.070484195282252582,0.30784757430191112,0.31161979145929625,0.29217155726027044,0.477048668432907,0.014073383009461099,0.11295007548707685,0.31316205639313049
v3.1,c530bf2cab2728a7,1139,7bcc7f1623d1,4,arctan,independent,3,0.2,0.16518346353648355,0.0046544403629921781,0.00031408021090974459,0.00043595599699859314,6.8619828171110535e-05,0.028177399016483067,0.0019014022601625293,0.0026392230049244905,0.00041541584552109046,0.00012420365143021503,0.00050444569650635125,0.15030024152684454
v3.1,c530bf2cab2728a7,1140,bf189d4364a4,2,fermi,common,2,0.3,0.47005649012057499,0.010496545809525928,0.00047331541443767453,0.00036443898662514852,1.4283366748918754e-05,0.022330392261648044,0.0010069330482305725,0.00077530891347051857,3.0386489813713461e-05,0.00010887642781252596,0.00037872235337406727,0.43725683984412422
v3.1,c530bf2cab2728a7,1141,e9480e31d59e,3,fermi,independent,2,0.5,0.13683272553500184,0.0083006012646928366,0.0013782471114961422,0.0012005539037015212,0.00020290857332776795,0.060662398064778307,0.010072496225645862,0.0087738799253430002,0.0014828950642795163,0.00034291239256546604,0.0014028702188130379,0.032994852414336889
v3.1,c530bf2cab2728a7,1142,a931a4030fd4,4,fermi,common,3,0.5,0.31749681122308882,0.019945523004752268,0.0031966533646221079,0.0020646282560344287,0.00025563856569307033,0.062821175834542678,0.010068300693502029,0.0065028314712229337,0.00080516892345556862,0.0014668229320985216,0.0023202225736678032,0.02635344397282768
v3.1,c530bf2cab2728a7,1143,1bbcb89fb514,2,arctan,independent,1,0.2,0.4071302884324518,0.025044419213454894,0.0057751600679282538,0.0030695462374967708,0.0004812543375619939,0.061514507579089363,0.014185041575177299,0.0075394691201071083,0.0011820646884684932,0.0027056138304314831,0.0035508005750587647,0.23378329818094162
v3.1,c530bf2cab2728a7,1144,d4e0dd8dda9b,3,fermi,common,5,0.5,0.12011161363151848,0.0030828689161082742,0.00092844240812771123,0.00014014092553520221,7.6767669684157275e-06,0.025666701353009705,0.0077298304473371812,0.0011667558306653857,6.3913611151430471e-05,0.00078844920183445723,0.00014781767828632228,0.11703580325361006
v3.1,c530bf2cab2728a7,1145,1600624e2c4c,4,arctan,independent,5,0.1,0.031700119428988427,5.9205115190094977e-05,6.8418598338459367e-05,1.9429196343807258e-07,1.4568734996592464e-08,0.0018676622125263788,0.0021583072736279167,6.1290609290386691e-06,4.5957981417792287e-07,6.8414745258919544e-05,2.0287326051053602e-07,0.16958055921376269
v3.1,c530bf2cab2728a7,1146,fe78e290fce2,2,fermi,common,10,0.2,0.46116378541959729,0.0028660807551847715,2.3357644154581634e-05,2.3511019974283945e-05,2.1165078379171294e-07,0.0062148868705660006,5.064934605246443e-05,5.0981930319814822e-05,4.5894927243503969e-07,1.5337581970230862e-07,2.3722670758075657e-05,0.49022923796224538
v3.1,c530bf2cab2728a7,1147,2d415a479db6,3,arctan,common,10,0.05,0.45879757632151424,0.0011330109481799825,5.7302434275744923e-06,6.4692636852391991e-06,5.3259765898511212e-08,0.0024695225229045149,1.2489698558387493e-05,1.4100474847987635e-05,1.1608554327058619e-07,7.5413774230542898e-07,6.5222729348321765e-06,0.24104074431225284
v3.1,c530bf2cab2728a7,1148,626348bdc7ba,4,fermi,independent,5,0.05,0.18782853381674147,7.1395515250489888e-05,4.3076570445613955e-06,5.5579781248264832e-08,5.5887894647008849e-11,0.00038011005995579084,2.2933986423831878e-05,2.9590701752744507e-07,2.97547414715684e-10,4.2594058757174992e-06,5.5635634793204253e-08,0.11357776290485355
v3.1,c530bf2cab2728a7,1149,dfbd061dfd43,2,arctan,common,3,0.7,0.13666868213965694,0.020373905691277009,0.0072196232220241782,0.010223892480702905,0.0087768404353685669,0.14907516025110734,0.05282573234039601,0.07480786615221377,0.064219836600164337,0.0030042692586787255,0.019000732916071471,0.20936406900643337
v3.1,c530bf2cab2728a7,1150,564e130965e6,3,fermi,independent,5,0.5,0.14655504954465184,0.003040249552987458,0.00033218383448308826,0.0001126147946134675,5.2860412897117254e-06,0.020744761524311491,0.0022666147329292786,0.00076841292717898778,3.6068639778264303e-05,0.00021956940496023331,0.00011790083362863276,0.022675962612442212
v3.1,c530bf2cab2728a7,1151,36d804e324a7,4,fermi,independent,2,0.05,0.098326131219521426,3.3414757036479134e-05,2.0431603037016112e-06,2.5240271601831424e-08,2.87300486151638e-11,0.00033983597871737529,2.0779423316677463e-05,2.5669952929888373e-07,2.9219138655035181e-10,2.0410890376807279e-06,2.5268894389827494e-08,0.071583039470876797
v3.1,c530bf2cab2728a7,1152,974810dea824,2,fermi,independent,10,1,0.27751525340533223,0.029192832405407231,0.0054574185074350015,0.0052367852874869317,0.0011798654926712076,0.10519361385433063,0.01966529205320482,0.0188702610873724,0.0042515338461339416,0.00022063321994806971,0.0064166507801581398,0.39718342472140611
v3.1,c530bf2cab2728a7,1153,1ef27d982622,3,arctan,common,3,0.5,0.12813404000355272,0.020344032628958182,0.017041602809152311,0.010082943484008048,0.0086455808820494057,0.15877149138819094,0.13299824784015088,0.078690592162148965,0.067472943815786141,0.010219595969060307,0.018716416889045562,0.11773986043065955
v3.1,c530bf2cab2728a7,1154,64e0f881fbd8,4,arctan,independent,10,0.5,0.12027082593515454,0.012529855329888467,0.0053370975866464986,0.0052955368227151425,0.0034643266340266448,0.10418033826959906,0.044375662552812757,0.044030102741377156,0.028804380506162634,0.00012320983344646209,0.0087559866605922201,0.0529234799166034
v3.1,c530bf2cab2728a7,1155,06a5edbcdf7c,2,arctan,independent,1,0.1,0.062734487425400942,0.00047722977766785624,7.4496124502015496e-06,9.2910812997997455e-06,3.4511007337939066e-07,0.0076071359989246974,0.00011874827954974621,0.00014810165319112536,5.5011220708508882e-06,1.8414688495981959e-06,9.6361913731791366e-06,0.033440867588576326
v3.1,c530bf2cab2728a7,1156,41a00deb342e,3,arctan,independent,2,0.2,0.31257149730093531,0.014548365643326452,0.0017882264720189864,0.0020508464492981523,0.00046673877275206618,0.046544121165723831,0.0057210157914601234,0.0065612074901495367,0.0014932224364101337,0.00037706426509599602,0.0025170557181474116,0.20343971157572854
v3.1,c530bf2cab2728a7,1157,3ccf6325019a,4,arctan,independent,5,0.3,0.16848672290384198,0.0045513023164698192,0.00035980616105393435,0.0003562617323602855,4.5458831712641986e-05,0.027012824737930947,0.0021355164065911675,0.00211447956385032,0.00026980661104427826,1.2554970376766176e-05,0.00040171185964401777,0.072377800425537764
v3.1,c530bf2cab2728a7,1158,bc4007525168,2,fermi,common,3,0.05,0.21692637358596858,0.00010761278687904247,7.4020772359826113e-08,6.4426438793088554e-08,3.9223068495051391e-11,0.0004960797762859167,3.4122532514697411e-07,2.9699680001130044e-07,1.8081281610282012e-10,9.5943335667375574e-09,6.4465661861583614e-08,0.11228791377537428
v3.1,c530bf2cab2728a7,1159,78a308371c3b,3,fermi,independent,10,1,0.21959435767388577,0.025948618130552988,0.0062052018008092978,0.0062469819641635177,0.0019691116542338437,0.1181661423609465,0.028257564841554315,0.028447825483024287,0.0089670412076712988,5.2298018234010594e-05,0.0082138210946143993,0.10247534095425449
v3.1,c530bf2cab2728a7,1160,6443636ab77e,4,arctan,common,2,0.5,0.3173798971714738,0.080719569249284473,0.062112946019756379,0.060939427489074202,0.075262379460015599,0.25433107127662014,0.19570535680839937,0.19200783676651673,0.23713656766153934,0.0024381006422687229,0.13618641093662495,0.11883107680648251
v3.1,c530bf2cab2728a7,1161,3170b5b1d059,2,fermi,independent,5,0.2,0.47340089399020174,0.0039065100526044713,5.202941372009399e-05,5.0109227730277701e-05,7.7143475804954986e-07,0.0082520124110397781,0.00010990560934844976,0.00010584945733396701,1.6295591492176538e-06,1.9201859898162905e-06,5.0880662488327245e-05,0.48921959528064241
v3.1,c530bf2cab2728a7,1162,98b0d3ce04c7,3,fermi,common,2,0.1,0.36524081719243834,0.0012200162556705726,5.8616196452862749e-05,5.5043406091505544e-06,2.6216488961705467e-08,0.0033403064450701018,0.00016048643441178977,1.5070442157757037e-05,7.1778639537684813e-08,5.3349899725460876e-05,5.5305570980749887e-06,0.10950683486460447
v3.1,c530bf2cab2728a7,1163,07b3f6385875,4,arctan,independent,2,1,0.12221471175614695,0.086646178624472187,0.22496696834825614,0.20072164641507545,0.75865727717107867,0.70896684514836406,1.8407519447996499,1.6423689384922178,6.2075773552108462,0.024789963930527761,0.95743775588467861,0.16234268198108578
v3.1,c530bf2cab2728a7,1164,e9385511ae56,2,fermi,independent,2,0.05,0.24079098613537009,0.000134731788911629,1.8170147915970092e-05,1.0894843760544041e-07,9.3916257985514021e-11,0.00055953834100701857,7.5460249603176723e-05,4.5246061471832165e-07,3.900322827396675e-10,1.8061199478364652e-05,1.0904235386342592e-07,0.19946798587552997
v3.1,c530bf2cab2728a7,1165,38e1d93f6c6f,3,arctan,common,3,0.5,0.099543773775744512,0.0084535462018021125,0.0067237569969929214,0.0020989374377074709,0.0013085703545330433,0.084922902569944142,0.067545731309528428,0.021085572287384103,0.013145677573778082,0.0052877870440966451,0.00333794752522781,0.13682847034820572
v3.1,c530bf2cab2728a7,1166,d8192ec630db,4,arctan,common,2,0.7,0.18025650835063001,0.034624670410945531,0.015874648271286405,0.018287158039619965,0.0148446606266977,0.19208554924183138,0.08806699084843847,0.10145075041644704,0.082352979997938683,0.003671211238575718,0.033115939439784019,0.013348370953382382
v3.1,c530bf2cab2728a7,1167,570205ace286,2,arctan,independent,3,1,0.17153473261912744,0.066670583162252287,0.077854172724635781,0.082332872675194985,0.17529693570438079,0.38867104139361924,0.45386827224957266,0.47997785298680812,1.0219326023820894,0.004478699950559213,0.25762980837957578,0.19437540476503459
v3.1,c530bf2cab2728a7,1168,26c9ac9774b1,3,arctan,common,1,0.1,0.19678689589180931,0.00061903077458592677,2.5002108549423318e-05,1.7449613442017783e-05,9.5298209348947924e-07,0.0031456910368984187,0.00012705169435249961,8.8672639318480514e-05,4.8427111427857241e-06,4.2445102521104227e-05,1.8398560364105919e-05,0.011450238086755889
v3.1,c530bf2cab2728a7,1169,d2180d4292d0,4,arctan,common,3,0.7,0.12039937460079114,0.033685532370783554,0.032079976054260634,0.027190748767543699,0.033682654858948162,0.27978162247499089,0.26644636785388948,0.2258379568639805,0.27975772275088573,0.0080282715674335221,0.060856408875912697,0.13889699038579884
v3.1,c530bf2cab2728a7,1170,45fed329ea3a,2,fermi,independent,3,0.2,0.27457030957229805,0.0025771895446881901,4.6719673884510461e-05,3.4843793668224788e-05,5.4901408938692362e-07,0.0093862644825025467,0.00017015559314219493,0.00012690299152337865,1.9995391717412216e-06,1.1875880216285673e-05,3.539280775761171e-05,0.15156878434515747
v3.1,c530bf2cab2728a7,1171,38085c4fcf9e,3,fermi,common,1,0.7,0.2294393632349554,0.018810033539582258,0.015718488973495093,0.0023380475468621057,0.00031448912242654361,0.081982591279770964,0.068508248767229663,0.010190263405097792,0.0013706851256577702,0.014695591149916662,0.0026514692807570236,0.22748361943455803
v3.1,c530bf2cab2728a7,1172,0b922ea55bdc,4,fermi,common,5,0.7,0.27095169019832216,0.018920604777440012,0.002315900481484176,0.0023651181022142703,0.00039717652546846665,0.069830178079314215,0.0085472819150493595,0.0087289291330241575,0.0014658573459267025,0.0002074091008589089,0.0027600932478083181,0.043947614954351108
v3.1,c530bf2cab2728a7,1173,3fa10cd0acd3,2,fermi,independent,5,0.5,0.32453855702882189,0.012798500154497279,0.00071264021315527854,0.00081866063475910685,6.5607252548406623e-05,0.039435992664996838,0.0021958568488119265,0.0025225373596715738,0.00020215549470930852,0.00010602042160382827,0.00088426788730751348,0.2767120837225347
v3.1,c530bf2cab2728a7,1174,47fdd9eef37c,3,fermi,independent,10,0.1,0.23322405137743099,0.00021561174063780634,1.1833436997156372e-06,5.6003127111045296e-07,2.4817707985433093e-09,0.00092448329991865928,5.0738493424102698e-06,2.4012586515107891e-06,1.0641144358336404e-08,6.4861675681906332e-07,5.6250200353651033e-07,0.040523494173857172
v3.1,c530bf2cab2728a7,1175,6fa16cdfca73,4,fermi,common,10,0.5,0.16018088746905831,0.0037987007085000272,0.00021653308514096062,0.00015006471881348854,7.4074746664372401e-06,0.023715068436200363,0.0013518035051640457,0.00093684534518811502,4.6244435172505337e-05,0.00011217373028373756,0.00015744427969026313,0.085636720897625057
v3.1,c530bf2cab2728a7,1176,81d309a68f66,2,fermi,independent,1,0.2,0.48562651921346728,0.0079541861544992817,0.00049599497049444244,0.00019697749673876954,5.5480495474590634e-06,0.016379225268385422,0.0010213506694357799,0.00040561519798753816,1.1424519312587833e-05,0.00029901747375567293,0.0002025255462862286,0.37951269940321491
v3.1,c530bf2cab2728a7,1177,1b8569111b86,3,arctan,independent,2,0.2,0.41961002999989139,0.025397313071629481,0.0039175539037057299,0.0037644983208230962,0.00079870547830488596,0.060525991410729757,0.0093361779357532138,0.0089714212046458248,0.0019034470608462165,0.00019740571426129881,0.0045631966887779499,0.1916857624672326
v3.1,c530bf2cab2728a7,1178,2459f972d402,4,arctan,common,2,0.05,0.13006993941298239,0.00022537443512402405,1.6380848164061427e-05,1.3386942936578479e-06,1.4821189567800636e-08,0.0017327173068670564,0.00012593876984943409,1.0292111303345712e-05,1.139478470943404e-07,1.7369787904301003e-05,1.3534465964929567e-06,0.022023407357928935
v3.1,c530bf2cab2728a7,1179,9f7a7dbadec5,2,arctan,common,2,1,0.29807245671377236,0.16312499313359749,0.21311754745830683,0.21252972515935639,0.37209789432720625,0.54726624167841253,0.71498571121905263,0.7130136326666392,1.2483471248217937,0.00058782229895043103,0.58462761948656272,0.31214597022262075
v3.1,c530bf2cab2728a7,1180,9978e069e1ee,3,arctan,common,5,0.3,0.30342633166960264,0.01937787197825936,0.0033200466628241147,0.002698615931671213,0.00048836669215020115,0.063863514651588307,0.010941854138220523,0.0088938093039654317,0.0016095066287192829,0.00063125102683257272,0.0031869818519633017,0.075324564024849786
v3.1,c530bf2cab2728a7,1181,59d9a648627e,4,fermi,common,3,0.5,0.34554954204645605,0.01373439291577448,0.00081694396331130647,0.00088235043400526386,7.7815877783255586e-05,0.039746523275461361,0.0023641876602501057,0.0025534701298682077,0.00022519456203705208,8.4994366768189895e-05,0.00095744124261917395,0.074734735730171059
v3.1,c530bf2cab2728a7,1182,efc5fc1163ab,2,fermi,common,2,0.7,0.068978376171976219,0.0029002133367386981,0.00014482160484344345,0.00016773036300889968,1.1695369378989927e-05,0.04204525385619276,0.0020995218049548693,0.0024316368740069493,0.00016955124240430284,2.2908758165456236e-05,0.0001794257323878896,0.054341833357379382
v3.1,c530bf2cab2728a7,1183,f52468e34ccc,3,fermi,independent,10,0.05,0.13528982860901378,5.4201679755199725e-05,3.7183226066268856e-08,3.2173517438024132e-08,2.1379203080494878e-11,0.00040063381196114915,2.7484125339332047e-07,2.3781179833559601e-07,1.5802520633151629e-10,5.5777505919928274e-08,3.2194887173512898e-08,0.07544342282663917
v3.1,c530bf2cab2728a7,1184,b7d03e6c76ed,4,fermi,independent,10,0.2,0.28990681318470241,0.0025356320857509353,3.5656072851379245e-05,3.6831442714844649e-05,6.3671054945954186e-07,0.0087463694209058123,0.00012299149668021917,0.00012704579899396496,2.1962593512898488e-06,2.4459906732418282e-06,3.746814568237016e-05,0.17343188808513374
v3.1,c530bf2cab2728a7,1185,564a798a4308,2,fermi,common,2,1,0.041183909233297608,0.0093686005668859821,0.015255883707091777,0.00058793851001555895,0.0019530740058963829,0.22748206135107188,0.37043311310421306,0.014275927685373896,0.047423230146333532,0.015843822217107336,0.0025410125159119417,0.42899046402941449
v3.1,c530bf2cab2728a7,1186,6141726c6596,3,fermi,independent,2,0.2,0.40409444083353363,0.0049429526866274194,0.00016909634036592686,9.923585128424555e-05,2.3752645173089827e-06,0.012232171955722758,0.00041845747745781526,0.00024557588834815393,5.8779935512339076e-06,7.2494993491309024e-05,0.00010160502867177019,0.28085515538445388
v3.1,c530bf2cab2728a7,1187,3d196cd8b9dd,4,fermi,common,2,1,0.20389432555239353,0.095244199618623321,0.097056973839009159,0.085495249509379423,0.085060631031453754,0.46712530797797497,0.47601606163418703,0.41931156876364473,0.41717998184111416,0.011614333544690898,0.17055429624093146,0.10146208752598829
v3.1,c530bf2cab2728a7,1188,858e5b4879f5,2,fermi,independent,1,1,0.2081087434690527,0.081687900085517823,0.02406796384082217,0.044459515785779613,0.024664333390193159,0.39252507474615267,0.11565090173350287,0.21363598205757783,0.11851656484515234,0.020391551944957443,0.069123849175972765,0.36223715811487706
v3.1,c530bf2cab2728a7,1189,c15d1474e513,3,arctan,independent,1,0.3,0.32599134527746443,0.039308666049518479,0.012896944405928099,0.012725235052594729,0.0059836859512093117,0.12058193144993246,0.039562229466401901,0.03903549967488789,0.018355352183096623,0.00020704219966513393,0.018708733629700439,0.21475836223739567
v3.1,c530bf2cab2728a7,1190,7f646e278735,4,arctan,common,1,0.2,0.28536820184050998,0.017805585648316861,0.0069054081162959963,0.0024671288987270132,0.00046838946474884931,0.062395128586429753,0.024198239578757882,0.0086454232910850807,0.0016413512848590904,0.0048593465837035591,0.0029340403070346652,0.17736422181566538
v3.1,c530bf2cab2728a7,1191,9e2fc1005c70,2,fermi,independent,2,0.1,0.44575276381637974,0.0015999145422594336,6.5352027746767456e-05,7.9352920911312463e-06,4.1610384579420693e-08,0.0035892420016906301,0.00014661048242807555,1.7802003117584831e-05,9.3348573373201523e-08,5.7416735655636215e-05,7.9769024757106678e-06,0.23505140863807514
v3.1,c530bf2cab2728a7,1192,c15c1a67a87d,3,fermi,independent,3,0.1,0.29892991366986638,0.0005580138006349185,4.307165905537542e-05,1.7995072024418579e-06,7.6808870361879257e-09,0.001866704451837431,0.00014408614556702781,6.0198298000688088e-06,2.5694608284236752e-08,4.3911241610052149e-05,1.8070906863727903e-06,0.2305895589829301
v3.1,c530bf2cab2728a7,1193,daff2759c2c7,4,arctan,common,3,0.7,0.15328089161773592,0.054689790529943737,0.066403887885778362,0.06903132844663433,0.15258055061562673,0.35679457467101305,0.43321699909850248,0.45035834354871934,0.99543099603141816,0.0032475523572130143,0.22152859192979749,0.16567072981620459
v3.1,c530bf2cab2728a7,1194,3f027ba0b990,2,arctan,independent,1,0.2,0.099216335220268181,0.0013197769960011047,0.0021877609591329219,5.7126896292232541e-06,4.9162126424871299e-06,0.013302013152079186,0.022050410895301846,5.7578115705852543e-05,4.9550435737953286e-05,0.0021820482695036987,7.9647698673612433e-07,0.1089361914708737
v3.1,c530bf2cab2728a7,1195,80cc14ab3bec,3,fermi,independent,2,0.5,0.17205323812580223,0.0099365163818002956,0.00060378765062058404,0.00096877892056090647,0.00011376120528545683,0.057752568275029462,0.0035093071028346784,0.0056306927501855722,0.0006611976997624229,0.00036680270369557729,0.0010824931301595783,0.00947927298611566
v3.1,c530bf2cab2728a7,1196,f4bd2f263255,4,arctan,independent,2,0.05,0.20957095783900792,0.00059432644330157324,4.3969593817907795e-05,5.1002596802290186e-06,7.271488865837358e-08,0.0028359198690027167,0.00020980766739485521,2.4336672088634677e-05,3.4697025488728762e-07,4.7252878944598792e-05,5.172931341446151e-06,0.13437093895573554
v3.1,c530bf2cab2728a7,1197,f5f98cf990fb,2,fermi,common,10,1,0.22537210613995254,0.04602114020258552,0.015071392647013153,0.01415589606206479,0.0049441533601883849,0.20420069276011962,0.066873371798966352,0.062811216101757508,0.021937734198207045,0.00091549658494836234,0.019100049422253174,0.158912141159257
v3.1,c530bf2cab2728a7,1198,3030224ed365,3,fermi,independent,3,0.3,0.2443328783045062,0.0053622647193203006,0.00031798160127694095,0.00024459917733306167,1.5718451917804777e-05,0.021946554047619572,0.0013014278040822983,0.0010010899025559041,6.4332119471106327e-05,0.00051437294610640039,0.00026031404192942514,0.22087169940748136
v3.1,c530bf2cab2728a7,1199,015b859dec99,4,arctan,independent,2,0.1,0.39755669405850302,0.0068360913441004763,9.0403846053491583e-05,0.00035960888676623507,3.0793784354169079e-05,0.017195261572163344,0.00022739862616975097,0.00090454743220426393,7.745759237457985e-05,0.00027855835476022064,0.00039040218084416747,0.076915607916908088
v3.1,c530bf2cab2728a7,1200,577cc41f32a6,2,arctan,independent,2,0.5,0.32192232847247643,0.06096272534004521,0.031653860034896814,0.034039878583758336,0.029960520806623363,0.18937091325511263,0.098327631342301075,0.10573941467582502,0.093067545046614908,0.0023860185488615232,0.064000399390381699,0.32135869563884756
v3.1,c530bf2cab2728a7,1201,3a4bef9f2208,3,fermi,independent,10,1,0.29382023571624816,0.027317487299412829,0.0037983933521536879,0.0037925654416981905,0.00062457420393324586,0.092973471458903265,0.012927609777775555,0.012907774825151238,0.0021257017999822777,2.1095526935089319e-05,0.0044171288234219246,0.083387072603806026
v3.1,c530bf2cab2728a7,1202,6d72ae025d29,4,arctan,common,5,0.05,0.3298949531542415,0.00065560103179210423,1.6825485075385687e-05,2.9815268930838505e-06,1.9628973790197084e-08,0.0019873023989111457,5.1002553735700763e-05,9.0378069278612016e-06,5.9500679239004936e-08,1.4241185619772712e-05,3.0009705835849172e-06,0.084308710932143954
v3.1,c530bf2cab2728a7,1203,27f6beba6da3,2,arctan,independent,5,0.5,0.35354921151697688,0.057646855580424018,0.025165688883762964,0.024285879682606877,0.015023577408187853,0.16305185728764071,0.071180158416375219,0.06869165279255815,0.042493596135389611,0.00087980920115608859,0.039309457090794725,0.38980344493142227
v3.1,c530bf2cab2728a7,1204,14bf9a612e11,3,arctan,independent,1,0.5,0.25175152446676613,0.055426852240352431,0.034252765726169782,0.043435459488708639,0.055320678847252718,0.22016491204075853,0.136057828443027,0.1725330544897756,0.2197431732118692,0.013794449262241779,0.098676322021329588,0.12269943182357192
v3.1,c530bf2cab2728a7,1205,bb091504a20f,4,fermi,independent,3,0.1,0.18948529585406373,0.00040352835663967802,3.4746369483610126e-05,1.8561920415174875e-06,1.2451799240394998e-08,0.0021296024835112497,0.00018337237898591777,9.7959687750498308e-06,6.5713802141064415e-08,3.639762654786937e-05,1.8685725393638684e-06,0.15799039359514372
v3.1,c530bf2cab2728a7,1206,3238a4d4be64,2,fermi,common,5,0.3,0.32218884818115479,0.0033825468523466943,3.7673959313764544e-05,5.044511902638358e-05,8.7689944593197989e-07,0.010498646590166319,0.00011693129519052093,0.00015657003434836505,2.7216939719742628e-06,1.2771159712619031e-05,5.1322018472315556e-05,0.29549414968524423
v3.1,c530bf2cab2728a7,1207,9d288503ba65,3,arctan,common,10,1,0.23276245493061032,0.050068025871969131,0.02664412039686798,0.026765929722596487,0.03089343763116853,0.21510353070857194,0.1144691501247955,0.11499247045910294,0.13272517528816358,0.00017770034650891155,0.056635815556264429,0.027349268550623831
v3.1,c530bf2cab2728a7,1208,bdfca3bb4c6a,4,arctan,independent,5,0.5,0.082874061070488184,0.0075780243222219948,0.0032050215644135122,0.0018389693142242653,0.00065344432607349252,0.09144024347710604,0.03867339820221305,0.022189926383119292,0.0078847870809384876,0.0015846835506139292,0.0024911948076202523,0.027584142134170805
v3.1,c530bf2cab2728a7,1209,3caa2afd3000,2,fermi,independent,10,0.2,0.22075257213873695,0.00064713022624671547,4.5721195771759008e-06,3.4730900327627215e-06,2.4659029879987911e-08,0.0029314730966759103,2.0711512137228685e-05,1.5732953863749229e-05,1.1170438306145935e-07,8.0452096099386219e-06,3.497749062642709e-06,0.39720008120458344
v3.1,c530bf2cab2728a7,1210,460dc44d76cf,3,arctan,common,10,0.2,0.1741626664692453,0.0042667266122216243,0.00024464883803633405,0.00024661541568989727,1.7612033439436885e-05,0.024498514513585888,0.0014047145866335001,0.0014160062009239284,0.00010112404567799222,5.6412016395142168e-06,0.00026421541963533374,0.080445613826208157
v3.1,c530bf2cab2728a7,1211,549e91970ff5,4,fermi,common,10,0.05,0.29098362606124767,0.00010375140719398624,1.2904739664884148e-06,6.9245551909707359e-08,6.3763528803871118e-11,0.00035655410786635856,4.4348679819420136e-06,2.37970613147601e-07,2.1913098570862492e-10,1.3533949613777992e-06,6.9309223002726563e-08,0.17397643690917045
v3.1,c530bf2cab2728a7,1212,0395401c90c5,2,arctan,independent,1,0.5,0.30757676796096595,0.09760940200655549,0.067463331087916967,0.075931723574903187,0.075866275265425553,0.31734972265181921,0.21933818843066399,0.24687080262362193,0.24665801571545748,0.0084683924869862169,0.15179799884032874,0.44044732178745427
v3.1,c530bf2cab2728a7,1213,95a5f86a4bc4,3,arctan,independent,2,0.5,0.23279013828861619,0.049162570739511725,0.029160762214445957,0.030689144346450762,0.031717091500297181,0.21118837378995559,0.12526631252004358,0.13183180598656619,0.13624757360199652,0.0042332771422024813,0.062388692583063815,0.21271690252364026
v3.1,c530bf2cab2728a7,1214,ae41919c00d3,4,fermi,independent,1,0.3,0.20644676565838369,0.0034393311239491915,0.000947674631266555,0.00010004138671180281,4.4720343160000916e-06,0.016659651280952495,0.0045904067726336428,0.00048458684442334924,2.166192481504001e-05,0.00086950849245963368,0.00010378186449301628,0.025667001256755223
v3.1,c530bf2cab2728a7,1215,09fa27fa7a84,2,fermi,independent,2,0.1,0.093877598960684511,0.00014175358344917661,7.3762358729293059e-05,2.7710091407534553e-07,2.8684776697305201e-10,0.001509983052597482,0.00078572907217391006,2.9517256208416033e-06,3.0555507399926417e-09,7.3485257815217721e-05,2.7738776184231863e-07,0.3488169362085603
v3.1,c530bf2cab2728a7,1216,d9f7c1429693,3,fermi,independent,3,0.7,0.25813895387280361,0.029777035814983276,0.0062628156045390166,0.0067351390446999185,0.0020569472063739565,0.11535274071675261,0.024261412354002879,0.026091137907139024,0.0079683719776268425,0.00054027578447363471,0.0087891466966541418,0.15624255538253295
v3.1,c530bf2cab2728a7,1217,5cd4cca78999,4,fermi,independent,2,0.1,0.075111648019962771,0.00018122227911675126,2.8438171346185122e-05,9.4455453049124983e-07,7.1885819099922291e-09,0.0024127054044745092,0.00037861200087937065,1.2575340248694998e-05,9.5705288054413166e-08,2.887899125037322e-05,9.516646247812398e-07,0.017562734596087301
v3.1,c530bf2cab2728a7,1218,facb679acb40,2,fermi,common,3,0.3,0.03585080232088201,0.00062761020260993763,0.00045527562449469553,1.1424429586928714e-05,1.1702175185515956e-07,0.017506168955230706,0.012699175332807301,0.00031866593904020745,3.2641320215865273e-06,0.00044385119490776684,1.1307407835073556e-05,0.45175029961145696
v3.1,c530bf2cab2728a7,1219,77f3c7eeff69,3,fermi,common,2,0.3,0.13830862032218783,0.0011603860385836795,0.00032622189166516533,2.3989903212444656e-05,1.0488849298782606e-06,0.0083898316379743924,0.0023586519112491788,0.00017345197397357115,7.5836555048766963e-06,0.00033609357209680665,2.4935187381365481e-05,0.11620835138634174
v3.1,c530bf2cab2728a7,1220,da49fa3361e2,4,arctan,independent,10,0.2,0.10822776154440879,0.0010067465772531524,3.0394617386494434e-05,3.1342106251126569e-05,1.8457473343648047e-06,0.0093021103170470455,0.00028083937940472602,0.00028959396188071445,1.7054287255192326e-05,6.1900505176095514e-06,3.3146694728629413e-05,0.038425266325714413
v3.1,c530bf2cab2728a7,1221,e5d71728a21d,2,fermi,independent,3,1,0.043246701660257215,0.0069542955782943752,0.0013376269314468968,0.0020680505420030038,0.00077878097690426665,0.16080522470654041,0.030930149123398861,0.0478198443490431,0.018007869895427183,0.00073042361055610709,0.0028468315189072706,0.47192204483004108
v3.1,c530bf2cab2728a7,1222,d89bb5473545,3,arctan,common,3,0.7,0.094821047907382355,0.037020379961741914,0.045608221986003311,0.042622553684689847,0.075312632317775477,0.39042365359537085,0.48099259597459537,0.44950519557980373,0.79426070455726283,0.0030231913542843221,0.11792228035418308,0.27100396856905512
v3.1,c530bf2cab2728a7,1223,3bbaa3584fab,4,arctan,independent,5,1,0.13322841641725655,0.038485114865350896,0.037977076530345009,0.038654830818636063,0.070643147542162527,0.28886566319920676,0.28505237509845527,0.29013953522928204,0.53024084081969469,0.0010144867702700196,0.10908072834456019,0.10262689358347785
v3.1,c530bf2cab2728a7,1224,0dc8ee74bebb,2,fermi,common,10,0.05,0.017110046930285762,5.6112389938077569e-06,1.970253422034153e-06,3.0117095996008941e-09,2.0084254741062846e-12,0.00032794994757586214,0.00011515184207628863,1.7601994967471398e-07,1.1738281503782766e-10,1.9732651316337539e-06,3.0137180250750005e-09,0.39025952636908251
v3.1,c530bf2cab2728a7,1225,ad5577c5680e,3,arctan,independent,2,0.2,0.27896601419535921,0.0090809302507070932,0.0012704540583824569,0.00091099141505826206,0.00019228162256648693,0.032552102365945336,0.0045541535303033759,0.0032655999967806009,0.00068926540432209273,0.00038202749170631169,0.0010966572555031067,0.022369823389978234
v3.1,c530bf2cab2728a7,1226,86693f905c6d,4,arctan,common,2,0.1,0.16334053531270479,0.0013575663174075605,0.00010652361579486921,2.8384774526590804e-05,1.002617591084735e-06,0.0083112640399309844,0.00065215664679276765,0.00017377667137094909,6.1382043909999995e-06,7.9397569083053588e-05,2.9369674056660256e-05,0.022427395706482157
v3.1,c530bf2cab2728a7,1227,ec56153dccf5,2,arctan,common,2,0.3,0.15841639306073083,0.013015113083210997,0.00044874213939071866,0.0027569229876345767,0.00089343149164293402,0.082157615331018785,0.0028326748938077889,0.017403015776136736,0.0056397666578636612,0.0032056651270252951,0.0036503544792775107,0.30370115567830386
v3.1,c530bf2cab2728a7,1228,e3eec7779a69,3,fermi,common,2,0.2,0.22647248909447004,0.00063794086214874533,7.200654215058254e-05,6.3924117675911934e-06,1.2366160620975592e-07,0.0028168580859401276,0.00031794829667168074,2.8225996866774764e-05,5.4603367810459346e-07,6.7202828730434671e-05,6.5148062390178243e-06,0.04280655204253813
v3.1,c530bf2cab2728a7,1229,34a1433c371a,4,arctan,common,3,0.1,0.15090716542107269,0.00094548882545205325,0.00034019885591720891,1.4460290059562763e-05,3.3040164319971658e-07,0.0062653673390118897,0.0022543585320681102,9.5822421812871231e-05,2.1894364146182501e-06,0.00032835878589883717,1.4773571646529419e-05,0.039720280015810627
v3.1,c530bf2cab2728a7,1230,8e89105f9c50,2,arctan,independent,3,0.7,0.24636783389839631,0.1085098329996393,0.11951655199418411,0.11666976313881278,0.17129368443878371,0.44043831243160364,0.48511427041029026,0.47355923576828679,0.69527617192683655,0.0028467888553713305,0.28796344757759645,0.16549063975972603
v3.1,c530bf2cab2728a7,1231,454df16cd669,3,fermi,common,3,0.5,0.18885745453018746,0.0060912843702947399,0.00073813090801325837,0.00035179797958076432,2.4279336358923223e-05,0.032253343588939949,0.003908402291291465,0.0018627698888345021,0.00012855905751415469,0.00040527693151683783,0.00037601834468062203,0.079844069579847063
v3.1,c530bf2cab2728a7,1232,13c77908a007,4,fermi,common,1,0.05,0.25895446919828674,0.00037304309191555084,7.4663493887563171e-05,1.4313692951209437e-06,6.2045769361155335e-09,0.0014405740633497393,0.00028832672445746363,5.5274940786015737e-06,2.3960107563791696e-08,7.6048545976132591e-05,1.43757278698454e-06,0.13493138422205991
v3.1,c530bf2cab2728a7,1233,191ed318c0b8,2,arctan,common,10,0.5,0.43117201607445627,0.066840360584172726,0.020796993371247376,0.020788906487284858,0.0081875856835283804,0.15502017313811595,0.048233634363822164,0.048214878777510822,0.018989139782472617,8.0868839625184533e-06,0.028976492170813235,0.44160268217369958
v3.1,c530bf2cab2728a7,1234,2a2d07d3ed1c,3,fermi,independent,3,0.2,0.09154844197709347,0.00072770140252073514,9.7683937503061778e-06,1.1687847840247855e-05,2.4185327573679567e-07,0.0079488125281565666,0.00010670191146180673,0.0001276684516725287,2.6418065727138239e-06,1.848849423380411e-05,1.1929655091417031e-05,0.050593837925722536
v3.1,c530bf2cab2728a7,1235,3c5e751be2af,4,fermi,independent,10,0.5,0.22570568656465095,0.0057227317761441507,0.00030356150828311307,0.00025149753517420865,1.5598701135563371e-05,0.025354840913611346,0.0013449439972180815,0.0011142720371919823,6.9110802536626788e-05,9.2331639335619284e-05,0.00026678157125179284,0.17958950091517759
v3.1,c530bf2cab2728a7,1236,73edd26337d1,2,arctan,common,10,0.2,0.42413371096368829,0.016986420312665743,0.0013306450001702675,0.0013158771495325918,0.00012778299553051816,0.040049682148750529,0.0031373243054575051,0.003102505449384685,0.00030127997899572325,1.4767850637675823e-05,0.00144366014506311,0.23759276481794708
v3.1,c530bf2cab2728a7,1237,72669a59c435,3,arctan,independent,10,0.05,0.27947796629688054,0.00031686560660611565,1.6777543453378682e-06,9.8779235785651633e-07,4.9019656967639616e-09,0.0011337767009135863,6.0031721554594513e-06,3.5344194425946836e-06,1.753972150905363e-08,2.5290197263928264e-06,9.9267305121493526e-07,0.17550039848253063
v3.1,c530bf2cab2728a7,1238,eb8bafe4ac56,4,arctan,independent,3,0.3,0.32020753294620974,0.025432611818304966,0.0069427311128869079,0.0069352758887904157,0.0034693121950306219,0.079425401346124108,0.021681973091036515,0.021658690615362387,0.01083457394993083,9.1484623831279596e-05,0.010384404601071011,0.059589559043627553
v3.1,c530bf2cab2728a7,1239,75957eb99251,2,arctan,common,10,0.3,0.18330308374479534,0.01036372572008039,0.0010819892908728972,0.0010819893543681427,0.00013562442699435558,0.056538741784122631,0.0059027337062114152,0.0059027340526062724,0.00073989168225439882,6.3495245570778277e-11,0.0012176137813624983,0.10957515128787303
v3.1,c530bf2cab2728a7,1240,8e24ca287586,3,arctan,common,1,1,0.19034450487043167,0.15175890204773254,0.30584727190199901,0.26670725058530226,0.63126600189135218,0.79728543858429479,1.6068090440025604,1.4011817717924195,3.3164393283696723,0.069717240495283772,0.89670984296417766,0.18354391120064778
v3.1,c530bf2cab2728a7,1241,c164674cbbfd,4,fermi,independent,1,0.5,0.19525719981692152,0.031563173771454352,0.0019308669590219914,0.0090017425210262986,0.0029040042139930737,0.16164921857452039,0.0098888387257034562,0.046101974879628395,0.014872712589937514,0.0088512807320359817,0.011904485604476387,0.1532559339879607
v3.1,c530bf2cab2728a7,1242,28b3f6796204,2,fermi,common,5,0.7,0.20996192914404566,0.034179669751063908,0.0087038991869407591,0.0077653741024812459,0.0018876613817930365,0.16278984428464999,0.041454654291013852,0.036984676860888258,0.0089904936075244149,0.00093852508445951247,0.0096530354842742829,0.10364214093391511
v3.1,c530bf2cab2728a7,1243,8246d62fe1d2,3,fermi,independent,10,0.3,0.23001593143021035,0.0069780862180611556,0.0002824886421882865,0.00027794172033022833,1.1598063410057641e-05,0.030337403912295495,0.0012281264190345746,0.0012083585628265895,5.0422870007057037e-05,4.574561749717754e-06,0.00028953954459693711,0.054249024461117588
v3.1,c530bf2cab2728a7,1244,466d75497f3f,4,arctan,independent,5,0.05,0.16755116255945895,0.00016672988135434591,6.6520945397222625e-06,5.3264501024760234e-07,2.9592536986535072e-09,0.00099509832583333105,3.9701870390553873e-05,3.1789991911192043e-06,1.766179149967614e-08,7.1806871332669657e-06,5.3559214275899296e-07,0.00014099155942060658
v3.1,c530bf2cab2728a7,1245,d6c2c9f45941,2,arctan,independent,1,0.05,0.42237777346179439,0.0018615530386551081,3.3141523883930438e-05,1.5022495350953338e-05,1.4455237503747456e-07,0.0044073177037652345,7.8464175830805671e-05,3.5566491171705031e-05,3.422348052378041e-07,1.8119028532977102e-05,1.5167047725990813e-05,0.48968282564057308
v3.1,c530bf2cab2728a7,1246,0d70dc56c929,3,fermi,independent,5,0.5,0.34175973341349852,0.015002812003833629,0.001401110714700169,0.0013748933316371174,0.00016463203378519131,0.0438987116884293,0.0040996951299846407,0.0040229822217634405,0.00048171863941034082,2.6425035183223392e-05,0.0015387163483932835,0.058511234545480392
v3.1,c530bf2cab2728a7,1247,a28591eebb0e,4,arctan,common,2,0.2,0.27095211945276015,0.014172697672586545,0.00094382499347100838,0.00253970453069941,0.00082720894563560873,0.052307019045324428,0.0034833644976730361,0.0093732595110487833,0.0030529709356262504,0.0031035232443826165,0.0033621904172605392,0.17226895527495512
v3.1,c530bf2cab2728a7,1248,ab9dc1a0c2cf,2,arctan,common,10,0.1,0.49296804791269699,0.003243398866344008,3.8589403078202996e-05,3.8590374493308124e-05,5.4806778174806446e-07,0.0065793287822143052,7.8279724703449852e-05,7.8281695247198562e-05,1.1117714100714402e-06,9.7141510512293057e-10,3.9138442275056188e-05,0.47253420433671584
v3.1,c530bf2cab2728a7,1249,2076ae9cde73,3,fermi,independent,10,0.2,0.37693226352623704,0.0047496119141817702,9.3907507662212717e-05,8.2228965195346227e-05,1.5807498715606097e-06,0.01260070408871,0.00024913629516268808,0.00021815316212543459,4.1937239778111452e-06,1.17079982292252e-05,8.3808570902298968e-05,0.064370972761523204
v3.1,c530bf2cab2728a7,1250,12cde1512591,4,arctan,independent,5,0.5,0.18788034855750416,0.013660407922451693,0.0025118572819840894,0.0027872772244248454,0.00093164431442990673,0.072708018839291649,0.01336945189462053,0.01483538457228138,0.0049587108049502062,0.00041840937555599316,0.0037144103924543108,0.0023979728559582374
v3.1,c530bf2cab2728a7,1251,bcf1614a96ab,2,fermi,common,3,0.1,0.28964803413324725,0.00052900773888565368,2.0891804009729766e-05,1.7805792075247306e-06,7.6188199586009313e-09,0.0018263812508469966,7.2128243757107202e-05,6.1473892369164432e-06,2.6303717135176665e-08,2.2672383217254495e-05,1.7881980274833314e-06,0.38710841851186356
v3.1,c530bf2cab2728a7,1252,0eccd8f2581c,3,arctan,common,3,1,0.097703704659534193,0.031828711083097712,0.038296010805037708,0.033840102571995566,0.099243692290581761,0.32576769933146826,0.39196068294940217,0.34635434439172369,1.0157618141135378,0.026219525151988186,0.12855674195935707,0.12572152705093409
v3.1,c530bf2cab2728a7,1253,aba239ef1a23,4,arctan,independent,3,0.3,0.17611348134644528,0.010431991708371391,0.0021585011384995171,0.0021986042939840791,0.0007776046946630803,0.05923448692635791,0.012256308387052875,0.012484020400795151,0.0044153615539142014,9.1286444110188545e-05,0.0029748705421234196,0.043056566677229312
v3.1,c530bf2cab2728a7,1254,9b94d8bbd634,2,fermi,common,10,0.05,0.49959190616370003,0.00021044739486451015,1.070149473649512e-07,1.067701418459874e-07,5.5010622933297018e-11,0.00042123859948114007,2.1420472598666536e-07,2.1371471500781738e-07,1.1011111720307139e-10,2.4480551896381096e-10,1.068251524689207e-07,0.46636320418688809
v3.1,c530bf2cab2728a7,1255,58eb3d974e24,3,fermi,common,3,0.7,0.24694352181829909,0.044600697326373347,0.026666928696844578,0.012144378632939819,0.003392337738315774,0.18061092268373216,0.10798796623815096,0.049178769880327725,0.013737302008723494,0.014522567998175192,0.015536688603500349,0.024801053819629975
v3.1,c530bf2cab2728a7,1256,1934f9eab7ff,4,fermi,common,5,0.05,0.19541307645074563,2.4463114493712951e-05,1.5004751066043198e-07,5.4658479521995959e-09,2.0642234822051243e-12,0.00012518668114760959,7.6784785023458675e-07,2.7970737943820648e-08,1.0563384598908442e-11,1.489408596952744e-07,5.4678399991250919e-09,0.013459135349428221
v3.1,c530bf2cab2728a7,1257,6003fb1d2ea6,2,arctan,common,2,0.3,0.46957482969889736,0.029424423554998944,0.0036712904669136018,0.0036513761055187756,0.0005750430788919274,0.062661841508554861,0.0078183289110017266,0.0077759195650672448,0.0012246037106815517,1.9914361394826123e-05,0.0042264191844107032,0.42742887588393808
v3.1,c530bf2cab2728a7,1258,552164082ecf,3,arctan,independent,2,0.7,0.24585461356637761,0.093084920519972886,0.10931494428146037,0.10836874901967586,0.20372839549832761,0.37861774961095512,0.44463247077503681,0.44078387404520958,0.82865394528512082,0.0015422998801841534,0.31206612478506424,0.12651185522811637
v3.1,c530bf2cab2728a7,1259,7526b75dcbc6,4,fermi,common,3,1,0.25604489620674248,0.034347670953270931,0.0075974814054035325,0.0069875432126081001,0.001678846339588111,0.13414706351161571,0.029672457908588714,0.027290304615039212,0.0065568436022740827,0.0010708474344255114,0.0086571088462966891,0.026203425542894555
v3.1,c530bf2cab2728a7,1260,348401253e23,2,fermi,common,1,0.7,0.15839639748064499,0.056055215264314173,0.0018427999829394354,0.016212641767228832,0.0047029721096534119,0.35389198337773908,0.011634102872602348,0.10235486428414454,0.029691155761469162,0.01805544175016827,0.020915613876882247,0.37940855963375159
v3.1,c530bf2cab2728a7,1261,995792541aac,3,arctan,independent,10,0.3,0.10362180836343145,0.0023152220573533031,0.00026244117967511054,0.00015663068217748754,1.7387235399274564e-05,0.022342999933307035,0.0025326828765104537,0.0015115609797904583,0.00016779513573332493,0.00013864889610607547,0.00017401643818156136,0.16157539114013567
v3.1,c530bf2cab2728a7,1262,8347be413467,4,arctan,common,1,0.5,0.24510522401406584,0.059160851131958132,0.05585310885767545,0.041418162822444211,0.044860674309521523,0.24136919712720228,0.22787400424590792,0.16898115080593856,0.18302618595737113,0.052095390849588599,0.085447777851179449,0.096344900233741579
v3.1,c530bf2cab2728a7,1263,521002b70dc0,2,fermi,independent,3,1,0.32064522157167547,0.057870230190566654,0.017947174067642714,0.019155758114883122,0.0082177117519873135,0.18048056324341832,0.055972061519185594,0.059741286712426921,0.025628673683978063,0.0012085840472404099,0.027373469866870438,0.32834913177648417
v3.1,c530bf2cab2728a7,1264,60b80618430f,3,fermi,common,1,0.05,0.35691382071935557,0.0001243209021529171,2.1772797029261574e-06,7.5036351077394102e-08,5.9055291283178849e-11,0.0003483219055579013,6.100295299682921e-06,2.1023660817101234e-07,1.6546092601332616e-10,2.2438800858040603e-06,7.5095159214980899e-08,0.098014871744404888
v3.1,c530bf2cab2728a7,1265,39eb1ac3a5a1,4,fermi,independent,2,1,0.056620787265052465,0.0073055376281183637,0.0006126859353855369,0.001885861475608688,0.00072409397933674894,0.12902571619005895,0.010820865709928048,0.033306874854646909,0.012788483069780185,0.0020410406556506332,0.0026066471540354547,0.010834438797830774
v3.1,c530bf2cab2728a7,1266,545708854831,2,arctan,common,5,0.2,0.3407659987525028,0.013193390598120865,0.001974136240313549,0.0012596695529468614,0.00016746215967490788,0.03871686332093003,0.005793231271724846,0.0036965822809738574,0.00049142860581150613,0.00071446668736668763,0.0014271317126217694,0.31036974730344963
v3.1,c530bf2cab2728a7,1267,ee8f7571fe06,3,fermi,independent,10,0.2,0.34512999120586846,0.0019109815041179312,1.4076706303205115e-05,1.5278320917710021e-05,1.4312793663404669e-07,0.0055369905624285181,4.0786679401641525e-05,4.4268308483792625e-05,4.1470732848792479e-07,1.4542945546096375e-06,1.5421062098528207e-05,0.10034530325912894
v3.1,c530bf2cab2728a7,1268,530592aff741,4,arctan,common,3,0.5,0.15975690446367971,0.038736676737579252,0.033863857943893606,0.03215399001112268,0.044559074089067931,0.24247262969711539,0.21197116993207929,0.20126823387738338,0.27891798629084175,0.0024188174652844275,0.076667734135802981,0.1440801730487688
v3.1,c530bf2cab2728a7,1269,32e35252f56c,2,arctan,common,10,0.7,0.24893126579894437,0.052935464291723543,0.022568541076436698,0.022577193178480236,0.012021294342952857,0.21265092643877934,0.090661737504138001,0.090696494496256955,0.048291620999758866,8.6521020435365315e-06,0.034598487521433088,0.22356436471591176
v3.1,c530bf2cab2728a7,1270,107ded0d216b,3,fermi,common,10,0.7,0.13185630937872073,0.0048544856713827553,0.00040957683060691011,0.00026428908640465146,1.6286915169576026e-05,0.036816483748529541,0.0031062361182164905,0.0020043719382858978,0.00012352018076583937,0.00014541537676906267,0.00028057459939569683,0.0099573020920784659
v3.1,c530bf2cab2728a7,1271,4435c065f326,4,arctan,common,10,0.7,0.19777351438250823,0.056691981833384954,0.039655320433284902,0.039678667881344255,0.048523468992304877,0.28665103115748136,0.20050875142254213,0.20062680286199927,0.24534867140226366,0.00026784665725164013,0.087379863949230779,0.05781657554908759
v3.1,c530bf2cab2728a7,1272,d722818b9ea2,2,arctan,common,1,1,0.10766302924107386,0.066570350372264928,0.091820810665654798,0.1608837414518148,0.52054925387270301,0.61832135730830873,0.85285367979061844,1.4943267209356677,4.8349861372292828,0.069062930786160007,0.68143299532451784,0.23751822697844885
v3.1,c530bf2cab2728a7,1273,3e37e9501607,3,arctan,common,1,0.3,0.053771948658148411,0.022859715569403107,0.028721942033098451,0.013245955957917372,0.0083422864876871138,0.42512343591511309,0.53414359624004493,0.24633579939844949,0.15514197822218878,0.041869078123621277,0.021583065555935695,0.21901609517632331
v3.1,c530bf2cab2728a7,1274,efbbf86663c2,4,arctan,independent,1,1,0.041669933687907036,0.011211463508180915,0.038521339544083828,0.014571078520800392,0.068184209971234963,0.26905402807095363,0.92443966512149844,0.34967846673173469,1.6362927400343474,0.028678888610079115,0.081640010855174125,0.047615279511237882
v3.1,c530bf2cab2728a7,1275,fedb1da992c5,2,fermi,common,1,0.7,0.42251923320825258,0.058252987349499033,0.013128229163977732,0.012056049558088632,0.0025688863018880292,0.13787061693541208,0.031071317308547348,0.028533729616389815,0.0060799274920151827,0.0010721796058891005,0.014624935859976661,0.45858345789421562
v3.1,c530bf2cab2728a7,1276,d08d523fadc0,3,fermi,common,5,0.05,0.044671124199090584,1.8791942398867324e-05,6.2438539239919174e-06,1.8105050897083729e-08,2.3298682287341324e-11,0.00042067314704495151,0.0001397738256186315,4.052965136134253e-07,5.2156024064905082e-10,6.2619589744395652e-06,1.8128310032884858e-08,0.12951333808971094
v3.1,c530bf2cab2728a7,1277,aaae7157400d,4,arctan,independent,10,0.05,0.25381311832963138,0.00055690605761773407,3.1945757163348299e-06,2.6129025242837165e-06,1.6620551657460892e-08,0.0021941578957099875,1.2586330199788888e-05,1.0294592105717309e-05,6.5483422475726804e-08,6.4957081201605571e-07,2.6295227289261533e-06,0.17491414574079553
v3.1,c530bf2cab2728a7,1278,d0f206a73594,2,arctan,common,1,0.7,0.041774275700931569,0.01051346098770913,0.023727688637640448,0.019774714369754153,0.038345007649169607,0.25167308855278797,0.56799760712814273,0.47337060997357222,0.91790957487060654,0.043502403007394601,0.058119722018923764,0.10615998574791741
v3.1,c530bf2cab2728a7,1279,8ee53913ab29,3,fermi,independent,5,0.1,0.30926790662413656,0.00079131980819187537,1.3816925802348217e-05,3.1720842373491796e-06,1.4771644969513849e-08,0.0025586871163893262,4.4676235414043074e-05,1.0256752056734802e-05,4.7763264965822383e-08,1.0871341809468997e-05,3.1868431961718318e-06,0.11410852134685384
v3.1,c530bf2cab2728a7,1280,9d92f2bce6bb,4,arctan,common,5,0.3,0.30700896257581611,0.021820114288645696,0.0040335357358314153,0.004575471978202305,0.0016270235022874363,0.071073215926903771,0.013138169328966514,0.014903382428362782,0.005299596105066938,0.00061295910059872341,0.0061984810690534926,0.12881130432880714
v3.1,c530bf2cab2728a7,1281,3d95105cf8f5,2,arctan,common,2,0.1,0.083191850135229561,0.00023723974770264525,9.9935808408206067e-06,2.0117548555378204e-06,2.9515888075367048e-08,0.0028517186156697873,0.00012012692138203316,2.4182114621416443e-05,3.5479302392468186e-07,1.2005335696358426e-05,2.0412707436131876e-06,0.080961258485723039
v3.1,c530bf2cab2728a7,1282,e2c61a931980,3,fermi,independent,10,0.5,0.20036845147991436,0.014394178096646264,0.0016552163582167958,0.0015908934186152589,0.00019688336979736386,0.07183854539140952,0.0082608631548101805,0.0079398398643348092,0.00098260663464327935,6.4636869351858143e-05,0.0017877590867776661,0.087436718818443379
v3.1,c530bf2cab2728a7,1283,a9d04e74de27,4,arctan,independent,3,0.2,0.32527506652537186,0.012334852266781222,0.0011922279381665626,0.0012235179861570778,0.00018238518643816845,0.037921296576905281,0.003665291505131603,0.0037614871598577997,0.00056071062681326727,7.1477232135200609e-05,0.0014058208158228916,0.081806038758443639
v3.1,c530bf2cab2728a7,1284,6a38e19d5940,2,arctan,independent,1,0.1,0.39999782639603421,0.0066568906823216206,0.00094831428845485778,0.00020521027667933577,7.6738137026477753e-06,0.016642317140320391,0.0023707986040802645,0.00051302847950018349,1.9184638506135288e-05,0.00074310401177552204,0.00021288409038198354,0.19729118827032113
v3.1,c530bf2cab2728a7,1285,18b704c124e8,3,fermi,independent,3,0.3,0.21836784434489609,0.0040533352187241958,0.00019838429975649395,0.00017198553773725499,9.3571425450133181e-06,0.018561960122307423,0.00090848677996363059,0.0007875955283307023,4.2850368254010847e-05,0.00012230730860457396,0.00018134237297622068,0.076503564419609732
v3.1,c530bf2cab2728a7,1286,fb1b707d602d,4,fermi,independent,10,0.5,0.32204978351725749,0.014900471135202986,0.001060590533034156,0.0010093467594524141,7.9393482453314024e-05,0.046267601774073304,0.0032932502591709483,0.0031341327059091991,0.00024652549548774842,5.149708330910345e-05,0.0010887340320374602,0.026393754057710581
v3.1,c530bf2cab2728a7,1287,ca4c4258b767,2,fermi,independent,5,0.7,0.16760526126363126,0.0081945688044382653,0.0012782900984115945,0.00066257428083771352,6.3987679214966506e-05,0.048892073808761802,0.0076267898082324178,0.0039531830674189332,0.00038177607750820185,0.00061571581757388096,0.00072656196005267996,0.22413735535446117
v3.1,c530bf2cab2728a7,1288,682a467342a4,3,fermi,common,2,0.3,0.16771861380281647,0.0024703402167309007,0.00057694994548236351,6.9427930993245899e-05,2.564987459013018e-06,0.014729076044208379,0.0034399875625055689,0.00041395483434457055,1.5293397678737221e-05,0.00052538257637282319,7.1977511132820387e-05,0.094615099713690046
v3.1,c530bf2cab2728a7,1289,72e257bae59b,4,arctan,common,3,0.7,0.11102649027136138,0.028175164076948627,0.026959466578341383,0.026333159323696748,0.037537377726264629,0.25376974457253687,0.24282012799332284,0.23717906653930526,0.33809388763455461,0.0032623517005567512,0.063859998556090244,0.063171276307244825
v3.1,c530bf2cab2728a7,1290,b654a25e3874,2,arctan,common,5,0.05,0.49146027538426951,0.00089282303181086172,3.720840957096836e-06,3.2659725317083031e-06,1.5538076402629397e-08,0.0018166738524548487,7.5709902579359754e-06,6.6454456144083279e-06,3.1616139047006958e-08,4.548684253885329e-07,3.2815106081109327e-06,0.45409853756454649
v3.1,c530bf2cab2728a7,1291,fb70ef12720c,3,fermi,common,3,0.05,0.34516659188135096,0.00030209805797111103,2.0941947546449674e-05,4.0120542000917981e-07,5.9600577379403301e-10,0.00087522392107679855,6.0672000242851859e-05,1.1623529896748868e-06,1.7267191779640904e-09,2.05632487287829e-05,4.018014253979194e-07,0.18673474968673739
v3.1,c530bf2cab2728a7,1292,f9fd73e22d91,4,fermi,common,10,0.2,0.18713531623585858,0.00086296172115495257,1.6060496744452137e-05,7.0224573238526856e-06,7.179376795441227e-08,0.0046114316555155568,8.5822906480196752e-05,3.752609323085673e-05,3.8364628012772323e-07,1.1020780037893105e-05,7.0941573722686981e-06,0.12482560012750632
v3.1,c530bf2cab2728a7,1293,294dca4d7a44,2,arctan,independent,1,0.3,0.059998221840917382,0.01457168391798299,0.0026176461087210091,0.0049448996757011894,0.0018629166823916576,0.2428685962830559,0.043628728125669813,0.08241743711692609,0.031049531556636766,0.0075625457844221994,0.0068078163580928474,0.40265556485446946
v3.1,c530bf2cab2728a7,1294,5b235bc1f3e3,3,fermi,common,2,0.3,0.25996132217235618,0.0101756079129477,0.0012332939060150944,0.00058342784150610077,3.5469498270144717e-05,0.039142776425029877,0.0047441438430498974,0.0022442870986757175,0.00013644144434158629,0.00065314435043301196,0.00061878983848668375,0.1087358585507537
v3.1,c530bf2cab2728a7,1295,cd48375dc2b0,4,arctan,independent,3,0.1,0.074872974950470975,0.00031752101102420067,0.00012441891719248667,3.6791321089944244e-06,6.1657414543369346e-08,0.0042407959779111647,0.0016617333193290464,4.9138318751568207e-05,8.2349358475679879e-07,0.00012242775968014424,3.7370664101600398e-06,0.093885513909433282
v3.1,c530bf2cab2728a7,1296,296d0bddd5bc,2,arctan,independent,1,0.2,0.11654249620212041,0.0096943455329876801,0.0035039645096750578,0.0011140294364574671,0.00015558076055695799,0.083182923387660354,0.030065981284613203,0.0095589975567830516,0.0013349702093829641,0.0046179939461325247,0.0012696101970144252,0.27598421421103214
v3.1,c530bf2cab2728a7,1297,b550f658a3fc,3,fermi,common,1,0.2,0.36292282942053039,0.0031645371050243246,0.000455104578351189,9.3313382304389107e-05,3.6762508649517426e-06,0.0087195867784814196,0.0012539982096961022,0.00025711631988921776,1.0129566307034248e-05,0.00053753670488456578,9.698562636884936e-05,0.068670574393313366
v3.1,c530bf2cab2728a7,1298,03aaefeebd9c,4,arctan,independent,3,0.2,0.26536553109839928,0.0094956355492426762,0.00092161122251254606,0.0010175990980115074,0.00017288068305244529,0.035783228929312724,0.0034729876887093017,0.0038347071445167273,0.00065148130707427864,0.00021662599852669513,0.0011901678668604313,0.14237887846677888
v3.1,c530bf2cab2728a7,1299,9a48826ac58c,2,arctan,common,1,0.1,0.45904035453460168,0.0031773155143577404,4.051600602420074e-05,4.0162568140471449e-05,6.1112871595787001e-07,0.0069216474825597053,8.8262405742688826e-05,8.7492456259516207e-05,1.3313180636971736e-06,3.5343788372928935e-07,4.0773696856429322e-05,0.34906108608257397
v3.1,c530bf2cab2728a7,1300,c7f3e9a00bf7,3,arctan,independent,2,0.05,0.03906543628308147,3.8265647006138479e-05,4.5665749032267523e-05,1.9659519139833101e-07,1.6357882798719404e-09,0.00097952693344706431,0.0011689553062036204,5.0324586156861331e-06,4.187303241715927e-08,4.5840525215396851e-05,1.9822656985768631e-07,0.050012546985470849
v3.1,c530bf2cab2728a7,1301,f7667483a7e5,4,fermi,common,2,0.2,0.23403981364224843,0.0039669130005581706,0.00038371155323424326,0.0001528704631065267,7.2386823352628934e-06,0.016949735768555879,0.001639514009444487,0.00065318144262498589,3.0929277470404632e-05,0.00027140922317541328,0.00016009861779554062,0.087240751444019674
v3.1,c530bf2cab2728a7,1302,0abac3969dd8,2,fermi,common,3,1,0.10038719237570125,0.021854186235921363,0.018024472689437958,0.0074343732297951883,0.0024640907796621811,0.21769894862814368,0.17954952482365458,0.074056989281778951,0.024545868066917022,0.010590099459642769,0.0098984640094573698,0.38712944091968249
v3.1,c530bf2cab2728a7,1303,5dcbe1772346,3,arctan,common,1,0.05,0.31145252716377581,0.00097441946942176711,0.00022764973889250479,6.3959202857840288e-06,7.0843150267145678e-08,0.0031286291952589401,0.0007309291755170003,2.0535779060867164e-05,2.2746050870826022e-07,0.0002312156727608325,6.4634294367730847e-06,0.045555747471662897
v3.1,c530bf2cab2728a7,1304,8102b47b9216,4,arctan,common,3,0.05,0.11735515076332165,0.00025214585159591895,5.9194720429157712e-05,1.9765618912165768e-06,2.9444600129827213e-08,0.0021485708122384773,0.00050440666680698018,1.6842566162288417e-05,2.5090164290453857e-07,6.1119705092887866e-05,2.0058458994199717e-06,0.083926925795120691
v3.1,c530bf2cab2728a7,1305,874742e6f1d6,2,fermi,common,1,0.7,0.21553042775240006,0.077638552350968254,0.046583230311113173,0.024196244388223702,0.0071286433907939498,0.36022084287866268,0.21613296459759121,0.11226370513225255,0.033074881654219554,0.022386985922889475,0.031324887779017652,0.43231812895823246
v3.1,c530bf2cab2728a7,1306,601160973932,3,fermi,independent,3,0.3,0.258980826720631,0.0070914891469152841,0.00035741317470446867,0.00029984076278119726,1.4181188121805243e-05,0.027382294035863314,0.0013800758119056399,0.0011577720504562404,5.4757675698915119e-05,5.7683414503253196e-05,0.00031399355273406049,0.11787347441205459
v3.1,c530bf2cab2728a7,1307,12ccdcf96a61,4,fermi,common,3,0.2,0.037700765795067086,0.00015695211217958664,3.7529476849929923e-05,2.8086038924068763e-06,1.0528413792118998e-07,0.0041631014349348535,0.00099545661894327947,7.4497263733946888e-05,2.7926259772411777e-06,4.006464224896852e-05,2.9128684574412207e-06,0.0097728139658374985
v3.1,c530bf2cab2728a7,1308,4cef932588b6,2,arctan,independent,2,0.05,0.44686363918044092,0.001240633184780858,5.5490246848608821e-07,8.7053623034137246e-06,8.5040465339042717e-08,0.0027763126734952305,1.2417713589402646e-06,1.9481026291106559e-05,1.90305180110445e-07,8.1504598349276374e-06,8.7904027687527679e-06,0.47419986042342521
v3.1,c530bf2cab2728a7,1309,08a477b3883b,3,arctan,independent,10,0.05,0.08431321314990603,2.5974811827562181e-05,1.0799140140536867e-06,3.3400066373302265e-08,9.306752839929297e-11,0.00030807522163080002,1.2808360323471913e-05,3.961427293005437e-07,1.1038308815703901e-09,1.1125189136752788e-06,3.3491362722104761e-08,0.099943051594754514
v3.1,c530bf2cab2728a7,1310,3125ff0b9bc2,4,arctan,common,5,0.3,0.069509089729565807,0.0049102446189348411,0.0010006930206044914,0.00072488343412777578,0.00014633844943927083,0.070641762653471496,0.014396577836047319,0.010428613537424091,0.0021053138518806629,0.00078825040259687532,0.00087057211148750284,0.043538446137627661
v3.1,c530bf2cab2728a7,1311,342016570982,2,arctan,independent,2,0.7,0.14122482887707477,0.033774729222347158,0.017422740448969735,0.027693408164119391,0.039048515567535774,0.23915574542310428,0.1233688196863377,0.19609447137814803,0.27649894057598379,0.010270667715149657,0.066741923731655162,0.22457088283581111
v3.1,c530bf2cab2728a7,1312,7a82b082b1b8,3,fermi,common,1,0.7,0.18276128067977074,0.050845638252514751,0.025529276840578086,0.014748501943503727,0.0040790624914444316,0.27820793366842878,0.13968646283076655,0.080698175722163187,0.02231907369149843,0.010946932291304371,0.01882390210625878,0.097189078356633665
v3.1,c530bf2cab2728a7,1313,98ee3e529e44,4,fermi,common,2,0.7,0.28379731904486721,0.051431332738802647,0.019241871094075838,0.017152034350401951,0.0076670489074357299,0.18122557644976048,0.067801454780599166,0.060437619383184808,0.027015931416264016,0.0024051145830070349,0.024753743688886054,0.14074937887171643
v3.1,c530bf2cab2728a7,1314,cbf6138660f3,2,arctan,independent,10,0.05,0.4733927607206922,0.00096958035880498057,6.3780145794280526e-06,4.1998578692472927e-06,2.4367704562593495e-08,0.0020481520615754523,1.3472987144370726e-05,8.8718252954553788e-06,5.1474603298741094e-08,2.1781567101807594e-06,4.2242255738098868e-06,0.36681904054812581
v3.1,c530bf2cab2728a7,1315,fbd3f4fd67e8,3,arctan,common,3,0.05,0.3365286027850366,0.0011303067084408559,2.4798472263776007e-05,1.154544917386718e-05,1.888329278932656e-07,0.0033587240403540339,7.3689047702184344e-05,3.4307482568553119e-05,5.6111999494404301e-07,1.463358715237415e-05,1.1733689900002956e-05,0.1007258702237061
v3.1,c530bf2cab2728a7,1316,62fb003d3915,4,fermi,common,1,0.2,0.23652624471240899,0.0037538825515638814,0.00035928506065303846,7.4413410868800537e-05,1.6232573588921208e-06,0.015870892281438821,0.0015190071659485029,0.00031460953079130569,6.8629058938716537e-06,0.00028619795968415021,7.6036175328261324e-05,0.024626691016010394
v3.1,c530bf2cab2728a7,1317,101d7ea50203,2,fermi,common,1,0.7,0.32824968854545306,0.023572588353726845,0.0022157027807811988,0.0023582751721484361,0.00026909500896113425,0.071812980107253704,0.0067500529569410033,0.0071843942414644008,0.00081978755304705313,0.00014257239136723703,0.00262737018110957,0.26403580912175134
v3.1,c530bf2cab2728a7,1318,32d553719d78,3,arctan,common,3,1,0.25700845033686542,0.11469090634665147,0.17327085575079137,0.17640769195992986,0.51574679474044105,0.44625344495997743,0.67418349678262435,0.68638868383008123,2.0067308840018403,0.0034461835937412799,0.69166465987781778,0.24203305837733805
v3.1,c530bf2cab2728a7,1319,071fef22df67,4,arctan,independent,2,0.7,0.17822766514127025,0.066845429240066784,0.098959682359004347,0.095475043455657757,0.22498955118467703,0.37505641555188679,0.55524310594859116,0.53569148975822856,1.2623716469962252,0.0040297483437350557,0.32043928901923535,0.11059398623419088
v3.1,c530bf2cab2728a7,1320,7d9122258c79,2,arctan,independent,3,1,0.30919721302240771,0.17213424887488318,0.29698764077180939,0.2970673375775239,0.8253755711452182,0.55671345544246065,0.9605120236005702,0.96076977755939619,2.6694146531178555,7.9696805714506239e-05,1.1224429087227421,0.49804274896548806
v3.1,c530bf2cab2728a7,1321,81a4b1476bdf,3,fermi,independent,3,0.05,0.32168114879097548,0.00019205227688165029,9.666861932702935e-07,2.0433253033817557e-07,2.8810444244979051e-10,0.00059702683108248762,3.0051067552560702e-06,6.3520206610225821e-07,8.956211563301687e-10,8.7560735620141674e-07,2.0461955920933403e-07,0.21149025276756048
v3.1,c530bf2cab2728a7,1322,14e893131715,4,arctan,independent,1,0.5,0.16172759999673661,0.059752642784914635,0.047207142590566013,0.071580334452369138,0.14005420986337713,0.36946472207662973,0.29189292731431477,0.44259813695258887,0.86598830296253204,0.027291435489970227,0.21163365444692375,0.15479401470396056
v3.1,c530bf2cab2728a7,1323,84ab6fa518bf,2,fermi,common,10,0.1,0.49850072016237568,0.00086641582627070772,1.8952128663941462e-06,1.8585713960467322e-06,4.1415619398702975e-09,0.001738043279031757,3.8018257341269683e-06,3.7283223892662446e-06,8.3080360215352839e-09,3.66414703474139e-08,1.8627129579866024e-06,0.44651063658968687
v3.1,c530bf2cab2728a7,1324,72a8e1082318,3,arctan,common,2,0.05,0.097326447235334956,0.00016754212257188267,0.00024805398153404955,1.1008627780668186e-06,1.671349319361548e-08,0.0017214449651775175,0.0025486801232377878,1.1311034249559495e-05,1.7172612037509517e-07,0.00024851460856194864,1.1156110691528378e-06,0.23871482472049949
v3.1,c530bf2cab2728a7,1325,ae1790742978,4,fermi,independent,1,0.7,0.12996013784587573,0.025389947300612281,0.033202728918679543,0.0083668633825432718,0.0043026133422066444,0.19536719275200451,0.25548394660873491,0.064380228593369351,0.033107177427814549,0.036733393898397346,0.012340581082399009,0.068215623102490588
v3.1,c530bf2cab2728a7,1326,cf7476ac5e7d,2,fermi,independent,1,0.2,0.3778226099581623,0.0061151483747406976,0.00074414116596568112,0.00012441232111558027,2.6671584502569067e-06,0.0161852367051772,0.0019695517058867457,0.00032928765467306711,7.0592875597155266e-06,0.00061972884485010085,0.00012707947956583718,0.18444524976781881
v3.1,c530bf2cab2728a7,1327,afc0b4e63228,3,fermi,common,3,0.2,0.30358762397798833,0.0032142020153124481,0.00030980907354258297,4.8654230529730286e-05,7.8414525243959578e-07,0.010587394746847435,0.0010204930935031979,0.00016026420936466755,2.5829289157599201e-06,0.00026122546582700194,4.9438375753381233e-05,0.012191090404592082
v3.1,c530bf2cab2728a7,1328,9192d0f3c513,4,fermi,common,1,0.7,0.14972852190637476,0.027468508037494295,0.012321949461474451,0.007076975630751446,0.0019276964151667959,0.18345541442444982,0.082295272167178454,0.047265380975153676,0.012874610599389904,0.0095166794754835537,0.0090033997270608044,0.15697287566145787
v3.1,c530bf2cab2728a7,1329,2497bfd08093,2,fermi,common,3,0.3,0.48479785907643291,0.0077313534373236389,0.00015302482236990457,0.00015207478569001683,3.095938674757268e-06,0.015947581641660508,0.00031564665459007067,0.00031368699931911377,6.3860403192687455e-06,9.5003667988776472e-07,0.00015517072436477408,0.40384447740145524
v3.1,c530bf2cab2728a7,1330,ea2a8e26d5cb,3,arctan,independent,3,0.2,0.32004498462711128,0.0087696268597163753,0.00038173353502777072,0.00070469060228560117,9.0612633708985439e-05,0.027401231954732819,0.0011927496238459527,0.0022018486029601299,0.00028312467953390814,0.00032918625815560163,0.00079528762993859065,0.16228456841710931
v3.1,c530bf2cab2728a7,1331,ba42ff7b1e81,4,arctan,common,5,0.05,0.14318984972917279,0.00014706132169474417,6.8274153330446578e-06,4.0372656070908002e-07,2.3029105204850911e-09,0.0010270373352084233,4.7680861080292584e-05,2.8195194105775136e-06,1.6082917363491774e-08,6.5032501177471977e-06,4.0593858038075574e-07,0.031031250245525867
v3.1,c530bf2cab2728a7,1332,4e56032eb1e0,2,fermi,common,10,0.5,0.1123293933033047,0.0011882090908399974,3.6399696851464333e-06,2.1946610982109188e-05,5.4026848723703399e-07,0.010577900012614425,3.2404427533210457e-05,0.00019537727692386215,4.8096804527220699e-06,2.558658066725562e-05,2.248687946934622e-05,0.16122993005354153
v3.1,c530bf2cab2728a7,1333,43fd99c0fa4a,3,fermi,common,5,0.7,0.20120770845605948,0.009540051897623943,0.00087807840933663242,0.0011538031895167804,0.00020314528586843998,0.047413948356294394,0.0043640396089913748,0.0057343885995737205,0.0010096297374849515,0.00027823620500055349,0.0013569321734353892,0.14830651483474425
v3.1,c530bf2cab2728a7,1334,4ca160c66621,4,fermi,independent,5,0.05,0.12993420058066357,5.4816081514187508e-05,1.4424079897880816e-06,3.6724910489418301e-08,3.0908640544058897e-11,0.00042187569761632934,1.1101064872390006e-05,2.8264237071762608e-07,2.3787917581307403e-10,1.4393244784619101e-06,3.6755749730889276e-08,0.098609509824994987
v3.1,c530bf2cab2728a7,1335,7dc5212a346a,2,arctan,common,3,0.7,0.0088172712988173422,0.0056906337385680761,0.0068683915737543372,0.011100330653075353,0.018855063643653084,0.64539623946144864,0.77897019848709792,1.2589303739087894,2.1384238960847339,0.01796872222682969,0.029955394296728437,0.27651744269951528
v3.1,c530bf2cab2728a7,1336,0c86894689ad,3,fermi,common,1,0.1,0.26406785425317952,0.0013621924370859951,6.0670310948574581e-05,8.7028889315741553e-06,6.2781114744634964e-08,0.0051584939823079339,0.00022975273200200239,3.2957017643011228e-05,2.3774614642963133e-07,5.4464116126349475e-05,8.7645377804004043e-06,0.24910082722690133
v3.1,c530bf2cab2728a7,1337,aa8c59dcef92,4,arctan,common,2,0.5,0.19524546815698041,0.020721450878128503,0.0058141663636398153,0.0062670094436823847,0.0033586973463297361,0.10613025272099086,0.029778751939917678,0.03209810451858279,0.017202434340905116,0.0011889795572426615,0.0095885663058812732,0.1347762368333088
v3.1,c530bf2cab2728a7,1338,775c799cd5c8,2,fermi,independent,2,0.1,0.4968936651288926,0.0015218391177011256,3.2379516790639683e-05,7.3130089575060712e-06,4.0472026410452541e-08,0.003062705815149335,6.516387521712627e-05,1.4717452587384265e-05,8.1450075238842551e-08,2.5066507833133611e-05,7.3534809839165237e-06,0.39740278891685976
v3.1,c530bf2cab2728a7,1339,6fdc1d609e57,3,arctan,common,10,0.5,0.27018752922439593,0.03162522429298003,0.0097771255223083817,0.0099527441782782909,0.0048167367328535091,0.11704916353380128,0.036186442617743071,0.036836430633378145,0.017827383620111929,0.00017985824925916786,0.014768614683430638,0.24671556672844527
v3.1,c530bf2cab2728a7,1340,1d956b6a3aea,4,arctan,common,3,0.2,0.15226756003847983,0.0034985096652237245,0.00022655858670543315,0.0003087731490794727,5.2829470929625481e-05,0.02297606702530473,0.0014878979255212278,0.0020278327767348611,0.00034695158257132936,0.00050382751147780552,0.00036102672001650786,0.036411957648555468
v3.1,c530bf2cab2728a7,1341,0bc87202ad05,2,arctan,common,3,0.5,0.25864779306027408,0.062628806108831467,0.049778375914970148,0.040710375087457618,0.037392155644941159,0.24213934079165617,0.19245621749175346,0.15739695516354421,0.14456785114044049,0.0090680008275125269,0.078102530732398784,0.37915144781218996
v3.1,c530bf2cab2728a7,1342,dc6f0fc53738,3,fermi,independent,5,0.05,0.39833073231911093,0.0002139443277581219,1.2579517933594249e-06,1.7941648574512346e-07,1.8045151166015608e-10,0.00053710223791300822,3.1580585962713365e-06,4.5042089697811521e-07,4.5301930536354568e-10,1.1912632035754138e-06,1.7959681087933782e-07,0.30952225019969121
v3.1,c530bf2cab2728a7,1343,ea9c18b54ea8,4,fermi,common,3,0.5,0.17931174482207832,0.0059648547109181485,0.00091714822029339725,0.00043881296762239162,4.825253632573841e-05,0.033265276163793746,0.0051148251398893899,0.002447207058621859,0.00026909858232441428,0.00084833265254717638,0.00048548690251131886,0.071901414366321553
v3.1,c530bf2cab2728a7,1344,80e32fc2f6eb,2,arctan,common,3,0.5,0.14817058464057548,0.030482876559204349,0.012751707423289512,0.017467558553228797,0.014918057505983677,0.20572825998593533,0.086060991486413732,0.11788816650484775,0.10068164030108356,0.0047158511299392877,0.032385616059212481,0.41444802244620454
v3.1,c530bf2cab2728a7,1345,a9e92bad9601,3,arctan,common,3,1,0.14538317558781647,0.076208291115046206,0.11359318964216183,0.10624797276040578,0.21029239807781455,0.52418920419724746,0.78133655550499115,0.73081339935533551,1.4464699730732644,0.012091024115073994,0.31653394749523706,0.076028321953821212
v3.1,c530bf2cab2728a7,1346,775aefaa867d,4,arctan,common,10,0.2,0.40796907458064052,0.014225354061164203,0.0010135593900456278,0.0010089475325643429,9.2547765902021499e-05,0.03486870683957289,0.0024844025030266951,0.0024730980739200883,0.00022684995424506913,7.2089458894625313e-06,0.0011013838499316266,0.16237851909747811
v3.1,c530bf2cab2728a7,1347,0b36a1783167,2,arctan,independent,5,0.3,0.22719735354552281,0.0084147664992312871,0.00056365882026053276,0.00089750546175846235,0.00015222594192555229,0.037037255795082345,0.0024809215928987228,0.0039503341379310214,0.00067001635164315964,0.00033384664149792954,0.0010497314036840145,0.29308855678977058
v3.1,c530bf2cab2728a7,1348,a03bc9077ccd,3,fermi,independent,3,0.5,0.21646463620809123,0.0075371152975919446,0.00043126318344485564,0.00040885887872456843,2.7613800701478036e-05,0.034819153047920423,0.0019923031817089738,0.001888802189062999,0.00012756726080158612,7.563492771870458e-05,0.00043643328612111851,0.07901216684054517
v3.1,c530bf2cab2728a7,1349,f9eeadfe2377,4,arctan,common,10,1,0.13222510975520729,0.029451866740881093,0.022023792721087645,0.021500965439906154,0.036012667432853182,0.22274034633366011,0.16656286209072557,0.16260879253351804,0.27235876377432866,0.0008329824070444703,0.056715058762239971,0.061191149867556791
v3.1,c530bf2cab2728a7,1350,db4f14506ccc,2,fermi,common,3,0.1,0.22530941494021944,0.00057824347527578833,0.00015104472916456106,2.0970463625086804e-06,7.7565779083102724e-09,0.0025664416883298537,0.00067038800488935287,9.3074067191780789e-06,3.4426337267656116e-08,0.00014894768280205239,2.1048029404169907e-06,0.28678999268945232
v3.1,c530bf2cab2728a7,1351,7b2620c29575,3,fermi,common,2,1,0.17343958292141978,0.020440145404056285,0.0367574432694905,0.0003010218957474518,0.0043660316760073363,0.11785167526214067,0.21193226281075747,0.0017356008973097893,0.025173213648613611,0.036458656038967682,0.0040677621973527244,0.10576357578721884
v3.1,c530bf2cab2728a7,1352,4e3e3bf5d201,4,arctan,independent,3,0.3,0.16960315776338583,0.018828444823831378,0.0054622558950803528,0.005554181161394234,0.002508935847723672,0.11101470675504185,0.032206097852852313,0.032748099944830619,0.014792978390319244,0.0012127604004300335,0.0080592193988055852,0.10494572737742812
v3.1,c530bf2cab2728a7,1353,8d144163c84c,2,arctan,common,2,0.05,0.40445619297777374,0.0010974691252490329,4.3999879957617977e-06,7.340756584325044e-06,6.6066643769767165e-08,0.0027134437407646335,1.0878775185434216e-05,1.814969510116623e-05,1.6334684674589159e-07,2.9407685885632463e-06,7.4068232280948109e-06,0.4932345527699416
v3.1,c530bf2cab2728a7,1354,89dc9b892500,3,arctan,common,3,0.2,0.29088614907779142,0.016569996064740557,0.0020899767980132903,0.0019305509246864137,0.00028774813796158925,0.056963853787033558,0.0071848618596630732,0.0066367921979335227,0.00098921223603753322,0.0001614186108766443,0.0022182139136390409,0.14088729651114867
v3.1,c530bf2cab2728a7,1355,e497053db3c6,4,arctan,independent,2,0.7,0.13090757347068024,0.046593622127349403,0.060242654264744629,0.052563656432592393,0.10088910904061683,0.35592762811225059,0.4601922766388864,0.40153258546469989,0.77068962754254444,0.01817720107971638,0.15343663342736394,0.15466996329715721
v3.1,c530bf2cab2728a7,1356,b0b3435809eb,2,fermi,independent,10,0.2,0.053750866386380838,5.7743611414002549e-05,3.9444013147976765e-06,1.3259143915496045e-07,4.4718112427725399e-10,0.0010742824310760017,7.3383027660314914e-05,2.4667777111134321e-06,8.3195147230326094e-09,4.0769927539526372e-06,1.330386202792377e-07,0.11081575043679461
v3.1,c530bf2cab2728a7,1357,ef1ca21183ee,3,fermi,common,5,0.7,0.061752665268174814,0.0012358491152299977,0.00025288872370127138,0.00011505307314243811,1.3782907697313898e-05,0.020012887052940069,0.0040951871891366197,0.0018631272454847788,0.00022319534934174139,0.00013840170680605237,0.00012883588570410421,0.014855470338192659
v3.1,c530bf2cab2728a7,1358,cbd958eb0d8a,4,arctan,independent,1,0.7,0.21648592529785313,0.10660203558437893,0.15673963436569335,0.18192437748026097,0.56537110080882658,0.49242016744372663,0.72401766604476681,0.84035198699388658,2.6115836400493855,0.027962644289709508,0.74684938060059636,0.13587094933399138
v3.1,c530bf2cab2728a7,1359,3a9cc3338a8b,2,fermi,independent,5,0.2,0.33912906789970726,0.0025313375571442676,2.3425578392400184e-05,2.8223628251427506e-05,3.7690123152165182e-07,0.0074642305739857006,6.9075701877988169e-05,8.3223854641013124e-05,1.1113799057564571e-06,4.7980498590273204e-06,2.8600529482949158e-05,0.23455340007098693
v3.1,c530bf2cab2728a7,1360,155bf1dc4fbb,3,arctan,common,3,0.3,0.19922834909400136,0.016215458465075789,0.0061657921923044647,0.0038639977750067906,0.001354396061153001,0.08139132075739329,0.030948367641169761,0.019394819023389343,0.0067982095284740826,0.0026514641252213113,0.0052180079783501676,0.1535038309465068
v3.1,c530bf2cab2728a7,1361,a6bed458aad7,4,arctan,common,2,0.2,0.29226362057912991,0.0096005973235183551,0.0012911976293113366,0.00081125574426636922,0.00010386922068172205,0.032849101453319637,0.0044179211451387153,0.0027757671059396288,0.00035539565436129816,0.00057909200399122664,0.00091346392771615942,0.055701604336152642
v3.1,c530bf2cab2728a7,1362,b5be56cd1eaa,2,fermi,independent,3,0.5,0.071963082667229519,0.0022784013080041567,0.00073494813620044212,0.00012148291997620295,7.4590815922105804e-06,0.031660696339814984,0.010212849546745752,0.0016881283496145132,0.00010365150179436782,0.00061346521622423914,0.00012894200156841353,0.39797217342177627
v3.1,c530bf2cab2728a7,1363,97772b6a7579,3,fermi,common,3,1,0.28512531440273753,0.041164634773077226,0.0099959142327712518,0.0097656069143574262,0.0040042416993725533,0.1443738338677725,0.03505796829618605,0.034250227605408523,0.014043795822760899,0.0059972393100615386,0.013674757595480399,0.072542420252439802
v3.1,c530bf2cab2728a7,1364,d6b159740a40,4,arctan,independent,1,0.1,0.19111052297943662,0.0019045630231114212,0.0020101663094998249,0.0001166637429650789,1.1839178088838775e-05,0.0099657674178221523,0.010518344454094334,0.00061045169646483483,6.1949378319228727e-05,0.0020752816454497071,0.00012829072733126158,0.097086475827824772
v3.1,c530bf2cab2728a7,1365,b777b3c38351,2,arctan,independent,1,1,0.23495238507594007,0.21941527170232625,0.63441497332070029,0.55106598541157392,1.883992772981141,0.93387122514805709,2.7001852869705836,2.3454368647224468,8.0186152286651904,0.083348987909126371,2.435058758392715,0.25030498380965865
v3.1,c530bf2cab2728a7,1366,a21119caad13,3,arctan,common,3,0.5,0.23482677624668427,0.055276967364377386,0.034450541308257865,0.035060782165008131,0.034914833711137482,0.235394652381163,0.14670618853136133,0.14930487368347198,0.14868335830007579,0.00066647183468017933,0.069845143956254685,0.18182984011353956
v3.1,c530bf2cab2728a7,1367,db1365e6591f,4,fermi,common,3,0.05,0.22151222491035372,0.0001114863315187643,5.9198363477230945e-06,1.3039144488291008e-07,2.2528603063397544e-10,0.00050329651812166555,2.6724648493413219e-05,5.8864220670294678e-07,1.0170365573509498e-09,6.0478048724575399e-06,1.3061408964874326e-07,0.040041200050123106
v3.1,c530bf2cab2728a7,1368,d2e8952096bc,2,arctan,independent,10,0.1,0.36816325576386538,0.0023624054526434077,2.9471029825004211e-05,3.184267592235951e-05,5.8060178706848708e-07,0.0064167333802551459,8.0048808140447631e-05,8.6490640833486503e-05,1.5770226332441951e-06,2.3716460973553008e-06,3.2423277709428002e-05,0.27965709773291719
v3.1,c530bf2cab2728a7,1369,42dcc4c86c5f,3,arctan,common,10,0.05,0.33970466139428601,0.00079263823687275407,7.6685194645830126e-06,4.5087478949790524e-06,4.503415170012478e-08,0.0023333157502739132,2.2574077827217006e-05,1.327255232964222e-05,1.3256854208383928e-07,4.0225168137208571e-06,4.5527189321107285e-06,0.14131116061245977
v3.1,c530bf2cab2728a7,1370,2cbd6a06063a,4,arctan,independent,2,0.05,0.17052760316768964,0.00050231758855832735,0.00011590969412864453,5.5697928574747842e-06,1.0852896445117388e-07,0.0029456673243942184,0.00067971221066576441,3.2662118941516379e-05,6.3643048066799536e-07,0.00012134587713469578,5.678249003340581e-06,0.086802478131815602
v3.1,c530bf2cab2728a7,1371,e83384b9bb7e,2,fermi,common,5,0.5,0.45442296244804131,0.020266405802242718,0.001108096470389869,0.0011070637106975784,6.1942440504340806e-05,0.044598111180528158,0.0024384693599557453,0.0024361966761839416,0.00013631010231227763,1.0327596922904982e-06,0.0011690061512019193,0.35650938919932079
v3.1,c530bf2cab2728a7,1372,9f68dcf8442f,3,fermi,common,3,0.2,0.24526286948334625,0.0028118658773358973,0.00029115154364895449,4.9114060328802668e-05,9.5400641616119786e-07,0.011464702681083275,0.0011870999644678143,0.00020025069604813375,3.8897303051653988e-06,0.00024345383988859883,5.0065153550100982e-05,0.16892246618612133
v3.1,c530bf2cab2728a7,1373,be3c441aefd4,4,arctan,common,2,0.05,0.32593813216118217,0.00065109389254900806,6.5122078905524209e-05,5.2778313989221845e-06,8.8154520901980216e-08,0.001997599631046025,0.00019979889580185785,1.6192739904124515e-05,2.7046396908964997e-07,6.9244363701535593e-05,5.3624063590556335e-06,0.053239146216531821
v3.1,c530bf2cab2728a7,1374,18bff8fbe44a,2,arctan,independent,1,1,0.014903285824444097,0.0048790179707637405,0.022693510476718543,0.081484260161711494,0.41888997104034781,0.32737867529597159,1.522718596693426,5.4675365635182613,28.107222526276196,0.10417777063843003,0.50037423120205926,0.37331872224848944
v3.1,c530bf2cab2728a7,1375,381941c6f075,3,arctan,common,2,0.2,0.28949222969677307,0.020417596214901346,0.0042842966065602846,0.0039267694236683037,0.0010542995499490018,0.070528995670411043,0.014799349229676547,0.013564334447875769,0.0036418923957072065,0.00047499426960088482,0.0049800593765441156,0.25408861559092494
v3.1,c530bf2cab2728a7,1376,f89418f99785,4,fermi,independent,1,0.1,0.33422648971056529,0.0015577474565350226,7.5973684814702191e-05,1.3121481384802524e-05,1.4147962133595394e-07,0.0046607540230698252,0.00022731197901307634,3.9259250205348815e-05,4.2330463231227718e-07,6.3736283730380175e-05,1.3262418129985166e-05,0.083966863414207768
v3.1,c530bf2cab2728a7,1377,398f537d7e3d,2,arctan,independent,5,0.5,0.40728763035168758,0.071083747731063102,0.030188515488779225,0.030232630420577788,0.018705911895219734,0.17452960127878966,0.074120874878306112,0.074229188827739018,0.045928013770188458,4.4114931798563308e-05,0.048938542315797522,0.40851232152214023
v3.1,c530bf2cab2728a7,1378,e90ccee87734,3,fermi,independent,2,1,0.32381592751921057,0.06467913044262151,0.024484787004495363,0.024583260727938695,0.012462464657267844,0.19974042332671973,0.075613288055581485,0.075917392069852027,0.038486262095704049,0.00031147599493779542,0.036972354795228105,0.070001651886243715
v3.1,c530bf2cab2728a7,1379,2002e582c6e0,4,arctan,common,2,0.3,0.20769130844801512,0.011983062703386355,0.0016054044832666601,0.0020274804709931953,0.00053793659837979193,0.057696505419174544,0.0077297624790518904,0.0097619899751398183,0.0025900775646297055,0.00066472125277075274,0.0025652705993907689,0.039795568753057869
v3.1,c530bf2cab2728a7,1380,b4669054d455,2,fermi,common,2,0.05,0.4857543423287084,0.00037156327331059567,9.5628739998660367e-06,4.0794698717990125e-07,4.8432854035500331e-10,0.00076492012717646488,1.9686646451829083e-05,8.3982159629124802e-07,9.9706476741541877e-10,9.1549270126861343e-06,4.0843131572025627e-07,0.31178612879905093
v3.1,c530bf2cab2728a7,1381,08ea805bf307,3,arctan,independent,10,0.5,0.21939230962311454,0.028540149784279663,0.011187428701281284,0.011310156631235512,0.0071645051564545054,0.13008728443265705,0.050992802439154453,0.05155220185550162,0.032656136255469155,0.00013224872635707181,0.018473585734674742,0.16324377558984846
v3.1,c530bf2cab2728a7,1382,339247af2a12,4,arctan,common,2,0.2,0.22025791681328472,0.0096528505786524759,0.0017958952143158123,0.0010705694980633401,0.00016618442400546289,0.043825215085618527,0.0081536011976278445,0.0048605267567788484,0.00075449920897208622,0.00087447093565721612,0.0012364746426499075,0.16112723615735272
v3.1,c530bf2cab2728a7,1383,993967347162,2,fermi,common,2,1,0.2521592332717828,0.029911239256700521,0.0052359052287829127,0.0058399783487159702,0.0014327444013200262,0.11862044022184001,0.020764281207738041,0.023159883034786645,0.0056819033859282974,0.0006040731199330573,0.0072727227500359965,0.24109802821214993
v3.1,c530bf2cab2728a7,1384,187328b6061a,3,fermi,common,5,0.3,0.087625058319255461,0.00095777218773409462,0.0001337178801560667,2.1270386887081428e-05,5.7281496186135744e-07,0.010930345794972507,0.0015260232942599071,0.00024274319806537916,6.5371136162254894e-06,0.00011250346274616344,2.1842943567903063e-05,0.11037979326540841
v3.1,c530bf2cab2728a7,1385,502ac1d60962,4,arctan,common,2,0.5,0.14942511363353481,0.048172317463985787,0.049711839514065187,0.047898311048788507,0.078982221973612557,0.32238434552660555,0.33268731276312435,0.32055060815452446,0.52857394619298403,0.0037301875012284423,0.12654294234737606,0.094498283057983162
v3.1,c530bf2cab2728a7,1386,47695501250f,2,arctan,independent,1,0.05,0.041360466938802846,0.00046420989426570249,0.0003064041376346691,3.9049937427359372e-06,3.8833210455319816e-08,0.011223516769105865,0.0074081401955163172,9.4413676434402583e-05,9.3889680967039438e-07,0.00031030913137740503,3.9438269531912576e-06,0.32123459675205768
v3.1,c530bf2cab2728a7,1387,c8a7018f2ef1,3,fermi,independent,2,1,0.27664791520613374,0.060535391642634939,0.026915124469545235,0.023795163303815724,0.011365601029571347,0.21881745104614028,0.097290176394390845,0.086012443961797636,0.041083270123697474,0.0038225554730498441,0.035160597545521713,0.13107790371980196
v3.1,c530bf2cab2728a7,1388,a3c88c69942e,4,arctan,independent,2,0.7,0.14195192142960184,0.040480734426428785,0.039459977768636356,0.03695163933611325,0.061935221446943294,0.28517214856090822,0.27798128670069272,0.26031094869285487,0.43631125822878564,0.0081714882120880045,0.098183804542672143,0.15780872680873551
v3.1,c530bf2cab2728a7,1389,5b90c9985fd5,2,arctan,independent,10,0.1,0.36836548901128274,0.001910655817968049,1.6948483740074914e-05,2.2572912690153438e-05,3.7874992636750957e-07,0.0051868480489211275,4.6009966312440837e-05,6.1278576206312446e-05,1.0281905815447025e-06,5.6244289500785243e-06,2.2951662616520949e-05,0.37983890444094776
v3.1,c530bf2cab2728a7,1390,5c333faaae94,3,arctan,independent,2,0.1,0.38608236108001764,0.0041853890924197293,0.00012665101824251346,0.00011932072663938903,5.2241255760415454e-06,0.010840663843620363,0.00032804145179858232,0.00030905511017287622,1.3531116939472967e-05,3.917186777881601e-05,0.00012454416238715914,0.14370317552036083
v3.1,c530bf2cab2728a7,1391,685ed058eb36,4,arctan,common,2,0.2,0.12026363214304288,0.0053481260731157816,0.0023879842623419751,0.0010542953989646964,0.00028798692708749494,0.044470019554661892,0.019856245980511219,0.0087665354868935435,0.0023946302132714578,0.0034038733334155295,0.0013418757980242142,0.16405814396816068
v3.1,c530bf2cab2728a7,1392,533f5225aa6a,2,arctan,common,10,0.7,0.29033152967034387,0.10417422063579214,0.08010614047930531,0.080059279542932127,0.078678600184244066,0.35881125537442132,0.27591264569253504,0.27575124077579594,0.27099571401555822,4.6860936373183786e-05,0.15873787972717621,0.21132530036404745
v3.1,c530bf2cab2728a7,1393,8880bf9a5ff9,3,fermi,common,1,0.7,0.17277363923666431,0.014044454363399924,0.014537208254729369,0.0014172438192717582,0.00014780216715516809,0.081288178135565659,0.084140198232534699,0.0082028938299460487,0.00085546711760067491,0.013121010948482833,0.0015650446450557807,0.023040896520036169
v3.1,c530bf2cab2728a7,1394,977085bdd097,4,fermi,common,10,0.1,0.155810710309946,0.00013270406123039847,1.956584536144856e-06,2.1926902708358881e-07,4.4621063958481521e-10,0.00085170050869043151,1.2557445712510558e-05,1.4072782714834463e-06,2.8637995340448162e-09,1.7757186319446221e-06,2.1971487408660494e-07,0.063234386734836251
v3.1,c530bf2cab2728a7,1395,2588941247d7,2,fermi,independent,1,0.1,0.37417756836388222,0.0014615988497638196,0.00014074320446398806,7.4243766618316216e-06,4.1223755434830409e-08,0.0039061637397312821,0.00037614014404817916,1.9841853947298957e-05,1.1017163753317492e-07,0.00013331882780215647,7.4656004172664514e-06,0.18531750308543349
v3.1,c530bf2cab2728a7,1396,b87e67fc7566,3,arctan,independent,10,1,0.23483763252748086,0.13357964454622229,0.23593278109845039,0.23592883297773534,0.68444702225834109,0.56881702948777046,1.0046634287664324,1.0046466166368238,2.9145542598597207,0.00059004931689654691,0.91961623630373579,0.20200189833946511
v3.1,c530bf2cab2728a7,1397,6f635c2821db,4,fermi,independent,2,0.1,0.26743373564171435,0.00088850108736696868,5.4133344200107772e-05,5.5184965544307236e-06,4.5589950718988966e-08,0.0033223223885161185,0.00020241778424181741,2.0635005307722098e-05,1.704719511530386e-07,5.3933857737532009e-05,5.5639805011177925e-06,0.19048498495669663
v3.1,c530bf2cab2728a7,1398,874174495258,2,arctan,independent,10,0.05,0.27592083730533978,0.00024795791351378923,1.1392639465150514e-06,5.7563854145904081e-07,2.0162103654133979e-09,0.00089865599110006253,4.1289521938291236e-06,2.086245269044422e-06,7.3072058823242016e-09,1.7149024879740922e-06,5.7765475182445419e-07,0.40875174924831137
v3.1,c530bf2cab2728a7,1399,1cbe90a73abe,3,arctan,common,5,0.5,0.35604373987950022,0.043884941416372301,0.011899881683600389,0.011783824996459226,0.004653705800253375,0.12325716337892856,0.033422527489537654,0.03309656560861695,0.013070601386864377,0.0002196429080599166,0.016390793685934182,0.012893936300825973
v3.1,c530bf2cab2728a7,1400,620a717b2945,4,fermi,independent,1,0.5,0.26695548978181083,0.026226531989820431,0.0042215788225797779,0.0048196536835712709,0.0011302820368895002,0.098243089180357401,0.015813792876221335,0.018054147107109467,0.0042339718797815579,0.0025521564339860904,0.0059402951446975438,0.13492056892505924
v3.1,c530bf2cab2728a7,1401,fe2865fdf5dc,2,fermi,common,3,0.3,0.26002240593760201,0.0071983950816208392,0.00120315822859443,0.00031226035437545782,1.4820600541118946e-05,0.027683749235626446,0.0046271328974748192,0.001200897873587061,5.699739792683662e-05,0.00089089787421897215,0.00032708095491657674,0.38400610656349526
v3.1,c530bf2cab2728a7,1402,b792c3a12c66,3,fermi,common,5,0.2,0.084482564733059193,0.00060729114143327138,2.1102499987794696e-05,6.4194004237827299e-06,7.5602824767058706e-08,0.0071883606203497511,0.00024978526698937915,7.5984914095188807e-05,8.9489263265079686e-07,1.5530467967240532e-05,6.4949977293284457e-06,0.052472653703599936
v3.1,c530bf2cab2728a7,1403,474f17cd52a4,4,fermi,independent,3,0.7,0.24115945499838604,0.030517007659093532,0.006716442201489317,0.0063987796718488806,0.0016413487548594624,0.12654286210465091,0.027850627716563162,0.026533397464726004,0.006806072583264244,0.00048433730673727257,0.0080381264832075291,0.1024840550265045
v3.1,c530bf2cab2728a7,1404,cb91682d4e3a,2,fermi,common,5,0.2,0.11939876951014432,0.00075374684365726288,0.00017882890820248581,7.7666859788967786e-06,9.0892479153874766e-08,0.0063128526931194489,0.0014977449846105173,6.5048291626128592e-05,7.6125138916236814e-07,0.00017106222222358901,7.8575784580506546e-06,0.36529820187194556
v3.1,c530bf2cab2728a7,1405,8d0bf1c25403,3,arctan,common,1,0.2,0.050457941154655891,0.010038022129134115,0.0081555066173726806,0.0026589699524043045,0.00077738407537194132,0.19893840096184504,0.16162979366073776,0.052696758757049565,0.015406575408798858,0.010808109312272825,0.0034361918294667855,0.12259864864649168
v3.1,c530bf2cab2728a7,1406,2903db4650f9,4,fermi,common,10,0.7,0.27921147535538587,0.022311002626329228,0.003158698351332831,0.0031171127091659005,0.00054511551490501423,0.079907183606731574,0.011312924539768208,0.011163984951543908,0.001952339223204134,5.1230715030518148e-05,0.0036614218215634911,0.10600562761080311
v3.1,c530bf2cab2728a7,1407,acab221f25b6,2,arctan,common,2,0.3,0.11070181114892411,0.012838663544975686,0.0015188305984485803,0.003283003235552394,0.0011728818374888953,0.11597518967150577,0.013720015803583729,0.029656273926140737,0.010594965207127908,0.0048018338340009743,0.0044558850730412897,0.31854953884597331
v3.1,c530bf2cab2728a7,1408,54739081f42b,3,arctan,common,10,0.5,0.33882677961215235,0.03572207346161,0.0080338467441433605,0.0079970409910721171,0.0023751172489763564,0.10542871936657511,0.02371077856756048,0.023602151518915229,0.0070098274159294651,4.4555982141053228e-05,0.010372146199156142,0.052940362348110732
v3.1,c530bf2cab2728a7,1409,8fd5d7a63dc5,4,fermi,independent,1,0.5,0.22299575365645499,0.03039271594340405,0.001973782821175476,0.0078438300796399105,0.0027654697112398452,0.13629280129803173,0.0088512125850444042,0.035174795712585791,0.01240144561452188,0.0063633648334840845,0.010608530058613962,0.13282456974356649
v3.1,c530bf2cab2728a7,1410,716f640a3928,2,arctan,common,2,1,0.21316486439772844,0.14232355237836986,0.29821156263913784,0.30258674512242456,1.0389319368214398,0.66766890866601236,1.3989714650287164,1.4194963413757087,4.8738423180424988,0.0043751824832867691,1.3415186819438643,0.48466115993842374
v3.1,c530bf2cab2728a7,1411,9cde88ac1388,3,fermi,independent,10,0.2,0.10525688186471072,0.00017175781577061767,1.723872154368171e-06,7.8576352606265026e-07,6.6806312003490093e-09,0.0016317965412597178,1.6377761946092103e-05,7.4651985897949328e-06,6.3469780616680161e-08,9.9040917737736844e-07,7.9233150753721917e-07,0.050399171482025495
v3.1,c530bf2cab2728a7,1412,80297d57cb7c,4,arctan,common,3,0.05,0.16349744496181295,0.0005309401538414097,2.2622168705363333e-05,3.9498628464002343e-06,3.8377062518846022e-08,0.0032473911379191154,0.00013836405034125791,2.4158560076108702e-05,2.3472576300999384e-07,1.9371185045579298e-05,3.9882375675133094e-06,0.050988035841763923
v3.1,c530bf2cab2728a7,1413,0565cb557a84,2,fermi,common,1,0.7,0.092886283834728467,0.007403849169449252,0.0014554730891302074,0.0016023181098675102,0.0003670697347268876,0.079708745616552376,0.015669408108950882,0.017250319893500066,0.0039518184986279646,0.0030577911989977174,0.0019693878445943979,0.13181349367617648
v3.1,c530bf2cab2728a7,1414,da4ee5752b40,3,fermi,common,3,0.2,0.29344551377879524,0.0022442394689732104,0.00012089121564373727,3.7648450232288188e-05,9.0791026959221812e-07,0.0076478915628097159,0.00041197159256919956,0.00012829792402506551,3.0939654108210973e-06,0.00015848631384604705,3.8556233424706479e-05,0.19417395302800339
v3.1,c530bf2cab2728a7,1415,bf1854b522d7,4,fermi,common,3,0.5,0.22720861666981793,0.011136045498406836,0.0009826241581929226,0.00098662870234559989,0.00011479379092449849,0.049012425944170331,0.0043247662548858475,0.0043423912209253034,0.00050523520017428777,0.00020412172848026865,0.0011003796751593111,0.1942923119612327
v3.1,c530bf2cab2728a7,1416,7bdf16fffde1,2,arctan,common,1,0.7,0.3524307951027093,0.11910647864086914,0.11342219617656005,0.11367710574654791,0.14525427197280444,0.33795706929117192,0.32182827877883169,0.32255156849564992,0.41214977235593964,0.00025490956998785915,0.25893137771935232,0.49584767620387094
v3.1,c530bf2cab2728a7,1417,3560bd5d60dc,3,arctan,independent,10,0.2,0.20498876273072703,0.0095837865210533137,0.00096119686418819723,0.00096129447198029221,0.00012711021300973484,0.046752740947280914,0.0046890222243588259,0.0046894983860312741,0.00062008381004136635,5.3077708692036135e-06,0.0010882770123456585,0.096738086566130102
v3.1,c530bf2cab2728a7,1418,5edd9e5ac3dd,4,arctan,independent,1,0.1,0.17677852242905764,0.0042666705953010092,0.00082353921547012794,0.0002490315663165255,1.9297415091490746e-05,0.024135684226081543,0.0046585931602670765,0.0014087207138891178,0.00010916153629033143,0.00070943640992342434,0.00026826816127320605,0.13833436906483318
v3.1,c530bf2cab2728a7,1419,46a966be36ed,2,arctan,independent,3,0.5,0.29016049233065339,0.047172531414254024,0.021367588397462292,0.021509536760890503,0.014834980439596978,0.16257392946693242,0.07364058499429614,0.074129791372077064,0.051126810271233357,0.00014194836342821201,0.036344517200487481,0.49396262422373283
v3.1,c530bf2cab2728a7,1420,7e51dcb65117,3,arctan,common,10,0.1,0.4259731502683895,0.0038053319229299849,7.1848691214802918e-05,7.2837243854630235e-05,1.9813598855718441e-06,0.0089332670862761893,0.00016866953039066849,0.00017099022276107837,4.6513727081706074e-06,2.310635775865587e-06,7.4803491885305648e-05,0.2559205412360675
v3.1,c530bf2cab2728a7,1421,83837a26b663,4,fermi,independent,10,0.1,0.064589914325107953,8.6787245141356644e-05,9.7733564401125947e-07,2.1133979480894829e-07,6.4662068322750088e-10,0.0013436655869292575,1.5131397126367469e-05,3.2720246963819619e-06,1.0011171093567171e-08,8.218198830617355e-07,2.1198527696855795e-07,0.052605899888473619
v3.1,c530bf2cab2728a7,1422,d6ab3f94c3d4,2,arctan,independent,3,0.3,0.25579303612615539,0.01550572217671441,0.002199093977450153,0.0025711866347944102,0.00063784137727390395,0.060618234223808548,0.0085971612470543361,0.010051824215911486,0.0024935838243826344,0.00037209265734425713,0.0032090280120683139,0.45670381971149043
v3.1,c530bf2cab2728a7,1423,de521c1ae715,3,fermi,common,5,0.3,0.14940816811242227,0.0013886152278691224,0.00020031819286608842,2.4396114847490826e-05,6.572613859972348e-07,0.0092941051711728229,0.0013407445884441797,0.00016328501417093845,4.3990994220789729e-06,0.0001759455785316037,2.5047239113027256e-05,0.084073563255316452
v3.1,c530bf2cab2728a7,1424,7cf749e4a57a,4,arctan,independent,3,0.7,0.22787681744039792,0.06774798659006917,0.060761354516288821,0.061607730124955247,0.093673035691620193,0.29730091613109755,0.26664122835654924,0.27035540875529823,0.41106873767938568,0.00087059750346494017,0.15515032211028196,0.18640813965451003
v3.1,c530bf2cab2728a7,1425,6bf1ac18679a,2,arctan,common,3,0.3,0.45647957497708724,0.027382547666867402,0.0034650242647180688,0.0034652330673433066,0.00058317891878619703,0.05998635901341666,0.0075907542301142253,0.0075912116495403812,0.0012775575310581407,2.0880262523802262e-07,0.0040484119861295036,0.49965009251157971
v3.1,c530bf2cab2728a7,1426,fcd78b53e807,3,arctan,independent,1,0.2,0.28121085132375023,0.031587299718130964,0.011378261437315846,0.0072063867779359565,0.0020074896820714526,0.11232603425308571,0.040461672740417724,0.025626275600721553,0.0071387347700899552,0.0041782646395838296,0.009213823660087956,0.10292253763274219
v3.1,c530bf2cab2728a7,1427,8d9f31242f48,4,arctan,common,5,0.1,0.3049047599076532,0.0022084625252459227,7.2143330751909263e-05,4.4188595967292556e-05,1.5075624664647159e-06,0.0072431224947580412,0.00023660939492633497,0.00014492589745294891,4.9443717012529183e-06,0.00010602551038872103,4.5679846980894933e-05,0.018375167756379408
v3.1,c530bf2cab2728a7,1428,debaca76afcb,2,arctan,common,1,0.7,0.086677860259888301,0.017354798644932425,0.050695968429766633,0.0024025261312576739,0.010065854905337412,0.20022181665418501,0.58487794089244582,0.027717875407331494,0.11612948075963941,0.04829344229850896,0.0076633287740797383,0.074591267820345156
v3.1,c530bf2cab2728a7,1429,a623b16899b5,3,arctan,independent,5,0.05,0.36314431870173586,0.00061879220328650043,3.2230455587930348e-06,2.4869829310254644e-06,1.4344193363291e-08,0.001703984260303788,8.8753847790201667e-06,6.8484698863432237e-06,3.9499980103151298e-08,1.7922903397853895e-06,2.5013140974562254e-06,0.2147427999204968
v3.1,c530bf2cab2728a7,1430,7abd6460b7f4,4,arctan,independent,5,0.1,0.21728881139665995,0.0015230985442964994,4.3249337084505049e-05,3.2608105618353232e-05,1.1712471325533031e-06,0.0070095580831177192,0.00019904079186826393,0.00015006803805846797,5.3902781511156394e-06,7.5857078512074177e-05,3.3778818307392104e-05,0.069449673841525936
v3.1,c530bf2cab2728a7,1431,c8483ffce05d,2,fermi,common,5,0.1,0.11502958375861173,0.00025553086284774357,8.2981462639265694e-06,7.3446501600919005e-07,2.1869242614381752e-09,0.0022214360384366178,7.2139235775556083e-05,6.3850097688822074e-06,1.9011841910402897e-08,7.5636812479173786e-06,7.3665194027062821e-07,0.057823441088965061
v3.1,c530bf2cab2728a7,1432,4964bd53b478,3,fermi,common,2,0.05,0.12982132625997786,5.3716209350566795e-05,3.5685647195618764e-06,5.1382580493205622e-08,6.0121005786059009e-11,0.00041377030183003735,2.7488278100129193e-05,3.9579460458066644e-07,4.6310577405180531e-10,3.5224361301142011e-06,5.1440825966465418e-08,0.11377960529569497
v3.1,c530bf2cab2728a7,1433,f2a995696d57,4,fermi,common,5,0.1,0.17973898619577919,0.00033151852577602487,1.4659686013187906e-05,1.0116841544718368e-06,3.9587901018720836e-09,0.0018444441731462816,8.1560969734301077e-05,5.6286294692341723e-06,2.2025216596915735e-08,1.4202427395688718e-05,1.0156039357515705e-06,0.11246371870733596
v3.1,c530bf2cab2728a7,1434,4c583c94bdb2,2,fermi,independent,2,0.3,0.17334742362044381,0.0024789294643238523,9.0603425631481232e-05,7.4950986457367023e-05,3.1573503340961671e-06,0.014300353662894005,0.00052266958307879848,0.00043237438948892252,1.8214002078331456e-05,0.00016555441208884826,7.8108336791463199e-05,0.14281826750783011
v3.1,c530bf2cab2728a7,1435,7ca07a635eab,3,fermi,independent,1,0.3,0.085866955661471706,0.0046293378012282026,0.0034823600632291657,0.00036042458304113157,2.9579512133020676e-05,0.053912914060669039,0.040555299025137,0.0041974771350005271,0.00034448073656689486,0.0038312872549013072,0.000389983922360448,0.21473436740986221
v3.1,c530bf2cab2728a7,1436,4521422e7e07,4,fermi,independent,3,0.7,0.3402029174214572,0.048249145327738913,0.0127300114513545,0.014104596640556494,0.0057468544104473992,0.14182460777655798,0.037418877968010029,0.041459364156725166,0.016892431299546918,0.0016925453205603889,0.019849896519466483,0.12985043139783536
v3.1,c530bf2cab2728a7,1437,9903bf56a688,2,fermi,common,2,0.05,0.45222035831488555,0.00046352639071587054,3.7795072153110391e-05,6.6726730783684075e-07,9.9959410401128884e-10,0.0010250011574956838,8.3576671103323711e-05,1.475535755009543e-06,2.2104137631841456e-09,3.7127804845273549e-05,6.6826690194085203e-07,0.28138245525268241
v3.1,c530bf2cab2728a7,1438,ac3c805b5b2d,3,fermi,common,3,0.1,0.090862928046527736,0.00019485163896165611,9.2750326744240678e-06,5.3755751217625832e-07,1.5345400511162149e-09,0.0021444569655721351,0.00010207719334858598,5.9161367978477855e-06,1.6888516407158158e-08,9.3531562958281645e-06,5.3909202041585698e-07,0.040721654073483347
v3.1,c530bf2cab2728a7,1439,023f4c9440cc,4,fermi,independent,5,0.2,0.27503952461639847,0.0019173272606504809,4.3090717789660489e-05,2.6812637770522527e-05,5.456472483015326e-07,0.0069710972025733555,0.00015667100155790237,9.7486489652418121e-05,1.9838866761515623e-06,2.1367435879291103e-05,2.7352431272278396e-05,0.20228906532078667
v3.1,c530bf2cab2728a7,1440,00dde8f3e43d,2,fermi,independent,2,0.1,0.49072736507015219,0.0014205246566132549,7.5576235611558732e-06,6.8896279748815988e-06,4.0867251497235632e-08,0.0028947329163316235,1.5400860231374033e-05,1.4039624576258731e-05,8.3278933285885606e-08,6.6799558627427422e-07,6.9304952263788349e-06,0.43326735425612511
v3.1,c530bf2cab2728a7,1441,f963c6af8524,3,arctan,independent,2,0.3,0.12423031793751985,0.012744104275426521,0.0017874297497179968,0.0034574290868296864,0.0014761970502423405,0.10258449376130564,0.014388031676912903,0.027830799632731835,0.011882743880481543,0.0051349853021648954,0.0049328557454015,0.15488929334900181
v3.1,c530bf2cab2728a7,1442,42d1426783d2,4,fermi,common,10,0.7,0.26596029692354667,0.019350039301840739,0.0023389532278572317,0.0023598440067356032,0.00039961045162351566,0.07275536809692737,0.0087943698924715461,0.0088729183792946639,0.0015025191964588168,5.7794399732594047e-05,0.0027542216969442456,0.045518622817246675
v3.1,c530bf2cab2728a7,1443,293e97e7c82a,2,arctan,common,10,0.2,0.22763410255292116,0.0031886583108990032,7.1873790665991427e-05,0.00012541908902604648,7.7661069096232625e-06,0.014007823411071253,0.00031574263196913548,0.00055096792448701144,3.4116623223525003e-05,5.3545298360055029e-05,0.00013318519593566973,0.39564750708961749
v3.1,c530bf2cab2728a7,1444,626842229647,3,arctan,independent,2,0.7,0.12188855530487799,0.018338655674040933,0.016780330065235102,0.015537064115605525,0.024048005918897653,0.15045428693588772,0.13766944749868204,0.12746942546609813,0.19729502789451184,0.0028581695691435147,0.03957332509248461,0.031269946377137141
v3.1,c530bf2cab2728a7,1445,9e7244bd8007,4,arctan,common,5,0.05,0.14388372989626819,0.00020064705669570472,3.2222016020036566e-05,1.5656871186842533e-06,2.2715171665725125e-08,0.001394508307786847,0.00022394482019104432,1.0881613368050876e-05,1.5787171824153741e-07,3.3630307485043912e-05,1.5882195856343374e-06,0.10062716165490954
v3.1,c530bf2cab2728a7,1446,1dd9eb5223b1,2,arctan,common,2,0.5,0.13546591473903349,0.039186971699340808,0.047909716057807056,0.026221696766837714,0.021314894484233109,0.28927551092709947,0.35366620562893691,0.19356674937272711,0.15734507477615239,0.021688019290969342,0.04753659125107082,0.39904181645075693
v3.1,c530bf2cab2728a7,1447,95dd41266b28,3,fermi,independent,3,0.1,0.36855941258962072,0.00099022256693226244,7.2979581056645984e-06,5.1987143607156339e-06,3.677116410321443e-08,0.0026867379670882101,1.9801307079330096e-05,1.4105498823616366e-05,9.9769976962053502e-08,1.1849214034711635e-05,5.2354808343322316e-06,0.27975998813915026
v3.1,c530bf2cab2728a7,1448,d87cf6cecba2,4,fermi,common,5,0.1,0.18368143884105986,0.00015471969855399188,4.7138382036589064e-06,2.7243321944498917e-07,9.2714541862657993e-10,0.00084232625533748858,2.5663116716642259e-05,1.4831831738901311e-06,5.0475727132606021e-09,4.7474814347496606e-06,2.7327728418192962e-07,0.056662074605638685
v3.1,c530bf2cab2728a7,1449,74af7d03aea2,2,arctan,common,1,0.1,0.25352591567669969,0.0016732848411723849,0.00011393364791335247,3.3377906017944902e-05,8.9361115047178465e-07,0.0066000544232574024,0.00044939645562169068,0.00013165480905119359,3.5247329571282644e-06,0.00014731155393129736,3.4271517168416684e-05,0.23085264711524878
v3.1,c530bf2cab2728a7,1450,421a9ea8e7f7,3,fermi,common,1,0.2,0.31733361089902257,0.0081034826754998804,0.0020479810683150875,0.00045489208883737282,2.7817743514058767e-05,0.025536162565768857,0.006453716208986029,0.0014334822193862163,8.7660879776490291e-05,0.0025022212585083035,0.00048270793379760779,0.16375684155328721
v3.1,c530bf2cab2728a7,1451,6a4382b32254,4,fermi,common,5,0.5,0.17103149340174889,0.0041913218073922533,0.00045116495196533614,0.00018184164991355965,9.9305308690755546e-06,0.024506140500959894,0.0026379057037498963,0.0010632056488357846,5.8062586436925829e-05,0.00027842737811204112,0.00019172862351814833,0.053606209868944328
v3.1,c530bf2cab2728a7,1452,c4d2be1d0e21,2,arctan,independent,10,0.3,0.45639422131555102,0.030260644061397134,0.0042699430239994569,0.0042610374522333069,0.00080781316902279858,0.066303740599894495,0.0093558218412393476,0.0093363089478892096,0.0017699899150657222,8.9055717661506357e-06,0.0050688506212561053,0.39401115239186812
v3.1,c530bf2cab2728a7,1453,c4dc5f7750c2,3,fermi,independent,3,0.2,0.16591659705054365,0.0012813266785812864,6.771717950310524e-05,1.9433718505854733e-05,4.0689000463624374e-07,0.0077227155170676029,0.00040813987694357279,0.00011712944245074279,2.4523767475311206e-06,8.2938074320860173e-05,1.9840501755719326e-05,0.10285483999860248
v3.1,c530bf2cab2728a7,1454,337a7fbfbfdb,4,arctan,common,10,0.05,0.077546252910327879,2.4431757847503275e-05,2.2440294980563299e-06,2.5844534288708465e-08,4.9390630248275339e-11,0.00031506045657364536,2.8937948821992174e-05,3.3327895699350289e-07,6.3691833447309384e-10,2.2476892822543474e-06,2.5893275306927623e-08,0.14374040274629846
v3.1,c530bf2cab2728a7,1455,8bc6d415d952,2,arctan,independent,1,0.3,0.18062422820785501,0.01777880778568482,0.01488638935333327,0.0029514510325055671,0.0005647084932441245,0.098429806245182633,0.082416348576463502,0.016340283149108643,0.0031264271623310741,0.011934938320827704,0.0035161595257496917,0.30261031970787278
v3.1,c530bf2cab2728a7,1456,8b67fbcb6920,3,arctan,common,1,0.3,0.17519522994141035,0.0066540054612472177,0.022423779211638881,0.0027866844483807837,0.0016525334199254714,0.037980517297602698,0.12799309215860474,0.015906166219894918,0.0094325251919137286,0.024647044337028877,0.0043958681280561115,0.085037038041479246
v3.1,c530bf2cab2728a7,1457,5e876e584e1d,4,arctan,independent,10,0.05,0.077169347518443607,3.6407911358191251e-05,4.402415526338273e-06,6.9121705914362965e-08,2.2420682160176044e-10,0.0004717923959314247,5.7048759227698383e-05,8.9571453092619139e-07,2.9053870326968183e-09,4.3369125244090195e-06,6.9345747857459976e-08,0.086340195749055507
v3.1,c530bf2cab2728a7,1458,a9c8cae6a6fe,2,fermi,independent,3,0.5,0.46150361199808337,0.02767336515442775,0.0027844987997553,0.0027323264078178322,0.00032730111324890727,0.059963485517731285,0.0060335363090654728,0.0059204875905265499,0.00070920596229324105,5.2172391937467888e-05,0.0030596275210667393,0.47930765463316716
v3.1,c530bf2cab2728a7,1459,f1f82393424f,3,arctan,independent,10,0.3,0.38442560361670436,0.028203578108970902,0.0049980063948332591,0.0050273836669472074,0.0012912937388926482,0.073365503867665327,0.013001231832145537,0.013077650446924481,0.0033590211649381875,2.9457489401115173e-05,0.0063168599820591503,0.31003241157425315
v3.1,c530bf2cab2728a7,1460,0f9e5eed7faa,4,fermi,common,3,0.2,0.27961352801611966,0.0027184262530754815,0.00010941436574350072,3.8582624265681633e-05,5.9642742589101384e-07,0.0097220841651079366,0.00039130569439828035,0.00013798554218541728,2.1330420960770893e-06,7.1577298245757717e-05,3.9178985156376422e-05,0.02147171228711723
v3.1,c530bf2cab2728a7,1461,6b93b591f43a,2,arctan,independent,3,0.1,0.012063681496573251,6.7043904641729001e-05,0.0001036793586674657,1.242311583296172e-06,2.5573865810372085e-08,0.0055574995626976025,0.0085943381957585951,0.00010297947468598676,2.1199055874971891e-06,0.00010492167025076188,1.2678854491065441e-06,0.17595007147520933
v3.1,c530bf2cab2728a7,1462,a6acbc0a3df7,3,arctan,common,1,0.05,0.13703791074952357,0.0025817994879578855,0.0014628790159708113,5.502216461434672e-05,1.4449781181099995e-06,0.018840038306457189,0.01067499502852642,0.00040151053320504603,1.0544367687793453e-05,0.0015178896872286485,5.6466647496848101e-05,0.26700906254955209
v3.1,c530bf2cab2728a7,1463,85dfdfda62c9,4,arctan,common,10,0.2,0.20019247648338392,0.00431414478409898,0.00031524622212308369,0.00029673783012890267,3.6687876700585287e-05,0.021549984594236519,0.0015747156319795529,0.0014822626471356533,0.00018326301440019598,5.5565147643170511e-05,0.00033330611201703617,0.16781858665676733
v3.1,c530bf2cab2728a7,1464,fce0b6dcd85d,2,fermi,independent,1,0.3,0.3654516063929118,0.012121361178816273,0.0015144266033210564,0.00056853849002319384,3.1042598771002505e-05,0.033168170468469926,0.0041439867189770547,0.0015557148472674523,8.4943117578274783e-05,0.00094588811329786272,0.00059958108879419635,0.20043907280944581
v3.1,c530bf2cab2728a7,1465,86711d23e26a,3,fermi,independent,3,0.1,0.23921778303541949,0.00068474625705785793,2.6105605070201374e-06,3.4968413979011133e-06,2.2331751471763405e-08,0.0028624387717717113,1.0912903187609627e-05,1.461781542128646e-05,9.3353224782861911e-08,2.7192258273182696e-06,3.5191728322049551e-06,0.2112631439374732
v3.1,c530bf2cab2728a7,1466,d262d7254838,4,fermi,common,10,0.3,0.18558656309145166,0.0020156846489897328,3.92707782952772e-05,3.048055090307793e-05,5.5287039747216201e-07,0.010861156192630509,0.00021160356461758333,0.00016423899659189227,2.9790432467878806e-06,1.04124381977769e-05,3.1028474226409974e-05,0.057088461115291943
v3.1,c530bf2cab2728a7,1467,d3c242f8f59a,2,fermi,independent,2,0.05,0.48061268884645159,0.00034179871531473917,8.6692149779817277e-07,4.1280671812438664e-07,6.1221076550846926e-10,0.00071117289086792851,1.8037840404899108e-06,8.5891764346711219e-07,1.2738131549915471e-09,1.2797282159225595e-06,4.1341892888989513e-07,0.43433646260186853
v3.1,c530bf2cab2728a7,1468,24cb01057b34,3,fermi,common,5,0.7,0.48230039400820884,0.072166657470730672,0.014281110427539207,0.014240677284851129,0.0029524837852910779,0.14963010266481844,0.02961040589010205,0.029526571949283438,0.0061216698596369508,5.7362853444614232e-05,0.017193152919079507,0.094312630702470826
v3.1,c530bf2cab2728a7,1469,0f5983c6b8e0,4,arctan,common,10,0.3,0.10252734794337899,0.0019403379585658754,0.00031784083648929272,0.00011722847544228349,1.2578327847000043e-05,0.018925077040297895,0.0031000590853556575,0.001143387377063759,0.00012268266076624219,0.0002454868657908334,0.00012963205313254637,0.022889606987943567
v3.1,c530bf2cab2728a7,1470,a188b8909f6a,2,arctan,independent,2,0.7,0.36326283230762874,0.13601796389362183,0.1506898312269262,0.15032390375342336,0.26048723401599388,0.37443402351285743,0.41482314683742455,0.41381581153923758,0.71707648250509859,0.00036592747350285676,0.41081113776941719,0.48042587945202109
v3.1,c530bf2cab2728a7,1471,123b52d019bb,3,arctan,common,2,0.05,0.38939201771135112,0.0014701502131336762,5.6252886926475476e-05,1.8827634636169596e-05,3.7672270908768277e-07,0.0037755016699481253,0.0001444633797505697,4.8351362585265325e-05,9.6746387176056631e-07,7.5008739329530849e-05,1.9204259278268127e-05,0.24159156286986266
v3.1,c530bf2cab2728a7,1472,d60866d0d1fb,4,fermi,independent,5,0.5,0.22934801975647034,0.0061253760072326052,0.00021094565050454862,0.00031536470608328212,2.3258923191408482e-05,0.026707778047252124,0.00091976224921644411,0.0013750487421611368,0.0001014132287521192,0.0001864822805167061,0.00033841586869702453,0.072311220705049514
v3.1,c530bf2cab2728a7,1473,27054d07c59f,2,arctan,independent,10,0.05,0.050481323497633512,1.8503360174691984e-05,2.8944455218934169e-06,2.0457032667365718e-08,3.83397639170295e-11,0.00036653872942850622,5.733695793512831e-05,4.0523962626147691e-07,7.5948412721046846e-10,2.9149025545607828e-06,2.0495372431282749e-08,0.23626601682011239
v3.1,c530bf2cab2728a7,1474,e43aaadc189a,3,arctan,independent,2,0.3,0.23400535485280025,0.0308372086838886,0.011631370148617967,0.010579756925415818,0.0053122343772544741,0.13177992744348338,0.049705572575185791,0.045211601811723304,0.022701336815972032,0.001288198716649738,0.015888471897766918,0.16248874676655253
v3.1,c530bf2cab2728a7,1475,c88b2aeea8f5,4,arctan,independent,3,0.1,0.069714316820565114,0.00028614038252290549,0.00012837409345065564,3.746668725727229e-06,1.0371531656272739e-07,0.004104470868722572,0.001841430846709329,5.3743174954588303e-05,1.4877190409779972e-06,0.00012673583197911318,3.8397636507372288e-06,0.12089711622108563
v3.1,c530bf2cab2728a7,1476,2eedbfcf431b,2,arctan,independent,1,0.5,0.28890591861818904,0.071175735552260533,0.051375973039906896,0.055258391292875256,0.067384268561545196,0.24636302327306986,0.17782942379870079,0.19126777172711157,0.23323948807915768,0.0038824182529683645,0.12264265985442045,0.25671154474719848
v3.1,c530bf2cab2728a7,1477,59b99a9ad5e2,3,fermi,independent,10,0.5,0.33411197976832424,0.023782709972091618,0.0024667425803576895,0.0023971792816790466,0.00028958992792290326,0.071181853427053798,0.0073829815442958595,0.007174777999104578,0.00086674511977603169,6.963084200383285e-05,0.00268424341410042,0.079744157869635887
v3.1,c530bf2cab2728a7,1478,7229c588249e,4,arctan,independent,3,0.7,0.14617330485857394,0.03801742026462309,0.028150739342608762,0.029294118578418155,0.035522604439286593,0.2600845640139684,0.19258468138108564,0.2004067610482016,0.24301704386895773,0.0047705105149841529,0.064805620123646074,0.0524711520708048
v3.1,c530bf2cab2728a7,1479,8ca879786495,2,arctan,independent,3,0.7,0.18975618778710376,0.097259088630091792,0.12667812102678078,0.12350291852094494,0.21368901828277229,0.51254765267107527,0.6675836108644152,0.65085054648920637,1.1261241110225078,0.0031752025058358353,0.33719193680371723,0.11379960894425387
v3.1,c530bf2cab2728a7,1480,1e908121f529,3,fermi,independent,5,0.5,0.12766961405938856,0.0016768833198876768,0.00020001603653581823,0.00010245234574644986,1.1240245959295109e-05,0.013134553059020251,0.0015666690779121176,0.00080248026518504011,8.804166944584356e-05,0.00028149197610452542,0.00011366763436936506,0.084912803244658899
v3.1,c530bf2cab2728a7,1481,d87d3559cb00,4,fermi,common,10,0.05,0.11269546848296187,1.8098150438299088e-05,8.7841461318924145e-07,5.6664209962589999e-09,2.3895506594313668e-12,0.00016059341765845093,7.7945868189194019e-06,5.0280823821373889e-08,2.120360908560078e-11,8.7695012415972876e-07,5.6688074654199569e-09,0.11232606180629172
v3.1,c530bf2cab2728a7,1482,231f34f5b3ca,2,arctan,independent,5,0.2,0.27513792578715296,0.0073891641080874445,0.00067246202351322953,0.00046977681638245375,4.1554194936142439e-05,0.026856217974848409,0.0024440906196023554,0.0017074229771793573,0.00015103041435403136,0.00020268520713077578,0.00051133101131859619,0.22662844241143063
v3.1,c530bf2cab2728a7,1483,62a2f78aa99e,3,arctan,independent,10,0.5,0.081682578292077826,0.004194566727212413,0.00064997961146161178,0.00071229668302942627,0.0002063969189327386,0.051352036320567916,0.0079573836312736897,0.0087203011697600877,0.0025268168959445845,0.0001809384170029345,0.00091823679823631094,0.26966117299492465
v3.1,c530bf2cab2728a7,1484,21d465f13c25,4,fermi,independent,3,0.7,0.21126113906482519,0.016145248436499591,0.0023731283226517581,0.0022888874243954679,0.00043016640466775785,0.076423181792773742,0.011233151222968495,0.010834398766036786,0.0020361833064611182,0.0012282126608548561,0.0027178457320900427,0.090566554681836886
v3.1,c530bf2cab2728a7,1485,f26871b77baa,2,fermi,common,10,0.7,0.33699092242851209,0.023432427592982891,0.001995110821807056,0.0019958084717771321,0.00017350889289558958,0.06953429909659882,0.0059203696272569209,0.0059224398609743411,0.00051487705260784013,6.9764997007598383e-07,0.0021693173646727217,0.26428475703914572
v3.1,c530bf2cab2728a7,1486,9955e8818491,3,fermi,independent,1,0.05,0.14216434053821433,0.00023531869324335783,4.3111117674914132e-05,4.6114946161422295e-07,9.6498229970174227e-10,0.001655258219835397,0.00030324846239008645,3.243777306379191e-06,6.787794295309598e-09,4.3569455250498638e-05,4.6211399445682079e-07,0.25864874448868896
v3.1,c530bf2cab2728a7,1487,f85a6fcc51d2,4,fermi,common,2,0.7,0.095081568983441667,0.0045275174675397352,0.009209372542274552,0.001407993081376942,0.00079178645344219986,0.047617193489183973,0.096857599645609055,0.014808265118365287,0.0083274441293673691,0.010434795119055987,0.00219278260378577,0.06807031273323956
v3.1,c530bf2cab2728a7,1488,af5b1cb038b2,2,fermi,independent,10,0.3,0.03825585454512305,0.00013384636911961673,2.4920865980830639e-05,8.6538705672240672e-07,7.2417696095498843e-09,0.0034987159667742881,0.00065142620069919758,2.2621035839146571e-05,1.8929833604966703e-07,2.4055478924108233e-05,8.7262882633195663e-07,0.36897969326873337
v3.1,c530bf2cab2728a7,1489,0fa1625709e0,3,fermi,independent,2,0.05,0.13922045590466969,0.0001200531657600009,2.0605767800902935e-05,1.4179042376989802e-07,1.7556099546782158e-10,0.00086232418203117023,0.00014800819080072975,1.0184597001103637e-06,1.2610287355188366e-09,2.0471497766573217e-05,1.4196597408829424e-07,0.092514274898518198
v3.1,c530bf2cab2728a7,1490,31b6c1672cf7,4,arctan,independent,2,0.5,0.21680965941658509,0.045533232245701022,0.029618360927857572,0.030458228588029861,0.031602770981608928,0.2100147768703054,0.1366099693508023,0.14048372507936299,0.14576274445819937,0.0010907210947459522,0.062049967895764786,0.029487706298552699
v3.1,c530bf2cab2728a7,1491,f0be439f2612,2,fermi,common,2,0.1,0.10678063069432542,8.5946830849728041e-05,0.00020940355974725813,3.1619420004271456e-07,3.1142609637729764e-09,0.00080489158277930514,0.0019610631477417033,2.9611568875994462e-06,2.916503623852894e-08,0.00020971975394730086,3.1930846100648758e-07,0.19758154412228723
v3.1,c530bf2cab2728a7,1492,a3c424076d50,3,arctan,common,10,0.05,0.30559027888191875,0.00049043646529329892,7.5112608307920569e-07,2.2237672234805603e-06,1.5561721941774659e-08,0.0016048824167041171,2.4579514957982146e-06,7.2769566872898878e-06,5.0923484865785821e-08,2.9748767685100643e-06,2.2393250683596021e-06,0.25381005051370797
v3.1,c530bf2cab2728a7,1493,9ffb9be5209d,4,fermi,independent,2,0.2,0.40243038522766195,0.00677879883172758,0.00038815584123866678,0.00018643690593127531,6.0308840115432809e-06,0.016844649610373467,0.00096452915954415371,0.0004632774084039521,1.4986154706313996e-05,0.00020466009816608679,0.00019245195473342814,0.079500780504102392
v3.1,c530bf2cab2728a7,1494,0480750f13a5,2,arctan,independent,2,0.3,0.38517986421427286,0.040201663560009163,0.010770050762938983,0.0094460455782160325,0.00294695693343671,0.10437114526226962,0.027961094967694569,0.024523726331034956,0.0076508592666135284,0.0013240051847229501,0.012393002511652743,0.23427813540146866
v3.1,c530bf2cab2728a7,1495,59aa865f9564,3,arctan,independent,1,1,0.051580612278578179,0.029312622092645464,0.0726055724902199,0.16059940414766832,0.82241629209311384,0.56828759484926117,1.407613622306177,3.1135614149032986,15.944290999327078,0.22947538095646544,0.98300736275569445,0.063739422902218956
v3.1,c530bf2cab2728a7,1496,cf14f2f470a6,4,fermi,common,10,0.5,0.3742882898516996,0.01169930217138675,0.00050173949087003512,0.00048991731863061037,2.3071294687066331e-05,0.031257462465689868,0.0013405161328152537,0.0013089303938007926,6.1640439502415729e-05,1.3766793053410527e-05,0.00051287469234407061,0.0043490834679177698
v3.1,c530bf2cab2728a7,1497,25362b5518c8,2,fermi,independent,1,0.05,0.21232439119992083,0.00019598471532385325,1.254815195698612e-05,2.2635392981170169e-07,2.7906050090109517e-10,0.00092304381148239139,5.9098965908118424e-05,1.0660759629757793e-06,1.314312026630689e-09,1.232179802717442e-05,2.2663299031260278e-07,0.086106960874359678
v3.1,c530bf2cab2728a7,1498,5174ef4537a1,3,arctan,independent,3,1,0.14840775639582607,0.055187168608108655,0.062357887662979623,0.067770234306881602,0.14457900965142506,0.37186175405088723,0.42017943790391687,0.456648870333489,0.97420116820451652,0.010093608716361903,0.21234147895239514,0.21309255192289941
v3.1,c530bf2cab2728a7,1499,cdebb03d724d,4,fermi,common,2,0.5,0.3229784822439547,0.043399949097637253,0.0060392488054925421,0.013806593113193252,0.0062786627733885788,0.13437411927911672,0.018698610395137493,0.042747718105767635,0.019439879492176598,0.007849764126801495,0.020085042205956086,0.021533510564291203
v3.1,c530bf2cab2728a7,1500,b5d359fd3527,2,arctan,independent,2,0.05,0.36702799286309523,0.00096070979109884747,9.4356340108271932e-06,6.1381895717916712e-06,5.7105655629853621e-08,0.0026175381981210378,2.5708213526772522e-05,1.6724036561650684e-05,1.5558937394498557e-07,3.2974444390355224e-06,6.1952952274215255e-06,0.23619023129176039
v3.1,c530bf2cab2728a7,1501,b98695d87927,3,fermi,independent,2,0.3,0.12065246918468826,0.0023279861692323796,0.00017815077721088408,9.5189172389799199e-05,4.7781389342214246e-06,0.019294973281224974,0.0014765613867228902,0.00078895337188738981,3.9602496049271136e-05,8.4784692326627729e-05,9.993396131891532e-05,0.051405228331653549
v3.1,c530bf2cab2728a7,1502,7155e9c1529d,4,fermi,independent,10,0.2,0.19128952934202523,0.00084651768539204463,2.8426602846214346e-05,6.3815338021453985e-06,6.2834136206873327e-08,0.0044253215965546809,0.00014860511677765512,3.3360601722926672e-05,3.2847661041878587e-07,2.2559831793687051e-05,6.4436343285138733e-06,0.031510396185265702
v3.1,c530bf2cab2728a7,1503,cc69c5e1061d,2,arctan,independent,5,1,0.26342810200520367,0.17847831049726079,0.34296103767023972,0.33806578357700423,0.94441554092113167,0.67752190878152851,1.3019151527860342,1.2833322679078718,3.585097921338992,0.0048952540932354792,1.2824813244981357,0.24659801628923367
v3.1,c530bf2cab2728a7,1504,1b843542dd4e,3,arctan,common,1,0.1,0.35698448269356953,0.0049832469926215242,0.00076845031127225477,0.00013139490149124362,4.5265321256289721e-06,0.01395928180132993,0.0021526154455623263,0.00036806894378104148,1.2679912839557466e-05,0.00071536900809071342,0.00013585752112614595,0.15429406477807203
v3.1,c530bf2cab2728a7,1505,14d398ee430c,4,arctan,common,5,0.2,0.18311285649732473,0.0046180731936771397,0.00044802410539521311,0.0004112436628254042,6.4344494221817611e-05,0.02521981952558645,0.002446710263633284,0.0022458481107874174,0.00035139255349204648,8.7140169499699604e-05,0.00047527830609858239,0.057434332326479307
v3.1,c530bf2cab2728a7,1506,fda30f3924a5,2,fermi,independent,5,0.05,0.11919127137105601,6.5545794989603021e-05,5.4035905360462806e-07,4.654888906442615e-08,3.4886963778060146e-11,0.00054992109938614123,4.5335455137686114e-06,3.9053941223190877e-07,2.9269730389445261e-10,4.9381016454020189e-07,4.6583776028204209e-08,0.057753010691984893
v3.1,c530bf2cab2728a7,1507,fd7a427e2795,3,fermi,common,10,0.2,0.17793245157434037,0.00044353994396270478,4.0236252306102916e-05,1.6288704133580789e-06,6.6930868994493495e-09,0.0024927433980607709,0.0002261321751602583,9.1544313527177751e-06,3.7615886479555254e-08,3.8844413059607029e-05,1.6355624140123829e-06,0.13326909766715664
v3.1,c530bf2cab2728a7,1508,178f4843fa34,4,fermi,common,1,0.5,0.2365857673484098,0.021426601041851623,0.0043361365743579865,0.0040591677905654081,0.0011210103054770748,0.090565891946904731,0.018327968850181686,0.017157278039416649,0.0047382829408592897,0.0044993293474222644,0.0051699503703564994,0.044165124678698521
v3.1,c530bf2cab2728a7,1509,fa27e3cd5543,2,fermi,common,5,0.5,0.40561281017115564,0.019587592839309696,0.0016670592132369821,0.0015690410612628864,0.000153239439317416,0.04829135655514518,0.0041099767350383648,0.003868322256885332,0.00037779733646172038,9.8018151974095766e-05,0.0017222805005803023,0.45682334910824962
v3.1,c530bf2cab2728a7,1510,6bf87f6d7e5d,3,arctan,independent,1,0.05,0.19344654155086527,0.00071293207743997262,7.4590047548807789e-05,8.6732833191589082e-06,1.569477211713162e-07,0.0036854216763162586,0.00038558480782761845,4.4835556374515673e-05,8.1132347941225931e-07,8.2587802622034658e-05,8.8295431686334669e-06,0.073090609017621336
v3.1,c530bf2cab2728a7,1511,0e28688e6ad3,4,fermi,common,10,1,0.12938700500024775,0.010126261203497043,0.0015314649396546646,0.0016043026895664469,0.00036425937098051006,0.078263355763414214,0.011836311843308625,0.012399256707142847,0.0028152701345843241,0.00020009380318803635,0.0019677068143422989,0.067894212011057414
v3.1,c530bf2cab2728a7,1512,cfc85636e149,2,arctan,common,5,1,0.067177882824839039,0.01838998093735919,0.028716898651749402,0.012196545689249329,0.0076866182887359276,0.27375052865702237,0.42747549407930019,0.18155597015539843,0.11442185977754271,0.016520352962500071,0.019883163977985258,0.26015836661750508
v3.1,c530bf2cab2728a7,1513,5f72f5d9dc63,3,fermi,common,10,0.1,0.22495247370627561,0.00027466359925947805,2.7254216803787767e-06,7.4407223204532395e-07,2.5888189460743164e-09,0.0012209850140083862,1.2115544387999964e-05,3.3076863738643396e-06,1.1508292855914902e-08,2.2423532478588459e-06,7.4665694328232833e-07,0.053691986875493168
v3.1,c530bf2cab2728a7,1514,387b636f4981,4,fermi,common,5,1,0.22269389723412153,0.028786006688968586,0.0067401170799369983,0.0059896656001085982,0.0015558783996240631,0.12926266523911706,0.030266285532068306,0.02689640656749372,0.0069866234277104781,0.0018096015433409307,0.0075412778367104222,0.015097383960289566
v3.1,c530bf2cab2728a7,1515,d953b2af6cf8,2,fermi,independent,1,0.3,0.39215933064873087,0.015776253151047609,0.0027604025810426267,0.00076661277249713544,3.7754386473856476e-05,0.040229192366657937,0.0070389822842573235,0.0019548502676933984,9.6273079646992348e-05,0.0019937898085454911,0.00080436715897099192,0.18944673165068759
v3.1,c530bf2cab2728a7,1516,cb29d5daf37e,3,fermi,independent,3,0.5,0.14838526881583086,0.0056344004524340845,0.00044362096732567592,0.0005273306611396142,6.734166010184797e-05,0.03797142733506282,0.0029896563915403108,0.0035537938863332407,0.00045382982178257476,0.00022999097748590346,0.00059462795114000597,0.066475767570176036
v3.1,c530bf2cab2728a7,1517,eae31687ba09,4,arctan,independent,2,0.5,0.17392567965115732,0.037089014670363532,0.022749232742324269,0.023907831172037448,0.025114932227202038,0.21324634030324308,0.13079858470556158,0.1374600416683113,0.14440036846528384,0.0013086130027594924,0.048950509369716413,0.088649770993328159
v3.1,c530bf2cab2728a7,1518,746a740207c7,2,fermi,independent,10,0.7,0.33986343906200484,0.020282045164339419,0.0019951161686641711,0.001962141567897121,0.00023341702692195173,0.05967704328631581,0.0058703465549884617,0.0057733234657792861,0.00068679651911415817,3.2974600767050087e-05,0.0021955585948190727,0.46862055335645758
v3.1,c530bf2cab2728a7,1519,e19c457864de,3,arctan,common,2,0.5,0.14305207519920082,0.0244259677542852,0.020927553051607942,0.015706754584125307,0.016523973069648566,0.17074878305870014,0.14629325035981622,0.10979746055590989,0.1155101947779425,0.0052593674309839638,0.032194211693114233,0.082905252242826064
v3.1,c530bf2cab2728a7,1520,1113ba042116,4,arctan,common,3,0.3,0.57992867593661768,0.078259219779154371,0.025084866614569001,0.024492207199573988,0.01057094425838177,0.1349462839594219,0.043255089212575183,0.04223313696295098,0.018228007506800894,0.00066823955064106936,0.035063094267691733,0.028496939652173321
v3.1,c530bf2cab2728a7,1521,a03aa6301ea6,2,arctan,independent,2,0.1,0.26812309667310125,0.0026931027245956085,3.3994122145721042e-05,6.6861138727796499e-05,2.2676793619531678e-06,0.010044277266717794,0.00012678550474585584,0.00024936732253735816,8.4576054435099584e-06,0.00010085526087351754,6.9128818089749663e-05,0.45271697522743642
v3.1,c530bf2cab2728a7,1522,4ae3e4fe42b5,3,arctan,independent,3,0.1,0.31591050890308875,0.0033208159174456424,0.00012443644280852188,0.00010123516392937965,4.8787799707702432e-06,0.010511888094436145,0.00039389776313739219,0.00032045519562135037,1.5443550731219571e-05,5.6517716300500537e-05,0.0001061071238854112,0.17146588825815892
v3.1,c530bf2cab2728a7,1523,4358a5148ee3,4,fermi,independent,10,0.7,0.17209624979316612,0.0075197627145063431,0.00050706131855807201,0.00053138391786015731,4.6804907964176319e-05,0.043695099245590591,0.0029463821504970831,0.0030877135236752752,0.00027196936609849895,0.00013665581010627618,0.00057809953390141916,0.032081655489522659
v3.1,c530bf2cab2728a7,1524,d49addae8507,2,fermi,independent,10,0.2,0.41048159895041875,0.0025308053015022113,1.8827028811959255e-05,2.2595729659063723e-05,2.3674075812640515e-07,0.0061654537206377973,4.5865707159831386e-05,5.5046875954585764e-05,5.7673902735649936e-07,3.7687008471044669e-06,2.2832470417190127e-05,0.37470175495876246
v3.1,c530bf2cab2728a7,1525,77ddb6ea90bd,3,arctan,independent,1,0.1,0.24633531804559319,0.0039342442173297115,0.00046843233242860175,0.00018722987198439668,1.2636539676690763e-05,0.01597109277120197,0.0019016044314924486,0.00076006101548842079,5.1298123943201347e-05,0.00040147898550241701,0.00019983151043424891,0.096337733129084363
v3.1,c530bf2cab2728a7,1526,f9d9963a19a1,4,arctan,independent,5,0.5,0.11752578069224662,0.01085204596594689,0.00347047052750894,0.0032186639297048752,0.0016408328502409808,0.092337578206471066,0.029529440324218947,0.027386875549742392,0.01396147160713334,0.0006174350364754642,0.0048482469397159609,0.12403981115983091
v3.1,c530bf2cab2728a7,1527,4ed1333ef7c6,2,arctan,independent,3,0.1,0.33585869997126711,0.005011791043842675,0.00024225332340130365,0.00015283654322735611,5.9073700081285932e-06,0.014922320143177582,0.00072129536445543485,0.0004550620342436607,1.758885510077295e-05,8.9416780173947553e-05,0.00015874391323548472,0.14555103109553341
v3.1,c530bf2cab2728a7,1528,2844591c4df2,3,fermi,common,5,0.1,0.18995039643717179,0.00017072622532448198,4.5931215238795145e-06,2.6620499976945544e-07,5.484676361420714e-10,0.00089879372997756066,2.4180636682160022e-05,1.4014448232936734e-06,2.8874255933626503e-09,4.3273963905728781e-06,2.6675346336974946e-07,0.022061024514869933
v3.1,c530bf2cab2728a7,1529,6b57258cc334,4,fermi,independent,5,0.1,0.27020555824071668,0.00036925820615423666,9.8155214241604561e-06,8.0954160419726866e-07,2.1646602476456189e-09,0.0013665825697977592,3.6326126997787928e-05,2.9960212864166044e-06,8.0111610647076276e-09,9.4680560286656868e-06,8.1170049398991553e-07,0.0086285419585297087
v3.1,c530bf2cab2728a7,1530,a78bc9502a3b,2,arctan,independent,1,0.1,0.42185455870987038,0.0070762442427360645,2.0226345816395748e-05,0.00025044675120824202,1.0960425442869182e-05,0.01677413245071209,4.7946253984436318e-05,0.00059368032426665386,2.5981526610471437e-05,0.00023022040539184629,0.00026140717665111123,0.45696969893272005
v3.1,c530bf2cab2728a7,1531,28e76335e24f,3,arctan,common,3,0.1,0.019007927850905212,4.3588745678907351e-05,3.0765308362557169e-05,2.8672633829623382e-07,3.3608947572319655e-09,0.0022931876646844242,0.0016185514067537897,1.5084565795138952e-05,1.7681542057578412e-07,3.0536349381202558e-05,2.900547702044967e-07,0.05423509640090908
v3.1,c530bf2cab2728a7,1532,4b3bd2e3ae9e,4,arctan,common,10,0.7,0.1681868104062347,0.021575723625199186,0.0069935982953146045,0.0074513714186874424,0.0038806382964278355,0.12828427849416765,0.041582323122856195,0.044304136576997714,0.023073380647713262,0.00070074625840967574,0.011328225566904255,0.14056773985983659
v3.1,c530bf2cab2728a7,1533,67112145c7c0,2,arctan,independent,3,0.5,0.26515697429878937,0.049127054414720525,0.022197359741303806,0.022052657292490337,0.014415462415100421,0.18527536205539219,0.083714033168484359,0.083168309454461228,0.054365767497620135,0.00014470244881346903,0.036468119707590757,0.18848740875626438
v3.1,c530bf2cab2728a7,1534,0760695127fb,3,arctan,independent,5,0.3,0.42061685447163061,0.034185894197773563,0.0068966159762076104,0.0069633486715598913,0.0020980726681765396,0.081275616595814046,0.016396432769844621,0.01655508712390304,0.0049880851085059132,0.00010223939714330915,0.0090570957664550707,0.2228582978954132
v3.1,c530bf2cab2728a7,1535,c50ff7b6dd7e,4,arctan,common,5,0.2,0.14402778561096646,0.0019734259599888467,0.00010989633830340049,7.809307499720773e-05,4.7123443820795085e-06,0.013701703123585256,0.00076302178664498495,0.00054220839864986179,3.27183005840833e-05,3.4358018662276658e-05,8.280342508387206e-05,0.12056259110426307
v3.1,c530bf2cab2728a7,1536,9ea395ab0d23,2,arctan,independent,1,0.1,0.019938040097026894,0.00017915474842255033,0.00026337953679165496,4.9955042852029085e-06,1.5398585179525507e-07,0.008985574687918569,0.013209901048946602,0.00025055142134797014,7.7232190850201472e-06,0.00026837504107685785,5.1494901369981642e-06,0.074288842064238983
v3.1,c530bf2cab2728a7,1537,4170dc4278f7,3,arctan,independent,1,0.05,0.42332973419932296,0.0019190762138954704,0.00014321370463248355,1.8337491625899757e-05,2.3191169822170268e-07,0.0045332894405000186,0.0003383029658980959,4.3317277631307679e-05,5.4782756675558273e-07,0.00012517676994263857,1.8569217956976856e-05,0.1437569800568686
v3.1,c530bf2cab2728a7,1538,8adfeb175d4c,4,arctan,independent,5,0.05,0.21418165227827216,0.00024286883524505862,2.3287426370127011e-06,8.7063683922462878e-07,5.9064842959225428e-09,0.0011339385641189988,1.0872745691526922e-05,4.0649459464131296e-06,2.7576985391113875e-08,3.1536815563841078e-06,8.7636736270834948e-07,0.066879635611206495
v3.1,c530bf2cab2728a7,1539,55e24a171a2b,2,arctan,independent,10,0.1,0.078627431452176835,0.00074547987500195409,1.3174140516821262e-05,1.2996802340078288e-05,2.7435492536317294e-07,0.0094811678473227697,0.00016755145467055099,0.00016529603091490109,3.489302909888929e-06,1.7733817674297249e-07,1.3271157265441462e-05,0.034579684093702705
v3.1,c530bf2cab2728a7,1540,3dbc1aa728f3,3,arctan,independent,10,0.05,0.07838112485485231,3.3440821365545956e-05,9.5307471562197577e-07,7.7395183180816627e-08,2.9181814837406811e-10,0.00042664380522061045,1.2159492701679109e-05,9.8742118493627808e-07,3.723066604548769e-09,9.6304434021660014e-07,7.7686993586030015e-08,0.047862860369524078
v3.1,c530bf2cab2728a7,1541,18bc5766fd9f,4,fermi,independent,10,0.2,0.24137009447815799,0.0017813773277248093,2.738576299345435e-05,2.5557698793367747e-05,4.273389584738767e-07,0.0073802735652738838,0.00011345963572107951,0.00010588593772821557,1.7704718531837313e-06,5.2743286054463219e-06,2.5984909973420282e-05,0.088018892467121981
v3.1,c530bf2cab2728a7,1542,d3632e633b60,2,fermi,common,10,0.1,0.38645998561562267,0.00061948065415515501,4.3545170697290764e-06,1.6170705066545092e-06,5.1908466440325022e-09,0.0016029619552159723,1.1267704890048116e-05,4.1843154966705022e-06,1.3431782945816738e-08,2.7374465630745671e-06,1.6222613532985416e-06,0.43295195646583456
v3.1,c530bf2cab2728a7,1543,d1151d9528e0,3,fermi,common,10,0.5,0.33219356975784603,0.026008501339458052,0.0034603027168490083,0.0032650542057856302,0.00053263106388518999,0.078293211269613264,0.010416525278834901,0.0098287700396058417,0.0016033755989721709,0.00020143922155035974,0.0037914763577053048,0.099828622333814787
v3.1,c530bf2cab2728a7,1544,3b36260be248,4,arctan,independent,1,0.3,0.095803252308449938,0.012576645844183337,0.0016796971576766202,0.0044518263449924442,0.0025488368454679618,0.13127577134533316,0.017532778034180258,0.046468426047366965,0.026604909374701384,0.0050174743169066607,0.0069968568283238063,0.14459753993497781
v3.1,c530bf2cab2728a7,1545,3be426ad9e8d,2,fermi,common,3,0.05,0.42120543755092527,0.0001700972976597979,8.1672626200206904e-08,8.2608289907522492e-08,4.0683215229315833e-11,0.00040383452466525319,1.9390211739688757e-07,1.9612351252596269e-07,9.6587583165749333e-11,9.3566370731558636e-10,8.2648973122751799e-08,0.31070073534376919
v3.1,c530bf2cab2728a7,1546,2697ee4e65b2,3,fermi,independent,1,0.5,0.1217764000507629,0.019011530080883993,0.0073154771020354512,0.00473460984516633,0.00137705685329609,0.15611834536871655,0.060073028098925327,0.038879535305631402,0.011308076546211411,0.0057049571385812351,0.0061114687821978986,0.15380393070088028
v3.1,c530bf2cab2728a7,1547,59241d8deff4,4,fermi,common,3,0.1,0.11696370840688372,3.9947139712056745e-05,1.5577898021192076e-05,3.469211510831462e-08,4.5949577768775504e-11,0.00034153448326973288,0.00013318573969116102,2.966058068852481e-07,3.9285329094499891e-10,1.5545699761427949e-05,3.4732465426179104e-08,0.011328068751694556
v3.1,c530bf2cab2728a7,1548,90d0d8f2af38,2,fermi,independent,10,0.1,0.39635914963408153,0.00089440649790005272,3.4817969649484366e-06,2.6579935478505098e-06,8.6291624445566308e-09,0.0022565556988548598,8.7844495785270224e-06,6.7060229347660255e-06,2.1771069123856651e-08,8.2380341709792724e-07,2.6666227102950661e-06,0.23153891848529262
v3.1,c530bf2cab2728a7,1549,462533f48b9c,3,fermi,common,5,0.2,0.29306310930993407,0.0010791639302912648,7.4167778003590083e-05,5.2959986941792706e-06,2.7801277660906451e-08,0.0036823602016382616,0.00025307783766517213,1.8071188511749508e-05,9.4864473820567843e-08,6.8953540962647279e-05,5.323798430410087e-06,0.048561810250700763
v3.1,c530bf2cab2728a7,1550,527cdbb2bd3b,4,arctan,independent,3,0.1,0.09414908058628893,0.00079356926724593419,4.0772736685415743e-05,2.1421225829024497e-05,8.9284183933075641e-07,0.0084288583840031982,0.00043306569147052868,0.00022752453550931544,9.4832773062765545e-06,6.0534514305314923e-05,2.2313104622241715e-05,0.16662192532930684
v3.1,c530bf2cab2728a7,1551,a55de93c4fd6,2,fermi,common,10,0.5,0.09808674076458665,0.00092217160632723436,1.9640627959416012e-05,1.6826411480914444e-05,4.2801266036736946e-07,0.009401592907857902,0.00020023733897484223,0.00017154623907117802,4.3636138486303919e-06,3.6467039440330452e-05,1.7254424141281814e-05,0.16885518307746961
v3.1,c530bf2cab2728a7,1552,e64850fb7bf1,3,fermi,common,10,0.1,0.16686062693512746,0.00020126578476415869,3.098058860553004e-06,5.0459058783082355e-07,1.7986789539669358e-09,0.0012061909898157543,1.8566745897206032e-05,3.0240242836136515e-06,1.0779528921860226e-08,3.574744770351837e-06,5.0638731442850642e-07,0.16523408933672104
v3.1,c530bf2cab2728a7,1553,d7ce9b6e04c7,4,arctan,independent,3,0.7,0.21576442216118591,0.070860410139637661,0.067051825809584673,0.068444043206585453,0.10826108102965572,0.32841563697049964,0.31076405061578638,0.31721653885761858,0.50175594263997669,0.0015954965823395794,0.17666563305119348,0.20889366883614732
v3.1,c530bf2cab2728a7,1554,2d30d33c6873,2,fermi,independent,1,0.1,0.012717085833426348,0.00036794268046604425,0.00031979707771963956,2.181900535771543e-06,1.2484218549245607e-08,0.02893293992707997,0.02514704091082454,0.00017157236841450777,9.8168862841448636e-07,0.00032197897825541114,2.1943847543207884e-06,0.30334608984904166
v3.1,c530bf2cab2728a7,1555,5f27b5ade16c,3,fermi,independent,3,0.7,0.06609992242213597,0.0022786427285019541,0.00071465259380430052,0.00018806672201542515,2.0481942161703654e-05,0.034472698983665791,0.010811700946338373,0.0028451882411354261,0.00030986333131980391,0.00069456601056452222,0.00020830219452236043,0.03228375950995524
v3.1,c530bf2cab2728a7,1556,1de45c5193a8,4,arctan,independent,3,0.1,0.015916812177695069,0.00010111297672960277,4.5126463169785431e-05,1.7427943338507156e-06,4.3385139154999435e-08,0.0063525896769264416,0.0028351445418840298,0.00010949393097023348,2.7257429861361901e-06,4.5874438447361725e-05,1.7860179192208891e-06,0.035586561892917215
v3.1,c530bf2cab2728a7,1557,5ac766811150,2,arctan,independent,5,0.2,0.16994384284612915,0.0028123755343633667,0.00028519983898032974,0.00011037291226408721,5.9436830593513789e-06,0.016548852181186419,0.0016782004820177915,0.00064946696753245272,3.4974394834256626e-05,0.0001748269267162425,0.00011631659532343859,0.18772679170207643
v3.1,c530bf2cab2728a7,1558,3664e658bd6d,3,arctan,independent,2,0.2,0.23473354343265923,0.012466917804303592,0.0024708561114061569,0.0017185203513722421,0.00032924994519266111,0.05311093430445369,0.010526216557179014,0.0073211537057772669,0.001402654006657199,0.00081473825042639855,0.0020476072791698772,0.21269570749940797
v3.1,c530bf2cab2728a7,1559,3117fb457693,4,arctan,common,2,1,0.18567757929168469,0.091320055387126814,0.16218995956593468,0.14373842852148469,0.3409809868103037,0.49182058348396646,0.87350319938815646,0.7741291601808481,1.8364144346940765,0.019668786392068177,0.4841811719179836,0.055531790816666579
v3.1,c530bf2cab2728a7,1560,a6476299b7fb,2,arctan,independent,1,0.2,0.41371499481726542,0.028553958170139865,0.0076054067391510844,0.0036261198177160096,0.00056960532999048605,0.069018427003720073,0.018383203012765664,0.0087647773543176443,0.0013768061035401343,0.0039792869214350752,0.0041957251477064954,0.36482649427145286
v3.1,c530bf2cab2728a7,1561,47b27a6a1747,3,arctan,independent,3,1,0.1323228850237278,0.061747104214653223,0.11976928133155378,0.10629857185301306,0.3143715558749387,0.46663964592051399,0.90512900553881559,0.80332719343257875,2.375791276154283,0.013507630585271845,0.42065049214377931,0.15670366762020571
v3.1,c530bf2cab2728a7,1562,f51d592cff8b,4,fermi,independent,2,0.3,0.16270093701899999,0.005279793028639174,0.0003117795992371949,0.00036290275930441526,3.2901881642893696e-05,0.032450907323432358,0.0019162741466005554,0.0022304896699029829,0.00020222306180726828,0.00028290786779187492,0.00039576723559686173,0.19606362828526733
v3.1,c530bf2cab2728a7,1563,a2e610177fe0,2,arctan,independent,1,0.2,0.45441387492928925,0.027803979407370467,0.0056281767225889855,0.0037627483711342152,0.00068551841073021728,0.061186466658169292,0.012385574105686756,0.0082804433991363752,0.0015085771992259037,0.0018654283514547704,0.0044482667818644328,0.33115501770733458
v3.1,c530bf2cab2728a7,1564,70d2c7d4158e,3,fermi,common,1,0.2,0.15439599103860494,0.0026210855384264718,0.00020313734244409385,4.6815746137732449e-05,8.3732952219083838e-07,0.016976383394379065,0.0013156905245894741,0.00030321866405214309,5.4232594807560377e-06,0.00024985663873904501,4.7650047941985044e-05,0.24686645160271706
v3.1,c530bf2cab2728a7,1565,5c1855dbad93,4,fermi,common,1,0.2,0.095576694277477559,0.0012450046411148121,0.0010297717570429115,1.7982736666979782e-05,2.9926986126737397e-07,0.013026236683812519,0.010774297697023143,0.00018814980788907005,3.1312012152098076e-06,0.0010369107580092273,1.8273189412877909e-05,0.11124340340028123
v3.1,c530bf2cab2728a7,1566,93c63321f639,2,fermi,independent,2,0.5,0.14503181084325623,0.013630617345496582,0.0019879179260930652,0.0016669170021156379,0.00021093291994591111,0.093983638942686396,0.013706771738798161,0.011493457831242043,0.0014543907210389712,0.00032100092397742701,0.0018778499220615489,0.059087703870291601
v3.1,c530bf2cab2728a7,1567,67b812f48208,3,arctan,common,5,0.05,0.38942155594503841,0.0013006347989314498,6.1885332189963926e-05,1.1863196020643109e-05,1.5666412517265767e-07,0.0033399147506745024,0.00015891604161403486,3.0463634689799858e-05,4.0229957171340739e-07,5.0050023911006933e-05,1.2019860016792412e-05,0.1518713448328865
v3.1,c530bf2cab2728a7,1568,71911da39a34,4,fermi,independent,3,0.3,0.079104184390564242,0.00038687153414506781,8.0359266340829458e-05,5.1750305451498145e-06,1.1727065175043664e-07,0.0048906582771266758,0.0010158661891268412,6.5420439955476056e-05,1.4824835456419293e-06,8.4494521592016521e-05,5.291118093178549e-06,0.01185624545681326
v3.1,c530bf2cab2728a7,1569,d487322103b5,2,fermi,independent,2,0.05,0.36120163576992936,0.00026369969975921937,1.687814886574309e-05,3.029832044422295e-07,3.9514854477573185e-10,0.00073006230771110146,4.6727775276449133e-05,8.3882013379146875e-07,1.0939832648693354e-09,1.6575165661300859e-05,3.0337835298700526e-07,0.36794704181551063
v3.1,c530bf2cab2728a7,1570,c78116f648d0,3,fermi,common,3,1,0.29222432501026724,0.027146871789686857,0.003810865539319508,0.0034135289952024893,0.00046613354574663791,0.09289737186913874,0.013040890894984919,0.011681193874201115,0.0015951223284723487,0.00061389889508991146,0.0038796288126853964,0.061202458359870975
v3.1,c530bf2cab2728a7,1571,08b6510fac83,4,arctan,independent,10,0.7,0.28459730129213845,0.09695004338181433,0.090950745772027761,0.091013441978897588,0.12708518467179603,0.34065693153673071,0.31957697897727794,0.31979727694421284,0.44654388532427924,0.00015935903640766039,0.21809286771284139,0.2093181109295596
v3.1,c530bf2cab2728a7,1572,329c682436a2,2,arctan,independent,2,1,0.18759635620084295,0.10712441892696954,0.17946175581373264,0.19135732744309936,0.56106324597431834,0.57103677862634405,0.95663774845178062,1.0200482105219031,2.9908003403522252,0.011895571629366709,0.75242057341741775,0.44087865246346247
v3.1,c530bf2cab2728a7,1573,b63de9055c4a,3,arctan,common,2,0.05,0.11595746122257115,7.6322114809402713e-05,4.8967356120143148e-05,1.3243900852232608e-06,2.4786277964173528e-08,0.00065819063305386162,0.00042228723881901993,1.1421344269354079e-05,2.1375319623976789e-07,5.0257941825261745e-05,1.3491758657024162e-06,0.034944001574581413
v3.1,c530bf2cab2728a7,1574,bf9ad4b73aea,4,arctan,independent,10,0.05,0.37809689783993922,0.000829424578945374,4.7553511008727881e-06,3.9965471284644845e-06,2.6401905640225237e-08,0.0021936825815918135,1.2577069867645103e-05,1.0570166407861812e-05,6.9828411158776621e-08,1.703737609741445e-06,4.0228602579489024e-06,0.14278820910396298
v3.1,c530bf2cab2728a7,1575,35abed7495a0,2,fermi,independent,2,0.05,0.34258033588143022,0.000200000753117374,5.6339439123312903e-06,2.1515457103468097e-07,2.9746916768986749e-10,0.00058380686854891711,1.6445613837804289e-05,6.2804121690495303e-07,8.6831944666206389e-10,5.8490984833659709e-06,2.1545204020237084e-07,0.27356533612743245
v3.1,c530bf2cab2728a7,1576,202176268e1d,3,fermi,independent,1,0.3,0.26289202791190769,0.0054555705872776977,0.00020981480835144232,0.00029209296481696626,2.3619467344155168e-05,0.020752133986755204,0.00079810258994140754,0.0011110757794254738,8.9844745509246854e-05,0.00049139851927247917,0.00031551459613929074,0.069469083466535797
v3.1,c530bf2cab2728a7,1577,ea9a708a5711,4,arctan,common,1,0.1,0.10218432330979176,0.0026169995813222417,0.0023591647372845381,0.00011303281728879619,5.4897702631825802e-06,0.025610577988448343,0.023087345111952925,0.001106165932577692,5.3724192570510728e-05,0.0024522475233579449,0.0001185043022349091,0.10720761333463465
v3.1,c530bf2cab2728a7,1578,7a1a4bf19f0f,2,arctan,independent,1,0.05,0.17502482267672204,0.00067971810487062656,7.4413278967820653e-05,4.8183580849454661e-06,4.0689177635801533e-08,0.0038835525982854075,0.00042515843084306394,2.7529569870470142e-05,2.3247661110879168e-07,6.9594920882875175e-05,4.859047262581268e-06,0.070529989807643051
v3.1,c530bf2cab2728a7,1579,f751f1c713ab,3,arctan,independent,1,0.1,0.15759953368860888,0.0027113076280946826,0.00080059488121627027,0.00015356946215119643,1.208680811939559e-05,0.017203779507696939,0.0050799317896340727,0.00097442840443059172,7.6693171841974887e-05,0.00092380786526021245,0.00016565622325489431,0.18644204099258266
v3.1,c530bf2cab2728a7,1580,74824af50396,4,fermi,common,2,0.2,0.21164986397045985,0.0017645834685273787,0.00025184996752460731,2.8926630537510605e-05,6.2910205656181671e-07,0.0083372766484445422,0.0011899368267950232,0.00013667209604986054,2.9723716555264173e-06,0.00022403496606820223,2.9555547889929745e-05,0.060310085265252777
v3.1,c530bf2cab2728a7,1581,2a0f912d5a4f,2,fermi,independent,3,1,0.35439894957314566,0.071331505986996266,0.02451664203762929,0.025051377032226197,0.011138868087769063,0.20127459766150887,0.069178088894332954,0.070686939288051573,0.031430307852732708,0.00053473499459690845,0.03619024511999526,0.34152694684546669
v3.1,c530bf2cab2728a7,1582,844dcc1525b3,3,arctan,independent,10,0.05,0.053176726273479122,3.3981596062818717e-05,1.4682271257102024e-06,4.6067903246688914e-08,8.2290364573927543e-11,0.00063903136661811377,2.7610333102480825e-05,8.6631702391323026e-07,1.5474883532830092e-09,1.4315790193036935e-06,4.6150188318168677e-08,0.060198032224778826
v3.1,c530bf2cab2728a7,1583,3ea521aab6ee,4,fermi,common,10,0.1,0.2547385124727895,0.00022843850462886872,5.1087673124978869e-06,3.2231049600428083e-07,6.4531451340922805e-10,0.0008967568445437551,2.005494678800714e-05,1.2652601794505225e-06,2.5332428424153526e-09,4.8855244686453903e-06,3.2293349178333761e-07,0.036098676839213827
v3.1,c530bf2cab2728a7,1584,e482c85cfdf0,2,arctan,common,2,0.7,0.29810002332645402,0.067713033399497927,0.034311522407971709,0.0347301330415846,0.024804509206372314,0.22714870211648497,0.11510070353264153,0.11650496586359232,0.083208679186208945,0.00041861063361288994,0.059534642247956911,0.29700592489038802
v3.1,c530bf2cab2728a7,1585,4c7d8652ea46,3,fermi,common,5,0.7,0.22235591374475858,0.021050016202996763,0.0039710487670152721,0.0035650478300896077,0.00078491759214782675,0.094668119450872751,0.017858975280385943,0.016033069550746966,0.0035300054715379885,0.00040814393275602696,0.0043461985163100493,0.22158554547518716
v3.1,c530bf2cab2728a7,1586,449d00961cb4,4,arctan,independent,10,0.5,0.10805857905901066,0.0098996848101976231,0.0028612696105124844,0.0029036609451193861,0.0013420776624711011,0.091614056897707463,0.026478875027127171,0.026871174601821299,0.01241990848073427,6.1610548943863403e-05,0.0042455790474404832,0.084850559990760563
v3.1,c530bf2cab2728a7,1587,9c9163bbc0bd,2,fermi,common,1,0.5,0.062786604055859271,0.0022375981954607005,0.013800269591546887,6.9437437038201845e-05,3.6577256008986294e-05,0.035638146529950551,0.21979640082571147,0.001105927579335642,0.00058256464988048497,0.013869707028585088,0.00010601469304718814,0.43923442700536425
v3.1,c530bf2cab2728a7,1588,da221df667b3,3,arctan,common,10,0.5,0.1037893216646989,0.0068296174498728175,0.0011100729166484329,0.001208919791135313,0.0003349633322233212,0.065802698585279665,0.010695444375623026,0.011647824378704789,0.0032273390638918667,0.00039977634045331161,0.0015438813437604094,0.1404620116948142
v3.1,c530bf2cab2728a7,1589,7a2a1bedb0be,4,fermi,common,1,1,0.22481834275961388,0.046187862385743003,0.028501377762524673,0.025805299930212126,0.02727218501992823,0.20544525779699921,0.12677514393476186,0.114782893661859,0.12130765081338984,0.0080635129050115779,0.052908880265845594,0.089272837560537152
v3.1,c530bf2cab2728a7,1590,60e2c3e20b43,2,fermi,independent,1,0.5,0.4440778833601628,0.047210758375433953,0.011197288203220636,0.0063632283171705583,0.00087974466287395734,0.10631188839716291,0.025214694590271324,0.014329081802098567,0.0019810593948459566,0.0048340598860500787,0.0072429729800445155,0.35526922698301816
v3.1,c530bf2cab2728a7,1591,3a81da673b7d,3,fermi,independent,5,1,0.29938432926945191,0.066318169464778892,0.022752445342790969,0.022954133328982038,0.0095817979235448044,0.22151516622999731,0.075997449159449199,0.07667112498838527,0.032005008234485759,0.00020178624242048293,0.032535737470049807,0.26274932199881834
v3.1,c530bf2cab2728a7,1592,65aa9fc9cd58,4,arctan,independent,3,0.7,0.066547142453275046,0.015202540508052398,0.0080158934457690532,0.013116374369800187,0.020045054678918983,0.22844768306507834,0.12045435987574189,0.19709898706784634,0.3012158590129288,0.011311292724679239,0.033061978994489198,0.097290066826525481
v3.1,c530bf2cab2728a7,1593,b5b42483f773,2,fermi,common,10,1,0.27301242351316796,0.027621548378808217,0.0048030071962495867,0.0049846424041724612,0.0011640542379624569,0.10117322876142291,0.017592632358790543,0.018257932514679286,0.0042637409059383411,0.00018163520792287445,0.0061486966421349177,0.437019169320432
v3.1,c530bf2cab2728a7,1594,97dfa39e63be,3,fermi,independent,3,1,0.14127118567574165,0.019442603926812411,0.01064511514949836,0.0054843716718296709,0.0021430582723075838,0.13762611132491537,0.075352345197498283,0.038821587329336181,0.015169818686356354,0.0064239754466238978,0.0076269923377011656,0.14774576007130408
v3.1,c530bf2cab2728a7,1595,304945e2a7fa,4,fermi,independent,1,1,0.21333624890262992,0.076398047477876083,0.063242765756927138,0.055681361312657073,0.052668948761408256,0.35811095334644877,0.2964464130321901,0.26100281409780923,0.24688232324478157,0.011393563817332447,0.10833113237631832,0.044015438690930643
v3.1,c530bf2cab2728a7,1596,0589cd0057b5,2,arctan,common,1,0.5,0.082324861373428732,0.046048499111829969,0.080466651413999266,0.040009249139751728,0.038017968628302125,0.55935106775281662,0.97742832567915838,0.48599230502518842,0.46180422285621786,0.040457402274247538,0.078027217768053866,0.45520338712148545
v3.1,c530bf2cab2728a7,1597,a92c45e61f7e,3,arctan,common,3,0.05,0.34587024833705998,0.0010428396155787111,5.9875435388821816e-05,7.7277276012212003e-06,7.9361141083347751e-08,0.0030151180120078888,0.00017311531037058606,2.2342851512600526e-05,2.2945350594598745e-07,5.2334794576151963e-05,7.8067156728806426e-06,0.24378751491818251
v3.1,c530bf2cab2728a7,1598,7305a16f3e17,4,fermi,common,5,1,0.080577028274254864,0.02031795542148325,0.0085108272365098277,0.0078968979878368366,0.0037495812091496291,0.25215568080183259,0.10562349367790123,0.098004333951838871,0.046534121317894972,0.00091132196868947129,0.01161467041834309,0.05681658397439146
v3.1,c530bf2cab2728a7,1599,306057fdc606,2,arctan,independent,3,0.3,0.19323118271888273,0.010230372122791404,0.0027097648269130388,0.0013632344530232912,0.00025417913766289188,0.052943691483143221,0.014023434462207213,0.0070549402733127023,0.0013154146969781666,0.0013465303738897476,0.0016174135906861832,0.28525234089331081
v3.1,c530bf2cab2728a7,1600,e9171ffda75b,3,arctan,independent,10,0.05,0.1216479610087407,8.9020841801064061e-05,1.5183488135560315e-06,1.9983605087778142e-07,7.1464072411209249e-10,0.00073179066104254466,1.2481498259119479e-05,1.6427406527876181e-06,5.8746625770467609e-09,1.55832464118717e-06,2.0055038577159587e-07,0.10670093620944011
v3.1,c530bf2cab2728a7,1601,c4e81fe53a26,4,arctan,common,5,0.3,0.088407944658735915,0.0022864783430315404,0.00038709294050603553,0.00022471461478414435,4.6957455593508914e-05,0.025862815291743186,0.0043784859154938566,0.0025417920940427547,0.00053114520165319643,0.00031759209708020136,0.00027048953749156038,0.12048618630535385
v3.1,c530bf2cab2728a7,1602,ba2b8ba5f336,2,fermi,independent,5,0.3,0.49004619507241737,0.009702563421436142,0.00030292183015142481,0.00029044217162292374,1.0315753806632998e-05,0.019799283249209456,0.00061814954018092117,0.00059268325015767787,2.1050574232310018e-05,1.2479658528501029e-05,0.00030075792542955674,0.43662528838498427
v3.1,c530bf2cab2728a7,1603,01e692ad0b01,3,fermi,independent,5,0.5,0.36346967482752784,0.020181827520511841,0.0019492263731691114,0.0020511328493486207,0.0002760278177915487,0.055525478239934159,0.0053628308168874074,0.0056432021469794312,0.000759424614783966,0.00010472576751264678,0.0023269072297813736,0.18974973734425307
v3.1,c530bf2cab2728a7,1604,427ffb3aaec2,4,fermi,independent,5,0.3,0.26519743362769815,0.0044728701479468617,0.00016661723002229855,0.0001374338193423162,5.7029233654852254e-06,0.016866189415038514,0.00062827617802745008,0.00051823208642077189,2.1504444019210871e-05,5.8484065678977988e-05,0.00014310838094577154,0.071000218611282348
v3.1,c530bf2cab2728a7,1605,6701372bf8fc,2,arctan,independent,5,0.7,0.28446967278654539,0.066012508252607863,0.04389493627664974,0.043589627619933527,0.044843712497804361,0.23205464261260986,0.15430444956284228,0.15323119400724811,0.15763969515110063,0.00030530865671621403,0.088433340117737888,0.48185339112654102
v3.1,c530bf2cab2728a7,1606,ebe78b0f5ca6,3,arctan,common,1,0.5,0.17760450305009287,0.013818401700219722,0.053441165108282673,0.011162693728832367,0.01891991929778181,0.077804343149578126,0.30089983187650221,0.062851411631629411,0.10652837609891849,0.061634396702375686,0.029725199337802179,0.069351904745231063
v3.1,c530bf2cab2728a7,1607,866f38497d8b,4,fermi,independent,3,0.7,0.079049776521898082,0.0083147667845505594,0.0022519292573351009,0.0016609606560757117,0.00043682383496207141,0.10518393789825874,0.028487484170322475,0.021011579401690003,0.0055259338379162158,0.0010274971443986469,0.0020963099712389146,0.10208044158893197
v3.1,c530bf2cab2728a7,1608,0b694f4825de,2,arctan,independent,2,1,0.14407930562042071,0.062076451537900756,0.075025206106837217,0.097326811112635525,0.27074165964030406,0.43084918594376204,0.52072159692726694,0.67550860752372455,1.8791155223469593,0.022301605005798301,0.36806847075293964,0.25566746708139565
v3.1,c530bf2cab2728a7,1609,3396f37e8e5d,3,arctan,independent,2,0.1,0.090639822168196924,0.00042249740186173923,0.00038141030273168005,5.448689199762352e-06,1.8167262787531264e-07,0.0046612779212841637,0.0042079771739171245,6.011363514870344e-05,2.0043356609657677e-06,0.0003807859571908656,5.5813865997183515e-06,0.16006199404736712
v3.1,c530bf2cab2728a7,1610,2c55a845e23c,4,arctan,independent,5,0.2,0.15605073380590317,0.0034777996161818652,0.00029428004894312972,0.00020245408019568212,1.8195912774217966e-05,0.022286339393364038,0.001885797277372351,0.0012973606420043863,0.00011660254540584313,0.00012965656919713329,0.00022051918148865727,0.085560423954393755
v3.1,c530bf2cab2728a7,1611,80331094c9c1,2,arctan,common,1,0.05,0.45587984820450039,0.001198531127781702,1.3903726528392624e-06,7.1514033142452404e-06,5.2158504056893527e-08,0.0026290504669205295,3.0498664468615941e-06,1.5687035394109448e-05,1.1441283106134593e-07,8.5417759670845024e-06,7.2035618183021334e-06,0.47875282762764543
v3.1,c530bf2cab2728a7,1612,3083bd228176,3,arctan,independent,2,0.5,0.020097173243555248,0.0086661280774412517,0.0059412200952678323,0.0048213776104466749,0.004403883801185067,0.43121129386792251,0.29562466438771728,0.23990327157043301,0.21912951377862566,0.010732441386969528,0.0092242146304895786,0.11088633192788662
v3.1,c530bf2cab2728a7,1613,6a2a37830856,4,arctan,common,5,0.3,0.30736564552376772,0.034944093375765505,0.01298392496778213,0.012675138520197029,0.010012453433546903,0.11368900163262838,0.042242603091366369,0.041237980577165365,0.03257505703503441,0.00033232262005799239,0.022583950528244565,0.052805670483290053
v3.1,c530bf2cab2728a7,1614,21d70fdc79ac,2,arctan,independent,1,0.05,0.2734437324162079,0.0012608670635196521,0.00014777392265366199,1.0802013637214937e-05,1.1100447218849897e-07,0.0046110658758873662,0.0005404180280451107,3.9503606616856828e-05,4.0594995982405402e-07,0.00013697190901644705,1.0913018109403436e-05,0.10868137078735673
v3.1,c530bf2cab2728a7,1615,ead9f168b212,3,fermi,independent,1,0.3,0.28280047570211519,0.011877868002234974,0.0013440765005042318,0.00068826160458970059,4.449001343418229e-05,0.042000877023793966,0.0047527377638501575,0.0024337356678093905,0.0001573194434122712,0.00065985915092191499,0.0007327191324236589,0.13472277570950486
v3.1,c530bf2cab2728a7,1616,5de22a9cbaaf,4,arctan,common,10,0.7,0.30271842870223564,0.07864669694660896,0.050833203046804692,0.051124262032878925,0.04768479096934776,0.25980148378732693,0.16792239331027314,0.16888387750970565,0.15752192945032817,0.00031458909936054626,0.098805191503498091,0.10244145448419335
v3.1,c530bf2cab2728a7,1617,e79de60acfa8,2,fermi,common,2,0.3,0.44564792118923807,0.015448723778121867,0.0016858372661482047,0.00075872699606676741,3.9200874773479034e-05,0.034665759770394586,0.0037828904522867455,0.0017025256037143833,8.7963777927807131e-05,0.00092711027008143744,0.00079792787084024641,0.26204433682277961
v3.1,c530bf2cab2728a7,1618,4ea4f36bf0fd,3,fermi,common,5,1,0.22124588926664598,0.040226958167984397,0.015711014840857577,0.014254404519529668,0.0066628177831119092,0.18182013822414023,0.071011555934142712,0.064427884137319411,0.030114990182176303,0.0014773043229694327,0.020912470322022234,0.23130445154064289
v3.1,c530bf2cab2728a7,1619,982af5b51adc,4,fermi,independent,5,0.7,0.31054824684840759,0.045615950055699142,0.011316570165731387,0.011088596069182036,0.0032002638047049412,0.14688844815139568,0.036440618424278232,0.035706516400315962,0.010305206476554776,0.00025335482388372325,0.014288840970440291,0.050537132986148918
v3.1,c530bf2cab2728a7,1620,63a4caa79e7a,2,fermi,common,2,0.2,0.29107521733966751,0.0043174617004389636,0.0014073479201778651,8.0849222722555376e-05,1.522217412612893e-06,0.014832804179961297,0.0048349974039032448,0.00027776058525865198,5.2296359220323299e-06,0.0013264986974553098,8.2371440135168262e-05,0.27221415438496099
v3.1,c530bf2cab2728a7,1621,f433103dbb88,3,arctan,common,1,0.1,0.26010334452248934,0.0085536898750728559,0.001178542858373851,0.00037963825756809837,1.9274779091896159e-05,0.032885735824643644,0.0045310561482301533,0.0014595669973604421,7.4104310835686326e-05,0.00080149577013895537,0.00039891020961307846,0.10757601831202368
v3.1,c530bf2cab2728a7,1622,e777687d693c,4,fermi,common,2,0.2,0.29968523973599409,0.0027569309310305932,0.00031076360030602942,4.0592743170992858e-05,6.8409306290291994e-07,0.0091994218115623409,0.001036966654012706,0.00013545125948395987,2.2827052260083533e-06,0.00027891816749087931,4.1274702828383991e-05,0.10776736572923024
v3.1,c530bf2cab2728a7,1623,1cf491aa36e2,2,fermi,independent,3,0.05,0.38367260791398256,0.00035466110036778151,6.0218324157182128e-06,4.3920652560676498e-07,5.7890329511768933e-10,0.00092438473076319983,1.5695236750047783e-05,1.1447429828121397e-06,1.5088470825821283e-09,5.5826258901114486e-06,4.3978542890188265e-07,0.169347754893547
v3.1,c530bf2cab2728a7,1624,ec5d4674de33,3,arctan,common,1,0.7,0.2959973632770625,0.08164010637357004,0.059936411377700616,0.061949906652302746,0.076104531940779166,0.27581362708678059,0.20248968002325859,0.20929208951876965,0.25711219552163045,0.0051736651985630376,0.13796150101346352,0.11279196632056457
v3.1,c530bf2cab2728a7,1625,8858ee41716b,4,fermi,independent,2,0.7,0.21250484819400228,0.033221714040788143,0.0090710289716473668,0.010615542090252205,0.0046296964813504447,0.15633391107603817,0.042686221273248989,0.049954352479341775,0.021786309915733552,0.0015477905924795032,0.01523761419228032,0.19365738300887575
v3.1,c530bf2cab2728a7,1626,a63500b72de8,2,arctan,common,5,0.3,0.044303044978353953,0.00095087479927240194,0.0014439579084981858,3.1762475575841923e-05,3.3470546991774286e-05,0.021462967155801375,0.03259274637225703,0.00071693662571863331,0.0007554908925137691,0.0014757203840740278,6.5233022567616209e-05,0.30988395532787349
v3.1,c530bf2cab2728a7,1627,108197f2e95c,3,fermi,independent,2,0.05,0.14141717822320599,8.7329976280621223e-05,2.4169223350249508e-05,1.0647442899946384e-07,1.7684731733096402e-10,0.00061753442812148215,0.00017090726638670432,7.5291015092529837e-07,1.2505363178144937e-09,2.4269494022345057e-05,1.0665062344001386e-07,0.21142192106064003
v3.1,c530bf2cab2728a7,1628,fae9bc29f956,4,arctan,independent,3,0.7,0.12267737154810351,0.027271553534121869,0.021638534142662418,0.01892456557983915,0.021678063147949456,0.2223030473344329,0.17638570071724796,0.15426288761345497,0.17670791992351403,0.0029050636608108746,0.040526390324987123,0.12765580232867749
v3.1,c530bf2cab2728a7,1629,479c4e934737,2,fermi,independent,3,0.2,0.066709038414168073,0.00056021853102837256,1.3574643468835062e-05,5.918331105865662e-06,6.4339613484795725e-08,0.0083979404342514087,0.00020349031842665561,8.8718579169456155e-05,9.6448120096317983e-07,7.6563123629693992e-06,5.9826707193504579e-06,0.032308933516876887
v3.1,c530bf2cab2728a7,1630,c0a0e9da5df0,3,fermi,common,1,0.2,0.18403625536524748,0.0071295525465979032,0.00241521068656632,0.00030990119009442725,1.364284035081043e-05,0.038739934870160447,0.013123559169213549,0.0016839137999161197,7.4131264645295965e-05,0.0027225292052264886,0.0003235236964923378,0.27236822469361027
v3.1,c530bf2cab2728a7,1631,c2f1ec0e259d,4,fermi,independent,10,0.7,0.17354349865297281,0.006731278967845835,0.00058596011790026264,0.00049274802230146514,4.858954696416197e-05,0.038787272471128828,0.0033764452281325789,0.0028393343808677694,0.0002799848299781274,0.00013458356974781649,0.00054131649761168278,0.077958752680772903
v3.1,c530bf2cab2728a7,1632,cc3ee93978d5,2,fermi,independent,3,1,0.090711609373713656,0.012045691400547658,0.005207930078720468,0.0028849631058409189,0.00085402740089195585,0.13279106702783569,0.057411946659052644,0.031803681201988697,0.0094147530485710392,0.0023229669728795492,0.0037389905067328746,0.40444827544804163
v3.1,c530bf2cab2728a7,1633,62f03a9a4109,3,fermi,independent,3,0.2,0.079346771168860533,0.00049865356204662706,8.1744822459567958e-06,4.6649453008955235e-06,5.979980718444036e-08,0.0062844846072617833,0.00010302224180692124,5.879187309295669e-05,7.5365142530095373e-07,5.3305775558786225e-06,4.7233258580340123e-06,0.051043095948231497
v3.1,c530bf2cab2728a7,1634,bdd72c16fe50,4,arctan,independent,2,0.3,0.11284625764480716,0.003500470163311608,0.0027480790016565907,0.00021818955280710107,5.2318445092906023e-05,0.031019816131870537,0.024352415924207203,0.0019335116410671815,0.00046362587634569697,0.0026132197050967054,0.00023284291856192959,0.0026836242085102728
v3.1,c530bf2cab2728a7,1635,b661764a8d87,2,fermi,common,5,0.2,0.12503522978825224,0.0003134700749181936,1.8759285086490484e-05,1.6242839814168798e-06,1.1891457475797945e-08,0.0025070540154887282,0.00015003199592834296,1.2990610599649495e-05,9.5104855614982958e-08,2.0383569067907364e-05,1.6361754388926778e-06,0.18075702186495349
v3.1,c530bf2cab2728a7,1636,59b7d896a92e,3,fermi,common,1,0.3,0.30131716115924245,0.009756155820411689,0.005889132508181954,0.00043332091638885071,2.04930174800439e-05,0.032378361002995376,0.01954463026773845,0.0014380890710696888,6.801145145932657e-05,0.0056090905671306261,0.00045374678789978555,0.20745644614060951
v3.1,c530bf2cab2728a7,1637,96367ead3d71,4,fermi,independent,1,1,0.11044426575673703,0.04043746366837226,0.031029831694894212,0.028556505375086937,0.025632110338300439,0.36613456924453863,0.28095466507278954,0.25856032614662938,0.23208185742080409,0.006783422748291963,0.054122680958044365,0.052078449774720571
v3.1,c530bf2cab2728a7,1638,08e7513d54f8,2,fermi,common,10,0.2,0.055786137308412261,0.00014074266964459107,4.2836129249530127e-05,5.9561567027342239e-07,2.7586730671839912e-09,0.0025228968420326139,0.0007678633315784468,1.0676768441245109e-05,4.9450870776959092e-08,4.22405135792567e-05,5.9837434334060641e-07,0.33194625052801435
v3.1,c530bf2cab2728a7,1639,64d77c806588,3,fermi,common,10,0.3,0.19989491587214259,0.0012731465622727188,1.683850039021693e-05,1.6114548214318137e-05,2.8060655715062546e-07,0.0063690792570585079,8.4236761684260272e-05,8.0615097907869623e-05,1.4037703556708162e-06,3.2630192751844262e-05,1.6395109760952844e-05,0.2191040021324816
v3.1,c530bf2cab2728a7,1640,8c53d8daef80,4,fermi,independent,3,0.7,0.22102850975484103,0.016024795393939702,0.0016490284475488767,0.0023140257991906116,0.00045430585505055288,0.072501033516961133,0.0074607047270867245,0.010469354391237889,0.0020554174461677225,0.0010115549651713671,0.002766336434779847,0.065627745586681219
v3.1,c530bf2cab2728a7,1641,9f0086433cb3,2,fermi,common,5,0.2,0.39249080435396522,0.0024399658952575592,1.5679866212154034e-05,2.4666898022071944e-05,3.0599004250614575e-07,0.0062166192639180719,3.9949639681273276e-05,6.2847072462432176e-05,7.7961073001392075e-07,8.987031809917912e-06,2.4972888064578093e-05,0.4513395866823548
v3.1,c530bf2cab2728a7,1642,37d35d57d53a,3,arctan,independent,2,1,0.11854806460120423,0.070803942380703408,0.16630108927249662,0.1528413459065002,0.63153055764078425,0.59725937001913876,1.4028157256884251,1.2892774455716218,5.3272110326326576,0.019978856281928921,0.78436501273089987,0.089855147877269032
v3.1,c530bf2cab2728a7,1643,782eb5abcfef,4,arctan,independent,5,0.1,0.32643159530574034,0.0025618411794703583,2.9532756502773339e-05,5.2023159647716054e-05,1.6591759603250616e-06,0.0078480184403439939,9.0471501311362195e-05,0.00015936925345412856,5.0827676737941203e-06,2.5296891641177629e-05,5.3672308410631232e-05,0.07067140936740425
v3.1,c530bf2cab2728a7,1644,6f283dadc4d2,2,fermi,independent,2,0.2,0.44375523988119703,0.0059463046060132269,0.00042105847012173823,0.00011809496568438406,2.5576635110011477e-06,0.013399964826567868,0.00094885295379151975,0.00026612635766509632,5.7636806985893626e-06,0.0003029635044373542,0.0001206526291953852,0.31166572893349787
v3.1,c530bf2cab2728a7,1645,607e0488dcd8,3,arctan,independent,5,0.7,0.22979603815949454,0.043932582427456929,0.025441404502062861,0.023414060553299761,0.020452300298960804,0.19118076525307473,0.1107129814153051,0.10189061891941219,0.089001970890226906,0.0026611308297771908,0.043771267710376732,0.13995767503620093
v3.1,c530bf2cab2728a7,1646,c38f0adad816,4,fermi,common,3,0.3,0.29066361198852486,0.0030100977300842619,3.5868226774461225e-05,4.7347536965003033e-05,1.0139928597698502e-06,0.010355949647398924,0.00012340115960534224,0.00016289461429686036,3.4885442069366488e-06,3.778769628328695e-05,4.8326502207887551e-05,0.017694522206902326
v3.1,c530bf2cab2728a7,1647,4cf800b68892,2,arctan,independent,5,0.1,0.45377363878839022,0.0044877651634414239,0.00011411769380107175,9.4777194608646395e-05,2.6813061743817868e-06,0.0098898763167999237,0.0002514859481607935,0.00020886447891003241,5.9089068759945513e-06,1.9340499192425346e-05,9.7458500783028192e-05,0.28867045666540009
v3.1,c530bf2cab2728a7,1648,040a6eadf426,3,fermi,common,2,0.1,0.050046632716215393,0.00011998292827997104,0.00018239091818573664,8.7778570047446063e-07,7.6165055891699451e-09,0.0023974225990452281,0.003644419380220179,1.7539355853406959e-05,1.5218817282590432e-07,0.00018326863489953263,8.8540047790795723e-07,0.077989713994821325
v3.1,c530bf2cab2728a7,1649,35354a216ac9,4,fermi,independent,1,0.05,0.26738627858261893,0.00023556599887358703,1.7018820439466292e-05,2.7588841215519049e-07,4.0740901437905071e-10,0.00088099509115536069,6.3648817469920001e-05,1.0317971947462686e-06,1.5236721066566119e-09,1.7103612762096521e-05,2.7628694286989375e-07,0.020534807828263831
v3.1,c530bf2cab2728a7,1650,cdf4a6663562,2,arctan,independent,2,0.05,0.077511736508737092,0.00012333796267801673,8.6998608333477579e-06,3.6728287008422512e-07,1.3110008450738019e-09,0.00159121661097238,0.0001122392714342958,4.7384162273648085e-06,1.6913578564015612e-08,8.3325779632635326e-06,3.6859387092929891e-07,0.046399472336411937
v3.1,c530bf2cab2728a7,1651,5f15e480d94d,3,fermi,common,5,1,0.028502281541250882,0.00020862167490119876,0.00030828841260608969,1.4976917522194889e-05,1.5193446722054039e-06,0.0073194728148083185,0.010816271397779471,0.00052546381245020834,5.3306072007129725e-05,0.00032087307863514869,1.6494865072337794e-05,0.005635253024688835
v3.1,c530bf2cab2728a7,1652,da1847ab76b2,4,fermi,common,10,0.7,0.34879919032493628,0.042705534607953372,0.0086336361778841207,0.008506059598041054,0.0020199001306458516,0.12243587655169014,0.024752454757252018,0.024386695365080785,0.0057910115237484981,0.00012975393555428208,0.010524726554102424,0.054731919529779995
v3.1,c530bf2cab2728a7,1653,895e2ed47a14,2,fermi,common,10,0.3,0.084205689817744081,0.0006149364850296658,5.3905450526362995e-05,8.6738297930101236e-06,1.6806552239440456e-07,0.0073027901839013793,0.0006401639918043148,0.00010300764487273813,1.9958927093664078e-06,6.2579280319373113e-05,8.8418953154045277e-06,0.3628844866297482
v3.1,c530bf2cab2728a7,1654,71060a10de4a,3,fermi,common,1,1,0.17357508306971894,0.064486271976640253,0.048410820462511592,0.054906375815864397,0.056765357335282679,0.37151802457002658,0.27890420448807557,0.31632636922783702,0.32703632532603805,0.018873615325152207,0.11127864911054533,0.11432496973598794
v3.1,c530bf2cab2728a7,1655,6638d9fd92a1,4,fermi,independent,2,0.3,0.14112048306796879,0.0037045199553878117,0.00043458345672503263,0.00024493453912971915,2.3587323161381393e-05,0.026250760165011478,0.0030795207561450971,0.0017356413031250021,0.00016714315773721434,0.00064751817016867237,0.0002684677172069311,0.047151021541362664
v3.1,c530bf2cab2728a7,1656,8b91a5c14c21,2,fermi,common,2,0.1,0.27983649894731827,0.0013076845426539124,9.7871645999858639e-05,7.7370579762399628e-06,4.6514488260151762e-08,0.0046730306717427013,0.00034974582074900765,2.7648494765139744e-05,1.6622023372622502e-07,9.0134588023618677e-05,7.7835724645001132e-06,0.10809055649388341
v3.1,c530bf2cab2728a7,1657,644e76519941,3,fermi,common,5,0.7,0.22462218138181586,0.016838168899223658,0.0038772581381393313,0.0025729042397344211,0.00052052784567927694,0.074962182254841109,0.017261243365581581,0.011454364052145692,0.0023173483690574468,0.0013484321767644836,0.0030919163449703441,0.30497066863066191
v3.1,c530bf2cab2728a7,1658,0a22de980241,4,arctan,common,2,0.1,0.2519472211799762,0.0049508194335673873,5.8647953939590355e-05,0.00025739105979517905,1.908219876983906e-05,0.019650224401684568,0.00023277872907237078,0.0010216070595647257,7.5738873723111492e-05,0.00020415665271687102,0.00027646710573565598,0.05517721479791008
v3.1,c530bf2cab2728a7,1659,0d4dac63e956,2,fermi,common,3,0.7,0.31255371392500875,0.0191672319543255,0.0016305451871859071,0.001804819361857122,0.0002058162384995465,0.061324601501693589,0.0052168479033882957,0.0057744294226820597,0.00065849877742591193,0.00017427417467121492,0.0020106356003566687,0.29807481599933927
v3.1,c530bf2cab2728a7,1660,7710c3e5b42f,3,fermi,common,1,0.1,0.18507120649668846,0.00056584897270424179,0.00032578490722416761,2.8412465328423139e-06,1.6556715172746496e-08,0.0030574662769833226,0.00176032195062173,1.5352180312787628e-05,8.9461324028504413e-08,0.0003230880060293358,2.8577602719540026e-06,0.17083716938387725
v3.1,c530bf2cab2728a7,1661,c8b4dbbb07f7,4,arctan,independent,5,0.05,0.16373099939199806,0.00020247354961805256,1.2794991921777393e-05,7.7477804727633112e-07,4.9855609077300175e-09,0.0012366231829642636,7.8146422908860079e-05,4.7320180671553172e-06,3.0449706691118346e-08,1.3523705067545139e-05,7.7975729657561238e-07,0.064924738905022497
v3.1,c530bf2cab2728a7,1662,e6e12fd2ec01,2,arctan,independent,5,0.05,0.4729319935888468,0.0010606710629311768,7.0107303068546919e-06,5.2771513911538284e-06,3.6304150192002444e-08,0.0022427559930599515,1.4823971314889758e-05,1.1158372583567753e-05,7.6763997116177782e-08,1.7335789157008635e-06,5.3134555413458313e-06,0.35387494572851591
v3.1,c530bf2cab2728a7,1663,a6344f021a2b,3,fermi,common,2,0.5,0.3053759463172131,0.017500300125001696,0.0015840201813323365,0.0017076204440701461,0.0001966104892972845,0.057307395477779507,0.0051871150967696573,0.0055918629632221717,0.0006438309620268942,0.00059339250319391296,0.0019038869422686917,0.273563477153973
v3.1,c530bf2cab2728a7,1664,5427af617961,4,arctan,common,1,0.2,0.039279541167759953,0.013634621171476055,0.0099201341036485469,0.0038900193855256832,0.0012964525170859802,0.34711762831555537,0.25255218896983556,0.099034236904950196,0.033005795855632056,0.013757703927368995,0.0051856823943666856,0.080249375627363992
v3.1,c530bf2cab2728a7,1665,61f402a65a37,2,fermi,common,2,0.3,0.21445498835877988,0.0022867282665869383,8.4204042109744682e-05,4.8007784189831082e-05,1.3254125287465769e-06,0.010662975406108425,0.00039264203063848823,0.00022385948938392051,6.1803763059555523e-06,0.00013221182629957577,4.9333196718577663e-05,0.21592651155311304
v3.1,c530bf2cab2728a7,1666,c8f94b6d4057,3,arctan,independent,5,1,0.28237611736301438,0.1555935084632464,0.27470407679985243,0.2730215090812052,0.79718139216945005,0.55101511387105018,0.97283041981450935,0.96687181490712559,2.823119035752649,0.0017518126690499721,1.0701484876287235,0.13680937611380165
v3.1,c530bf2cab2728a7,1667,6f408babb4f2,4,fermi,common,1,0.3,0.12498262152868567,0.0047880021712060385,0.0024131174431076909,0.00063268226288738967,8.2402530501898664e-05,0.038309343432255574,0.019307623840758042,0.0050621618841798595,0.00065931190667964878,0.0029827343677017184,0.0007148190213650921,0.087122255811260346
v3.1,c530bf2cab2728a7,1668,66af174a8182,2,arctan,common,10,0.2,0.39946330025995913,0.015395080098905294,0.001132433767045531,0.0011253057286802061,0.00010156913354707633,0.038539410476223029,0.002834888126915729,0.0028170440887758394,0.00025426399241426705,7.1280383653248324e-06,0.0012268748622272824,0.22127434879015156
v3.1,c530bf2cab2728a7,1669,58e86b9d93c9,3,fermi,independent,2,0.5,0.4544572871818412,0.047492240770073108,0.0092971445415995484,0.0079764758854562745,0.0015997322425861382,0.10450319999175219,0.020457686132073175,0.017551651410233987,0.0035200937199320122,0.0013213637070800029,0.0095651121487337898,0.066103338583763854
v3.1,c530bf2cab2728a7,1670,592fcfe63d64,4,arctan,independent,5,1,0.10419099695802216,0.033668598037732179,0.035106139065440592,0.035357860345148116,0.064655530138130246,0.32314306437913276,0.33694023562884823,0.33935619561634062,0.62054814740067721,0.0011880078460570292,0.099971026203622762,0.15844497201439034
v3.1,c530bf2cab2728a7,1671,2087238ed338,2,arctan,common,5,0.5,0.18605742186988544,0.05135202056713211,0.029926469078423733,0.029775667656687686,0.021974810708805512,0.27600092515010688,0.16084533891559594,0.16003482880414491,0.11810768142414142,0.00015080142173604943,0.051750478365493194,0.093139769881632195
v3.1,c530bf2cab2728a7,1672,f8080b151b23,3,arctan,common,1,0.1,0.01891750992725837,0.00034864811428477041,0.00032746089189769254,7.2749926994654451e-06,1.9705858482778366e-07,0.018429915756639881,0.01730993630540412,0.00038456396890707364,1.0416729558251247e-05,0.00032693192251213898,7.4621063734696317e-06,0.057928506300284233
v3.1,c530bf2cab2728a7,1673,c8a798977d80,4,fermi,independent,1,0.2,0.18441985372017358,0.0023741072275235741,0.00024404854750804172,6.2424154252140531e-05,2.3893780624147715e-06,0.01287338201192745,0.0013233312064022389,0.00033848933828382053,1.2956186734863454e-05,0.00018534785557338426,6.4810406730625902e-05,0.043054524739321365
v3.1,c530bf2cab2728a7,1674,d0b50e7adf9c,2,fermi,common,5,0.3,0.41371550608715713,0.0052979989582479254,8.547680187011342e-05,9.1669532746538947e-05,1.7738129843150968e-06,0.012805898933678835,0.0002066076823625414,0.00022157625565822278,4.2875187374325998e-06,6.1927308764255271e-06,9.3443345730854054e-05,0.38835844005593606
v3.1,c530bf2cab2728a7,1675,c3f877b65303,3,fermi,common,3,0.05,0.4165354573858871,0.00041466607518793287,6.0131961899813062e-06,7.3655846866047879e-07,1.8655106540321567e-09,0.00099551206946537946,1.4436216853468386e-05,1.7682971655834709e-06,4.4786359023066524e-09,5.4397747898899935e-06,7.3839550977574095e-07,0.17779225632264545
v3.1,c530bf2cab2728a7,1676,9c921dbd4b9d,4,arctan,independent,5,0.5,0.42184550396963749,0.11605511575793802,0.086147397629433048,0.085423870629138726,0.094746942316108737,0.27511284265409908,0.20421551686285969,0.20250036998210402,0.22460104807215911,0.00072485519000859658,0.1801701561721086,0.019041998820435793
v3.1,c530bf2cab2728a7,1677,6f64cf48ef22,2,fermi,independent,10,0.5,0.23234318824517292,0.013334386986058553,0.00098988343259924115,0.00098050290780510698,7.6563300859336337e-05,0.057390909915499035,0.0042604366414852558,0.0042200630679581699,0.00032952677217524146,9.3805247941342151e-06,0.0010570662086644433,0.12099687338073294
v3.1,c530bf2cab2728a7,1678,7b0f1dc1200a,3,arctan,independent,2,0.7,0.23612211978675046,0.079805257040068633,0.088872987915365534,0.082638799604646707,0.13743779294834416,0.33798297724983728,0.37638569396052185,0.34998330389071758,0.58206233737215596,0.0063559386468668841,0.21999677637248483,0.15946106481850633
v3.1,c530bf2cab2728a7,1679,d22a3f3f90b5,4,fermi,independent,10,0.05,0.086840202327067684,3.3160848846087849e-05,2.0666640399610665e-07,2.3931550567938315e-08,2.4824362181090169e-11,0.00038186056639059407,2.3798471037381464e-06,2.7558146948811244e-07,2.8586255577334753e-10,1.9720167469716286e-07,2.3956196395934357e-08,0.034638217849457129
v3.1,c530bf2cab2728a7,1680,861af1ac9793,2,fermi,independent,5,0.3,0.051305545387839692,0.00020752664682231216,1.2151501923989819e-05,1.8119313769220799e-06,2.3806534097778816e-08,0.0040449164949623471,0.00023684578016141579,3.5316482131218885e-05,4.6401483344179358e-07,1.39634333009119e-05,1.8357379110198589e-06,0.068444165720235497
v3.1,c530bf2cab2728a7,1681,0478f0ae638e,3,arctan,independent,2,0.1,0.26164985719033634,0.0044538055532588605,0.00050373328853030698,0.00016423393209963428,7.7275217536067472e-06,0.017022006436712686,0.0019252190463221535,0.00062768592294763922,2.9533827522731596e-05,0.00034169196917722722,0.00017196002080659272,0.11510183435033655
v3.1,c530bf2cab2728a7,1682,e09cb6695f0a,4,arctan,independent,2,0.5,0.33366877506562054,0.079265958746624413,0.056782991859694723,0.053490198141419483,0.056373450832194201,0.23755881481878452,0.17017772145004451,0.1603092711653942,0.16895033351894431,0.0033329553607908914,0.10984029068615454,0.046160813542290499
v3.1,c530bf2cab2728a7,1683,64c2fb34ef1b,2,fermi,common,3,0.1,0.42409428435095653,0.00074525226697449022,1.2657638561445315e-06,2.0891885567358233e-06,7.0187358807017291e-09,0.0017572796768884568,2.9846284254495084e-06,4.9262360607692807e-06,1.6549942170155301e-08,3.354952412880355e-06,2.0962072926165249e-06,0.44795743884026329
v3.1,c530bf2cab2728a7,1684,594abbcebaca,3,fermi,independent,5,0.7,0.17554682933327018,0.012356423110763817,0.0019235996918772695,0.0016276738201085232,0.00027434392230494501,0.070388187344047851,0.010957758104678583,0.0092720206129068578,0.0015627962256390951,0.00043209397220454483,0.0019019675446578573,0.14071848937944609
v3.1,c530bf2cab2728a7,1685,965908262f84,4,arctan,common,2,0.7,0.096746611227764581,0.034087275646105412,0.057387348233823875,0.050610574590325384,0.12187400417873825,0.35233560342341957,0.5931716626096637,0.52312503712585889,1.2597237529262684,0.0092089126872524751,0.17234157229685698,0.072183937423064184
v3.1,c530bf2cab2728a7,1686,d42a1f114446,2,arctan,common,5,1,0.30310556536247385,0.16738745609873515,0.2167167148078312,0.2165278124259794,0.37248928509574508,0.55224144729431823,0.71498758047766919,0.71436435740479065,1.2289094218718735,0.00018890238185181039,0.58901709752172449,0.31735176384211927
v3.1,c530bf2cab2728a7,1687,c65b1180ef5d,3,arctan,common,2,0.7,0.02575300287723957,0.014076886978047091,0.0087153494116004159,0.048367057029871201,0.16129638303584296,0.54661147848075631,0.3384207058549672,1.8781132926684005,6.2632068114431902,0.042832670734959874,0.20958317791884423,0.28844189943251225
v3.1,c530bf2cab2728a7,1688,55ca3ca65fdf,4,fermi,common,1,0.3,0.10096030716337337,0.0079694512768576035,0.0031822080971190712,0.0011910572821051848,0.00020515822437421112,0.078936480095702213,0.031519397934969044,0.011797282670483787,0.0020320681477545952,0.0043727870440646299,0.0013957160982716068,0.10827842117655587
v3.1,c530bf2cab2728a7,1689,2b566a330411,2,arctan,common,1,0.5,0.37479906544662422,0.056058497272183143,0.016126643743118788,0.016126628985537857,0.00564560340187576,0.1495694691911299,0.043027438512691307,0.043027399138044216,0.015063013551403211,1.4757580929269759e-08,0.021772232387413618,0.31259815542738995
v3.1,c530bf2cab2728a7,1690,2f04fb984498,3,arctan,common,3,0.3,0.27790972110953377,0.015056444843585755,0.0019543109677252891,0.0021906038611585795,0.00045997453224431642,0.054177467356931693,0.0070321792268469374,0.0078824297776010042,0.001655122139693072,0.00026117781932265754,0.0026501431618274345,0.038033902138552685
v3.1,c530bf2cab2728a7,1691,1069cf77856f,4,arctan,common,2,0.5,0.073295502035722299,0.015064816020254116,0.0098835322342371006,0.010083781159479289,0.012936410862994185,0.20553534121250608,0.13484500357771104,0.13757708016741219,0.1764966540059896,0.0091066871658776645,0.022984065992587167,0.077943664481919167
v3.1,c530bf2cab2728a7,1692,15b79799fedb,2,arctan,independent,2,0.1,0.0094241419362000901,0.00018453485442788649,0.00015252734132811287,3.0107030833627953e-06,8.4215452516562158e-08,0.019581077585328985,0.01618474576897273,0.00031946707761245171,8.9361400843373427e-06,0.00015553804441147565,3.0949185358793576e-06,0.13177172634933776
v3.1,c530bf2cab2728a7,1693,5db8e3f87c31,3,arctan,independent,1,0.2,0.29213734304463734,0.025000610372768916,0.0081436308269338797,0.0049016920567218607,0.0015078638489957447,0.085578276683884708,0.027876035093841348,0.016778724710907304,0.0051614895695321957,0.0034120145341342725,0.006393529990379271,0.12607789015784771
v3.1,c530bf2cab2728a7,1694,ce6701e3072e,4,fermi,common,2,0.3,0.077070524283533698,0.0020205713428250479,0.00037933694822072446,0.00017123443614597462,1.8677153874164964e-05,0.026217173966425811,0.0049219458638322866,0.002221788910064016,0.00024233848216023338,0.00053421911601525085,0.00018989727832400901,0.10949209883926458
v3.1,c530bf2cab2728a7,1695,31a6517493a6,2,fermi,common,3,0.5,0.34705749616347331,0.011591835593483677,0.00050195233004436169,0.00057933365682755319,3.4515157859768555e-05,0.033400331995778632,0.0014463088554293286,0.0016692728531490114,9.9450835211209497e-05,7.7381326783191622e-05,0.00061384881468732179,0.32289433357649877
v3.1,c530bf2cab2728a7,1696,0f77bb5d1f59,3,fermi,independent,2,1,0.12018660149188817,0.024339744047000997,0.010523111071951158,0.010145860954681628,0.005629638199796015,0.20251628505065744,0.087556440912104516,0.084417570916724929,0.046840813617447859,0.00041153285325919414,0.015763779630339297,0.28722431878432775
v3.1,c530bf2cab2728a7,1697,01a98d3ab411,4,fermi,common,5,0.7,0.12797836036694135,0.0078982909390081374,0.00086874857560278172,0.00097315587877932856,0.00016205749154548442,0.061715831616861214,0.0067882458652532632,0.0076040658435463804,0.001266288230923032,0.00041269888491430516,0.0011351548409449836,0.049641100437668534
v3.1,c530bf2cab2728a7,1698,4d6673f7064a,2,fermi,independent,3,0.05,0.40703105138859247,0.00021584019444732136,2.640393106880065e-06,1.9838218575779458e-07,2.295761716469389e-10,0.00053027943128903642,6.4869574394197321e-06,4.8738833334953388e-07,5.6402618636523278e-10,2.8387752926378598e-06,1.9861176192944151e-07,0.37690491200284076
v3.1,c530bf2cab2728a7,1699,0328c2e09b0e,3,arctan,independent,1,0.7,0.26924374792468553,0.15140146794091677,0.28396302857631595,0.27792941863234316,0.88771088642185247,0.56232120191428803,1.054668978444572,1.032259507507997,3.2970529242156008,0.0065138193310125851,1.1656052889910589,0.072887893104381138
v3.1,c530bf2cab2728a7,1700,6185ac667148,4,arctan,common,10,0.5,0.17744882981342594,0.018662439332167081,0.0064722147521143955,0.0062633648911702179,0.0035554943451199072,0.10517082221274285,0.03647369643924641,0.035296738207604261,0.020036730300550538,0.00027039734044170962,0.0098186657978754505,0.19659731392522681
v3.1,c530bf2cab2728a7,1701,4e7e0c2f9301,2,fermi,common,2,1,0.11750145858508577,0.027020978592082957,0.007922714602499395,0.0078928288652191543,0.0023619776114285995,0.2299629206093334,0.06742652132068945,0.067172177777723135,0.020101687586441593,2.9885737280239467e-05,0.010254806476647754,0.064611722748817796
v3.1,c530bf2cab2728a7,1702,9693ad303307,3,arctan,common,10,0.05,0.45529810728660103,0.00096580775295909802,1.9727536331752708e-06,4.3702816983075117e-06,2.7056088089697231e-08,0.0021212645901713388,4.33288344845559e-06,9.5987258202163078e-06,5.9424995748260309e-08,2.5367494749172413e-06,4.3973377001684539e-06,0.027188505475256808
v3.1,c530bf2cab2728a7,1703,4b08fea1b47c,4,arctan,common,1,0.5,0.17007655447803993,0.018046926494854228,0.0097706450915548537,0.0078232174035668678,0.0057223293987454724,0.10611060736878007,0.057448512650909958,0.045998211967405486,0.033645609862612384,0.0040369416361453522,0.01352890234877395,0.046353446059986349
v3.1,c530bf2cab2728a7,1704,d4e3b16ee4ac,2,arctan,common,1,1,0.25667268134407395,0.22817515194538884,0.63079476364032361,0.55828699969539342,1.8180248331430713,0.88897326645961317,2.4575843457011026,2.1750931839411476,7.0830476528430353,0.072507763944930179,2.3763118328384643,0.30913600976264161
v3.1,c530bf2cab2728a7,1705,81e2c13fdf35,3,fermi,independent,2,0.2,0.11678139093563029,0.0011758913804771835,0.00027527104406193921,2.207233333770082e-05,5.5801453193117262e-07,0.010069167450876937,0.0023571481882217701,0.00018900556981605958,4.7782829735154403e-06,0.00029728329608250153,2.2630199168818023e-05,0.13465389963834745
v3.1,c530bf2cab2728a7,1706,36b983d1ed05,4,fermi,independent,5,0.05,0.23733312617466223,0.00021508807862878152,1.5106155638970536e-06,3.5741558672399147e-07,6.80547125709868e-10,0.00090627078526952132,6.3649587743825351e-06,1.5059658653000513e-06,2.867476347187321e-09,1.1551332779613859e-06,3.5809591300494964e-07,0.013451318973008101
v3.1,c530bf2cab2728a7,1707,11c9049782e4,2,arctan,independent,1,0.7,0.1172987114156278,0.029846387227200618,0.057297032184976268,0.012126930527122534,0.00058040452988414131,0.25444769910084591,0.48847111356538347,0.10338502768502582,0.0049480895644929785,0.045170101657853734,0.012707335057006676,0.16015068892258699
v3.1,c530bf2cab2728a7,1708,a326873f0af7,3,fermi,common,1,1,0.18109977446933764,0.021560274811307022,0.018957931302557546,0.0062388286207790671,0.0025371122934608704,0.11905191419748253,0.10468224688908903,0.03444967636795912,0.014009472407655781,0.017097360787050962,0.0087374458092221094,0.098254714756824443
v3.1,c530bf2cab2728a7,1709,6093532e9a2c,4,arctan,independent,3,1,0.14081500634263297,0.061352834328779068,0.1346880995716975,0.13402545531424645,0.56852549731107627,0.43569812566350014,0.95648967443123645,0.95178389573149547,4.0373928324636958,0.0023917562461087073,0.7024932612846172,0.15351173840143781
v3.1,c530bf2cab2728a7,1710,7ed67a53d0be,2,arctan,common,5,0.05,0.23664542798183746,0.00049407154307015743,4.2827935193109586e-05,2.2712849479855532e-06,1.3413881044259072e-08,0.0020878136006417052,0.00018097934770325091,9.5978399724666325e-06,5.6683457435267192e-08,4.0556650245124031e-05,2.2846988290298124e-06,0.17596020545306262
v3.1,c530bf2cab2728a7,1711,2d17cf991072,3,fermi,common,2,0.5,0.20701230272930879,0.0081841416709624217,0.0004763265726604301,0.00043531803127621054,2.5979933001651228e-05,0.03953456660816957,0.0023009577999974192,0.0021028606780218104,0.0001254994638440539,0.00022542437262686719,0.00046114371319016379,0.14109354826984383
v3.1,c530bf2cab2728a7,1712,3086591e708f,4,arctan,common,3,0.05,0.14138743871047246,0.00011304985548812884,1.3440650852772993e-05,3.1652611171378753e-07,1.7670662337263671e-09,0.00079957495884502025,9.5062552765357174e-05,2.2387145180694378e-06,1.2498042611443684e-08,1.3715045078607862e-05,3.1819108299451983e-07,0.0790094365823584
v3.1,c530bf2cab2728a7,1713,802a3c6ea786,2,fermi,common,3,0.7,0.25013991559025678,0.020229413567332401,0.0019929629986503512,0.0019929628086405885,0.0001988918018857342,0.080872393034901777,0.0079673929446547696,0.0079673921850408457,0.00079512220757094253,1.9000976318348484e-10,0.0021918546105263227,0.16051835731268541
v3.1,c530bf2cab2728a7,1714,88849181100c,3,fermi,common,2,0.5,0.21239603849378821,0.01317128824179736,0.0042293415785054174,0.0012638178048413843,0.00013712758218588711,0.062012871497989688,0.019912525716100443,0.0059502889686821828,0.00064562212722200831,0.0032070245234702061,0.0014005650109804213,0.18139572597997347
v3.1,c530bf2cab2728a7,1715,1620f040ba7b,4,fermi,independent,3,0.3,0.17871476045221371,0.0030371842141144923,0.00012782597470394608,0.00010377617230190938,4.8785062618957294e-06,0.01699459074577447,0.00071525135573860608,0.00058068047675143182,2.7297724315279412e-05,4.2154832151420413e-05,0.00010861393441954388,0.072445248367619189
v3.1,c530bf2cab2728a7,1716,ae68e102a449,2,arctan,common,2,0.1,0.32874892341290191,0.0024715177834675793,3.4343465988360589e-05,3.3905092625840396e-05,5.5926334302096004e-07,0.0075179494363344385,0.0001044671588026036,0.00010313369934068588,1.7011868425757148e-06,4.3837336252019585e-07,3.4464355968861356e-05,0.19364983218383158
v3.1,c530bf2cab2728a7,1717,af7f2f7ff42c,3,arctan,independent,2,1,0.11476068839436199,0.057839424244322694,0.10651004771282729,0.09313640103902035,0.24682730426058033,0.50400032496811209,0.92810568848121311,0.81157060263500469,2.1508001364751883,0.013450766053013315,0.33922925377115826,0.12240172868293493
v3.1,c530bf2cab2728a7,1718,6f1239474d4d,4,fermi,common,3,1,0.19938939254000457,0.034072935786667792,0.014634297935424184,0.01406139222507459,0.0088037202167353164,0.17088640149115031,0.073395569087197188,0.070522268240791081,0.044153403070170738,0.0012745853194063295,0.022839346110200009,0.079331025498570185
v3.1,c530bf2cab2728a7,1719,ec986929d0b4,2,arctan,common,1,0.7,0.26178966740820753,0.1485631490248871,0.2306660145934413,0.19485570502261559,0.32778615965712493,0.56749049913124805,0.88111198916710776,0.74432160349085863,1.2520973913993685,0.035810309570825663,0.5226418646797405,0.19459890470268904
v3.1,c530bf2cab2728a7,1720,77618d15566d,3,fermi,independent,1,0.1,0.056105077480777962,0.0002224846171437502,5.1587228220822726e-05,9.4908264639895537e-07,3.370271820035053e-09,0.003965498795006123,0.00091947521574133669,1.6916163189046811e-05,6.0070709664196332e-08,5.0655356894777344e-05,9.5238776728486583e-07,0.19289441450328684
v3.1,c530bf2cab2728a7,1721,9c93326dd345,4,arctan,common,5,0.1,0.41419927646462329,0.0043752897425945883,0.00015093299185299866,0.00010302349174020267,3.2184288698711153e-06,0.010563248154220958,0.00036439704371596078,0.00024872928948489336,7.7702426168916802e-06,5.1713760592388297e-05,0.00010624188854668282,0.053171983802224369
v3.1,c530bf2cab2728a7,1722,e26b29e8ac65,2,fermi,common,5,0.3,0.015384081884059,6.516686002472115e-05,0.00030433719957867825,9.456997608550768e-06,5.477945767009134e-07,0.0042359927954002318,0.019782603984579199,0.00061472616174450539,3.5607882279184864e-05,0.000313794197187229,1.0004792185251682e-05,0.38204917634516367
v3.1,c530bf2cab2728a7,1723,f4da7f55b0a3,3,arctan,independent,2,0.05,0.44865053285278023,0.001762115239857244,4.0773028433312173e-05,1.8372941217251439e-05,3.0508422458729003e-07,0.0039275897626883305,9.0879260020162284e-05,4.095156446249072e-05,6.8000415077496428e-07,2.2448802849907042e-05,1.8673095798987194e-05,0.089393779027161405
v3.1,c530bf2cab2728a7,1724,baa5423e0bd3,4,arctan,common,10,0.2,0.14816770877406615,0.0018824809502803886,9.5455158960230043e-05,7.4522997469723181e-05,5.3505480047131983e-06,0.012705068910466138,0.00064423726161403391,0.00050296382448188981,3.6111431086998808e-05,2.6797878850874421e-05,7.9816495271110645e-05,0.10459502314241534
v3.1,c530bf2cab2728a7,1725,bd6e6a177610,2,arctan,common,2,0.2,0.43215993402801978,0.013997026029205334,0.00090308820760893669,0.00087687477388124471,6.8481102928315905e-05,0.03238853240915622,0.0020897083151405322,0.0020290515266146612,0.00015846240601257548,2.6213433727691964e-05,0.00094535587680956055,0.28839616292874837
v3.1,c530bf2cab2728a7,1726,a9f58a213cb6,3,arctan,independent,10,0.05,0.15061474893246282,0.00010981245001436159,4.2847824657326084e-06,2.2805896654531473e-07,7.4381439066306069e-10,0.00072909493122484703,2.8448624693813672e-05,1.5141874760723378e-06,4.9385229264405881e-09,4.0717077302247968e-06,2.2880208143236367e-07,0.21443795790748499
v3.1,c530bf2cab2728a7,1727,82614a1a1b11,4,fermi,common,2,0.2,0.15997589467462078,0.001298712990046586,0.0016147838842818655,1.3510954274906375e-05,1.3545152235945481e-06,0.0081181792587444058,0.010093920009425278,8.4456188242526566e-05,8.4669957705161295e-06,0.0016224376082119676,1.4498029170965193e-05,0.11597035421699103
v3.1,c530bf2cab2728a7,1728,f81ab956a257,2,arctan,independent,3,0.5,0.34464423128868421,0.058332407171292323,0.026187826434390431,0.027237335536629496,0.01969549570219575,0.16925397808974604,0.075985100161025859,0.079030295777139228,0.057147324441064615,0.0010495091022390667,0.046932831238825246,0.35218326430899538
v3.1,c530bf2cab2728a7,1729,a2cab064fe80,3,arctan,common,5,0.5,0.3622499870809015,0.11755056592370938,0.099250875710877248,0.096158303091599021,0.11294638155514464,0.32450122875354787,0.27398448378332585,0.26544736099638266,0.31179126454991496,0.0031083190227229581,0.20910449744046647,0.063938517847739504
v3.1,c530bf2cab2728a7,1730,6aff3a030354,4,arctan,independent,5,0.7,0.14962389598184581,0.024344631711072373,0.011080866703147715,0.012601113794721987,0.012562741397258041,0.16270550603779332,0.074058135102244502,0.084218591636264481,0.083962132618056587,0.004082793670038218,0.024996981220135373,0.103744760705391
v3.1,c530bf2cab2728a7,1731,1b17572ceba4,2,arctan,common,3,0.3,0.21641357655285873,0.015106520004305797,0.0015824695949592667,0.0029143540257112175,0.00085328757369969484,0.069803938574140467,0.007312247319071272,0.013466595174537908,0.0039428560226732381,0.001331884430751951,0.0037676415994109128,0.39218364272417738
v3.1,c530bf2cab2728a7,1732,8dbea61367c1,3,fermi,common,5,0.7,0.089134063162946336,0.0036397280133602132,0.00097779556965757941,0.00024272215230512046,2.0599821851109462e-05,0.040834310522862759,0.010969942746467952,0.002723113293527292,0.00023111054427588302,0.00084414580261023048,0.00026246641813822353,0.13875622909352095
v3.1,c530bf2cab2728a7,1733,c7b2f4835d64,4,arctan,common,1,0.5,0.039752154375566853,0.020941249585544119,0.013137102284556152,0.017789100911216472,0.021227283465342993,0.52679533762364805,0.33047522809557972,0.44750029754740317,0.53399076852021055,0.025935409333631965,0.038284326020810479,0.050767444553159624
v3.1,c530bf2cab2728a7,1734,d342489e7298,2,arctan,independent,1,0.5,0.16801348841957531,0.049197312272419184,0.015255906400800785,0.038266814267795872,0.03762782767643158,0.29281763467442645,0.090801676367213105,0.22776036988312059,0.22395718361888109,0.023010907866995084,0.075894641944227445,0.27182409175985212
v3.1,c530bf2cab2728a7,1735,6c886652a06a,3,fermi,common,1,1,0.17251582725282491,0.031133493307311685,0.11295962833852811,0.07183304493545771,0.10606519603117377,0.18046746088800894,0.65477834780332267,0.41638524464300397,0.61481429107216579,0.1847756004643705,0.17789658081908025,0.11210200070838512
v3.1,c530bf2cab2728a7,1736,3ed5aab099bc,4,arctan,independent,1,0.05,0.33045341936721179,0.001326689270846897,5.5771309798302414e-05,1.4384927510875251e-05,2.193032604923553e-07,0.0040147542530725999,0.00016877207657617645,4.3530878083879654e-05,6.6364348994270075e-07,5.2749177985386913e-05,1.4604073885958852e-05,0.084413916194832572
v3.1,c530bf2cab2728a7,1737,26d2114a3f8d,2,arctan,common,3,1,0.29897701163068807,0.1642763508521356,0.21327346024046204,0.21292901446083648,0.36892645393342705,0.54946147851346605,0.71334400955183974,0.71219192840102852,1.2339626111091917,0.00034444577962553186,0.58185546839426361,0.3115262351017718
v3.1,c530bf2cab2728a7,1738,0116a27431e4,3,arctan,independent,3,0.2,0.075279225240918166,0.0013074116714432097,0.00040945340795906654,6.7716749646254482e-05,6.5408136824699572e-06,0.017367496374452104,0.0054391288785010953,0.00089954100124620985,8.6887367152587084e-05,0.00040186161747136478,7.3916396362594928e-05,0.16924387041943961
v3.1,c530bf2cab2728a7,1739,fe97bdaa851f,4,arctan,independent,1,0.3,0.25535073788049417,0.026272439578441633,0.009846279164598867,0.0070798612823252706,0.0028907033766618611,0.10288765874151226,0.038559822643657253,0.027726026331824003,0.011320520945644298,0.0041453463692942231,0.009964777877065914,0.083125943915140957
v3.1,c530bf2cab2728a7,1740,4629e7664583,2,fermi,common,2,0.3,0.19027761639302815,0.0018967145893123922,1.118826458048518e-05,2.6816061036017429e-05,4.5377677115058845e-07,0.0099681435224342474,5.8799688542320433e-05,0.00014093124322425547,2.384814250633082e-06,1.5627796455532248e-05,2.7269837807168015e-05,0.14507350357855717
v3.1,c530bf2cab2728a7,1741,d1f7fc0dd4ee,3,fermi,independent,5,0.2,0.19018375528724613,0.00098418912084725333,2.4359453850870383e-05,9.5516630897572498e-06,1.2767905418866116e-07,0.0051749378876275341,0.00012808377778679791,5.0223338346278786e-05,6.7134574136376523e-07,3.339313129029224e-05,9.6793143684661174e-06,0.16245450864338892
v3.1,c530bf2cab2728a7,1742,825e4743e89a,4,arctan,independent,5,0.3,0.23236905756664783,0.022419381551007051,0.0070048229899150995,0.007294959281339824,0.0037275714673709859,0.09648178542264281,0.030145248525208584,0.031393849756641938,0.016041599972069637,0.0003002824224005571,0.011020823452650661,0.12997178224987097
v3.1,c530bf2cab2728a7,1743,77fde54e0f3c,2,arctan,common,10,0.5,0.29569806206141547,0.027525249619506361,0.0061502655651387702,0.0062941966830411256,0.0021236405930331647,0.093085661189722169,0.02079914059044926,0.021285890881942413,0.0071817873212577628,0.00014393111790235528,0.0084178372760742911,0.39117748645531863
v3.1,c530bf2cab2728a7,1744,35789bfaae68,3,fermi,independent,10,0.05,0.14015793716078523,2.2717118010513081e-05,7.8979661745139736e-07,7.0656001699280144e-09,3.0197559295183773e-12,0.00016208227996715338,5.6350473861880896e-06,5.04117020630987e-08,2.1545379381933956e-11,7.9625199835321819e-07,7.0686197851165879e-09,0.13890724810339639
v3.1,c530bf2cab2728a7,1745,58f9b222c0de,4,fermi,independent,10,0.5,0.10138660338491882,0.0026867148395934405,0.00018353988387450763,0.00013603291928443215,8.6621376333167946e-06,0.026499702622379075,0.0018102971965407518,0.0013417247914695102,8.5436708047419212e-05,4.8002254955377413e-05,0.00014469087952795304,0.092013914872034877
v3.1,c530bf2cab2728a7,1746,02bc2095f00c,2,fermi,independent,5,1,0.23515981221291576,0.074814117236804589,0.034519311929534176,0.033810848393409483,0.016664562032770194,0.31814159287160526,0.14679086364586857,0.1437781739798161,0.07086483815390171,0.00070846353612469314,0.05047541042617968,0.13041614395455012
v3.1,c530bf2cab2728a7,1747,08729b45c8f2,3,fermi,common,3,0.2,0.16919518523736404,0.00063579770239816525,3.8566327294613635e-05,5.5828179043242678e-06,6.1459517039944595e-08,0.0037577765673781098,0.00022793986271245784,3.2996316629767734e-05,3.6324625286306462e-07,4.2472524525239285e-05,5.6442498292334468e-06,0.031451377302698737
v3.1,c530bf2cab2728a7,1748,c0446538d00d,4,arctan,independent,5,0.3,0.26106008256895585,0.014147231887289993,0.0035142136790605109,0.0035253539745580716,0.0016290382217757299,0.054191478636160979,0.013461321411067408,0.013503994712124908,0.0062400892765573967,8.0173654082194785e-05,0.0051485749439872152,0.021249152049547523
v3.1,c530bf2cab2728a7,1749,8dbaf0f2a099,2,arctan,common,10,0.5,0.0005117669841139303,8.2732973287959345e-06,6.6997012036610116e-06,1.9317655325638637e-07,9.5865222145426408e-09,0.016166141204126839,0.013091311889259183,0.00037746974551484768,1.8732201396580276e-05,6.8928777569173976e-06,2.0276307547092899e-07,0.022121514225483228
v3.1,c530bf2cab2728a7,1750,110430d27f79,3,fermi,common,3,0.05,0.08790935490026186,1.854914012775856e-05,1.0074841743962032e-05,1.735652452174325e-08,2.5678631683143339e-11,0.0002110030286174163,0.00011460488767540736,1.9743660434586522e-07,2.9210351631265183e-10,1.0091283332197185e-05,1.7381909488149045e-08,0.1044130792035011
v3.1,c530bf2cab2728a7,1751,18230c02ee47,4,arctan,common,3,0.7,0.070515630191956155,0.0050483210257656706,0.0037794938077070741,0.0027588504103073356,0.0077149591021533626,0.071591518249546071,0.053597958316739365,0.03912395596263199,0.10940778776495175,0.0058997191158727258,0.010357390151519373,0.044364135081813846
v3.1,c530bf2cab2728a7,1752,3f5de65e557f,2,fermi,independent,10,0.7,0.20872161277506721,0.0088831777891076116,0.00079276055564786571,0.00062801517356869338,5.4756064494637491e-05,0.042559932682585851,0.0037981718572776607,0.0030088650869399222,0.00026234017534948045,0.00016474538207917233,0.00068277123806333086,0.26506949440594363
v3.1,c530bf2cab2728a7,1753,060b5d4443f4,3,fermi,common,2,0.1,0.11309303360004033,0.00024073993107586226,2.897207506379103e-06,6.1816791711503962e-07,1.6411486938426583e-09,0.0021286893048359824,2.5617913094675972e-05,5.4660123390201389e-06,1.4511492366954007e-08,2.4266513603062534e-06,6.1980894491811121e-07,0.062451981491998265
v3.1,c530bf2cab2728a7,1754,d83015525c6d,4,arctan,common,1,1,0.044999737321680347,0.12114229072830847,0.51006945053887653,0.74331648224043223,7.850599812263976,2.6920666194632101,11.334942844058137,16.518240471646287,174.45879197347332,0.23578601770844193,8.5837240517473941,0.085696978466186749
v3.1,c530bf2cab2728a7,1755,37032de0139f,2,arctan,independent,5,0.3,0.40464439193987489,0.024923210937449994,0.0038184626962146991,0.0038234067244310712,0.0008527376227661659,0.061592873727886167,0.0094365886992993954,0.0094488069045058753,0.0021073753640279587,4.9440282163722044e-06,0.0046761443471972372,0.49790385950313709
v3.1,c530bf2cab2728a7,1756,4469fc4d42ac,3,arctan,common,2,0.05,0.16144683755626812,0.00015268493653064122,4.3793000208855373e-05,3.2003056750719807e-07,1.0758819015806375e-09,0.00094572887794985036,0.0002712533789557349,1.9822659418501133e-06,6.6640010907966327e-09,4.3661757917919439e-05,3.2101548973020544e-07,0.16157035038056589
v3.1,c530bf2cab2728a7,1757,4a87cb4cd3b3,4,fermi,common,1,0.05,0.26391987449463633,0.00035736188938444933,5.4197568552826079e-05,7.865455373667241e-07,1.8787890709203564e-09,0.0013540544836524316,0.00020535614703745073,2.9802436776420533e-06,7.1187858607387262e-09,5.4565278816855072e-05,7.8841539640942215e-07,0.15291923932622284
v3.1,c530bf2cab2728a7,1758,d9fd71760426,2,arctan,common,5,0.5,0.39641387416926771,0.084690931862363386,0.044413929472953431,0.04331211723917977,0.03095866921956451,0.21364270370163829,0.11203929117271208,0.10925984195166087,0.078096835748854843,0.0011018122337736621,0.074270786458744284,0.31531208625834745
v3.1,c530bf2cab2728a7,1759,d1c7e999cdcf,3,fermi,common,3,0.05,0.4200102070811727,0.00026621280703895979,8.4981968248846197e-06,2.6167037419832913e-07,3.0974125526670191e-10,0.00063382461318972313,2.02333102424871e-05,6.2300955973614655e-07,7.3746125699950002e-10,8.5510634932439741e-06,2.6198007031125677e-07,0.31923399941832553
v3.1,c530bf2cab2728a7,1760,4d5cb27a3f3c,4,fermi,common,3,0.1,0.1233079815612277,0.00014028384067006543,0.00013060505381504002,3.9402797762487628e-07,4.9158581631593652e-09,0.0011376703997089475,0.0010591776149558414,3.1954782864499693e-06,3.9866504186660706e-08,0.00013080563413536849,3.9758216166408208e-07,0.16616829962129789
v3.1,c530bf2cab2728a7,1761,34da11091ae8,2,arctan,independent,1,0.05,0.38061245864954696,0.0016574466466665776,0.00034735288160406237,1.3906721876284415e-05,1.4014202692848199e-07,0.0043546831140193693,0.00091261563753458554,3.6537747412753974e-05,3.682013653092719e-07,0.00033344615972777793,1.4046863903212897e-05,0.26248063231669355
v3.1,c530bf2cab2728a7,1762,f2b974ea55fc,3,arctan,common,10,0.2,0.23071584408901066,0.0037646177620804747,0.00021643864784332993,0.00016203199282353894,1.1091004890601471e-05,0.016317118475088679,0.00093811783364053424,0.00070230110750879615,4.807214231165909e-05,5.7320170167672589e-05,0.00017306004894765019,0.2704684357127296
v3.1,c530bf2cab2728a7,1763,aa41449c3931,4,arctan,common,10,0.5,0.15813112753111125,0.014998411438027982,0.0056220913705915861,0.0053654958565661189,0.0034204748535269615,0.094847938367334697,0.035553350300910724,0.033930674752891354,0.02163062331199786,0.00027009122108914409,0.0087828824038258761,0.10252623663536348
v3.1,c530bf2cab2728a7,1764,8b9887a791c8,2,arctan,independent,5,1,0.29975086392865941,0.15089806649184193,0.21157092410215822,0.21218169092058223,0.46240247737468931,0.50341161494618947,0.70582256654483577,0.70786014805642528,1.5426226677523136,0.00061076681842401031,0.67458416829527157,0.3760789821514568
v3.1,c530bf2cab2728a7,1765,2a421f62b194,3,arctan,common,1,0.7,0.072931991028247087,0.043989934282560005,0.082861460823195413,0.053001721121856506,0.084647588457891068,0.60316376479455203,1.1361469727475639,0.72672801571163137,1.1606372905013171,0.043913941007116312,0.13731977466892104,0.17430324929389565
v3.1,c530bf2cab2728a7,1766,66a9c9aeef63,4,fermi,common,2,0.7,0.16708165499760072,0.020304624231600128,0.0039596943569010249,0.0037539830780549087,0.00087902154719002811,0.12152515625902617,0.02369915690000728,0.022467954833873389,0.0052610296875659438,0.0013735293345670443,0.0046316014195230577,0.06769302288919668
v3.1,c530bf2cab2728a7,1767,cb2ebf0b2a16,2,fermi,independent,1,0.1,0.45209073110967646,0.0020104532011613122,0.00013407430829908134,1.0699767708977438e-05,5.7633031316643737e-08,0.0044470126521430047,0.00029656504562699192,2.3667301655829993e-05,1.2748111684391526e-07,0.00012337454059010389,1.0757400740294082e-05,0.43003050697007911
v3.1,c530bf2cab2728a7,1768,fd0012013852,3,arctan,common,5,0.05,0.12178432177972205,0.00014898392067781097,1.5741490890473389e-05,7.7602920568466851e-07,8.2657799100687075e-09,0.0012233423687105333,0.00012925712161000397,6.3721601791100408e-06,6.7872282649153098e-08,1.6512449286064699e-05,7.842000327501065e-07,0.072572830160584981
v3.1,c530bf2cab2728a7,1769,a715c3d378c2,4,fermi,independent,3,0.7,0.1146999475275271,0.009632916330611618,0.0016313806216855507,0.0019689665970126849,0.00058187426239029116,0.083983615845158011,0.01422302849174392,0.01716623799274318,0.005073012454959021,0.00072481366264030855,0.0025493916860084833,0.18073701970786157
v3.1,c530bf2cab2728a7,1770,fc1cbe905d0c,2,fermi,independent,5,0.2,0.33226799945877872,0.0045961592469909492,0.00010549252380379102,8.2646613933814019e-05,1.5797425445851234e-06,0.013832687031184145,0.00031749227724494863,0.00024873479862169869,4.7544227766691893e-06,2.2845909869976992e-05,8.4226356478399143e-05,0.14216752688867065
v3.1,c530bf2cab2728a7,1771,6fe0b0fdc28c,3,fermi,common,10,0.2,0.033951019185020921,0.0001168495559894192,2.1053748868111216e-05,7.8406889323435682e-07,6.8096811239443918e-09,0.0034417098159154184,0.0006201212621446151,2.3094119471390876e-05,2.0057368784230196e-07,2.0270539151292741e-05,7.908740356520347e-07,0.13104923839288493
v3.1,c530bf2cab2728a7,1772,a2398363795e,4,arctan,independent,1,0.05,0.14576539196804403,0.00064662430247290701,0.00018541419355059735,8.0460681815568043e-06,1.5300298863430996e-07,0.0044360619056590996,0.0012720042188837629,5.5198755156647428e-05,1.0496523665085923e-06,0.00019274189745598422,8.1984214135701351e-06,0.10875250679800183
v3.1,c530bf2cab2728a7,1773,d229d10b5880,2,fermi,independent,2,0.5,0.34053813591027376,0.019793665136620127,0.0012132060628338359,0.0021449364619546066,0.00029082829827700767,0.058124665197073357,0.0035626143885203383,0.0062986674200852565,0.00085402563651090216,0.00093173039912077069,0.0024357647602316142,0.36194853390268666
v3.1,c530bf2cab2728a7,1774,2c2f563d78dd,3,arctan,independent,1,0.7,0.19566386996700411,0.096023676494011542,0.15196999215275142,0.13681972186308186,0.27734498870043428,0.4907583424073364,0.77668908510487389,0.69925899904849342,1.4174563180581297,0.032222747927990882,0.41414284693948161,0.1912403366328484
v3.1,c530bf2cab2728a7,1775,879d49dd8db5,4,fermi,independent,1,0.1,0.28961054363502514,0.001809277679092424,0.00012344072764532195,2.1614572496398802e-05,3.513249672888985e-07,0.0062472783496878605,0.00042623008850425426,7.4633237537228807e-05,1.2130945333663249e-06,0.00011383609011996355,2.1965842774641724e-05,0.02209084914438237
v3.1,c530bf2cab2728a7,1776,c979d2a73ac1,2,fermi,independent,5,0.7,0.0424452756078312,0.00075760608760977834,0.00063167257044782516,1.1059944632959594e-05,1.2698034052128777e-06,0.017849008558917197,0.014882046621256499,0.00026056950919925285,2.9916248322783834e-05,0.00062061262581486563,9.7901412277467174e-06,0.23966129899617056
v3.1,c530bf2cab2728a7,1777,f3401975b9a4,3,fermi,common,10,0.2,0.28786444728410343,0.0023479195011241526,2.97180113133993e-05,4.2028543994972974e-05,1.0029373993046322e-06,0.0081563372041108962,0.00010323612934413385,0.00014600116267047574,3.4840613655732153e-06,1.2725990047391345e-05,4.3031479820682944e-05,0.11956433782154288
v3.1,c530bf2cab2728a7,1778,07d8f3d236b3,4,fermi,independent,3,0.05,0.3456863884420826,0.00022104586847655614,5.5742768244641816e-06,2.5719059419471003e-07,3.9270500763817656e-10,0.00063944047514497633,1.6125242447601067e-05,7.4399977202978751e-07,1.1360152460963086e-09,5.6663605537377335e-06,2.5758250371921486e-07,0.1403029018630042
v3.1,c530bf2cab2728a7,1779,3c391becd240,2,arctan,common,5,0.5,0.2615904598600915,0.069406694687792037,0.039815695769948957,0.039478333476681539,0.029059349660597224,0.26532578720536432,0.15220622262464734,0.15091656438004677,0.11108719207932609,0.00033736229326742132,0.06853768313727876,0.1417989450007692
v3.1,c530bf2cab2728a7,1780,7024a7212e49,3,fermi,independent,5,0.2,0.32448670944638952,0.0028577609320741939,5.7386263886525847e-05,3.7680243280883908e-05,5.8424690713327371e-07,0.0088070199761027274,0.00017685243252160685,0.00011612260898195369,1.8005264626402235e-06,2.0610328586725081e-05,3.8264461161943388e-05,0.12909462554700288
v3.1,c530bf2cab2728a7,1781,c42ddf659ce1,4,fermi,common,10,0.2,0.24311959202816558,0.0016613724599854141,5.4991941985126806e-05,1.9323403939475748e-05,2.8306051612537418e-07,0.0068335605786675677,0.00022619296752832634,7.9481064353041186e-05,1.1642850901649316e-06,3.6233386730392932e-05,1.9606091971133947e-05,0.014948055274507873
v3.1,c530bf2cab2728a7,1782,d70d3b5e012a,2,arctan,independent,5,0.5,0.091103029223072368,0.0082752444798886351,0.0018754995256569595,0.00217440076332052,0.00091175359082329714,0.090833911346966292,0.020586576995861059,0.023867491365148159,0.010007939347338303,0.00029890123766356072,0.0030861543541438174,0.46795141071682511
v3.1,c530bf2cab2728a7,1783,02e3ea4222fc,3,arctan,independent,1,0.2,0.35439259802600409,0.022993391812237828,0.0013894012041242166,0.0038136012968061303,0.00086529674281083844,0.064881128839351918,0.0039205141751359803,0.010760950759265862,0.002441633227191009,0.002449124681602903,0.0046788520510691973,0.052421342008628934
v3.1,c530bf2cab2728a7,1784,55243b1e9f44,4,arctan,common,3,0.5,0.10157040553407996,0.017626536298566482,0.0091209311746205321,0.0099311373145062973,0.010431629241728396,0.17354007996603146,0.089799101683808696,0.097775895077765532,0.10270343203688663,0.0014688311195940355,0.020296261734301272,0.14427201553768668
v3.1,c530bf2cab2728a7,1785,70e6d427e5d5,2,arctan,independent,3,0.2,0.37746344157500095,0.011770424575721777,0.00076397665395292185,0.00098242035982605384,0.00012269570996196653,0.031182952517490429,0.0020239752246340968,0.0026026900929181761,0.0003250532275390893,0.0002184437058731321,0.0011051160697880206,0.38480161442577754
v3.1,c530bf2cab2728a7,1786,a4fe148f6b06,3,arctan,common,5,0.5,0.15846335031594774,0.012902376207080965,0.0022216954707898742,0.0025207547886077239,0.00074561751488080538,0.081421831491988034,0.014020248002836041,0.015907493963631256,0.0047052994487001357,0.00045089380536990283,0.0032628451334646021,0.080528198784513533
v3.1,c530bf2cab2728a7,1787,f3a86bfad155,4,arctan,independent,5,0.1,0.24339432033403297,0.0010838315943502274,1.1600648061570088e-05,1.5222361086590464e-05,3.6829538134256221e-07,0.0044529863838350175,4.7661950556814247e-05,6.2541973311864397e-05,1.5131634166200582e-06,1.0481402134566295e-05,1.5587472057287613e-05,0.066728392760724259
v3.1,c530bf2cab2728a7,1788,e540396cb7b5,2,fermi,common,10,0.1,0.4987930468696386,0.00084524723527856825,1.7481935927023905e-06,1.7415980304177874e-06,3.6770207252397252e-09,0.0016945850399945064,3.5048475588700166e-06,3.4916245151126984e-06,7.3718363724519364e-09,6.5955622846032135e-09,1.7452750511430271e-06,0.46728928180698531
v3.1,c530bf2cab2728a7,1789,81b8a684751f,3,fermi,common,10,1,0.20528756115628477,0.019431750771492534,0.0026812745445886892,0.0035631100754245771,0.00099665939818204051,0.094656250296135599,0.013061066776215649,0.017356677897848827,0.0048549429520636511,0.0010585124793777813,0.0045471818235310497,0.26138666563681112
v3.1,c530bf2cab2728a7,1790,f3239e5abd02,4,arctan,common,10,0.2,0.27881588001138946,0.0073400027957207497,0.00046855266518951367,0.0004665949987142121,4.0818635158427462e-05,0.026325626773557213,0.0016805092492234431,0.0016734878899119805,0.00014639996529882031,2.7431082576290449e-05,0.00050734680054000689,0.022747891535726459
v3.1,c530bf2cab2728a7,1791,309712c26d73,2,fermi,independent,10,0.1,0.10708869995976697,5.6188799539605141e-05,2.723985276209077e-06,5.5149088680686735e-08,7.1982655122373689e-11,0.00052469401123288607,2.5436720001573213e-05,5.1498513569971572e-07,6.7217787823941691e-10,2.6688361875283904e-06,5.5221071335809105e-08,0.36963418466253806
v3.1,c530bf2cab2728a7,1792,b31ee630cfee,3,fermi,independent,10,0.5,0.2948491537810275,0.0081604088417694207,0.00038318927530234384,0.00033931838953649759,1.6780141367523961e-05,0.027676555069341746,0.0012996112432017456,0.0011508202929708781,5.691093615953157e-05,6.1801166721879683e-05,0.00035607822522162354,0.12814861034118688
v3.1,c530bf2cab2728a7,1793,fd5dcb8c2878,4,fermi,independent,2,0.3,0.2964578998718182,0.0078376099492811178,0.00026385850385920572,0.00041199843680445481,2.9949000346819704e-05,0.026437514239525835,0.00089003701359718283,0.0013897367450238086,0.00010102277712878957,0.00052825079283565582,0.00044173132744269644,0.10451734066011333
v3.1,c530bf2cab2728a7,1794,a4340d96c917,2,arctan,common,2,0.1,0.48492406519799341,0.0054251398012950302,0.00024911703895994408,0.00013721051070534609,4.516724303650025e-06,0.011187606865994489,0.00051372381129039272,0.00028295257041805784,9.3142919228103412e-06,0.00011190652825459799,0.00014172723500899612,0.37861560442245196
v3.1,c530bf2cab2728a7,1795,980dc2239b3b,3,fermi,independent,10,0.7,0.14925109214877991,0.0070122505290500904,0.00050460243577895713,0.00058983966799497486,6.4411038751667975e-05,0.046982909324777188,0.0033808961027631725,0.0039519956571372845,0.00043156159076853041,0.00016735633303929836,0.00065424968277922842,0.11789510282889146
v3.1,c530bf2cab2728a7,1796,9aab05c48ebc,4,arctan,common,5,0.05,0.060040292875450998,6.637869990987899e-05,4.3732359540180305e-06,2.727265040856966e-07,1.8883173369797771e-09,0.0011055692224482738,7.283835145657891e-05,4.5423913013123853e-06,3.1450834873456519e-08,4.6414908208930519e-06,2.7461323899646358e-07,0.068237113019589374
v3.1,c530bf2cab2728a7,1797,29ba5f775b3a,2,arctan,common,1,0.5,0.33630560632407308,0.046700337668744575,0.012819250285582428,0.012867984681938708,0.0044823730739857216,0.1388627985694145,0.038117860792452732,0.038262771835979363,0.01332827342065296,4.8734396356280145e-05,0.017350357755924431,0.27858883054949846
v3.1,c530bf2cab2728a7,1798,2eb6e5adc02d,3,fermi,independent,1,0.7,0.20219192289299784,0.042426259951583022,0.020716220848973805,0.015263781500799033,0.0064732953357123707,0.20983162603402045,0.1024582018537756,0.075491549229079705,0.032015598066882762,0.0059055263451199191,0.021725761460827352,0.18852240648201449
v3.1,c530bf2cab2728a7,1799,a474cab3539d,4,arctan,independent,3,0.5,0.27837533266036979,0.048895988906912616,0.024585831548922077,0.026725387130523044,0.024718957441811126,0.175647707142816,0.088319001953085688,0.096004868229934717,0.088797226412188415,0.0023586486128049488,0.051442892612743381,0.10987368046973818
v3.1,c530bf2cab2728a7,1800,696f0e6d7446,2,fermi,independent,10,0.1,0.041125312439895971,1.8257257483781541e-05,3.1708072602359282e-06,1.5509894013322634e-08,1.822516713920259e-11,0.00044394209795887263,7.7101110535513027e-05,3.7713741472457172e-07,4.4316179155692494e-10,3.1863171542492509e-06,1.5528119180461839e-08,0.29776800982764023
v3.1,c530bf2cab2728a7,1801,f4f932fdb2ec,3,arctan,common,5,0.7,0.31853721616924802,0.11997103990701465,0.14048624995544171,0.13987777494993051,0.26644167217754799,0.3766311558498413,0.4410355927792039,0.43912537640691068,0.83645382282734537,0.00099596483322304894,0.40607640468780798,0.29429113075023466
v3.1,c530bf2cab2728a7,1802,9298fd5daa07,4,fermi,common,5,0.2,0.24562395857094599,0.0015917745262338055,2.4349069084795519e-05,2.314007710854018e-05,4.6626580281946094e-07,0.0064805344539467531,9.9131490374390884e-05,9.4209364767062833e-05,1.8982912152878799e-06,3.0178173853093678e-06,2.3605223462846462e-05,0.045110735628082252
v3.1,c530bf2cab2728a7,1803,a829bac186d8,2,arctan,independent,3,0.2,0.25169574681330176,0.012612864174548771,0.0015979459757531221,0.0013202704387412431,0.0001767041470316625,0.050111550688635632,0.0063487206120269373,0.0052455015845800888,0.00070205456098840972,0.00027767553701187899,0.0014969745857729055,0.1181440340563749
v3.1,c530bf2cab2728a7,1804,4385602b014c,3,arctan,common,10,0.7,0.15083216233902833,0.023569846545243588,0.010918641105621737,0.011779884322748119,0.010422395831970518,0.15626538915662561,0.072389342805281143,0.078099286916475066,0.069099293349278515,0.00091229248310774054,0.022190834671232097,0.19718675478579703
v3.1,c530bf2cab2728a7,1805,4fdcd221331f,4,fermi,common,2,0.3,0.081861532798985573,0.0010629351888386829,0.00045817530470677924,5.1337475045929812e-05,4.1923038293756073e-06,0.012984550282594449,0.0055969548705110117,0.0006271257486955581,5.1212134515853558e-05,0.0005027989827390485,5.5479751229615822e-05,0.069632773935277156
v3.1,c530bf2cab2728a7,1806,b4daba72c96b,2,arctan,common,1,0.2,0.045309908734277621,0.0092156508617073016,0.013976742723523139,0.001827178988787327,0.00032194508962347842,0.20339151234563235,0.30846989353897164,0.040326256216999153,0.0071054014147665266,0.015803921712310466,0.0021491240784108053,0.3533234019819898
v3.1,c530bf2cab2728a7,1807,e9844c4a986b,3,fermi,common,10,1,0.15138220642621039,0.0073073287130245371,0.00038485330624466206,0.00071157345274532112,9.8370334492027645e-05,0.048270724053598828,0.0025422624978864647,0.0047005091915618882,0.00064981437920828031,0.00032727386483768416,0.00080994320984631798,0.10059654224901572
v3.1,c530bf2cab2728a7,1808,f35e16d9ebb2,4,fermi,common,3,0.2,0.26017158476804936,0.0028814032193479819,9.2380366538302253e-05,7.0092333306438865e-05,2.6031273938469443e-06,0.011075011215836034,0.00035507477352172056,0.00026940810376708987,1.0005425443242425e-05,0.00013268169471656826,7.2658939812387141e-05,0.057446202998554644
v3.1,c530bf2cab2728a7,1809,f3f5ca959b98,2,fermi,common,1,0.3,0.021669019438020805,0.0012635376155647636,0.0016150960703210609,7.0642116101774332e-05,3.7757746801079298e-06,0.058310788782059073,0.074534801860354966,0.0032600513513696221,0.00017424760224650016,0.0016857381864228353,7.441789078188226e-05,0.1023670975447275
v3.1,c530bf2cab2728a7,1810,c8adcd4b5075,3,fermi,independent,3,0.1,0.42853457837922615,0.0012512715982707561,1.9412166978536673e-05,6.1793935645271599e-06,3.8025735159174019e-08,0.0029198847920352869,4.5298951258393262e-05,1.4419824854970713e-05,8.8734345085972587e-08,1.3262806866835257e-05,6.2173309832514629e-06,0.094421030810241516
v3.1,c530bf2cab2728a7,1811,4683d78f0bbc,4,fermi,common,3,1,0.20584509580066834,0.024835451723830986,0.0057254953052326522,0.0057647334368580083,0.0018856504896201946,0.12065117037269901,0.027814582042687958,0.028005201748601927,0.0091605315263190851,0.0022140766385189705,0.0076459280158782776,0.11641225458545083
v3.1,c530bf2cab2728a7,1812,35c0e560a892,2,fermi,common,10,0.5,0.44647434891077908,0.016838093910328578,0.00081730559269888481,0.00081915172101791243,4.2809894510774469e-05,0.037713463161784928,0.0018305768174426758,0.0018347117208778485,9.588433157518161e-05,1.8461283190276113e-06,0.0008619616155286869,0.46431942044479735
v3.1,c530bf2cab2728a7,1813,b3e497f7be6e,3,arctan,common,1,0.1,0.16237215225678567,0.0009866363826528759,0.0020600099479057038,1.4373745674198145e-05,1.1183110536790749e-07,0.0060763891402544588,0.01268696583295806,8.8523465843247474e-05,6.8873328223826613e-07,0.0020459071145366202,1.4484818186805176e-05,0.15876790047980299
v3.1,c530bf2cab2728a7,1814,19b341e7c423,4,arctan,common,5,0.1,0.081893171642770199,0.00042929871607069172,0.00014551587476118748,7.8933720730893327e-06,2.8125946160025214e-07,0.0052421796281545245,0.0017768987553192918,9.638620552542961e-05,3.4344678067561774e-06,0.00015334789059777209,8.1736641010087815e-06,0.060819382219621625
v3.1,c530bf2cab2728a7,1815,154b80cebcff,2,fermi,common,10,0.1,0.44917533482625266,0.0010551522656134576,3.581308578699979e-06,3.1036845545265925e-06,9.5818024625632441e-09,0.0023490877254460228,7.9730748797355041e-06,6.9097395023418672e-06,2.1331987132084225e-08,4.776240241733869e-07,3.1132663569891556e-06,0.26120762507332651
v3.1,c530bf2cab2728a7,1816,4541eab290e0,3,fermi,independent,2,0.3,0.10131190760267232,0.0014687458726126961,0.00024203089829415332,4.7605333915716965e-05,1.9443467196697692e-06,0.014497267965507687,0.0023889679310289606,0.00046988883184804695,1.9191689957069596e-05,0.00025133567268966189,4.9549590588429408e-05,0.047144695612181452
v3.1,c530bf2cab2728a7,1817,a72ac35ea5be,4,fermi,independent,10,0.3,0.16509101953461514,0.0012743594892938286,1.9758702324048029e-05,2.162318083822195e-05,5.5250727445987147e-07,0.0077191327116774506,0.00011968368951713428,0.00013097732934945109,3.3466827936332755e-06,1.471875392231752e-05,2.2169825911424555e-05,0.068357131338212127
v3.1,c530bf2cab2728a7,1818,d50f45148160,2,fermi,independent,2,0.3,0.43783288569929174,0.011217744209260321,0.00056186734034414747,0.00046782445487734313,2.224135314721405e-05,0.025621063596773283,0.0012832917734051706,0.0010685000377030837,5.0798726805755856e-05,9.4042885466804363e-05,0.00049006580802455713,0.47423265975572293
v3.1,c530bf2cab2728a7,1819,30751aba7347,3,arctan,common,1,0.1,0.11088653508371747,0.00057297175780974044,0.00030927356076044957,1.156528637867899e-05,3.7325568822639832e-07,0.0051671896626326761,0.0027890993304728407,0.00010429838365810054,3.3661047118533964e-06,0.00030899131830577729,1.1932966150225213e-05,0.071611457587677077
v3.1,c530bf2cab2728a7,1820,663edb51804b,4,fermi,independent,1,1,0.15451682335331651,0.063394868249461847,0.045502550285929914,0.053827774152246918,0.061369084027408635,0.4102780970619867,0.29448282263662817,0.34836189991535682,0.39716765265800696,0.0085776720472470376,0.11507413112625919,0.1861142257006739
v3.1,c530bf2cab2728a7,1821,f35a3b26f2d3,2,arctan,independent,10,0.1,0.10791768934337133,0.00022522680093787467,7.8074282615146707e-06,1.3851837451024072e-06,1.3904349077902956e-08,0.0020870239374867496,7.2346139998171016e-05,1.2835557854607548e-05,1.2884216816079381e-07,9.1926120066170792e-06,1.3990880941803101e-06,0.38939474096227999
v3.1,c530bf2cab2728a7,1822,742caa663b6e,3,arctan,common,5,0.3,0.56944513757214588,0.059438216686953309,0.012206027132510377,0.01210235215023046,0.0030986279308074906,0.10437918030237422,0.021434948385987286,0.021252885224078592,0.0054414863282855053,0.00010424684371520994,0.015198725265491599,0.011200537855065385
v3.1,c530bf2cab2728a7,1823,dc1cec64897b,4,fermi,independent,2,0.7,0.35748345571770174,0.06526639613779088,0.022947724694783827,0.022800702624026031,0.010408204067391109,0.18257179484504754,0.064192410383615714,0.063781140803425979,0.029115204916252909,0.00033847402895757631,0.033164599821836761,0.10749629341293389
v3.1,c530bf2cab2728a7,1824,f8c9c130173c,2,arctan,common,5,0.1,0.24591145578059059,0.0020375560793174327,0.00012804777136594974,4.422747684712086e-05,1.3910193717248649e-06,0.0082857306214127735,0.00052070681684792156,0.00017985122615264378,5.6565862997695122e-06,8.3820294518828888e-05,4.5618496218845727e-05,0.43194374048910172
v3.1,c530bf2cab2728a7,1825,c8f9542555fc,3,arctan,common,2,0.5,0.15051001922120835,0.0063497688681251685,0.0013217490204516489,0.0015524943777503204,0.0014327371404772621,0.042188346669418425,0.0087818008880129177,0.010314890568637696,0.0095192143877912364,0.0024915345483544141,0.0029526535809430219,0.030177053778626485
v3.1,c530bf2cab2728a7,1826,297c7cb9ca92,4,fermi,independent,1,0.05,0.14512396720380699,0.00011909993991325495,4.3592151139721322e-05,1.801767100122956e-07,3.5228571357829151e-10,0.00082067726102053973,0.00030037871744852481,1.2415365530854167e-06,2.4274812793916656e-09,4.3503702832020041e-05,1.8051660663620351e-07,0.17472635227239547
v3.1,c530bf2cab2728a7,1827,8c5fb10a0a4f,2,arctan,independent,10,0.7,0.092491752830009974,0.0080016150078873506,0.0016096390762935658,0.0020841407878930836,0.00090288568188910472,0.086511659289163545,0.017403055159435799,0.022533260794867983,0.0097617966387610021,0.0004745017115995177,0.0029870264697821882,0.38162032650277711
v3.1,c530bf2cab2728a7,1828,e85774ed668f,3,arctan,independent,1,0.5,0.18533100702404998,0.088339574704122431,0.088802584516456035,0.090596903984566352,0.13187995920417736,0.47665836452644328,0.47915665026809212,0.48883835165698852,0.71159144560771526,0.0018973432661142573,0.22204715726771465,0.10337963930240396
v3.1,c530bf2cab2728a7,1829,fab77eb40b87,4,arctan,independent,10,0.7,0.050833165630170152,0.0030399902696326099,0.00082201884563695704,0.00073298008536014814,0.00036961075446631113,0.059803284567198696,0.016170915886243333,0.014419327938237135,0.0072710552231856733,0.00035657120037640099,0.0010977700828567448,0.12891672430237358
v3.1,c530bf2cab2728a7,1830,7c74150e3f0a,2,fermi,independent,10,0.1,0.0068608011177399893,5.7473646938014778e-06,3.23255731126805e-06,6.2569466483573646e-09,8.1692438078252148e-12,0.0008377104357303848,0.00047116324402840054,9.1198484564415711e-07,1.1907128143828543e-09,3.2388142579164072e-06,6.26511589216519e-09,0.29934637103817652
v3.1,c530bf2cab2728a7,1831,9dd16609e4ba,3,fermi,common,2,0.1,0.22097767991526615,0.00040653149248832357,0.00015292584650027319,1.2534212682357375e-06,4.7689834775147685e-09,0.0018396948173417696,0.00069204204949075657,5.6721623139330708e-06,2.158129037893526e-08,0.00015294940133096495,1.2580946828151026e-06,0.16775474223755171
v3.1,c530bf2cab2728a7,1832,b0080c043782,4,fermi,independent,5,0.3,0.15525400619916976,0.0012100784895000929,3.442540149297985e-05,2.0726117597958953e-05,5.6272324355831177e-07,0.0077941852782061338,0.00022173599468226763,0.00013349811773211292,3.6245328370877232e-06,4.815756314254006e-05,2.1279251184863796e-05,0.14682982622754054
v3.1,c530bf2cab2728a7,1833,fa919f24b6eb,2,arctan,common,10,0.7,0.36941914085039207,0.12185299733860368,0.091305434039225739,0.091063764802050834,0.091978440311327681,0.3298502537202096,0.24715945640781714,0.24650526930582078,0.24898125229677054,0.00024166923717488831,0.18304220511337851,0.33581262208912394
v3.1,c530bf2cab2728a7,1834,96893da7ecf4,3,fermi,independent,3,0.2,0.31061167949324692,0.0024410333695561465,6.6942117643331556e-05,3.6114152672500056e-05,6.915608136246722e-07,0.007858794535796642,0.00021551706539994084,0.00011626785165135822,2.2264481965164084e-06,0.00010297747756823053,3.6805713468663731e-05,0.018744472585556962
v3.1,c530bf2cab2728a7,1835,b413018aa933,4,fermi,independent,1,0.7,0.19705862453013442,0.034061727465460372,0.017078614739230155,0.010615267409617267,0.0043265450938034349,0.17285073184021749,0.086667684705261275,0.053868575582156103,0.02195562414037765,0.0094339230420659656,0.014858342635939941,0.098857911068913659
v3.1,c530bf2cab2728a7,1836,e199a9f620ad,2,fermi,independent,3,0.05,0.12804336476026856,3.2200270307438789e-05,6.2424778678209285e-06,1.1495170103709618e-08,4.3477626534969747e-12,0.00025147941377303161,4.8752841504192876e-05,8.9775601611466961e-08,3.3955392078591103e-11,6.2309826977172179e-06,1.1499517866363115e-08,0.15707323869048676
v3.1,c530bf2cab2728a7,1837,51f9e76c1a16,3,fermi,common,10,0.7,0.13414608194169964,0.0062152889312420282,0.00019202563138656653,0.00073922383348388988,0.00013800174476706704,0.046332243486196002,0.0014314665669476769,0.0055105883286636669,0.0010287422693943688,0.00056037889439747421,0.00087702990840785998,0.16892104966138047
v3.1,c530bf2cab2728a7,1838,2e1f6e00a7d4,4,arctan,independent,2,0.05,0.11791914826645158,0.00031014068693089615,8.946877035202953e-06,2.7123735233763633e-06,3.6763905473421998e-08,0.0026301130180324773,7.5872978788707644e-05,2.3001976890533929e-05,3.1177214230168808e-07,8.5812120826814233e-06,2.7489665491287308e-06,0.050135778744244887
v3.1,c530bf2cab2728a7,1839,c57586309f59,2,arctan,common,1,0.1,0.34985371352500838,0.0042564212686812758,0.00023379316700440454,0.00011777778537923529,3.9180193614450572e-06,0.012166288663324469,0.00066825978392163739,0.0003366486643590143,1.1199021791046353e-05,0.00035157095238363983,0.00012169580474068035,0.3850797138385334
v3.1,c530bf2cab2728a7,1840,847c33cc5d30,3,arctan,common,10,0.3,0.091959064404782742,0.0036766011572851136,0.00040902749265142287,0.00050780177149762089,0.00012176796815463715,0.039980845619541724,0.004447930123027106,0.0055220415168905348,0.0013241540564032104,0.00010032676634556531,0.00062948311123828488,0.14230981339901275
v3.1,c530bf2cab2728a7,1841,ca1dc65c03bd,4,fermi,common,10,0.1,0.14199833181042909,9.7969995347108632e-05,1.029307775619999e-05,1.2083369404100395e-07,2.4752831731470242e-10,0.00068993764995704842,7.2487314639311932e-05,8.509515041509051e-07,1.743177642714551e-09,1.0206409248341396e-05,1.2106832079371276e-07,0.076590914213678682
v3.1,c530bf2cab2728a7,1842,ae1de92e651f,2,arctan,common,5,0.3,0.21735843961833076,0.014538753883848288,0.0031944636917111101,0.0026344086590811616,0.00070981268086873204,0.066888379900856512,0.014696754804278175,0.012120112123122688,0.0032656320229162636,0.0005600550326299485,0.0033442213399498938,0.44970084652338277
v3.1,c530bf2cab2728a7,1843,da373a15203d,3,arctan,independent,5,0.2,0.037320147151456123,0.00021319202376574256,0.0001342437593311459,3.1994565521911448e-06,1.6316201295498063e-07,0.0057125183054757712,0.003597085477352093,8.5730009027210153e-05,4.371955241570223e-06,0.00013269403832605361,3.2819156331808717e-06,0.14658080625425424
v3.1,c530bf2cab2728a7,1844,102bbad815c8,4,fermi,independent,5,0.5,0.17137090978127392,0.0054776270693146067,0.00044512262659485179,0.00040873714429821715,4.2255277586666429e-05,0.031963575826876769,0.0025974223230942508,0.0023851022604705853,0.00024657205613600445,9.5763710319145203e-05,0.00045085733606757783,0.078747960247050636
v3.1,c530bf2cab2728a7,1845,142bec7ed178,2,arctan,common,5,0.1,0.21231026921935925,0.0010468375299779796,4.0146493056885357e-05,1.4987692449061964e-05,3.4016624850851893e-07,0.0049306966348216805,0.00018909350548374063,7.0593346728681607e-05,1.6022128828684153e-06,5.5134185505947318e-05,1.5327858697570485e-05,0.35339996122377981
v3.1,c530bf2cab2728a7,1846,217beadcc83c,3,arctan,independent,3,0.3,0.31160975809197128,0.023108992454026058,0.0038987941310242315,0.0055625135314195532,0.0022586024554243135,0.074160041057525106,0.012511784466882794,0.01785089647217589,0.0072481762742413521,0.0017832654248104496,0.0078204587215123574,0.21872416988811622
v3.1,c530bf2cab2728a7,1847,4bface4711f8,4,fermi,common,1,0.5,0.20223674922220031,0.029113403708074779,0.0088021357751750292,0.0061540791283980611,0.0014269661252397589,0.14395703955905403,0.043523918422482162,0.030430073426647546,0.0070559190193070775,0.0035245959666330702,0.0075796554567875152,0.082488948018009892
v3.1,c530bf2cab2728a7,1848,601d4290ebae,2,arctan,independent,10,1,0.29294089901578868,0.13173997606925453,0.14910999367738695,0.14938179349051467,0.24665600998038334,0.44971520368739676,0.50901050067901354,0.50993833224517893,0.84199922513069536,0.00027179981312771255,0.39603780347089795,0.35963089904068946
v3.1,c530bf2cab2728a7,1849,55ae0a8d15c0,3,arctan,independent,1,0.3,0.23843625367008422,0.025320414591021311,0.0079995625185587272,0.0073692748250009169,0.0032108744303299499,0.10619364379905193,0.033550109915866391,0.030906687685160163,0.013466385169650933,0.0022648243734776806,0.010576732956265211,0.21662044400465066
v3.1,c530bf2cab2728a7,1850,78229933212e,4,fermi,independent,2,0.2,0.21701423038454634,0.0015254518608765551,0.0001203735428882249,2.0969719988488631e-05,3.6358780588287151e-07,0.007029271113573864,0.00055468041277719241,9.6628317651476422e-05,1.675409973063051e-06,0.00013129596343011704,2.1332283016053086e-05,0.058796628297057799
v3.1,c530bf2cab2728a7,1851,2f29afc11a98,2,arctan,common,3,0.2,0.37959002352884846,0.020880699887412337,0.0028071181372068942,0.0023977073177076196,0.00035031231021716465,0.055008558163082033,0.0073951314924206799,0.0063165709557311276,0.00092287017177241823,0.00040941081949927429,0.0027480196279247846,0.18336101609407376
v3.1,c530bf2cab2728a7,1852,8686d9a79221,3,arctan,independent,1,0.7,0.20871388223123358,0.082776584707307935,0.17024269658393471,0.13600952415555204,0.38106831555256765,0.39660315750152147,0.81567500332978937,0.65165537961134479,1.825792858044694,0.034233508996802518,0.51664077650599449,0.054745059386994838
v3.1,c530bf2cab2728a7,1853,2bfb5a6dd583,4,fermi,independent,5,0.05,0.22516140111946406,0.00010485316358896476,3.2756009686485102e-06,8.3497006525408454e-08,8.3624138343664363e-11,0.00046568001028441254,1.4547790839650051e-05,3.7083179492699719e-07,3.7139642020301624e-10,3.2823664913600913e-06,8.3580532732915992e-08,0.10016375918323774
v3.1,c530bf2cab2728a7,1854,62c9aafa515a,2,arctan,independent,2,0.05,0.35195196495852094,0.0010161580948662512,2.4431349377134503e-05,6.4634052582077586e-06,5.6087937948591743e-08,0.0028872067669405109,6.9416715374820661e-05,1.8364452828014468e-05,1.5936247992024125e-07,1.7967944118926744e-05,6.5194931961563507e-06,0.19254858096929794
v3.1,c530bf2cab2728a7,1855,487177d9c4de,3,arctan,independent,1,1,0.16222730707208119,0.17143843387888885,0.57046550835164722,0.64467527916316159,4.4828211008805718,1.0567791389319861,3.516457978915823,3.9739011316801189,27.632962549817552,0.08509319091552893,5.1221154797804376,0.14299506295144765
v3.1,c530bf2cab2728a7,1856,4946297805ad,4,arctan,independent,10,0.1,0.16696553557380428,0.0005851219384986156,6.2136956480473134e-06,6.33292883781829e-06,1.1859812784783879e-07,0.0035044474087885785,3.721543866339203e-05,3.7929557234995521e-05,7.10315020643374e-07,2.1257712428162299e-06,6.4506755081679815e-06,0.077146338856195373
v3.1,c530bf2cab2728a7,1857,48e48c5b3c8e,2,arctan,common,5,0.2,0.44381019463300142,0.013526691929714342,0.0007745927114844014,0.00077149676664514709,5.3835317699977812e-05,0.030478551627007865,0.0017453242869396746,0.0017383484561077254,0.00012130257112389156,3.0959448392542793e-06,0.00082533208434512487,0.30868395513642843
v3.1,c530bf2cab2728a7,1858,21427d1bce8a,3,arctan,common,3,0.7,0.075898243107646771,0.043603311902437693,0.068875488920015299,0.066809225441676126,0.1351784879844346,0.57449698592620846,0.90747145256483641,0.88024732465704569,1.7810489735936368,0.0020663741057828531,0.20198760244503777,0.020431807361094307
v3.1,c530bf2cab2728a7,1859,5d7461466612,4,arctan,independent,1,1,0.15080423685780014,0.14829889963859089,0.50616548107860948,0.50531884844404029,2.6967802374225003,0.98338682472448269,3.3564407182796518,3.3508266012481291,17.882655644253624,0.032529820233870438,3.2014692012215589,0.029190663405783256
v3.1,c530bf2cab2728a7,1860,9803ac1820f0,2,arctan,common,10,0.1,0.45070750139425347,0.0046709566955673992,0.00012438452452691955,0.00010246536791766925,2.990850072966325e-06,0.010363609838127612,0.000275976157801099,0.00022734338257227792,6.6359003649022878e-06,2.1919156609250306e-05,0.00010545621799063558,0.27260119665649996
v3.1,c530bf2cab2728a7,1861,8b3ab7ecf824,3,arctan,independent,2,0.3,0.21323644584953327,0.017723757088510733,0.0046423210497291006,0.0040712566238479816,0.0014243986506656096,0.083117860166442681,0.021770767334046062,0.019092686560349049,0.0066799024200146001,0.0011311333224743665,0.0054951304099303232,0.21362308065037786
v3.1,c530bf2cab2728a7,1862,eb102fa26869,4,fermi,common,10,0.3,0.24115669659016034,0.0044275275959492974,0.00013924618366315046,0.00013390422929705707,4.8782924572356602e-06,0.018359546546093918,0.00057740956660969609,0.00055525818353957589,2.0228724834152931e-05,2.0569034601057926e-05,0.00013877881426065504,0.079937898131171942
v3.1,c530bf2cab2728a7,1863,a94538daf718,2,fermi,independent,3,1,0.24752210409058303,0.036983160665572182,0.008662382904766933,0.011000613786746756,0.0043493534595327784,0.14941356773550149,0.034996401378346607,0.044442955214702679,0.017571575983133577,0.0023382308819798222,0.015349967246279536,0.33572897704019333
v3.1,c530bf2cab2728a7,1864,5d1cb3738777,3,arctan,independent,2,0.7,0.16197647300732301,0.042973362469860964,0.049211217880207443,0.033792043447773971,0.044338115605621724,0.26530619954861051,0.30381707272995495,0.20862315878582083,0.27373182526092654,0.029263580713484016,0.078021856023166899,0.2147603743970119
v3.1,c530bf2cab2728a7,1865,10563d00aded,4,fermi,common,1,0.5,0.097122005965737349,0.012560302980621767,0.013451410395028255,0.002971178762768143,0.00075305004978130224,0.12932499546037779,0.13850012941221207,0.030592230187423373,0.0077536500846879424,0.015529107929483969,0.0037209451996365662,0.085962499318675376
v3.1,c530bf2cab2728a7,1866,ac5ae788b81c,2,fermi,independent,3,0.1,0.39886687581770819,0.0011724106612460183,4.1489267085457255e-05,5.168768166069042e-06,2.5778608408571616e-08,0.0029393532838305637,0.00010401783051149842,1.2958629757040277e-05,6.4629604440638143e-08,3.6320498919388209e-05,5.1945467744776135e-06,0.24970379397667009
v3.1,c530bf2cab2728a7,1867,418cb1df4d9d,3,fermi,independent,10,0.3,0.27264630081044916,0.002804143246699785,8.6567977830890867e-06,4.9381206889860746e-05,1.1356673450428817e-06,0.010284912131081136,3.1751018654412326e-05,0.00018111819871780271,4.1653502786103349e-06,4.1178929188524671e-05,5.05167780491126e-05,0.21291808541375168
v3.1,c530bf2cab2728a7,1868,396a997faf9a,4,fermi,common,3,1,0.12868270422173717,0.01224377988210136,0.0022900091566164138,0.0023378556667518618,0.00063907767313608078,0.095147051471685909,0.0177957804855455,0.018167598209029166,0.0049663058994693348,0.0015924761750181835,0.0029764227915197853,0.10890000504640694
v3.1,c530bf2cab2728a7,1869,95308b26fa2a,2,fermi,independent,5,0.1,0.28900688394779839,0.0011467977158460861,1.1142184613271848e-05,5.8548385566735419e-06,3.1613690365955378e-08,0.0039680636674842163,3.8553353681652774e-05,2.0258474388904408e-05,1.0938732646820126e-07,5.287346056598308e-06,5.8864522470394967e-06,0.10978971161059373
v3.1,c530bf2cab2728a7,1870,a27796aa075e,3,arctan,independent,1,0.3,0.24034769044131954,0.02597407431570848,0.012982885930019809,0.005369649366949461,0.0013741756526946479,0.10806874935230552,0.054017102915284963,0.022341173144164044,0.005717448959760861,0.0076623762214254772,0.0067306828756059176,0.057596984546847904
v3.1,c530bf2cab2728a7,1871,2dd787e01815,4,arctan,independent,3,0.5,0.19662452487141285,0.034249469205209514,0.019784536793856132,0.01925171741606577,0.018029832586484187,0.17418716829758518,0.10062090070806115,0.097911068970953016,0.091696763657917096,0.00070700736312351211,0.037240752482607449,0.13671451059623577
v3.1,c530bf2cab2728a7,1872,6fe25c369726,2,arctan,common,2,0.2,0.18139581135212743,0.0063474974829430203,0.003687512144459166,0.00035489093698259732,2.0559137260747376e-05,0.034992525106443566,0.020328540758314036,0.0019564450487430459,0.00011333854463065724,0.0033326212074765689,0.0003754500742433447,0.15703523420162474
v3.1,c530bf2cab2728a7,1873,7dfd6d64c755,3,arctan,common,2,0.7,0.1788669192622169,0.031361025450620021,0.019678866615138277,0.024997038037346767,0.036815740151382469,0.17533161291074237,0.11001959834892264,0.13975215842288527,0.2058275521445696,0.0058937236837796596,0.061792211338792459,0.13483144922105217
v3.1,c530bf2cab2728a7,1874,961b168f7311,4,arctan,independent,10,0.3,0.094179603114517937,0.0021398822774972509,0.00011645108850575807,0.00015083323649910473,1.804628160493882e-05,0.022721292155959243,0.0012364788622453533,0.0016015488652643679,0.00019161560473975875,5.0566134226030183e-05,0.0001688560102040033,0.12941715967869014
v3.1,c530bf2cab2728a7,1875,6e658645f728,2,arctan,common,10,0.1,0.48131112645161317,0.0044169519882898889,9.1123265495323481e-05,8.2669752509119624e-05,2.0230907107541386e-06,0.0091769164383402862,0.00018932299813452207,0.00017175948771138688,4.2032909682953743e-06,8.4535129862038545e-06,8.4692843219873762e-05,0.32287698615911198
v3.1,c530bf2cab2728a7,1876,0e4a028a595d,3,fermi,common,1,0.05,0.20889851067950707,3.7307904913448543e-05,0.00036687382049227399,3.998630908831864e-07,1.3085916362381772e-09,0.00017859344612890265,0.001756229947733487,1.9141500319102702e-06,6.2642458865866382e-09,0.00036727223159472097,4.0116965782102841e-07,0.11670345137826259
v3.1,c530bf2cab2728a7,1877,e5414c5e95ff,4,fermi,common,1,0.5,0.28458856035508207,0.036685061708291646,0.011121773063329773,0.0056075652505494971,0.00089424903912347807,0.12890560907479759,0.039080183157935447,0.019704113347187673,0.0031422522325132139,0.0057730768734970675,0.0064998491624949865,0.049920236700615239
v3.1,c530bf2cab2728a7,1878,c2c77530fe19,2,arctan,common,5,0.5,0.40877202048835193,0.075966229580593611,0.029940092781913973,0.029798094391032912,0.015264903730887744,0.185840091231876,0.07324398755605907,0.072896609595328246,0.037343318441049517,0.00014199839088106258,0.045062998121920654,0.32689349752604974
v3.1,c530bf2cab2728a7,1879,86687765ce7f,3,fermi,common,5,1,0.18400870394336161,0.021977572612135201,0.0043467368769666047,0.0049832923675278452,0.0015354055946146478,0.11943767952900727,0.023622452546073813,0.027081829613134586,0.008344200908492078,0.00064098611524171934,0.0065185169043609657,0.20232258178284554
v3.1,c530bf2cab2728a7,1880,91ee17dcf355,4,arctan,common,5,0.2,0.38289649486185806,0.011637103348429434,0.00092455018869502077,0.00089808142138199669,0.00011103303008617043,0.030392295318942223,0.0024146217087429368,0.002345493974046453,0.00028998183993883016,7.5694863842566784e-05,0.0010078904912860617,0.075734905593722354
v3.1,c530bf2cab2728a7,1881,ead52b935676,2,fermi,common,10,0.7,0.44540773826288504,0.038189296445156805,0.0045132654090823251,0.004488774244580729,0.00058781484138003756,0.085740082994734637,0.010132885043004218,0.01007789910001833,0.0013197230108137504,2.4491164501596969e-05,0.0050765890859607657,0.43150009950979112
v3.1,c530bf2cab2728a7,1882,4e213ddd5c08,3,fermi,common,5,0.7,0.53380615959577848,0.071687616385141067,0.01286800137666717,0.012731756333880802,0.0023730853295404362,0.13429522139539582,0.024106131308809526,0.023850898130365988,0.0044455937551141052,0.0001364952772821287,0.015104745839059328,0.082676996732269012
v3.1,c530bf2cab2728a7,1883,69818197eb74,4,arctan,common,10,0.7,0.11996401732538732,0.022366909188023719,0.013812790901618778,0.013034970422611087,0.011997080584970279,0.18644681702644458,0.11514111655792018,0.10865733503451595,0.10000565880041934,0.00099871336406251498,0.025029086947433866,0.091256002428210067
v3.1,c530bf2cab2728a7,1884,58ac6c64e703,2,fermi,independent,2,0.3,0.10338355396795174,0.0012954831627712371,0.00019599447294177589,2.0570772465297478e-05,3.3324603463427331e-07,0.012530843766241861,0.0018957993357679788,0.00019897528838749625,3.223395035709234e-06,0.00017542370047647841,2.0904018499931748e-05,0.075814680718063313
v3.1,c530bf2cab2728a7,1885,4372df0b416d,3,arctan,common,5,0.5,0.34407532535826529,0.073445615996585598,0.044509447743847942,0.042643189312600339,0.03686948616551261,0.2134579569752961,0.12935960373648672,0.12393562156251253,0.1071552751628516,0.0018694474125253552,0.079489777664003405,0.21748414134347277
v3.1,c530bf2cab2728a7,1886,7daa03460a01,4,fermi,common,10,0.05,0.16577328378008915,3.561064627971073e-05,7.2824949689688142e-07,2.0327025558975073e-08,1.7891023133518365e-11,0.0002148153518328741,4.3930450087660667e-06,1.2261942995555554e-07,1.0792464699711302e-10,7.4621478503315044e-07,2.0344808519331007e-08,0.16546853732171604
v3.1,c530bf2cab2728a7,1887,c64bd00b8a11,2,arctan,independent,10,0.3,0.093483990694541205,0.0072912593834652565,0.001086134835518542,0.0010837941371995821,0.00019808857304533351,0.077994738235870095,0.011618404685648112,0.011593366191874262,0.0021189571773052311,2.3406983189599288e-06,0.0012818827102449156,0.045271169790983938
v3.1,c530bf2cab2728a7,1888,3eea2128f0d4,3,arctan,independent,10,0.3,0.19009253836658735,0.0066899687895009613,0.00074279712913259558,0.00071058421051195856,0.00012555059697669365,0.035193221401460646,0.0039075554228232522,0.0037380962799371943,0.00066047093723675448,3.8118856010019273e-05,0.00083566632857277748,0.15344545877914956
v3.1,c530bf2cab2728a7,1889,8bb363df010c,4,arctan,independent,5,0.1,0.11103722202092629,0.00047793507810714995,9.2039081187213437e-05,6.5169518988295665e-06,1.5742188444806867e-07,0.0043042780556692721,0.00082890295265012639,5.8691597107872252e-05,1.4177397595411801e-06,9.7977158932688652e-05,6.6735828240782501e-06,0.060018705182892054
v3.1,c530bf2cab2728a7,1890,330d73551f88,2,fermi,independent,1,0.5,0.071544966305388216,0.0095797805083441129,0.00037707558830389506,0.0016766278410221755,0.00025114400603393401,0.13389873534153357,0.0052704698565983763,0.02343460242703203,0.0035102959579564408,0.0012995522527182806,0.0019277718470561095,0.47783779783604796
v3.1,c530bf2cab2728a7,1891,465a8675a751,3,arctan,common,2,0.2,0.28696896389729798,0.021394797322074034,0.0036477806508313764,0.0032261345125663096,0.00060793469587064569,0.074554394424795431,0.012711411719550494,0.01124210252130574,0.002118468449041816,0.00042196646825032406,0.0038336448314652124,0.036177935131541925
v3.1,c530bf2cab2728a7,1892,849944107a7f,4,arctan,common,2,0.2,0.031324492278305506,0.00071538883317302424,0.0015088814710864291,0.00016642284981345138,2.7341950759134292e-05,0.022838002506699307,0.048169383167670353,0.0053128666327566096,0.00087286173758897878,0.0016707775212521285,0.00019360453286982219,0.10109925659033937
v3.1,c530bf2cab2728a7,1893,ec0e69acaa34,2,fermi,independent,10,0.5,0.34161523246604059,0.02028890514467499,0.0017310854883669316,0.0016590005743596426,0.00015077031101184935,0.059391102083516951,0.0050673545083766598,0.0048563425066959253,0.00044134539880869386,7.2084914007288918e-05,0.0018097708853714921,0.20003682104519496
v3.1,c530bf2cab2728a7,1894,2b4ad11d9808,3,arctan,common,5,0.05,0.16474769554553056,0.00025166413429622195,7.4968492351363206e-06,1.0439965564638734e-06,6.0438744603510602e-09,0.0015275730168053895,4.5505032469874221e-05,6.3369417885141158e-06,3.6685638851201672e-08,6.6405038617728004e-06,1.0500358577136634e-06,0.054307352801706919
v3.1,c530bf2cab2728a7,1895,f9cf6c6c810a,4,fermi,independent,5,0.05,0.19868984485961838,0.0001186598392170465,1.511072936569681e-06,1.0975708502252137e-07,1.2207089992329937e-10,0.00059721139397377857,7.605184540947773e-06,5.5240410047161073e-07,6.1437915968753664e-10,1.4183928309701668e-06,1.0987909430688669e-07,0.14268881362997185
v3.1,c530bf2cab2728a7,1896,166df445210c,2,fermi,common,2,0.3,0.18164912267978814,0.0036575979075717507,0.0027407499118502188,6.451644686987539e-05,4.4150044611506038e-07,0.020135510998417427,0.015088153861781235,0.00035517070447736357,2.4305124054650091e-06,0.0026762334649803434,6.4957947315990444e-05,0.23134010470068736
v3.1,c530bf2cab2728a7,1897,021b94623bd9,3,arctan,common,5,1,0.1291983308246841,0.039635850976756176,0.040225221049453377,0.043481616804962708,0.08705566159141831,0.30678299575356055,0.31134474255737143,0.33654936969708349,0.67381413549025371,0.004060213743107945,0.13036750744436809,0.16964319702108022
v3.1,c530bf2cab2728a7,1898,f7ec357d1522,4,fermi,common,10,0.7,0.18069256362939976,0.0074517176652970996,0.001014945089391634,0.00054483797825682109,5.3309005592596387e-05,0.041239758380873737,0.0056169721044706921,0.0030152761536677468,0.00029502600727904384,0.00050756454788512687,0.00059773041950136354,0.08195876720355684
v3.1,c530bf2cab2728a7,1899,38b97b0061a0,2,fermi,common,5,0.3,0.075479162951302678,0.00053624296592411351,0.00010541137815982223,7.7474697408023476e-06,1.634054964947827e-07,0.0071045165971181275,0.0013965626278583812,0.0001026438216571218,2.1649086993745276e-06,0.00011315884790062458,7.9108752372971296e-06,0.20598766593984297
v3.1,c530bf2cab2728a7,1900,56030199deec,3,fermi,common,1,1,0.27398915485083863,0.089295279838132999,0.067213407488884422,0.059206833048687173,0.05020405497582521,0.32590808160544127,0.24531411663164482,0.21609188539203214,0.18323373055826464,0.0097044110128269509,0.10934344664522716,0.2046719930675841
v3.1,c530bf2cab2728a7,1901,0947183c09fd,4,fermi,independent,2,0.3,0.37385561227685754,0.012010943962919601,0.0011116661735570126,0.00072474259287604449,5.3231435841975668e-05,0.032127226577582942,0.0029735174143481146,0.001938562827670857,0.0001423850120044615,0.00042753146588366632,0.00077796223129675463,0.057571019224317378
v3.1,c530bf2cab2728a7,1902,ab1ee103fa18,2,fermi,common,5,1,0.10123145878730805,0.0054805598367037153,0.00015816610826268951,0.00064197160410810043,0.00010844002766578359,0.054138900124106909,0.0015624205178649433,0.0063416215848169522,0.0010712087819817067,0.00048380549584541092,0.00075041163177388406,0.16444765745114714
v3.1,c530bf2cab2728a7,1903,36c8f4d0df91,3,arctan,independent,10,1,0.29269824639941583,0.14196744504217279,0.17822751876249388,0.17766522047464883,0.32561136788579448,0.48503004985019321,0.60891215084112504,0.60699106557750604,1.1124472793781806,0.00058209594037960148,0.5031009432460819,0.036696656367899178
v3.1,c530bf2cab2728a7,1904,a6f198208ca6,4,fermi,independent,10,0.3,0.24614714758449949,0.0063080339021876755,0.00024284550120222075,0.00024152938313795237,1.1104181115096274e-05,0.025627085115915063,0.00098658669655659801,0.0009812398214163263,4.5111963409140607e-05,3.022500407405172e-06,0.00025262329974840627,0.010133163419790328
v3.1,c530bf2cab2728a7,1905,26fc54485198,2,fermi,common,3,0.05,0.48015366006456101,0.00036638182805044705,7.9783133680949707e-06,4.119494842250996e-07,5.1615886776065358e-10,0.00076305120323603005,1.6616166930857539e-05,8.5795343967535161e-07,1.0749868441932763e-09,7.5663638838698711e-06,4.1246564309286029e-07,0.30719079720977172
v3.1,c530bf2cab2728a7,1906,036c4c4f673d,3,fermi,common,10,0.05,0.13081136480641223,2.0225845688543432e-05,4.1999192509027168e-07,6.2537573252993129e-09,2.9421266253792116e-12,0.00015461841345723796,3.2106684745000393e-06,4.7807446505540632e-08,2.2491368618722583e-11,4.2530478090598729e-07,6.2566161608328469e-09,0.20523304723642022
v3.1,c530bf2cab2728a7,1907,d175dfa34092,4,arctan,common,3,0.5,0.17507150710114422,0.026890314058843217,0.012404448656922747,0.011124638757786319,0.0075447380055374425,0.15359617623733512,0.070853612117226558,0.063543399734139902,0.043095179395346232,0.0022359681568058687,0.018588450163056703,0.046650086220948427
v3.1,c530bf2cab2728a7,1908,e29b01644a21,2,arctan,common,10,0.5,0.12069059837741521,0.0061235383261067609,0.00064464334465452332,0.0006909925933426224,0.00011145916444240897,0.050737492467786596,0.0053412888271432684,0.0057253224578587194,0.00092351157373386826,4.6349248688099017e-05,0.00080245175778503137,0.14025740007077567
v3.1,c530bf2cab2728a7,1909,f514a5f214b8,3,fermi,common,1,0.3,0.20649736824883824,0.013198056787375805,0.00080171004705183798,0.001176285462903355,0.00011057043720428359,0.063913922483852567,0.003882422588968508,0.0056963702388975737,0.00053545688326178296,0.00046706146327246066,0.0012865609036511844,0.13503295786262126
v3.1,c530bf2cab2728a7,1910,d82a74f9390f,4,arctan,independent,5,0.1,0.21127194780397865,0.0016219507684680891,6.7097329601303741e-05,2.9040396092310101e-05,7.3207212316833535e-07,0.0076770758509452468,0.00031758749942305481,0.00013745504973170517,3.4650701656216237e-06,4.8389159534371953e-05,2.9770303385806824e-05,0.1336635097089646
v3.1,c530bf2cab2728a7,1911,648f2623783c,2,arctan,independent,1,0.7,0.11663927769071789,0.029306814127247793,0.056787480385335792,0.011655050023191992,0.00013333963299888167,0.25126025047032696,0.48686412938799362,0.099923887166865552,0.0011431795158441107,0.045132430362143802,0.011788389656190872,0.16006691565776304
v3.1,c530bf2cab2728a7,1912,4c8de15d44a6,3,fermi,independent,1,0.1,0.15746300473566988,0.00058879506669431753,0.00017046084556168118,4.1023893414118326e-06,3.0226857294897334e-08,0.0037392596926669633,0.0010825453626255293,2.6053036065826604e-05,1.9196164423280617e-07,0.0001690764874082119,4.132568764245824e-06,0.11433651407422499
v3.1,c530bf2cab2728a7,1913,964c73d772ff,4,arctan,common,1,0.5,0.058150354437469916,0.041112893701206236,0.021617024264928193,0.048241117397822511,0.074455643431737412,0.70701019966121859,0.3717436372322262,0.82959283506512449,1.2803987895172824,0.058589998237124997,0.12258879122579765,0.12057357347548311
v3.1,c530bf2cab2728a7,1914,28a63016d6cd,2,arctan,common,1,0.3,0.19094600262232561,0.048583741049681738,0.029441463671027662,0.016172970763527698,0.0059557902141190791,0.25443706797976862,0.15418737897991133,0.084699184803132072,0.031190965677868145,0.013268492907499966,0.022128760977646777,0.45124692383852821
v3.1,c530bf2cab2728a7,1915,2bd0031ef97b,3,arctan,independent,1,1,0.15806429502988245,0.094124170815898356,0.19941417872262809,0.19948476344959534,0.78301983512597328,0.59548028097113237,1.2616016709208639,1.2620482279814189,4.9538058862562311,0.044896254314258331,0.97837289902670099,0.074444006249355044
v3.1,c530bf2cab2728a7,1916,c54391139d53,4,fermi,independent,1,0.7,0.17726601508820206,0.060909602643328627,0.017021515532139701,0.034005483326346009,0.020433463000069759,0.34360564044395031,0.096022441321706953,0.19183306687086038,0.11527005325810874,0.018262062317283102,0.054422446569450389,0.094535336283973356
v3.1,c530bf2cab2728a7,1917,76e5deaa8d00,2,arctan,common,10,1,0.22671540942695492,0.094198746489475668,0.084392976513940898,0.084399425272141101,0.09597371389585363,0.41549335674876309,0.37224190771704618,0.37227035200416592,0.42332241173388457,6.4487582002081482e-06,0.18037313916799472,0.22823610836744473
v3.1,c530bf2cab2728a7,1918,647c0ec096a8,3,fermi,common,2,0.05,0.25139459381063117,0.00034346964753464288,1.0544363922186605e-05,7.7713038012959247e-07,2.0687294459755165e-09,0.0013662570953827647,4.1943479222665356e-05,3.0912772162275854e-06,8.2290132600617295e-09,9.7997764781845289e-06,7.7917451504724356e-07,0.13767444012359548
v3.1,c530bf2cab2728a7,1919,bcae2c4442c5,4,arctan,common,2,0.3,0.34926930496827907,0.046010067498354734,0.019168293460562234,0.015922768782017128,0.0079260904932163291,0.13173235335562455,0.054881128080531194,0.045588800835112742,0.022693349746082562,0.0037022435846802695,0.023805470227649964,0.092030412586771554
v3.1,c530bf2cab2728a7,1920,49316cf034d5,2,arctan,common,5,0.1,0.32021120933431751,0.0014796288416338,4.7557628225738711e-06,1.5985023991354347e-05,2.4903127923140303e-07,0.0046207902737376971,1.4851956096292063e-05,4.9920251151061777e-05,7.77709436684339e-07,1.1229261168780476e-05,1.623405527058575e-05,0.32351436001733835
v3.1,c530bf2cab2728a7,1921,14b6524f8ec2,3,fermi,independent,3,0.2,0.27924360134244769,0.0012085512945157651,3.7600765085205311e-06,9.6697283312157879e-06,1.0657354560125336e-07,0.004327946240149187,1.3465219938591888e-05,3.462828972527614e-05,3.816508062813512e-07,1.1296961696723763e-05,9.7762734372279018e-06,0.041192240442195986
v3.1,c530bf2cab2728a7,1922,d043ae45c2a8,4,fermi,independent,5,0.2,0.47323452856925102,0.0049319684858141312,8.2413154295914545e-05,7.838366522971807e-05,1.4883376971045002e-06,0.010421827208435423,0.00017414865002576534,0.00016563386755970354,3.1450319181152133e-06,4.6484766173762603e-06,7.9869878918853785e-05,0.019645795492780119
v3.1,c530bf2cab2728a7,1923,51a5cc094c30,2,fermi,independent,3,1,0.057148608606680931,0.0024516988088878482,0.0025147229912657674,5.36254228926662e-05,2.616022770555969e-05,0.042900411202683827,0.044003223395569863,0.00093835045506947203,0.00045775791123113085,0.0024610975683731014,2.7465195187106507e-05,0.1601260254311741
v3.1,c530bf2cab2728a7,1924,1d2a2e4cdb64,3,fermi,independent,2,0.1,0.22391261857659109,0.00048554572145415443,1.5892600099847347e-05,2.0521743991623118e-06,1.3200322677427925e-08,0.00216846073499904,7.0976795327017968e-05,9.1650681065138329e-06,5.8953009264695147e-08,1.4207622054649249e-05,2.0652154913717531e-06,0.05175019459360642
v3.1,c530bf2cab2728a7,1925,cbb8b374cc87,4,fermi,independent,5,0.7,0.13716630509366542,0.007356053835311017,0.0010374124864170517,0.0007848945045919964,0.00011772766472979332,0.053628723397396029,0.0075631729360110993,0.0057222107430540108,0.00085828414383110909,0.00026452110035722002,0.00090223647161842265,0.1655609852189634
v3.1,c530bf2cab2728a7,1926,fd6a25aa8225,2,arctan,independent,1,0.2,0.12406922564538327,0.0066234458152010086,0.003765504298781453,0.00067861499389246563,8.3013186876524834e-05,0.053385082245393005,0.030350026601633513,0.0054696480159559819,0.00066908765203221713,0.0030868893048889875,0.00076162818076899047,0.41294920025031212
v3.1,c530bf2cab2728a7,1927,453e43cb73be,3,arctan,common,10,0.2,0.25713696956728149,0.0025692364229138523,4.7628722175830264e-05,4.9921279372297979e-05,1.2790048306736441e-06,0.0099917037493186898,0.00018522704944365424,0.00019414275378724086,4.9740215606724904e-06,5.4229399363084117e-06,5.1192884379715369e-05,0.10690359118243802
v3.1,c530bf2cab2728a7,1928,87d371004882,4,fermi,common,1,0.5,0.18225565442318567,0.020347089088997163,0.0038264935535329767,0.003973499901911052,0.00087840238949804853,0.11164037216509375,0.02099519801261205,0.021801792183000511,0.0048196166658207255,0.0057382945489822465,0.0048488983001615171,0.16350263562715456
v3.1,c530bf2cab2728a7,1929,c9e4cf523d6d,2,arctan,independent,3,0.3,0.40563512302273447,0.031508311300640211,0.006589050213049231,0.0062328277777326142,0.0017525346431830715,0.077676486853122617,0.016243786198661937,0.015365601803134009,0.0043204706489010022,0.00035622243531661647,0.0079853624209156853,0.45136828006349278
v3.1,c530bf2cab2728a7,1930,e94bafece7fc,3,fermi,independent,5,0.05,0.26665596327911884,8.3233496709501554e-05,9.128795775844503e-07,4.66029257071803e-08,3.4155979148080639e-11,0.00031213814116873105,3.4234358247931058e-06,1.7476798618750281e-07,1.2809006304624918e-10,9.4135523961924201e-07,4.663691534197447e-08,0.099744188448685087
v3.1,c530bf2cab2728a7,1931,e0040f1e07af,4,arctan,common,2,0.2,0.21216767613404969,0.0095285405496062653,0.0018934695390187756,0.0014236542873233419,0.00034555910199860878,0.044910425203441628,0.0089244015559771812,0.0067100432698516373,0.0016287075783413918,0.00058106453396909871,0.0017681222553629153,0.15137250365609881
v3.1,c530bf2cab2728a7,1932,44fa28f05aa5,2,fermi,common,1,0.1,0.26620234375017104,0.00068849576646869809,9.0094008062889994e-06,2.2201266552752687e-06,7.3242964806251116e-09,0.0025863625269762699,3.3844182884972103e-05,8.339996650663758e-06,2.7514019514038954e-08,6.7892741510137316e-06,2.2274509517558938e-06,0.12713301923494222
v3.1,c530bf2cab2728a7,1933,3b50137db5d1,3,fermi,independent,5,0.05,0.062852914807523905,9.7794082583478324e-06,7.7031641128604648e-06,1.6971524802331038e-09,1.5591049703977896e-12,0.00015559196082306709,0.00012255858199178291,2.7001969366581287e-08,2.480561124606992e-11,7.7020484673407773e-06,1.6968600428025779e-09,0.19520352670296748
v3.1,c530bf2cab2728a7,1934,ea3e1cff1706,4,arctan,common,3,0.3,0.27511134672520532,0.029511444395711486,0.0093139951324858524,0.01013002485858509,0.0061563725428367211,0.1072709095680774,0.033855365267028141,0.036821545091353339,0.022377748559335168,0.0011635379495457154,0.016282471886553247,0.16392237277613123
v3.1,c530bf2cab2728a7,1935,2cc130cf7adc,2,fermi,common,2,0.05,0.21325453863384894,0.00013098779389297287,3.0967176294988978e-07,9.8827156633883153e-08,7.6563399870583603e-11,0.00061423215061262831,1.4521227305815331e-06,4.6342346224839862e-07,3.5902354229393662e-10,2.1084460631600661e-07,9.8903720033753734e-08,0.098736198917523749
v3.1,c530bf2cab2728a7,1936,02237bb4c33f,3,fermi,common,5,0.7,0.26516331757939382,0.041837129899946042,0.010798169909162863,0.010457833426546891,0.0039225293516336216,0.15777872400249851,0.040722713864559078,0.039439216261184622,0.014792880808104833,0.00043995817842161137,0.01428021788641042,0.068410172946023876
v3.1,c530bf2cab2728a7,1937,b8dfbbd137f7,4,fermi,common,1,0.3,0.18761583227307221,0.0052326903376887068,0.0026122973288705163,0.00024894875655132026,1.3253021527031854e-05,0.027890451857349646,0.013923650777341404,0.0013269069754677145,7.0639142584418284e-05,0.00243354487758742,0.00026219872171480239,0.10519706000972356
v3.1,c530bf2cab2728a7,1938,d205728bad50,2,fermi,common,1,0.3,0.45122052130977325,0.008391148678838535,0.00017098061217065647,0.00024176433232521701,7.5671101321725032e-06,0.018596558185078244,0.00037892915790785668,0.00053580083552813465,1.6770314679410398e-05,7.0783720154560527e-05,0.00024933144245738951,0.44684813662476952
v3.1,c530bf2cab2728a7,1939,a91455c8ea5e,3,arctan,independent,2,0.7,0.22543957152688346,0.092101543853612786,0.11743754250108281,0.11598166133181508,0.23442827028204788,0.40854204623357243,0.52092692381239059,0.51446895745179488,1.039871876504576,0.0073843348363997301,0.35039802855882002,0.18464331650143234
v3.1,c530bf2cab2728a7,1940,2776eeee7f96,4,fermi,independent,3,0.1,0.12659416409669538,0.00014716919823118635,1.5378108834334141e-05,4.5032744405987303e-07,1.923970073136106e-09,0.0011625275089203583,0.0001214756536690586,3.5572527949700991e-06,1.5197936546794808e-08,1.5380135369617353e-05,4.5224208540829013e-07,0.028896923506784786
v3.1,c530bf2cab2728a7,1941,c35bd591103e,2,arctan,common,10,0.3,0.047811222915942406,0.0044652587735586101,0.00081259470628882618,0.00080180233278632552,0.00017651626499066736,0.093393527737390139,0.016995898802200909,0.016770169928428429,0.0036919420634984202,1.0792373502500713e-05,0.00097831859777699299,0.020885041824925156
v3.1,c530bf2cab2728a7,1942,530744ee2004,3,arctan,independent,2,0.7,0.13849432043124649,0.026720627543725086,0.01114282249185776,0.015679659944164509,0.016251174753266321,0.19293663061793323,0.080456891352374646,0.11321518380927723,0.11734181374848496,0.0051178642229838291,0.031928550322667372,0.036979898620490524
v3.1,c530bf2cab2728a7,1943,d8d4ea754d53,4,fermi,independent,3,0.7,0.21576612928452488,0.02850794571437713,0.0082157304785691037,0.0075452718104396946,0.0025758196804695549,0.13212428572041762,0.038077016563314463,0.034969676823047385,0.011938016819465172,0.00095591785099665913,0.010119873774846253,0.16075712593501479
v3.1,c530bf2cab2728a7,1944,a752da0d0647,2,arctan,independent,10,0.3,0.1947766284789374,0.006462542345684069,0.00060541179227921341,0.00050156013375475929,5.4508267109579681e-05,0.033179249462072451,0.0031082363269506995,0.0025750529602631285,0.00027985014185351326,0.00010385165852445414,0.00055606840086433896,0.19919992716104581
v3.1,c530bf2cab2728a7,1945,08d24db273bd,3,arctan,independent,1,0.2,0.16989961842435147,0.01418306800613689,0.0031279649124709048,0.0030517149316500506,0.00095146816989415605,0.083479104530490525,0.018410664729442253,0.017961870426500336,0.0056001783801403965,0.0061776943056363392,0.004002107339822876,0.18438504658857693
v3.1,c530bf2cab2728a7,1946,6c88aad4a6ae,4,fermi,common,5,0.3,0.11140467354387543,0.0012893939759516504,5.8999605579542487e-05,3.1467566782189591e-05,1.1261219197776371e-06,0.011573966647313388,0.00052959722157711975,0.0002824618194298326,1.0108390285207624e-05,8.9082943280695617e-05,3.2582221731262421e-05,0.21186763236663358
v3.1,c530bf2cab2728a7,1947,b6a471945bf9,2,fermi,common,3,0.3,0.40681180314185006,0.011307160237723889,0.00054208686074701164,0.00042429444503656047,1.7108941378126191e-05,0.02779457270019579,0.0013325249084722179,0.0010429747656279639,4.2056157776131493e-05,0.00011779241571045116,0.00044140338641468664,0.20821399172703997
v3.1,c530bf2cab2728a7,1948,e0801182a586,3,fermi,common,2,0.2,0.39046035888957575,0.002754144176601398,1.4704745574500626e-05,2.9076528463125135e-05,3.7611076772404834e-07,0.0070535820446251361,3.7660021663451898e-05,7.4467299435505895e-05,9.6324955699386243e-07,3.3750116018076657e-05,2.9450590521702518e-05,0.16511519606904071
v3.1,c530bf2cab2728a7,1949,10cfde55dc90,4,arctan,independent,10,0.5,0.17461075839226883,0.028616310673580999,0.011670366004174973,0.011585950072006133,0.0068453131918242054,0.16388629736830712,0.066836465929304936,0.066353013861711274,0.039203272781428412,0.00010527322280183925,0.018407142916307333,0.03021770311284722
v3.1,c530bf2cab2728a7,1950,c226a0da9e70,2,fermi,common,3,0.5,0.093350325383615582,0.0022075322173434574,0.00036701702661818701,0.00011436922056445326,8.6407329776067701e-06,0.023647825631799173,0.0039316095054833539,0.0012251614559934552,9.2562430201484353e-05,0.00048138624718264028,0.00012300995354206002,0.17645425001828791
v3.1,c530bf2cab2728a7,1951,bd1463837a42,3,fermi,common,2,0.7,0.29475342249582126,0.038401681469316364,0.0086625911677939427,0.0077341400729084324,0.0017741788291176519,0.13028409015288292,0.02938928102833735,0.026239356297951315,0.0060191967037899431,0.0011333422198351389,0.0095083173089521127,0.21898997162677272
v3.1,c530bf2cab2728a7,1952,d2fd2e29b723,4,arctan,independent,5,0.7,0.33070102333668872,0.14916491503956175,0.19593562667614367,0.1960019006124388,0.40062308251147594,0.4510567083661427,0.59248569810641449,0.59268610249472398,1.2114358718013374,0.00011465937990725027,0.59654996277132621,0.027370378728794244
v3.1,c530bf2cab2728a7,1953,e229c7a4cd30,2,arctan,common,2,0.05,0.1302111960678542,0.00030466776540353314,6.8954514348929216e-05,1.2432674964442216e-06,5.9691231057202822e-09,0.0023397969959877193,0.00052955902742031805,9.5480844504058163e-06,4.5841857581967987e-08,6.7711246852484989e-05,1.2492366195499419e-06,0.072208888397358173
v3.1,c530bf2cab2728a7,1954,a5c7c498c709,3,arctan,common,1,0.7,0.0876276167372394,0.031674629748785738,0.0501587684909304,0.046351568202683234,0.097585339084719808,0.36146857495583201,0.57240822423981619,0.52896073097221474,1.1136368044487583,0.030062765951221752,0.14364169857083492,0.12187283995749984
v3.1,c530bf2cab2728a7,1955,399321274de9,4,arctan,independent,1,0.3,0.15271333692879357,0.017892873275452765,0.0081228286955974706,0.0059555446546589877,0.0030550978427317586,0.11716640887623173,0.053190041282281345,0.038998196060871293,0.020005442249986814,0.0031143122803796563,0.0090104862589947109,0.069849047902817984
v3.1,c530bf2cab2728a7,1956,382251f319c3,2,arctan,common,10,0.3,0.46652431811217576,0.026919480405390127,0.0029829012662559184,0.0029819112215022066,0.00041142560451552004,0.057702201922338672,0.0063938816272781727,0.0063917594554743148,0.00088189530222215079,9.9004475371124941e-07,0.0033933368260177271,0.47558359241111969
v3.1,c530bf2cab2728a7,1957,bdb4649b31f1,3,arctan,common,5,0.7,0.11980863176859664,0.015913291571038886,0.0077059889756963462,0.0062261203948070307,0.0039207927237483306,0.1328225799437763,0.064319146808887798,0.051967210566534285,0.032725461144745498,0.0016005539728688885,0.010135936390011327,0.13391815030074999
v3.1,c530bf2cab2728a7,1958,d0dda075b4e7,4,arctan,independent,10,0.2,0.28979659404246971,0.0069462755217521996,0.00043708736129596749,0.00045116564754374758,4.462570662476202e-05,0.02396948640719436,0.0015082556878909085,0.0015568355764651576,0.00015398975537380582,1.5954097409026425e-05,0.00049579042657058752,0.088493940474850083
v3.1,c530bf2cab2728a7,1959,9919dfb961bf,2,fermi,common,5,0.5,0.18799374358556747,0.0066938827464550973,0.00028877316022573181,0.0002889565109536019,1.2675922054339922e-05,0.035606944246037109,0.0015360785668608883,0.0015370538691468745,6.7427361211998697e-05,1.8335072787011912e-07,0.00030163243300794187,0.11928419781369254
v3.1,c530bf2cab2728a7,1960,67f1d2a32c46,3,arctan,common,1,0.7,0.25151337385297579,0.071340394234858079,0.072824565519960388,0.13524966703788238,0.51277591462075911,0.28364453604189133,0.28954549972571475,0.5377434407004682,2.0387620219372766,0.062835417332194513,0.64798899783462038,0.07021320356110429
v3.1,c530bf2cab2728a7,1961,afbe384a7046,4,fermi,common,10,1,0.16363592377854713,0.014937442623588513,0.0029388309823188447,0.0025099089600096438,0.00053711477059002397,0.091284616963471621,0.017959570945411982,0.015338373763247553,0.0032823768655892197,0.00043217181913344284,0.0030468251909789067,0.10560699667956604
v3.1,c530bf2cab2728a7,1962,f75aa513f845,2,fermi,independent,1,0.05,0.40447810992114769,0.00040162632432358381,3.7836752573155522e-05,5.2058264031717717e-07,7.3658242093356429e-10,0.00099294946864214779,9.3544623664632264e-05,1.2870477475744332e-06,1.8210686879375494e-09,3.7316169932838342e-05,5.213192227381107e-07,0.20964231602922526
v3.1,c530bf2cab2728a7,1963,e0861915d9b8,3,fermi,independent,5,0.1,0.099837179142209881,4.7988132861076574e-05,8.2242230162769658e-06,4.2704889370696133e-08,5.147837632110474e-11,0.00048066394977688034,8.2376356052310274e-05,4.2774535235882934e-07,5.1562330550002837e-10,8.1868375384566428e-06,4.2756366912208169e-08,0.086023220238531248
v3.1,c530bf2cab2728a7,1964,166c6caf1dea,4,arctan,independent,1,0.3,0.14565330250501085,0.0067918696392483833,0.0021424680976191461,0.001245674542687663,0.00045594739856032196,0.046630385459435257,0.014709368485108256,0.0085523261145747705,0.0031303608687117562,0.0012944144468690435,0.0016969249980171258,0.029740529093961195
v3.1,c530bf2cab2728a7,1965,ab05b5d60b8a,2,arctan,common,10,0.5,0.35608250237258188,0.070462957829512604,0.028154163312026637,0.028126226862843114,0.014118176594160948,0.19788379760313154,0.079066404904580029,0.078987949914521877,0.039648610926095416,2.7936449183523247e-05,0.042244403457004059,0.24179247851291538
v3.1,c530bf2cab2728a7,1966,f9823d5f622e,3,arctan,common,3,0.3,0.13003435724045537,0.007812291370808291,0.002254472376368073,0.0015109879575196765,0.00047612174513561161,0.060078671026627617,0.017337513132772864,0.011619913302802012,0.0036615072757669922,0.00075184688631842872,0.0019846338037092497,0.2064231859018254
v3.1,c530bf2cab2728a7,1967,f773cf9ed479,4,fermi,independent,5,1,0.33139750121937145,0.077514486492134008,0.030196255193639915,0.030331347590322924,0.014709749785171915,0.23390184357733773,0.091117932641414948,0.091525577225897145,0.044387026851583494,0.00020569348198990779,0.045029410043244469,0.13524029992845796
v3.1,c530bf2cab2728a7,1968,49710fe38ba3,2,fermi,independent,10,1,0.086644231126645599,0.0036274314730999125,0.00061158555732047253,0.00027798556891520852,2.7621620386351265e-05,0.041865816407301151,0.0070585836975866744,0.0032083563475666871,0.00031879353105433489,0.00033359998840526401,0.00030560718930155984,0.29197723311018892
v3.1,c530bf2cab2728a7,1969,6da13244a586,3,fermi,independent,5,0.7,0.19628096140923779,0.013775254009015317,0.0018346910770084611,0.0020088735561615877,0.00040710137304209569,0.070181304952417034,0.0093472696681121559,0.010234683699012297,0.0020740746841631063,0.00033270036665548636,0.0024157039268284039,0.13780553554353187
v3.1,c530bf2cab2728a7,1970,47626875aaa3,4,fermi,common,1,0.05,0.23800144237176915,0.00021870753080221233,5.4179697846660894e-05,3.2000925685124436e-07,5.2367394758578697e-10,0.00091893363595915169,0.0002276444096587857,1.3445685608550862e-06,2.2002973694915019e-09,5.4266541415310708e-05,3.2052578809066492e-07,0.097926160417207808
v3.1,c530bf2cab2728a7,1971,713f9f94d795,2,fermi,independent,2,0.05,0.16751983371969567,9.6085283521406167e-05,1.7102963182810355e-05,9.0945082393293482e-08,1.0465486610437022e-10,0.00057357556647400854,0.00010209515376804915,5.4289143186154481e-07,6.2473119618471612e-10,1.7193908265203648e-05,9.1049737259397842e-08,0.32994662637798333
v3.1,c530bf2cab2728a7,1972,3897a05ce845,3,fermi,independent,2,0.5,0.25815456549395271,0.021036878253607991,0.0017534784273025962,0.0031549837691112496,0.00061719869897626804,0.081489468192654457,0.0067923587713720739,0.012221297589970979,0.0023908107059633851,0.0014760497598587507,0.0037704218759386471,0.13549252089330774
v3.1,c530bf2cab2728a7,1973,5ceae521bb17,4,fermi,common,10,1,0.23798770602032798,0.043716081017686051,0.014635346440302286,0.014830684951517483,0.0062495938447445342,0.18369050128140649,0.061496228881050656,0.062317021326516356,0.02626015414515033,0.00038052847194677353,0.021077518294592854,0.138930790630301
v3.1,c530bf2cab2728a7,1974,3a8c575c395e,2,fermi,common,5,0.5,0.36551084474447848,0.031878043875712359,0.00437634735127637,0.0039127635366991379,0.00052672850600215084,0.08721504254681603,0.011973235306700105,0.010704917769086919,0.001441074905370801,0.00046358381457723249,0.0044394920427012884,0.18217316308537954
v3.1,c530bf2cab2728a7,1975,9e62f09414c4,3,arctan,independent,5,1,0.20052181577700162,0.081085692351494251,0.096318924130305336,0.098641579968217999,0.19703636269660157,0.40437341960671686,0.48034137211993272,0.49192443019724275,0.98261808538440432,0.0034707947011432105,0.29566980568140816,0.27491455527925213
v3.1,c530bf2cab2728a7,1976,f9fd2b6752b0,4,fermi,common,5,0.2,0.31689812108044202,0.0026662447263779412,0.00016169516191524687,3.6216347588419717e-05,6.9572147435948654e-07,0.0084135706367950876,0.00051024335948713891,0.00011428388235607901,2.1954105375805722e-06,0.00014249229515546786,3.6897366912196449e-05,0.016303724679295552
v3.1,c530bf2cab2728a7,1977,86ab222af4af,2,fermi,common,2,0.1,0.45536591645467217,0.0008151827455345537,2.4860976506602404e-07,2.1747009652548791e-06,6.6939880051393126e-09,0.0017901707529656499,5.4595602367787451e-07,4.7757218682205699e-06,1.4700239440967564e-08,2.423310730320903e-06,2.1813949532600186e-06,0.44847395107696297
v3.1,c530bf2cab2728a7,1978,2c4d7eabb9f8,3,fermi,common,5,0.3,0.29338220064830822,0.0030737683320434831,5.1165322047260444e-05,6.6337202926649116e-05,2.1996040378126902e-06,0.010477010279598254,0.00017439818071511042,0.00022611188674724955,7.4974011134692678e-06,4.8728539578223781e-05,6.8505256281004443e-05,0.1174819569652171
v3.1,c530bf2cab2728a7,1979,99076cb15ec7,4,fermi,independent,3,1,0.18204377843143635,0.029905129923225103,0.0086245299284931996,0.0097669240739031906,0.0043189776682778331,0.16427438597957006,0.047376131185617419,0.053651512608994402,0.023724939712259936,0.0016354931997601418,0.014078259661657684,0.18369079954255901
v3.1,c530bf2cab2728a7,1980,7bc619912afb,2,fermi,common,5,0.05,0.46210498631203806,0.00031708110205049179,1.7249579713557495e-06,2.9368186995069964e-07,2.9774118620833443e-10,0.00068616680503936751,3.7328270034960529e-06,6.3553062323458653e-07,6.4431502586575346e-10,1.4312761014050499e-06,2.9397961113690795e-07,0.25961737887851577
v3.1,c530bf2cab2728a7,1981,75824d02b099,3,fermi,common,3,0.5,0.33588606603462989,0.015012352797112456,0.00073496606573747274,0.00095545297072249845,8.8217842179072532e-05,0.044694776935357242,0.0021881409801075154,0.0028445745963870711,0.00026264216083907827,0.00055899318941447004,0.0010399946664083211,0.062950728381439142
v3.1,c530bf2cab2728a7,1982,e76cacc05d60,4,arctan,independent,1,0.1,0.10255440586398105,0.0022233444506533665,0.0023197440457719903,0.00016246085562575207,1.3498275509644262e-05,0.021679658050013092,0.022619642971250697,0.0015841431117179455,0.00013162063000537647,0.0024610498788084157,0.00017593859169077536,0.093867131133012746
v3.1,c530bf2cab2728a7,1983,7aea496a6ea0,2,arctan,common,1,0.2,0.4628445288587732,0.011934448068089593,0.00057681488635467405,0.00058065605317076904,3.4910417250127952e-05,0.025785004086612259,0.0012462389644680803,0.0012545380078327413,7.5425796511424461e-05,3.8411668160949444e-06,0.00061556647042089691,0.41081509785973935
v3.1,c530bf2cab2728a7,1984,3bce5deefa42,3,fermi,independent,5,1,0.29463478447757574,0.033955835917893855,0.0078769769565289905,0.0076601969502702021,0.0037022083181174328,0.11524720673460803,0.026734714879289811,0.025998956517821505,0.012565414924384812,0.00024365996815356884,0.011194960474913692,0.0086503140543808255
v3.1,c530bf2cab2728a7,1985,5f383f3c4026,4,fermi,independent,3,0.3,0.15397193783382015,0.0031276033388006495,0.00028506315613232409,0.00011470515925272163,5.3388202424497076e-06,0.020312814028334368,0.0018513968203737808,0.00074497444707438416,3.4673982269495266e-05,0.00024882206423135938,0.00012004182184019399,0.086737285026807442
v3.1,c530bf2cab2728a7,1986,dd0b3d3f882d,2,fermi,independent,1,0.2,0.2359796604861864,0.0029424388439378835,0.00089275617843148235,4.3523405595140945e-05,6.5092054636383927e-07,0.012469035839256688,0.0037831912148366779,0.00018443710574661448,2.7583756372170151e-06,0.00084923277283634148,4.4174326141504781e-05,0.14870518670734606
v3.1,c530bf2cab2728a7,1987,2eeb1010661e,3,fermi,common,5,0.05,0.037351986901278431,4.88187299507135e-06,8.8362666932603133e-06,6.3587425421118302e-09,1.4479337010433659e-11,0.00013069915150629537,0.0002365675142426728,1.7023840147829438e-07,3.8764569736819225e-10,8.8425127263453957e-06,6.3730324208244545e-09,0.29560673450133762
v3.1,c530bf2cab2728a7,1988,52fec2aeab45,4,arctan,independent,3,0.2,0.2442733339536636,0.0087604671463814721,0.0011517819755946792,0.00085334750424739944,0.00012693586190505086,0.035863378964006168,0.0047151359378963635,0.0034934124426748586,0.00051964682288705908,0.00031086017977089683,0.00097982577591923265,0.079034780362803425
v3.1,c530bf2cab2728a7,1989,00d76555d087,2,fermi,independent,2,0.7,0.017417532999931998,0.0020308897591177558,0.0030841317752391172,0.00047729550654329508,9.6687268026936303e-05,0.11660031068267158,0.17707052860190697,0.0274031636136506,0.0055511459646618031,0.0035614272817824119,0.00057398277457023142,0.21652379344506734
v3.1,c530bf2cab2728a7,1990,65934b875e90,3,fermi,independent,2,0.3,0.26652966665558031,0.0056425655126837023,0.00027169289030790338,0.00026256302410070884,1.7736892346158019e-05,0.021170497016286139,0.0010193720410831234,0.000985117444505728,6.6547535097015307e-05,0.00048054388365879625,0.00028027651238646012,0.17204460051243645
v3.1,c530bf2cab2728a7,1991,d67d20673bed,4,fermi,common,3,0.05,0.18647276059401299,8.6898729505177099e-05,4.0056284770463633e-06,1.0252102163747236e-07,1.7190768666659174e-10,0.00046601299422156523,2.1481038111337802e-05,5.4979087192622358e-07,9.2189168068824689e-10,4.0944242672115043e-06,1.0269281287367192e-07,0.016605714257049785
v3.1,c530bf2cab2728a7,1992,a7dbe5831165,2,fermi,independent,10,0.3,0.27262304492064743,0.0026934079343837094,2.6693801314078134e-05,4.0209068602781653e-05,7.2910992107062532e-07,0.0098796047677028962,9.7914691407866559e-05,0.0001474896174477302,2.6744251252965345e-06,1.3515267288703517e-05,4.0938178523852277e-05,0.25149702917797895
v3.1,c530bf2cab2728a7,1993,ad46e9844488,3,fermi,independent,3,1,0.16315435548799051,0.042091411265210502,0.021559043206857934,0.021772947705935332,0.014198315069280135,0.25798521369114641,0.13213893764818835,0.13344999366282931,0.087023818805286174,0.00021457005634235938,0.035969352615409074,0.1119260031958383
v3.1,c530bf2cab2728a7,1994,744c9f2b7241,4,arctan,common,10,0.2,0.094368389031450506,0.0016334106619666515,0.00010559009074895141,7.2386157551761169e-05,6.0419630547125342e-06,0.017308875130021332,0.0011189137785721976,0.00076705937544018854,6.4025285550852276e-05,0.00010463923443326768,7.8276305571553338e-05,0.079902878275352196
v3.1,c530bf2cab2728a7,1995,3abb9fdb7328,2,arctan,independent,5,0.05,0.16789491378831742,0.00016644749154921544,1.3879724443194536e-05,4.1924843931531077e-07,1.5147334126077403e-09,0.00099137899888422534,8.2669118021610514e-05,2.49708838615505e-06,9.0219136388939235e-09,1.3460476003879225e-05,4.207631727279185e-07,0.26840650181534403
v3.1,c530bf2cab2728a7,1996,4e2cb3520895,3,fermi,common,1,0.3,0.22253035928546258,0.0057941336574097429,0.00056895161559787622,0.00024982483100035338,1.2445130304061271e-05,0.026037497427382535,0.002556737055675282,0.0011226550471698893,5.5925539077104635e-05,0.00035129604047654764,0.00026226961668630416,0.21751739029111339
v3.1,c530bf2cab2728a7,1997,5dbc2147c112,4,fermi,independent,2,0.3,0.36030012810658402,0.012030396668433623,0.00030691885736018815,0.00071131921969101676,5.2521728887525939e-05,0.033389931698483297,0.00085184220991838054,0.0019742408181453496,0.00014577216267874587,0.00041308695931821537,0.00076381366697036101,0.042526252954266736
v3.1,c530bf2cab2728a7,1998,13314161bdc9,2,arctan,common,3,0.3,0.40210020406479718,0.028976575794261418,0.0040970450757148273,0.0040620120288675223,0.00071065564438466014,0.072063071595934669,0.010189114639331547,0.010101989473780376,0.0017673595715712201,3.5033046847304737e-05,0.0047726676732521827,0.26503211817219507
v3.1,c530bf2cab2728a7,1999,a3baedf0e97b,3,fermi,common,10,0.5,0.13466203410152536,0.002799230116749471,0.00012383976550005805,8.2243090928823856e-05,2.9952249788446141e-06,0.020787077333460264,0.00091963385468165357,0.00061073703124682162,2.2242534793336278e-05,9.828294843260954e-05,8.5184503160378491e-05,0.12235714602778815
v3.1,c530bf2cab2728a7,2000,a5fc62110e3e,4,arctan,independent,3,0.7,0.26271944088048038,0.082294598075642447,0.077517130295811407,0.079384069112028707,0.12985985553107166,0.31324137185980439,0.29505669636026849,0.30216290368912252,0.49429100144191129,0.0023723025855182018,0.20915687684972556,0.085911597348831997
v3.1,c530bf2cab2728a7,2001,386aaf03ff79,2,fermi,common,2,1,0.058861783050473467,0.021440566408395395,0.011410928236895258,0.010103607240253403,0.0048413220285052922,0.36425275105938087,0.19385971075851519,0.17164969725075518,0.082248986993035886,0.0013073209966418563,0.014944929268758695,0.028306975389178396
v3.1,c530bf2cab2728a7,2002,dd2902cd79ec,3,arctan,common,2,0.5,0.10813005324801225,0.025942797051046018,0.0098736080335230479,0.019950319033390944,0.026200799620020608,0.23992217031043517,0.091312338586169647,0.18450299832583952,0.24230820972523895,0.010292649504568901,0.04614202235119199,0.20195705574440934
v3.1,c530bf2cab2728a7,2003,92bbcf5038a5,4,arctan,independent,3,0.2,0.11831652663629742,0.0023740198450901175,0.00064861580368296486,0.00017525832796681554,2.5695740889824979e-05,0.020064989334818845,0.0054820389181707181,0.0014812666746510912,0.00021717795155374328,0.00065208533210652463,0.00019997940142213271,0.13935455385334131
v3.1,c530bf2cab2728a7,2004,548142c00779,2,fermi,common,1,0.2,0.44289717024745207,0.0071886386533357933,0.00037420129093062492,0.00014728182429818467,3.0545990318971268e-06,0.01623094283785876,0.00084489429165138729,0.00033254180471710063,6.896858316323143e-06,0.00022691946663244028,0.00015033642333008178,0.45996251582174058
v3.1,c530bf2cab2728a7,2005,9f258295a054,3,fermi,independent,2,0.1,0.20817813348895445,0.00058967172198060947,3.5947061450361821e-05,3.1564418197004185e-06,2.0769623836205407e-08,0.0028325343882089154,0.00017267453045095683,1.5162215967643371e-05,9.9768517894351311e-08,3.7872172920172436e-05,3.1771906135267448e-06,0.22358117248155165
v3.1,c530bf2cab2728a7,2006,f5d33ce59873,4,arctan,common,3,0.05,0.036632298936542039,3.6691091331170692e-05,6.8957287347476079e-07,1.4977197870365081e-07,1.0554851143209529e-09,0.0010016049332511317,1.8824176846484703e-05,4.0885225075035589e-06,2.8812964104419568e-08,7.0122511741378312e-07,1.5082510871415989e-07,0.033246464040258585
v3.1,c530bf2cab2728a7,2007,2036f0614cb6,2,arctan,independent,2,0.3,0.32873561205341834,0.033564777938072644,0.0085101365117030182,0.0075486642756942869,0.0022530300741235953,0.1021026524276247,0.025887479785184186,0.022962721405637234,0.006853623372442795,0.00096147223600873057,0.0098016943498178827,0.18436278562365738
v3.1,c530bf2cab2728a7,2008,12a0009817f8,3,arctan,independent,5,1,0.27394107210415697,0.1710351894636839,0.31808151439684113,0.31693200539341848,0.92813685459920237,0.62435029603247472,1.1611311584408972,1.1569349676521512,3.3880894437264568,0.0011611077949242297,1.2446820276969204,0.24538625072668172
v3.1,c530bf2cab2728a7,2009,89cec3f7dbd1,4,arctan,common,3,0.3,0.10661835412126672,0.0038014686442802265,0.00087260776978578586,0.00035629235276568572,5.1104846843790795e-05,0.035654917726046224,0.0081844048051359902,0.0033417543883714632,0.00047932503990508635,0.00070180210251246386,0.00040727947658988499,0.02512223664963021
v3.1,c530bf2cab2728a7,2010,2c038ea91911,2,arctan,independent,10,0.3,0.34949554372204444,0.027071245860513671,0.0045800206973203375,0.0044690021836396587,0.00098324495074484882,0.077458057325170276,0.013104661216976348,0.012787007628325809,0.0028133261450876421,0.00011101851368067838,0.0054522471343845073,0.21941018330315981
v3.1,c530bf2cab2728a7,2011,a0b97176b9e5,3,arctan,independent,5,0.2,0.24073191213540251,0.0030151298358710122,8.4218133038206793e-05,0.00010418732278628817,6.4598944929923691e-06,0.012524844791558489,0.00034984199764440582,0.00043279398174549778,2.6834391982725268e-05,2.0260355291980301e-05,0.00011045045923279724,0.0018265948192762156
v3.1,c530bf2cab2728a7,2012,67dec200edc4,4,fermi,common,2,0.05,0.49719589261666969,0.00047090290954912686,1.59185672436634e-05,7.1033468889000753e-07,1.2492690422977976e-09,0.00094711745720752708,3.2016690966384085e-05,1.4286817317649577e-06,2.5126294501812478e-09,1.5687590065850274e-05,7.11583679318051e-07,0.052914044556834489
v3.1,c530bf2cab2728a7,2013,19b190b46d6c,2,fermi,independent,3,0.2,0.33211249230983669,0.0024732789493621442,3.9777444268996051e-05,3.3621826168404897e-05,5.7910183185675431e-07,0.0074471120678434328,0.00011977099684611261,0.00010123625863804663,1.7436918070413762e-06,7.3399270437400941e-05,3.4200928000261648e-05,0.38708525004432121
v3.1,c530bf2cab2728a7,2014,10cfdad69aee,3,fermi,independent,3,1,0.34247444310511604,0.079915898252863493,0.035435665362948912,0.036131269474403378,0.021645951648740773,0.23334850194452267,0.10346951743804313,0.10550062990631266,0.063204575069845309,0.0011027590491603594,0.057760161748237435,0.25192258311190918
v3.1,c530bf2cab2728a7,2015,9b64ff43e2a9,4,fermi,common,5,1,0.18789668900007084,0.023960361039517458,0.0060882380131995302,0.0056213728156788529,0.0016812387010527361,0.12751880390776033,0.03240205053957728,0.029917359617107109,0.0089476760341003249,0.0005314731650223007,0.0073015197049359796,0.078619711744496446
v3.1,c530bf2cab2728a7,2016,63008c92c65c,2,arctan,common,10,0.7,0.36902445091564734,0.093346230164647673,0.047825738912252745,0.047827942586757266,0.03052341301878719,0.25295405205002264,0.12960046087348528,0.12960643249541726,0.082713795638881177,2.2036745045254154e-06,0.078351355605544459,0.40004912329401737
v3.1,c530bf2cab2728a7,2017,3280f15fae8e,3,fermi,independent,5,0.05,0.19743100340456077,7.9546371123073652e-05,2.8266704488183252e-06,5.1195879625633605e-08,3.9648706436302246e-11,0.00040290719163328773,1.4317257168703766e-05,2.59310233665413e-07,2.0082310150172866e-10,2.8342785085021068e-06,5.1235526526398846e-08,0.13221547701225128
v3.1,c530bf2cab2728a7,2018,b85b2e323616,4,fermi,common,2,0.1,0.1229835996316061,0.00036910715983993304,0.00012466544144802927,1.9765693428639997e-06,1.3802097285899588e-08,0.0030012713967194253,0.0010136753341214689,1.6071812410636518e-05,1.1222713701049067e-07,0.00012576965914791268,1.9902525946909108e-06,0.14412666932767612
v3.1,c530bf2cab2728a7,2019,3459070b41ac,2,arctan,common,10,0.5,0.053336447693541261,0.0024856623725735627,0.00022291271255437322,0.00022980505077415468,2.7820942095957376e-05,0.046603448112172687,0.0041793693092419181,0.0043085931049356846,0.00052161220514365702,6.8923382197814733e-06,0.00025762599287011207,0.056178567098767132
v3.1,c530bf2cab2728a7,2020,ecd080543068,3,fermi,common,1,0.2,0.18670628237608014,0.0041333758903222464,0.0012922528975266748,0.00017565551316299814,7.8541680567147758e-06,0.022138386762993002,0.0069213144896951339,0.00094081201193421768,4.2066972555825533e-05,0.0013712486151202447,0.00018350968115943972,0.15139452422953212
v3.1,c530bf2cab2728a7,2021,1c93c65c8778,4,fermi,independent,5,0.5,0.24738032558124015,0.01008904386277739,0.0007147192099170455,0.00082091447086182247,9.6027581523140765e-05,0.040783533771622145,0.0028891513835538648,0.0033184307156723853,0.00038817792521501525,0.00014183461154521732,0.00091547283806635315,0.082231662110198764
v3.1,c530bf2cab2728a7,2022,cda0b9403ea0,2,fermi,independent,3,0.5,0.45067634142838492,0.026380358258516642,0.0025091006657020232,0.0025584995906001674,0.00030664937597098713,0.058535041300162488,0.0055674115436137976,0.0056770221895633454,0.00068042039881455706,4.9398924898144146e-05,0.0028651489665711544,0.41438891025608432
v3.1,c530bf2cab2728a7,2023,fa56d9d25f8e,3,arctan,independent,10,0.7,0.16096626788131568,0.024620573340423325,0.01160698787778881,0.011164786067384701,0.0082033152566530366,0.15295486231051009,0.072108200249426935,0.069361029576810271,0.050962946241019512,0.0004537529961775476,0.019359861022085062,0.21641145727764707
v3.1,c530bf2cab2728a7,2024,8451bce28987,4,fermi,independent,5,0.3,0.2816501219947119,0.0055070296139686052,0.0001710073668112251,0.00017044739184145252,6.3807257522267609e-06,0.019552732926108946,0.00060716240987261432,0.00060517421627338309,2.2654794917314333e-05,3.1027843333454055e-05,0.00017681142377516337,0.060143363637723796
v3.1,c530bf2cab2728a7,2025,7d914b772dcb,2,fermi,common,3,0.05,0.4448969614553977,0.00040306245527424114,1.2943838942321976e-05,5.2066328623220653e-07,7.3057830886693461e-10,0.00090596810091868741,2.9094015162474056e-05,1.1703008366902606e-06,1.6421292392669607e-09,1.2423175656089767e-05,5.213938645410735e-07,0.23510021959838237
v3.1,c530bf2cab2728a7,2026,7f682846b43e,3,arctan,independent,2,1,0.11718082783192343,0.033926341036433764,0.081486575157947841,0.080860275366574086,0.32629295156704663,0.28952126097876268,0.69539170072110168,0.6900469715280968,2.7845250592960484,0.00090816003658895797,0.40711677055873369,0.022414223266842882
v3.1,c530bf2cab2728a7,2027,de8c0c075398,4,arctan,common,3,0.2,0.1774525918414758,0.0089532012933404761,0.0012301407415599944,0.00088610831830741551,0.00010988834278623561,0.050454046347988335,0.006932221889770533,0.004993493242967142,0.00061925465075428408,0.00034500542154465016,0.00099585768249415099,0.024193343989545993
v3.1,c530bf2cab2728a7,2028,aa739100fb97,2,arctan,independent,5,0.2,0.44560883654021211,0.01964432197997746,0.0019908449532654018,0.0018398610001782148,0.00022685670032922053,0.044084228967494317,0.0044676963067489493,0.0041288700970636702,0.00050909380992212162,0.00015098395308718682,0.0020667177005074355,0.26153170411644455
v3.1,c530bf2cab2728a7,2029,108219cbb2f6,3,arctan,common,5,0.3,0.22332986249493891,0.014073674245982333,0.0032136616491610175,0.0030978209925767355,0.0012112455098749308,0.063017431205830213,0.014389753404490837,0.013871055836283149,0.0054235716457416436,0.00012657763019162908,0.0043078680765523897,0.24948034905841682
v3.1,c530bf2cab2728a7,2030,c5a8d28f751b,4,fermi,independent,3,0.2,0.063659409596519903,0.00025675246611452709,1.5083188118660114e-05,3.0649090813108775e-06,4.1090912546990053e-08,0.0040332209761581436,0.00023693572111741157,4.8145421089146076e-05,6.4548057871457845e-07,1.2535564563443654e-05,3.1058970074396974e-06,0.018740967422382973
v3.1,c530bf2cab2728a7,2031,89a750941a46,2,arctan,common,10,0.3,0.41518807647947187,0.024881462491322601,0.0027610350532181745,0.0027609927176162098,0.00036849281951645258,0.059928172076379016,0.0066500827206551249,0.0066499807533676163,0.00088753227848216388,4.2335601964596698e-08,0.0031294855371326626,0.31333591074399564
v3.1,c530bf2cab2728a7,2032,f5b21992849f,3,fermi,common,3,0.1,0.31620040116487891,0.00053011972396365379,3.0155072744488993e-05,1.4962605594705488e-06,5.3802620906693275e-09,0.0016765308393370103,9.5366965485805922e-05,4.7320008259266613e-06,1.7015355043347508e-08,3.0678683189715439e-05,1.5015642558722353e-06,0.23748646883875851
v3.1,c530bf2cab2728a7,2033,9d1dd8dde4e6,4,arctan,independent,2,1,0.069912859613756026,0.037586430790299961,0.048649889049708885,0.090168663556453421,0.46353650976196198,0.53761827220273606,0.69586467094154669,1.2897293009412516,6.6302038326402073,0.07360768994278738,0.55259747194619868,0.16311993087537255
v3.1,c530bf2cab2728a7,2034,f9af6aa4d1d4,2,fermi,common,1,0.3,0.028221231676595283,8.9553464716655702e-05,0.00037493505902163308,1.0251329362426491e-05,5.7997080165745079e-07,0.00317326563712402,0.013285566814313707,0.00036324882910508216,2.0550867811288265e-05,0.00038518638838405954,1.0831300164083942e-05,0.037488890293753491
v3.1,c530bf2cab2728a7,2035,a9abf5d1ae8e,3,arctan,common,10,0.05,0.478100309293221,0.00088522995060982379,3.1891728427670238e-06,3.1486175714585774e-06,1.3702453943601843e-08,0.0018515569502945215,6.6705098925403331e-06,6.5856840295987268e-06,2.866020723529394e-08,1.6712556684943561e-07,3.1623191252119836e-06,0.10062800510067953
v3.1,c530bf2cab2728a7,2036,680dca65e1be,4,fermi,independent,5,0.7,0.15747395700611092,0.019231595743892882,0.0052399301245395699,0.005066010094505329,0.0017256523777409668,0.12212556355046431,0.033274899698724339,0.03217046291856842,0.010958335019637572,0.00020080519370583972,0.0067876282028185835,0.084197790717164017
v3.1,c530bf2cab2728a7,2037,e8300ce71933,2,arctan,common,2,0.5,0.27593442846995819,0.086615143993150526,0.094646174343783626,0.065574041310884734,0.061461818945407289,0.31389756063941321,0.34300241136487264,0.23764356508352119,0.22274066808629073,0.029072133032898899,0.12703586025629202,0.27986926226528142
v3.1,c530bf2cab2728a7,2038,a35b465f06d8,3,fermi,common,5,0.1,0.24849672586528801,0.00078705616420491947,1.7564617360030404e-06,5.1969307855711699e-06,4.6233530777908711e-08,0.0031672697556248235,7.0683496126030719e-06,2.0913477903883796e-05,1.8605287702250155e-07,3.4567432756633016e-06,5.2430396036464964e-06,0.14190337475778955
v3.1,c530bf2cab2728a7,2039,28130d3e385d,4,fermi,common,5,0.7,0.16224967331040907,0.017756666263642116,0.0081797741518015426,0.0079154965755688887,0.0048190613885742955,0.10944038222912676,0.050414734186566598,0.048785901469430404,0.02970151674422589,0.00035417403780000034,0.012718147579098629,0.031881448572884538
v3.1,c530bf2cab2728a7,2040,976dd90fae43,2,arctan,common,1,0.7,0.25644873886740388,0.18329884732855078,0.30800258384134926,0.26349497949537948,0.48673054398459392,0.71475823253443627,1.2010298245241173,1.0274762147753,1.8979642720577254,0.04450760434596978,0.7502255234799734,0.41424587147115166
v3.1,c530bf2cab2728a7,2041,9981991d074e,3,fermi,common,1,1,0.33982698506442766,0.069671985770498712,0.022522758719687345,0.020285487835026064,0.0062605156979682833,0.20502193419774956,0.066277134275894142,0.059693575632847835,0.018422656154811704,0.0022455522553155695,0.026544507035156564,0.047054041554003591
v3.1,c530bf2cab2728a7,2042,15e670f0e6e9,4,fermi,independent,2,0.3,0.39697275892509298,0.011898329294519214,0.0010610236483350585,0.00064838193024267376,4.438645737924209e-05,0.029972659400451143,0.0026727870476756545,0.0016333159282726011,0.00011181235080066947,0.00042483246395242578,0.00069276614297035597,0.03314074926816838
v3.1,c530bf2cab2728a7,2043,2af27eb0e360,2,fermi,independent,3,0.3,0.047267308258445322,0.00027892775450799443,1.3469305946028241e-05,3.5475622840118463e-06,7.0835717683632025e-08,0.0059010712643692374,0.00028496029163288902,7.5053190349124607e-05,1.4986196653365743e-06,1.7016868230040086e-05,3.6183980016954782e-06,0.047982764177853951
v3.1,c530bf2cab2728a7,2044,a9bae64652a7,3,arctan,independent,3,0.5,0.40665428896620714,0.093437555396334082,0.056918185888685552,0.057161953410934711,0.052775999567358185,0.22977147402986992,0.13996701235681652,0.14056645893555264,0.12978099825659004,0.00024645678944674624,0.10993728094773696,0.082698011956934658
v3.1,c530bf2cab2728a7,2045,c8ab928655a0,4,fermi,common,1,0.5,0.19966260077414905,0.021438342485714183,0.00041551971802992961,0.0035462380059478227,0.000626425838809686,0.1073728500109264,0.0020811094136750736,0.017761153026145324,0.0031374220128399296,0.0032279645213425506,0.0041719228551576415,0.13609356492368194
v3.1,c530bf2cab2728a7,2046,6ebb971ab7ef,2,arctan,independent,2,0.2,0.40259666760322921,0.020294285418622496,0.0036459176729883936,0.0023436712683754094,0.00035499126482740136,0.050408478389650034,0.0090560055916348321,0.0058213876491525407,0.00088175410626412738,0.0013022464046129841,0.0026986625332028106,0.29019535992143575
v3.1,c530bf2cab2728a7,2047,cb3810cff82d,3,arctan,independent,3,0.7,0.12035187308335027,0.049531900971719993,0.047134762977076146,0.047260526894080744,0.063740682388292821,0.4115590368702981,0.39164129123634611,0.39268625974229948,0.52961936324953496,0.0017453608004156386,0.11100091758221256,0.086043466931701715
v3.1,c530bf2cab2728a7,2048,915a97999ef9,4,fermi,common,3,0.05,0.0876706612834489,3.0208054046823748e-05,5.7750692880132802e-06,2.0325729539226461e-08,1.8173290243698262e-11,0.00034456286293036825,6.5872313536473106e-05,2.3184186410447093e-07,2.0729044332107881e-10,5.7603139190140369e-06,2.034381659843969e-08,0.093570177696838147
v3.1,c530bf2cab2728a7,2049,d1c73efc87e9,2,arctan,independent,10,1,0.17285433891970092,0.035779294949084217,0.020992357805730884,0.021985198088407407,0.022160799429880723,0.20699101435750134,0.12144536224504515,0.12718915953056045,0.12820505153865688,0.00099284028267652372,0.044145997518288134,0.35330431586361644
v3.1,c530bf2cab2728a7,2050,7211ad198fab,3,fermi,independent,5,0.5,0.21305201403638527,0.0047637951356993705,0.00016321034562458728,0.00019602254320329231,1.2023349553872074e-05,0.022359775180936819,0.00076605868460231518,0.00092006895165898481,5.6433869486062278e-05,0.00014453281627390354,0.00020785382272292725,0.13650968307212949
v3.1,c530bf2cab2728a7,2051,cc4088ef27bd,4,arctan,independent,5,0.05,0.34533282694646522,0.00094364737278939087,7.1448073241000571e-06,6.8608869199382799e-06,7.3929292346869323e-08,0.0027325736192918568,2.0689626837032992e-05,1.9867462298919762e-05,2.1408127631703579e-07,9.4016051659178183e-07,6.9348056323341809e-06,0.17388519573416933
v3.1,c530bf2cab2728a7,2052,3e704f07c0e4,2,arctan,independent,2,0.3,0.33782572260168447,0.035346405093070084,0.011532237556159744,0.0086324261968638884,0.0027948798443502452,0.10462911119040359,0.03413664734392325,0.025552897897718713,0.0082731410232061153,0.0028998113592958552,0.011427306041214134,0.23604231608996432
v3.1,c530bf2cab2728a7,2053,fe982068edb7,3,arctan,independent,3,1,0.029141518120359759,0.02581924921608417,0.060377460659003256,0.058927785508844241,0.18340616349021222,0.88599533865895341,2.0718708067861593,2.0221247659597483,6.2936379200531514,0.0016067793930123588,0.24233377687711657,0.020871811336047413
v3.1,c530bf2cab2728a7,2054,140ce828d649,4,arctan,independent,2,0.5,0.18525420528207548,0.032203539488007957,0.016641123050547098,0.018318459053890027,0.018275126655668057,0.17383432370117352,0.089828584593848529,0.098882824419546142,0.098648916648567397,0.0019884529481125337,0.036554146952433149,0.16589869168920038
v3.1,c530bf2cab2728a7,2055,1b8624ee4952,2,fermi,common,2,0.2,0.23853066420150765,0.003415183125118005,0.00010185767048416498,6.1834668938291049e-05,1.1535182478879898e-06,0.014317585273786442,0.00042702128393067707,0.00025923152960348071,4.8359327374090248e-06,4.0023001545873943e-05,6.2988187186179033e-05,0.095118806282603538
v3.1,c530bf2cab2728a7,2056,1d56ca2ba16c,3,arctan,independent,10,0.3,0.19046123873565687,0.0059101541138888766,0.00049556560019206413,0.00052701479400114133,7.4638563364247558e-05,0.03103074490706028,0.002601923643266149,0.0027670448722251074,0.0003918832191774159,3.5962687692047519e-05,0.0006014922350084525,0.05355205862779764
v3.1,c530bf2cab2728a7,2057,4dba42af4ee1,4,fermi,independent,10,0.7,0.29559244030504361,0.021428366262114844,0.0027018050009333457,0.0025878908267722126,0.00038967217122402349,0.072492944136194198,0.0091403047998966213,0.0087549289964979401,0.0013182751589380704,0.00011758938363311092,0.0029771877875818344,0.11039750681726489
v3.1,c530bf2cab2728a7,2058,9acb63619cfb,2,arctan,independent,5,1,0.2810824870344511,0.14450733255978448,0.22177208109414118,0.21769929802487401,0.50891486731710966,0.51411005390055775,0.78899288046700511,0.77450324394700376,1.8105534524274154,0.0040727830692671848,0.72661416534198364,0.3660210866277433
v3.1,c530bf2cab2728a7,2059,034c427307e8,3,arctan,independent,5,1,0.16532701300023939,0.076484691724757456,0.12014093589010455,0.12083769595006794,0.32136965391335975,0.46262670773980963,0.72668666607997445,0.73090110174489731,1.9438423768830471,0.001183938828231764,0.4421811899863779,0.1358324247125155
v3.1,c530bf2cab2728a7,2060,2c2add96a441,4,arctan,common,5,0.2,0.19667341209393269,0.0047016887154049079,0.00052676865499815526,0.00028414747176976957,2.4952968336621036e-05,0.023906071824082383,0.0026783928208179283,0.0014447680992795235,0.00012687514835357263,0.00027586620158838546,0.00030901477567021939,0.17709274762027283
v3.1,c530bf2cab2728a7,2061,2b050081da60,2,fermi,common,2,0.1,0.34995902473347834,0.0010468633200216662,1.3906482935767325e-05,5.1044113065905488e-06,2.8215195996162303e-08,0.0029913882655803374,3.9737460539439493e-05,1.458573988905691e-05,8.0624284564887046e-08,1.9010894242357873e-05,5.1326265025867113e-06,0.47064820312423866
v3.1,c530bf2cab2728a7,2062,ae54341997d3,3,fermi,independent,5,0.2,0.17101985276619969,0.0013604953204324414,4.0009841075800717e-05,3.4228563827583924e-05,1.0214622793195829e-06,0.0079551894030242629,0.00023394851783960986,0.00020014380362248123,5.9727701947914692e-06,5.7876574954479806e-06,3.5247991855804313e-05,0.031595472399305789
v3.1,c530bf2cab2728a7,2063,d01ee251c4e9,4,fermi,common,10,0.1,0.23119806876821022,0.00038938031206790428,4.2783152169660126e-06,1.9968335573174194e-06,1.5156411683145521e-08,0.0016841849680772254,1.8504978176332767e-05,8.6368954894660624e-06,6.5555961448539268e-08,2.4452501403400135e-06,2.0119895400738411e-06,0.0047282560721425438
v3.1,c530bf2cab2728a7,2064,4219c2e65805,2,arctan,independent,5,0.1,0.48498224313358612,0.0042100789746101711,8.5421161235177357e-05,8.2673306431141894e-05,2.2731651910524539e-06,0.0086808930310682004,0.00017613255422147176,0.00017046666677313774,4.6871101431775945e-06,2.7478548040354559e-06,8.4946471622194351e-05,0.40736231454622651
v3.1,c530bf2cab2728a7,2065,1ecee7c5eae1,3,arctan,independent,1,0.7,0.11338054157371087,0.050918754424953576,0.073209667352466826,0.06202874103898029,0.11931477908382604,0.44909605932557939,0.64569869164782401,0.54708453653534728,1.0523391176982269,0.035466819913416762,0.18030111158123147,0.15383273227870176
v3.1,c530bf2cab2728a7,2066,a7fdac86f87d,4,fermi,independent,5,0.05,0.18053564001592187,7.2443492398391535e-05,3.2010919674358911e-06,6.0813510567442579e-08,7.3150311394239029e-11,0.00040126975699647212,1.7731080506616751e-05,3.3685044438914824e-07,4.0518487866322533e-10,3.2154872365901882e-06,6.0886448346620431e-08,0.17093721300817674
v3.1,c530bf2cab2728a7,2067,9d9836418641,2,arctan,common,1,0.5,0.18398496552822766,0.037124262461464677,0.14575257328326185,0.012966750046232775,0.0038048247930913908,0.20177878314610947,0.79219828024969763,0.070477226272292165,0.020680085365494934,0.13278582323702906,0.016771574839324167,0.26566352407167126
v3.1,c530bf2cab2728a7,2068,0143ef210143,3,fermi,independent,2,1,0.25132154600408851,0.046659543959816766,0.015958298726824527,0.016515192129152111,0.0079101365014601892,0.18565676004180598,0.063497535251374415,0.06571339541609951,0.031474167763282448,0.0043988731456836858,0.02436454101564749,0.17312768746566803
v3.1,c530bf2cab2728a7,2069,9ed7f6559655,4,arctan,independent,2,1,0.14971536635444102,0.067323515446901572,0.10858433735508873,0.10591116515708024,0.28934226691095738,0.44967672381415874,0.72527182746240382,0.70741679852916839,1.9326156957460139,0.0026915965320115525,0.39509581788844605,0.0030981587395670584
v3.1,c530bf2cab2728a7,2070,391a9533b74d,2,arctan,common,1,0.05,0.47752770396602218,0.0022270564635386231,0.00030617528739355806,1.8310567410226659e-05,1.7933853566099767e-07,0.0046637220103508091,0.00064116759059353664,3.8344513330119843e-05,3.7555629583693903e-07,0.0002878647199833314,1.8489905945887656e-05,0.33040138686297971
v3.1,c530bf2cab2728a7,2071,ddbfac5c4fdf,3,arctan,common,10,0.3,0.086732496676296872,0.002205753617444307,8.0369420422696591e-05,0.0002072618895453965,3.416010437291111e-05,0.025431685953612327,0.0009266356152832938,0.0023896682038214529,0.00039385588657044534,0.00021387678870213344,0.00024118798009558495,0.11316089456546456
v3.1,c530bf2cab2728a7,2072,3c6e9fec66b1,4,fermi,independent,2,0.3,0.21813337009899503,0.005699500052845482,0.00021908809879803476,0.00030588368363385386,2.2756978494114368e-05,0.026128510508313742,0.0010043768117579004,0.0014022782644170183,0.00010432598407014303,0.0003600326760670128,0.00032861332706946467,0.17614106922127856
v3.1,c530bf2cab2728a7,2073,dfb350d0d216,2,fermi,independent,5,1,0.21428270644962488,0.024999467550012869,0.0056148718147854357,0.0055171498956412034,0.001601270419269625,0.11666581948781725,0.02620310293731249,0.025747060913374337,0.0074727001809922686,9.7721919144232142e-05,0.0071184203149108286,0.48944760947923199
v3.1,c530bf2cab2728a7,2074,463fd6c748d9,3,fermi,common,1,0.7,0.14430733983448302,0.040513327542726969,0.039616532939186669,0.020138264662595547,0.0092343899261900508,0.28074336058855193,0.27452888387122831,0.13955121538304041,0.063991131267346971,0.059251503697975091,0.029334750403278629,0.26385144076545936
v3.1,c530bf2cab2728a7,2075,fceec9db2d5f,4,fermi,common,5,1,0.14982940049999188,0.025749907281882187,0.0094416653875147201,0.0084181365780880736,0.0036004788240032626,0.17186151179910503,0.063016106024633201,0.056184811191903085,0.024030522794512933,0.0013977597397276033,0.012002913420623278,0.092017937707553982
v3.1,c530bf2cab2728a7,2076,3909a570fc49,2,fermi,common,5,0.2,0.19381692653325339,0.0012736589063438862,4.4194099243840133e-05,1.5526979147671505e-05,2.47112959773782e-07,0.006571453428374137,0.00022801981248143311,8.011157449144425e-05,1.2749813145519286e-06,5.9721078391511645e-05,1.5774092107445289e-05,0.42442888527802608
v3.1,c530bf2cab2728a7,2077,a70d9d2c509e,3,fermi,independent,3,0.5,0.25666112140020036,0.012849615787809509,0.0015898144989495912,0.0011691406512890545,0.00013706055182576143,0.050064519774982476,0.0061942162890758342,0.0045551918612015459,0.00053401368730112016,0.00042754526355698785,0.0013061888094139749,0.19140724451296084
v3.1,c530bf2cab2728a7,2078,44d9b37df8e2,4,arctan,common,1,1,0.15257344755074309,0.1203876595289185,0.63165876123014963,0.50666473981439852,3.5422962345198741,0.7890472520710381,4.1400307286107019,3.3207923655647309,23.216990186590444,0.13841559405086964,4.0487982396109974,0.10750130516163624
v3.1,c530bf2cab2728a7,2079,d0dbe879bc21,2,fermi,common,10,0.3,0.49038357029277518,0.0076488387055678843,0.00014957191659605666,0.00014907084378010406,3.0446174959057896e-06,0.015597665111417323,0.00030501004857637722,0.0003039882508524987,6.2086449880204028e-06,5.0107281595258344e-07,0.00015211546127600985,0.44908330636493027
v3.1,c530bf2cab2728a7,2080,231a78a0ca40,3,arctan,common,10,0.3,0.27060878440413566,0.0058827801379481744,0.00026090618920946975,0.00028016797635171373,1.8742066241252898e-05,0.021739058290002316,0.00096414530586643571,0.0010353247658557235,6.9258898163715582e-05,1.9271752850218343e-05,0.00029891002837147861,0.0077404457300956761
v3.1,c530bf2cab2728a7,2081,22db7b2de6b7,4,arctan,common,5,0.3,0.10828992152023517,0.0037704487942074598,0.00083324436545370052,0.00052263392130592803,0.00015712248841475262,0.034818095177055877,0.007694569852449284,0.0048262471148644067,0.0014509428597692033,0.00035467581453806643,0.00067767461499639199,0.048072735856867194
v3.1,c530bf2cab2728a7,2082,260abc4b92cb,2,fermi,common,2,0.5,0.47476652036847172,0.020662556605118117,0.0011872521657883286,0.0011851805530034274,7.3662931178095501e-05,0.043521511561265255,0.0025007074316590154,0.0024963439967999328,0.00015515611994064969,2.0716127849010804e-06,0.0012588434841815229,0.49129196129499214
v3.1,c530bf2cab2728a7,2083,1e9ec0d2fc34,3,arctan,common,5,1,0.29715513310129027,0.15018202132487038,0.19524520171350151,0.19517511946395227,0.37084361220771034,0.5053993843467558,0.65704805323672111,0.65681220925577477,1.2479798290453967,7.8415144019211569e-05,0.56560861951927,0.21015221284339591
v3.1,c530bf2cab2728a7,2084,4f5182f9f121,4,arctan,independent,3,0.5,0.19258165222756576,0.026714003600233963,0.011552617317402735,0.011034558425908643,0.0073987358137701459,0.13871520620597402,0.059988151434859881,0.057298077455839681,0.038418695281663522,0.0011760904487371153,0.01843160357238775,0.11487948472197163
v3.1,c530bf2cab2728a7,2085,48efebedfca7,2,arctan,independent,2,0.3,0.26485257143137736,0.024305522961896898,0.0054208253471661628,0.0049555014563159496,0.0013866571038554818,0.091770009369889771,0.020467331383152855,0.018710414739544667,0.0052355810493414871,0.00046532389085021311,0.0063421585601714315,0.14720458503369879
v3.1,c530bf2cab2728a7,2086,bb57c9cc831c,3,arctan,common,2,1,0.20107589433146295,0.089024938676822624,0.1082756803898353,0.13631534519203051,0.42907537183408839,0.44274297012485114,0.53848165514732749,0.6779298216986761,2.1338976174179307,0.047530815789769136,0.56086401840621236,0.24988176605868564
v3.1,c530bf2cab2728a7,2087,c85b39b015df,4,arctan,common,1,0.5,0.1379672823713313,0.073917087460348266,0.07500254852190559,0.11587683158404262,0.26951590639183326,0.53575808836622962,0.54362561349900618,0.83988630922051899,1.9534769530825875,0.048246850802126838,0.3847740732427537,0.12010349493914377
v3.1,c530bf2cab2728a7,2088,75011f4535e5,2,arctan,independent,2,0.05,0.24608931741711401,0.00098570706533366898,2.7450512971410114e-05,7.5158005905323101e-06,6.9290292329342723e-08,0.0040054849827671516,0.00011154695075561658,3.0540946146773425e-05,2.815656244512953e-07,1.9934712380877804e-05,7.5850908828616529e-06,0.0932704156134158
v3.1,c530bf2cab2728a7,2089,6c528b73b8cc,3,fermi,common,10,1,0.21643738673536717,0.03672777798986035,0.01389738382518463,0.013528914474625276,0.0070590568238353092,0.16969239253829344,0.064209719193184633,0.06250728988502692,0.032614775710936898,0.00048331154271146707,0.020587243641442935,0.2004403200114882
v3.1,c530bf2cab2728a7,2090,834fdf957696,4,arctan,common,3,0.05,0.20226444769313712,0.00040862692278565696,2.9949795263537394e-05,2.5971387727664413e-06,3.2059614647230958e-08,0.0020202607400663908,0.00014807246456369504,1.2840312780556752e-05,1.5850345927263394e-07,2.8757495694148206e-05,2.6285370488478377e-06,0.055352950265310744
v3.1,c530bf2cab2728a7,2091,d42b39ee0c73,2,fermi,common,10,0.5,0.049816883375139343,0.00080044770365292285,1.5379596355771853e-05,1.5942212313471245e-05,3.3258288946099432e-07,0.016067799698051343,0.00030872257182284709,0.00032001625218945471,6.6761079161962743e-06,5.6261595769939171e-07,1.627479520293224e-05,0.042912893790419217
v3.1,c530bf2cab2728a7,2092,bbde19048436,3,arctan,independent,2,0.05,0.21143105471601659,0.00047080162839498857,0.00011555649509917421,3.7749858274043454e-06,5.3340981501873968e-08,0.0022267383049635035,0.00054654457101575642,1.7854452991660633e-05,2.52285462859365e-07,0.00011808577217041021,3.8281027141430335e-06,0.19429758607287964
v3.1,c530bf2cab2728a7,2093,2ce453591e7b,4,fermi,independent,3,0.5,0.26945584164215242,0.01649759188817719,0.0018121121603804774,0.0018374534966719134,0.00026927959025422991,0.06122558630622163,0.0067250802555879679,0.0068191265977900805,0.00099934589880535394,0.00030831456997879367,0.002106634579534365,0.17697805988393411
v3.1,c530bf2cab2728a7,2094,d5f783109701,2,arctan,independent,10,0.2,0.28995204584991197,0.0089663202411034912,0.00055413713824088446,0.00055060970515596159,4.3557471708615253e-05,0.030923459135531441,0.001911133741500561,0.0018989681674499168,0.0001502230190545437,3.5274330849227522e-06,0.00059416717686457685,0.17126013633247394
v3.1,c530bf2cab2728a7,2095,f5c7d3d71f8a,3,fermi,common,2,0.3,0.23632185404332823,0.0038030014481741981,0.00059300426925301848,0.00010329910231328844,3.36313674099092e-06,0.016092466198563846,0.0025093077898089553,0.00043711193250180392,1.4231171106055678e-05,0.00049163929900663021,0.00010664857005606328,0.2541483004551735
v3.1,c530bf2cab2728a7,2096,986df4700134,4,arctan,independent,5,0.5,0.12516235586756141,0.011985075626517227,0.00357848040940487,0.0040940964362298762,0.0025742898769603663,0.095756232322752433,0.028590708321209479,0.032710285835159419,0.020567604845056695,0.00063384538689088507,0.0066544004394298662,0.065458640851227518
v3.1,c530bf2cab2728a7,2097,f668a68bb1c0,2,arctan,common,5,0.1,0.31287917898727413,0.0015767442654532589,2.1502823545658054e-06,2.0868752730230286e-05,4.1587667547523445e-07,0.0050394668975956066,6.8725645519968103e-06,6.6699077892553186e-05,1.3291925554820942e-06,2.3019035084796092e-05,2.1284629405705521e-05,0.37375951315078337
v3.1,c530bf2cab2728a7,2098,d80f17953516,3,fermi,independent,1,0.7,0.14486761389777622,0.04932914530716502,0.0089159770943876403,0.023628635392450636,0.012577817394151612,0.34051189206425003,0.061545688884467119,0.16310502228002352,0.086822838146743908,0.029017906552256389,0.036171792252914253,0.15149483029447439
v3.1,c530bf2cab2728a7,2099,99f3b92b9f20,4,fermi,independent,5,0.05,0.073815090488893328,6.4201758107518392e-06,9.6354527168240372e-06,1.4377517658740166e-09,2.9831024651257971e-12,8.6976467389386433e-05,0.00013053499837237004,1.9477748470556296e-08,4.041317900402294e-11,9.6367027247754109e-06,1.4405095923657902e-09,0.0632662556180527
v3.1,c530bf2cab2728a7,2100,2ef866c2564c,2,fermi,common,3,0.7,0.13208685218278016,0.018028560363473264,0.0019801512082014304,0.0041930213643676965,0.0011360795573729654,0.13649019615158642,0.014991281686850419,0.031744426451812517,0.008601004101459489,0.0022128701561662661,0.0053291009217406619,0.43559189356769629
v3.1,c530bf2cab2728a7,2101,f491ef7f97ce,3,arctan,common,2,0.2,0.24354928791221286,0.0092031833548992074,0.0034771653862189517,0.00073897100467294773,7.7275819433094439e-05,0.037787765399734968,0.014277050103600766,0.0030341743595625262,0.0003172902704644673,0.002746419877971851,0.00081579829788958275,0.086218291014144507
v3.1,c530bf2cab2728a7,2102,35bc96f39364,4,arctan,common,2,0.2,0.090523355825840243,0.0037160881334766809,0.0012640704660727121,0.00042964041654853564,9.2550701522153681e-05,0.041051153037522603,0.013964025687521831,0.0047461830444634609,0.0010223958300906773,0.0016595613395931422,0.00052070830504956692,0.077655214985410406
v3.1,c530bf2cab2728a7,2103,99d46cf3bd50,2,fermi,common,2,0.7,0.035876180463367546,0.0065192887393688602,0.0038674397473211965,0.0016957729696012852,0.00042032669762179746,0.18171635483954532,0.10779965139461159,0.047267377622119092,0.011716038111999817,0.0021716667777199115,0.002116099667223083,0.48111482368229863
v3.1,c530bf2cab2728a7,2104,4e7871ba49e3,3,arctan,common,2,0.2,0.072183822978021409,0.0050808718140508162,0.0022383417802067148,0.00083246780479527159,0.00025981932227559862,0.070387956808519891,0.031008911524237875,0.011532608975957703,0.0035994120504632822,0.0030590638150775735,0.0010914954131658456,0.10758300753684642
v3.1,c530bf2cab2728a7,2105,deca8c330ae0,4,arctan,common,5,0.05,0.25972892046794521,0.00049616182053695789,1.4604224802277872e-05,2.5571331939269883e-06,1.9183905618220107e-08,0.0019103064057827644,5.6228720220936165e-05,9.8453926090320784e-06,7.3861261132018273e-08,1.2480171876235477e-05,2.5763152443957605e-06,0.15186353983979625
v3.1,c530bf2cab2728a7,2106,a40ad5d4d650,2,arctan,common,2,1,0.1070327335570822,0.039840242859701405,0.032098875162758438,0.03219151232987847,0.033980951199543669,0.3722248468825099,0.29989774245688694,0.30076324559822853,0.3174818587756717,9.2637167120029757e-05,0.066172463529422146,0.095848843424584051
v3.1,c530bf2cab2728a7,2107,2785f9a9bb6a,3,arctan,independent,5,0.5,0.15247830877542834,0.013857998979077399,0.003216718077282881,0.0036775602357905076,0.0015913388329493934,0.090885051718979953,0.021096233970042896,0.024118579654545207,0.010436493201751955,0.0013226597888003034,0.0052665092361617585,0.18333723381079897
v3.1,c530bf2cab2728a7,2108,89d97d7bcc91,4,fermi,common,1,0.2,0.19940584862068075,0.0071737006147405925,0.0017073448105562128,0.00028664535415298453,1.261647213862158e-05,0.035975377173548935,0.0085621601490937452,0.0014374972255615976,6.3270321436866337e-05,0.0014290457027166235,0.00029913422913527743,0.087817088286096648
v3.1,c530bf2cab2728a7,2109,3bca40b221ca,2,arctan,common,5,0.2,0.016025729660928922,8.499020567247127e-06,9.9670488281910008e-05,1.5348552235433591e-06,8.2790417701072792e-08,0.00053033595019189202,0.0062194040702501577,9.5774436235834533e-05,5.1660934917002648e-06,0.00010120534350545337,1.617645641244432e-06,0.095527004434086835
v3.1,c530bf2cab2728a7,2110,39a4bcfeeacf,3,fermi,independent,2,0.5,0.10986599961991173,0.004793225774084889,0.00034715194978595163,0.00031971970332388659,2.720969257766271e-05,0.043627926662182591,0.0031597760088375422,0.0029100877835725051,0.00024766254047472682,3.0590429317703394e-05,0.00034686692542005074,0.021170060228090086
v3.1,c530bf2cab2728a7,2111,f8e7ecb2da76,4,fermi,common,2,0.2,0.1076415173280329,0.00063014632894647915,0.00031580514048304165,1.4660808612090809e-05,5.6235538491610462e-07,0.0058541197168945069,0.002933859985646979,0.00013620031541744832,5.224335357540072e-06,0.00031101936555464162,1.5210285080834829e-05,0.035834960889176114
v3.1,c530bf2cab2728a7,2112,ab0393ecdc99,2,fermi,common,2,0.5,0.13150741370165617,0.0045657563737843626,0.0054782037183439981,2.5922938665651388e-05,2.501269546015453e-05,0.034718623424094174,0.041656995329343985,0.00019712150011908357,0.00019019988878269246,0.0054522807796783474,9.1024320549686054e-07,0.18728237832685235
v3.1,c530bf2cab2728a7,2113,e25d89444367,3,arctan,common,3,0.3,0.22575064298512987,0.019051965210203518,0.0039795344701592343,0.0047522003667283428,0.0019016505842717254,0.084393846937828948,0.017628009460072126,0.021050661490436461,0.0084236773775080084,0.00077319208642669438,0.0066500276723687303,0.2097102902946506
v3.1,c530bf2cab2728a7,2114,8f247d21dc01,4,arctan,common,3,0.3,0.04680234251346127,0.0019454555872741963,0.0020671698436307848,0.00031460637653712845,0.00016271102726226149,0.041567483224042585,0.044168085027714722,0.0067220220108991664,0.0034765573371773563,0.0022241999651408475,0.00044406726574904796,0.11676595707424782
v3.1,c530bf2cab2728a7,2115,a4f68d4aa098,2,arctan,independent,3,0.2,0.057311568561827508,0.00060060157296376864,0.00010083716747595616,2.4939542278681323e-05,1.8384512407883308e-06,0.010479587071776649,0.0017594557260664292,0.00043515721004523959,3.2078187474576208e-05,0.00012577670975463746,2.6777993519469654e-05,0.092711361568024842
v3.1,c530bf2cab2728a7,2116,a168d7e0d246,3,fermi,common,3,0.7,0.3211155601968812,0.025637119554903394,0.0036647415943204032,0.00310083789111717,0.00041976306484487261,0.079837674447120713,0.011412531962242784,0.0096564547953266276,0.0013072025055014744,0.00056486699786036315,0.003520579428567378,0.065022078646528161
v3.1,c530bf2cab2728a7,2117,eb8af35a292c,4,arctan,independent,3,1,0.073494406477547597,0.028525984676803749,0.032929634558824347,0.038093716766596147,0.09165402980070296,0.38813817328422651,0.44805633703408826,0.51832130623755301,1.2470885090922272,0.0053200047528587134,0.12957349851520047,0.17919053313620795
v3.1,c530bf2cab2728a7,2118,4a7d537983db,2,fermi,common,5,0.5,0.083003181124760878,0.0094063042571844741,0.0013531642484751623,0.0013330573982798584,0.00019372712739476635,0.11332462358335393,0.016302558891583212,0.016060316968769656,0.0023339723221400144,2.0106850195303828e-05,0.0015267845256746249,0.028813850517861506
v3.1,c530bf2cab2728a7,2119,c8960a8a3fd4,3,fermi,common,1,0.5,0.36500108237198459,0.028002447680192201,0.0046634144562011301,0.0028355640013758964,0.00029268826549723215,0.076718807238094669,0.012776440074905015,0.0077686454597580617,0.00080188328098968191,0.0018280057929968387,0.0031282466353248391,0.041097031773382649
v3.1,c530bf2cab2728a7,2120,90b43ed37205,4,arctan,independent,1,1,0.18510035828088151,0.18695128536263828,0.73613566976047573,1.0728221695842366,10.814184586972415,1.0099995867050029,3.9769543214142398,5.7958946138628047,58.423358481901879,0.34236189216176094,11.885257413714575,0.020443480523761083
v3.1,c530bf2cab2728a7,2121,529cfd1228c6,2,arctan,independent,3,0.3,0.18384982359914628,0.0088649261879275923,0.00089852904226517608,0.0011700795287637609,0.00024760585573210684,0.048218301298216512,0.0048872989088326133,0.0063643222814013852,0.0013467832108012782,0.00027155048649858498,0.0014176853844958678,0.14871507271484002
v3.1,c530bf2cab2728a7,2122,5202bef6dbca,3,fermi,independent,3,0.7,0.2281535136281066,0.03682682863133125,0.010713271520367128,0.010152270829508547,0.0032856887838275616,0.16141249830304824,0.046956416975589117,0.04449754320267401,0.014401219300016041,0.00060108633671886289,0.013432619586266424,0.11525470497634516
v3.1,c530bf2cab2728a7,2123,53609ec0b20e,4,fermi,common,2,0.3,0.18409879184593653,0.003408909297057948,0.00074525686856914154,9.8715865672929234e-05,3.3517466330726997e-06,0.018516739099030597,0.004048135574908125,0.0005362113715311061,1.8206239158145133e-05,0.00065174954715254113,0.00010205050310957269,0.10991587481821338
v3.1,c530bf2cab2728a7,2124,4f183492e549,2,arctan,common,1,0.2,0.47651995199472386,0.018103772156414181,0.0017592402029897585,0.0014576256810150622,0.00014558005934120453,0.03799163514692587,0.0036918500382314258,0.0030588974814452288,0.000305506744747629,0.00030161452197469618,0.0016032057403562667,0.36940399871109464
v3.1,c530bf2cab2728a7,2125,f010b1a00f41,3,fermi,independent,2,0.7,0.26199407461119995,0.03449107529539442,0.0077566568719618393,0.0091608863197587265,0.0033089772918362781,0.13164830291135129,0.029606230154146589,0.034966005751670193,0.012629969959232136,0.0018658439015626809,0.012469507766277905,0.31936547219420441
v3.1,c530bf2cab2728a7,2126,fde156696f7c,4,fermi,independent,10,0.7,0.23808139516641497,0.022365354417279756,0.0034727099180472502,0.0034728684033767119,0.00067086692004000002,0.093939950249563781,0.014586229703584705,0.014586895380671112,0.0028178048921927525,8.780912018497185e-05,0.0041416043243808201,0.18175074208292694
v3.1,c530bf2cab2728a7,2127,772cbef141b5,2,fermi,independent,1,0.1,0.31989362673229621,0.0012948277743315606,0.00026841464660413809,6.5636889372529795e-06,3.3644897390983266e-08,0.0040476823110175324,0.00083907469287833477,2.0518348565743135e-05,1.051752663367035e-07,0.00026185095766688513,6.5973338346439628e-06,0.17939153159175877
v3.1,c530bf2cab2728a7,2128,a5801fef3187,3,fermi,common,10,0.1,0.4622825976693235,0.0010387264484275534,2.9127567510096945e-06,3.0996888746290687e-06,9.6930822266643929e-09,0.0022469512234820645,6.3008141896209247e-06,6.705181830890192e-06,2.0967871764011276e-08,2.7742604098141636e-07,3.1093819395600629e-06,0.21358991210312431
v3.1,c530bf2cab2728a7,2129,34273213c353,4,arctan,independent,10,0.05,0.20275298689177232,0.0002217631585713868,2.6945108947038955e-06,6.3030697051108169e-07,2.6150220075038791e-09,0.0010937602546381322,1.3289623674654917e-05,3.1087432060743634e-06,1.2897575752606564e-08,2.7721027534572617e-06,6.3291716306198853e-07,0.089155691048666511
v3.1,c530bf2cab2728a7,2130,a3f11134f76c,2,fermi,independent,2,0.2,0.0088368104224338887,6.3773608782356124e-05,8.4335032286538607e-05,6.2621674063740657e-07,9.1485984755353252e-09,0.0072168130506064659,0.009543605470186213,7.0864566591542893e-05,1.035282872235202e-06,8.4961249027176012e-05,6.3536533911294193e-07,0.087249727854072617
v3.1,c530bf2cab2728a7,2131,ad838fcdd512,3,arctan,common,3,0.05,0.23722513924529814,0.00016830362311457143,2.534614447571786e-06,3.2996681436480636e-07,1.2568398525212725e-09,0.00070946790736432146,1.068442600828623e-05,1.3909437061120678e-06,5.2980887966585244e-09,2.2708070226474502e-06,3.3118007725257839e-07,0.041681607642750869
v3.1,c530bf2cab2728a7,2132,01eda1846672,4,fermi,independent,2,1,0.12778896824444227,0.032484093564594176,0.013386093653777693,0.017737246734244969,0.013780931013049768,0.25420107862876462,0.10475155905611495,0.13880107945089687,0.10784131996972375,0.0050618268418163486,0.031481725516545038,0.22242677422790821
v3.1,c530bf2cab2728a7,2133,fdacc0904fbd,2,arctan,independent,1,0.5,0.30930176794966047,0.10937691484325912,0.1043806133137707,0.080653956133294041,0.074522657553121041,0.35362524943944212,0.33747176424403391,0.26076138092563583,0.24093834977771536,0.02372665718047666,0.15517661368641508,0.19908057934247533
v3.1,c530bf2cab2728a7,2134,6641c43a24db,3,arctan,common,3,0.1,0.24479361927934465,0.0018829493016565908,0.00010715088043771728,4.225946679498483e-05,1.3232773519688793e-06,0.0076919868548856064,0.00043771925409314999,0.00017263304051549119,5.4056856378222421e-06,6.5598301751940388e-05,4.3582513831743949e-05,0.2018419889595659
v3.1,c530bf2cab2728a7,2135,11ae2e0853e1,4,arctan,independent,3,0.3,0.3469867586549984,0.055086129449650086,0.026750360660336987,0.02550111484799911,0.018040034740112929,0.15875571063050581,0.077093318384907891,0.073493048976414482,0.051990556671500411,0.0012700554040594493,0.043536806557336279,0.030553768793940221
v3.1,c530bf2cab2728a7,2136,90d0d296d38b,2,arctan,common,3,0.05,0.48118336958064806,0.0014317325592317766,3.5810884449780237e-05,9.3813172020168151e-06,8.0647088987473044e-08,0.0029754406526550023,7.4422531437421603e-05,1.9496345458058214e-05,1.6760157163735124e-07,2.642956724776342e-05,9.4619642910042881e-06,0.30882646221718812
v3.1,c530bf2cab2728a7,2137,54f6aa9c7fd1,3,arctan,independent,2,0.3,0.10132598270564244,0.002836154436299798,0.0036869010914425721,0.00074360507860237336,0.00036517515347620741,0.027990396545563075,0.036386531795632546,0.007338740358063805,0.0036039636006991549,0.0043029887245921265,0.001106293686193881,0.15073217949432244
v3.1,c530bf2cab2728a7,2138,00113679ecae,4,fermi,independent,2,0.1,0.061357659585256054,0.00016734328283753508,8.0341802704562903e-05,8.674955997146799e-07,6.5523008823197544e-09,0.0027273413615950056,0.001309401356694978,1.4138342394062483e-05,1.0678863774481777e-07,8.1193937973364025e-05,8.740367945589478e-07,0.058621616299690101
v3.1,c530bf2cab2728a7,2139,c5cb52027225,2,fermi,common,2,0.5,0.012346320867474659,0.0015020639057594196,0.00022895580525518413,0.00022484607013014299,3.4121395576433928e-05,0.12166085118656525,0.018544456094474984,0.018211584855410731,0.0027636893567478766,4.1097351250411498e-06,0.0002589674657065769,0.004035593782345282
v3.1,c530bf2cab2728a7,2140,6b2a085ae832,3,arctan,independent,1,0.7,0.24147544251210848,0.1357214437192972,0.21562542300188514,0.20267675741818031,0.4320591615740213,0.56205070920406996,0.89294969607964536,0.839326580416215,1.7892467949504067,0.014135238515151515,0.63382795697371819,0.16783416414106073
v3.1,c530bf2cab2728a7,2141,bd11062944e3,4,arctan,independent,10,0.2,0.052630838710275282,0.00059398962601720136,8.7470367858319788e-05,3.3706426228542287e-05,3.2274854370494396e-06,0.011285961625787941,0.0016619603639575417,0.00064043110568864404,6.1323085782771832e-05,0.00011752653083924298,3.6933812191724696e-05,0.048187195717511122
v3.1,c530bf2cab2728a7,2142,6c253b8dcc87,2,arctan,independent,2,0.1,0.035815707690168612,0.0004778098330700525,1.4803232349157233e-05,1.1715528360804692e-05,3.4400972551987629e-07,0.013340789946228285,0.00041331676250029007,0.00032710587382922486,9.6049959000058169e-06,3.0877039883525408e-06,1.2059538086324569e-05,0.013140715914983834
v3.1,c530bf2cab2728a7,2143,175fa81ca737,3,arctan,independent,1,0.3,0.098418159096116536,0.0060700740272141658,0.0071090439141477651,0.0014379358869250499,0.00062057160713395606,0.061676362197407568,0.072233051089738168,0.014610473312356329,0.006305458391351308,0.0080548754585201485,0.0020312379795486206,0.057703196088778691
v3.1,c530bf2cab2728a7,2144,65009b53644b,4,arctan,common,2,0.1,0.16863792797458876,0.0028935365346888977,0.00027711906495133613,0.00011338461481259119,5.6028662788382687e-06,0.017158278504969007,0.0016432784029052697,0.00067235536023471881,3.3224235770274275e-05,0.00016433424745408676,0.00011898736973384939,0.023928045468036868
v3.1,c530bf2cab2728a7,2145,31751f8bd8d2,2,fermi,common,10,0.3,0.3270191479560321,0.0047543636450001602,8.318306745714445e-05,8.3183635531276361e-05,1.473252522071139e-06,0.014538487041863944,0.00025436757442817525,0.00025436931155621643,4.5050955923511201e-06,5.6807413191627853e-10,8.4656888053347504e-05,0.21410584630887261
v3.1,c530bf2cab2728a7,2146,83f5a5eb174e,3,fermi,common,5,0.2,0.37130075026581116,0.0043262137980770339,8.8876194680034918e-05,8.1568168706132047e-05,1.9678851180723068e-06,0.011651508366142361,0.00023936443601691937,0.00021968220814996486,5.2999761424223189e-06,7.4086750250544568e-06,8.3520020593729101e-05,0.20555244996257352
v3.1,c530bf2cab2728a7,2147,54d99bbaeaa8,4,arctan,independent,2,0.2,0.29335342120098878,0.020512520683264413,0.0043356950099488478,0.0034366786116198883,0.00079979215185714157,0.069924259274993836,0.014779766304406862,0.011715147543022091,0.0027263774480038201,0.00091064598787926642,0.0042360084889290339,0.06025811673543973
v3.1,c530bf2cab2728a7,2148,9c8dd1ca9992,2,arctan,common,5,0.05,0.25856315792785889,0.00032857069013878486,9.041348910843992e-06,1.1804297939175776e-06,6.5953202548507071e-09,0.001270756022520651,3.4967661221737546e-05,4.5653441247299685e-06,2.5507579299796655e-08,1.0221778704761571e-05,1.1870251141724282e-06,0.37018333577047979
v3.1,c530bf2cab2728a7,2149,079f8447d270,3,fermi,common,1,0.7,0.16450867336575245,0.030197944382065418,0.010779349813948753,0.006245113521640859,0.0014574596285144366,0.18356445143124017,0.065524507574035343,0.037962214355446694,0.0088594698303478738,0.0088804334902243733,0.0076622888955249968,0.14652022034815529
v3.1,c530bf2cab2728a7,2150,aff5542cb46b,4,arctan,common,3,0.2,0.15718199147043443,0.0021598122488028205,0.0011258418890398921,7.9799206152432228e-05,5.6119298088791306e-06,0.013740837793170957,0.0071626646189405247,0.00050768669747667801,3.5703389150243219e-05,0.0010756790503014945,8.4560298780153955e-05,0.052005801304863368
v3.1,c530bf2cab2728a7,2151,b270800c2963,2,arctan,common,2,0.7,0.35338138852115081,0.13079531316107254,0.1381623125269402,0.13335506788278986,0.19625994468739086,0.3701250756539039,0.39097223853562063,0.37736867932083584,0.55537713943767641,0.0048072446441503342,0.32961501257018072,0.4036738772231121
v3.1,c530bf2cab2728a7,2152,5fe30c2609d4,3,fermi,independent,2,0.2,0.30495842592001049,0.0029781268201925113,9.7466118820936317e-05,5.4061175682954508e-05,1.2760629685531225e-06,0.0097656813751185335,0.00031960461012643519,0.00017727392027244579,4.184383378499695e-06,0.00010318130092064559,5.5336908880817606e-05,0.20645741581009697
v3.1,c530bf2cab2728a7,2153,bc229914676a,4,fermi,independent,5,0.3,0.33993580230150755,0.0051023245552141976,0.00012094221589268195,0.00011688991041371815,3.2017671895236602e-06,0.015009671004552408,0.00035577957683142689,0.00034385878045891185,9.4187407382404484e-06,1.6388482447472952e-05,0.00012009146599963482,0.011035439680441083
v3.1,c530bf2cab2728a7,2154,56b51d848592,2,arctan,independent,5,0.1,0.13573311709038915,0.00058445417592984078,1.5302027971512839e-05,7.0433075566429199e-06,1.3178198991077564e-07,0.0043059069772974677,0.00011273614206710301,5.1890855434731886e-05,9.7089047047389084e-07,8.2587204148699197e-06,7.1750895465536954e-06,0.47799867331077722
v3.1,c530bf2cab2728a7,2155,04e30eb2ccec,3,fermi,independent,1,0.7,0.13222363649782076,0.019465906002987789,0.0061957610990556848,0.0069379709379893866,0.0029239907313499845,0.14721956314753615,0.046858196183084101,0.052471487865210352,0.022113979079664597,0.010283923984641887,0.0098494530660301113,0.13747345180063905
v3.1,c530bf2cab2728a7,2156,5fa141e43d5d,4,arctan,common,5,0.2,0.089246685709483659,0.0022103586440843362,0.00025119933592889052,0.00020010237505934859,3.1938308707273698e-05,0.024766842897443932,0.0028146629080053024,0.0022421266791993041,0.00035786548770269709,0.00011634445070843609,0.00023198948835633992,0.045404811488414618
v3.1,c530bf2cab2728a7,2157,bc417681088a,2,fermi,common,10,0.3,0.43403567107787283,0.0064078724740518431,0.00014812822885323866,0.00014041500054667381,3.6198985954147488e-06,0.014763469689343044,0.0003412812326815925,0.00032351027784875577,8.3400946895106284e-06,7.7132283065648516e-06,0.00014403489914208855,0.45353842588887017
v3.1,c530bf2cab2728a7,2158,df1dca978c19,3,fermi,independent,5,0.7,0.34785087046977181,0.041627774297402068,0.0087906822865316259,0.0089151166301901178,0.0024834829948670229,0.11967132421196432,0.025271410920029692,0.025629134169336053,0.0071395049019514732,0.00013299978686378823,0.011390153454346973,0.1483332324517628
v3.1,c530bf2cab2728a7,2159,af9d676920fd,4,fermi,independent,3,0.1,0.33600129571283027,0.00089212084599209923,4.6252589359548066e-05,5.0268307760988739e-06,4.0465160385440434e-08,0.002655111326578237,0.0001376559851098869,1.4960748188290166e-05,1.204315605378639e-07,5.1177835550166709e-05,5.0672926942361288e-06,0.12180889372830407
v3.1,c530bf2cab2728a7,2160,95d9117bcda3,2,arctan,common,10,0.1,0.037875900697129157,0.00018582966166781766,2.8625207498691362e-06,1.7134820751624369e-06,1.9210872681258638e-08,0.0049062770322951766,7.5576308343371069e-05,4.5239375001643512e-05,5.0720569881298552e-07,1.1490386747066993e-06,1.7326929478436955e-06,0.023327739719124538
v3.1,c530bf2cab2728a7,2161,44f3249bf383,3,fermi,common,5,0.05,0.05391239507959688,2.0880227892523449e-05,5.4741820725015276e-06,1.6529151245782095e-08,1.9274918284580456e-11,0.00038729920756990372,0.00010153846929670592,3.0659278300246659e-07,3.5752294543996321e-10,5.4898112089768852e-06,1.6548419808574583e-08,0.098159766903569326
v3.1,c530bf2cab2728a7,2162,51ddd045ce5a,4,fermi,common,3,0.5,0.14615369673541043,0.0081380342676653211,0.0011786642014501381,0.00093523319107463522,0.0001536428985970675,0.055681344019631769,0.008064552780925785,0.0063989704808338583,0.0010512419598610301,0.0017965008402183974,0.0010888749312344933,0.14247725922128826
v3.1,c530bf2cab2728a7,2163,f898972ce901,2,fermi,independent,10,1,0.10087052778313867,0.0053273422425734393,0.0004453271767413617,0.00055361541243610971,7.9454932867570831e-05,0.052813664800353585,0.0044148393641675956,0.0054883762839659797,0.00078769224880423762,0.00010828823569474802,0.00063307034530368051,0.45299065172029429
v3.1,c530bf2cab2728a7,2164,192df4262d08,3,fermi,independent,3,0.2,0.097403960265412121,0.00036426416241028416,7.8380549959212534e-05,3.3470762894252969e-06,4.9377864695393374e-08,0.0037397264076092537,0.00080469572023187286,3.4362835764634041e-05,5.0693898441958236e-07,8.1721879594902583e-05,3.3964339525295821e-06,0.064739772873730339
v3.1,c530bf2cab2728a7,2165,0fcad03ddde2,4,fermi,common,5,0.2,0.17971464265549267,0.00096793110089476791,0.00011924192659922235,9.4865819581259292e-06,1.1955121775682196e-07,0.0053859334253039222,0.00066350701777709558,5.2786917181319553e-05,6.6522803033917437e-07,0.00011401207196842015,9.6057102667028069e-06,0.17446985736122836
v3.1,c530bf2cab2728a7,2166,625220a95345,2,arctan,common,3,0.7,0.3776409193834086,0.10475032762225031,0.05936796241152225,0.059363606934895737,0.041966457061778206,0.2773807663461918,0.15720744062495931,0.15719590724390084,0.11112793902286526,4.3554766265146434e-06,0.10133006399667395,0.38642847335483832
v3.1,c530bf2cab2728a7,2167,276cef8854f7,3,arctan,common,2,0.1,0.33627075649101534,0.0047075410175641385,0.00048507724757759248,0.00012880104937342473,4.2591651671202399e-06,0.013999257820356785,0.0014425198689275646,0.00038302780389666774,1.2665880350597893e-05,0.00035668327001995914,0.00013305918852070798,0.077717778889079103
v3.1,c530bf2cab2728a7,2168,fbf1e44b4812,4,fermi,independent,10,0.2,0.42280235071130723,0.0032163776486085465,3.9564189390460504e-05,3.5816077972805666e-05,4.658319903257396e-07,0.0076072842149468431,9.3576086613281963e-05,8.4711160930278661e-05,1.101772470143652e-06,3.8423980485409631e-06,3.6281830711628602e-05,0.035907588462563783
v3.1,c530bf2cab2728a7,2169,40621026879d,2,fermi,independent,10,0.7,0.20876721991618266,0.01979924789039535,0.0026438344154760211,0.0025595688389439398,0.0003629720917388499,0.094838873163825679,0.012664030380523755,0.012260396244063478,0.0017386450415183882,8.4265576532081157e-05,0.0029225409306827895,0.12649425564676894
v3.1,c530bf2cab2728a7,2170,446abfe113a8,3,fermi,common,2,0.2,0.20029598878459318,0.0028326990349593979,0.00040812163848345686,8.3262164444858016e-05,3.3887736356208233e-06,0.014142564971711954,0.0020375926695285359,0.00041569561602355248,1.6918829259557737e-05,0.00049133198742881505,8.663647221112906e-05,0.26154895150601026
v3.1,c530bf2cab2728a7,2171,cba6c5ecfc70,4,fermi,independent,10,0.1,0.30340865562403557,0.00048226979899789922,1.6559127247176483e-06,1.2144033301132972e-06,3.700733634045006e-09,0.0015895057377515848,5.4576977090908988e-06,4.0025335718111731e-06,1.2197192022862776e-08,2.0608602336173965e-06,1.2181001464610952e-06,0.09504303290136655
v3.1,c530bf2cab2728a7,2172,b89bb2f7a3f0,2,fermi,common,10,1,0.24368537494258849,0.077286396281242106,0.032737869684133149,0.032621971845122673,0.014504437842572149,0.31715648220354026,0.13434482759519764,0.1338692231850529,0.059521166774942277,0.00011589783901046895,0.047126409687694826,0.1314466305070808
v3.1,c530bf2cab2728a7,2173,4e2a48265e6f,3,fermi,common,2,1,0.097843597080640263,0.024084296741408762,0.023992378096733158,0.012887058823749917,0.0090718800975635294,0.24615097420794008,0.2452115295491358,0.13171080385698333,0.092718178483224722,0.019233548030638231,0.02194176639134993,0.2991242500324337
v3.1,c530bf2cab2728a7,2174,a0cc627affcb,4,fermi,common,3,0.2,0.34261030789877528,0.0032256003911876208,0.00012237683698226929,6.1146278860116463e-05,1.7433785067453454e-06,0.0094147791727872618,0.00035718959459452607,0.00017847180149110464,5.0885173812704702e-06,0.00016475275878940248,6.2876482508784215e-05,0.19590089107851871
v3.1,c530bf2cab2728a7,2175,51ca21409b14,2,arctan,independent,5,1,0.31907040584978813,0.17477754694297565,0.27105195049367331,0.26962576961421525,0.63491107281444181,0.54777109922647405,0.84950514220137063,0.84503534226596244,1.9898776607735442,0.0014261808794580389,0.90453684242865695,0.42286422578149607
v3.1,c530bf2cab2728a7,2176,d5bf7fab44bd,3,fermi,independent,10,0.5,0.36179372396876852,0.013868039759151643,0.0008329338065616315,0.00084259394141581389,6.1833020568810262e-05,0.03833134418978696,0.002302233984118347,0.0023289346541803197,0.00017090683578067798,1.418505427211401e-05,0.00090441334409947706,0.17748113324597029
v3.1,c530bf2cab2728a7,2177,09fef0902a2b,4,fermi,common,5,0.3,0.30010400931148568,0.008847317913769543,0.00071494684190584858,0.00044538387749268983,2.7621729065557612e-05,0.029480838773422332,0.0023823301912764081,0.001484098391469387,9.2040519981485177e-05,0.00027786630232406816,0.00047289593884550988,0.09262791685065061
v3.1,c530bf2cab2728a7,2178,3ad281bd6446,2,fermi,independent,3,0.05,0.42721844466522257,0.00023462310088346252,2.1114836766847695e-06,2.2052148769002103e-07,2.5874205215020281e-10,0.00054918766690262668,4.9423982111525471e-06,5.1617969786586892e-07,6.0564344864126491e-10,2.3320051643747909e-06,2.2078022974217123e-07,0.4039479161357496
v3.1,c530bf2cab2728a7,2179,f5b1c7f08826,3,fermi,common,2,0.1,0.18064707348919595,0.00018894530274837556,8.8436297889717344e-06,4.3470503663799501e-07,1.4115614531380615e-09,0.0010459361400043711,4.8955289549712245e-05,2.4063774089536724e-06,7.8139181879549434e-09,9.2752811349516207e-06,4.3611641308119279e-07,0.16137119266416833
v3.1,c530bf2cab2728a7,2180,31ed6e157143,4,arctan,independent,10,0.5,0.24435624128781061,0.027073978800539189,0.0082182526559044424,0.0083069100891588667,0.0040651227759659772,0.11079716506463443,0.033632260066665212,0.033995080483230716,0.016636050524193265,0.0001297568487898708,0.012362939478107068,0.1360252726072422
v3.1,c530bf2cab2728a7,2181,03045cccb61e,2,arctan,independent,5,0.05,0.39862332108091425,0.0011834880094527915,1.3546338368814808e-05,7.0737566752435063e-06,5.4168939151216144e-08,0.0029689382102472679,3.3982804448275403e-05,1.7745466211214586e-05,1.3589004026239775e-07,6.4725816935713026e-06,7.1279256143947224e-06,0.1987719215776203
v3.1,c530bf2cab2728a7,2182,18fbcd68d558,3,arctan,common,2,1,0.12912514961796306,0.052828867935987726,0.089745585824802424,0.066087238760537403,0.14082649327744373,0.40912919049689539,0.69502793290330167,0.51180764518815136,1.090620175032524,0.037175758427314055,0.20680210133270471,0.19231756981741527
v3.1,c530bf2cab2728a7,2183,6aae513bd05c,4,fermi,independent,3,1,0.16754676478300162,0.025233940712447701,0.0096752174142802367,0.0088446446662396299,0.0042520930439223286,0.15060834355786856,0.057746369658710543,0.052789110417588672,0.025378544607706579,0.00083488502080512493,0.013081239488660537,0.11473489989588989
v3.1,c530bf2cab2728a7,2184,fc358020f1e0,2,arctan,common,3,0.5,0.21687290369808962,0.045858905317906117,0.026397100143858848,0.027242987700941849,0.024091814983984508,0.21145520964549192,0.12171691204267016,0.12561729582809947,0.11108725236382182,0.00084588755708300454,0.051334802684926358,0.48580667305775493
v3.1,c530bf2cab2728a7,2185,138b84de5f4d,3,arctan,independent,1,0.2,0.053363372271643714,0.0077380654593416781,0.0045549968293872633,0.0010724992230468195,0.00020765434340814411,0.14500705502552244,0.085358114292332726,0.020098040610839082,0.0038913272263058924,0.0056274065352622778,0.0012801295443041908,0.020518508642923303
v3.1,c530bf2cab2728a7,2186,61ed586353f7,4,fermi,independent,1,0.05,0.11511782074442736,8.0090686381201063e-05,1.7060050514233841e-05,1.1917396252485487e-07,2.8322400124329621e-10,0.00069572795821951918,0.00014819643391364047,1.0352346991473416e-06,2.4602967586754509e-09,1.7057624029432172e-05,1.1944612227387698e-07,0.10231103277223698
v3.1,c530bf2cab2728a7,2187,e96b9e2fd32f,2,arctan,common,3,0.05,0.39626451608641161,0.00069278303653967492,2.1947997800520961e-06,2.1874449192488672e-06,8.2448190405676923e-09,0.0017482843111508951,5.5387239860090984e-06,5.5201635030370996e-06,2.0806352085206089e-08,7.3548608032290143e-09,2.1956897382894348e-06,0.2630307678921478
v3.1,c530bf2cab2728a7,2188,5825190c6337,3,arctan,independent,1,0.5,0.23226719780466926,0.084647487474066571,0.077255750827369143,0.093185258362451479,0.17484407668189555,0.36444012875745346,0.33261584742732053,0.40119853015498935,0.75277128382516989,0.017142058701161422,0.26789610138633024,0.30119613396617007
v3.1,c530bf2cab2728a7,2189,66f6519cd21c,4,fermi,independent,2,0.1,0.14115055147282926,0.00053715638401335281,0.00010667015164174359,3.84248416336735e-06,3.7488747986232014e-08,0.0038055563964038254,0.00075571898606628565,2.7222594054880531e-05,2.6559405964098127e-07,0.00011044904866507524,3.8799304974512008e-06,0.10670723247636309
v3.1,c530bf2cab2728a7,2190,7b438aa82393,2,fermi,independent,10,0.5,0.45906844097931898,0.021352467884965913,0.0013922388995208956,0.0013934484794669545,0.00010381401649914537,0.046512602433343576,0.0030327480071399983,0.0030353828646864645,0.00022614060831034602,1.2095799460588888e-06,0.0014972624959660999,0.40642160178565589
v3.1,c530bf2cab2728a7,2191,d7b758d79630,3,arctan,common,5,0.5,0.20635242434541093,0.023666974978051696,0.0067553952049948145,0.0067954034793697498,0.0028965057821628204,0.11469201320569813,0.032737173921867944,0.032931057151017538,0.014036693735734324,8.8038427931845991e-05,0.0096886796379685013,0.23504957677886046
v3.1,c530bf2cab2728a7,2192,74f299d8f0fa,4,fermi,common,10,0.7,0.082364953207881675,0.0023959613213012068,0.00018706784488081788,0.00015231748773232421,1.391282193146711e-05,0.029089573028154556,0.0022712068373143563,0.0018492997543249818,0.00016891677090318267,0.00012010680767507255,0.00016621253451334548,0.063199036137203041
v3.1,c530bf2cab2728a7,2193,1a6ec73bf4ec,2,arctan,common,5,0.1,0.38421551001368442,0.0031595888296050041,4.8535431621394044e-05,4.7827574475965653e-05,8.7737355846949095e-07,0.008223480695749295,0.0001263234574254053,0.00012448111341018534,2.283545394714133e-06,7.0785714542838904e-07,4.8704948034435148e-05,0.22641042976861511
v3.1,c530bf2cab2728a7,2194,e74e6ce3985d,3,arctan,independent,1,0.2,0.34830582839546403,0.0364273785460867,0.010150617217506652,0.0081776486422571078,0.0025802859845096941,0.10458446450321039,0.029142829059930951,0.023478357166542334,0.0074081045281276636,0.002049138958518412,0.010756964582957279,0.18150843583952525
v3.1,c530bf2cab2728a7,2195,1b78ac9258cd,4,fermi,common,3,0.7,0.053207554944074323,0.0035067182324328349,0.00059578676500603004,0.00052398518028628734,0.00013679336325482904,0.065906396866360323,0.011197409195597368,0.0098479469849167174,0.0025709387209882232,0.0010809564820767822,0.00065939677077677251,0.10172670132234216
v3.1,c530bf2cab2728a7,2196,df40ffea7cf9,2,fermi,common,10,0.2,0.42586553892825846,0.0024118098687479824,1.8044137365731971e-05,1.9074965447378917e-05,1.7228448840090012e-07,0.0056633130607787385,4.2370503636293744e-05,4.4791051878448178e-05,4.0455137279826546e-07,1.0308280816469437e-06,1.9247249935779816e-05,0.46517886946285175
v3.1,c530bf2cab2728a7,2197,f6fa97aba613,3,arctan,independent,2,0.2,0.15461122718578532,0.0059537152265792537,0.00048677793519616441,0.00064769519721666205,0.00010975065176079361,0.03850765131968778,0.0031483996605966911,0.0041891860572219166,0.00070984917304170968,0.0004515071425635163,0.00075742836770696501,0.23875440118999908
v3.1,c530bf2cab2728a7,2198,347a0bb97d9b,4,fermi,common,10,0.1,0.17494006587813693,0.00020991086516715778,1.3309737862089425e-06,4.1876922833058107e-07,9.8594199451049778e-10,0.001199901601233999,7.6081701440314846e-06,2.3937868448174431e-06,5.6358844359719403e-09,1.0906826442618057e-06,4.1975070107349529e-07,0.080420622795072325
v3.1,c530bf2cab2728a7,2199,a9df623de4da,2,fermi,common,5,0.5,0.12030184843936925,0.013367306960837405,0.0019204509361079264,0.0018764645906387313,0.00027173750508215815,0.11111472628431286,0.015963602895726174,0.01559796973181545,0.0022587974217130233,4.398634546919534e-05,0.0021482020957208892,0.042965732137942726
v3.1,c530bf2cab2728a7,2200,a87fcd34759e,3,fermi,independent,3,0.05,0.44585252393159597,0.00046428856783513756,1.7768833345210258e-05,7.3049912448393262e-07,1.281723862060284e-09,0.0010413500942889585,3.9853611657330002e-05,1.6384321839030521e-06,2.8747709012788496e-09,1.7038510997303477e-05,7.3178082297937319e-07,0.065562730200031935
v3.1,c530bf2cab2728a7,2201,908769273be5,4,arctan,common,1,1,0.068904453940651117,0.059284799105181731,0.23484963030567732,0.30545550293002882,3.2529566326328725,0.86039139293150768,3.4083374422785258,4.433029876314297,47.209671459477988,0.096474342096085269,3.5461531335264991,0.18330632157054999
v3.1,c530bf2cab2728a7,2202,42f6b6afc9c2,2,arctan,independent,2,0.1,0.47418243228040791,0.006124299553301577,0.00040840816594764004,0.00017730055297002781,6.5653142886054666e-06,0.01291549230081972,0.00086128911183729333,0.00037390789050822763,1.3845545177690315e-05,0.0002311076129776122,0.00018386586725863328,0.34986988959407322
v3.1,c530bf2cab2728a7,2203,46b3bb9ea3f4,3,fermi,common,5,0.2,0.33978166435128693,0.0025818370926723629,0.00011125153628624246,3.0209598381211566e-05,4.1844944761128652e-07,0.0075985180000857928,0.00032742065849446152,8.8908853980946569e-05,1.2315245097471418e-06,0.00011162521602327772,3.0627526072882898e-05,0.21716142538131558
v3.1,c530bf2cab2728a7,2204,3d28fbcd0e60,4,fermi,common,10,1,0.08871479252237717,0.0034999926771053479,0.00058762471888701027,0.00025276557352309491,2.3852394780619604e-05,0.03945218804657092,0.0066237512615361128,0.0028491930864780867,0.00026886603803534954,0.00042248600108821087,0.00027660554655560955,0.059364593970527811
v3.1,c530bf2cab2728a7,2205,54605ca08be4,2,arctan,common,10,0.3,0.36630880634704938,0.017508213788772611,0.0015673808356657833,0.0015691252883543879,0.00017197519281871829,0.047796322352635243,0.0042788510909585143,0.0042836133370699322,0.00046948145891907673,1.7444526886047242e-06,0.0017411004811731063,0.30614723425378937
v3.1,c530bf2cab2728a7,2206,4413beb4ab13,3,fermi,independent,10,0.2,0.09870486734847575,0.00018635066799406604,1.1092098634275494e-05,8.0036256314751199e-07,4.8375415339596894e-09,0.0018879582436006764,0.00011237640992024274,8.1086433186911285e-06,4.9010161949570701e-08,1.035838782795045e-05,8.0518857774827737e-07,0.12603646278099276
v3.1,c530bf2cab2728a7,2207,2f089adde1b6,4,arctan,independent,2,0.1,0.28712684000973665,0.0036844466853416706,7.572003355640688e-05,0.00014617783174078683,9.5568343888593864e-06,0.012832122156245403,0.00026371631977644154,0.0005091054244034792,3.3284364459049903e-05,0.0001055866883280319,0.00015571497520501726,0.18738166547819149
v3.1,c530bf2cab2728a7,2208,7d6e94061872,2,fermi,common,10,0.7,0.20079108607691998,0.0078762623589718386,0.00040630408940567098,0.00059239691871548913,6.0339359750530411e-05,0.039226155467651402,0.0020235165681111071,0.0029503148286600281,0.00030050815964716349,0.00018609282930981809,0.00065273627846601956,0.37471456088926508
v3.1,c530bf2cab2728a7,2209,2e7b6c020fef,3,fermi,common,1,0.5,0.32366952346795158,0.039764788566420767,0.0086350128784462576,0.007160338139261483,0.0016230965027259096,0.12285614085738324,0.026678486086445706,0.022122373656135931,0.0050146720189632619,0.0027690864617342273,0.0087822206075549268,0.13684871605961496
v3.1,c530bf2cab2728a7,2210,8637b2912d64,4,arctan,independent,5,0.7,0.18251281555957938,0.038394675907863982,0.025314942585267793,0.026070176107256354,0.029621676743247258,0.21036701335271685,0.1387022741808725,0.14284024947687041,0.16229916048595269,0.0013637165739904572,0.055680874245796694,0.10491480984093862
v3.1,c530bf2cab2728a7,2211,6f37b8f8bc6c,2,arctan,common,5,1,0.29819601105674437,0.13687017072992316,0.18051184278400387,0.18017760993858339,0.36880054231224124,0.45899396925158009,0.60534626920161538,0.60422541971662058,1.2367722190692261,0.00033423284542044373,0.54897815225082469,0.48502309551039374
v3.1,c530bf2cab2728a7,2212,83b2cbef0f28,3,arctan,common,2,1,0.051859786330759085,0.034100953061234056,0.084980871290762497,0.079680328742908132,0.35572746239065767,0.65756061630759344,1.6386660513554532,1.5364569424700487,6.859408562192022,0.091631385047776806,0.43154610069125232,0.088340414468006348
v3.1,c530bf2cab2728a7,2213,f8e1c1522661,4,fermi,independent,10,0.2,0.25280655793105694,0.0011653335098215326,1.0646303049823449e-05,9.4554400754304731e-06,9.8895143774495192e-08,0.0046095857613762201,4.2112448098465905e-05,3.7401878150681014e-05,3.9118899677224736e-07,2.9830275936210896e-06,9.5543288241134089e-06,0.11249331209296569
v3.1,c530bf2cab2728a7,2214,e84e5e110341,2,fermi,independent,5,0.2,0.28726526735370367,0.003753913879109155,9.3167531614275629e-05,6.5704462290819428e-05,1.2457042803915004e-06,0.013067761075643858,0.00032432577900049577,0.00022872400445793855,4.3364249770498394e-06,2.7463069323456207e-05,6.6950166571210927e-05,0.12666002396136608
v3.1,c530bf2cab2728a7,2215,59907868787f,3,arctan,independent,1,1,0.029025435785509545,0.042209558681378115,0.014836580047211327,0.22258990057368744,1.2113444543415628,1.4542265271500425,0.51115787397129231,7.6687875496019826,41.733893792089276,0.23450792312920929,1.4337643705156566,0.24143081718704923
v3.1,c530bf2cab2728a7,2216,97c37fd79cdf,4,fermi,independent,1,1,0.06554150637415429,0.019035545883526104,0.004599386403958277,0.01252544146253076,0.011578044827749467,0.2904349768047535,0.070175170794853817,0.19110701226528501,0.1766521013669464,0.010598805879120337,0.023985454958724332,0.076066696893224428
v3.1,c530bf2cab2728a7,2217,b3c92b86fac4,2,arctan,independent,2,0.2,0.061785333162252952,0.0027023318706469453,0.0010167672333909056,0.00023021202076000733,2.7375162746773033e-05,0.043737433017483576,0.016456449797248775,0.0037259978861885097,0.00044306895092535617,0.0012469792541509128,0.00025758718350678034,0.27747612716762615
v3.1,c530bf2cab2728a7,2218,900c72b1dfaf,3,arctan,common,10,0.05,0.26857646840330041,0.0003737715753674251,6.8664611904070284e-06,1.2389968963586224e-06,6.553597006945293e-09,0.0013916765589685296,2.5566131058422428e-05,4.6131997480066539e-06,2.4401233086080593e-08,6.0379393534666137e-06,1.245451210954676e-06,0.23382811497656805
v3.1,c530bf2cab2728a7,2219,f5c5abc70c47,4,fermi,common,3,0.5,0.24260522404571616,0.005489632700621771,0.00027258328124518726,0.0003523771134348704,5.0016649004415392e-05,0.022627842092911046,0.0011235672369273551,0.0014524712516844607,0.00020616476500518526,9.0368480195809913e-05,0.00040179428624643408,0.03246931913806704
v3.1,c530bf2cab2728a7,2220,49dca2626fc5,2,fermi,independent,2,1,0.034913930739658976,0.0024854884039869261,0.00049133523447609454,0.00057608973853969631,0.00019228989488733722,0.071189016857493001,0.014072756176891405,0.016500283019846632,0.0055075407097864753,0.0010674249730157907,0.0007683796334270334,0.067530005405062876
v3.1,c530bf2cab2728a7,2221,ea9265051abc,3,arctan,common,1,0.05,0.38304003660794389,0.0011161453706102411,6.8535071569961458e-05,8.7046058642886381e-06,9.2813302670837067e-08,0.002913913074190358,0.00017892404192752759,2.272505490907243e-05,2.4230705357266617e-07,7.6145788216678081e-05,8.7974174132180367e-06,0.15846825980784152
v3.1,c530bf2cab2728a7,2222,469191c8f797,4,arctan,common,3,1,0.16024778564556372,0.05746535297912566,0.062063193928590173,0.063199100808048331,0.13748040539178338,0.35860310173787741,0.3872951734001594,0.3943836138106282,0.85792390102576976,0.015010957800188577,0.19694823093666053,0.14188442683754038
v3.1,c530bf2cab2728a7,2223,73987a253f61,2,arctan,common,5,0.05,0.073517803959887648,0.00011496447186248171,2.7073599512705121e-05,4.6957348113160527e-07,2.9278735609009207e-09,0.0015637636826748519,0.00036825908901572823,6.3872076672449462e-06,3.982536750551485e-08,2.7543172993836728e-05,4.725013546925062e-07,0.31938346062056383
v3.1,c530bf2cab2728a7,2224,b9696d38a93b,3,arctan,common,1,0.3,0.19761300249369909,0.034781849755279502,0.0079844007288960954,0.01137587090720916,0.0044538820976095369,0.17600992503713678,0.040404227597071601,0.057566408908603477,0.022538406083635866,0.0057190882696226191,0.01582836313047966,0.28182092450576851
v3.1,c530bf2cab2728a7,2225,7ed59bea0239,4,arctan,independent,10,0.2,0.22044347423875812,0.0029477859672340121,9.3309634707043634e-05,0.00010318454382428929,5.6784358837290069e-06,0.013372071808491466,0.0004232814558437858,0.00046807710766040675,2.5759147116229902e-05,1.133629217709537e-05,0.00010882379968955027,0.094235765107299405
v3.1,c530bf2cab2728a7,2226,89f8b4790af4,2,fermi,independent,2,0.1,0.16425247491044329,0.00029063023179099661,5.1911327362160307e-05,1.0573970571515643e-06,5.1576693931850139e-09,0.0017694115839013036,0.000316045937149284,6.4376324175821253e-06,3.1400862580592295e-08,5.2968724419311869e-05,1.0625547265447492e-06,0.22037620609864245
v3.1,c530bf2cab2728a7,2227,98bf524d76de,3,arctan,common,5,0.2,0.24970425429820226,0.0072694706751126516,0.00080611374472864606,0.0007666188521516439,0.0001326537683327209,0.02911232207694504,0.0032282739715197941,0.0030701072927501304,0.00053124352528773045,3.9512043842247734e-05,0.00089925700284274079,0.18188976046706895
v3.1,c530bf2cab2728a7,2228,20c972128e04,4,fermi,common,3,1,0.11341518444782456,0.038715406728978288,0.012216410094611274,0.025905724596383566,0.023647679075190327,0.34135999440876363,0.10771406098829124,0.2284149580367805,0.20850540595883957,0.01392162565293288,0.049538391834592951,0.024987046030329921
v3.1,c530bf2cab2728a7,2229,c879efe1dd00,2,fermi,common,1,0.05,0.3205073952756653,0.00043909222821047594,0.00029112944857839773,6.3116640560333489e-07,8.7200368054126919e-10,0.0013699909414970502,0.00090833925478692971,1.9692725188461715e-06,2.7206975358283616e-09,0.00029049828217279439,6.3203840928387614e-07,0.32251788991978131
v3.1,c530bf2cab2728a7,2230,37cd2b4e7546,3,fermi,common,1,0.3,0.34871014998215011,0.0044868954688114977,0.00014771076612014872,0.00010844657138701784,3.7400281822936749e-06,0.012867120354945718,0.00042359181723763929,0.00031099344654168809,1.0725320678176763e-05,0.00019724944471424114,0.00011213930093073554,0.14393153110167145
v3.1,c530bf2cab2728a7,2231,24788ee7ead7,4,fermi,independent,10,0.1,0.14017003076292653,0.00012954535065321662,5.1549237459763127e-06,2.9247983428255395e-07,1.0057035673109338e-09,0.00092420148549671275,3.6776218981466723e-05,2.0866074772947238e-06,7.1748829748914599e-09,5.3842634075109974e-06,2.9348091237978652e-07,0.11725524493570555
v3.1,c530bf2cab2728a7,2232,b8f9b12a261c,2,arctan,independent,3,0.1,0.26969441886715911,0.0031710442935148795,0.00010448605285739376,7.4672790115925302e-05,2.2396802639839592e-06,0.011757915891751588,0.00038742386029448937,0.00027687925626931935,8.304510984660523e-06,2.9813262741468462e-05,7.6912470379909256e-05,0.12451301906177141
v3.1,c530bf2cab2728a7,2233,af5349d5b13a,3,arctan,independent,1,1,0.14607203296264423,0.095909498386942724,0.19051161396649718,0.18072421103309,0.55678733001482217,0.65659042625545005,1.3042305915959813,1.237226643373325,3.8117312309688489,0.010647664843956935,0.73751131781899548,0.053524960783813927
v3.1,c530bf2cab2728a7,2234,858b3aee6f56,4,fermi,independent,5,0.5,0.11357015506779285,0.0028705610261574263,0.00026385759901075868,0.00014895614517346949,1.1029195126421321e-05,0.025275663526600954,0.0023233005084236746,0.0013115782494490201,9.7113498875102541e-05,0.00030320199904695032,0.00015992512409919885,0.16248746224801022
v3.1,c530bf2cab2728a7,2235,e44e8f82691e,2,arctan,common,5,0.1,0.49275251147143168,0.0038624916979256071,6.6884578552659901e-05,6.1897658942239444e-05,1.2981674095479782e-06,0.0078386037777699747,0.00013573665683191079,0.00012561612067162053,2.6345221573228696e-06,4.9869196104204589e-06,6.3195826351787433e-05,0.41154844520874473
v3.1,c530bf2cab2728a7,2236,7202807fdf73,3,fermi,independent,2,0.7,0.079759033846260319,0.015760718971356971,0.00052196266223329831,0.0046467574463440386,0.0014735240077246342,0.19760418615070707,0.0065442450473937345,0.058259951534780439,0.01847469730594942,0.0050351487589279913,0.0061202656424182338,0.19083996095402497
v3.1,c530bf2cab2728a7,2237,b5e1ff01e0c2,4,arctan,common,3,0.5,0.24871443669193971,0.035194021718583296,0.012664401869407179,0.014477876977481385,0.010209754135014468,0.14150373491256149,0.050919448174588426,0.058210842804488398,0.041050106583319791,0.003689555854664326,0.024592870585320319,0.099819599643126686
v3.1,c530bf2cab2728a7,2238,d518a2cc2f61,2,arctan,common,3,0.3,0.47280220069045065,0.027176689381091464,0.00289018620175318,0.002890179471533407,0.00036966033264357578,0.057480039943562725,0.0061128865253430153,0.0061128722905958782,0.00078184985624801882,6.7302197727343911e-09,0.0032598398041769829,0.48805376772432424
v3.1,c530bf2cab2728a7,2239,ca4a115133e0,3,arctan,common,10,0.7,0.32640255575787386,0.11620640196092086,0.11448515213873792,0.11440625424235122,0.1595262397940318,0.35602172811147664,0.35074833244768849,0.35050661284410417,0.48874078030310741,7.8966647317511119e-05,0.27392160579715136,0.21723509350732648
v3.1,c530bf2cab2728a7,2240,03fd249eaeff,4,arctan,common,1,0.7,0.070291798962318713,0.031211712989729901,0.032224933678270083,0.097578330962405035,0.5689909380553686,0.44403064725177327,0.45844514088400107,1.3881894104703993,8.0946987622323796,0.12641468784057022,0.66579783948439364,0.039257401717009102
v3.1,c530bf2cab2728a7,2241,39814ac79b4d,2,arctan,independent,10,0.1,0.4491786374865292,0.0035958672172917315,7.2561794725512949e-05,6.1728737650056979e-05,1.4290690247125121e-06,0.0080054279460241937,0.0001615432896175724,0.0001374258090177056,3.1815160059907561e-06,1.083305707545597e-05,6.3157806674769482e-05,0.34377503396612696
v3.1,c530bf2cab2728a7,2242,ae7235b84646,3,arctan,independent,1,1,0.11166995032178978,0.072057922252056941,0.14922536528590469,0.15879781595571513,0.6153220797784954,0.64527585124210918,1.3363072595259036,1.4220281776621284,5.5101849513264236,0.049165677540174695,0.77385584337884905,0.085229054482117053
v3.1,c530bf2cab2728a7,2243,57b05fd806bb,4,fermi,independent,10,0.7,0.15136182680945939,0.009350465946367445,0.0012325698165633232,0.0011327445668201969,0.00017451775390973755,0.061775588624060435,0.0081432012452844777,0.0074836872063267518,0.0011529839298876051,0.00017765529826772042,0.001306909017661458,0.083182874736786871
v3.1,c530bf2cab2728a7,2244,eb62579ee0a0,2,arctan,independent,1,0.1,0.4405949820089165,0.007982843971495665,0.0015236166889068732,0.00026734978269280321,1.0971716884860496e-05,0.018118327029276318,0.0034580890639286472,0.00060679261818599815,2.4902046852268636e-05,0.00125626690621407,0.00027832149957766368,0.28027770622422282
v3.1,c530bf2cab2728a7,2245,174ae3cb4622,3,arctan,common,3,0.2,0.069372682361003773,0.0040739566762276417,0.0011196296364426044,0.00062345292433253112,0.00014799371498987958,0.058725661709712426,0.01613934474403397,0.0089870090518943315,0.0021333140070863223,0.0017430700456046639,0.00077083413116395955,0.15770818474973158
v3.1,c530bf2cab2728a7,2246,75f0c0bf08d8,4,fermi,independent,3,0.1,0.080996020291012036,8.0108654537999456e-05,3.4992273755847113e-05,1.6986177964547435e-07,7.2322855127276352e-10,0.00098904432897043153,0.00043202460602536708,2.0971620461743052e-06,8.9291862572292168e-09,3.5064996468184959e-05,1.7049724569697956e-07,0.10749486202911818
v3.1,c530bf2cab2728a7,2247,4fb261327091,2,arctan,common,10,0.7,0.3895048185380442,0.1025614161374258,0.055200042345609789,0.055200727848834286,0.037244516270471838,0.26331231670605965,0.14171850954962761,0.14172026948478597,0.095620168218365817,6.8550322449630475e-07,0.092445244119306116,0.48578357422460922
v3.1,c530bf2cab2728a7,2248,bebe51ebe514,3,arctan,common,1,0.05,0.44157157210541326,0.0015885630734920593,6.1135320361485891e-05,1.1040047433355322e-05,9.3813420461020614e-08,0.0035975211581619499,0.00013844940259626019,2.5001716892046232e-05,2.1245348746912811e-07,5.9778766308914337e-05,1.1133846118337683e-05,0.050176272383256136
v3.1,c530bf2cab2728a7,2249,d5b0c758e1d7,4,arctan,independent,2,0.3,0.26331568325411209,0.020340537089925104,0.0050261746327099309,0.0046745559774712163,0.0017192266611068692,0.077247723487459438,0.019088018497779469,0.017752668279010366,0.006529146459718217,0.00045094569047727899,0.0063920637962913652,0.035662792847597706
v3.1,c530bf2cab2728a7,2250,a47c97ce43ff,2,arctan,common,10,0.05,0.45511113933853331,0.0012703951867645581,1.0808108694100321e-05,7.1659747571023202e-06,5.2372464324460268e-08,0.0027913955009120921,2.3748284231867013e-05,1.574554902681019e-05,1.150762084192871e-07,3.6421339369980019e-06,7.2183472214267802e-06,0.24828803846193695
v3.1,c530bf2cab2728a7,2251,42e2b81914b8,3,fermi,common,1,1,0.10410297462728041,0.04137823928554122,0.044946714237963849,0.023501856738547922,0.013697304187689829,0.39747413014553729,0.43175244894669385,0.22575586166189349,0.13157457062807523,0.021814385886781983,0.037198803404373461,0.21897826349240965
v3.1,c530bf2cab2728a7,2252,e6a8f20f2d50,4,arctan,independent,10,1,0.15789165709696032,0.068805448650604298,0.081996970754574738,0.08196827600062298,0.14410461587724552,0.43577634129427933,0.51932427755964894,0.519142540573165,0.91268036910114725,0.00044137655950712384,0.2259648970544062,0.14658605374802333
v3.1,c530bf2cab2728a7,2253,5aa947d5321a,2,fermi,independent,10,0.7,0.43045847859834985,0.035497854763103062,0.00429952978900929,0.0042872554325822211,0.0006030654912274866,0.082465223774173188,0.0099882567141187026,0.0099597421022866017,0.0014009841162640731,1.2274356427068798e-05,0.0048903209238097076,0.48166221353005051
v3.1,c530bf2cab2728a7,2254,cc407aef03d1,3,fermi,independent,2,0.3,0.22242674638376167,0.0050489572606941657,0.0002525792058634758,0.00021562379906016267,1.2287175553326173e-05,0.02269941606744991,0.0011355613026308037,0.00096941488632009386,5.524144804117497e-05,5.6981111558141809e-05,0.00022783301119234608,0.21798369965512776
v3.1,c530bf2cab2728a7,2255,5bc3499a5d9a,4,arctan,independent,5,0.5,0.21356873451995026,0.02692820663242736,0.010491171117547073,0.010199308402042546,0.0063085936747621129,0.12608683894182973,0.04912316000339953,0.047756561488122642,0.029538938313898203,0.00034314388258663335,0.016507681737209855,0.030452370624928837
v3.1,c530bf2cab2728a7,2256,0817640e0219,2,arctan,common,1,0.05,0.12026016120402208,0.00079834274429590123,0.00037396864356619987,6.7946105328445789e-06,6.8676989034623041e-08,0.006638463946023721,0.0031096635812067458,5.6499263470281578e-05,5.7107015612686666e-07,0.00038076325409904449,6.8632875218792024e-06,0.26253045879944104
v3.1,c530bf2cab2728a7,2257,c58d134c5105,3,arctan,independent,5,0.3,0.32267509848354975,0.020074575899915327,0.0032095420878407769,0.003422067176911881,0.00090905353994735576,0.062212969002746726,0.0099466680351982667,0.010605302959522738,0.0028172410707227231,0.00021271876880290508,0.0043310330116335125,0.24652196164152704
v3.1,c530bf2cab2728a7,2258,734426a2a5f4,4,fermi,independent,5,0.5,0.29620426666604893,0.016740764272562436,0.0016105583282268307,0.0017190754116244108,0.00022989761375023161,0.056517633797073426,0.0054373231903598156,0.0058036821379165229,0.00077614551720629407,0.00013294215292053151,0.0019489112005105533,0.1535200439477524
v3.1,c530bf2cab2728a7,2259,2fbcd4bc6221,2,fermi,independent,1,0.1,0.33083324069268744,0.0014478252021157057,0.00014725722202016015,7.9042580928748604e-06,4.3742391579548404e-08,0.0043762990656086983,0.00044511011563359826,2.3891970698969646e-05,1.3221885288177834e-07,0.00015516148011303501,7.9480004844544082e-06,0.40347660810090674
v3.1,c530bf2cab2728a7,2260,861c4f43a9e3,3,fermi,independent,1,0.2,0.33043907917702831,0.0083889357227881836,0.00024669027186197579,0.00031451837661674372,1.3151484477102984e-05,0.025387238530264526,0.00074655295758712238,0.00095181955294169277,3.9800027617366807e-05,0.0001095564945030841,0.00032766485225380618,0.18949394293720997
v3.1,c530bf2cab2728a7,2261,6924c8fc458a,4,fermi,independent,2,0.7,0.11760538780638997,0.006376430828529114,0.0017432340514799622,0.00079999198897581498,0.00017248783847689252,0.054218866562698899,0.014822739706022594,0.0068023413203893044,0.0014666661255422564,0.0016574110549578724,0.00096366151902442965,0.059939824585386929
v3.1,c530bf2cab2728a7,2262,95e4fcce64b0,2,fermi,independent,1,0.1,0.44741472216167477,0.0020395275549443168,0.00029824316491417402,1.1237384539874038e-05,6.4437914716626008e-08,0.0045584721599914784,0.00066659220213679713,2.5116260112275368e-05,1.4402278585133628e-07,0.00028700578037430002,1.1301822454590664e-05,0.33119809800975031
v3.1,c530bf2cab2728a7,2263,a135d9e5494c,3,arctan,independent,5,1,0.1229400961720413,0.02587562021029656,0.016446788737603371,0.017634344078644604,0.029904753597733837,0.21047340140426149,0.13377888296579726,0.1434385088975956,0.2432465446902318,0.0039912430493385595,0.047105072375922083,0.11158377135947906
v3.1,c530bf2cab2728a7,2264,90a54759f2de,4,fermi,independent,5,0.2,0.04851157999769392,0.00037723639485888656,2.4432909642671374e-05,6.7342992737430438e-06,1.6485541416785522e-07,0.0077762133263195952,0.00050365107967691083,0.00013881838674525073,3.3982693240601913e-06,3.0098516772896138e-05,6.8991342567041769e-06,0.051718116148532438
v3.1,c530bf2cab2728a7,2265,99fc1a30e93f,2,fermi,common,10,0.05,0.35033822928110159,0.00015481070877145723,8.2326086827313027e-08,8.2157689504580263e-08,4.4151902741351496e-11,0.00044188928250602492,2.3499030350255291e-07,2.3450963280019101e-07,1.2602650539152337e-10,1.6839732273276826e-10,8.2201841407321603e-08,0.21753071522247358
v3.1,c530bf2cab2728a7,2266,be5f33a6300f,3,arctan,common,2,0.05,0.15631200575201815,0.00036283578597742029,7.2187025170965998e-05,1.5890504783184191e-06,8.4537677513271571e-09,0.0023212278815809111,0.00046181369641873457,1.0165888862301307e-05,5.4082651621390318e-08,7.0599594783591892e-05,1.5975038956484052e-06,0.082177722080076204
v3.1,c530bf2cab2728a7,2267,61f87da3e641,4,fermi,independent,2,0.05,0.19784383762876209,5.4302059747332796e-05,8.1438135827930035e-06,4.1198669695662986e-08,5.1218713053195777e-11,0.00027446930062702388,4.1162836712024403e-05,2.0823832669971225e-07,2.5888455090172452e-10,8.1844296149959303e-06,4.1249861387105565e-08,0.028997967105128603
v3.1,c530bf2cab2728a7,2268,4c452931e696,2,fermi,common,5,0.7,0.10491641244151474,0.0070416860416201961,0.0030107282203101458,0.00076410906688065999,8.9904628440142859e-05,0.067117106635204066,0.028696446535364187,0.0072830270221697652,0.00085691672397071193,0.0022466191534294853,0.00085401369532080282,0.34036441726246225
v3.1,c530bf2cab2728a7,2269,1827b7f97d19,3,arctan,common,2,0.2,0.3166079592122828,0.0082837491586961465,0.00074163809830158039,0.00046737711224349211,3.6739213473658477e-05,0.026164058475680856,0.0023424493185413534,0.0014762013987466435,0.00011604008176252185,0.00029768349825740981,0.00050373144027986345,0.14762358035719009
v3.1,c530bf2cab2728a7,2270,7a8e8e87e693,4,fermi,common,10,0.1,0.32716020395257028,0.00084642890818623626,7.805877188607093e-06,3.5204812900188669e-06,1.7999128561530959e-08,0.0025872000871748646,2.3859494811107106e-05,1.0760725930251727e-05,5.5016253028563227e-08,4.3331459388037627e-06,3.5384334671203632e-06,0.089145979542518239
v3.1,c530bf2cab2728a7,2271,20ae716aba8a,2,fermi,common,10,0.2,0.26446819296368362,0.0027604780259646426,6.9121555655539949e-05,3.9793334005522537e-05,6.3158945579016611e-07,0.010437845077058878,0.00026136056242132536,0.00015046548153708185,2.3881490197836191e-06,2.9328221650017416e-05,4.0424923461312699e-05,0.13480320575306293
v3.1,c530bf2cab2728a7,2272,b0490fea70fd,3,arctan,common,3,0.3,0.3926447833467539,0.020190023643877741,0.0019842430086006802,0.0019844543188493129,0.00024817910095535362,0.051420582929399203,0.0050535320797789598,0.0050540702513212667,0.0006320702871434326,2.7042038396966174e-07,0.0022309909241396289,0.083170320351745056
v3.1,c530bf2cab2728a7,2273,60c4f2fd63c8,4,fermi,common,10,0.3,0.2428996827630357,0.00330135976058388,6.1848018897069695e-05,8.3552707632875096e-05,2.880678561568104e-06,0.013591453570586049,0.00025462371211660423,0.00034398030776510379,1.1859540238174752e-05,4.9231540117297022e-05,8.6426170442049867e-05,0.13079484525437166
v3.1,c530bf2cab2728a7,2274,b616388febf0,2,arctan,independent,2,0.3,0.37347711320797472,0.034916781272236193,0.009331214684246936,0.008132101842864491,0.0025640555401079484,0.093491086970013099,0.024984702821805174,0.021774029934562664,0.0068653618908104995,0.0011991128413824461,0.010696157382972438,0.43427192828731709
v3.1,c530bf2cab2728a7,2275,08aa6d1d45d4,3,fermi,common,1,0.5,0.21567409181369582,0.011498361106093629,0.00060780049403083493,0.00065653425135610277,3.9062532510375421e-05,0.053313594643654164,0.0028181432870289622,0.0030441034703567083,0.00018111833545643731,5.0347979135465751e-05,0.00069547465257957335,0.0093628616162217179
v3.1,c530bf2cab2728a7,2276,1d30202c0848,4,fermi,independent,2,1,0.055742326840517664,0.014033489747690057,0.0088472160030637868,0.0063983778914901979,0.0035799499552312576,0.25175643973099227,0.15871630239577608,0.11478490859910392,0.064223188340768803,0.0040598355632080023,0.009978320722756456,0.057394944452368937
v3.1,c530bf2cab2728a7,2277,2371e471ed5b,2,fermi,common,5,0.3,0.064538279472277291,0.00031153381136121401,5.422228002194624e-05,3.3859372362432717e-06,5.5471987566304419e-08,0.0048271167733102459,0.00084015688774656083,5.2464014596139277e-05,8.5952070646898269e-07,5.7608217258189515e-05,3.4414092238095758e-06,0.14983969073243672
v3.1,c530bf2cab2728a7,2278,243ceb0f672e,3,arctan,independent,3,0.3,0.1997015222194479,0.01220504547118789,0.00063614494205621304,0.0023161061576434157,0.00074001178339774842,0.061116436848067772,0.0031854786833180292,0.011597839274846861,0.0037055890970353481,0.0016800409486650489,0.0030558313275879977,0.12234593283913744
v3.1,c530bf2cab2728a7,2279,d265fde7355f,4,fermi,independent,10,0.2,0.089820421924278332,0.00033708007623039517,1.459080339065726e-06,2.5001225389624562e-06,2.678929449036212e-08,0.0037528222313914883,1.624441644569183e-05,2.783467818788632e-05,2.9825393731668736e-07,2.7606121373609328e-06,2.5267641102869588e-06,0.0035655860173560332
v3.1,c530bf2cab2728a7,2280,b2e0861750a1,2,fermi,common,10,0.1,0.15639610186394134,0.00055036723020134449,4.4029926963607189e-06,2.4528238330228093e-06,1.1452789127878571e-08,0.0035190597696619255,2.8152828899732775e-05,1.5683407730690582e-05,7.3229377148044661e-08,1.95016886333791e-06,2.464276622150688e-06,0.059091408475694121
v3.1,c530bf2cab2728a7,2281,732b820cf2ea,3,arctan,common,10,0.3,0.081379029362768363,0.0016889706828352874,0.00013857318788346772,0.00011201922163176268,1.1105896826701731e-05,0.020754372423222912,0.0017028120016735688,0.0013765121372043849,0.0001364712372912963,5.9254046802787779e-05,0.00012312163946702245,0.082905111099316489
v3.1,c530bf2cab2728a7,2282,96517e16ac3a,4,fermi,common,10,0.3,0.29105676736988256,0.0042188602978591502,0.00017323098962758365,0.00010323458728659301,3.1410802155647467e-06,0.014494974076647089,0.00059517939126781127,0.0003546888403230281,1.079198482120493e-05,7.0895577374195876e-05,0.00010637447535520725,0.064624812907780008
v3.1,c530bf2cab2728a7,2283,b3a8349db6fc,2,fermi,independent,2,0.3,0.05529811787160651,9.7955168990222091e-05,0.00050824964416410162,5.0799139039614345e-06,2.2659645956996434e-07,0.0017714015008188618,0.0091910839595694196,9.1864137505659623e-05,4.0977246295449963e-06,0.00051332955806806298,5.3065103635313983e-06,0.16466976885471454
v3.1,c530bf2cab2728a7,2284,6f62cdba64e1,3,arctan,common,1,0.05,0.2844381543420077,0.00025230306722715548,0.00099105222969909728,9.2025542554931705e-07,2.091227292314838e-08,0.00088702258601983097,0.0034842450443812777,3.2353445256953969e-06,7.3521335319886504e-08,0.00099196137247127667,9.4108315330215546e-07,0.12785455071517157
v3.1,c530bf2cab2728a7,2285,96dbb385ada7,4,arctan,common,3,1,0.1734297379939444,0.10399754295268111,0.21928461299285759,0.20195274400623914,0.6454608944275958,0.59965230966509542,1.2644003014091751,1.1644643320241346,3.721742890773053,0.020222152840748124,0.84701843009380628,0.13867346305694153
v3.1,c530bf2cab2728a7,2286,909a1df3bfdd,2,arctan,common,2,0.1,0.12006508055901402,0.0023450454139616948,7.2582923300345444e-05,9.4454589260037236e-05,3.9675158822708934e-06,0.019531452467639543,0.00060452983467303557,0.00078669492262249566,3.3044710950081708e-05,0.00016703751256038268,9.8422105142308123e-05,0.4795117848397536
v3.1,c530bf2cab2728a7,2287,da08afa27857,3,fermi,common,2,0.05,0.14277156044015468,0.00014282139600544771,1.4461390422716711e-05,2.6221848366496732e-07,5.7109534410037301e-10,0.001000349058069684,0.000101290413707977,1.8366296680975271e-06,4.0000637545721729e-09,1.4379332895670095e-05,2.6278687621478456e-07,0.072162726192452897
v3.1,c530bf2cab2728a7,2288,46c044376453,4,arctan,common,5,0.05,0.14761774538173184,0.00012298866750978902,1.0588645435769334e-06,3.4285993155386961e-07,1.6586734164684305e-09,0.00083315638774827982,7.1730166372529578e-06,2.322620025575188e-06,1.1236273878720929e-08,8.6580713569302592e-07,3.4451347497978086e-07,0.012167861531688267
v3.1,c530bf2cab2728a7,2289,ce43299c9b55,2,fermi,common,5,1,0.039459182612635327,0.0045902444019846706,0.0037917739370845081,0.00076592303500046363,5.5476967804887163e-05,0.11632892771871095,0.096093575336006432,0.019410514468062131,0.00140593302069878,0.0030258509020840442,0.0008214000028053508,0.41118270251046612
v3.1,c530bf2cab2728a7,2290,e5a9bb265860,3,fermi,independent,1,0.5,0.12848343787468358,0.015546266993193454,0.002920849332733024,0.0034551340895221877,0.00084412545654838388,0.12099821774971897,0.022733275051231714,0.026891669048365249,0.0065699164850469075,0.0024376983229020275,0.0042976043259346794,0.13788743942521275
v3.1,c530bf2cab2728a7,2291,f48d792a57e5,4,arctan,independent,5,0.05,0.16521898864785486,0.0002069906567353189,3.5291902998407265e-06,7.7295323848182732e-07,4.7395459471490374e-09,0.0012528260730157083,2.1360682139041455e-05,4.6783559493230382e-06,2.8686448125226274e-08,3.9538688076674217e-06,7.7769144340476556e-07,0.058691002286074503
v3.1,c530bf2cab2728a7,2292,6592bd02ceb3,2,arctan,independent,5,0.2,0.46890573037195343,0.016905184568814208,0.0015023967379266508,0.0013889142967090922,0.00015701101086418504,0.036052416240263022,0.0032040485765334834,0.0029620331054759212,0.00033484557917353255,0.00011348244121755871,0.001545925307573277,0.38038732895085381
v3.1,c530bf2cab2728a7,2293,3bf32de63cd1,3,fermi,independent,5,0.7,0.10238388588710112,0.0062576236649431001,0.00102878714879576,0.00072715136867204362,0.00010918075938559371,0.061119224091996195,0.010048330749334962,0.0071022052188356539,0.0010663861645765966,0.00043959846643394038,0.0008362385247565312,0.13425846229389443
v3.1,c530bf2cab2728a7,2294,6953b41b1fe9,4,fermi,common,1,0.2,0.47392565445098656,0.0051496458496718654,0.0015528349186266293,7.8927536729981977e-05,1.3633006813659555e-06,0.010865936041460786,0.0032765369505592438,0.00016653991188009146,2.8766129635781265e-06,0.0014743631610592664,8.028629578165371e-05,0.046246524475204151
v3.1,c530bf2cab2728a7,2295,8ac38df99654,2,fermi,independent,3,0.1,0.39054491205501096,0.0014511773890447815,3.3329770357682869e-05,7.3394916497768201e-06,3.9867407041981808e-08,0.003715775943434575,8.5341709311496903e-05,1.8792951650956347e-05,1.0208149129943398e-07,2.5990278707906048e-05,7.3793590568188019e-06,0.17628131962695046
v3.1,c530bf2cab2728a7,2296,6a0d9845d131,3,arctan,common,3,1,0.096447155200484844,0.061272107230196722,0.099772982735052848,0.090247020302885714,0.17795384223318481,0.63529201149406955,1.0344834176565871,0.93571469386825457,1.8450916656201202,0.0095386273296880122,0.26802600625706308,0.031227228304316193
v3.1,c530bf2cab2728a7,2297,a3eb26309c8e,4,fermi,independent,10,0.2,0.33297080333645268,0.0018590952856919905,1.6620827765650902e-05,1.5420031156667972e-05,1.5932045716077762e-07,0.0055833582616354946,4.9916772278848335e-05,4.6310460263048027e-05,4.7848176345897557e-07,2.5613831552047521e-06,1.5577281150056646e-05,0.11688598901285137
v3.1,c530bf2cab2728a7,2298,6bdd6e489465,2,fermi,common,1,0.7,0.19718791530608437,0.017706221471070725,0.061124283621304072,0.0010805955872994059,0.00021773165631879061,0.089793644015082233,0.30997986629365232,0.0054800294714919748,0.0011041835701788179,0.060043688034004665,0.00086286393098061514,0.22713737904914574
v3.1,c530bf2cab2728a7,2299,be025295c699,3,fermi,independent,5,0.05,0.37717760713752657,0.00019522165402107832,9.2167535661238531e-07,1.7394092006874557e-07,1.981504682943859e-10,0.00051758548314321477,2.4436110181809493e-06,4.6116449327099954e-07,5.2535056308933054e-10,8.0149473843911029e-07,1.7413792764894939e-07,0.10440725914085526
v3.1,c530bf2cab2728a7,2300,33df06564134,4,arctan,independent,1,1,0.044566413697751606,0.018906757726451177,0.047532695786333713,0.049078968443266258,0.23229195581757889,0.42423780954591439,1.0665586894359362,1.1012546079233276,5.2122649444709106,0.017471162529659724,0.26518316390186047,0.11584617184885534
v3.1,c530bf2cab2728a7,2301,08c51d9351c4,2,fermi,common,1,0.05,0.27668743149978697,0.00010163444590743829,3.6333128434288677e-06,6.5750981194964619e-08,5.1623894247604649e-11,0.00036732584981011881,1.3131470496272488e-05,2.3763631343339584e-07,1.8657838546469863e-10,3.6990638246238325e-06,6.5802605089212217e-08,0.22397421101466844
v3.1,c530bf2cab2728a7,2302,c8752c19ca05,3,arctan,common,2,0.3,0.36782497110506202,0.037229072122690242,0.01118166968894233,0.010242067798181178,0.0044389446120421229,0.10121409650585274,0.030399430618723557,0.027844949643877581,0.012068089337997188,0.0010814959554441797,0.01465252463486876,0.2248006138052463
v3.1,c530bf2cab2728a7,2303,003ab3deea71,4,fermi,common,1,0.7,0.095901361832918211,0.0093546258626962513,0.024795744024074765,0.011346306873029139,0.011695553928799748,0.097544244251652215,0.25855466022760487,0.1183122601824671,0.1219539921568167,0.035007282746276236,0.023017946401064863,0.11146219079769261
v3.1,c530bf2cab2728a7,2304,e9f5dd411d37,2,fermi,independent,3,0.3,0.30399916219103268,0.010374843804458451,0.00059523910108615291,0.00046388171731052866,2.179583071818582e-05,0.034127869727282052,0.0019580287550664544,0.0015259309070694937,7.1697009166391551e-05,0.00013135738377562434,0.00048567754802871443,0.12615241808942745
v3.1,c530bf2cab2728a7,2305,541664e81584,3,fermi,common,1,1,0.16030255078136535,0.05478278155801794,0.0318840048856842,0.027544442001604882,0.01574666432484292,0.34174616243465455,0.19889892412984991,0.17182784595344588,0.09823090305231387,0.044038302771425286,0.043248179464506646,0.17169192349875764
v3.1,c530bf2cab2728a7,2306,a36b6902ca36,4,arctan,independent,10,1,0.12511620208839189,0.035797805735881739,0.040857569568803584,0.041213431913237543,0.089949879113073075,0.28611646723892215,0.32655698372252856,0.32940123841132218,0.71893070291188532,0.00071522790035143265,0.13108773016921538,0.084672715292922376
v3.1,c530bf2cab2728a7,2307,60b58d62cf1a,2,arctan,independent,1,0.1,0.40525927108299153,0.0066821917282035579,0.00012926318970387794,0.00024307015086824692,1.1018008510860616e-05,0.016488683183845377,0.00031896417658365333,0.00059978924163457204,2.7187554479424305e-05,0.00037233334057212484,0.00025408815937910754,0.42334054904410906
v3.1,c530bf2cab2728a7,2308,c0cbca2e06f0,3,arctan,independent,3,0.1,0.19523824704024484,0.0013553492136587713,8.0252270532564331e-05,2.531114824903591e-05,7.0414994221957483e-07,0.0069420271601772299,0.00041104789532361337,0.00012964236584145562,3.606618851041144e-06,5.6039447182733588e-05,2.6015196991481823e-05,0.2515254370788047
v3.1,c530bf2cab2728a7,2309,bdd26f944d9f,4,arctan,independent,3,1,0.18627580784214792,0.11506516585802977,0.26198318514475755,0.26497123563531727,1.1374730677835361,0.61771395432914833,1.4064262460038013,1.4224672473832818,6.1063918120137357,0.012055693211104288,1.4022965095732183,0.036490623137446429
v3.1,c530bf2cab2728a7,2310,b7883cd17497,2,arctan,independent,10,0.5,0.36208480648963598,0.064303589907869094,0.024741184705388861,0.024685351693640157,0.01270681009927079,0.17759262127368403,0.068329806338054758,0.068175607623422146,0.035093463938632566,5.5833011748706465e-05,0.037392161792910945,0.27738811092082893
v3.1,c530bf2cab2728a7,2311,ab9903c566f3,3,arctan,independent,10,1,0.16728485741114349,0.065059810856411396,0.080208286977182922,0.079669491384974256,0.16053571045143539,0.38891631832826917,0.47947129356754281,0.47625046652708664,0.95965476454859022,0.00057464189950521183,0.24018755525312424,0.21945220349197159
v3.1,c530bf2cab2728a7,2312,fd11a89bb783,4,arctan,common,3,0.1,0.21878237105312276,0.00092398595756142642,6.6976876112101179e-05,9.7306320649452438e-06,1.5692464356641184e-07,0.0042233108321925649,0.00030613470267144355,4.4476307748683002e-05,7.1726365708098491e-07,5.7260866314365009e-05,9.8838914421641198e-06,0.022631067921702979
v3.1,c530bf2cab2728a7,2313,edc669bb3cdc,2,arctan,common,10,0.05,0.48241614499224711,0.00076964481805080135,2.2437893774117706e-06,2.256880485207248e-06,8.0366404814708108e-09,0.0015953960621760913,4.651149014608187e-06,4.6782855603713637e-06,1.6659144941345126e-08,1.309110779547732e-08,2.264917125688719e-06,0.46369549250315528
v3.1,c530bf2cab2728a7,2314,d32774ecd14d,3,fermi,independent,5,0.5,0.31180211383028567,0.013025449334384074,0.00096445184797018264,0.00094457445284986839,8.7247584765826392e-05,0.041774730691767681,0.0030931536548053523,0.0030294036215674971,0.00027981716895388134,9.6562447299917254e-05,0.0010317602345265796,0.21252486951858732
v3.1,c530bf2cab2728a7,2315,104fadd584af,4,fermi,independent,10,0.3,0.11574725425580348,0.00079142488599369897,2.7775693638629645e-05,1.1550535159908675e-05,2.3166548208316048e-07,0.0068375262210940736,0.00023996848838629786,9.9791007865999024e-05,2.0014771285301997e-06,2.1137752586074746e-05,1.1781658832130871e-05,0.1418674205383488
v3.1,c530bf2cab2728a7,2316,79f171747fd6,2,arctan,common,5,0.5,0.23939971783365352,0.037344364571294156,0.016996053504258285,0.016696019976992965,0.011618709360828325,0.15599168164952817,0.070994459216814798,0.069741184860519195,0.048532677757379669,0.00030003352726532104,0.028314729337821289,0.48713859060398074
v3.1,c530bf2cab2728a7,2317,f22a12654d9f,3,arctan,common,1,0.3,0.24890739752047383,0.043735170031419059,0.019160209487339049,0.027743995374973417,0.02355851166115825,0.17570859872825448,0.076977260130499048,0.11146312102954409,0.094647695873403881,0.0085945366534013745,0.051301937988763605,0.18019924101628818
v3.1,c530bf2cab2728a7,2318,b451bcbab8d2,4,fermi,independent,3,0.5,0.25870568952879464,0.016894137599585472,0.0022040900418099198,0.0020432186819571803,0.00032411013407233788,0.065302535983481375,0.0085196813638866598,0.0078978498141215586,0.0012528140941263047,0.00037062757509407485,0.0023666711474064142,0.1742919287803805
v3.1,c530bf2cab2728a7,2319,0dd83da6a79e,2,arctan,common,5,0.2,0.46862156975356106,0.017483703962424775,0.0014132151199449353,0.0013508898778466748,0.00013641983596899198,0.037308790484439532,0.0030156851736212603,0.0028826882180371712,0.00029110874269132022,6.2325242098260544e-05,0.0014873097138156665,0.3137322689360505
v3.1,c530bf2cab2728a7,2320,6ba4ed8df0cc,3,arctan,independent,5,1,0.26427014437841473,0.14200765100745072,0.24292423993260595,0.2416645831671205,0.67679142525835723,0.53735790450890497,0.91922695431216372,0.91446040465727074,2.5609832955221887,0.0014207204235434066,0.91786656165584679,0.25438451131693912
v3.1,c530bf2cab2728a7,2321,8f2aeb4914dc,4,fermi,common,5,0.2,0.13126673340906458,0.00039752343157175549,3.0360959409802462e-05,3.0986751956678766e-06,5.3073334771756787e-08,0.0030283638607274477,0.00023129210746175157,2.3605944287586718e-05,4.0431671752175881e-07,3.0273067540819789e-05,3.1496372311345367e-06,0.052626682152773357
v3.1,c530bf2cab2728a7,2322,3cd8c7597984,2,fermi,independent,5,0.7,0.083312589514870028,0.0022711997629712563,6.5749706764418702e-05,0.00013724789768964428,1.2181158972915533e-05,0.027261183168071877,0.00078919293167190995,0.0016473848489026695,0.00014621030319482965,0.00020299760445406298,0.00014942905666255981,0.12146208213676103
v3.1,c530bf2cab2728a7,2323,b734220dedb7,3,arctan,common,2,1,0.09399967865508041,0.03960339244538022,0.07068863059922452,0.029696749893497472,0.027605040151662749,0.42131412587802258,0.75200927929346706,0.31592395121334227,0.29367164384631411,0.04100063541045959,0.057283146473154765,0.018264110296418438
v3.1,c530bf2cab2728a7,2324,9130a74e00fd,4,fermi,common,10,0.2,0.18799792005971178,0.00061789389097133155,1.1961959991140702e-05,3.8716450504748357e-06,3.1450396492102751e-08,0.0032867059953380147,6.3628150712206557e-05,2.0594084494366354e-05,1.672911938712593e-07,8.3304165911887491e-06,3.903056820670012e-06,0.013711781145633296
v3.1,c530bf2cab2728a7,2325,6ae5957f7300,2,arctan,independent,5,1,0.071974987855761147,0.016431241439504033,0.015894973974883125,0.010839911840374254,0.011054464119171921,0.22829099287147453,0.22084024531878865,0.15060665049499675,0.15358757880342011,0.0050550621345088727,0.021894375959546172,0.32623860782688641
v3.1,c530bf2cab2728a7,2326,449534806bca,3,fermi,independent,10,0.2,0.44661120126727238,0.0039022039758946497,4.8712491552141693e-05,5.5634333856266454e-05,9.7224253659821905e-07,0.0087373625310382536,0.00010907136098225609,0.00012456994741377378,2.1769327187483258e-06,7.0682467340804536e-06,5.6606373510364368e-05,0.14761215924381757
v3.1,c530bf2cab2728a7,2327,6322f9849e92,4,arctan,common,5,0.5,0.2156995892465392,0.024672944596323527,0.0071406380607450951,0.0071578128417467265,0.0032772218432227918,0.11438568187593057,0.033104551036411689,0.03318417465118826,0.015193454260485446,0.00031985991364998518,0.01040671605493091,0.079797553782815028
v3.1,c530bf2cab2728a7,2328,5696591797b5,2,fermi,independent,5,1,0.19908340104496666,0.029210693973956574,0.0077364336668354471,0.0067175711069407829,0.0017897189068588333,0.14672591396687462,0.038860264724370618,0.033742497223178819,0.0089897947165097514,0.001018862559894664,0.0085072900137996166,0.17451214370325224
v3.1,c530bf2cab2728a7,2329,340fd3c0fad2,3,fermi,independent,10,0.05,0.2841587801979078,8.6333222985695313e-05,2.3987424106154295e-07,4.6169835144470826e-08,3.2294545954885155e-11,0.00030382036031252277,8.4415565443544616e-07,1.6247900245178052e-07,1.1364965014416589e-10,2.1352080497336362e-07,4.6201923098869091e-08,0.088185943258889649
v3.1,c530bf2cab2728a7,2330,9eafa7d83a77,4,arctan,independent,3,0.1,0.34693586157002576,0.0042577964576642948,0.00020775925861153525,0.00014749554372701137,8.029720480146381e-06,0.012272575220088334,0.00059884053977971659,0.00042513778500594921,2.3144682835059577e-05,6.7970709280232801e-05,0.00015550028366410884,0.044836822220969803
v3.1,c530bf2cab2728a7,2331,f9c3a5c981d9,2,fermi,common,10,0.05,0.43877545309885502,0.00032591939112660737,1.1403698199420771e-06,3.2036241231982932e-07,3.4272684729755849e-10,0.00074279312761185517,2.5989827185823781e-06,7.3012838356673624e-07,7.8109849782399517e-10,8.2000740762224773e-07,3.2070513916712687e-07,0.22180946943510571
v3.1,c530bf2cab2728a7,2332,a6f48860017f,3,arctan,common,1,0.05,0.31305254091734325,0.00051092531609863128,3.8202860863988145e-05,2.4032995704280907e-06,2.060393320788487e-08,0.0016320752887085919,0.0001220333837637658,7.6769847112106508e-06,6.5816214580174973e-08,4.0097335748283633e-05,2.4239032001118566e-06,0.038662147714945541
v3.1,c530bf2cab2728a7,2333,718c1604bcf1,4,fermi,common,3,0.1,0.062047892818476079,3.8226197414750572e-05,5.8652315753900755e-05,4.6525604442421331e-08,8.7661261587314549e-10,0.00061607567442431999,0.0009452749012039903,7.4983375468582135e-07,1.4127999776522878e-08,5.8692510642015502e-05,4.7312014975102097e-08,0.026970350075665478
v3.1,c530bf2cab2728a7,2334,6ce94214d012,2,fermi,independent,3,0.05,0.17648686306854164,7.7726784019606609e-05,4.4462666393150394e-06,4.8028931931822408e-08,3.1916250715451774e-11,0.0004404111596080673,2.5193187538203663e-05,2.7213884986538382e-07,1.8084207606464489e-10,4.3982377073832174e-06,4.8060848182537864e-08,0.11928290745769686
v3.1,c530bf2cab2728a7,2335,dc3304e0cfdc,3,fermi,independent,3,0.7,0.33070352496737959,0.038025506289283043,0.0082458482235738487,0.008468546852364681,0.0025062795045332682,0.11498367395096214,0.024934261660462236,0.025607670354284896,0.0075786295437294962,0.00031329137572015821,0.010972340435329589,0.22554409609512763
v3.1,c530bf2cab2728a7,2336,2908d23d1b5a,4,fermi,common,5,0.3,0.1506086053799412,0.0012985065173992387,0.00013463580672225459,2.7023955944784155e-05,8.5637616109478658e-07,0.0086217285800070254,0.00089394497998708685,0.00017943168570355369,5.6861037849358044e-06,0.00015156234740769977,2.7872144939405137e-05,0.068675546606713239
v3.1,c530bf2cab2728a7,2337,29385bc66210,2,arctan,common,5,0.7,0.22241941043063074,0.085242324084371504,0.071156510490000324,0.07103285003389917,0.076143232531666605,0.383250382326489,0.31992041680279953,0.31936443809634701,0.34234077135733859,0.00012366045610115719,0.14717608256556577,0.14650162112862114
v3.1,c530bf2cab2728a7,2338,c3fe59293487,3,arctan,independent,3,0.05,0.23767031421734716,0.00085787378232061681,1.6088213372920148e-05,7.8893348092624832e-06,1.0809424672602248e-07,0.0036095117101418886,6.7691303501234222e-05,3.3194447675311122e-05,4.5480752226873125e-07,1.2501853323031083e-05,7.9972849970056685e-06,0.146022791057136
v3.1,c530bf2cab2728a7,2339,f8b120447dda,4,arctan,independent,10,0.3,0.21003969594100083,0.0070725098750364576,0.00058443732824280874,0.00063728718352859732,9.0185632620871491e-05,0.033672253444049415,0.0027825089234892746,0.0030341273380418924,0.00042937422955613219,5.5142884865970252e-05,0.00072731888650392042,0.13690196620862669
v3.1,c530bf2cab2728a7,2340,9edf2e56752a,2,fermi,independent,5,0.5,0.22279253675236199,0.015418856167362605,0.0015934915473473782,0.0014525953177785375,0.00014863129954523373,0.069207238232135884,0.0071523560464620654,0.00651994604017245,0.00066712871854608018,0.00014089622956884069,0.0016012266173237712,0.10996932988223494
v3.1,c530bf2cab2728a7,2341,3e4a393965a0,3,fermi,independent,3,1,0.089236702299910431,0.0097493017190521756,0.0017858023917911808,0.0020882801914437507,0.00061411201725996515,0.10925215150024611,0.020011972044746584,0.02340158407496247,0.0068818322666836327,0.000950896215835786,0.0027023922081600179,0.077862688265979543
v3.1,c530bf2cab2728a7,2342,af869669d794,4,arctan,common,3,0.3,0.20197497358214075,0.011650254673532714,0.0014451240568399979,0.0014092259666146233,0.0002996996036975298,0.057681674451585944,0.0071549659406306768,0.0069772306024909973,0.0014838452427159033,0.0016664987251337686,0.0016957229802022607,0.045043017545096549
v3.1,c530bf2cab2728a7,2343,c82971e8e293,2,arctan,independent,1,0.5,0.12062411410085469,0.045864348455253529,0.034552574759453732,0.038208695394252132,0.038220651848063329,0.38022537033437626,0.28644831936808318,0.31675835034365984,0.31685747193224373,0.0036561206347984015,0.076429347242315454,0.48433664783472397
v3.1,c530bf2cab2728a7,2344,04916bac7e3d,3,fermi,independent,1,0.5,0.11803158225004221,0.0053246621291072674,0.0091325726674904902,0.0014068531264918212,0.00032033968867624081,0.045112181228133652,0.07737397477349521,0.01191929396923185,0.0027140167281467266,0.010497011155612156,0.0017270305092740106,0.11671683038376976
v3.1,c530bf2cab2728a7,2345,b6921bde216d,4,fermi,common,5,0.3,0.20043894447352609,0.0022932597833539231,8.1726732455318684e-05,6.8727805126960864e-05,2.728061673984691e-06,0.011441188684052446,0.00040773878883658323,0.00034288648499662406,1.361043723888205e-05,1.6882795176635589e-05,7.1449204919409119e-05,0.036694991630653234
v3.1,c530bf2cab2728a7,2346,5af17abd2909,2,arctan,common,3,0.1,0.23230816307122676,0.0018159282621326854,0.00010199229293375959,3.9065631219016176e-05,1.2658675703289915e-06,0.0078168938969910996,0.00043903878187219914,0.00016816297241797085,5.4490877702858452e-06,0.00014105792415277575,4.0331498789345165e-05,0.37403161471983842
v3.1,c530bf2cab2728a7,2347,9415f4b02375,3,arctan,independent,3,0.7,0.19169256428108197,0.069895808333772638,0.072061770796742766,0.076229988165359475,0.14139548185520295,0.36462451528001505,0.37592366228184732,0.39766794529172339,0.73761589232993108,0.0056996258854030519,0.21758582454368647,0.15925978544064762
v3.1,c530bf2cab2728a7,2348,9baeeacdd09e,4,fermi,common,2,0.5,0.15981922100184159,0.012803837161857528,0.0005115840715049731,0.0019524902830359593,0.00039537687829466287,0.080114501131938243,0.0032010171761447776,0.012216867725900509,0.0024739006723734874,0.0021845467809962988,0.0023475279343324602,0.15231491075082995
v3.1,c530bf2cab2728a7,2349,253a6839b043,2,arctan,common,2,0.2,0.26861994642859038,0.016209179144775241,0.0065681674408810458,0.0020137820183224221,0.00029375982385455819,0.060342425647397967,0.024451525391942997,0.0074967702328008748,0.0010935890195803123,0.0045543854225586237,0.0023075418421769807,0.34210304837040445
v3.1,c530bf2cab2728a7,2350,1280bd3b5b93,3,arctan,common,2,0.3,0.077680452711163778,0.0044232413064344321,0.0028228135953582137,0.00067174055793012093,0.00012409137700747261,0.056941497533249438,0.036338789191331981,0.0086474851070684131,0.0015974594981941824,0.0022029386100593492,0.00079350172025133823,0.041651436406993932
v3.1,c530bf2cab2728a7,2351,bfe8fa533676,4,fermi,common,5,0.05,0.16928474072701094,8.784041664200677e-05,8.0004000126126214e-07,1.0785042904347194e-07,1.993280933237267e-10,0.00051889152126037444,4.7260018701355307e-06,6.3709480594823285e-07,1.1774723018016357e-09,8.4629408326332971e-07,1.0804968830733403e-07,0.11473213807755779
v3.1,c530bf2cab2728a7,2352,1f9a03392bcf,2,arctan,independent,3,0.3,0.21292936251109346,0.019269019708670395,0.0043699754964623616,0.0037632955502745627,0.00095057555173819338,0.090494892209459804,0.020523122996879726,0.017673915452024604,0.0044642765118346186,0.00060667994618779949,0.0047138711020127564,0.11567785681156166
v3.1,c530bf2cab2728a7,2353,fb0350ecbc0f,3,fermi,common,3,0.3,0.20732425003631816,0.0046963925040238875,0.00027247664443274844,0.00017876788673971573,8.0984948982491373e-06,0.022652403195483374,0.0013142536118424023,0.00086226230992467092,3.9061976092186411e-05,9.7359556792253688e-05,0.00018686262902406194,0.17351854215674375
v3.1,c530bf2cab2728a7,2354,76e4ea3f1801,4,fermi,independent,3,0.7,0.21519613828902731,0.013625722516932651,0.0020984843329350817,0.0016400703294176657,0.00037495349617665502,0.063317690667070006,0.0097514962378954639,0.0076212814154448588,0.0017423802265125201,0.00047242024429106929,0.0019913872447261216,0.0092975543931684626
v3.1,c530bf2cab2728a7,2355,a94d1e957f9e,2,arctan,independent,1,0.1,0.21787100547036542,0.0024296495407248372,0.0013739955494898033,4.4564054656027204e-05,9.2755676339287769e-07,0.011151780088770534,0.0063064635265415924,0.00020454330102262624,4.2573666991179465e-06,0.0013294314948337762,4.549161141942008e-05,0.25217355026679505
v3.1,c530bf2cab2728a7,2356,f9136855ba3d,3,arctan,independent,3,0.7,0.17676629539968655,0.031580573811713343,0.021556687026483706,0.020900122979764374,0.024178409830322108,0.17865721369736498,0.12195021102717488,0.11823590539422163,0.13678178736309582,0.001695341692494334,0.044985049187390401,0.07356781153711521
v3.1,c530bf2cab2728a7,2357,9dd8b1f9f703,4,fermi,independent,3,1,0.18466205663258831,0.029022808204120856,0.0098891765656832619,0.0084398931780330227,0.0031865578617438976,0.15716714485567496,0.053552834545535249,0.0457045336326206,0.017256159277398347,0.001622134776377398,0.011616304183018396,0.07995305208688934
v3.1,c530bf2cab2728a7,2358,061db67eff98,2,fermi,common,1,0.05,0.32426005026801002,0.00028330186408252891,3.1309597505772644e-05,3.4838631425642925e-07,4.3437706934207717e-10,0.00087368722680568258,9.6557061160924338e-05,1.0744040592372639e-06,1.3395947758074186e-09,3.165798382002907e-05,3.4882069132577129e-07,0.37475021407398035
v3.1,c530bf2cab2728a7,2359,18c5fd53dddb,3,arctan,common,2,0.3,0.13661859830171288,0.0056636603800655745,0.00017709934902287517,0.001182963951032864,0.00043851076259292346,0.041455998308208127,0.0012963048312921736,0.0086588792868476702,0.0032097442664760934,0.0013132284691253716,0.001621470387449151,0.10227527952351408
v3.1,c530bf2cab2728a7,2360,02788eba1456,4,arctan,independent,5,0.1,0.32972923026503825,0.001884337769129169,3.2879825337782433e-05,2.6842211597050897e-05,5.59800787382974e-07,0.005714803530201212,9.9717654122910007e-05,8.1406830615153453e-05,1.6977590580398436e-06,7.7916501319659749e-06,2.7401959116831353e-05,0.020337972830039196
v3.1,c530bf2cab2728a7,2361,015edcbcdfe5,2,arctan,common,5,0.2,0.27761270416800832,0.015582176813435078,0.001782737418522185,0.0017149575951513135,0.00023577613814506596,0.056129192142463723,0.0064216708808948848,0.0061775184255020224,0.0008492988058730075,6.7779823370871405e-05,0.0019507337332963794,0.11523007205208402
v3.1,c530bf2cab2728a7,2362,37aafac6f792,3,fermi,common,5,0.5,0.10674572817147933,0.0036325112508950315,0.00050908057092231352,0.00026648696991495062,2.6566716543112977e-05,0.034029570204998402,0.0047690954911517609,0.0024964649591116047,0.00024887849844853235,0.00025811313057867626,0.00029301234524749248,0.17744071379364196
v3.1,c530bf2cab2728a7,2363,9b142e814f75,4,fermi,common,10,1,0.18004870532790404,0.015935480696373062,0.0025883418749308102,0.0031833704053887552,0.00091208126020984144,0.088506499768223404,0.014375787208338608,0.017680607031254198,0.0050657473962323826,0.00068088427948752859,0.0040953230096365126,0.05675416494982366
v3.1,c530bf2cab2728a7,2364,b43e9d9e482b,2,arctan,common,1,0.2,0.055849498890084046,0.0091523942029922926,0.014192197176178357,0.0017221934953389232,0.00030240168646199363,0.16387603084863631,0.25411503161576532,0.030836328517975204,0.0054145819115967823,0.01591439067151728,0.0020245951818009169,0.28892122234271672
v3.1,c530bf2cab2728a7,2365,d9e6f7df7741,3,arctan,common,10,0.5,0.20695293253196062,0.023349579592743506,0.010027117617108989,0.010383116981581496,0.0083966330416732574,0.1128255555844203,0.04845119851375123,0.050171393343160224,0.040572670021849194,0.00035872112459994776,0.018779713360108134,0.21094676233357465
v3.1,c530bf2cab2728a7,2366,82100dea85b5,4,arctan,independent,10,0.05,0.24061703791710098,0.00024683523249621628,1.1254200260888019e-06,6.8026302469875389e-07,2.8715303452673014e-09,0.0010258427027152485,4.6772250038109909e-06,2.8271606640470851e-06,1.193402749084053e-08,6.1663228888665003e-07,6.8313367800233353e-07,0.10187425514743584
v3.1,c530bf2cab2728a7,2367,fd1d422a2c82,2,arctan,common,3,0.2,0.28317273386650382,0.014186344162233107,0.0014780031303547503,0.0013898600177408406,0.00016905083259361687,0.050097846528264184,0.0052194401281993683,0.0049081703551164023,0.0005969883833282923,8.8143112613909842e-05,0.0015589108503344575,0.12601990078989289
v3.1,c530bf2cab2728a7,2368,b26e7eb0c085,3,fermi,independent,1,1,0.1430397754467182,0.04956281502090551,0.03038534266251787,0.034855046119360973,0.031025807022739802,0.34649673397570091,0.21242582748486138,0.24367380339145145,0.21690335381082029,0.010626569683393657,0.065756284688389038,0.20441166948361075
v3.1,c530bf2cab2728a7,2369,3dbac8c9fdbe,4,fermi,independent,5,0.7,0.14573354433045321,0.0081921636622615569,0.0010547883090327155,0.0008851420603366621,0.00014129805158713267,0.056213301473583124,0.007237786700918806,0.0060737015928850804,0.00096956436650396012,0.00051019965033060894,0.0010241700661592318,0.028423743182515504
v3.1,c530bf2cab2728a7,2370,0fe1c72358a2,2,arctan,common,2,0.1,0.16301286805325929,0.0029755353862877124,4.1038365134148993e-05,0.00011469532358018313,4.8226262220281442e-06,0.018253377305867353,0.00025174923688074126,0.00070359674637900408,2.9584328400703336e-05,7.3656958446034128e-05,0.00011951794980221127,0.49040234770058372
v3.1,c530bf2cab2728a7,2371,86c3fdadc2bd,3,arctan,common,10,0.1,0.071061750760006315,0.00028529088614550127,1.6391867915544103e-06,2.1839164257649785e-06,2.2654145929012027e-08,0.0040146898028026561,2.3067075804118067e-05,3.073265719473507e-05,3.1879521242758098e-07,6.1821475822661861e-07,2.2063782676658422e-06,0.015440816728786099
v3.1,c530bf2cab2728a7,2372,3b9c528834f0,4,fermi,independent,5,0.05,0.23251464491341658,0.00016945442154683195,1.6588109771217976e-06,2.5084909862137015e-07,4.8671916950768792e-10,0.00072879031602475237,7.1342214927558777e-06,1.0788528985551896e-06,2.0932839292291958e-09,1.9025963468062092e-06,2.5133536672169722e-07,0.11989059643939007
v3.1,c530bf2cab2728a7,2373,26484f97b997,2,fermi,independent,1,0.05,0.0069376114507799331,8.3205664943708209e-05,7.784465360934023e-05,1.0523623578781308e-07,1.3494874150889878e-10,0.011993416687288554,0.011220670710895586,1.5168943451853638e-05,1.9451758356073358e-08,7.7949889845128038e-05,1.0537118452932198e-07,0.2462276686083886
v3.1,c530bf2cab2728a7,2374,5b82efd28a65,3,fermi,common,3,0.7,0.26913711416445923,0.032890887057524576,0.006974114029222051,0.0064674662735559859,0.0014949931797964197,0.12220866363836476,0.025912866201576498,0.024030376834627009,0.0055547641002158012,0.00064279931301508845,0.007959943275733454,0.22260072394989516
v3.1,c530bf2cab2728a7,2375,b87095a40904,4,arctan,common,10,0.05,0.16800405137614782,0.00023930836226975397,3.3486125585434475e-06,1.1120676505987236e-06,8.8171970472801321e-09,0.0014244201869510957,1.9931736949879667e-05,6.6192906747760018e-06,5.2482050135440624e-08,4.4199966787507609e-06,1.1208666675769423e-06,0.032675372855494642
v3.1,c530bf2cab2728a7,2376,ae174f928587,2,arctan,common,1,0.1,0.18597064220734705,0.00096239342639024914,0.0052022883196846401,9.4382477167768262e-06,1.1449360363892528e-06,0.0051749750120087951,0.027973707344003118,5.0751277754118298e-05,6.1565418218683793e-06,0.0052117265674014174,1.058318375316608e-05,0.28036895236354725
v3.1,c530bf2cab2728a7,2377,c9007bad1fe4,3,fermi,common,1,1,0.24937763085592932,0.14257081636842298,0.15111370274636737,0.11601818851095426,0.097486726909199073,0.57170651545241891,0.60596334253279083,0.46523093556045692,0.3909200940541423,0.045053267198070436,0.21342520643059273,0.19483216339858347
v3.1,c530bf2cab2728a7,2378,9f5ac82933a7,4,arctan,independent,5,0.5,0.06840295028409181,0.0063157377458123503,0.00061104766777811653,0.0018094394501078546,0.00089846633679199132,0.092331364649942224,0.0089330601273820403,0.026452652153055867,0.013134906214724249,0.0020377013767569866,0.0027064287275670347,0.061410902408421578
v3.1,c530bf2cab2728a7,2379,f9a6bce8f092,2,arctan,common,3,1,0.053108909684645746,0.0084994303767658864,0.0035084585372828834,0.0042009345492520197,0.0038026674575840861,0.16003774935758372,0.066061580968535857,0.079100372690696502,0.071601309086627152,0.00069247601196913556,0.0080036020068361049,0.071406871319862994
v3.1,c530bf2cab2728a7,2380,57e269a3e6ec,3,fermi,common,1,0.1,0.28944279209803553,0.0013894122814835186,0.00011991545598859404,8.5740940832290475e-06,5.4435766345209624e-08,0.0048003001609137281,0.00041429760651278601,2.9622759029787704e-05,1.8807089978171574e-07,0.00012770462534404309,8.6285289485732381e-06,0.23152315397021683
v3.1,c530bf2cab2728a7,2381,852f03ba0836,4,fermi,independent,1,0.5,0.46893161782453285,0.07756524766991324,0.020228248925105601,0.022379929558017972,0.0074932575572971057,0.16540844063736598,0.043136884262461282,0.047725358468774022,0.015979424872350941,0.0021987716844432269,0.029871245498561873,0.081603287063646363
v3.1,c530bf2cab2728a7,2382,8725d6cfe8b8,2,fermi,independent,1,0.2,0.090459720666395627,0.0025230376812752516,0.0011093365257288286,5.2146539124723365e-05,1.1321745661494037e-06,0.027891283133405925,0.012263320266264428,0.0005764614210675425,1.2515786670674397e-05,0.0011614830648535518,5.3278713690872772e-05,0.33884248676626605
v3.1,c530bf2cab2728a7,2383,019199a52319,3,fermi,common,1,0.2,0.27315420289605763,0.0031775711685896879,0.00077747608403702098,7.5239740018018979e-05,1.9759835741035389e-06,0.011632884044617235,0.0028462900288335345,0.00027544785773129648,7.2339490044583081e-06,0.00084455418608123708,7.7213740234910593e-05,0.20904701671333564
v3.1,c530bf2cab2728a7,2384,62631454b603,4,arctan,independent,5,0.7,0.19836887842357359,0.049709742199444087,0.041325572008643709,0.041551599688271969,0.063311574096216836,0.25059244471453707,0.20832689248966735,0.20946632364149162,0.31916082098840493,0.00096087506846872443,0.10460281918129502,0.18688265761269449
v3.1,c530bf2cab2728a7,2385,2a0ff1e14e2a,2,arctan,independent,10,0.5,0.4169762684948175,0.072643853455732238,0.028541235543766572,0.028382886620983684,0.015215564222202244,0.17421579822266339,0.068448105324539113,0.068068350084859675,0.036490240265055644,0.00015834892278288686,0.043598450843185928,0.38667321814234262
v3.1,c530bf2cab2728a7,2386,c3fbac49c0ef,3,fermi,common,5,0.5,0.22438788663961168,0.0078328415959341858,0.00047545163947753066,0.00061673646607891439,6.851276693966985e-05,0.034907595562475593,0.0021188828265099324,0.0027485283422159588,0.00030533184284456443,0.00014677260673712523,0.00068524913412321435,0.25607983559267306
v3.1,c530bf2cab2728a7,2387,fa538f617585,4,fermi,independent,1,1,0.23883638783237787,0.11963639541546453,0.11139465103909543,0.14151994656224154,0.21014285825960946,0.50091360240897942,0.46640569324501485,0.59253930209983008,0.87986114748600897,0.03601426479848225,0.35157001012296635,0.05166805340847401
v3.1,c530bf2cab2728a7,2388,4f6a345809a8,2,fermi,common,2,0.1,0.45315273370132414,0.00082367150461029202,1.9928011173548288e-06,1.8307437532338244e-06,4.1852269176878995e-09,0.0018176465534756746,4.3976367550025568e-06,4.0400148053403985e-06,9.2357975720530669e-09,1.6205736412100422e-07,1.8349289801515123e-06,0.32387006443546867
v3.1,c530bf2cab2728a7,2389,d88779b6a897,3,arctan,independent,3,0.05,0.24006196200204738,0.00043671023609775526,4.5382594003735995e-06,2.1668985675946645e-06,1.6307901099040711e-08,0.0018191563230414269,1.8904533490128248e-05,9.0264136372266431e-06,6.793204955519621e-08,3.9106748879968931e-06,2.1831935083963308e-06,0.25016279651097367
v3.1,c530bf2cab2728a7,2390,a3a20cdc1dc0,4,arctan,independent,5,0.2,0.060891152302529769,0.00060237165357184365,4.2898045167212142e-05,1.8241411843371303e-05,9.3333825627410007e-07,0.0098925973773502998,0.00070450375046408691,0.0002995740949808475,1.5327978219839402e-05,3.6607275693760136e-05,1.9158709880310793e-05,0.029751860155723255
v3.1,c530bf2cab2728a7,2391,b33a8e11842e,2,fermi,independent,5,0.3,0.36618147875494417,0.01161496667879313,0.00056580933786896004,0.00049056689076757635,2.2302306340163425e-05,0.03171915389681982,0.0015451609944685672,0.0013396824231404487,6.0905063838820115e-05,7.524244710138373e-05,0.00051286919710773974,0.16367055704851444
v3.1,c530bf2cab2728a7,2392,8dfc21a6a2ee,3,fermi,independent,2,0.1,0.29583844206595106,0.00091942617844479213,6.6429822015044883e-05,5.6961017621236658e-06,4.5986335497723141e-08,0.0031078658068373179,0.00022454763333372251,1.9254095993562046e-05,1.5544408352269324e-07,7.1101502651499087e-05,5.7420621305436284e-06,0.26129741288841823
v3.1,c530bf2cab2728a7,2393,9ff4fa7e7e36,4,fermi,common,2,0.3,0.23991462572047004,0.0058810361081081093,0.00075469271664097275,0.00025324617765945306,1.4637846275599801e-05,0.024513037045770764,0.0031456719838342923,0.0010555679000350563,6.1012729972764091e-05,0.00058081846579058447,0.00026756785609446005,0.2015744817704605
v3.1,c530bf2cab2728a7,2394,6bc75a85aece,2,fermi,common,3,1,0.42783423606612703,0.071944978082257943,0.015717412037015221,0.015705427690072681,0.0036265753009349657,0.16816087170531618,0.036737153579700671,0.03670914192020204,0.008476589751864631,1.1984346942537878e-05,0.019332002991007648,0.45924676363917183
v3.1,c530bf2cab2728a7,2395,5ffc8c986a30,3,arctan,common,2,1,0.12545850946021486,0.087857523288260464,0.20933014786588547,0.20455094417405981,0.77451818064743749,0.70029146421607735,1.6685209219089903,1.6304270236761147,6.1735005778388521,0.023553637499236217,0.97631443706349075,0.12411855595828662
v3.1,c530bf2cab2728a7,2396,ba63d10307c3,4,arctan,common,5,0.7,0.10049125416601999,0.012671235720354499,0.0056917894905017365,0.0047313048413738859,0.0030738220655607716,0.1260929204786374,0.05663965026347887,0.047081757319471534,0.030587956047225359,0.0012073561911861606,0.007765416862609102,0.048918599192364735
v3.1,c530bf2cab2728a7,2397,09e5d44c7d84,2,arctan,common,10,0.3,0.30061292348799329,0.022310789991344369,0.0031101311693959794,0.0031084735785282072,0.0005256943992289774,0.074217667465768411,0.010345966278858934,0.010340452241576242,0.0017487418475871815,1.6575908677725176e-06,0.0036341679777571845,0.1705621104532255
v3.1,c530bf2cab2728a7,2398,e12fe778e4d7,3,arctan,common,5,0.3,0.10135911850040334,0.0016404722747045426,0.00015652614167343753,6.6258718101397764e-05,4.1432849604370015e-06,0.01618475277779783,0.0015442729178116784,0.00065370258820013414,4.0877278943783574e-05,9.2685996489622315e-05,7.0354125585508177e-05,0.011679551521794881
v3.1,c530bf2cab2728a7,2399,0e6c9f1a39a1,4,fermi,independent,10,0.5,0.083894108395278111,0.002367446319961448,0.00013655854369475526,0.00011961147438676432,7.8198799928829308e-06,0.028219458615698183,0.001627748912371078,0.0014257434362756338,9.3211312957026002e-05,8.6836453462131621e-05,0.00012741219922851715,0.069615359024114504
v3.1,c530bf2cab2728a7,2400,91a0b77bcd11,2,fermi,independent,5,0.7,0.37351175795373054,0.031197199391561063,0.0044897809884419312,0.0044006716382283496,0.00076443134432527227,0.083524008889234683,0.012020454223553818,0.011781882482996669,0.0020466058378273799,8.9109350213582123e-05,0.0051651029825536213,0.47661262921064745
v3.1,c530bf2cab2728a7,2401,a6027869b8b0,3,arctan,independent,10,0.2,0.18452602834733808,0.0021935093392329375,6.1817438389172926e-05,8.0295366650825128e-05,4.864938449961821e-06,0.01188726251184488,0.0003350066055332442,0.00043514385135783176,2.636451070634015e-05,1.8483944317110489e-05,8.5147007011805161e-05,0.10522630795566015
v3.1,c530bf2cab2728a7,2402,1ee31aeb458d,4,arctan,common,10,0.5,0.17226149440695171,0.013683761568391867,0.0031444190346059395,0.0035505069575810801,0.001573734315444101,0.079435985479524851,0.0182537545342405,0.020611146848600645,0.0091357289152867813,0.00043595186531221588,0.00512388280783912,0.18064731830897449
v3.1,c530bf2cab2728a7,2403,387621958108,2,arctan,independent,5,0.1,0.14200632850655712,0.00048290205279649179,4.8604799637539341e-05,3.912519647409748e-06,4.3356147029105864e-08,0.003400567128768447,0.00034227206736983575,2.7551727367059478e-05,3.0531137228228461e-07,4.4692279990129597e-05,3.9558757944388535e-06,0.19316053579076736
v3.1,c530bf2cab2728a7,2404,ac76d1ff23a3,3,fermi,common,5,1,0.12698579325945764,0.011115731975872314,0.00062463160891772359,0.0022665858795127237,0.00069592095787665207,0.087535240679724124,0.0049189093747004833,0.017849129586343812,0.0054803056311562735,0.0020975099940781596,0.0029622566871987063,0.10262710299675026
v3.1,c530bf2cab2728a7,2405,790184a228b4,4,arctan,independent,3,1,0.1403824876181558,0.047104248035921698,0.051701267775463168,0.055757090130990172,0.12666018573117771,0.33554219500687676,0.36828858536893883,0.39717981264622537,0.90225061459016787,0.0051117819131667637,0.18241358340685285,0.048451246120175581
v3.1,c530bf2cab2728a7,2406,10ae66980ede,2,fermi,common,10,0.3,0.24147541319937996,0.0030494965864501168,0.00018025128489717156,6.2649056110148147e-05,1.5414479386468304e-06,0.012628600759168085,0.00074645812800967347,0.00025944279494169643,6.3834570908223148e-06,0.0001176022287870234,6.4190504048794965e-05,0.24389058180679116
v3.1,c530bf2cab2728a7,2407,c2f3ad4bb216,3,fermi,common,5,1,0.066216056406755569,0.0064838498473174461,0.00026180256256552227,0.0013680170890283257,0.00040512510495391372,0.097919601365084374,0.0039537625278876073,0.020659899777552389,0.0061182306367701719,0.0016297849823433124,0.0017731412742918494,0.098431880031039781
v3.1,c530bf2cab2728a7,2408,cac563f2fe2a,4,fermi,common,3,0.5,0.1866068829273245,0.005324692261488074,0.00082327950038175112,0.00043330025496177079,5.3523858439690069e-05,0.028534275788540002,0.0044118388746806503,0.002321995031290046,0.00028682681796113248,0.0012271154653230364,0.00048674567178419123,0.0445290521124398
v3.1,c530bf2cab2728a7,2409,3d5b66a7734d,2,arctan,common,3,0.2,0.41926468660129496,0.010087389467406151,0.00045214388044837253,0.000454520455343548,2.5186093110685292e-05,0.024059716426818652,0.0010784210902988461,0.0010840895259461238,6.0072059287541012e-05,2.376574895175456e-06,0.00047970654845423325,0.34560943341354705
v3.1,c530bf2cab2728a7,2410,cea80fa638e6,3,arctan,common,2,0.7,0.072804336125296507,0.034551644534953518,0.060146284868447003,0.06220275262116258,0.14601044923293249,0.47458223471044392,0.82613602526276797,0.85438252625656019,2.0055185858936757,0.0020678332113674225,0.2082131575612807,0.27900836971905724
v3.1,c530bf2cab2728a7,2411,9c3ed503adc7,4,arctan,independent,1,0.05,0.078936073509237703,0.0001229101690840599,9.1343322194867462e-05,6.179498177557405e-07,6.7537796115325965e-09,0.0015570849121305231,0.0011571809710572666,7.8284843707538012e-06,8.5560116069647394e-08,9.0918523351615801e-05,6.2323742437493526e-07,0.036878810525327023
v3.1,c530bf2cab2728a7,2412,d6b6c7c4acff,2,fermi,independent,5,0.7,0.21218670078638507,0.010497223263079883,0.00054791024709073424,0.0010134227629926065,0.00013268995467057584,0.04947163617783832,0.0025822082395368052,0.0047760899209835523,0.00062534529345530912,0.00046551251590187229,0.0011461127176631823,0.28666421675440701
v3.1,c530bf2cab2728a7,2413,bbc2c2a2f5d5,3,arctan,independent,10,0.5,0.11181365169133291,0.0039153872473130808,0.0005731015403427056,0.00038922217329185807,6.9354181978549106e-05,0.035017076967682803,0.0051255059795809249,0.003480989730720226,0.0006202657808726679,0.00029293851445344102,0.00045682251753896141,0.12273769786607779
v3.1,c530bf2cab2728a7,2414,09325c9d5f9c,4,arctan,independent,5,0.2,0.22864600526596915,0.0048511048795283592,0.00017397779784457409,0.00028805498761134382,2.7545154741285908e-05,0.021216661423344711,0.00076090460291312304,0.001259829522393221,0.00012047074563688269,0.00011764214770658056,0.00031559665381423503,0.11142020967213996
v3.1,c530bf2cab2728a7,2415,8266896d45b9,2,arctan,common,2,0.3,0.44614731029205851,0.040705813242394827,0.009103040477230151,0.0082896331233430348,0.0022068486353241505,0.091238504196624756,0.020403665487238033,0.018580484364943153,0.0049464573346402014,0.00081340735388711616,0.010496481758667185,0.3168559144099008
v3.1,c530bf2cab2728a7,2416,1cf40b2f225d,3,fermi,independent,10,0.3,0.085448688176173807,0.00025294240054264617,9.8182749575415168e-06,2.3840384866870623e-06,3.5976153719420469e-08,0.002960167159279757,0.00011490258267392814,2.7900235071740031e-05,4.210264017774813e-07,1.2173329846753181e-05,2.4199699006843473e-06,0.062657867635242698
v3.1,c530bf2cab2728a7,2417,9869d97c33b4,4,arctan,common,5,0.3,0.18299651231882566,0.0028759235828078721,0.00017288700991625438,0.00010618616840545656,6.0427651071741912e-06,0.01571572893038144,0.00094475576460737137,0.00058026334524044758,3.3021203686364163e-05,6.6924662642181711e-05,0.0001121509867971051,0.0093997742733167508
v3.1,c530bf2cab2728a7,2418,f02d7085d15c,2,fermi,common,5,0.1,0.49413500042787645,0.0010800509999970744,5.5146528649643123e-06,3.1955554424680546e-06,1.0442685492238148e-08,0.0021857407369683334,1.1160215042830642e-05,6.4669684189563405e-06,2.1133264154928758e-08,2.3190974224962581e-06,3.2059981279602931e-06,0.35690455660433584
v3.1,c530bf2cab2728a7,2419,364cb504f569,3,fermi,independent,1,0.3,0.29177372185677392,0.010644491674962831,0.0010697964360521853,0.00069525808035833384,5.4428377700798014e-05,0.036482009439451873,0.0036665277093642025,0.002382867366992092,0.00018654311071754384,0.00094717631029321179,0.00074940109556279316,0.18875099333794623
v3.1,c530bf2cab2728a7,2420,86214007d12b,4,fermi,independent,1,1,0.15114692881436992,0.0552849602970358,0.039962914308053585,0.04831129109376063,0.058720219573039571,0.36576965692060903,0.26439779240988592,0.3196313115504571,0.38849760318422621,0.025742085717542135,0.10666680157134546,0.152234532834395
v3.1,c530bf2cab2728a7,2421,52f9426bafeb,2,arctan,independent,3,0.05,0.48659609701444939,0.0012202641449461094,9.492283968317163e-06,7.3375064908944491e-06,6.3054898460375911e-08,0.0025077557186199005,1.9507521795916277e-05,1.5079254716415375e-05,1.2958365027433317e-07,2.1547774774227139e-06,7.4005613893548242e-06,0.40154459503491202
v3.1,c530bf2cab2728a7,2422,528943241b45,3,fermi,common,1,0.2,0.41464069059141107,0.0083296893176954823,0.000560842435098906,0.00027859832538210501,1.1005355313674828e-05,0.020088933639905587,0.0013525986422098714,0.00067190300350101714,2.6541908605201408e-05,0.00032765111708705239,0.00028960363038538954,0.2631340804285297
v3.1,c530bf2cab2728a7,2423,e269624f1a14,4,fermi,independent,2,1,0.11849809514571066,0.018041911197440971,0.0074341621570091091,0.010094034943568753,0.0086446861639952414,0.15225486262252413,0.062736554101293557,0.085183098776032362,0.072952110777522131,0.0042218524463782407,0.0186986410737855,0.11944501836649922
v3.1,c530bf2cab2728a7,2424,d5f616481e79,2,arctan,independent,3,0.3,0.077650024244595758,0.004574273358294763,0.00014269124534157797,0.00071969820934182822,0.00016791745767141087,0.058908846491610989,0.0018376201003119314,0.0092684866018173506,0.0021624907307494822,0.00057700696400025031,0.00088761566701323915,0.43645577272489627
v3.1,c530bf2cab2728a7,2425,df986709c707,3,arctan,common,1,0.7,0.049552262495008999,0.042819488215697983,0.17524002219514284,0.08863615373844444,0.21186365657643311,0.86412781293307939,3.5364686367810827,1.7887408016409352,4.2755597001806409,0.086915238017704011,0.30049759736480258,0.066884231822747442
v3.1,c530bf2cab2728a7,2426,d38dd88a773c,4,arctan,common,1,0.05,0.22185582575348969,0.0010995723299208784,5.470127738451859e-05,1.219821918522969e-05,1.8254507143077006e-07,0.0049562472663785013,0.00024656227619327309,5.4982640838034503e-05,8.2280945659547865e-07,4.8400792843742425e-05,1.2378878076346469e-05,0.10594991317385706
v3.1,c530bf2cab2728a7,2427,fa74587d83e5,2,arctan,independent,2,1,0.21774086773002974,0.1371307727939044,0.30355612846860514,0.27548176302054267,0.8567599015928532,0.62978885968218268,1.3941164634512944,1.2651817083878996,3.934768472839576,0.028074365448062525,1.1322416646133959,0.35734254564579404
v3.1,c530bf2cab2728a7,2428,2290fec38e9a,3,fermi,common,2,0.1,0.21092542796211422,0.0008232770674462983,6.9477449530238838e-05,6.2227410317739425e-06,5.7128870126634132e-08,0.0039031665143482502,0.00032939342686894138,2.9502090344895031e-05,2.7084866285963133e-07,6.325471246379334e-05,6.2797539930621391e-06,0.22311335372914726
v3.1,c530bf2cab2728a7,2429,8d9f919bc77a,4,arctan,common,1,0.2,0.19921133477702654,0.017293531891392669,0.0043806336949547969,0.0029856133896852951,0.00071684994040531762,0.086809979516220756,0.021989881749740581,0.014987166232418629,0.0035984395225687037,0.0014347996126598762,0.0037000610608131567,0.078983543898526645
v3.1,c530bf2cab2728a7,2430,9029ad1f9302,2,fermi,independent,10,1,0.03430090097851525,0.001091627489738697,0.00037879848582985607,6.162932012236891e-05,4.1339503600348919e-06,0.031825038369180159,0.011043397550027059,0.0017967259857392993,0.0001205201683368095,0.00031716916570748719,6.5763270482403809e-05,0.32204581191591841
v3.1,c530bf2cab2728a7,2431,82ec37830e2a,3,arctan,independent,10,0.5,0.26654443782855619,0.043833241114199263,0.018188303355418791,0.018016235655265306,0.010936416202013167,0.16445003118914528,0.068237414757525997,0.067591864988957348,0.041030367360535842,0.00019316225110162428,0.028950589587123311,0.20931454792436466
v3.1,c530bf2cab2728a7,2432,7749a98fc410,4,fermi,independent,5,0.05,0.047030905316496646,2.3253787467368259e-05,1.1741138613814409e-06,2.0529129766309129e-08,2.2014819685568946e-11,0.00049443631397016118,2.4964730180722388e-05,4.365029681686415e-07,4.6809261989364657e-10,1.1648639450910002e-06,2.0551132203648547e-08,0.031275565710949936
v3.1,c530bf2cab2728a7,2433,38af0925b20a,2,arctan,independent,1,0.2,0.43367810528603656,0.027523231655155668,0.0065531614725934861,0.0034190724879789992,0.00053116418483309304,0.063464655742771367,0.01511065786517234,0.0078838946359164642,0.0012247890275271301,0.0031340889846144873,0.0039502366728120927,0.26437550045961428
v3.1,c530bf2cab2728a7,2434,7073d14c1aee,3,fermi,independent,5,0.1,0.16303953221629572,0.00013898079970599758,1.1042606130405171e-05,2.6676548400643796e-07,8.7935358285499268e-10,0.00085243620253779484,6.7729623486379633e-05,1.6362012352472568e-06,5.3934991771713497e-09,1.1174895386017024e-05,2.6761915244523033e-07,0.12680840059820717
v3.1,c530bf2cab2728a7,2435,4e1fc910282f,4,fermi,common,2,0.1,0.072266974328050612,9.682634291961375e-05,2.1937406531872859e-05,2.1757523759905939e-07,6.7525681736684857e-10,0.0013398422145097385,0.00030356060615309031,3.010714640015128e-06,9.3439198699750445e-09,2.2075399264284938e-05,2.1821093924822201e-07,0.011671365983234091
v3.1,c530bf2cab2728a7,2436,c88550ce9778,2,arctan,common,10,0.5,0.026153564487055178,0.00042339147750497985,0.00013020444527568235,1.4063871211233495e-05,5.1611469984787572e-07,0.0161886720150341,0.0049784588766142229,0.00053774204346770666,1.9734009874765981e-05,0.00011614057406444883,1.4579985911081371e-05,0.073697167486165574
v3.1,c530bf2cab2728a7,2437,d7093aadb6eb,3,arctan,common,1,0.7,0.015301651321919688,0.0080020118959111281,0.0076943433597149039,0.0087584421184527285,0.016278400751086931,0.52295087161267417,0.50284398708606837,0.57238541999099268,1.0638329425117696,0.016290792962143145,0.024996634121374411,0.073596964070630141
v3.1,c530bf2cab2728a7,2438,b6f56f2c68a4,4,arctan,independent,3,0.2,0.26130646423304904,0.0091922749337055593,0.00076398426632913756,0.00097442515540252148,0.0001713642682792916,0.035178138285577691,0.0029237097848745517,0.0037290510904983572,0.00065579804457672542,0.00036446081915346131,0.0011449047147417278,0.18142374613500523
v3.1,c530bf2cab2728a7,2439,03b8f6a84d19,2,arctan,independent,5,0.5,0.39049750467906563,0.08705688030641516,0.046453051664259129,0.045436951515902733,0.032684550978430794,0.22293837800055533,0.11895863893531675,0.11635657327246061,0.083699769106829316,0.0010161001483563975,0.078121502494333528,0.28855863443993968
v3.1,c530bf2cab2728a7,2440,49ad6c3dfbb2,3,arctan,independent,10,0.2,0.24812512741580742,0.0027509985985163872,7.7379039884067883e-05,6.8653879661223523e-05,2.4347661716073563e-06,0.011087142310686943,0.00031185491243857904,0.00027669055680190559,9.8126545947407476e-06,8.9926512338773914e-06,7.1080381764811458e-05,0.018705565615020077
v3.1,c530bf2cab2728a7,2441,0d8016a9edfc,4,arctan,independent,5,0.3,0.22377424230757809,0.017636571550311789,0.0035651003043961505,0.0032550213790959624,0.00087372981722297696,0.078814126989961125,0.015931683055353234,0.014546005588176363,0.0039045146939746256,0.00032570924501572882,0.0041218949200355235,0.041173005793853773
v3.1,c530bf2cab2728a7,2442,674563f7ae71,2,fermi,common,1,0.05,0.49848333845447873,0.00021170418526574513,1.0944914138584094e-07,1.112561337909498e-07,6.0789426732105593e-11,0.00042469661257309578,2.1956429220920848e-07,2.2318927275662526e-07,1.2194876346435169e-10,1.8069924051088674e-09,1.1131692321768191e-07,0.49706367590351574
v3.1,c530bf2cab2728a7,2443,a5eb14720ac3,3,fermi,independent,10,0.7,0.30903857230975351,0.017866193244038958,0.0016520957749437469,0.0017498027912410655,0.00024215467223904271,0.057812178947459776,0.0053459209398878183,0.0056620854094783183,0.00078357426527432908,0.00014127754629328048,0.001989308146286763,0.19954301520126896
v3.1,c530bf2cab2728a7,2444,8de28adf956f,4,fermi,independent,3,1,0.2192372104041696,0.016630059680494226,0.0021274939511047499,0.0022727809696746499,0.00053415423153001576,0.075854183921772539,0.009704073260112453,0.010366766505944489,0.0024364214019385135,0.00034631590632694576,0.0027675952450328164,0.014335348875368232
v3.1,c530bf2cab2728a7,2445,d1f05210d91d,2,fermi,independent,5,0.05,0.21738125837190825,0.0002137772891132664,1.1100393031033917e-06,2.6788278580936511e-07,3.5320945184102631e-10,0.00098342097526882494,5.1064167693991042e-06,1.2323177619620545e-06,1.6248385646785403e-09,8.4215651729402661e-07,2.6823599526120612e-07,0.079548006057468174
v3.1,c530bf2cab2728a7,2446,79a38b8a0d47,3,fermi,common,5,1,0.198347867149857,0.01077741415941111,0.0012425910540303305,0.0014694130195097043,0.00029675545946844506,0.054335921602164203,0.0062647059022395259,0.0074082622647992698,0.0014961363776311168,0.00035488579398839824,0.0017643756843652536,0.034929403038747267
v3.1,c530bf2cab2728a7,2447,d95cec9e6ac8,4,fermi,common,2,1,0.13358111773635867,0.016846534865115715,0.0066971857142504605,0.0037142508649469753,0.0010916754999514932,0.12611464217843085,0.050135721483243675,0.027805208759201862,0.0081723788395457967,0.0044234337265594698,0.0047457530470251712,0.094205369692541591
v3.1,c530bf2cab2728a7,2448,6544490964a4,2,arctan,common,1,0.1,0.33590187334965022,0.0070320057311162856,0.0050862318766844508,0.00023918653247836959,9.2999398820249275e-06,0.020934702331345627,0.015142017000274486,0.00071207263625288936,2.7686478164842935e-05,0.0048470453442060815,0.00024848647236039452,0.28917082957151563
v3.1,c530bf2cab2728a7,2449,fcb4a4dc4ac2,3,fermi,independent,2,0.3,0.35463693847787642,0.0076210703040824656,0.00030588067990337754,0.00030138121103436878,1.5442384211530232e-05,0.021489781455909723,0.00086251782235724299,0.00084983028651193385,4.3544206866351531e-05,5.6931384963721681e-05,0.00031674482590137641,0.065757038943949617
v3.1,c530bf2cab2728a7,2450,bba34f6fe518,4,arctan,common,1,0.2,0.15558168270527445,0.0039734375298444025,0.0007713197375509575,0.00035425257005129013,3.9222301929984891e-05,0.025539237400918645,0.004957651338763986,0.0022769555123167496,0.00025210102659890566,0.0004181811910403508,0.00039347213285889084,0.0010053073851707588
v3.1,c530bf2cab2728a7,2451,8f57698af69e,2,arctan,common,10,0.5,0.42988413240762918,0.068916813685451273,0.021979075274795243,0.021970944579405238,0.0087838527129560067,0.16031485809786125,0.051127905446749583,0.051108991756345458,0.020433070334000818,8.1306953900035977e-06,0.030754797292361247,0.40785421847607128
v3.1,c530bf2cab2728a7,2452,6c1fc3445a43,3,fermi,independent,1,0.7,0.14612554948747147,0.029508350497596356,0.016516265052551812,0.011286525058277954,0.0049293463586151925,0.20193833727979477,0.11302790723786388,0.077238546563998645,0.03373363779232752,0.0067810016835296331,0.016205548230599321,0.26348913346492886
v3.1,c530bf2cab2728a7,2453,25dbcbc8c53a,4,arctan,independent,2,0.5,0.11319806222994973,0.018512690231380462,0.011913373254900165,0.015672944916966726,0.027034557330961478,0.16354246589286942,0.1052436147776048,0.13845594710913706,0.2388252660725205,0.014066671100997668,0.042526655492030732,0.097363416392748148
v3.1,c530bf2cab2728a7,2454,d62c0a8f44d3,2,fermi,common,5,0.05,0.09226887957018029,1.8161943817169497e-05,7.8795348386179894e-06,4.5996468165538277e-09,6.509210810588261e-13,0.00019683715573196495,8.539753463273352e-05,4.9850467871513576e-08,7.0546113065535972e-12,7.8749351918014364e-06,4.6002977376348861e-09,0.19612754521220771
v3.1,c530bf2cab2728a7,2455,821c78e68585,3,fermi,common,1,0.3,0.16335522256016727,0.017832972851476375,0.0032315047508235939,0.0021564268777036445,0.00027121369793942069,0.10916683637040196,0.019782071856523354,0.013200844416892675,0.001660269526060159,0.0053866409825488477,0.002427615825693983,0.22892242270808283
v3.1,c530bf2cab2728a7,2456,d1cac6a85f66,4,arctan,common,1,1,0.030807966932594948,0.037545094122391834,0.070046422106031847,0.11867028935087498,0.64196234273626962,1.2186813302071218,2.2736463674895231,3.8519351053094435,20.837543228374184,0.08653599079845524,0.75256512547808152,0.10323885423448984
v3.1,c530bf2cab2728a7,2457,33f7519f143e,2,arctan,independent,1,0.5,0.19967087089908955,0.051913149626238206,0.05265704099490414,0.026516139775894672,0.016688052178016052,0.25999360543919436,0.26371919327940507,0.13279923935071883,0.08357780032145963,0.026140901219009468,0.043204191953910724,0.17897563410161157
v3.1,c530bf2cab2728a7,2458,e46880d189c5,3,fermi,independent,2,0.1,0.25765475308345936,0.00056036737870262176,2.8166486218332433e-05,2.3447801852486851e-06,1.3178387572588503e-08,0.0021748769312286195,0.00010931871382636114,9.1004732386565573e-06,5.1147465415938858e-08,3.0507477506554884e-05,2.3579562078364185e-06,0.12981052884854966
v3.1,c530bf2cab2728a7,2459,bb90fb4f6169,4,arctan,independent,2,0.2,0.16255245240966343,0.0083708432613217483,0.0023303766034646857,0.0013524974105442449,0.00035569445145225637,0.051496259436465554,0.014336151617028137,0.0083203753034478464,0.0021881826215444477,0.0010126748146916012,0.001707533541938179,0.1250755790695183
v3.1,c530bf2cab2728a7,2460,f546f53dc2f7,2,fermi,common,3,0.3,0.48881408535033488,0.008657719240149386,0.00022737837512051365,0.00021247702540342736,5.8157644919546869e-06,0.017711681188450956,0.00046516330428070772,0.00043467860638906155,1.189770234993639e-05,1.4901349717086307e-05,0.00021829278989538202,0.42994548593057408
v3.1,c530bf2cab2728a7,2461,f41394c12fed,3,arctan,common,3,0.5,0.12787094411639122,0.02610331613772016,0.017807688441011001,0.01355654701740882,0.010236144612705599,0.20413797925790156,0.13926297771604793,0.10601741553631859,0.080050590722067508,0.005936197076142403,0.023753098477917622,0.089376292797223172
v3.1,c530bf2cab2728a7,2462,3b5debe1724e,4,fermi,common,3,0.7,0.048701614737807791,0.0035480994134718946,0.00043248570904457851,0.00051278942571995987,9.6950302009083769e-05,0.072853835187469712,0.0088803155988344141,0.010529207881106943,0.0019906999497045384,0.00090602854959719145,0.00060922984178087437,0.02584566629488835
v3.1,c530bf2cab2728a7,2463,33a78701e231,2,arctan,common,5,0.2,0.22825243469085588,0.0032676966110703441,5.3344722979537921e-05,0.00012237002993036185,7.0319808951226195e-06,0.014316152270165697,0.00023370932735849144,0.00053611708499889303,3.0807911883379053e-05,6.9025306950823927e-05,0.00012940201082548448,0.2574860182479991
v3.1,c530bf2cab2728a7,2464,37bedf8605d1,3,fermi,independent,3,1,0.30394788431628345,0.0773594409603649,0.034785424422938686,0.035127789111295153,0.020493174304641686,0.25451547765953808,0.11444535796387223,0.11557175069770093,0.067423316173889886,0.00085198921861504354,0.055595962431803383,0.18383874470420247
v3.1,c530bf2cab2728a7,2465,ed35caf82a05,4,arctan,common,1,0.3,0.13081574185868636,0.0090077971717917316,0.0038846967014972986,0.0019150403885100174,0.0007568882477696242,0.068858663673079953,0.029695942141991904,0.014639219724631756,0.0057859110609734749,0.0046968365408035324,0.002670156044691209,0.011594077696059149
v3.1,c530bf2cab2728a7,2466,33473d08a4d7,2,fermi,common,10,0.2,0.42515462453163866,0.002397713356209029,1.7772514652971981e-05,1.884807949601609e-05,1.6901434755876431e-07,0.0056396266625358057,4.1802472859258304e-05,4.43322932610215e-05,3.9753618520545295e-07,1.0755648430441086e-06,1.9017093843574856e-05,0.46251938369111073
v3.1,c530bf2cab2728a7,2467,6030745c3209,3,arctan,common,3,0.1,0.041489554000469553,0.00016761483887325223,8.0036566363853701e-05,2.0149893254638224e-06,2.143637194645869e-08,0.0040399286738863295,0.0019290775302850422,4.8566184284386811e-05,5.1666913426488236e-07,7.8142591307901337e-05,2.0364042489694066e-06,0.0304240146683207
v3.1,c530bf2cab2728a7,2468,de089ef38d33,4,fermi,independent,1,0.1,0.22760742845024479,0.0012028990200690915,0.00023068526983110365,1.2456868050473062e-05,1.5680359146843291e-07,0.0052849725874920045,0.0010135225875614674,5.4729619921856576e-05,6.889212383624392e-07,0.00023521733721978738,1.2613304231095719e-05,0.041524924055783986
v3.1,c530bf2cab2728a7,2469,7734d3d56b51,2,fermi,common,2,0.1,0.46770229523902951,0.0017154718281280812,8.7613537338158875e-05,8.8947259876027894e-06,4.884451626322414e-08,0.0036678713052955016,0.00018732757617403192,1.9017922465094905e-05,1.0443505785718046e-07,7.8718811350556091e-05,8.9435705038660137e-06,0.27228098421507757
v3.1,c530bf2cab2728a7,2470,20ee93261a72,3,fermi,common,3,0.7,0.41973526691454766,0.04450359501348173,0.0070385481634375633,0.0067835420292941808,0.0011827439082825915,0.10602777160143194,0.016769017803001326,0.01616147739778849,0.0028178330521923525,0.001019641954627983,0.0079639350448392088,0.14641615727946664
v3.1,c530bf2cab2728a7,2471,e8f7f0689b3c,4,fermi,common,1,1,0.056439945048781789,0.049793406586857054,0.013112244442873094,0.08436209968041028,0.1874367616943956,0.88223697850555938,0.23232206253106746,1.4947232781232336,3.3209947588076414,0.096747367347674945,0.27108426993947987,0.091673064475386673
v3.1,c530bf2cab2728a7,2472,764d382ea329,2,fermi,independent,3,1,0.33763975903827209,0.10343142229437315,0.050724343087009821,0.047822355739864784,0.024412501158403356,0.30633661920914063,0.15023213863051041,0.14163721676641769,0.072303395867653594,0.0029019873471450405,0.07223485689826814,0.22435560765468071
v3.1,c530bf2cab2728a7,2473,04aba6103e1f,3,arctan,common,1,0.3,0.26373297711615828,0.020387466259131022,0.0034531545140493217,0.0038711385967643689,0.00095530784839871681,0.077303439570060237,0.013093374032358562,0.014678250096344108,0.0036222540648678985,0.00076546652084421728,0.0048263935501711335,0.26994985982514791
v3.1,c530bf2cab2728a7,2474,3d0568bf3e3d,4,arctan,independent,5,0.5,0.25914115376047742,0.039616055809554303,0.018771067167269669,0.017412021564363292,0.011903600834547815,0.15287442860646974,0.072435685705944067,0.067191263570807111,0.045934814527955066,0.0013798034143824149,0.02931254268598546,0.068886312875192646
v3.1,c530bf2cab2728a7,2475,401a20602487,2,fermi,common,1,0.1,0.37765978112779602,0.0020142221113548498,0.0010099752779025629,1.1834271178021284e-05,6.8656500289718848e-08,0.0053334302777484762,0.0026742992724470126,3.1335799493080501e-05,1.817945773433741e-07,0.00099814100672454163,1.1902927678311002e-05,0.22038012023671097
v3.1,c530bf2cab2728a7,2476,833bb6486dc8,3,fermi,independent,3,0.2,0.16452171987834241,0.00089232097763411184,0.00016071173344462419,1.2069122288101443e-05,2.4856759943095981e-07,0.005423727507188409,0.00097684204592235263,7.3358838559590199e-05,1.5108497505056849e-06,0.00017242513412801688,1.2317445369320769e-05,0.099183690527576501
v3.1,c530bf2cab2728a7,2477,2db8b190ecb6,4,fermi,independent,10,0.05,0.22841452293689529,7.635018024081549e-05,2.4451297077736663e-06,5.245441960595072e-08,5.0821165326972139e-11,0.0003342614964194241,1.0704790905301539e-05,2.2964572887706639e-07,2.2249533293035242e-10,2.4960054094211964e-06,5.250520018261995e-08,0.14460743693714981
v3.1,c530bf2cab2728a7,2478,c2d3a6f6f860,2,fermi,common,1,0.3,0.39845944941524991,0.019474888988688658,0.0028322289012677193,0.0010167379690628183,5.359581453546744e-05,0.048875460268964853,0.0071079476353844593,0.0025516723735750499,0.00013450757564946887,0.0018154909322049013,0.0010703337835982858,0.43350770199389843
v3.1,c530bf2cab2728a7,2479,d80aaed9f115,3,arctan,independent,5,0.05,0.086377326519618047,0.0001630477373038167,1.3708485940901742e-06,1.1497592718783183e-06,1.0349525426700741e-08,0.0018876219474885604,1.5870467972620415e-05,1.3310892084824883e-05,1.1981761700334814e-07,4.4625665385562198e-07,1.1600976098500291e-06,0.018267899135630868
v3.1,c530bf2cab2728a7,2480,0213960904d1,4,arctan,independent,10,0.5,0.2987883941034945,0.037573232364135054,0.012342546633834417,0.012338307782859053,0.0059855437835026112,0.12575198068476653,0.041308654811937566,0.041294468012654142,0.020032718477777739,7.3093744948165342e-05,0.018323830046578851,0.045432650880430969
v3.1,c530bf2cab2728a7,2481,051ddb30d6d4,2,arctan,independent,10,0.05,0.23680677817008941,0.00041061518740905499,3.5559553103795853e-06,1.4677160139592467e-06,6.8658541331410507e-09,0.0017339672055929308,1.501627334258767e-05,6.1979476487157026e-06,2.8993486530227464e-08,2.0882392964203384e-06,1.4745818680923877e-06,0.14672456823997948
v3.1,c530bf2cab2728a7,2482,c23388c141e8,3,arctan,common,5,0.2,0.45303547590338838,0.012514122082951823,0.00065426672556324851,0.00065571027628254729,4.2661826132731665e-05,0.027622830326913535,0.0014441843086539508,0.0014473707052963334,9.4168841960247436e-05,4.3487936927425753e-06,0.00069836651807127388,0.090890938813779729
v3.1,c530bf2cab2728a7,2483,68c79767fb5e,4,arctan,independent,10,0.2,0.097915688336716336,0.0017389226754101663,0.00015210655565827541,0.00015463031064413531,2.002494169295386e-05,0.017759387744181405,0.0015534441746985976,0.0015792189512306393,0.00020451208619492415,1.0211284204651679e-05,0.0001746274136351457,0.020318673950531357
v3.1,c530bf2cab2728a7,2484,a9c24e39376a,2,arctan,common,1,0.1,0.45526186879081654,0.0093607712507619394,0.0019207921772764511,0.00032310111462613086,1.3292163722927847e-05,0.020561289869552024,0.0042190930296405202,0.00070970387984456743,2.9196742872914143e-05,0.0015976910626503201,0.00033639327834905869,0.3408710207423829
v3.1,c530bf2cab2728a7,2485,2b3f2b9b6c04,3,arctan,independent,5,0.05,0.1768639747635424,0.00019341239795593815,1.689652242864333e-05,6.3136896685770363e-07,3.1811160833903166e-09,0.0010935658220647823,9.5533996967065051e-05,3.5697997158653132e-06,1.7986229743187085e-08,1.6297338101097544e-05,6.3455008171148184e-07,0.17633956288540378
v3.1,c530bf2cab2728a7,2486,80fd37940412,4,fermi,independent,5,1,0.12782168259784391,0.011065639167922059,0.002571947304729308,0.0025091086588705353,0.00082348257816015067,0.086570908339057603,0.020121369492695846,0.019629757705230354,0.0064424326250735898,0.00018634504144353245,0.0033324257508181767,0.013037478350992986
v3.1,c530bf2cab2728a7,2487,8031a9c042e6,2,arctan,common,1,0.2,0.39374240489062928,0.032540393395065537,0.0082022487381373348,0.0044277815090102623,0.00072302076885126195,0.082643863071096835,0.020831509728843383,0.011245376301900166,0.0018362786427641622,0.0037744672291270724,0.0051508022778615241,0.42136366417804266
v3.1,c530bf2cab2728a7,2488,2167cb962cc3,3,arctan,independent,3,0.5,0.19143533643257857,0.025706318263412232,0.0091138210916957944,0.01013503477625979,0.0064550514965499191,0.13428199172865724,0.047607830725157591,0.052942340558056994,0.033719226642482059,0.0010939804676654541,0.016580674796656598,0.28054374504361185
v3.1,c530bf2cab2728a7,2489,a1219e9d7f46,4,fermi,common,10,0.3,0.2076569343616243,0.0025978659734228029,5.765106960323435e-05,5.4415314691202831e-05,1.4229454745944252e-06,0.012510374293105702,0.00027762650826212168,0.00026204429367353196,6.852386022979786e-06,8.0993330139922143e-06,5.5826790730705405e-05,0.14291806160657047
v3.1,c530bf2cab2728a7,2490,b35c95b4c10b,2,arctan,independent,1,0.1,0.10897143883942587,0.0018368743398044175,0.0001211263101143812,5.6203459722527709e-05,2.0539121769775633e-06,0.016856475048577926,0.0011115418076920694,0.00051576321576652707,1.8848169748442909e-05,6.4922850391853492e-05,5.8257371899505273e-05,0.037350553515330925
v3.1,c530bf2cab2728a7,2491,d58b72c3c43e,3,fermi,independent,5,0.3,0.35514914416016724,0.0074864670660329674,0.00034978700106484814,0.00026309246959460586,1.1361578000734685e-05,0.021079783491345476,0.00098490171472044759,0.00074079432238742743,3.1991004870930434e-05,8.8544462819004351e-05,0.00027445298962496412,0.12019902439463861
v3.1,c530bf2cab2728a7,2492,56992df999a6,4,fermi,independent,10,0.5,0.19698517016188086,0.0035771151379513227,6.9698605984375956e-05,0.00011943548203434921,5.3786849657347802e-06,0.018159311866023608,0.00035382666587082767,0.00060631712497036239,2.730502484686852e-05,5.2997604294422384e-05,0.0001248091772372552,0.057566360129258046
v3.1,c530bf2cab2728a7,2493,6243bb0ed278,2,arctan,independent,3,0.1,0.33030188681266487,0.0030150554278703602,0.00021541363997156334,6.6615213956098293e-05,2.0358596115939314e-06,0.0091281810617702859,0.00065217199347619248,0.00020167978632795399,6.1636330062764566e-06,0.00014879842601546505,6.8651073567692225e-05,0.29227927503235346
v3.1,c530bf2cab2728a7,2494,429bc9384db0,3,fermi,independent,1,0.7,0.11092716827171903,0.031807373035738599,0.015848765985122529,0.014281708621867638,0.0069979857001507715,0.28674105299276731,0.14287542206342596,0.12874851891003128,0.063086309775879437,0.0034934730548846168,0.021276341840690681,0.059577905124303318
v3.1,c530bf2cab2728a7,2495,f8a72cc0890f,4,arctan,common,2,0.3,0.19439509575698199,0.014995648754344997,0.0034555956706852674,0.0030692570809860583,0.00092906748867039083,0.077140056933799495,0.017776146343759573,0.015788757782362012,0.0047792743178657164,0.00087000184826182853,0.0039976669919111942,0.15222181580820052
v3.1,c530bf2cab2728a7,2496,f403472ede7c,2,fermi,common,5,0.05,0.10570245663018209,5.030278901184854e-05,5.006444628196879e-06,4.2348112422055182e-08,4.4770401413138507e-11,0.00047589044394532237,4.7363559824468148e-05,4.0063508240132217e-07,4.2355119114946706e-10,5.0487927406189339e-06,4.2392882823468315e-08,0.42679074401786832
v3.1,c530bf2cab2728a7,2497,5ec1afd73e06,3,arctan,independent,1,0.5,0.28392197639239569,0.14921806829623788,0.2152699546846521,0.17215374208876133,0.26549642420804731,0.52556012110175776,0.75820109954129533,0.60634172907713013,0.93510346603503758,0.043252271506413996,0.43726894009138972,0.074231306791422036
v3.1,c530bf2cab2728a7,2498,c9aa15a34c85,4,arctan,independent,3,0.1,0.24863447550791556,0.0014905405460656825,5.0282051410474846e-05,2.4584589088895239e-05,6.3465753179629899e-07,0.0059949069533530132,0.0002022328211232881,9.8878440082266714e-05,2.5525725284066404e-06,3.9993896504552244e-05,2.5218415860237822e-05,0.065490388700318966
v3.1,c530bf2cab2728a7,2499,8132b3834a8e,2,arctan,common,5,0.1,0.037918777911566011,0.00012007315820565394,0.00014825464568765697,3.0318962220641897e-07,6.7010178149410047e-08,0.0031665882926313707,0.0039097949315090195,7.9957646027916919e-06,1.7672030017868946e-06,0.00014855783530986341,3.7019980035582905e-07,0.37607661162027728
v3.1,c530bf2cab2728a7,2500,6675bfabb4ef,3,fermi,common,5,0.2,0.24329143345427842,0.0014490708946607454,5.9031958251035011e-05,1.8203440085947398e-05,2.7972731648166447e-07,0.0059561114589473134,0.00024263886900123362,7.4821541504741703e-05,1.1497622933535529e-06,4.2111334778815567e-05,1.8483137706721696e-05,0.12099593627538126
v3.1,c530bf2cab2728a7,2501,a60a108d15bc,4,fermi,independent,1,0.2,0.27528021393667806,0.0072575736149987722,0.00026497773263223722,0.00034994999852142305,2.1320509690725619e-05,0.026364312607909449,0.00096257456663118295,0.0012712500964632389,7.7450207502490233e-05,0.00041338143015049676,0.00037121634460258324,0.20739724791341393
v3.1,c530bf2cab2728a7,2502,9cb645359294,2,fermi,independent,5,0.05,0.39894907655489031,0.00033881729878079708,2.5402938156857182e-06,3.8281418252854253e-07,4.6662260769842643e-10,0.0008492745533004891,6.367463831781062e-06,9.5955650739768576e-07,1.1696294968970183e-09,2.1574796331571757e-06,3.8328080513624095e-07,0.18161291495887957
v3.1,c530bf2cab2728a7,2503,55d7333bd45f,3,arctan,independent,5,0.1,0.2349018988385396,0.0012010799444066834,1.4261418707887761e-05,1.6522725587993394e-05,3.494249619091822e-07,0.0051131129647966301,6.0712232546448607e-05,7.0338833656471766e-05,1.4875357059133878e-06,1.6425950139422692e-05,1.6872108940408303e-05,0.1822939487679878
v3.1,c530bf2cab2728a7,2504,6df54be65f6a,4,fermi,common,1,0.2,0.28394549899011789,0.004488739143327973,0.00043481950261964846,0.00014446177519607102,5.9441179081101225e-06,0.015808453239416181,0.0015313484600605746,0.00050876585721508017,2.0934009974628951e-05,0.00054893230974461453,0.00015037846358937745,0.16298270561117614
v3.1,c530bf2cab2728a7,2505,70b9e1c1e25d,2,fermi,common,5,0.05,0.40307639481985641,0.00020513532832999059,1.7015782415064315e-07,1.2770444680305877e-07,8.1827488109124162e-11,0.00050892419145921459,4.2214782690683332e-07,3.1682442446209894e-07,2.0300739304194343e-10,4.2453377347584371e-08,1.2778627429116788e-07,0.24286361415055241
v3.1,c530bf2cab2728a7,2506,0dc98f9c7e09,3,arctan,common,2,0.7,0.17436706241924527,0.056125848260211608,0.051615988301392995,0.044354419565564691,0.046915569203170061,0.32188331604316162,0.29601914252181627,0.25437384188373641,0.26906210698421384,0.0082723987772167305,0.091211719202542771,0.09473914250291704
v3.1,c530bf2cab2728a7,2507,5639db708d1e,4,fermi,common,2,0.2,0.15740124210881754,0.0026739114806892833,0.00095167844567631754,6.0803295109739204e-05,1.4175400344874102e-06,0.016987867724961823,0.006046194000288674,0.00038629488748064358,9.0059011955408227e-06,0.00089103995235239241,6.2219470920416535e-05,0.023604506617663081
v3.1,c530bf2cab2728a7,2508,ae3b04863d20,2,fermi,independent,10,0.7,0.29198231096830757,0.01602999496264098,0.0012736120667133238,0.0013545711852397974,0.00013955926484327062,0.054900568837476293,0.0043619494019675889,0.0046392234541455689,0.00047797164280413788,8.095911852647376e-05,0.001494130450083068,0.29494536521302206
v3.1,c530bf2cab2728a7,2509,4e9984e1dbba,3,fermi,independent,5,0.05,0.1560263826417666,6.0856419204867753e-05,9.7896549499700145e-07,3.8423167179131272e-08,2.9693423158787072e-11,0.00039003928806446059,6.2743587233236461e-06,2.4626070622524195e-07,1.9031027096848465e-10,9.4951012649228937e-07,3.8452850745120152e-08,0.14013761106274078
v3.1,c530bf2cab2728a7,2510,7340800f538c,4,arctan,common,3,0.5,0.34750652773701446,0.12361425108383015,0.10824490158342268,0.10702980641851956,0.13363028519888748,0.35571778144374538,0.31149026836508842,0.30799365731488487,0.38454035977135953,0.0017392952146038159,0.24020919717788242,0.034211764968760661
v3.1,c530bf2cab2728a7,2511,49f8c117d0e9,2,fermi,common,3,1,0.344733025569259,0.051707725798391432,0.0096622105538440323,0.0096660950299533987,0.0018510499556844808,0.14999353692036399,0.028028096634747385,0.028039364705460808,0.005369517331934864,3.8844761093669536e-06,0.01151714498563788,0.29125647157010137
v3.1,c530bf2cab2728a7,2512,ad1e1f87f4f5,3,arctan,common,3,0.5,0.05186639984470303,0.0065623536666797669,0.002232356878476453,0.0028335916471139743,0.0021427893823520701,0.12652417916663944,0.043040521130452772,0.054632510750663971,0.041313632501348695,0.00068737559147239011,0.0049654886207442621,0.1449862503709039
v3.1,c530bf2cab2728a7,2513,b2861984be37,4,arctan,independent,10,0.5,0.16142726068589189,0.0087785176770275794,0.001502316526998793,0.0014203256539833476,0.00037402618901618271,0.054380639550769432,0.0093064611306390675,0.0087985489436449224,0.0023169952053139877,0.00012736452185931713,0.0017908900330993766,0.044529777663368436
v3.1,c530bf2cab2728a7,2514,58bc3e8c07a2,2,arctan,independent,3,0.05,0.11298254823420553,0.00019604120616308047,8.8345004429931186e-06,9.014061310164018e-07,6.1077522212303245e-09,0.0017351459072838373,7.8193496084720708e-05,7.9782775756468604e-06,5.4059253545683433e-08,9.7359065740095212e-06,9.0751388323763219e-07,0.46222518029468795
v3.1,c530bf2cab2728a7,2515,9512edb1fa9a,3,arctan,common,5,0.5,0.3538676330781651,0.1176241507573132,0.092850932378651621,0.091655471340020098,0.10123799072414483,0.33239590107222788,0.26238888131976162,0.25901060953990812,0.28608999880410813,0.0012011450786410165,0.19273456242574971,0.063644552596260798
v3.1,c530bf2cab2728a7,2516,d9ed0c77c201,4,fermi,independent,10,0.1,0.27678905806285187,0.00047954659843103364,1.2514603881548597e-06,1.1932683113296544e-06,3.4421547534203157e-09,0.0017325345220913343,4.5213506520575116e-06,4.3111108498324131e-06,1.243602177597168e-08,1.5346438378079324e-07,1.1966934146160017e-06,0.0030676077424051577
v3.1,c530bf2cab2728a7,2517,e65817116723,2,arctan,common,3,0.5,0.15874857997719369,0.044810330801347081,0.027042507928440686,0.026747900842634533,0.020273474087621146,0.28227232525660811,0.17034803040333146,0.16849222113657469,0.12770806573850108,0.00029460708580615337,0.047021374930255683,0.077838415534157657
v3.1,c530bf2cab2728a7,2518,da6a9dbed864,3,arctan,common,3,0.7,0.32245896796719498,0.12734261728299173,0.14831071161203493,0.14468830226013527,0.24943496529848314,0.39491107375852796,0.45993669379703273,0.44870298745995796,0.77354017123772212,0.0036285896096142022,0.39406519055224615,0.14050432864955964
v3.1,c530bf2cab2728a7,2519,7638b83b8747,4,arctan,common,10,1,0.080841490482207581,0.02971512714783647,0.040413944578519531,0.040058121317181609,0.083486682666309014,0.36757272745208081,0.49991587658090303,0.49551438349591054,1.0327207250673294,0.00045546123385179323,0.12346953260427156,0.060381223566706874
v3.1,c530bf2cab2728a7,2520,5f4061977a83,2,arctan,common,10,0.7,0.065126947529133936,0.008884346217890601,0.0022104890020444258,0.0036129535869314417,0.0024220814624046393,0.13641582409364836,0.033941234556641608,0.055475555419133078,0.037190157903856061,0.001402464584887016,0.0060350350493360806,0.37232463983176745
v3.1,c530bf2cab2728a7,2521,9b33f8645c32,3,fermi,independent,5,0.05,0.21374526516146825,4.5860471600262292e-05,3.5623499682430941e-07,1.4140185206632222e-08,5.8049306574893336e-12,0.00021455666662659499,1.6666333944529768e-06,6.6154378652319574e-08,2.7158171916014848e-11,3.421760787302122e-07,1.4145819026544709e-08,0.0012408611221498723
v3.1,c530bf2cab2728a7,2522,25c4471ae626,4,fermi,common,2,0.3,0.25880330427838893,0.013623368182736921,0.0015714961001594217,0.0012348460494640717,0.00013646987219092212,0.052639854119028433,0.0060721639723308879,0.0047713689471900068,0.00052731116618250171,0.0003667477254338115,0.0013702042954366772,0.12402220443068225
v3.1,c530bf2cab2728a7,2523,5df8a3409b9d,2,arctan,independent,3,1,0.14869762856983809,0.055647732124741424,0.06107569803006746,0.064530625070265399,0.12917051231922433,0.37423416001961068,0.41073753910865052,0.43397211973664807,0.86867903383245582,0.003454927040197947,0.19370113738948971,0.16084033007351858
v3.1,c530bf2cab2728a7,2524,1e73fa29237b,3,arctan,independent,3,0.05,0.28702578767964537,0.00053460845525051405,4.5688423464653216e-05,3.3216290080569594e-06,3.4766936020177895e-08,0.0018625798733011409,0.00015917881049645226,1.1572580411361119e-05,1.2112826621342433e-07,4.8946489509542129e-05,3.3563834523191496e-06,0.18920754428873837
v3.1,c530bf2cab2728a7,2525,3de578b5ba63,4,fermi,common,2,0.5,0.1848346323274758,0.0079665239319894644,0.0019049388076555443,0.00085735593445893197,0.00013151942056946868,0.043100818454168209,0.010306179008057971,0.0046385026640458514,0.00071155182831999077,0.0013970071138890354,0.00098714888023056224,0.065424354669989207
v3.1,c530bf2cab2728a7,2526,ba9b9f7ec1a4,2,arctan,independent,10,0.7,0.20390685433161107,0.029467706516945916,0.010392095574958678,0.010762289797555906,0.0059655047241496933,0.14451552702109252,0.05096491537286995,0.052780421888385047,0.029256028414072193,0.0003701942225972275,0.0167277945217056,0.24727642318759646
v3.1,c530bf2cab2728a7,2527,406380a225f7,3,fermi,common,5,0.05,0.19597536026693102,4.9483299691645388e-05,1.3986289470518529e-06,2.4576873735939548e-08,1.6373700177680144e-11,0.00025249755695943589,7.1367591576146638e-06,1.2540797834209499e-07,8.3549789909191201e-11,1.4176283068448567e-06,2.4593237851749812e-08,0.19695268877658431
v3.1,c530bf2cab2728a7,2528,8a84e1f335df,4,arctan,common,3,0.5,0.24981528155165539,0.091089890849641489,0.086082957559490025,0.083848476207109335,0.11698110243221967,0.36462897819486051,0.34458643612516665,0.33564190183366194,0.46827040245746926,0.0026676233251519727,0.20021493290066966,0.018759301067302298
v3.1,c530bf2cab2728a7,2529,1533f0730a76,2,arctan,independent,2,0.05,0.44557036348221191,0.0014776019452111642,5.4351200822213021e-05,1.0463047426269776e-05,9.5154868756098566e-08,0.0033162033795592714,0.00012198118473914802,2.3482368406415529e-05,2.1355744581494669e-07,4.3888153395943243e-05,1.0558202295025876e-05,0.25075367187828729
v3.1,c530bf2cab2728a7,2530,2f84e8ceb697,3,arctan,common,10,0.3,0.18562791274362364,0.0029139414434013089,0.00011841837166947261,0.00012653522250468058,1.1801994857387971e-05,0.015697754719818685,0.00063793407962855152,0.0006816605360393306,6.3578772626119353e-05,4.7636328897759135e-05,0.00013781004033324806,0.15760353253176737
v3.1,c530bf2cab2728a7,2531,e2039d3c1f74,4,fermi,common,3,0.2,0.21276837945411162,0.00076259950418341375,8.4295219208233391e-06,4.8844606653134246e-06,3.9075026460850668e-08,0.0035841768694200439,3.9618302035530422e-05,2.295670380084307e-05,1.8365053379220803e-07,4.092071062621831e-06,4.9234307726870441e-06,0.062199165071070518
v3.1,c530bf2cab2728a7,2532,0cb7b9d07248,2,fermi,common,10,0.5,0.42033720498451438,0.016057886302665948,0.00074568569964326688,0.00074588031420328793,3.5289621326053148e-05,0.038202391109436851,0.001774017838061084,0.0017744808343357732,8.3955502647816414e-05,1.9461456002106006e-07,0.00078116993552934113,0.34996720062199943
v3.1,c530bf2cab2728a7,2533,fa5e768cdcc1,3,arctan,common,2,0.2,0.30927963058604896,0.012566355260391539,0.0008879922058903048,0.0014953767371598487,0.00026988185452651105,0.040631047174299051,0.0028711629156037942,0.0048350314384632553,0.00087261438464316678,0.00072450493131657665,0.0017599332320159618,0.22622764728229044
v3.1,c530bf2cab2728a7,2534,20c4bc20daeb,4,fermi,independent,3,0.05,0.15746067535216379,3.6394880183170446e-05,4.5679826429950982e-06,1.8110282930333412e-08,1.3526766756504482e-11,0.00023113631452280136,2.9010307702407081e-05,1.1501464025750823e-07,8.5905682331487595e-11,4.5833103255427083e-06,1.8123744284250061e-08,0.018026982672909527
v3.1,c530bf2cab2728a7,2535,d87df0b29216,2,arctan,independent,10,0.05,0.24931256042138986,0.00021423885658047368,8.3143162526737563e-07,4.9217723786449859e-07,1.7269106242999308e-09,0.00085931834408328907,3.3348966608905867e-06,1.9741373520556571e-06,6.926689218469756e-09,3.3925438740287698e-07,4.9390414848879853e-07,0.48530883060517166
v3.1,c530bf2cab2728a7,2536,39fc25e0b41e,3,fermi,common,2,0.2,0.1215232432199857,0.00079002124929446963,0.00062957903508404701,6.812177517931047e-06,6.6624238349617314e-08,0.0065009888508681841,0.0051807293683263592,5.6056580925834909e-05,5.4824276067922037e-07,0.00062365820758005918,6.8787950868451189e-06,0.13773551557297345
v3.1,c530bf2cab2728a7,2537,5ebbe8d6fb2e,4,fermi,independent,5,0.3,0.25674848771430892,0.0040428269220679994,0.00021485505281377038,0.00013571172368649997,6.3540202786064152e-06,0.015746254079465363,0.00083683084066631574,0.00052857847341056252,2.4748033903423445e-05,8.5138566611833364e-05,0.00014205912197662074,0.045746535767331897
v3.1,c530bf2cab2728a7,2538,808c28678e6c,2,fermi,independent,1,0.1,0.4588483025035956,0.0018860323410268881,3.4547965298849541e-05,1.2537353277561571e-05,9.2625440306099647e-08,0.0041103613781204055,7.5292782190425166e-05,2.7323525463981262e-05,2.0186506041476273e-07,4.7085318576411108e-05,1.2629978717867671e-05,0.42854003483245895
v3.1,c530bf2cab2728a7,2539,2bb6c00448ce,3,fermi,common,10,0.3,0.16465021257755424,0.0010057987606024892,1.0402838733508135e-05,1.0214045996482087e-05,1.3409760293169312e-07,0.0061087000426964747,6.318144732797199e-05,6.203481815531228e-05,8.144392942616451e-07,1.5432202157107349e-05,1.03478217274156e-05,0.20429558171318177
v3.1,c530bf2cab2728a7,2540,9ec868abfe9a,4,fermi,common,10,0.3,0.15385707280132604,0.00094572427799644867,2.1248386049549157e-05,1.4184071243197107e-05,3.1083153909321186e-07,0.0061467715508773009,0.00013810470758784658,9.2189920066351727e-05,2.0202616196564795e-06,3.479407680823518e-05,1.4494861308420347e-05,0.049437274993573553
v3.1,c530bf2cab2728a7,2541,29c69532d886,2,arctan,independent,3,0.05,0.47935084614018336,0.0011704724609074184,8.3931649522637291e-06,6.9932712266466174e-06,5.9332428268734671e-08,0.0024417865751823887,1.7509440151919952e-05,1.4589045336954462e-05,1.2377662154242501e-07,1.3998937256171117e-06,7.052603654915352e-06,0.48806289100426758
v3.1,c530bf2cab2728a7,2542,5e0c5f4ba12a,3,arctan,common,5,0.5,0.13937510379069898,0.014611768983111652,0.0042622959307841799,0.003801561519527923,0.0014938925733763138,0.1048377262918799,0.030581472693895988,0.027275757406694145,0.010718503755302724,0.001600975732913989,0.0052943336622358157,0.15537955403329246
v3.1,c530bf2cab2728a7,2543,61d1830a7cd3,4,arctan,common,2,0.05,0.27338720077938833,0.00091775612063698297,5.58626878396649e-05,1.0488461195893938e-05,2.2579691875759367e-07,0.0033569827629844769,0.00020433541760699937,3.8364858215720468e-05,8.2592351841592629e-07,6.5734660686810211e-05,1.0711008396544608e-05,0.099071748922962208
v3.1,c530bf2cab2728a7,2544,fa116b975a58,2,fermi,common,2,0.2,0.451936773621752,0.004545666721055457,9.7830737554120334e-05,6.1438235374265844e-05,8.9041588961563754e-07,0.010058191734713643,0.00021646996496903716,0.00013594431557739647,1.9702222558257014e-06,3.6392502179854483e-05,6.2328651263881491e-05,0.27497497188463338
v3.1,c530bf2cab2728a7,2545,6c2892963c86,3,arctan,independent,3,0.5,0.10394510330281485,0.016688919961167788,0.0080423181263975119,0.0081093015791093691,0.0065094829907386739,0.1605551337281306,0.077370822394283237,0.078015234209592318,0.062624238986757508,0.00054727186616311226,0.014616506373954757,0.21789947864214473
v3.1,c530bf2cab2728a7,2546,e22e90084ad4,4,fermi,common,3,1,0.06723915325777706,0.0086259556681707126,0.0026107113301962518,0.0032944488830873456,0.0026337856268183529,0.12828769028516895,0.038827248763640403,0.048995990036598221,0.039170416330513831,0.0047503217981179104,0.0058905412800393589,0.10316929179775994
v3.1,c530bf2cab2728a7,2547,396a6f7830ee,2,arctan,independent,2,0.5,0.28615209885425485,0.058304415624554226,0.031248937021532131,0.032628664093599304,0.026654558050418029,0.20375323423453298,0.10920394135374864,0.1140255976602778,0.093148217878331649,0.0013797270720671707,0.059283222144017329,0.47240876260031822
v3.1,c530bf2cab2728a7,2548,e78e0c4ffbe6,3,fermi,common,10,1,0.0098682398591025851,0.00033828769465528945,0.00043518225445732039,8.9874502976682548e-05,2.3021889438252886e-05,0.03428044914648571,0.044099278156063765,0.0091074501896892188,0.0023329276311638506,0.00051776850336242395,0.00011286536199239892,0.25985615801998629
v3.1,c530bf2cab2728a7,2549,b42217a9195c,4,fermi,common,3,0.3,0.10266949177103356,0.00099621355430284096,0.0003060578161248934,1.8252065095792228e-05,7.6709164013650051e-07,0.0097031117727214219,0.0029810005956535024,0.0001777749629509877,7.4714662253049379e-06,0.00029814198445260996,1.8869843363415838e-05,0.028801140341349202
v3.1,c530bf2cab2728a7,2550,7b7271d503d3,2,arctan,independent,1,1,0.080450371294202142,0.065493295322981912,0.14439335325136296,0.13542660113843777,0.38609810521630977,0.8140831952593095,1.7948127638009923,1.6833558249618374,4.799208493449612,0.0089667521129252192,0.52152470635474746,0.057742460180536061
v3.1,c530bf2cab2728a7,2551,654f73bc483d,3,arctan,common,5,0.1,0.20684920314909155,0.0014436224733629479,7.1793173815995419e-05,2.8134077625356211e-05,8.3843266418218863e-07,0.0069791057997086996,0.00034707976981786465,0.00013601250184695125,4.0533521590502238e-06,5.1543106155972384e-05,2.8968770247032728e-05,0.19396969805096373
v3.1,c530bf2cab2728a7,2552,1fff66409872,4,arctan,common,3,0.7,0.041043794816502818,0.0014283488623764655,0.00050465876368521116,0.00023019534413579564,0.00010196584903034968,0.03480060429992593,0.012295616571065666,0.0056085297464560733,0.0024843182626317832,0.00065935519825956212,0.00031812577085095684,0.042110850199512065
v3.1,c530bf2cab2728a7,2553,ada2a2760dd6,2,fermi,common,10,1,0.32186110442844107,0.05371590480897203,0.011100576821174614,0.011100557409014672,0.0023271204908840806,0.16689156928222315,0.034488717861348758,0.034488657549121914,0.0072302010366134999,1.9412159942638572e-08,0.013427677899898752,0.24420292995016118
v3.1,c530bf2cab2728a7,2554,aff475012a68,3,arctan,common,5,0.3,0.31871868612503806,0.036363355699543978,0.012464535359067188,0.012207145214805443,0.006659781860953091,0.11409232430532201,0.039108266636670198,0.03830068880873963,0.020895486053617702,0.00026011097728686865,0.018835815107970468,0.24176812975308307
v3.1,c530bf2cab2728a7,2555,ecf81c85cad0,4,arctan,common,3,0.3,0.21235548852492356,0.0059957551651411379,0.0016000474454147329,0.00049291311463934011,9.0329203341799137e-05,0.028234519422074805,0.0075347590803001071,0.0023211696484194628,0.00042536787708784583,0.0011440406040610334,0.00057988677927048055,0.032813683964331777
v3.1,c530bf2cab2728a7,2556,8bc73e241151,2,fermi,common,1,0.05,0.4747801070665722,0.0001955248562387073,9.3669854661959627e-08,9.7107733819770989e-08,4.904513514115095e-11,0.00041182192204040978,1.9729102645158959e-07,2.0453201887448675e-07,1.0330073735434326e-10,3.43787915781137e-09,9.7156778954912152e-08,0.39657463847055624
v3.1,c530bf2cab2728a7,2557,54ca4a164274,3,fermi,common,3,0.05,0.16033908776816286,9.4554648354616742e-05,9.7883651775285502e-07,8.9179541633134124e-08,9.4998791672248393e-11,0.00058971676632796485,6.1047903625856487e-06,5.5619339535023683e-07,5.9248679155271754e-10,8.9023608763813768e-07,8.927450647456685e-08,0.03406877551841038
v3.1,c530bf2cab2728a7,2558,e3b755490d5d,4,arctan,independent,3,0.3,0.32368006062508597,0.025602920254472177,0.005576547760962748,0.0059374620291735188,0.0022939272112421829,0.079099466939755905,0.017228579821053556,0.018343613807125417,0.0070870204572137862,0.00071450279449995855,0.0082289160226237112,0.12895938900048484
v3.1,c530bf2cab2728a7,2559,e373f1738df2,2,arctan,independent,3,1,0.20578667826638408,0.11569317304721036,0.20837521158223235,0.19404626238934106,0.49603540367439442,0.5621995263340096,1.0125787215074122,0.94294861078497294,2.4104349603830668,0.014328949192891325,0.69008166606373544,0.23424723430357758
v3.1,c530bf2cab2728a7,2560,35aa6f354305,3,arctan,independent,5,0.05,0.36892115130691244,0.00070678873339011022,5.3422246231450065e-07,3.2975498424224208e-06,2.2483610728436409e-08,0.0019158259993667843,1.4480667763884075e-06,8.9383594048234087e-06,6.0944217073994415e-08,3.1744439756613341e-06,3.3200308971627791e-06,0.23519484163612975
v3.1,c530bf2cab2728a7,2561,626f209fa603,4,arctan,common,10,0.5,0.066929040966713954,0.0044714284068977884,0.0010704563099590652,0.00096191662236053349,0.00034850713868315287,0.066808493627177168,0.015993898829230777,0.014372185951968545,0.0052071138873254902,0.00018176903891449866,0.0013101147473419791,0.15803867469750682
v3.1,c530bf2cab2728a7,2562,0808cfe85804,2,fermi,common,10,0.1,0.344288284616935,0.00058081181792932473,1.0330756377841861e-05,1.6372009161082537e-06,5.6973174917907163e-09,0.001686992685724269,3.0006122309204208e-05,4.755319856235742e-06,1.6548101536855123e-08,8.6935554617336087e-06,1.6428982336000443e-06,0.36224012966098545
v3.1,c530bf2cab2728a7,2563,0bddf2ef10ea,3,fermi,common,10,0.1,0.31449996399412827,0.00028013151346515172,5.8555464772672787e-07,3.6077451621809372e-07,5.4516400426716074e-10,0.00089072033556856557,1.8618591884406709e-06,1.1471369078593261e-06,1.7334310546291159e-09,7.6918711039304501e-07,3.6131951012036961e-07,0.093673255986154863
v3.1,c530bf2cab2728a7,2564,bb022a284f94,4,arctan,common,1,0.2,0.1355906420267052,0.0074395473541771775,0.013319329347329286,0.0031229754117197109,0.0013545182398307753,0.054867705049378879,0.09823192182175805,0.023032381623391284,0.0099897619746058628,0.01640341599177526,0.0044704886494501515,0.099150751072995438
v3.1,c530bf2cab2728a7,2565,035a8835bb3e,2,arctan,common,3,1,0.32434445722287675,0.16149378605203032,0.17976126222577363,0.17974225171070932,0.25758562838138982,0.49790826528926357,0.55422948727083921,0.55417087515448893,0.79417305474219069,1.9010515064342186e-05,0.43732788009209905,0.39016100482340182
v3.1,c530bf2cab2728a7,2566,31181efd8b9b,3,fermi,common,5,0.1,0.30367814098709128,0.00064916560811027952,8.9131403163900709e-06,2.1734224636898199e-06,9.0772200437265504e-09,0.0021376764425657959,2.9350615383176195e-05,7.1569934425481336e-06,2.9890923377696794e-08,7.9623722479964801e-06,2.1824721387822966e-06,0.20871152500967022
v3.1,c530bf2cab2728a7,2567,5ae74d8c6b44,4,fermi,independent,2,0.3,0.1021204861693529,0.0011593401574748327,0.00021468480775134604,3.0659757005659051e-05,1.3521720925961843e-06,0.011352669782165207,0.0021022697384667807,0.00030023120879794896,1.3240948445484202e-05,0.00023363679363825723,3.2000256360148549e-05,0.005066815983786041
v3.1,c530bf2cab2728a7,2568,b7137765b8cb,2,fermi,common,3,0.5,0.19021620122349633,0.0094073744917252313,0.00056730121004233052,0.00056643114971652818,3.46936029480935e-05,0.049456221032781258,0.0029824021633981352,0.0029778281033537965,0.00018239036803878721,8.7006032580238522e-07,0.00060112475266462168,0.10168932319712405
v3.1,c530bf2cab2728a7,2569,b93abc15e329,3,fermi,common,1,0.3,0.39186833281547467,0.01006576953676175,0.0011118231062536258,0.0003824009222809708,1.6087621212003967e-05,0.025686611276909636,0.0028372364213904667,0.00097584032762616226,4.1053639359982175e-05,0.00077132343003765964,0.00039840754262361865,0.1272023485461525
v3.1,c530bf2cab2728a7,2570,eadba0fa8797,4,fermi,independent,2,0.2,0.10174666429108455,0.0012067678857528164,0.00015150262700760431,2.541183220738316e-05,6.7331628644558991e-07,0.011860515469090994,0.0014890181222469775,0.00024975592452528044,6.6175760270559418e-06,0.00015413989157960216,2.608150641720798e-05,0.070077160061481528
v3.1,c530bf2cab2728a7,2571,5ff65b2e133d,2,arctan,common,5,1,0.21084153397927494,0.062074563669726419,0.050361486145868807,0.052203093738067308,0.070417904111995083,0.29441335631635157,0.23885941823407139,0.24759397616220488,0.33398497337302119,0.0018416075921984974,0.12262099785006239,0.30135543812403565
v3.1,c530bf2cab2728a7,2572,0fb60e994c07,3,arctan,independent,1,0.3,0.059429359007579008,0.020305940126419158,0.0056890595341628101,0.0092041051725255413,0.0053115335557408685,0.34168196436090698,0.095728098521764074,0.15487471724794719,0.089375582110241006,0.014878112560662217,0.014512010912305228,0.25943007863830775
v3.1,c530bf2cab2728a7,2573,91f9edb00ee2,4,arctan,common,2,0.3,0.20404829530863153,0.022190488061393666,0.0054746500849373074,0.0089640443662927921,0.0052782683982469424,0.10875115632713143,0.026830168204329624,0.043930993653900921,0.0258677407241425,0.0062630927517194285,0.014235540552899736,0.14210677614128989
v3.1,c530bf2cab2728a7,2574,b36c4e8a9660,2,fermi,common,3,0.7,0.17723503927922291,0.011840305053979717,0.00012098632083584056,0.0015884786309471664,0.00029020875436766531,0.066805667220949716,0.00068263206490018068,0.0089625541168787508,0.0016374231390580689,0.0014674923101113259,0.0018786873853148319,0.28844669403812051
v3.1,c530bf2cab2728a7,2575,b18a20b740e9,3,arctan,independent,5,0.5,0.25272662683334268,0.030290700879419669,0.01062482297010213,0.010137810142484716,0.0054428893535604025,0.11985559756390245,0.04204077387187434,0.040113739772936405,0.021536667591221585,0.00068898892128948749,0.015553684949767074,0.094644221494392583
v3.1,c530bf2cab2728a7,2576,166175b36f88,4,fermi,common,1,0.2,0.08288986752294554,0.0024947765859457921,0.00088453681698787438,7.9792394971100271e-05,2.5703360376797837e-06,0.030097485500929159,0.010671229710229869,0.00096263146938933364,3.1009049893441613e-05,0.00095902396775607171,8.2359985546838829e-05,0.15414923990898122
v3.1,c530bf2cab2728a7,2577,c187a6a32e18,2,arctan,common,2,0.5,0.34085852153934454,0.07961995066375209,0.042905243338454045,0.041436808255593927,0.028155949925427394,0.23358650475916512,0.12587405221582992,0.12156600359721671,0.082603039519953486,0.0014684350828601169,0.069592758181021327,0.22233675880002585
v3.1,c530bf2cab2728a7,2578,07b9ca321c02,3,arctan,common,2,0.05,0.19779593547407345,0.0003875710352952432,0.00011168011456354146,2.6482247899487747e-06,3.1541658262140335e-08,0.0019594489359264157,0.00056462289933242936,1.3388671428467734e-05,1.5946565426909254e-07,0.00010964503414024625,2.6793873185599282e-06,0.062904864031252478
v3.1,c530bf2cab2728a7,2579,74ae3ad3b8ea,4,arctan,independent,2,0.1,0.12164576091065478,0.0011660097828272867,8.8935808185090684e-05,3.4782095663894632e-05,1.6416024489985524e-06,0.0095852890729475268,0.00073110486974068431,0.000285929369042634,1.3494941679096084e-05,0.00010762834674309244,3.6423558423473058e-05,0.078327245702131218
v3.1,c530bf2cab2728a7,2580,a07720b2334f,2,fermi,independent,1,0.7,0.18802974432952027,0.040825702649441874,0.015944857456662607,0.011388185477773398,0.0032442758951490729,0.21712364070386242,0.084799655041382191,0.060565872268675297,0.01725405683402681,0.0045566719788892067,0.014632461372922472,0.084604778327849975
v3.1,c530bf2cab2728a7,2581,c93bc645d26c,3,arctan,common,1,0.7,0.14697895926646515,0.11105663892354953,0.21479921599097818,0.21800021504983536,0.61549277189755414,0.75559549120367397,1.4614283368380536,1.4832069579062157,4.1876250517034759,0.071065399182449113,0.83030249985871218,0.2298287464442883
v3.1,c530bf2cab2728a7,2582,3cd5dd2646a3,4,arctan,independent,1,0.1,0.25247115243174945,0.0064442879441501313,0.00026204231913527396,0.00043259926632565601,4.0262667066721117e-05,0.025524848609752421,0.0010379099418342929,0.0017134601801391967,0.00015947432678513768,0.00048839947022922658,0.00047286143015985358,0.068286004631896824
v3.1,c530bf2cab2728a7,2583,fb0f661fc157,2,fermi,independent,2,0.2,0.43561608154551723,0.0057186777886776693,0.000273575835269917,0.00010726534060636254,2.2059595295963817e-06,0.013127793097969291,0.00062802051361212491,0.0002462382477382311,5.0639992944472651e-06,0.00016631049466355445,0.00010947130013595892,0.24658490705818997
v3.1,c530bf2cab2728a7,2584,b11978c258d1,3,arctan,independent,2,0.05,0.19695375654656244,0.00042136761275225434,0.00011945944839762836,2.4375212965664759e-06,2.144174131584294e-08,0.0021394240970094803,0.00060653551621589192,1.2376109698573909e-05,1.08866881707706e-07,0.00011717797431879454,2.4589545757228538e-06,0.18460417698052192
v3.1,c530bf2cab2728a7,2585,2573961e9711,4,arctan,independent,10,1,0.13136312559521462,0.02169459659902782,0.013077657370021067,0.013238473629324822,0.016450199322800528,0.16514982039844311,0.09955348817078899,0.1007776997490008,0.1252269177386244,0.00026528094784496686,0.029553960862874571,0.034562768806646028
v3.1,c530bf2cab2728a7,2586,84a16d9725e5,2,fermi,independent,3,0.05,0.38516562721818071,0.00022007755600868506,4.0654335619845328e-06,2.0912470953023351e-07,2.3649768873717749e-10,0.0005713842057978347,1.0555026914905959e-05,5.429474873981235e-07,6.1401556116327887e-10,3.8563088524542995e-06,2.0936120721897067e-07,0.43405556991275102
v3.1,c530bf2cab2728a7,2587,6d459eead191,3,fermi,common,10,0.7,0.21060331470594432,0.0099575906309933189,0.0010785551308864249,0.00094227777826018117,0.00013318063800637494,0.047281262618760977,0.0051212637958351305,0.004474183037317528,0.00063237674199159168,0.00014018798996853912,0.001073496575402468,0.09349433049046843
v3.1,c530bf2cab2728a7,2588,40f0e24c2617,4,arctan,independent,1,0.1,0.076806314490982588,0.0026888518894998717,0.00082881288811252586,0.00017043486396099388,1.7906346746146852e-05,0.035008213938133373,0.010790947249653963,0.0022190215100218579,0.00023313638813185261,0.00096608873570893099,0.00018820360712697805,0.12239308002510617
v3.1,c530bf2cab2728a7,2589,f71bf1ee63dc,2,arctan,independent,3,1,0.054877495501614658,0.023306468785345542,0.024663108230609153,0.023125500858190606,0.029915648163157369,0.42469993523410332,0.44942116991988984,0.42140226420336885,0.5451350847867531,0.0015376073724185481,0.053041149021347975,0.047380780143857756
v3.1,c530bf2cab2728a7,2590,9474d54322c6,3,arctan,common,5,1,0.044025374049441707,0.016699117428269121,0.012085667200112959,0.021320146109509507,0.047533325854510131,0.37930665641853611,0.2745159458847623,0.48426950525318413,1.0796802271601122,0.010154890948682408,0.06871918625892616,0.22590036581023965
v3.1,c530bf2cab2728a7,2591,295a0747b5e0,4,arctan,common,5,0.3,0.30030762552958407,0.012741251233264425,0.0014547445978688885,0.0014804454345648292,0.00037972370505762431,0.042427331676295553,0.0048441813467223396,0.0049297630453242914,0.0012644490941180473,5.5038175906499752e-05,0.0018420426144180107,0.021838350738154905
v3.1,c530bf2cab2728a7,2592,c655e57c62f7,2,arctan,common,2,1,0.32488615123563347,0.1595571479318956,0.17391277084119225,0.17390302233947341,0.24262173595463246,0.49111711079421161,0.53530373695447786,0.53527373105338982,0.74679002177185372,9.7485017188402715e-06,0.41652475829410585,0.39574803476272308
v3.1,c530bf2cab2728a7,2593,8a3288a641f6,3,fermi,common,3,0.2,0.23977880885375327,0.0022257441421333728,0.00028428510636629506,4.3796160287554441e-05,1.1979480652629516e-06,0.0092824889437619421,0.0011856139736672361,0.00018265233903245697,4.9960547847812869e-06,0.0003257466164444676,4.4981526945050706e-05,0.25525363421282821
v3.1,c530bf2cab2728a7,2594,ae584ea33aec,4,arctan,common,1,1,0.17012161530681952,0.072519705089664196,0.16392887458712821,0.10815927579616799,0.33022766660783526,0.4262815454630659,0.96359815471700927,0.63577620986668537,1.9411270343998297,0.056863056582055385,0.43535841180928925,0.042917141581368452
v3.1,c530bf2cab2728a7,2595,6c4dd0e67c56,2,arctan,common,1,0.7,0.08570106905415871,0.012048503073368541,0.068495902836521586,0.038754748854131826,0.081514778853061576,0.14058754699727841,0.79924210505747206,0.45220846463001296,0.95115241563145947,0.10725065169065343,0.1202695277071934,0.1581574112467426
v3.1,c530bf2cab2728a7,2596,4df26daf24c4,3,arctan,common,2,0.7,0.21785981668809665,0.068426329244906409,0.060707331378176833,0.072453346581759615,0.13382592816754887,0.31408421380832396,0.27865318304701275,0.33256865668572966,0.61427540976564499,0.012236786576452732,0.20613346814373176,0.18630175305453783
v3.1,c530bf2cab2728a7,2597,bde310980302,4,arctan,common,3,0.05,0.28997397536101283,0.00049011284316224034,1.1798389804912057e-05,2.0931483049950255e-06,1.3132227803234309e-08,0.0016901959651794887,4.0687754100081762e-05,7.2184005560812492e-06,4.5287608265137938e-08,1.0141456217934783e-05,2.1061319517752008e-06,0.10357984794826049
v3.1,c530bf2cab2728a7,2598,6cb58769540e,2,arctan,common,5,0.3,0.13216729284105241,0.0053310671285166774,0.0019615514909744314,0.00048797039572138888,5.54030425621927e-05,0.040335751863571481,0.014841428986015781,0.0036920662081520719,0.00041918875215838568,0.0014735810952530425,0.00054337343828358162,0.21831959703535472
v3.1,c530bf2cab2728a7,2599,7e3fb5588738,3,arctan,common,5,1,0.14212303509510565,0.050314677698243639,0.060980579004336205,0.056615768547708306,0.10380373343513041,0.3540219758505308,0.42906893286882963,0.3983574408597611,0.73037937422084465,0.0043785660274300153,0.16035285867465759,0.21353938905675415
v3.1,c530bf2cab2728a7,2600,9c8d1bb88824,4,fermi,independent,3,0.7,0.18146668469824884,0.019674415805748705,0.0059645462562220213,0.0041838193901959113,0.0012293256570880017,0.10841888602563181,0.032868547007072639,0.023055578477961167,0.0067743875914864542,0.0020057938166191621,0.0054085027112943419,0.044877742817237748
v3.1,c530bf2cab2728a7,2601,a5613d0a3abc,2,fermi,common,10,0.5,0.42505728906349488,0.015308664233311526,0.00075240412021953314,0.00075683727334110334,4.2108274397881293e-05,0.036015531617020979,0.0017701240269923694,0.0017805535696343447,9.9064938965418315e-05,4.4331531215702733e-06,0.00079894554773898472,0.46954091753243438
v3.1,c530bf2cab2728a7,2602,a0a54ec5b934,3,arctan,common,10,0.5,0.29063255332792798,0.044912970561641861,0.015093598292761723,0.015081556175483495,0.0067533062031491344,0.15453523718303308,0.051933612115815667,0.051892177950439704,0.02323657871707582,1.3588922300039382e-05,0.021813114572126913,0.25746044125322115
v3.1,c530bf2cab2728a7,2603,230e417e3b65,4,arctan,common,10,0.2,0.28526992784885774,0.0059206346989374584,0.00027937433987711201,0.00028950137001624833,2.336675087978815e-05,0.020754499934792777,0.00097933330016170038,0.0010148331168283273,8.1911020400889808e-05,4.7456544636120567e-05,0.00031221072844138327,0.12924225957858843
v3.1,c530bf2cab2728a7,2604,abfa444709bc,2,arctan,common,2,0.1,0.4020334960115185,0.0066733954085272827,0.0010647999192230698,0.00023483777276599692,9.9506282465701805e-06,0.016599102996970396,0.0026485353329677849,0.00058412489281556952,2.4750744267052538e-05,0.00082996214645707277,0.00024478840101256708,0.32228955377617441
v3.1,c530bf2cab2728a7,2605,e3dde1dee24f,3,arctan,independent,5,0.05,0.18542656686689679,0.00025381830173305011,2.138160994094943e-05,8.8884772764526449e-07,4.5968029145855059e-09,0.0013688346067219504,0.00011531039107409896,4.7935295500741202e-06,2.4790422387991417e-08,2.0492766702152097e-05,8.9344430731081407e-07,0.15732779161601876
v3.1,c530bf2cab2728a7,2606,8077ed00d97f,4,arctan,independent,10,0.3,0.18321065160959521,0.010466792653204592,0.0015294863377965586,0.0015228658800687132,0.00030723806163972418,0.057129826029484083,0.0083482391681884913,0.0083121033994999274,0.0016769661531165765,6.7122681215963383e-06,0.0018293181203057694,0.050189953975591416
v3.1,c530bf2cab2728a7,2607,38f30974621d,2,fermi,independent,2,0.05,0.3494486064400894,0.00025403930069291692,2.0175158034091146e-05,2.8789169106754178e-07,3.6820281426135822e-10,0.00072697185225853878,5.7734263815271617e-05,8.238455834760894e-07,1.0536680000310262e-09,1.9887266343023606e-05,2.8825989388180317e-07,0.32246510291826053
v3.1,c530bf2cab2728a7,2608,0f7b1c292156,3,fermi,independent,2,0.05,0.15564380723521673,0.00010316581437904211,2.6757029016330129e-05,1.4064901041419089e-07,2.5402232000843539e-10,0.00066283276033676536,0.00017191194106356937,9.0365953462982986e-07,1.6320747000524352e-09,2.6885904721466866e-05,1.4090286237722896e-07,0.22757233519611964
v3.1,c530bf2cab2728a7,2609,d5e39060e1e7,4,arctan,independent,10,1,0.13899353640095163,0.022361333485358507,0.014256298160801151,0.014662713197486769,0.020931160390124902,0.16088038382485106,0.10256806560901018,0.10549205076119193,0.15059089028244621,0.00042804136233542836,0.03549191418029958,0.12412299787266733
v3.1,c530bf2cab2728a7,2610,77b816559bb2,2,fermi,common,5,1,0.36398811824574606,0.052352386076414105,0.009495821203896233,0.0095046403537280364,0.0017918852069195264,0.14382993139646516,0.026088272467963206,0.026112501692461817,0.0049229222523954411,8.8191498318029551e-06,0.011296525560647563,0.33405812435531468
v3.1,c530bf2cab2728a7,2611,3a1d253c1c9f,3,arctan,common,1,0.5,0.12663539646041655,0.058432757081526676,0.087179335228929233,0.072080225554139774,0.12549884479708642,0.46142515216739954,0.68842786192231475,0.56919492944984362,0.99102500805384708,0.029536993967986227,0.19749501407032349,0.23427412260438088
v3.1,c530bf2cab2728a7,2612,9f134f2d65a8,4,arctan,common,5,0.7,0.27025230368580966,0.061384791530638583,0.043168159939154703,0.047595256007106929,0.073395162477348702,0.22713882802643343,0.15973281023106914,0.17611415465468258,0.27158015482701142,0.0046664464531194988,0.12090841519093269,0.11491346679497556
v3.1,c530bf2cab2728a7,2613,c4e75bd12a75,2,fermi,independent,5,0.7,0.16421855016714199,0.0078612252755475703,0.0013022550643779632,0.00064427520581615213,6.4567148604035117e-05,0.047870507123259819,0.0079300119447682695,0.0039232791006887317,0.00039317816737706267,0.00065797985856181121,0.00070884235442018721,0.26370902200763074
v3.1,c530bf2cab2728a7,2614,8773db7e3e76,3,fermi,independent,2,0.7,0.38431795564048515,0.059725892750169554,0.017169208102333036,0.018408513054570311,0.0077254164371395578,0.1554075001534429,0.044674488533120157,0.047899175108515553,0.020101627633465013,0.0012660655873118019,0.026120975269043351,0.27330147367159502
v3.1,c530bf2cab2728a7,2615,b6822fa492b1,4,arctan,independent,10,0.1,0.25556427018606864,0.0018922009282111788,4.0794907362185891e-05,3.8134048776781887e-05,1.1353863844362617e-06,0.0074040120194952307,0.0001596268028096586,0.00014921510252202954,4.4426647888205229e-06,3.0655782493971921e-06,3.9267219375207767e-05,0.17135822557022939
v3.1,c530bf2cab2728a7,2616,97e0482c722f,2,fermi,common,5,1,0.072085787391186845,0.010717136646693477,0.0057280276495857811,0.00279869776051179,0.00086722173176299693,0.14867197868749016,0.079461262155625503,0.038824543114499663,0.0120304121401471,0.0029293298890739907,0.003665919492274787,0.41741748081029562
v3.1,c530bf2cab2728a7,2617,c802612ccd46,3,fermi,independent,5,0.7,0.14715010974114165,0.0084888914617082031,0.00074499301687785372,0.00098831324898060176,0.00016388946240901921,0.057688651925855795,0.0050628097946267547,0.0067163609372713883,0.0011137569839215513,0.0010999595707624529,0.0011512786323748187,0.11816169390623917
v3.1,c530bf2cab2728a7,2618,49c2f6ac23c7,4,arctan,common,2,0.05,0.10518581627147891,9.0465224730357243e-05,3.1794880769726596e-05,2.4200350227978146e-07,1.1073321780954755e-09,0.00086005155387938791,0.00030227346135400734,2.3007237178745041e-06,1.0527390643977235e-08,3.1977554059459996e-05,2.4310051671396224e-07,0.034438966564908927
v3.1,c530bf2cab2728a7,2619,0d68f55fca9c,2,fermi,common,1,0.7,0.25318519460089828,0.025643010482199871,0.0014098093992177712,0.0051314429135925262,0.0010893410534645691,0.10128163506014459,0.0055682932070340316,0.020267547325116458,0.0043025464233077404,0.0037216335143747548,0.0062207839670570947,0.28252153627308196
v3.1,c530bf2cab2728a7,2620,a8be7614c436,3,arctan,independent,5,1,0.12065196727657924,0.036592143424453778,0.035686262592905624,0.038065127458411632,0.070340998378174438,0.30328675321614074,0.29577853887039751,0.31549529044273422,0.58300747153941279,0.0025653062954876515,0.1084036602966752,0.20561756180329799
v3.1,c530bf2cab2728a7,2621,d484fd472836,4,fermi,common,10,1,0.23339335741524231,0.032257376497651702,0.0078633271059052549,0.0079779289359567292,0.0024881463951821948,0.13821034520815825,0.033691306355027061,0.034182330741156355,0.010660742116817848,0.00012821335164980816,0.010465473349815714,0.050272624307930641
v3.1,c530bf2cab2728a7,2622,0e93ebca9b98,2,arctan,common,1,1,0.1342017452999856,0.23090959876420486,0.79323415305327072,0.69638109904381429,2.6910925655338302,1.720615467764931,5.9107588450517401,5.1890614200819112,20.052589923613453,0.096853054009456513,3.3874736645776444,0.44580928862642527
v3.1,c530bf2cab2728a7,2623,3b0254da0d3d,3,arctan,common,2,0.2,0.3233095614695965,0.021352756256473874,0.0044637197441926161,0.0032802979078584466,0.00063102526088418926,0.066044307998239793,0.013806333855091932,0.010145997207592392,0.0019517680145798282,0.0011856667676775345,0.0039107644893763005,0.1347419500782657
v3.1,c530bf2cab2728a7,2624,ca80f95a94ba,4,arctan,independent,10,1,0.19048291172586954,0.099963583696202507,0.21277116912260724,0.21232042161837258,0.74801226031190937,0.52479029636035546,1.117009222479828,1.1146428815826279,3.9269257989315038,0.00066960477633606441,0.95999225574538338,0.063268877302377
v3.1,c530bf2cab2728a7,2625,aa64d3a6c8fc,2,arctan,common,5,0.1,0.43545323138502701,0.0047507060559764695,0.00022673084267431126,0.0001215857651774871,4.2690914965865313e-06,0.010909796307782828,0.00052067782791083764,0.00027921658725729189,9.8037887628207958e-06,0.00010514507749682418,0.00012585485667407362,0.31624297453213701
v3.1,c530bf2cab2728a7,2626,551b2d9de73d,3,fermi,independent,5,0.1,0.12418799874992549,0.00016526288088195847,3.6054265468024767e-06,3.1219060350863122e-07,6.9243071668228854e-10,0.0013307475967524408,2.9032004566420632e-05,2.5138548543429083e-06,5.5756653110790542e-09,3.2932800457809583e-06,3.1287630347649851e-07,0.024469797904340042
v3.1,c530bf2cab2728a7,2627,e929c50b24a0,4,fermi,independent,5,0.7,0.18110684273336608,0.0087187625322417712,0.00078331560018393568,0.00085570812468775139,0.00012449840457600823,0.048141541206579028,0.004325157395279478,0.0047248801413183744,0.00068743070497507696,0.00017327152892589306,0.00097855055495396333,0.026868118062544782
v3.1,c530bf2cab2728a7,2628,8b2a29151125,2,arctan,common,1,1,0.32887128303683083,0.15968887794828782,0.17131509629936867,0.17130937177412719,0.23447049078628077,0.48556650028456272,0.52091838094657483,0.52090097436370564,0.71295519821966957,5.7245252414542201e-06,0.40577986256040799,0.4152263294709852
v3.1,c530bf2cab2728a7,2629,451f0d6e18cf,3,fermi,common,2,0.05,0.32993689823875727,0.00040768126790095117,1.9827277371870201e-05,1.0504074744556452e-06,3.4493578221934836e-09,0.0012356340563216865,6.0094149753212161e-05,3.1836617245989952e-06,1.0454598562957249e-08,2.0829829326787921e-05,1.0538521439865585e-06,0.23619725749560555
v3.1,c530bf2cab2728a7,2630,cedf2a94b11b,4,arctan,independent,2,0.5,0.20931252416208104,0.062057972973855229,0.05766880727952288,0.056213925469240214,0.0845761827341798,0.29648475752841558,0.2755153209793938,0.2685645576836625,0.40406651762838747,0.0036426649608504885,0.14071022184551293,0.1092353788882971
v3.1,c530bf2cab2728a7,2631,257702f141c9,2,fermi,independent,10,0.5,0.13642333462498415,0.0020261278996444513,0.00011268109552603428,5.6494066535899028e-05,2.1015796097030072e-06,0.014851769348800191,0.00082596643628294805,0.00041410852982883234,1.5404839762054389e-05,5.6187028990135253e-05,5.8595646145602034e-05,0.39579073831441036
v3.1,c530bf2cab2728a7,2632,f9332efd0eb4,3,fermi,independent,5,1,0.18366420499339364,0.012986791501042984,0.00084423296813770693,0.002047838432493542,0.00048083551713684245,0.070709431385991173,0.0045966113438820249,0.011149904972322737,0.002618014311248825,0.0012073322267589879,0.0025286042051048765,0.08713164070545415
v3.1,c530bf2cab2728a7,2633,525669095497,4,arctan,independent,3,0.7,0.2407099689152635,0.087160142297975418,0.099816525222959418,0.09753736868971688,0.18329142435217463,0.36209610549473409,0.41467549380182739,0.40520701792808883,0.76146170920199086,0.0028389939554768176,0.2806235111092335,0.1204861178750615
v3.1,c530bf2cab2728a7,2634,661ac443fcba,2,fermi,common,5,0.3,0.4599249119172677,0.0087324218007874387,0.00029978485033538938,0.00025482055352651602,8.7537884540179772e-06,0.018986624934894256,0.00065181259498575575,0.00055404816508907372,1.9033081764426425e-05,4.4964296808873335e-05,0.00026357434198053399,0.4165865783528595
v3.1,c530bf2cab2728a7,2635,09927575381a,3,arctan,independent,5,0.3,0.27792781552437368,0.012896762770370088,0.0013487426218918349,0.0016580816104069789,0.00033822767948898653,0.046403281895471417,0.0048528522391583116,0.005965871416211555,0.0012169623211366718,0.00031435191713745792,0.0019961948571473286,0.24832656498725061
v3.1,c530bf2cab2728a7,2636,b0addd55e0db,4,fermi,common,3,0.3,0.25483316112934118,0.0039017410104105971,0.00023324214031856397,0.00010627974791558316,3.7535805065374616e-06,0.015310962643634355,0.00091527389639914781,0.00041705619254803585,1.4729560665899062e-05,0.00014774794593606528,0.00011002609805393298,0.066136754298595127
v3.1,c530bf2cab2728a7,2637,5cbeb6e6a811,2,arctan,independent,5,0.1,0.47546472322976951,0.004895226538687905,0.00013563919092022473,0.0001078387033673765,3.1666097754395926e-06,0.010295667164191011,0.00028527708638160468,0.00022680694928288756,6.6600309565118263e-06,2.7800487552848237e-05,0.00011100531314281609,0.30536581638481286
v3.1,c530bf2cab2728a7,2638,98673ce6d682,3,fermi,common,3,0.3,0.074642966501955274,0.00077887913227846369,0.00020430868806673247,1.4811553373278862e-05,3.1043099910530221e-07,0.010434729067983397,0.0027371458777885067,0.00019843200327375617,4.1588781053760833e-06,0.00018949721023588201,1.5121028833224135e-05,0.2550424109232392
v3.1,c530bf2cab2728a7,2639,bfd60a375523,4,arctan,common,1,1,0.13048762958351776,0.074216841036831391,0.32154421378539183,0.11387377086233273,0.25180521718705945,0.56876534023732406,2.4641739206365885,0.87267866866604826,1.9297248175229758,0.22398047995478357,0.3644186664591354,0.010197991559540558
v3.1,c530bf2cab2728a7,2640,b4ebe6891af4,2,fermi,independent,3,0.1,0.32287833303580976,0.00067845473022016287,1.7917797813138753e-05,2.4351932674930323e-06,1.0624329881306389e-08,0.0021012705431210118,5.5493961594355505e-05,7.5421389989118593e-06,3.2905056779167854e-08,1.548260454564572e-05,2.4458175973743387e-06,0.43730568165177214
v3.1,c530bf2cab2728a7,2641,2823066cd620,3,arctan,common,5,0.3,0.26384034366188341,0.011811116879778059,0.0012690622311820369,0.0011136132019585107,0.00014590057340196371,0.044766151816851167,0.0048099627735793318,0.004220784382337024,0.00055298811158667287,0.0001642674000647942,0.0012580545973139359,0.062334692539873629
v3.1,c530bf2cab2728a7,2642,9c7582f099ef,4,arctan,independent,10,0.05,0.11870113867496301,0.00021607903178753914,1.0784411423323332e-06,8.0979575823202416e-07,3.9418158181613557e-09,0.0018203619122746926,9.0853479113238113e-06,6.8221397643831529e-06,3.3207902318065812e-08,6.5018335302931878e-07,8.1373642502166883e-07,0.051358837528784965
v3.1,c530bf2cab2728a7,2643,85d67be9862d,2,fermi,common,5,0.05,0.26350437447884156,0.00017729070219853923,8.6196403389327112e-06,1.6927662997314728e-07,1.7501094469185898e-10,0.00067281881960853376,3.2711564489130853e-05,6.4240538817597347e-07,6.6416713209408871e-10,8.4503637089595635e-06,1.6945164091783912e-07,0.14855122183072333
v3.1,c530bf2cab2728a7,2644,c6fb4f917ca9,3,fermi,common,2,0.2,0.16193380594192702,0.0011024066685418347,0.0001485128191859293,2.1301547068869845e-05,4.5839711749391285e-07,0.0068077611226971448,0.00091712053775348931,0.00013154478118367107,2.830768503386526e-06,0.00016709262728049654,2.1757651642075348e-05,0.22047758593118075
v3.1,c530bf2cab2728a7,2645,03e7bc8b9a53,4,fermi,common,10,0.2,0.36039989164832059,0.0020613910118077857,2.9010410619077184e-05,1.7405996570999002e-05,1.9834793050365877e-07,0.0057197326069656478,8.0495059214350811e-05,4.8296342408404025e-05,5.5035513356149215e-07,1.174604541792597e-05,1.7599432650681187e-05,0.015590192908955679
v3.1,c530bf2cab2728a7,2646,5212276fb8d1,2,arctan,common,2,0.2,0.46356822777749085,0.01186513027998007,0.00057975293467931246,0.0005839743811444873,3.610392198966251e-05,0.025595218932206978,0.0012506312985660212,0.0012597377174537305,7.7882649901951683e-05,4.2214464651748677e-06,0.00062007830313414987,0.4305286854300861
v3.1,c530bf2cab2728a7,2647,9fb6591424d1,3,fermi,independent,10,0.3,0.23458753031081295,0.0019009816204599234,1.6180747303365708e-05,2.7423887938756446e-05,5.3078191472939786e-07,0.0081035066865713136,6.8975308627561275e-05,0.00011690258174601868,2.2626177701182454e-06,4.3053244234594743e-05,2.7954566720805067e-05,0.18368701853745087
v3.1,c530bf2cab2728a7,2648,b0ab72a52315,4,arctan,independent,1,0.1,0.2316426321553299,0.0047020448160906862,0.00051678019476201337,0.0002387271037261297,1.7213312485866606e-05,0.020298702239481076,0.0022309373277000326,0.0010305836257552506,7.4309777633350653e-05,0.00031359473566675467,0.00025591634049515255,0.11171213526838643
v3.1,c530bf2cab2728a7,2649,d20503dd11b1,2,arctan,independent,3,0.2,0.36005748272165194,0.019069029492579617,0.0026351758053183836,0.0021739799161034318,0.00032217879146657159,0.052961069850397273,0.0073187641745402843,0.0060378690082218368,0.00089479821119461901,0.00046119588921495185,0.0024961587075700031,0.18189372417285754
v3.1,c530bf2cab2728a7,2650,8ffb2bbcc0d6,3,fermi,independent,1,0.7,0.13046205653306273,0.017547044746782932,0.020233028890870874,0.0041040351180311298,0.0010567527605158512,0.13449921926024538,0.15508745936212695,0.031457691432229207,0.008100077437059568,0.016672184429554114,0.0051574069078364161,0.18384256510600178
v3.1,c530bf2cab2728a7,2651,15fb3f36449d,4,arctan,independent,1,0.1,0.22974929589381882,0.0044507772683493414,0.00048250275979134079,0.00029145369660624665,3.1770223251266922e-05,0.019372321691058923,0.0021001272622586612,0.001268572752192221,0.00013828213543666258,0.00063989941315570808,0.0003232094854215894,0.09211098344829774
v3.1,c530bf2cab2728a7,2652,37494f946ccc,2,fermi,independent,3,0.1,0.29632090053935933,0.0006395804728144387,3.9110720616585172e-05,2.1816067611663381e-06,8.607453286410461e-09,0.0021584048632758705,0.00013198772191025461,7.3623114575968374e-06,2.9047742736821093e-08,3.6929113855418832e-05,2.1902142144527488e-06,0.25215400283012179
v3.1,c530bf2cab2728a7,2653,62b538c8d2f5,3,fermi,common,1,1,0.14694204731731147,0.07534121806080081,0.031232913588558616,0.055877251425639346,0.048220915762219159,0.51272742850864539,0.21255259579385904,0.38026727166102547,0.32816281413371989,0.071581509372819069,0.10365652217239467,0.2379761100280407
v3.1,c530bf2cab2728a7,2654,72350ed7357b,4,arctan,independent,10,0.1,0.30569132914831715,0.0015782513145942971,1.1407065271090813e-05,1.9926008918384195e-05,3.6874730483619371e-07,0.0051628919897448305,3.7315632415456135e-05,6.5183428571231647e-05,1.2062733537897723e-06,8.7891250978853249e-06,2.0294722097295467e-05,0.038362935834343311
v3.1,c530bf2cab2728a7,2655,facaa7f29700,2,fermi,common,2,0.2,0.43816545443825194,0.0027710605220187248,1.8687014333768289e-05,2.3630938570924426e-05,2.2422032422193718e-07,0.0063242332181831871,4.2648305895602592e-05,5.3931541913134994e-05,5.1172524431301382e-07,4.9439242371561378e-06,2.3855158895146363e-05,0.38664143139414209
v3.1,c530bf2cab2728a7,2656,78398093944e,3,fermi,common,10,0.3,0.22963250806797711,0.002008532196369752,4.4908973612611517e-05,3.7226546946914719e-05,1.1387036728687165e-06,0.0087467241170190724,0.00019556888521775546,0.00016211357555653534,4.9588086741256647e-06,7.3550855738871351e-05,3.8349584111827986e-05,0.26840112940707389
v3.1,c530bf2cab2728a7,2657,f5cdcb74af4f,4,arctan,common,5,1,0.06784550251203543,0.017372449064510933,0.017185682291154553,0.015123141387629026,0.025948327986642518,0.25605896369371212,0.25330613901939786,0.22290558441874997,0.38246202070711205,0.0077930353362155782,0.040520258801433791,0.071016474234454979
v3.1,c530bf2cab2728a7,2658,b3dcc7cd07c2,2,arctan,common,10,1,0.057497323267206607,0.01578266301101916,0.014314526227544869,0.013500640342851498,0.019280539628475715,0.27449387404823322,0.24895987176691942,0.23480467569090369,0.33532934287868499,0.00081388588469337171,0.032781179971327214,0.4780979392272996
v3.1,c530bf2cab2728a7,2659,b538f1c63419,3,fermi,common,3,0.3,0.085955386139010631,0.00029846162708860942,5.3377858741641145e-05,3.308042021578414e-06,5.5535825800399465e-08,0.0034722853388841142,0.00062099492701151089,3.8485569900512234e-05,6.4610059119023224e-07,5.0072238780874818e-05,3.3635678027430945e-06,0.13009180706515727
v3.1,c530bf2cab2728a7,2660,61f807cfda5d,4,fermi,common,1,1,0.22612587965586692,0.049590150831940807,0.026279935204064259,0.031006704386451242,0.035683027545881381,0.21930329649755403,0.11621816681955544,0.13712143180444125,0.15780160855619946,0.035503605317218967,0.066035840118592135,0.1190148262221922
v3.1,c530bf2cab2728a7,2661,0fcd08d87e94,2,arctan,common,2,0.5,0.40657744587207711,0.071216468346312137,0.031284156374578501,0.031065499351690628,0.019058098611715389,0.17516089264016682,0.076945134788469163,0.076407335593978998,0.046874460955002667,0.00021865702288787086,0.050123597963406014,0.47862113990087107
v3.1,c530bf2cab2728a7,2662,ca5682ca4590,3,arctan,common,1,1,0.14405860066911624,0.13024299426078623,0.27084256924671612,0.44288141094314626,2.8407739668301684,0.90409731634098922,1.8800860760046259,3.0743142643762513,19.71957212992131,0.37327470624679077,3.2754462925590797,0.21737146147896994
v3.1,c530bf2cab2728a7,2663,21999d16c349,4,arctan,common,3,0.2,0.15950130467282422,0.0023570983715373666,0.00020654024960676325,0.00013854731450448497,3.2049448998465013e-05,0.014777925336550354,0.0012949126029434511,0.00086862809547971439,0.00020093534071214143,0.00021056188612599122,0.0001662825720224427,0.01762655865095079
v3.1,c530bf2cab2728a7,2664,c5aaf49513fc,2,fermi,common,2,0.3,0.47238110293453073,0.007032048611366957,0.00012600028093448517,0.00012600147703044917,2.2856795995701025e-06,0.014886388485234469,0.00026673438067641771,0.00026673691273359899,4.838634706957963e-06,1.1960959639975623e-09,0.00012828715663001927,0.40144165772894258
v3.1,c530bf2cab2728a7,2665,c7f7cad28f77,3,arctan,independent,10,0.7,0.12555672932447529,0.013800372693661566,0.0041223319701697856,0.0046914968139806284,0.0027173290075135745,0.10991344524431955,0.032832425568497206,0.037365554512466072,0.021642241097975738,0.00057181609697173387,0.0074044490175347892,0.28331395524131525
v3.1,c530bf2cab2728a7,2666,9fbbe6f48f6b,4,arctan,independent,5,0.3,0.2164531020114554,0.010856154489507601,0.002211032071512711,0.0020700650778575631,0.00065972609014806969,0.050154765113659856,0.01021483199347125,0.0095635731649066809,0.0030478939041176452,0.0001409923646126546,0.0027289316832335617,0.048090354669251982
v3.1,c530bf2cab2728a7,2667,6db9645da2b1,2,arctan,common,5,0.5,0.34577659346393108,0.059978020811125431,0.029201184939340343,0.028177547824436894,0.01987003104864779,0.17345888051668223,0.084451016903162354,0.081490616649782494,0.057464939571511192,0.0010236371149034461,0.048047578873084688,0.42827679899378562
v3.1,c530bf2cab2728a7,2668,1dc1b9ab9d9e,3,arctan,independent,10,0.5,0.13005273875292003,0.016109913939355212,0.010207310482078192,0.010171981188242155,0.0094705355118400621,0.12387216212310255,0.078485932552873755,0.078214278959302316,0.072820731056134125,3.5348783617996115e-05,0.019642481254642848,0.021289279739378567
v3.1,c530bf2cab2728a7,2669,f36c17bcdb3f,4,fermi,independent,10,0.1,0.13186838364742159,9.4358307577907392e-05,9.5645291386177539e-07,1.5763743222395631e-07,3.3976160282453416e-10,0.00071554913291569993,7.2530874149413809e-06,1.1954149119278947e-06,2.5765205686676167e-09,9.9623638786612449e-07,1.5797716580270176e-07,0.015868029764381231
v3.1,c530bf2cab2728a7,2670,4daa3a78dce5,2,fermi,common,1,0.1,0.41246327508669356,0.0015211981378115511,2.2942589442370193e-05,7.5009343881731059e-06,3.7475019794484822e-08,0.0036880814115919005,5.5623350800257325e-05,1.8185702440045173e-05,9.085662180859166e-08,3.0443523830543296e-05,7.5384094079675899e-06,0.47366221679725196
v3.1,c530bf2cab2728a7,2671,c177cf24c2aa,3,arctan,independent,10,0.5,0.44084338670809303,0.08812782394092232,0.040493008543709103,0.040510397798041095,0.025982804970369928,0.19990732899272609,0.09185350118572104,0.091892946609779327,0.058938856187434635,1.8135449452863187e-05,0.066491947073814534,0.072404098172243081
v3.1,c530bf2cab2728a7,2672,0aa276e99791,4,fermi,independent,3,0.7,0.18644424707566562,0.02137039255746077,0.0047490746989431992,0.0046317234083924838,0.0013206733572344105,0.11462082039349766,0.025471822131448538,0.02484240453132763,0.0070834760414915611,0.00025706981733566547,0.005950005976605611,0.053609329824660275
v3.1,c530bf2cab2728a7,2673,56d83047de7f,2,arctan,independent,1,1,0.18394321013968373,0.18235252836542426,0.54354483955704702,0.47235853362472985,1.6333680181823242,0.99135232133302698,2.954960061555342,2.5679585197302353,8.8797407468422946,0.07118630593231709,2.1057265518070536,0.15780314507692719
v3.1,c530bf2cab2728a7,2674,043c5e77f23b,3,fermi,common,3,0.2,0.38184525760290428,0.0037586971383346849,0.00015709911701507838,5.8526915379080141e-05,1.1110875005086448e-06,0.0098435087604086483,0.00041142089337784014,0.00015327390929637932,2.9097847318667183e-06,0.00010137686514502937,5.9626981452234189e-05,0.17238508858964041
v3.1,c530bf2cab2728a7,2675,8eb525f9326c,4,arctan,independent,2,0.05,0.12802142206168737,0.00011617271957820195,0.00012526765667321868,7.7671576876639619e-07,1.3402160279327777e-08,0.00090744750142069113,0.00097848980784526998,6.0670765584226531e-06,1.0468685680487067e-07,0.00012577127945578628,7.8987443696745527e-07,0.034324021453804851
v3.1,c530bf2cab2728a7,2676,490ec989c071,2,arctan,independent,3,0.2,0.062182860041031157,0.0017842021294420358,0.00020559092335468117,0.00013124273802855421,1.3964947639897655e-05,0.028692828349560245,0.0033062313830374266,0.0021105934648543686,0.00022457872845801769,0.00033683366138323537,0.00014520768566845187,0.41409280369520868
v3.1,c530bf2cab2728a7,2677,fcb888b3018d,3,arctan,independent,10,0.5,0.23462113989875535,0.042016906900576252,0.02563966472193361,0.025567494072769963,0.021393633426317289,0.17908406258151996,0.10928113610307127,0.10897353104585099,0.091183741735928636,7.2886203310595959e-05,0.046956338812501129,0.077526364258017122
v3.1,c530bf2cab2728a7,2678,c7516ab39d3f,4,arctan,independent,2,0.2,0.24984170392394969,0.012909272549206109,0.001515042478022244,0.0019437448049683969,0.00047625294960950023,0.051669806707432694,0.0060640095477551411,0.0077799053338191331,0.0019062187862538304,0.00046171363801034951,0.0024166018831337254,0.053243543583054574
v3.1,c530bf2cab2728a7,2679,d923c711df0e,2,fermi,common,10,0.7,0.25811718817622198,0.039886481794034111,0.0078959963308963474,0.0078633989230457273,0.0016147716014971039,0.15452857702294037,0.030590742083807243,0.030464452904535831,0.0062559630875672866,3.2597407850620619e-05,0.0094781705245428321,0.12302182062652536
v3.1,c530bf2cab2728a7,2680,e430814255d2,3,fermi,independent,2,0.3,0.070881929075366543,0.0012881633668475694,0.00046277609905245935,5.6483956629214247e-05,3.4067200751900962e-06,0.018173367791357732,0.0065288304803387048,0.00079687386285941253,4.8061898422203453e-05,0.00051914107719637048,5.9890481887004019e-05,0.12654633373766283
v3.1,c530bf2cab2728a7,2681,53366fe5408c,4,fermi,common,3,0.7,0.17135442793523464,0.016240131775301956,0.0033722856005181539,0.003104589681127346,0.00081765002673598371,0.094775092601867852,0.019680177752936432,0.018117942550634064,0.004771688929130118,0.0003634361742700717,0.0039163618681745367,0.12393157820695976
v3.1,c530bf2cab2728a7,2682,37ff86db4112,2,arctan,independent,3,0.05,0.19115770815540678,0.00033898598873863798,3.7233554323787816e-06,1.59952688776192e-06,1.1144843636015071e-08,0.0017733315177803357,1.9477924632533154e-05,8.3675772386930999e-06,5.830182702836431e-08,5.3228823201407012e-06,1.610671731397935e-06,0.4793040807932642
v3.1,c530bf2cab2728a7,2683,210bea104419,3,fermi,independent,2,0.05,0.15550430862838185,3.0088046676390763e-05,1.1087916649517158e-05,2.3518203264771975e-08,3.1189173558674417e-11,0.00019348690040668911,7.130295454394534e-05,1.5123827418168111e-07,2.0056790601994889e-10,1.1084886497643213e-05,2.3548390633199346e-08,0.049230409480959143
v3.1,c530bf2cab2728a7,2684,e4c9666715ae,4,fermi,common,5,0.5,0.25383198520297967,0.0094605812207143019,0.00062110589944298781,0.00059929765748609339,5.2114707499503932e-05,0.037271036639251902,0.0024469173928034064,0.0023610013411306621,0.00020531182253422399,0.00033716522347845574,0.00065062367321990367,0.063336748832446957
v3.1,c530bf2cab2728a7,2685,df078c91d6ac,2,fermi,common,3,1,0.046706246056539787,0.010936141499560187,0.0032243345625877682,0.0032221944778436694,0.00096653721994269584,0.23414730197587594,0.069034333409809509,0.068988513312396665,0.020693960691524294,2.1400847440989019e-06,0.0041887316977863654,0.02437695214212059
v3.1,c530bf2cab2728a7,2686,5721ec2744f3,3,arctan,common,1,0.1,0.094670113987712454,0.00076711808164158521,0.00031380310123056552,1.7691116083697153e-05,4.720221010482468e-07,0.0081030649412881448,0.0033147007858392889,0.00018687118181766785,4.9859673889218311e-06,0.00030493200437781967,1.8163093177807001e-05,0.053982814691785889
v3.1,c530bf2cab2728a7,2687,468634dcd6b4,4,fermi,common,1,1,0.1344721173965237,0.037471997444837743,0.022979973692582697,0.025104893966581429,0.018853790935986416,0.27865997926055153,0.17089024949923753,0.1866921890770378,0.14020594976125372,0.031480998890642285,0.043904061119100328,0.15784795164876195
v3.1,c530bf2cab2728a7,2688,9d91f33ab3bf,2,fermi,independent,3,1,0.27479336791576259,0.080122886002282429,0.035107273519331295,0.033681599215642677,0.015445794217492499,0.29157503548937164,0.12775880941236314,0.12257064088230729,0.056208759092859106,0.0014256743036886166,0.049127393433135179,0.16668175044738626
v3.1,c530bf2cab2728a7,2689,948cf8938ca8,3,fermi,common,2,0.7,0.051476372400722975,0.0049183150809111453,0.0018955181843527255,0.00066843332837976681,0.00012574322356345366,0.095545098683800581,0.03682307233300891,0.012985245408831078,0.0024427366906236698,0.0025639382517860343,0.00079415993864565015,0.029256179687238239
v3.1,c530bf2cab2728a7,2690,2733b51a8b33,4,arctan,common,10,0.1,0.13492955837913923,0.00075227428932265518,1.9663244784433826e-05,1.8330228920543731e-05,8.3287395589277576e-07,0.0055753112836020406,0.00014572970534137508,0.00013585035881491238,6.17265753996229e-06,1.7060648717249444e-06,1.9152462370555274e-05,0.022082775266850711
v3.1,c530bf2cab2728a7,2691,c7c42f248b2b,2,arctan,independent,2,1,0.28253869869410903,0.183061516503742,0.37595747289404263,0.36893130134980823,1.1808242999894754,0.64791661230780229,1.3306406330591676,1.3057726359433413,4.1793365137138139,0.0070261715442344044,1.5497556013392835,0.32411781803587364
v3.1,c530bf2cab2728a7,2692,e5db391e634b,3,fermi,common,2,0.2,0.19242862277833653,0.0013916708508949472,0.00012455934736288653,1.3228630977024532e-05,1.3746287666271031e-07,0.0072321405766025181,0.0006473015581801967,6.8745651171982512e-05,7.1435774303211294e-07,0.00011740288518090709,1.3365988829471316e-05,0.048594510776537363
v3.1,c530bf2cab2728a7,2693,526e9d86a705,4,fermi,independent,3,0.3,0.24835026525579559,0.0088495677616597622,0.00059853495235836585,0.00059360331421641564,4.9974887372037395e-05,0.035633413769640597,0.0024100435396833069,0.0023901859480802913,0.00020122743706580824,8.3165856333672491e-05,0.00064357507022942424,0.077108288286663842
v3.1,c530bf2cab2728a7,2694,35855f836230,2,fermi,independent,3,1,0.2548251382620953,0.050918882006310916,0.020756106142045091,0.017063341529898263,0.0067436549295165019,0.19981891250438297,0.081452349181880213,0.066960982131786792,0.026463852724688607,0.0036927646121468292,0.023806996459414764,0.25215455588698843
v3.1,c530bf2cab2728a7,2695,453fb7d7a611,3,arctan,common,3,0.1,0.23574329207802749,0.0026680891351355172,2.981944653566716e-05,8.2469938890776309e-05,3.9931701323124559e-06,0.011317773293215995,0.00012649117721575456,0.00034982941895746493,1.6938637350456516e-05,9.4522276297467057e-05,8.6453346534611262e-05,0.16293536088259283
v3.1,c530bf2cab2728a7,2696,4366df13af10,4,arctan,independent,5,0.2,0.21274056535913019,0.0070451894711084685,0.00069384376973953717,0.00068273044964084495,0.00010427265135726186,0.033116342711675087,0.0032614549489809346,0.0032092161101871593,0.0004901399560598037,7.4657381506276372e-05,0.00078679158845011709,0.071348447583997388
v3.1,c530bf2cab2728a7,2697,85c83d92b27c,2,arctan,common,3,1,0.14079064388722506,0.086679503532897995,0.22188259784326636,0.16661418712255402,0.45463457164370163,0.61566238451419597,1.5759754463584732,1.1834180349087253,3.2291532952137727,0.05526841072071232,0.62124875876625574,0.33205895943427832
v3.1,c530bf2cab2728a7,2698,138a3c9c252a,3,fermi,independent,2,1,0.2525786809356611,0.060131393086123128,0.027878631339184373,0.028275753106392305,0.017551421925635049,0.23806994661374561,0.1103760271290903,0.11194829667193858,0.069488928600850083,0.0014097761742192291,0.045803327036386426,0.16818094560751798
v3.1,c530bf2cab2728a7,2699,4d57bdb9b8d0,4,arctan,common,2,0.05,0.17886986557505077,0.00051258002479527358,5.6313763673630193e-05,4.2450260597632358e-06,6.0188251381451289e-08,0.0028656589143586271,0.00031483091627863884,2.3732483088282382e-05,3.3649184667272706e-07,5.9009546808919931e-05,4.3037190309603937e-06,0.088044029944127106
v3.1,c530bf2cab2728a7,2700,8b2e84bcd4ed,2,arctan,common,2,0.2,0.16852434927249069,0.0044643600484402029,0.00021546639214691061,0.00021546594242819307,1.2430283324597983e-05,0.026490890293969817,0.0012785475397298126,0.0012785448711616237,7.3759568740414989e-05,4.4971871752205661e-10,0.00022789622575279106,0.094878545110397144
v3.1,c530bf2cab2728a7,2701,9fc50a056e08,3,arctan,common,10,1,0.26250851772623823,0.1132408557547574,0.13054749465036186,0.12989459253943844,0.21772518524881296,0.43137973859138801,0.49730765226637591,0.49482048683426483,0.82940236429155267,0.00088226218738861025,0.34756396217939961,0.25663793374815835
v3.1,c530bf2cab2728a7,2702,97e9888dec48,4,fermi,independent,2,0.2,0.21314605030731476,0.0030325127901686638,5.6017749163958817e-05,8.6416460726205187e-05,3.4187897873182592e-06,0.014227393779037312,0.00026281392070456958,0.00040543308497440893,1.6039658170484676e-05,7.9417967265953398e-05,8.9817466276794449e-05,0.083298109790808927
v3.1,c530bf2cab2728a7,2703,7c0a9d5cd6dc,2,fermi,common,1,0.2,0.15806637938181423,0.0054297682147848433,0.0018130246698849928,0.00013245311362404972,3.1934302629561055e-06,0.034351189898954228,0.011470020867028122,0.00083795880023357231,2.0203096164063301e-05,0.0019454777835090425,0.00013564654388700581,0.36171082981197045
v3.1,c530bf2cab2728a7,2704,340857d13408,3,arctan,independent,5,0.2,0.30299883039421488,0.0091184707439392089,0.00086832330193654581,0.00088670736891490831,0.00014638879665647311,0.030094079016990512,0.0028657645338327504,0.0029264382564159167,0.00048313320703586481,6.7113729084600628e-05,0.0010328391675348623,0.13963233310145617
v3.1,c530bf2cab2728a7,2705,0a78ac4df045,4,fermi,independent,10,1,0.14851283741515167,0.021976537791631941,0.0057449715114318272,0.0058719410732285589,0.002013615771620781,0.14797736124452926,0.038683332777303132,0.039538272754254762,0.013558530068292579,0.00024149275109192455,0.0078849315149801535,0.1401321309078821
v3.1,c530bf2cab2728a7,2706,591fb393b854,2,fermi,independent,10,0.2,0.49346198545037245,0.004105700219576949,5.1937292612169718e-05,4.7234572001705274e-05,6.1314903266459528e-07,0.0083201955583868583,0.00010525084838048393,9.5720791863217723e-05,1.242545628119635e-06,4.7027206104644458e-06,4.784772103436987e-05,0.3901357118763436
v3.1,c530bf2cab2728a7,2707,377ebfd40a1a,3,fermi,independent,3,1,0.11276043722235553,0.0097946106784257674,0.0013240827138478279,0.0018230533799919717,0.00049342187795354913,0.086862120436013338,0.011742440402539691,0.016167491230962866,0.0043758421846179655,0.00058090463624393995,0.0023163790646384781,0.084052182011333756
v3.1,c530bf2cab2728a7,2708,3f3920694ae5,4,arctan,common,10,0.05,0.13247882336700689,0.00013716496459171423,3.2878572782325429e-06,4.531512264346988e-07,2.7958966887724807e-09,0.0010353727569856603,2.481798369482926e-05,3.420555941830274e-06,2.1104480080012419e-08,3.2907706048590252e-06,4.5590090139900497e-07,0.15917867477396241
v3.1,c530bf2cab2728a7,2709,d68dc9afb3ca,2,fermi,common,3,1,0.31116018553942165,0.093771026669203714,0.042338402858244334,0.040719142635240811,0.019180718898719598,0.30135933524606934,0.13606626048524573,0.13086231634889547,0.061642587291392222,0.0016192602230035162,0.059899861533960416,0.19241586969352062
v3.1,c530bf2cab2728a7,2710,25c2e62f527b,3,arctan,independent,3,0.7,0.26768871850386222,0.079893642532001027,0.067580827783211436,0.068641831326076319,0.089253614618963195,0.29845726401371792,0.25246050024419081,0.25642407236928794,0.33342314580087706,0.004780656381904831,0.1578893993542089,0.18519067787404292
v3.1,c530bf2cab2728a7,2711,18a73ae34449,4,arctan,independent,10,0.7,0.23673319785740765,0.061721908053809865,0.040476477106482694,0.041168506474639384,0.041113142710345135,0.26072350060082,0.17097930274596737,0.17390254872253513,0.17366868306788538,0.0008216488356900609,0.082281030433838151,0.029245418196214443
v3.1,c530bf2cab2728a7,2712,e3d510458186,2,fermi,independent,2,0.1,0.1192664541967538,0.00036807368168648093,1.0832133851807092e-05,1.4397947079480053e-06,5.7815024344742421e-09,0.0030861459256537466,9.0822972182415414e-05,1.2072084456982153e-05,4.8475512023997132e-08,9.3923391438590863e-06,1.4455762103824795e-06,0.049470690980683983
v3.1,c530bf2cab2728a7,2713,8552dd602e7b,3,fermi,independent,1,0.1,0.054933905065233088,0.00033537965707628679,0.00020083654832294114,2.3260201881942693e-06,2.4798737398893303e-08,0.0061051486632532148,0.0036559670768799546,4.2342159827016837e-05,4.5142862808397147e-07,0.00020302889446030661,2.3507242009587006e-06,0.080052240431363164
v3.1,c530bf2cab2728a7,2714,f4dc3973b652,4,fermi,common,2,0.7,0.30458375015160377,0.031367636874460682,0.0055079192462623872,0.0062329378531605735,0.0017903200786861294,0.10298526056904785,0.018083431054745601,0.02046378984452777,0.0058779238150262906,0.003078259013688826,0.0079789885917516783,0.11326189234470424
v3.1,c530bf2cab2728a7,2715,9921a69d3912,2,fermi,independent,10,0.3,0.42529019722223133,0.0059358011754847353,0.0001252802260281507,0.0001235896311125924,3.0437333434778402e-06,0.013957060882790672,0.00029457586101540615,0.00029060070492998414,7.1568387029794774e-06,1.6905949155582752e-06,0.00012663336445607027,0.48897474755828813
v3.1,c530bf2cab2728a7,2716,b71a2e53a588,3,fermi,common,2,0.5,0.17346649461411862,0.0039181570101911095,0.003515292743318459,0.00049340079990440558,8.0703688933697325e-05,0.022587399479692988,0.020264966736880989,0.0028443579320720715,0.00046524078965926583,0.0034064847669378067,0.00057409801448223138,0.05172946697183764
v3.1,c530bf2cab2728a7,2717,27724d818b4f,4,fermi,independent,10,0.05,0.20433801631174991,5.8426709346609587e-05,2.1874780944032123e-07,2.8475782670189173e-08,1.7432816271056439e-11,0.00028593166558625301,1.070519394230523e-06,1.3935626460592076e-07,8.5313621937387918e-11,2.1034942714011043e-07,2.8493138969154922e-08,0.13841417152128849
v3.1,c530bf2cab2728a7,2718,0cc9ec22528a,2,arctan,independent,10,0.2,0.081809205005270003,0.0023643574154097852,0.00012831279904962852,0.00012808965710414972,8.5234195811068492e-06,0.028900872649446692,0.0015684396278067101,0.0015657120381000942,0.00010418655920880525,2.2314194547881477e-07,0.00013661307668525656,0.042158717043969909
v3.1,c530bf2cab2728a7,2719,0ac0cc18b4c7,3,fermi,independent,3,0.7,0.32988281398369856,0.053758196759772725,0.015275673762342861,0.013624049939018567,0.0040190810543732757,0.16296149566139337,0.046306364305167234,0.041299665703990907,0.012183359920568284,0.0016768083351128742,0.017635774752565361,0.071586006306694511
v3.1,c530bf2cab2728a7,2720,96682f7faf7c,4,arctan,independent,3,0.3,0.23913192591829935,0.020939930696942867,0.0048576180208377657,0.0058380975812450369,0.0026886452763740221,0.08756643688010568,0.020313548691517653,0.024413710376922457,0.011243355591476363,0.0010536487874877058,0.0085244943499550949,0.12091071274800501
v3.1,c530bf2cab2728a7,2721,6d39dea264f1,2,arctan,independent,2,0.05,0.33041652555292977,0.0013906586923892097,5.2986575922717859e-05,1.1498968768564916e-05,1.1642391149826229e-07,0.004208804901819109,0.00016036297165841933,3.4801433582421968e-05,3.5235498982211842e-07,4.148760715415294e-05,1.1615392680063177e-05,0.13268602191686729
v3.1,c530bf2cab2728a7,2722,796b830ffde4,3,fermi,independent,5,1,0.19717098052972501,0.01786122527463347,0.0039213275597350158,0.0029001585470392263,0.00060052870601752962,0.090587495313189645,0.019887954856236293,0.014708850862574098,0.0030457256154233885,0.0010378847446537143,0.0035005216660310263,0.081836153987395008
v3.1,c530bf2cab2728a7,2723,e1fec5d9ae5c,4,arctan,common,1,0.1,0.27025365622708714,0.0046559543317233262,0.00072896472243855366,0.00023913601216448918,1.7001586639867965e-05,0.017228090071836247,0.002697335283508703,0.00088485763894179993,6.29097377523802e-05,0.00093802674624307049,0.00025609482389230909,0.13946293628925288
v3.1,c530bf2cab2728a7,2724,64b444e24574,2,arctan,independent,10,0.2,0.37897837280736935,0.016595856785989835,0.0015171281958043183,0.0014724819885257494,0.00016891213659338492,0.043791039216966955,0.0040032052081648952,0.0038853984664560166,0.00044570389424106042,4.464620727856865e-05,0.0016413941251191345,0.19799074865064034
v3.1,c530bf2cab2728a7,2725,ac05c59ed9ef,3,fermi,common,5,0.1,0.24978297412153058,0.00031697044729994114,1.8193111353317683e-05,7.0747150841333819e-07,2.4907634096467995e-09,0.0012689833981467482,7.2835674318081912e-05,2.8323448021285936e-06,9.9717101151775534e-09,1.8074714646964493e-05,7.0991941705707117e-07,0.17430117964453332
v3.1,c530bf2cab2728a7,2726,b7ddb2adf628,4,arctan,independent,3,0.5,0.19294725120260539,0.028397044824939831,0.014078684413453434,0.015509014728985537,0.015932298890648677,0.14717517170079478,0.072966493825144099,0.080379557792716133,0.082573339559623343,0.0022241527707550241,0.031426363878098371,0.038375587371730246
v3.1,c530bf2cab2728a7,2727,c2eecd596ceb,2,fermi,common,3,0.2,0.10495261078418058,0.0015203446108603843,3.0127023105019964e-05,2.6981323351762244e-05,4.8937958329735746e-07,0.014486010395556016,0.00028705358427882942,0.00025708101161242493,4.6628624065740843e-06,3.1456997532577213e-06,2.7470702935059599e-05,0.037897789256241918
v3.1,c530bf2cab2728a7,2728,aa3ec79889f7,3,arctan,independent,3,0.2,0.16148048201457735,0.004265139223733205,0.00041724277355093258,0.00028577023007193944,2.7076989438805393e-05,0.026412722890857963,0.0025838588561635997,0.0017696889835029231,0.00016767964215242477,0.00016332486806856157,0.00031272644139931807,0.037977696339013392
v3.1,c530bf2cab2728a7,2729,6c579b7b2907,4,arctan,independent,10,0.05,0.26412065442242411,0.00041210224596897887,3.4273690938187086e-06,1.7489310162693903e-06,1.0902043045962924e-08,0.0015602802699022503,1.2976528099680952e-05,6.6217124143279584e-06,4.1276753118014874e-08,2.2791251585144356e-06,1.759824699391671e-06,0.024350878231757182
v3.1,c530bf2cab2728a7,2730,d888c3f62bbc,2,arctan,independent,10,0.7,0.30626243017435378,0.082246313054170003,0.0505795163983516,0.050637824055641378,0.04332763869215199,0.26854848963141692,0.16515090136768298,0.16534128599062412,0.14147226177068395,5.8307657289774836e-05,0.093965462747793368,0.2808604318772755
v3.1,c530bf2cab2728a7,2731,9e12fb93529d,3,arctan,common,2,0.05,0.31934871812056498,0.0010391761689634712,4.6230066271584062e-05,9.2407919127440981e-06,1.2339446881317373e-07,0.0032540483490249893,0.00014476358804149214,2.8936367639513696e-05,3.8639412595540196e-07,3.7065103726581508e-05,9.3634906753403399e-06,0.11063723529859498
v3.1,c530bf2cab2728a7,2732,f1ccb18a1ce3,4,fermi,common,2,0.2,0.1491088220642611,0.00071580160629699347,0.00030277004385082445,7.089122259233001e-06,1.3706670675226022e-07,0.0048005315606913321,0.002030530720176572,4.7543278533699484e-05,9.1923941759253445e-07,0.00030078396091239858,7.221621605555806e-06,0.01605425402511429
v3.1,c530bf2cab2728a7,2733,d87cfb9df385,2,arctan,common,5,0.05,0.1820048082657349,0.00079613431393421564,1.2928699356798442e-05,6.6414508311682774e-06,6.7868612428540602e-08,0.0043742487988109912,7.1034932977825406e-05,3.6490524038636782e-05,3.7289461237446808e-07,6.2872485256301648e-06,6.7093194435968183e-06,0.062474650482184965
v3.1,c530bf2cab2728a7,2734,0386086c2833,3,arctan,common,3,0.2,0.25359995087521153,0.0068454688611939082,0.00074205149439429002,0.00050702229843630907,6.8150296841902082e-05,0.026993178971719697,0.0029260711283001389,0.0019992996713386535,0.00026873150647981265,0.00076561366501759183,0.00057206418913905365,0.23922068410828137
v3.1,c530bf2cab2728a7,2735,8924206e205f,4,fermi,common,1,0.7,0.18820234917442299,0.036839908896201867,0.012068651819080302,0.019480060569585931,0.01406127605201514,0.19574627552634433,0.064125936110899784,0.10350593738621251,0.074713605402360675,0.0077758190420140023,0.033498743729993494,0.12266936647770661
v3.1,c530bf2cab2728a7,2736,25d39f7b9b5e,2,fermi,common,3,0.05,0.38502824752183795,0.00014998668082467727,6.4826870424221583e-08,7.0596095873985952e-08,3.3860770973220162e-11,0.00038954721319809233,1.683691283469916e-07,1.8335303014354005e-07,8.7943602037405463e-11,5.7692254497643678e-09,7.0629956644959173e-08,0.27564851024790848
v3.1,c530bf2cab2728a7,2737,c0de48182949,3,fermi,independent,1,0.05,0.33141007242226067,0.00030840342311228236,5.7982308551247676e-06,5.0977524332848547e-07,1.0578882707064229e-09,0.00093057951093090268,1.7495638598868678e-05,1.5382008144850944e-06,3.192082434231305e-09,5.3164892406310605e-06,5.1083293244799368e-07,0.18602891666207425
v3.1,c530bf2cab2728a7,2738,a66c4055825f,4,fermi,common,1,0.1,0.26481221359959228,0.0027225912644697143,0.00015584010285461599,3.6128395431659229e-05,5.3052215158387986e-07,0.01028121485584646,0.00058849288231944269,0.00013643024594887815,2.0033900414655826e-06,0.00019004990685611198,3.6655040016447371e-05,0.13399162073746643
v3.1,c530bf2cab2728a7,2739,2ba865655e45,2,fermi,common,2,0.05,0.23935246710996708,0.00025935241264800568,1.5451764927190858e-05,3.9784788929889881e-07,5.9126993210695472e-10,0.0010835585518692394,6.4556530850763138e-05,1.6621842009930621e-06,2.4702896913751226e-09,1.5053917037891958e-05,3.9843915923100577e-07,0.46675828998802571
v3.1,c530bf2cab2728a7,2740,e8acc29c398d,3,arctan,independent,3,1,0.21734051432657922,0.15195006948913745,0.35334754710404326,0.35082951339497914,1.3817369099797243,0.69913366111214281,1.6257785539841769,1.6141928921168249,6.3574751088676686,0.0042321898652734362,1.7324785322022223,0.088859543285285877
v3.1,c530bf2cab2728a7,2741,4a2bef117ec5,4,fermi,common,1,0.7,0.20616726024364065,0.047245692436951654,0.010012448198475259,0.021191768994163997,0.011186066012610416,0.22916195510925685,0.048564685715098158,0.10278920605104985,0.054257237542911257,0.027473308469833004,0.032333052606255186,0.135611539713548
v3.1,c530bf2cab2728a7,2742,198b6d1c7f85,2,fermi,independent,3,1,0.12427151110514592,0.027092086436213782,0.0082917192721630503,0.0081602726609497547,0.0027252406880776902,0.21800721818930174,0.066722607606722023,0.065664870318068003,0.021929730022932355,0.000131446611213294,0.010885513349027445,0.072506145992438237
v3.1,c530bf2cab2728a7,2743,8c606b7de5b5,3,fermi,independent,10,0.2,0.30031372218411406,0.003043271688144391,4.1000761701217637e-05,4.0515711803957635e-05,5.8993078857111349e-07,0.010133641799686547,0.00013652643443339295,0.0001349112904641719,1.9643817281497486e-06,6.7152400702742682e-07,4.110564241069626e-05,0.17798560377536699
v3.1,c530bf2cab2728a7,2744,4cac4bf03672,4,arctan,common,10,1,0.1493900559608681,0.031746505655878735,0.022102448313189162,0.019022753596795464,0.017966047302060077,0.2125074888799463,0.14795126871750269,0.12733614345641833,0.12026267201323081,0.0032990332876753907,0.03695789973664191,0.074939578472561066
v3.1,c530bf2cab2728a7,2745,95307fca48b5,2,fermi,common,3,0.3,0.29619680273500015,0.0072017838359169821,0.00023918060571620142,0.00022066778937858631,7.0470039600810572e-06,0.02431418492508252,0.00080750569725153421,0.00074500395460383223,2.37916273741342e-05,1.8512816337615116e-05,0.00022771479333866737,0.14168929514116377
v3.1,c530bf2cab2728a7,2746,4561c8730da5,3,fermi,independent,1,0.1,0.17389626450987963,0.00079913625724862181,7.0729099735069263e-05,6.8663681552411501e-06,7.1839829446192315e-08,0.0045954768465036244,0.00040673156455900124,3.9485426409783797e-05,4.1311887663987662e-07,7.0748682422652507e-05,6.9378037269840228e-06,0.2983031289720891
v3.1,c530bf2cab2728a7,2747,21278f6bc712,4,arctan,common,3,0.3,0.22236853772693546,0.021054711627985452,0.0076235556814247081,0.0065712610969708854,0.0030844062262242299,0.094683860600100977,0.03428342767980197,0.029551217830286202,0.013870695277997577,0.0010701635642588127,0.0096502808445313032,0.039271652147006529
v3.1,c530bf2cab2728a7,2748,de091bfd0388,2,arctan,independent,3,0.7,0.28811168268273218,0.1016474843473176,0.093586405263942615,0.092352262268248039,0.12330751184605898,0.35280584043255037,0.32482683240234905,0.32054327477565742,0.42798511569503028,0.0012341429956945749,0.21565977411430703,0.23606637782533874
v3.1,c530bf2cab2728a7,2749,94b715502fc0,3,fermi,independent,3,0.3,0.41386469810014359,0.010895081688256184,0.00053382668653607218,0.00044351770747736325,2.1140404789828749e-05,0.026325225945267459,0.0012898579873727263,0.0010716490425816518,5.1080473610999715e-05,9.9439216161048514e-05,0.00046465066984520008,0.098956192534557466
v3.1,c530bf2cab2728a7,2750,4ac2f8da9865,4,arctan,independent,5,1,0.16504101842664601,0.078050784338408979,0.11535777169938906,0.11593915932138657,0.31275926831057599,0.4729174909514956,0.69896425021553588,0.70248693583357158,1.8950396167700863,0.0011297769019403101,0.42779808425375232,0.070933595588165504
v3.1,c530bf2cab2728a7,2751,eafa578dd37f,2,fermi,common,10,0.1,0.43955238476826708,0.00091001708355798339,8.0033191062627129e-06,2.8469941895304391e-06,1.0493908345619494e-08,0.002070326803113004,1.8207884619900492e-05,6.4770304705123607e-06,2.3874078970477895e-08,5.1563249167322729e-06,2.8574880978760587e-06,0.35223229889648972
v3.1,c530bf2cab2728a7,2752,c21cd7375fd0,3,fermi,common,3,0.2,0.27990188767691504,0.0033226999340909063,0.00041248958377035019,5.918911294289327e-05,1.178225817932969e-06,0.011870945071746819,0.0014736934687860283,0.00021146378623646168,4.2094243369054046e-06,0.00035543929080578081,6.0366941342580333e-05,0.10973015211933032
v3.1,c530bf2cab2728a7,2753,f83ba401dc4b,4,arctan,independent,10,0.5,0.026884914036320887,0.0018705862174974695,0.00028409277177471288,0.00030605933782578879,7.0087458562412483e-05,0.069577541329325115,0.010566995728195755,0.011384054916906554,0.0026069437479965892,6.3625638560497585e-05,0.00037611852454818711,0.025968814035745084
v3.1,c530bf2cab2728a7,2754,893e5aae6265,2,fermi,independent,10,0.5,0.0095719264665310114,0.00014320034349354319,2.422801401801833e-05,3.9929498032074221e-06,1.4842008363288439e-07,0.01496045169112554,0.0025311533788661533,0.00041715216024371717,1.5505769309014941e-05,2.8220963821225753e-05,4.1413698868403068e-06,0.45116969373716942
v3.1,c530bf2cab2728a7,2755,f3f7f1359bca,3,fermi,common,10,0.5,0.31459036980363664,0.0087170174993409996,0.00035356229459159642,0.00038075213746570293,2.0434136444809818e-05,0.027709104715386082,0.001123881493296459,0.0012103108486867021,6.4954742440350452e-05,3.1946331010880397e-05,0.00040118522805023698,0.11070209092278142
v3.1,c530bf2cab2728a7,2756,f1be4ba5daa7,4,fermi,common,1,0.3,0.21914334126610024,0.007388230667329302,0.0016455448442943405,0.0004038590298429486,2.5755959593471056e-05,0.033714146296409522,0.0075089885678807679,0.0018428989332263249,0.0001175301948243832,0.0012463658241005692,0.00042959808318808625,0.14897184713596279
v3.1,c530bf2cab2728a7,2757,afa69faebe6f,2,arctan,independent,5,0.5,0.32554791985506787,0.043881485828271762,0.014965399156817888,0.015516700229995911,0.0083593037281024761,0.13479270839084936,0.04596988106537557,0.047663337050053524,0.02567764442120838,0.00055130107317802443,0.023876003958098385,0.35522437354667097
v3.1,c530bf2cab2728a7,2758,5848b46dff8d,3,arctan,independent,3,1,0.12097514136704184,0.090741039864593323,0.20592040903724321,0.20599487278659925,0.74031113064384191,0.7500800481752079,1.7021712618832587,1.702786791226846,6.1195310233010431,0.0020802079321072622,0.94618851270669779,0.10283149884872488
v3.1,c530bf2cab2728a7,2759,8d3837100f82,4,fermi,common,2,0.5,0.058059047645224106,0.005342175853364179,0.0065128448814846945,0.0014363504582915207,0.00050312240653333103,0.092012805411623433,0.11217622654236624,0.024739476731834988,0.0086657020212889679,0.0079353373752651911,0.0019388827047456937,0.10989850628095485
v3.1,c530bf2cab2728a7,2760,484f989d24d7,2,fermi,independent,2,0.7,0.31761664181230237,0.041082733306096672,0.0107191925024225,0.0088584970071826571,0.0021977099066084094,0.12934691668446888,0.033748837722291258,0.027890531669362728,0.0069193789534087464,0.0018606954952398442,0.011056206913791066,0.42982669427412146
v3.1,c530bf2cab2728a7,2761,4407e1099007,3,fermi,common,10,0.7,0.10238897773644901,0.0019346057495434319,0.0004766028658905335,5.6814810796729088e-05,1.8902588755180489e-06,0.018894668081589218,0.0046548259043792534,0.00055489186485454904,1.846154651903653e-05,0.00042016973560304882,5.8704793129141254e-05,0.063414046763608761
v3.1,c530bf2cab2728a7,2762,734962050701,4,arctan,independent,3,0.2,0.15738095101425012,0.0038192134657280023,0.00029510206992999029,0.00029070620904520184,3.394127821432396e-05,0.024267317239569802,0.0018750812473059091,0.0018471499070994921,0.00021566319173691316,0.00014190098086311903,0.00032463906487997216,0.027093198767648766
v3.1,c530bf2cab2728a7,2763,f6334fd9781b,2,fermi,common,1,1,0.080059230215493674,0.022442697266157271,0.0037260317726588769,0.011375742274082692,0.0058747396875083457,0.28032616858479348,0.046540939284946896,0.14209157699197028,0.073379917239966438,0.015101774046741567,0.017250481961591037,0.1733507863315506
v3.1,c530bf2cab2728a7,2764,79caea628a65,3,arctan,independent,5,1,0.2132549958925718,0.12340954017631725,0.26764480279566116,0.26497890798670826,1.0592217403600763,0.57869472018599455,1.2550458744257906,1.2425449020673476,4.9669257966348619,0.0030012892808573429,1.3237695119206891,0.12851865839078866
v3.1,c530bf2cab2728a7,2765,7eca665e263d,4,arctan,common,2,0.7,0.12630158520782167,0.025470979900213502,0.019167098303309562,0.015739550302705487,0.015945182364081888,0.2016679351910155,0.15175659332993527,0.12461878666690528,0.12624689023376112,0.0052067227024103343,0.031623719510693225,0.096291573430014737
v3.1,c530bf2cab2728a7,2766,f9fad1162b10,2,fermi,common,3,0.3,0.41169599325410916,0.005475193487599608,8.9196083456441957e-05,9.4580916281074878e-05,1.7751636656947298e-06,0.013299117740551291,0.0002166552138421903,0.00022973484763233329,4.311831290034086e-06,5.3848328246329235e-06,9.6356079946769606e-05,0.35086397039506673
v3.1,c530bf2cab2728a7,2767,a27715de09e4,3,arctan,independent,3,0.05,0.26168800178180945,0.00055855412890135449,5.2624823214933243e-05,3.885288963469223e-06,4.5442349643207399e-08,0.0021344277349294237,0.00020109757748393384,1.4847027517557737e-05,1.7365087177782181e-07,5.6276323182834127e-05,3.9307283066256129e-06,0.20449016704139439
v3.1,c530bf2cab2728a7,2768,6d1faea1549b,4,arctan,common,2,0.1,0.20461000746410141,0.001196612793948297,4.5559256254735254e-05,2.2023471959210959e-05,6.4160054940218194e-07,0.0058482613278739133,0.00022266387074311884,0.00010763633818387379,3.1357241874630692e-06,6.665096784607544e-05,2.2664890547286351e-05,0.16804590237105857
v3.1,c530bf2cab2728a7,2769,e4a9cb2df808,2,arctan,common,10,0.2,0.25576984747508513,0.00597013129000778,0.00055446406925303685,0.00034188198502262015,2.7757522514398254e-05,0.023341810416450039,0.0021678242166799895,0.0013366782222283778,0.00010852539026165759,0.00021258208423041667,0.00036963950753701844,0.25170803481313558
v3.1,c530bf2cab2728a7,2770,d84837112e54,3,arctan,common,5,0.3,0.20109077930655744,0.011077718216857418,0.00076072098432479853,0.0018952708411545175,0.0005503031098266013,0.055088146035625715,0.0037829729784133962,0.0094249514954896484,0.0027365904678686393,0.0011395190330017026,0.0024443522051056043,0.029458912726927893
v3.1,c530bf2cab2728a7,2771,0dabb541dd1c,4,arctan,independent,1,1,0.10596143609171207,0.095499038138864123,0.37888134979041987,0.31059241657891346,1.6464429812550545,0.9012622106801903,3.5756532165389805,2.9311835327532605,15.538133890805518,0.09026328635908841,1.9550285465750639,0.044639821759013751
v3.1,c530bf2cab2728a7,2772,052acf5c473c,2,fermi,common,3,0.2,0.47453901558876271,0.0057532506384401173,0.00021591218457058851,0.00010233061028393826,2.0249784563900962e-06,0.012123872746905823,0.0004549935357848401,0.00021564214305324548,4.2672538819125261e-06,0.00011358157428665024,0.00010435558874032835,0.30080222623430142
v3.1,c530bf2cab2728a7,2773,f4a0a6659c61,3,arctan,common,3,0.7,0.19379637020967819,0.048139891616706593,0.038053761678491956,0.026120795135923757,0.020213049272310747,0.24840450605252093,0.19635951714327596,0.13478474910372334,0.10430045335958159,0.012016800380169841,0.046226363723224306,0.068419787224555842
v3.1,c530bf2cab2728a7,2774,d602e4409dce,4,fermi,independent,2,0.1,0.18559607387238591,0.0002301167014505667,2.6215485298515365e-05,7.482640568435842e-07,3.7742685976981102e-09,0.0012398791453357616,0.00014125021478924647,4.031680418833016e-06,2.033592909025253e-08,2.6912546142181385e-05,7.5202955129604892e-07,0.0045365897263153271
v3.1,c530bf2cab2728a7,2775,a06cac0f7b3f,2,fermi,common,10,0.7,0.35623556049901955,0.035400550210473725,0.0060767315315122588,0.0055834627548718239,0.0010496181473223004,0.099373993323081389,0.01705818341942026,0.01567351318619184,0.0029464159778209149,0.0004932687766404343,0.0066330809021941245,0.29611200924954961
v3.1,c530bf2cab2728a7,2776,f6d34da7e9ca,3,fermi,common,2,0.5,0.16700185530047798,0.0030258114328934249,0.00027438958460991754,0.00012353161824498433,6.8903249956122194e-06,0.018118430046476043,0.0016430331514354871,0.00073970207111004934,4.1258972741439349e-05,0.000201189710233745,0.00013033308786265761,0.033395427057921707
v3.1,c530bf2cab2728a7,2777,a05de3bc3e2b,4,fermi,independent,2,0.2,0.06513510266735946,0.0006465767858066983,9.3842076151860805e-05,1.3625999813291869e-05,4.304385103839094e-07,0.0099267024895734329,0.0014407296881238662,0.00020919595203340547,6.6083953622078348e-06,0.00010664350177265885,1.4054439033105878e-05,0.069181501482131799
v3.1,c530bf2cab2728a7,2778,a784b97d4f25,2,fermi,independent,5,0.05,0.19577734091227841,6.2379937575218709e-05,6.1550519030337433e-07,3.1427856616936562e-08,2.0055222750193996e-11,0.00031862695286667095,3.1439041282063514e-06,1.605285702139472e-07,1.0243893729857176e-10,6.4693304692031085e-07,3.1447911839686762e-08,0.14866375848178631
v3.1,c530bf2cab2728a7,2779,c82702d69f76,3,arctan,independent,1,0.05,0.28978767745879375,0.0014106960074780055,0.00017582131088928968,1.9702463086991194e-05,3.8935538194569028e-07,0.0048680331056471472,0.0006067245937822547,6.7989306031802468e-05,1.3435884691855281e-06,0.00018877401566523851,2.0089952595516696e-05,0.17243925459898987
v3.1,c530bf2cab2728a7,2780,d449c5c8c5cb,4,arctan,common,5,0.3,0.15150993465011453,0.0087743869487162049,0.0014024411129842803,0.0012398667451644738,0.00025610477016080178,0.057912947880144651,0.009256430056702028,0.0081834022833402135,0.0016903496840139926,0.00021712811912575757,0.001494365082166438,0.022648526206729046
v3.1,c530bf2cab2728a7,2781,f3a4ae9c1fc3,2,fermi,common,10,0.1,0.1757771507453558,0.00019774655745842767,4.1125473825819406e-06,4.134006367632191e-07,1.1372650902245746e-09,0.0011249844284078677,2.3396370717942121e-05,2.351845134650651e-06,6.4699256154863022e-09,3.6991467458187221e-06,4.1453790185344368e-07,0.45661260937983239
v3.1,c530bf2cab2728a7,2782,f964f7377462,3,arctan,independent,5,0.2,0.066478790521880785,0.00066617452623501385,0.00024679424081644404,2.1046204503818856e-05,1.1584207060398744e-06,0.010020858096323963,0.0037123756145234672,0.00031658524980071232,1.7425417895630826e-05,0.00024396745349661067,2.2167221020034675e-05,0.2113764724714893
v3.1,c530bf2cab2728a7,2783,f1c490baa02b,4,fermi,independent,5,0.5,0.070889422498195714,0.0014800355298293167,7.7499137194678738e-05,5.2028101981391794e-05,2.5519792885242784e-06,0.020878086993401403,0.0010932397875952687,0.000733933218072358,3.5999436849541715e-05,4.4323879538422829e-05,5.4512163078279297e-05,0.045986312034360141
v3.1,c530bf2cab2728a7,2784,a4378b0712b5,2,arctan,common,3,0.3,0.38407470296851143,0.030041802780877067,0.0047074581758466925,0.0046391482199325705,0.00090057237745856742,0.078218644833112222,0.012256621275660105,0.012078765365374541,0.0023447844143289001,6.8309955914121919e-05,0.005539720597391138,0.23610306679467663
v3.1,c530bf2cab2728a7,2785,e40b2e26a951,3,arctan,independent,2,0.7,0.096329238607832865,0.015568783794206186,0.0067625509594060095,0.0081877331205634125,0.0076843011622293646,0.16162054241483681,0.070202474940522605,0.084997382299434474,0.079771222873597253,0.0029861459706767594,0.015871283548188064,0.057316002763731423
v3.1,c530bf2cab2728a7,2786,dd0974900db2,4,arctan,common,2,1,0.21492314605813698,0.1455250939509439,0.41835701932273567,0.43037213619136061,2.5542940530235572,0.67710293944598776,1.9465424129310371,2.0024466609796621,11.884685758008667,0.012222360676140766,2.983648605624643,0.071246061014279577
v3.1,c530bf2cab2728a7,2787,abeaee3b6592,2,arctan,common,5,0.3,0.46159912812997772,0.027060324191607754,0.0031966976328062775,0.0031936862501029881,0.00048749117799898588,0.058622996757455033,0.0069252679175471647,0.0069187441125402333,0.0010560920684012155,3.0113827032893161e-06,0.0036811774281019739,0.4858823938075435
v3.1,c530bf2cab2728a7,2788,aa9e51f8a29f,3,arctan,common,5,1,0.2795274445233456,0.15805052031800124,0.30141956092362748,0.30208529361766312,0.99096794217700834,0.56542040295009799,1.0783183076624645,1.080699943909921,3.5451543724689421,0.0010769079609443258,1.293029868240102,0.19737067168596861
v3.1,c530bf2cab2728a7,2789,08583f72b81a,4,fermi,common,2,0.3,0.14017872775161483,0.0011116822467643582,0.00023151371928593583,1.8161122825509266e-05,4.0854093798957598e-07,0.007930463235007866,0.0016515609964456168,0.0001295569100733264,2.9144289190117127e-06,0.00021657535999044787,1.8564738768463891e-05,0.044714317588025694
v3.1,c530bf2cab2728a7,2790,9afca4397b86,2,arctan,common,1,0.05,0.093343005407357335,0.0011880415561723889,0.0003318787793813737,1.2203199542586298e-05,1.285125738429449e-07,0.012727697710049809,0.003555475613121997,0.00013073501854081546,1.3767777594272263e-06,0.00034408197892396,1.2331712116429243e-05,0.45707252187547914
v3.1,c530bf2cab2728a7,2791,782aeb1f6c0b,3,arctan,common,3,0.1,0.080325329533156548,8.1315351983235205e-05,9.2328586606875855e-06,2.4351578128712823e-07,1.3255495464484042e-09,0.0010123251588986012,0.00011494330262132896,3.0316188268684313e-06,1.6502260920090546e-08,9.4351796675660949e-06,2.4475270167044582e-07,0.0052025005847950384
v3.1,c530bf2cab2728a7,2792,42143380ac76,4,fermi,common,10,0.05,0.28099742865828925,0.00012254662411200721,2.7430741564929879e-07,8.7572543316025805e-08,7.9646650380996362e-11,0.00043611297333624965,9.7619190666286865e-07,3.1164891342304625e-07,2.834426306364951e-10,1.9053442665838893e-07,8.7651643273020171e-08,0.11300677705767276
v3.1,c530bf2cab2728a7,2793,fa78730cd9d6,2,fermi,independent,2,0.3,0.39941729728877179,0.0094693066743192535,0.00022320672117560802,0.00038572498943288469,1.8589892801426458e-05,0.023707803188786562,0.00055883088361652355,0.00096571929170611811,4.6542533154207112e-05,0.00016251826825727664,0.00040431488223431112,0.45110030459179856
v3.1,c530bf2cab2728a7,2794,35b8f187d248,3,arctan,independent,3,0.05,0.12418227933809027,9.8641596818424521e-05,2.737990178005868e-05,2.7285385356514643e-07,1.4730653578591558e-09,0.00079432908901494383,0.00022048155281089674,2.1972044241698367e-06,1.1862122081433919e-08,2.733779937770769e-05,2.7427025875404955e-07,0.094157652199381131
v3.1,c530bf2cab2728a7,2795,1ebf47ca3dc2,4,fermi,common,10,0.1,0.23433372129847185,0.00018102617539090423,1.0909440139166316e-06,2.3522668095368299e-07,3.9277219247728544e-10,0.00077251440547188867,4.6555144000256442e-06,1.0038106323335076e-06,1.6761232241816783e-09,1.1955269758512856e-06,2.356186711245611e-07,0.054356334245667541
v3.1,c530bf2cab2728a7,2796,b7df2e3e6da2,2,fermi,independent,10,0.1,0.4304852251716112,0.00103709286306191,4.5803326358366821e-06,3.2905118967560388e-06,1.1383958354862383e-08,0.0024091253367603434,1.0639929939548449e-05,7.6437278316446048e-06,2.6444480993103107e-08,1.2898207390806433e-06,3.3018958551109012e-06,0.24944620434902162
v3.1,c530bf2cab2728a7,2797,72a8eb7412c7,3,arctan,independent,10,0.7,0.25284625660196303,0.045931554998237159,0.02132130400098144,0.021757779190198133,0.015860854092324898,0.18165803842824446,0.084325171697305273,0.086051419082109559,0.062729242289291456,0.00044583635561720102,0.037613633850981106,0.14024554564135275
v3.1,c530bf2cab2728a7,2798,28d870c44629,4,arctan,independent,2,0.5,0.19388793086163358,0.024959132800728662,0.010595130323272918,0.010117845731233798,0.0067718323167899729,0.12872968776246588,0.054645641305203468,0.052183989412184245,0.034926528364587227,0.00065448479471513169,0.016881079481487746,0.011356296300383562
v3.1,c530bf2cab2728a7,2799,a79481373009,2,arctan,common,1,0.7,0.18800269633289321,0.1294468036155389,0.28011865714860362,0.19652328043551875,0.38079897372917487,0.68853695261013503,1.4899714877099541,1.0453216058536645,2.0254974059249689,0.083595376713084868,0.57732225416469374,0.12798756518174484
v3.1,c530bf2cab2728a7,2800,9da8470fc0e9,3,arctan,common,1,1,0.10117881673585044,0.072762288166390771,0.37762556961695343,0.18285546997696439,0.84826080795000314,0.71914547445591037,3.7322592000935142,1.8072505280858226,8.3837786931683009,0.20051237525600263,1.0310771733342368,0.12455269929743103
v3.1,c530bf2cab2728a7,2801,a32db83b335f,4,arctan,independent,2,0.5,0.12157156547595638,0.011190157864878517,0.0042821474529575873,0.0031568719690904467,0.0020102619813970558,0.092045848229959926,0.03522326488264628,0.025967190244949111,0.01653562634919456,0.0029608306062601946,0.0050470467133590389,0.0034393959793045112
v3.1,c530bf2cab2728a7,2802,37155e0776a4,2,fermi,independent,1,0.3,0.098000259997703079,0.0020952985894083665,0.00010396577203100412,6.8920841443463528e-05,3.2094387579985968e-06,0.021380541127722273,0.0010608724102715733,0.00070327202647297964,3.2749288196519269e-05,3.5044930587540591e-05,7.2130280201462133e-05,0.048249035394921105
v3.1,c530bf2cab2728a7,2803,3999ac0f610f,3,arctan,common,10,1,0.21918846282660445,0.11231608010258293,0.1474583230523194,0.14734761422231013,0.27166382889198754,0.51241784651518774,0.67274673653316641,0.6722416514179117,1.239407518939057,0.00013821200617463553,0.41869798104888689,0.12584909080077117
v3.1,c530bf2cab2728a7,2804,8443d1bb3593,4,arctan,common,2,0.05,0.28297365698325877,0.001100786508032074,7.8153459365923401e-05,1.3141750909832229e-05,2.3473422500042406e-07,0.0038900670817467596,0.00027618634257020998,4.6441605377456455e-05,8.2952677469306394e-07,6.6689887959058954e-05,1.3376392039333441e-05,0.024970118009999785
v3.1,c530bf2cab2728a7,2805,4a1192238978,2,fermi,common,10,1,0.2049592200673061,0.022357053392349589,0.0048494384696316445,0.0046447199743544386,0.0012822849297455911,0.10908049603724977,0.023660504114131328,0.022661678615039465,0.0062562929802548253,0.00020471849527720626,0.0059270049041000297,0.47226109375912478
v3.1,c530bf2cab2728a7,2806,05f282a5c36e,3,fermi,common,5,0.7,0.2028743203904062,0.013299669214496735,0.0037225371297545311,0.0036443754817733921,0.0014266599057988721,0.065556198482406194,0.018348981391981867,0.017963710117476911,0.0070322350460789908,0.00014383507243883228,0.0050686627126614566,0.027434350694542215
v3.1,c530bf2cab2728a7,2807,13a11c117ee4,4,fermi,common,5,0.7,0.23278191429270234,0.017115002470173023,0.0019343279676171284,0.00201222527329901,0.0003060834078843467,0.073523763743314027,0.0083096144882840207,0.0086442509050287195,0.001314893422087226,0.00071688980285419444,0.0023140141417251356,0.073330316645096663
v3.1,c530bf2cab2728a7,2808,8a93f5796fca,2,arctan,independent,10,0.1,0.19016002349792854,0.0006183687171589183,1.7583429352691727e-05,4.8743967419310292e-06,5.4864319598372046e-08,0.0032518334073809909,9.2466487063109075e-05,2.5633130729940867e-05,2.8851657982136131e-07,1.2709032610760697e-05,4.9292610615294012e-06,0.22820022503922546
v3.1,c530bf2cab2728a7,2809,24fba2b25410,3,fermi,common,2,1,0.31672764711351248,0.068552443867568119,0.023230130448815594,0.023818863273898084,0.0097789966004981719,0.21643972192613647,0.073344182803499039,0.075202981144748646,0.030875096284201119,0.0015440260157164093,0.033587267664374101,0.28479284791529169
v3.1,c530bf2cab2728a7,2810,ca232ac60e1f,4,arctan,common,3,0.5,0.19954387755867001,0.019060125266454273,0.0079125087247017695,0.0091215890827777771,0.010179041603719083,0.095518466913875638,0.039652976686169329,0.045712197208836146,0.051011545572107242,0.0013265806903063604,0.019220015244708288,0.067485768071380431
v3.1,c530bf2cab2728a7,2811,9c3a0ceb8fd6,2,arctan,common,1,0.2,0.41947442202779672,0.011862884869697258,0.00063955663262049267,0.00078979909348657351,6.9956692471974448e-05,0.028280353334418938,0.0015246618125815358,0.0018828301608202396,0.00016677224831443651,0.00015024246086608081,0.00085975578595854794,0.38751965845734804
v3.1,c530bf2cab2728a7,2812,7337abeaf537,3,arctan,independent,1,0.7,0.18454221133196289,0.092887244315391401,0.12938525408325108,0.16658865355709446,0.55020352322403143,0.50333874101194997,0.70111468346126526,0.90271300183689274,2.9814507979114895,0.037372846981077512,0.71679087944570297,0.28184511870498846
v3.1,c530bf2cab2728a7,2813,4e3cf10c55f8,4,arctan,independent,2,1,0.12254477513712621,0.080349513619469307,0.19034081071778833,0.17774358525926792,0.65238349581579236,0.65567474035150919,1.553234811560094,1.4504378914594676,5.3236337092771411,0.012882753425659327,0.83000772999358674,0.060554300466792506
v3.1,c530bf2cab2728a7,2814,b5ee42c6a7f9,2,arctan,common,3,0.2,0.39547170090422235,0.021770143169803736,0.004288113825057208,0.0027259193711442207,0.00044224204167651182,0.055048548657280934,0.010843035836072955,0.0068928304222819724,0.0011182646967288731,0.0015621944539129877,0.0031681614128207325,0.25874555692386852
v3.1,c530bf2cab2728a7,2815,3f7b649a5c35,3,arctan,common,10,0.3,0.17652598618416743,0.0056878972679807191,0.00040749023105609666,0.00045825498388469497,5.5340492225601514e-05,0.032221302885381449,0.0023083866566306391,0.0025959633127702973,0.00031349770887480243,0.00010892352243502044,0.00051344995667362955,0.24768655530508696
v3.1,c530bf2cab2728a7,2816,138bde3b6ae4,4,fermi,independent,2,0.7,0.16496196804332816,0.028716533305928355,0.0088114188656052226,0.010494235255457627,0.0054952338623557341,0.17407972059587579,0.053414850526582319,0.063616089089706174,0.033312125985987151,0.0029621769516794457,0.015987513112568973,0.085559403282170432
v3.1,c530bf2cab2728a7,2817,cd88c89c62d3,2,arctan,independent,3,0.5,0.30390792424746443,0.046301512932944738,0.018687374085306321,0.020344209465555908,0.014090244343501691,0.15235375335340912,0.061490249494414867,0.066942017112361113,0.046363530593655618,0.0016568353802495861,0.034434453809057596,0.33468080839145031
v3.1,c530bf2cab2728a7,2818,77b9d0412f7a,3,fermi,common,2,0.05,0.15797872894106885,6.4694742040614272e-05,7.1662525290805939e-06,5.4174718283599353e-08,6.077777251132533e-11,0.00040951552449030969,4.5362135631271199e-05,3.4292413065184405e-07,3.8472124012339279e-10,7.1637728229256154e-06,5.4235493008068463e-08,0.20214318967353856
v3.1,c530bf2cab2728a7,2819,7a98a6778d48,4,fermi,independent,10,0.1,0.3254544561493562,0.00052372989305092597,2.7645895567094578e-06,1.5064890265123439e-06,5.899553262740104e-09,0.0016092263699427672,8.4945512481806172e-06,4.6288781672757066e-06,1.8127123937835118e-08,1.4986246406998887e-06,1.5123446520996131e-06,0.042106802809153743
v3.1,c530bf2cab2728a7,2820,61817d40d554,2,fermi,independent,5,0.3,0.070593536788552888,0.0006021171758928194,9.9202336630164285e-05,9.4383017221382493e-06,1.9765810672890343e-07,0.0085293527323376129,0.0014052608941708452,0.00013369923298231346,2.7999462234190642e-06,0.00010864063835230253,9.6359598288671535e-06,0.32783714279216408
v3.1,c530bf2cab2728a7,2821,c46d863a3c53,3,fermi,common,10,0.3,0.31580022734776125,0.0037103482681023741,6.4666243061053537e-05,6.5004698569069659e-05,1.285694351242031e-06,0.011749036089250545,0.00020476946329060951,0.0002058412025697691,4.0712268070225798e-06,3.7436502079108287e-06,6.6290358098968451e-05,0.26240978017142153
v3.1,c530bf2cab2728a7,2822,99f58842bebe,4,arctan,common,3,0.7,0.10363095133385854,0.022892637074650113,0.031424032159874084,0.018370756494373648,0.027363940969870652,0.22090540306726469,0.30323018128665152,0.17727094326472242,0.26405181673682315,0.013997386109072408,0.045638694283919236,0.046629393587482651
v3.1,c530bf2cab2728a7,2823,9e696492db9a,2,fermi,common,5,0.1,0.3511872503488957,0.00071026450113249873,9.0498960588024285e-06,2.5056752134060225e-06,1.1000208563579762e-08,0.0020224666482819885,2.5769432261027655e-05,7.13486953446259e-06,3.1322915489247777e-08,6.5442208453964056e-06,2.5166754219696025e-06,0.46299707607583351
v3.1,c530bf2cab2728a7,2824,82b1b1c1d35f,3,arctan,independent,1,0.5,0.38040338758111236,0.11107507773200341,0.097838083080169419,0.090670776551590199,0.10946447898169044,0.29199287219365044,0.25719561464028151,0.23835428261599464,0.28775894893509496,0.0075121052184790238,0.20010723570600372,0.15583195287637522
v3.1,c530bf2cab2728a7,2825,82549e0f229f,4,arctan,common,3,0.1,0.23044268152763764,0.0019123304436455839,7.7559559452964092e-05,5.2700565609113928e-05,2.4961141609355287e-06,0.0082985080323161962,0.00033656768329031161,0.00022869272853342232,1.0831822231838431e-05,9.5269724020898843e-05,5.5179410832523547e-05,0.11361627056813844
v3.1,c530bf2cab2728a7,2826,6687142f3f03,2,arctan,independent,1,0.05,0.28093701087128936,0.0011419667778706413,0.00019803801053034967,1.0074514690120903e-05,1.0749450203918559e-07,0.0040648498904753807,0.00070491961851576869,3.5860403934946539e-05,3.8262848211350102e-07,0.00020811252522047057,1.0182009192160088e-05,0.3198265721638659
v3.1,c530bf2cab2728a7,2827,6a8c5f79432e,3,fermi,independent,1,0.2,0.10228350889764257,0.001140475855191288,0.00095930663447434854,1.0841163265670531e-05,4.4400426891625166e-08,0.0111501440210913,0.0093788983660537933,0.00010599131162501992,4.3409174528865334e-07,0.00094862970334841574,1.0883454771975046e-05,0.25972710597907522
v3.1,c530bf2cab2728a7,2828,a63e852cb982,4,arctan,independent,3,0.7,0.13101852747546452,0.035207202099190898,0.025596912133866067,0.030337943248626313,0.046540364370624449,0.26871926266904544,0.19536864462668863,0.23155460401818068,0.35521971790852203,0.0047445187030038961,0.076780777568131967,0.070238808506111222
v3.1,c530bf2cab2728a7,2829,eeb50c82a4d2,2,arctan,common,10,0.05,0.016455405487249816,2.1344860749912904e-06,9.5135794771437667e-06,1.4058624086259158e-08,9.8293513844539575e-11,0.00012971336845179292,0.00057814312047887225,8.5434686475226868e-07,5.9733267539776269e-09,9.5276381012300263e-06,1.4156917600103698e-08,0.3166358427545713
v3.1,c530bf2cab2728a7,2830,96b2a8933767,3,arctan,common,5,0.2,0.24467933176147635,0.0029147420802672361,8.6993586855707949e-05,7.5162571223620227e-05,4.4548123610764586e-06,0.011912498122680214,0.0003555412148195375,0.00030718806808288917,1.8206737483733182e-05,4.5982526070696921e-05,7.9204614047176993e-05,0.0067443738298376471
v3.1,c530bf2cab2728a7,2831,de87e0df51cc,4,fermi,common,1,0.7,0.36218999936283769,0.089804404657201464,0.052606494406983305,0.037441989176060057,0.016288262136091091,0.24794832771524558,0.14524557414486405,0.10337665104483217,0.044971595474047589,0.015439556226135473,0.053729777683796692,0.03367711575340581
v3.1,c530bf2cab2728a7,2832,821d73b6caf6,2,arctan,independent,5,1,0.23153418885373006,0.085633502759169228,0.091579319002257187,0.094290047822983405,0.16987409356134878,0.36985251803683961,0.39553259695962967,0.40724027967442172,0.73368902623994514,0.0027107288207262165,0.2641641413843322,0.31117045793215764
v3.1,c530bf2cab2728a7,2833,0e8970ce5f9c,3,fermi,independent,5,0.3,0.27323717082347992,0.0023098414155601262,2.5695079117787189e-05,3.8269448520898965e-05,1.0452965140896055e-06,0.0084536134252845077,9.4039471424578044e-05,0.00014005945240013582,3.8256014397283485e-06,1.330532397832686e-05,3.9282151865015281e-05,0.047445829980308309
v3.1,c530bf2cab2728a7,2834,ad585d26a63f,4,fermi,common,5,0.7,0.12768682050812144,0.0089177365360446591,0.0012627213728441421,0.001697376509074497,0.00047864181652930687,0.069840696953351197,0.009889206793772639,0.013293278838958453,0.0037485608508739019,0.00098089247835063224,0.0021751271856601038,0.10733719037237878
v3.1,c530bf2cab2728a7,2835,4ffc5c6ab7db,2,fermi,independent,1,0.05,0.083161308442813608,2.1359148129174369e-05,7.233246995753171e-05,4.3628862236849056e-08,1.0720084953074891e-10,0.00025683997196679657,0.00086978513580352791,5.2462933849640804e-07,1.2890712223998524e-09,7.2376098819768557e-05,4.3736063086379803e-08,0.35249920311589245
v3.1,c530bf2cab2728a7,2836,770cf161d64d,3,arctan,common,10,0.5,0.21190164157012001,0.019780085704008656,0.0058058629575879683,0.0055195374830373425,0.0024938949069538453,0.093345599200859719,0.027398857859563867,0.026047639093965593,0.011769115559817855,0.00041685372072473934,0.0080071839860079205,0.17814868932832784
v3.1,c530bf2cab2728a7,2837,f58ebfd7fe74,4,fermi,common,3,1,0.13180727334835032,0.026203715710784885,0.012791908225036504,0.010544894970369147,0.005510758027061748,0.19880326058738584,0.097050093671455243,0.080002375456931674,0.041809210425721319,0.0028460554442899474,0.016039410771273365,0.092398905044373161
v3.1,c530bf2cab2728a7,2838,811e3125ce16,2,fermi,independent,5,0.7,0.30462434531486904,0.043816110399756983,0.0087867019361906884,0.0085383093358152046,0.0017973724197765451,0.14383653530536869,0.02884438512985062,0.028028978862440383,0.0059002914488621256,0.00024839260037548365,0.01033568175559175,0.16103077038165287
v3.1,c530bf2cab2728a7,2839,405f3730d2a4,3,fermi,common,3,1,0.044236101308892786,0.001642908537468116,0.0078835077844198742,0.0019283403630361686,0.0012391027285871361,0.037139541886749457,0.17821434419300988,0.043592005307405202,0.02801111969462913,0.0098086093890897719,0.0031658315937277905,0.12653822557376712
v3.1,c530bf2cab2728a7,2840,9d870e6b800e,4,fermi,common,2,0.1,0.10871401483213822,0.00028951495803417819,0.00014760872448462914,1.9033310216417825e-06,1.8951550109442118e-08,0.0026630877213136579,0.0013577708882571119,1.7507687712395261e-05,1.7432481119112925e-07,0.000149016148302895,1.9220465262947552e-06,0.11281140730796649
v3.1,c530bf2cab2728a7,2841,b205c3df046b,2,arctan,common,10,0.1,0.47028600556510225,0.0031685551706036323,4.4793905475155422e-05,4.359751065960226e-05,7.8993881093836291e-07,0.0067375068216122061,9.5248221178366631e-05,9.2704248358857459e-05,1.6796987398958669e-06,1.1963948155531572e-06,4.4387449470540628e-05,0.45903641877724211
v3.1,c530bf2cab2728a7,2842,1e8e66d201dc,3,fermi,common,5,0.1,0.20409808116596312,0.00021241222880254894,3.7456838853206768e-05,3.4336940771834461e-07,6.214527487219798e-10,0.0010407360401875859,0.00018352371878865731,1.6823745022822263e-06,3.0448730589321082e-09,3.7114728984678738e-05,3.4398889429411828e-07,0.15592805277447341
v3.1,c530bf2cab2728a7,2843,48d1b8b6394f,4,arctan,common,10,0.3,0.24987184157582662,0.018787488324291321,0.0043144738495747882,0.004239345010689597,0.0014966069155326503,0.075188497454564254,0.017266746914599857,0.016966077425747537,0.0059894980806730353,0.00010387716049354502,0.0057302445392254089,0.092057750723427853
v3.1,c530bf2cab2728a7,2844,b3bd8b258b66,2,arctan,common,1,0.7,0.15891682519604897,0.11086058478911899,0.10710275391012763,0.1539366773130274,0.27480413882016047,0.69760130591807989,0.6739547796653973,0.96866192187719735,1.7292324993350845,0.046833923402899748,0.42874081613318782,0.37761582057969917
v3.1,c530bf2cab2728a7,2845,1e1d7deed925,3,fermi,independent,2,0.7,0.36391130671218863,0.055607873634557513,0.015029713981240821,0.015713520158402685,0.005466705893264449,0.15280611678970682,0.041300486420795854,0.043179532673411118,0.015022083107706174,0.00070383879131289957,0.021180187326296465,0.11759060347295229
v3.1,c530bf2cab2728a7,2846,56625131aeec,4,arctan,common,2,0.2,0.20400052297123847,0.0080939849095503606,0.0036656833790957122,0.00086763315427955477,0.00015209070783312815,0.039676294901908223,0.017968990107013246,0.0042530927942860232,0.00074554077419973594,0.0035163661752627452,0.0010152046525270448,0.092385867984907527
v3.1,c530bf2cab2728a7,2847,c88d83d1a8b0,2,fermi,common,10,0.05,0.40359387668484031,0.00023016845726043494,2.6184935269784489e-06,1.985611115317706e-07,2.0041272478698592e-10,0.00057029719863705872,6.4879416617690326e-06,4.9198246802645035e-07,4.9657028107858249e-10,2.4199324154466784e-06,1.9876152425655758e-07,0.28217240306527031
v3.1,c530bf2cab2728a7,2848,8415c83949d9,3,fermi,common,5,1,0.26980100971303533,0.063245020058685666,0.02492183146747879,0.024420069727520782,0.01071446379993987,0.23441357808836252,0.092371157150175409,0.090511409699668505,0.03971246738971046,0.00062697921319984087,0.035132567359149103,0.12326853661108776
v3.1,c530bf2cab2728a7,2849,eb7bde42c87b,4,fermi,common,10,1,0.18618727493396403,0.019980042444249224,0.0035207943476327271,0.0035183581784181618,0.00078036910554112851,0.10731153593249403,0.01890996228867663,0.018896877778924664,0.0041913127834214553,0.00028573155672139463,0.0042950318833724511,0.063869955407938703
v3.1,c530bf2cab2728a7,2850,42dd6687061d,2,fermi,independent,3,0.2,0.35254144455160075,0.0032059979857560375,0.00016022117610443531,4.845858729956019e-05,8.7588987942496964e-07,0.0090939605408202791,0.00045447472511557171,0.00013745500861946859,2.4845018733585164e-06,0.00011176258880487511,4.933447717898516e-05,0.37721373243907369
v3.1,c530bf2cab2728a7,2851,f1e0df3de0ea,3,arctan,common,2,0.7,0.216188495712753,0.12127047037516628,0.27107192699975857,0.25296797046037012,0.90037679735566589,0.56094784310954671,1.2538684174940027,1.1701268822208077,4.1647766426571815,0.019343512837826642,1.1513285669705042,0.20001823096486884
v3.1,c530bf2cab2728a7,2852,cb3ca84e0c7c,4,arctan,independent,2,0.1,0.11613435985914509,0.00062360365435883212,0.00015808593899332315,8.3816326825041025e-06,1.5458226843667857e-07,0.005369674014780613,0.0013612331370755348,7.2171859324577693e-05,1.3310640246707819e-06,0.00015051278785867164,8.5333665813273097e-06,0.021922111043560677
v3.1,c530bf2cab2728a7,2853,54d358ad76f9,2,fermi,independent,2,0.7,0.16797008880073289,0.012326673036536184,0.00056011197917611797,0.0020526000697889766,0.00047334062222244451,0.073386119663005137,0.0033345935766015628,0.012220033247848237,0.0028180054294308335,0.0014924880906128587,0.0025259406920114212,0.17250764778687847
v3.1,c530bf2cab2728a7,2854,d1d4496430b2,3,fermi,independent,3,0.05,0.24352573685170179,0.00013784706436969322,1.2776709832520657e-06,1.8577231511648139e-07,3.4417933847341667e-10,0.00056604721189545981,5.246554223671728e-06,7.6284468951061998e-07,1.4133181277796903e-09,1.4106981121685102e-06,1.8611649354836125e-07,0.1760645277850843
v3.1,c530bf2cab2728a7,2855,0b09358b6db2,4,fermi,independent,5,0.7,0.12317262466896838,0.0080793135350484668,0.00093437271541738174,0.00093628225365609047,0.00014741092368537558,0.065593418641211571,0.007585879719041044,0.007601382662522525,0.0011967831657525255,0.00010388706241929252,0.0010827992731996308,0.04100194010807668
v3.1,c530bf2cab2728a7,2856,2c82ae60050a,2,arctan,independent,2,0.1,0.30243523966912461,0.0032521564495328224,0.0002541566543318384,8.517920035724984e-05,3.0355215905844525e-06,0.010753232503893404,0.00084036719599837385,0.00028164442890464433,1.0036930861315718e-05,0.00016897745397458856,8.8214721947834298e-05,0.42379975892092087
v3.1,c530bf2cab2728a7,2857,f1d6fbb55aae,3,fermi,common,1,1,0.27809094220066183,0.066906007744141918,0.037216886261650178,0.039438512598595044,0.033490099532636777,0.24059038821863032,0.13382991178042622,0.14181876003044153,0.12042858810004448,0.0022410804467078342,0.072923819720748073,0.11952766715068809
v3.1,c530bf2cab2728a7,2858,15875915aa1e,4,arctan,independent,1,0.05,0.1437726937200369,0.00075831838545159416,0.00014736011111501118,1.1557355894598483e-05,2.2317378675334213e-07,0.005274425663389452,0.0010249520079380298,8.0386306993062833e-05,1.5522682435645253e-06,0.00015688810949821848,1.1779975749662689e-05,0.084797989526723017
v3.1,c530bf2cab2728a7,2859,9e00a83388b3,2,arctan,common,3,0.1,0.16376541231034683,0.002969789631599099,0.00016049160198061869,0.00010246115787720661,4.2762494385524694e-06,0.018134413058913449,0.00098000914672065169,0.00062565810711626699,2.6112042697078671e-05,5.803044410341207e-05,0.00010673740731575909,0.056041739588699326
v3.1,c530bf2cab2728a7,2860,a37458fd032a,3,arctan,common,10,0.1,0.106405613945619,0.00019851602213238301,1.6114078242115669e-05,1.8456380601389606e-06,3.1197223169733081e-08,0.001865653650885743,0.00015144011339806877,1.7345307185410498e-05,2.93191515117587e-07,1.427100661040844e-05,1.8768304974942649e-06,0.069058834875568784
v3.1,c530bf2cab2728a7,2861,89b49afeab70,4,fermi,independent,5,0.3,0.40384385175007387,0.0080580206146030186,0.00025770770110895266,0.00025583035027187576,9.9874287544507251e-06,0.019953307645227868,0.00063813699278115977,0.00063348828801831317,2.4730916940222795e-05,1.0045501258326716e-05,0.00026579269295508599,0.087608310275774121
v3.1,c530bf2cab2728a7,2862,9357c1a59e09,2,fermi,common,2,0.5,0.26107457036330606,0.026572613190979772,0.0071973245507862159,0.0039949720634117744,0.00059102736417695752,0.10178169843965218,0.027568079651612815,0.015302034425844128,0.0022638258615325724,0.003202352487374441,0.0045859994275887321,0.42654133546925577
v3.1,c530bf2cab2728a7,2863,6043319e2a4e,3,fermi,independent,1,0.2,0.23959209267093709,0.00389329699557694,0.0015089337912687505,7.7141444258927835e-05,1.6029574478055371e-06,0.016249689011749273,0.0062979281763741891,0.00032196990893550143,6.6903603951866911e-06,0.0014342708991305667,7.8732671726731494e-05,0.064800450338768828
v3.1,c530bf2cab2728a7,2864,5097f230801d,4,fermi,common,1,1,0.070363852838924046,0.038616323220091182,0.011690457439765954,0.031758928721361455,0.026732740123311671,0.54880910669418759,0.16614294084389589,0.45135289555652325,0.37992149441429662,0.029239326388262609,0.058436122744190591,0.084431424115304493
v3.1,c530bf2cab2728a7,2865,c9ef79248542,2,arctan,common,3,1,0.20387727058552324,0.14524036273073426,0.37517042124537053,0.32259674423534584,1.0777878485057761,0.71239114744675902,1.840177770518036,1.5823085295818775,5.2864541761346633,0.052573677010024709,1.4003845927411218,0.29376542419432322
v3.1,c530bf2cab2728a7,2866,01f17f7a8a8a,3,arctan,common,5,1,0.031769597892871315,0.015959775424753492,0.022126396701128932,0.022128615905326263,0.038808543782312618,0.50236000715434481,0.69646448707787412,0.69653434015580151,1.2215623223553846,1.1545419025141606e-05,0.060911056005523719,0.021549125231215736
v3.1,c530bf2cab2728a7,2867,1005559b9665,4,fermi,common,5,0.2,0.40184624302055794,0.0033467062946932417,7.2943172398376346e-05,4.0708246485070795e-05,5.7054898010874377e-07,0.0083283254548731176,0.00018152010542660385,0.00010130304113105324,1.4198191224088544e-06,3.2274971167721766e-05,4.1278751180416474e-05,0.05505064212947771
v3.1,c530bf2cab2728a7,2868,9ffd7d6c9af6,2,arctan,independent,2,0.3,0.26744229579919654,0.022499497539711689,0.0046882345475295203,0.0044324715582453947,0.0012581336946687451,0.084128419076259231,0.017529891947418757,0.01657356232678104,0.0047043183312088692,0.00025576298928412541,0.0056906052529141398,0.16067853860377621
v3.1,c530bf2cab2728a7,2869,d3a9655568be,3,fermi,independent,1,0.5,0.34677853605878894,0.035399023703398355,0.0064244220654306678,0.0061118096850828205,0.0012617201747303296,0.10207962726215905,0.018526008381157543,0.017624532805705983,0.0036384033137403628,0.0029188027516337087,0.0073734320592857101,0.21075263203492733
v3.1,c530bf2cab2728a7,2870,d2950d86508d,4,fermi,independent,3,0.1,0.092738838950511646,0.00011171484473553537,9.1645223873700849e-06,3.01108903647264e-07,1.162080720886101e-09,0.0012046176769061117,9.8820758282951559e-05,3.2468478908598929e-06,1.2530680069288162e-08,9.0598475527572582e-06,3.022661224664704e-07,0.059978136882761088
v3.1,c530bf2cab2728a7,2871,253e6268ee56,2,fermi,common,2,0.2,0.49528768407317764,0.0036466396047563259,3.7938610810983689e-05,3.5618286963047404e-05,3.7862556075694044e-07,0.0073626696605230812,7.6599140319787043e-05,7.191434010659728e-05,7.6445583633975311e-07,2.32032384793628e-06,3.5996912523804348e-05,0.4580611777231226
v3.1,c530bf2cab2728a7,2872,9acfb7d8cfa3,3,fermi,common,5,0.3,0.23822798504145326,0.0020168856522481955,0.00032051807781694261,2.2806530961194894e-05,2.6448344240779977e-07,0.0084661995184874862,0.0013454258019315838,9.5734054742671837e-05,1.1102114739449182e-06,0.00029781825779208785,2.3071007559969184e-05,0.078731957344466919
v3.1,c530bf2cab2728a7,2873,398d17af232e,4,arctan,independent,5,0.05,0.21335823471950285,0.00027926545374813683,5.4458773516265413e-06,8.909635030570089e-07,4.1396677039725913e-09,0.0013089040322970457,2.5524570723910004e-05,4.175903987152584e-06,1.9402427609203444e-08,4.6775958667277088e-06,8.9509570248287653e-07,0.039311513161981594
v3.1,c530bf2cab2728a7,2874,b98181889005,2,fermi,independent,5,0.3,0.31842158119210417,0.005258229938344087,0.00011908423193954404,0.00012915653127069544,3.7920147297097109e-06,0.016513421981821607,0.00037398291753252855,0.00040561487945371119,1.1908786821273849e-05,1.0072299331151392e-05,0.00013294854600040513,0.21781668853957173
v3.1,c530bf2cab2728a7,2875,d854522b7ea2,3,fermi,independent,3,0.3,0.18818415167831981,0.0030205845119391558,0.00021869096821327887,0.00010302891531902271,5.0700726058006736e-06,0.016051216242175984,0.0011621115075997851,0.00054748986245738358,2.6942080725625648e-05,0.00023290028381008573,0.00010807368948420761,0.2100864653110141
v3.1,c530bf2cab2728a7,2876,00cc6c342e22,4,arctan,independent,1,0.7,0.17158184630507942,0.10458290296707673,0.1525035891004704,0.19767702798972497,0.59895460319355931,0.60952195829111278,0.88880958204233851,1.1520859126218241,3.4907807328788967,0.04555469492681239,0.79652153777723111,0.11400269749164217
v3.1,c530bf2cab2728a7,2877,065eb76d706a,2,fermi,independent,3,1,0.26567178891926585,0.041897823258045572,0.010778796943480396,0.012897870656063607,0.0052006537503401715,0.15770520245481454,0.040571853666991835,0.048548137943178825,0.019575483612678881,0.0021190737125832112,0.018098524406403776,0.36806380416473422
v3.1,c530bf2cab2728a7,2878,74990a984f3f,3,arctan,common,1,1,0.20919545204666307,0.17346926532231191,0.56412752710285285,0.64598813778629383,4.0547392336600794,0.82922101616060906,2.696652922344692,3.0879645396985014,19.382540079100909,0.08527117588002732,4.6956688972559055,0.31459086705994499
v3.1,c530bf2cab2728a7,2879,c2ace2c8efff,4,fermi,common,10,1,0.094840253198470573,0.0086714616654489981,0.0014473856230399287,0.0016382617188352737,0.00042577341186132191,0.091432291384781303,0.015261300705418928,0.017273907055128917,0.0044893744744682745,0.00020045300057379802,0.0020636190513562539,0.14180927276229757
v3.1,c530bf2cab2728a7,2880,a67b51ba09b4,2,fermi,independent,10,0.1,0.44046425027873953,0.00076072858037542384,1.3493107694621587e-06,1.8513709641994249e-06,5.192570213029022e-09,0.0017271062972625158,3.0633831658489256e-06,4.2032263981193013e-06,1.1788857347090034e-08,5.0206019473726611e-07,1.856563534412454e-06,0.37083419756266511
v3.1,c530bf2cab2728a7,2881,271f3e7f54f6,3,arctan,independent,10,0.5,0.39538868019765938,0.12600475742168668,0.089986458255741197,0.089801037585525448,0.086976932405465751,0.31868579889210646,0.22758986982317228,0.22712091185977523,0.21997830681946934,0.00018553390529279135,0.17677127460740691,0.044708129042282253
v3.1,c530bf2cab2728a7,2882,20a51acad1ac,4,arctan,common,3,0.2,0.20647321400998633,0.0057312056444679231,0.0002896094987972732,0.00048012516613833375,6.4612410617688882e-05,0.027757623050274821,0.0014026492501020781,0.0023253629699158552,0.00031293362157167672,0.00040774959638798869,0.00054404221117195601,0.13019965319717827
v3.1,c530bf2cab2728a7,2883,14575a56eb68,2,fermi,independent,3,0.7,0.28857704342559903,0.032972880517690088,0.0058293460405118517,0.0056136697713894341,0.0011187822749655853,0.11426023403067805,0.020200311054939388,0.019452932585182409,0.0038768928452689961,0.00021567626912241721,0.0067324520463550195,0.18078816417842944
v3.1,c530bf2cab2728a7,2884,5186a258ae75,3,fermi,independent,10,0.7,0.12108916864833019,0.011554019732026582,0.0016947530186308803,0.001695445703285706,0.00028956413805136599,0.095417450305419288,0.013995909275360697,0.014001629726351961,0.0023913298049995247,3.97677021447939e-05,0.001984997162325731,0.075647107951862011
v3.1,c530bf2cab2728a7,2885,6f3e5c761eeb,4,arctan,independent,3,0.05,0.19956226042211095,0.00024111967364833731,9.3494028807964897e-06,9.0810245473987697e-07,5.8260054110220158e-09,0.001208242846810438,4.6849553923776867e-05,4.5504718819032868e-06,2.9193923734372124e-08,8.4943187048758586e-06,9.1392121183679128e-07,0.062886161624975123
v3.1,c530bf2cab2728a7,2886,f81923aed333,2,arctan,independent,1,0.7,0.15261588799818157,0.10531470924726707,0.12718888406811871,0.13870684412023535,0.24389848291552568,0.69006386313148405,0.83339215684827106,0.90886241229280174,1.598119868872576,0.011517960052116622,0.38260532703576106,0.47367431968965579
v3.1,c530bf2cab2728a7,2887,d3e774f7e39f,3,arctan,independent,3,0.5,0.2144221089949104,0.041318936284303713,0.021748020448724235,0.023595214648263738,0.021812754067711847,0.1926990480505183,0.10142620343893946,0.1100409596699928,0.10172810150015642,0.001906290049709643,0.045407951119462296,0.20693522946508919
v3.1,c530bf2cab2728a7,2888,a3df41e797e5,4,fermi,independent,3,0.3,0.27324791661877434,0.0052780450255014511,0.00038383900122855585,0.00016800627814244246,6.6107936623701047e-06,0.019315957064972574,0.0014047280066331639,0.00061484925565540092,2.4193390910984498e-05,0.00022426686713179379,0.0001745500729742796,0.043582770573356196
v3.1,c530bf2cab2728a7,2889,1f17df3bd4c9,2,fermi,independent,2,0.5,0.0042931052599256602,0.00040275390008952987,0.00045575764611324938,2.2552414375820905e-05,2.0131242864206489e-06,0.093814121877949019,0.10616037076182505,0.0052531706097072089,0.00046892031863563215,0.00047831006048907026,2.4565538662241554e-05,0.082678141298391669
v3.1,c530bf2cab2728a7,2890,c01f6d7d9273,3,fermi,common,1,0.5,0.10829958714135873,0.003221881543016716,0.0063159265381796444,0.00049976226381090005,8.2530628593707628e-05,0.029749712146283018,0.058319026922380973,0.0046146275992592859,0.00076205857078646098,0.0067605272112563316,0.00058224011508121629,0.15067667483398092
v3.1,c530bf2cab2728a7,2891,ec94240e2982,4,fermi,independent,3,0.7,0.19843485883591661,0.023329465556839103,0.0069152395047021933,0.0060068960761599276,0.0021834208220335269,0.11756737547877089,0.034848914879518834,0.030271375258350941,0.011003212010441025,0.00093377500796836986,0.0081893429063392021,0.12749638231304739
v3.1,c530bf2cab2728a7,2892,b41efbe52539,2,fermi,independent,1,0.3,0.31887420383856696,0.013524022397058921,0.0022284788448195883,0.00070340603470871296,3.745381331015331e-05,0.042411779423542156,0.006988583014848628,0.0022059044797014021,0.00011745639145245707,0.0015250728101108752,0.00074085984801886625,0.13328795595165149
v3.1,c530bf2cab2728a7,2893,447ed1072d05,3,arctan,independent,5,0.7,0.23220923900662732,0.049153388827644078,0.03219204723542321,0.033216891228307052,0.03940697109577336,0.21167714531048967,0.13863379154566904,0.14304724209254668,0.16970457878572467,0.0011361631577185484,0.072424669416852466,0.062539557838881057
v3.1,c530bf2cab2728a7,2894,88baa25cb79e,4,arctan,independent,2,1,0.182966930657782,0.10193408579431532,0.19044621507815573,0.18605932230319674,0.56587848466405621,0.55711753718474388,1.0408777935634874,1.0169013691944075,3.0927910449701153,0.018682400700723786,0.7519122017198463,0.1328282366316853
v3.1,c530bf2cab2728a7,2895,be0ce9e5b6c9,2,arctan,common,1,0.3,0.069445127731385031,0.0093741476264111688,0.003882386635712878,0.0025631991565734352,0.00085194401015952121,0.13498639764434642,0.055905817478369646,0.036909704687821072,0.012267873038622026,0.0064455857922863131,0.0034151431667329567,0.16636615903709931
v3.1,c530bf2cab2728a7,2896,267785c247ef,3,fermi,independent,5,1,0.41395252920336462,0.10265734672254685,0.039044683241530376,0.038689109997718754,0.017109224139126293,0.24799304142459735,0.094321644360212842,0.093462673297767807,0.04133136756538805,0.00036815030447147058,0.055785220551868235,0.13550020998208231
v3.1,c530bf2cab2728a7,2897,5e7c413c8706,4,fermi,common,1,0.7,0.27910670113164432,0.020468432613479928,0.0020288370404275185,0.0031676837388518245,0.00083241640756791019,0.073335511223808728,0.0072690373688684418,0.011349364691024546,0.0029824307485017713,0.0012121996751218115,0.0039884224436906833,0.036758906057128678
v3.1,c530bf2cab2728a7,2898,24d0d9faa5ef,2,arctan,independent,5,0.3,0.053368590504707186,0.0019203332815048606,0.000167499509629174,0.00018920270248310838,2.8794340726536618e-05,0.03598246203139812,0.0031385410040836717,0.0035452070345837676,0.00053953721569612967,0.00035670221211228236,0.00021799704320964498,0.38014774501196552
v3.1,c530bf2cab2728a7,2899,0d3316237b43,3,fermi,common,2,0.7,0.24181004052496663,0.027672449298154964,0.012976653431909147,0.0051505211086384428,0.0011891678925800178,0.11443879351774813,0.05366465926616195,0.02129986454432051,0.0049177771526705376,0.0078556955882395293,0.0063384625705847205,0.1765889427116441
v3.1,c530bf2cab2728a7,2900,ea79d8547659,4,fermi,common,5,0.05,0.041828363602711541,5.6232700523651045e-06,2.187223185189495e-06,1.3869507440882875e-09,3.0919584037903888e-13,0.0001344367689296976,5.2290431582834075e-05,3.315814018596649e-08,7.3920137855690611e-12,2.1859523218353651e-06,1.3872172087932201e-09,0.073458888771877492
v3.1,c530bf2cab2728a7,2901,6a72814d6f55,2,arctan,independent,2,0.05,0.0310139873459792,2.0969504491053541e-06,1.6998624163231837e-05,1.782539431395869e-08,1.2734469418715774e-10,6.7613055545313904e-05,0.00054809541171221311,5.7475338836976915e-07,4.1060406959786584e-09,1.7016449557545796e-05,1.7952739008145848e-08,0.073643512818868356
v3.1,c530bf2cab2728a7,2902,64e89060d9f5,3,arctan,common,10,0.1,0.22723420512130935,0.0013317209212174636,2.6141699067966023e-05,1.7985618551729186e-05,3.4470524063119938e-07,0.0058605654043436036,0.00011504297539188801,7.9150137375346002e-05,1.516960179684119e-06,2.5772194763627108e-05,1.8330193322509147e-05,0.19227981557399129
v3.1,c530bf2cab2728a7,2903,30c3adb9faef,4,arctan,common,5,0.5,0.23584627948136597,0.018204656739761436,0.0034172033650427653,0.0035811062948001124,0.0011220112426733996,0.077188653472906585,0.014489112877071083,0.015184069482355574,0.0047573836871234124,0.00032784274912146398,0.0046997414010812276,0.04226589517574772
v3.1,c530bf2cab2728a7,2904,66a3e8ca41ff,2,arctan,independent,5,0.3,0.36711022605643345,0.040287952141930782,0.009685104809653575,0.0093435689602320762,0.0028220286861968097,0.10974347561687801,0.026382007697504855,0.025451671724327697,0.007687142677858823,0.00034153584942149767,0.012165597646428886,0.18831926873028015
v3.1,c530bf2cab2728a7,2905,58ec368c6f9b,3,fermi,independent,1,0.05,0.073133553478748475,0.00012675749685475923,1.8539965392846342e-05,2.6844570992164522e-07,4.9010531209799429e-10,0.0017332331170205352,0.00025350833524360035,3.6706230882060386e-06,6.701510986204323e-09,1.8805107934654853e-05,2.6893579752599965e-07,0.041591371678011795
v3.1,c530bf2cab2728a7,2906,afdf605fc260,4,fermi,common,1,0.2,0.093590762497720123,0.0019003525749727442,0.00066363843668770166,5.9380452554278832e-05,2.1391768390689296e-06,0.020304916043600317,0.0070908540434625475,0.00063446916094657684,2.2856709166367139e-05,0.00070815749161467069,6.1454541917216828e-05,0.09910728470357251
v3.1,c530bf2cab2728a7,2907,659525d9633d,2,arctan,common,1,0.7,0.38286396363521591,0.10735123115702627,0.063129042667613086,0.063066345500095392,0.047216582059391062,0.28039001147495846,0.16488635302266527,0.16472259468165454,0.12332469635188217,6.2697167517702238e-05,0.11028292755948645,0.40540703058159755
v3.1,c530bf2cab2728a7,2908,6f975024e203,3,fermi,independent,5,0.2,0.22652818107987843,0.001110714201501505,3.9626220464330212e-05,1.3688190473022717e-05,2.3829950735429138e-07,0.0049032054034365141,0.00017492843616820109,6.0425993833394105e-05,1.0519640700697726e-06,2.6654421087617604e-05,1.3926325320240609e-05,0.20935000718862978
v3.1,c530bf2cab2728a7,2909,1bcb8d6647d1,4,fermi,independent,5,0.2,0.12512192163904406,0.0011551051550560811,2.9001188118246233e-05,2.3823763613857468e-05,6.8290667589504333e-07,0.0092318367551000955,0.00023178342962082885,0.00019040439358488327,5.4579298890974158e-06,1.0421814619258351e-05,2.4505430257520652e-05,0.034518205137868588
v3.1,c530bf2cab2728a7,2910,346fee354124,2,arctan,independent,3,0.05,0.11899759973243136,0.00018472739697783305,3.1655079013658159e-05,7.5892168358058501e-07,4.7393204753243204e-09,0.001552362378679877,0.00026601443293675905,6.3776217779773425e-06,3.9827025805400981e-08,3.2414000697238747e-05,7.6366100405590935e-07,0.32699963680237648
v3.1,c530bf2cab2728a7,2911,5c6bfa47e8e1,3,arctan,independent,3,0.1,0.25279671951025856,0.0020165658567398671,0.00012382875398370304,4.1566718963440311e-05,1.2183295904104178e-06,0.0079770254164949102,0.00048983528830435651,0.00016442744606799979,4.819404273800229e-06,8.3123444084138423e-05,4.2784121121735799e-05,0.2486929867996451
v3.1,c530bf2cab2728a7,2912,441a565ae981,4,fermi,common,3,0.05,0.17370369137594907,0.00010455649259740371,1.5086796295413359e-05,9.3782676381522767e-08,9.7063365219575917e-11,0.00060192441374841475,8.6853630892396041e-05,5.399003074640927e-07,5.5878700360777281e-10,1.5019464624436362e-05,9.3879429378815194e-08,0.045790560347029483
v3.1,c530bf2cab2728a7,2913,7eb09e99328d,2,fermi,independent,1,0.7,0.36958356763774586,0.074876183826230652,0.021290832750536896,0.020306934141023233,0.0056560896047922159,0.20259608484439418,0.057607628192510703,0.054945446494870813,0.015303953151770362,0.00098389860951365871,0.025963023745815453,0.48737429972046536
v3.1,c530bf2cab2728a7,2914,fc24990a9979,3,fermi,common,1,0.7,0.28389149455217366,0.033725806400383085,0.0047157989760904569,0.0053048929547023574,0.00088087234852710203,0.1187982276594234,0.016611272498774303,0.018686339874572827,0.0031028486778606713,0.0044275655496244905,0.0061823775849646299,0.14984245174204344
v3.1,c530bf2cab2728a7,2915,1ebe281d8a44,4,fermi,independent,5,0.05,0.40909996502881857,0.00023270798124554691,6.9555186630673379e-08,2.1256371707105193e-07,2.4068495264801061e-10,0.00056882913991242721,1.7002002585302994e-07,5.1958869528643969e-07,5.8832797170015852e-10,2.185986547886426e-07,2.1280440199881411e-07,0.0096002105197484297
v3.1,c530bf2cab2728a7,2916,60bc3e1edb5a,2,fermi,independent,5,0.05,0.048206003559249373,5.3077470611443221e-06,3.2886912535941969e-06,6.7483925135050903e-10,1.0141815975310509e-13,0.0001101055194218836,6.82216116412162e-05,1.3999070686726247e-08,2.1038491529058896e-12,3.2880164143428465e-06,6.7473783319075599e-10,0.26162630201803833
v3.1,c530bf2cab2728a7,2917,b7ad8de2a71c,3,fermi,independent,3,0.5,0.10985594436435631,0.0060109477599321033,0.0015594705191570178,0.00062310926281547191,9.0415124794704878e-05,0.054716636361485833,0.014195595224094229,0.0056720577700267354,0.00082303352192601817,0.0021717592249056485,0.00071350581339565131,0.21469605987673906
v3.1,c530bf2cab2728a7,2918,093f60c8b392,4,arctan,independent,2,0.5,0.33788402157846054,0.081985415804446571,0.063283763533798734,0.057171969736125913,0.061456717113610365,0.24264366045320263,0.18729433619903663,0.16920589931728963,0.18188701799661577,0.0062521695893007359,0.11862778423582997,0.042850812972194216
v3.1,c530bf2cab2728a7,2919,ac68b60073cb,2,fermi,common,1,1,0.31486179840834794,0.073900086343570232,0.025813311722946573,0.03101669454121125,0.013604232651614413,0.23470642268176448,0.081982990167225642,0.098508916286457013,0.043206996594648564,0.005203382818264676,0.044620927192825663,0.40028632503279965
v3.1,c530bf2cab2728a7,2920,d268cec6767a,3,arctan,independent,1,0.05,0.33084705044286433,0.001049982612260918,0.00031766505950159274,6.6915540790794419e-06,5.7117898224877642e-08,0.0031736193835049616,0.00096015684309826404,2.0225521340215305e-05,1.7264140075730136e-07,0.00031097749104685865,6.7486716371176027e-06,0.03515957971017155
v3.1,c530bf2cab2728a7,2921,af6742bf147e,4,arctan,independent,1,0.3,0.2676474916035988,0.033333009004718965,0.01242126621666307,0.0113231098490209,0.0057535944365382152,0.12454071138498489,0.046409051481265791,0.042306056302560353,0.021496911486320287,0.0014115001329694282,0.017070162584449391,0.11585971276475573
v3.1,c530bf2cab2728a7,2922,60f219fe8c81,2,fermi,independent,2,0.5,0.46626728523966443,0.032436987809529624,0.0038606033422874547,0.0038686699062199033,0.00056844977524530356,0.069567367980485267,0.0082798074505765068,0.0082971077506142892,0.0012191500309808711,8.066563932448941e-06,0.004437119681465207,0.48155659993950517
v3.1,c530bf2cab2728a7,2923,f0b698f039da,3,fermi,independent,3,1,0.24699804748828411,0.037245128081086661,0.012029600101299694,0.012762360752117447,0.0064810445851324512,0.15079118422121662,0.048703219412575702,0.051669885174791944,0.026239254322202154,0.0012942111373451313,0.019216530287496456,0.12188510333547659
v3.1,c530bf2cab2728a7,2924,5e1b39684ed4,4,fermi,common,5,0.05,0.31029383229492058,0.00020013245276308774,3.8369024282186501e-06,2.4603360650897515e-07,4.2026784609398984e-10,0.00064497721815131236,1.2365384125881832e-05,7.9290524303793143e-07,1.3544189486001251e-09,3.6145379174392591e-06,2.4645098846552557e-07,0.12653706107769691
v3.1,c530bf2cab2728a7,2925,bd3c693cd386,2,fermi,common,1,0.3,0.19422880703859924,0.0090537452133802789,0.0023008520446690097,0.00044933487569281759,2.2569898958009798e-05,0.046613812602890679,0.011846090596704122,0.00231343065193991,0.00011620263390447775,0.0027501869203618275,0.00047190477465082736,0.31866585980410272
v3.1,c530bf2cab2728a7,2926,742e2500a942,3,arctan,independent,5,0.2,0.19892895485598411,0.0028227282477315272,0.00016856870112541873,0.00010408572281395275,6.1440305332702675e-06,0.014189629909708516,0.0008473814244258968,0.00052323063220890227,3.0885551767555799e-05,0.00018715331710495621,0.00011016307017541136,0.15146230776664482
v3.1,c530bf2cab2728a7,2927,bfef83fca8b3,4,arctan,common,3,1,0.1294657036135585,0.074503421266039552,0.17023639885534769,0.1607482694508606,0.61010275317158535,0.57546839963442697,1.3149150246267955,1.2416282070398912,4.7124662064377905,0.011649076576088713,0.77068229960352341,0.12558520006129156
v3.1,c530bf2cab2728a7,2928,804565bd84b4,2,arctan,independent,3,0.1,0.31818804230129832,0.0026500174344638791,0.00012877348814085653,5.6642311061033428e-05,1.7353155866871759e-06,0.0083284633052128562,0.00040470876029627303,0.00017801520965831188,5.4537423032508952e-06,7.2131177079823099e-05,5.8377626647720599e-05,0.42658197181569729
v3.1,c530bf2cab2728a7,2929,da0d2f1cb613,3,fermi,independent,10,0.2,0.27227916859987406,0.0010449947558641773,3.3416996746647913e-06,6.8476746490070756e-06,5.9181226318506833e-08,0.0038379533815891807,1.2273064046172267e-05,2.514946216495184e-05,2.1735495455943672e-07,8.3868939377407791e-06,6.9065559568021995e-06,0.12954394985164139
v3.1,c530bf2cab2728a7,2930,115246ca0ad1,4,fermi,common,3,0.7,0.2061608204731788,0.018574414941085578,0.0033233841012497152,0.0030244948620793861,0.00093870282091246683,0.090096725936837652,0.016120347666554239,0.014670560852142458,0.0045532551663209483,0.0019782931404697893,0.0039000080473790256,0.13164324148912954
v3.1,c530bf2cab2728a7,2931,358e54300d8e,2,fermi,independent,10,0.2,0.37649222908545188,0.0020781925751815196,1.1853643900577805e-05,1.7022790948719732e-05,1.6628546814411396e-07,0.0055198817256592973,3.1484431775316671e-05,4.5214189387308961e-05,4.4167038599453376e-07,5.1691470481419269e-06,1.7189076416863849e-05,0.35927447213809105
v3.1,c530bf2cab2728a7,2932,1516fc330c5b,3,fermi,independent,1,0.1,0.35342062736158736,0.0022438462933457386,0.0003352260335923342,2.3079381984763496e-05,2.5594323833863948e-07,0.0063489398173979311,0.00094851858561543969,6.5302871983051526e-05,7.2418873864083199e-07,0.00035807791346336603,2.3335309006801293e-05,0.30675116961346094
v3.1,c530bf2cab2728a7,2933,6c2a0216acda,4,arctan,independent,2,0.05,0.17952326375230376,0.00052181295226490958,4.8791254169249152e-05,4.3322208609536613e-06,5.6392778635759448e-08,0.0029066592337853112,0.00027178234814496585,2.4131807601999811e-05,3.1412518610160227e-07,5.2051080409326197e-05,4.3882673017727099e-06,0.15183896550044695
v3.1,c530bf2cab2728a7,2934,011d9382ff08,2,arctan,independent,2,0.5,0.3722832436263207,0.098396526100298934,0.072049990900648148,0.064925914607590451,0.057698774319108491,0.26430554634111991,0.19353541190526513,0.17439923960896783,0.15498622435186374,0.007124076293057684,0.12262468892669895,0.29905715002904038
v3.1,c530bf2cab2728a7,2935,90b082b66d08,3,arctan,common,2,1,0.1423017190126511,0.13484951175916227,0.39694454505919147,0.36991374147096484,1.4700967626948063,0.94763094005332216,2.7894571324461777,2.5995029718374538,10.330843315842936,0.028301993152609912,1.8382101849006092,0.12585923109103161
v3.1,c530bf2cab2728a7,2936,51d1f76b9775,4,fermi,independent,10,1,0.14321641886728453,0.0073751371717105888,0.00069536073889080055,0.00069241877514213536,8.6335965884468875e-05,0.051496450128004974,0.004855314386370573,0.0048347723020765124,0.0006028356704301795,7.9083073763308167e-05,0.00077873662469258751,0.015031340596017599
v3.1,c530bf2cab2728a7,2937,b982feee37dc,2,fermi,common,3,0.5,0.44849367291997033,0.028200431587040393,0.0032363582532839922,0.0028066121296613906,0.00032327615764922473,0.062878103504645219,0.0072160622294029355,0.0062578633749471096,0.00072080427700238806,0.0004297461236226019,0.0031298882873106153,0.39440284646755108
v3.1,c530bf2cab2728a7,2938,a282de7f0e40,3,arctan,common,3,0.5,0.26928054099358878,0.072843304973237072,0.047143796962086419,0.046746104586477905,0.041931931920572596,0.2705108386386203,0.17507316640161108,0.173596296316082,0.15571838858408615,0.0019733090535307913,0.088676002456692951,0.18414972491714768
v3.1,c530bf2cab2728a7,2939,9cd6bce47874,4,arctan,independent,1,0.05,0.23280284396935969,0.00057125972701957926,6.5218850080460178e-05,4.8128756578419188e-06,7.1033468856288928e-08,0.002453834829847549,0.00028014627728965353,2.0673611953277362e-05,3.0512285694258097e-07,6.4196202407052063e-05,4.8817111792635088e-06,0.072590188953993676
v3.1,c530bf2cab2728a7,2940,9caa68b29648,2,fermi,independent,1,0.1,0.32460436080978916,0.0012143858170399115,0.00010544206728777054,5.9755995417535992e-06,3.2769646366714326e-08,0.0037411260095532549,0.00032483256547978794,1.8408870191534997e-05,1.009525758833431e-07,9.946646774601694e-05,6.008369188120313e-06,0.15321977132996817
v3.1,c530bf2cab2728a7,2941,66eec2341b56,3,fermi,common,2,0.2,0.12657969601849006,0.0010318152992345032,9.3610951041965198e-05,1.4031894183309115e-05,1.8478999060491781e-07,0.0081515071665504823,0.00073954160095542521,0.00011085422563551909,1.4598707092638674e-06,7.9922720827712106e-05,1.4216681297509838e-05,0.14662870826559116
v3.1,c530bf2cab2728a7,2942,4f20d9699a3d,4,fermi,independent,3,0.3,0.40734649376663457,0.014023472075334942,0.00079666965352080926,0.00082760552636197649,6.1538630250785621e-05,0.034426396912523499,0.0019557542920136555,0.0020316991529970179,0.00015107195272936506,8.492352456259742e-05,0.00088911788480834847,0.072479026117467621
v3.1,c530bf2cab2728a7,2943,a74ba3acf84b,2,fermi,common,3,1,0.016032243846748527,0.0016889218155474474,0.0041213650812169222,0.00053602069718161323,0.00098034483811031592,0.10534531732998652,0.25706726523204482,0.033433916194477213,0.061148323808032527,0.0046573857783985349,0.0015163655352919293,0.45418845425111398
v3.1,c530bf2cab2728a7,2944,88d5b503c008,3,fermi,independent,5,0.2,0.15991979907844589,0.00077047547340894482,9.2782788086579645e-05,6.3179753326730746e-06,6.5125764010423946e-08,0.0048178867022650607,0.00058018324573473644,3.9507149015200434e-05,4.0724015653920145e-07,8.8479880253835484e-05,6.3830032027371924e-06,0.18001394650523406
v3.1,c530bf2cab2728a7,2945,6e7b0944b473,4,arctan,common,10,0.5,0.25266091255839307,0.036056254983501061,0.013479177804034084,0.013424866638010471,0.007314773467722923,0.14270610605496017,0.053348884350755597,0.053133927611014299,0.028950950084265164,0.00024978604967098423,0.020717267988739227,0.10091189668572377
v3.1,c530bf2cab2728a7,2946,777cd09ceb46,2,arctan,independent,5,0.3,0.46474239725501904,0.034099836508351578,0.0058477299721998426,0.0058020583927797399,0.0013953134235400631,0.073373629584390823,0.012582734019403454,0.012484461127388739,0.0030023372771269025,4.5671579420102898e-05,0.0071973718163198036,0.43035349330673295
v3.1,c530bf2cab2728a7,2947,0fadca52d29a,3,fermi,independent,2,0.7,0.080396689690726678,0.010035876025318514,0.00020542868581850682,0.0022592485439429199,0.00064833731565498817,0.12482946827692705,0.0025551883617193497,0.028101263281285472,0.008064228989390472,0.0020664165808331352,0.0029075703068668756,0.22444679802859199
v3.1,c530bf2cab2728a7,2948,a10ef802e787,4,arctan,common,5,0.1,0.19467562851132922,0.00078910890433700931,7.0424460681397721e-05,1.0507150137817163e-05,2.5983568965963957e-07,0.004053455023472991,0.0003617528358322436,5.3972601594583758e-05,1.3347109324705138e-06,7.7574808933175801e-05,1.0763557228795875e-05,0.097370512157241407
v3.1,c530bf2cab2728a7,2949,8a9c53e27749,2,fermi,common,10,0.3,0.085008348943118886,0.00026352882378922294,1.2404975171657755e-05,1.6608937049069284e-06,1.4911343587017457e-08,0.0031000346091365257,0.00014592655104921776,1.9538006861164565e-05,1.754103423064362e-07,1.4065868876564683e-05,1.675805048493946e-06,0.16289190740979345
v3.1,c530bf2cab2728a7,2950,a86f6fd779e3,3,arctan,independent,10,1,0.11031830736744473,0.033303512272791026,0.031821001049458064,0.03182095415979283,0.04375704788585618,0.30188563500947074,0.28844714724882137,0.28844672220907636,0.39664357557727559,0.00065025780129703632,0.075577953820848309,0.087153244996917817
v3.1,c530bf2cab2728a7,2951,fc1a0bd1f36f,4,arctan,independent,1,0.3,0.13782438876255204,0.026433303481539275,0.0059734188927135275,0.01403117879976618,0.0098031012336868128,0.1917897385134017,0.043340797273584947,0.10180475985233291,0.071127478392636931,0.018035798559295147,0.02380735898192643,0.18408180097992308
v3.1,c530bf2cab2728a7,2952,4293991dfbef,2,fermi,common,5,0.5,0.1306677242595275,0.0021210661933258297,7.0236366642826108e-05,7.1153523913342249e-05,3.3648890655217522e-06,0.016232518055591488,0.00053751886352076646,0.00054453786745393756,2.5751493604025212e-05,0.00014138989055616834,7.4518412978864004e-05,0.19207260263575954
v3.1,c530bf2cab2728a7,2953,46880109377c,3,arctan,independent,2,0.5,0.32873785637142955,0.070502950939908576,0.040575711987994013,0.039504639073324091,0.031811443004885795,0.21446556754403645,0.1234287782851176,0.12017064146299343,0.096768420150988466,0.0023240015894080424,0.071306582483336475,0.22694038422181817
v3.1,c530bf2cab2728a7,2954,61b277c4fb27,4,fermi,common,5,0.1,0.11454999767650477,0.00013933272686443508,1.276209207527849e-05,3.9742448580163837e-07,1.7695758676737373e-09,0.0012163485787046286,0.00011141067074762683,3.4694412384362161e-06,1.5448065504733686e-08,1.3106958332962543e-05,3.990485981773108e-07,0.052943951235106208
v3.1,c530bf2cab2728a7,2955,1d3100a5e66b,2,fermi,independent,10,0.5,0.28338543181074066,0.0084138712085529924,0.00048367570073443839,0.00040057375461812541,2.321009070768405e-05,0.029690556620328344,0.0017067768714993856,0.001413529806590937,8.1902907144446789e-05,8.310194611631301e-05,0.00042378384532580946,0.30043474946382082
v3.1,c530bf2cab2728a7,2956,e6beb2b6a087,3,arctan,independent,5,1,0.11557629695943954,0.077516619838149795,0.1878537016896458,0.18708225667855538,0.63430017180567455,0.67069651717041567,1.6253652922932058,1.6186905239247302,5.4881510179226156,0.00089419072305355095,0.82127523232829225,0.066784335091574082
v3.1,c530bf2cab2728a7,2957,3612b2b530ed,4,fermi,independent,10,0.2,0.12968714690355343,0.00018642893817398412,8.2335268523595541e-06,5.3388877932112453e-07,2.6439250285621797e-09,0.0014375282564634473,6.3487608825897883e-05,4.116743964752115e-06,2.0386947293461786e-08,8.4976086343518985e-06,5.3643387150252708e-07,0.091280076816439307
v3.1,c530bf2cab2728a7,2958,485836a22850,2,arctan,independent,1,1,0.21518817236074533,0.15204689368792282,0.37300881871462438,0.42683064570288592,1.8239099380532493,0.70657644432719413,1.7334076246965175,1.9835227978391829,8.4758837720672382,0.053821826988261628,2.2507405837561354,0.34323276856268992
v3.1,c530bf2cab2728a7,2959,1f12984a6e77,3,fermi,common,10,0.7,0.2291200212318274,0.0081224635716071695,0.00041809074845700062,0.00048094285136477126,3.5646300725376422e-05,0.035450693169187197,0.0018247674132064152,0.0020990869710078518,0.00015557916123492722,7.8727231652202907e-05,0.00051658224472648216,0.082480022098659886
v3.1,c530bf2cab2728a7,2960,4afe8b0b7497,4,arctan,independent,10,0.3,0.081985148473192132,0.0019940545727730281,1.6272722712647702e-05,0.0001500894702812827,1.9376867516326155e-05,0.024322143826147401,0.00019848378658445228,0.0018306909614289424,0.00023634606849144257,0.00013411607147058568,0.00016945344556573122,0.12701833235572269
v3.1,c530bf2cab2728a7,2961,3b8c5a5e50ca,2,fermi,independent,1,0.5,0.39451748514655371,0.037271161076635889,0.0082355780169930393,0.0050252834776266268,0.00077629087238143977,0.09447277365359498,0.020875064672821082,0.012737796591600637,0.0019676970010418333,0.003210294539366412,0.0058015743500080671,0.25002129573075677
v3.1,c530bf2cab2728a7,2962,9cced62608f7,3,arctan,independent,10,0.3,0.18888474992759241,0.0062550383603256661,0.00070712455059234076,0.00065809425622608887,0.00012118210540042461,0.03311563460111782,0.0037436825940866682,0.0034841047595338664,0.00064156638080564417,5.4564017172757507e-05,0.00077828806944560142,0.07016421120332092
v3.1,c530bf2cab2728a7,2963,41d5dccf0a4a,4,fermi,common,1,0.7,0.08145155596568418,0.015884304235080034,0.0080477490721458881,0.0045910718126001273,0.0014923281804714839,0.19501535663446559,0.098804117082016613,0.056365673536480525,0.01832166571624742,0.012261318636064151,0.0060725861920551318,0.028916978734264725
v3.1,c530bf2cab2728a7,2964,9949ab934586,2,fermi,independent,1,0.05,0.4126002636913883,0.00046822191426822385,8.246129139280818e-05,6.7113117615905217e-07,9.9381270955992335e-10,0.0011348075982288725,0.00019985758286981262,1.6265893049962678e-06,2.4086574755639596e-09,8.1790160216649126e-05,6.7212498886861207e-07,0.25735799026304312
v3.1,c530bf2cab2728a7,2965,74f350dd6e25,3,fermi,common,10,0.7,0.1809363796134611,0.022516419432318999,0.0052371243557225496,0.0052275211251594286,0.0013718330449292357,0.12444384860812065,0.028944562541323913,0.028891487363277148,0.0075818530682437487,9.6070511741412656e-06,0.0065937196227400336,0.067749339073657336
v3.1,c530bf2cab2728a7,2966,03784700f976,4,arctan,independent,10,0.2,0.25887929894312328,0.0040700649421311292,0.0001977383295811567,0.00015710070195784878,8.8651120619787242e-06,0.015721863272757614,0.00076382441697124851,0.00060684922509916242,3.4244190625401924e-05,4.1154700246398206e-05,0.00016596270064705537,0.050355417388922727
v3.1,c530bf2cab2728a7,2967,9eafd49e21c0,2,fermi,common,1,0.2,0.27273392172476812,0.003786941015614935,0.00020639345935624149,6.5155539649544393e-05,1.1368259007433419e-06,0.013885111876316435,0.00075675756814924287,0.00023889782113461005,4.1682600153074466e-06,0.00014123791970669712,6.6292365550287734e-05,0.11674650868610607
v3.1,c530bf2cab2728a7,2968,763896a72f6b,3,arctan,common,2,1,0.25983937660334366,0.10155044396839212,0.143350950972227,0.14212184062336541,0.57583572397986382,0.39082007236883648,0.55169063613887348,0.54696036636633683,2.2161218653895656,0.0026192169716234841,0.71252700475722364,0.028077525603688768
v3.1,c530bf2cab2728a7,2969,b368c5a9c37f,4,arctan,independent,3,1,0.13527639264209143,0.055096515295610195,0.075886978126576424,0.072966047049823776,0.16516825053179557,0.40728847228638204,0.56097724550768435,0.53938492611104927,1.220968768503391,0.0036574700255829189,0.23813233807302997,0.071301715863902368
v3.1,c530bf2cab2728a7,2970,ac3db0ef9b25,2,fermi,independent,2,0.1,0.017129030162304389,6.7081697815431459e-05,4.9976389157917172e-05,1.9941370611450091e-07,8.1334611308321712e-10,0.0039162577904181166,0.0029176426618653223,1.164185620697591e-05,4.7483488871024129e-08,5.0175802864031672e-05,2.0022705222758416e-07,0.15962870076433544
v3.1,c530bf2cab2728a7,2971,b2f65d9c11c1,3,fermi,independent,10,0.3,0.14214306602395282,0.0012133729882996512,4.5650558082651637e-05,2.0318393319335784e-05,4.5266959863301325e-07,0.0085362798358041836,0.00032115923315569235,0.00014294326053099129,3.1846055618128638e-06,2.5927854573352655e-05,2.0770470907962377e-05,0.25989324466628011
v3.1,c530bf2cab2728a7,2972,668f0e5682e4,4,arctan,independent,3,0.7,0.17209426830894656,0.043630509784763592,0.043040502929877406,0.039023430634998385,0.065149376202495196,0.25352680373083292,0.25009841032363939,0.22675613208072021,0.37856796070359489,0.0052792002086960287,0.10391601122274974,0.14964648995823029
v3.1,c530bf2cab2728a7,2973,b0f73e58c708,2,fermi,common,5,0.7,0.20402603285496723,0.0086039560565737624,0.00046805065947471905,0.00055349294854032847,4.3856944318757164e-05,0.04217087366831232,0.0022940732264663246,0.0027128545352532599,0.00021495758999506235,8.544228906560938e-05,0.00059734989285908555,0.20166968472874244
v3.1,c530bf2cab2728a7,2974,cd0ef41479e6,3,arctan,independent,3,0.05,0.26005349349857521,0.00077137999948374077,1.4105839095075359e-05,4.6746325655309477e-06,3.6403647996842744e-08,0.0029662358659602742,5.4242067296637345e-05,1.7975657633519001e-05,1.3998522960447056e-07,9.5472803463019017e-06,4.711033274878438e-06,0.053104428121573975
v3.1,c530bf2cab2728a7,2975,c188f9752a30,4,arctan,common,1,0.2,0.1640608217940554,0.005478604394970445,0.00096158496517538983,0.00059950158085381189,0.00011866952299860525,0.033393739803691251,0.0058611492656209041,0.0036541422522335209,0.00072332639627741479,0.00052016266512494743,0.0007161055325073483,0.060705968278240846
v3.1,c530bf2cab2728a7,2976,99b24bd8345a,2,fermi,independent,2,0.2,0.0087757701595769701,0.00037845028202761015,0.00030768394049672954,7.7279546842223918e-06,1.4722804562559162e-07,0.043124452343890132,0.035060619740702188,0.00088060130834088663,1.6776652413226904e-05,0.00031541189518095191,7.8751827298479832e-06,0.3193418825287373
v3.1,c530bf2cab2728a7,2977,afa1a52a1615,3,arctan,independent,1,0.7,0.12566279495290494,0.072795665231137424,0.14013458561681419,0.14678219929529027,0.3927089380072023,0.5792936983330611,1.1151636860323924,1.1680640984493487,3.1251010941972055,0.02921635625076123,0.53947588336272434,0.22422584180094213
v3.1,c530bf2cab2728a7,2978,02c97272670b,4,fermi,common,5,0.5,0.2111398430572487,0.0063062330152501471,0.00056344010263345362,0.0004135624288999554,4.1308104043237193e-05,0.029867565135682457,0.0026685636139299478,0.0019587133480430865,0.00019564333971791798,0.00017094545174776871,0.00045446588210727891,0.13603194648012693
v3.1,c530bf2cab2728a7,2979,690fcde255e9,2,fermi,independent,5,0.05,0.47588080157208135,0.00032800503177913203,2.5303013265723805e-06,3.1786666243157376e-07,3.4460169470247278e-10,0.00068925880324560501,5.3170905785933819e-06,6.6795437298898198e-07,7.241344756167395e-10,2.2124346641408067e-06,3.1821126412627622e-07,0.2847690567405049
v3.1,c530bf2cab2728a7,2980,ead620dccead,3,fermi,common,3,0.3,0.22331489384447198,0.0059191539644016314,9.8777896711217845e-05,0.00036265682512755482,3.1740244286368346e-05,0.026505862920742026,0.00044232561031066684,0.0016239706133533921,0.00014213223193466841,0.00037566418620025248,0.00039431328320207955,0.2789368153108161
v3.1,c530bf2cab2728a7,2981,fa9f875fbdd6,4,fermi,common,3,0.1,0.2224191793483605,0.00052058353647887806,5.8620845060844324e-05,2.9451229478770987e-06,2.5654588905344616e-08,0.0023405514668477503,0.00026356020749914897,1.3241317392257557e-05,1.153434203853595e-07,6.1493123157803348e-05,2.9707043130073837e-06,0.13558260339694289
v3.1,c530bf2cab2728a7,2982,8a313b726450,2,fermi,independent,10,0.3,0.45950567775957052,0.0076854801993980334,0.00017822256922510573,0.00017916608272436376,4.7637904623825653e-06,0.016725539142128612,0.00038785716445131289,0.00038991048728261794,1.0367206963817208e-05,9.4351349925802995e-07,0.00018392987318674632,0.38130281490904561
v3.1,c530bf2cab2728a7,2983,a6e28f084000,3,fermi,common,3,0.3,0.10300638536930673,0.00088812447138731634,0.00022657593272954219,1.1403761808803891e-05,1.8932919132895445e-07,0.0086220331701101979,0.0021996299735905114,0.00011070927076916847,1.8380335418057463e-06,0.00022544704780308149,1.1590430108620222e-05,0.080930242730257493
v3.1,c530bf2cab2728a7,2984,d067d987a3f3,4,fermi,common,5,0.5,0.24720987413981058,0.0091405600229147871,0.0011155322518361219,0.00051876692389549628,3.3292326532074917e-05,0.036974898574420635,0.004512490675049767,0.0020984878767508512,0.00013467231698538994,0.00059829485050958938,0.00055205868583515572,0.063777164949640419
v3.1,c530bf2cab2728a7,2985,c530e2a44b90,2,arctan,common,2,1,0.18170233275550446,0.13353206227587805,0.25816451419329495,0.25454118667499631,0.66220583789439358,0.73489459519243761,1.4208101254301269,1.4008691182710491,3.6444542447644102,0.0036233275182986327,0.91674702456938983,0.14176164532076296
v3.1,c530bf2cab2728a7,2986,ad6f31a03b80,3,arctan,common,2,0.1,0.22296949866369786,0.0024229270790088581,0.00058513738848355685,7.0054033765929767e-05,2.6627556111875951e-06,0.010866630160313223,0.0026242934212545024,0.00031418662277028032,1.194224154938697e-05,0.00053600715717949513,7.2715153911067211e-05,0.089861924314920058
v3.1,c530bf2cab2728a7,2987,75e199cb3c54,4,fermi,independent,1,0.05,0.15120829937743721,0.00011999630101412679,4.7852530579205858e-05,1.8342071378730662e-07,4.1557419666412756e-10,0.00079358276965075256,0.00031646761967581686,1.2130333754330686e-06,2.748355734276171e-09,4.7951262997694087e-05,1.8380806221418998e-07,0.1636182450041212
v3.1,c530bf2cab2728a7,2988,18e2703b27ed,2,arctan,common,2,0.1,0.39766748117761413,0.003674753478998689,7.7944226109745251e-05,6.5332726784658732e-05,1.4396756298200524e-06,0.0092407693687113369,0.00019600352002363566,0.00016428983982091946,3.6203001199814876e-06,1.2611499325086527e-05,6.6772402414478778e-05,0.22733588373203123
v3.1,c530bf2cab2728a7,2989,5d6967c0a9e2,3,arctan,common,2,0.7,0.044627346035709781,0.0013006210776594872,0.0018071091179870003,0.00049218245188925103,0.0004895276072626177,0.029144038200675432,0.040493313596129892,0.011028718837445944,0.010969229648361991,0.002239595691577531,0.00098136327399623332,0.068484321308399584
v3.1,c530bf2cab2728a7,2990,7e58e7f977f5,4,arctan,common,2,0.2,0.11960434617061549,0.0041262911956654064,0.0015433652175434224,0.00029143025051068578,2.6252446462080751e-05,0.034499508820350522,0.012903922532562598,0.0024366192353491968,0.00021949408447609136,0.0012563843629310137,0.00031762175183341364,0.029473201570120025
v3.1,c530bf2cab2728a7,2991,a7ac6ed28a60,2,arctan,independent,2,0.7,0.16190394714110565,0.045698812032009123,0.047189267671848868,0.032507517903037519,0.030771079980044049,0.28225878886189731,0.29146459061138003,0.2007827386364209,0.19005762690409175,0.014681749768811342,0.063278597883081572,0.20883325790798288
v3.1,c530bf2cab2728a7,2992,f8ba4232ddf1,3,fermi,common,5,0.05,0.32332745350025976,0.00026109535594755852,3.6039528631773009e-06,4.4895746079754035e-07,1.0416015916078009e-09,0.00080752609505010302,1.114644866732421e-05,1.3885534801862398e-06,3.2215068047321384e-09,3.2596392949618708e-06,4.4999898345371187e-07,0.12149703947100143
v3.1,c530bf2cab2728a7,2993,125ce34f9c4d,4,fermi,independent,1,0.1,0.1962108741533389,0.0011539009188595727,0.00010263280751171982,1.2128543940653014e-05,1.5997479126512066e-07,0.0058809223690517703,0.00052307400369416954,6.1813821445872314e-05,8.153207204005435e-07,9.4711478059259546e-05,1.228830268036165e-05,0.0782138803233976
v3.1,c530bf2cab2728a7,2994,7144d110c472,2,fermi,common,2,0.3,0.29869401085913372,0.012092279431160868,0.0018572947372321909,0.00062817089426032762,3.3114309157600346e-05,0.040483836272377338,0.0062180514831551301,0.0021030582181862951,0.00011086365294822499,0.001229123842971863,0.00066128520341792796,0.13124225826005537
v3.1,c530bf2cab2728a7,2995,96ce76902beb,3,fermi,independent,10,1,0.21291612643478874,0.015311620543211196,0.001849853893180053,0.0021711624089649929,0.00043833738993618687,0.071913860164560098,0.0086881812296478178,0.010197266150387014,0.0020587326910178382,0.00033150124879953853,0.0026087569825096945,0.20911119270598655
v3.1,c530bf2cab2728a7,2996,d63b4abee90f,4,arctan,common,3,0.2,0.25907136755402577,0.0069880964550780135,0.00061953478483834366,0.00043349715950704356,3.6272565153008641e-05,0.026973634798221159,0.0023913672540797014,0.0016732731355063532,0.00014000993431064705,0.00023452830389970153,0.00046973085502722471,0.18528931997114459
v3.1,c530bf2cab2728a7,2997,9d9156d5c945,2,fermi,common,1,0.2,0.019860634264472325,0.003901529625301194,0.0032702094277746408,0.00010811419791846637,2.6670123021452475e-06,0.19644536893166809,0.16465785453914489,0.0054436427597816623,0.00013428636098073311,0.0033783236256931071,0.00011078121022061162,0.32283524983702799
v3.1,c530bf2cab2728a7,2998,174a20957c7c,3,arctan,independent,2,0.3,0.27474033371415907,0.032521990707505583,0.0087557542455357022,0.011796808347294914,0.006690443312564698,0.11837355756196173,0.031869198552569367,0.042938028748150101,0.024351878816327936,0.0031258776837244477,0.018480773541158024,0.29391108959168094
v3.1,c530bf2cab2728a7,2999,3cb843bfd23f,4,arctan,independent,2,0.05,0.17306866211969105,0.00032479663219015507,2.8473927798726271e-05,1.6130000606692427e-06,1.2296866152062208e-08,0.0018766923382439497,0.00016452388000222845,9.3200007494928349e-06,7.1051951297560306e-08,2.7690310282177533e-05,1.6252742969940515e-06,0.05131746667414492
