schema_version,config_hash,population,replacement,time,strategy,mean_share,se_share,exact_share
v3.1,c530bf2cab2728a7,100,1,0,0,0.52000000000000102,1.0042345108077675e-16,0.52000000000000002
v3.1,c530bf2cab2728a7,100,1,0,1,0.39999999999999925,7.8107128618381923e-17,0.40000000000000002
v3.1,c530bf2cab2728a7,100,1,0,2,0.080000000000000057,5.5790806155987088e-18,0.080000000000000002
v3.1,c530bf2cab2728a7,100,1,0.05,0,0.52310000000000012,0.002321158714473825,0.5209167443020436
v3.1,c530bf2cab2728a7,100,1,0.05,1,0.39560000000000001,0.0024217866349145016,0.39857794509123373
v3.1,c530bf2cab2728a7,100,1,0.05,2,0.081300000000000011,0.0013828312341794358,0.080505310606722683
v3.1,c530bf2cab2728a7,100,1,0.1,0,0.5253000000000001,0.0032081178597458369,0.52187150132657234
v3.1,c530bf2cab2728a7,100,1,0.1,1,0.39280000000000009,0.0034262209355191754,0.39713814214884552
v3.1,c530bf2cab2728a7,100,1,0.1,2,0.081900000000000001,0.0018624139868960014,0.080990356524582169
v3.1,c530bf2cab2728a7,100,1,0.15,0,0.52370000000000028,0.0043777559862042889,0.52286360195287329
v3.1,c530bf2cab2728a7,100,1,0.15,1,0.3919999999999999,0.0043716256828680005,0.39568209940586663
v3.1,c530bf2cab2728a7,100,1,0.15,2,0.084299999999999986,0.0022797084697545674,0.081454298641259984
v3.1,c530bf2cab2728a7,100,1,0.2,0,0.52370000000000005,0.0049922262801603114,0.52389232590154178
v3.1,c530bf2cab2728a7,100,1,0.2,1,0.38980000000000004,0.0051068976923768546,0.39421134732508634
v3.1,c530bf2cab2728a7,100,1,0.2,2,0.086499999999999966,0.0026376259604179507,0.081896326773371803
v3.1,c530bf2cab2728a7,100,1,0.25,0,0.5230999999999999,0.0054042538426650162,0.52495690199387635
v3.1,c530bf2cab2728a7,100,1,0.25,1,0.38930000000000009,0.0056376350797944794,0.3927274355255051
v3.1,c530bf2cab2728a7,100,1,0.25,2,0.087600000000000011,0.0029477606635025396,0.082315662480618432
v3.1,c530bf2cab2728a7,100,1,0.3,0,0.52579999999999993,0.0057685668615665396,0.52605650854199448
v3.1,c530bf2cab2728a7,100,1,0.3,1,0.38659999999999994,0.0059292461237462225,0.39123192965710696
v3.1,c530bf2cab2728a7,100,1,0.3,2,0.087599999999999956,0.0032415235225854446,0.082711561800898628
v3.1,c530bf2cab2728a7,100,1,0.35,0,0.5270999999999999,0.0062479006575219048,0.52719027387228712
v3.1,c530bf2cab2728a7,100,1,0.35,1,0.3853999999999998,0.0062205589407507023,0.38972640823764043
v3.1,c530bf2cab2728a7,100,1,0.35,2,0.087499999999999981,0.0033945142911361061,0.083083317890072506
v3.1,c530bf2cab2728a7,100,1,0.4,0,0.52990000000000004,0.0066659014712372108,0.5283572769842888
v3.1,c530bf2cab2728a7,100,1,0.4,1,0.38369999999999999,0.0065175055648521553,0.38821245946526245
v3.1,c530bf2cab2728a7,100,1,0.4,2,0.086399999999999977,0.0034627016952522827,0.083430263550448802
v3.1,c530bf2cab2728a7,100,1,0.45,0,0.53080000000000027,0.007101970134968166,0.52955654834644095
v3.1,c530bf2cab2728a7,100,1,0.45,1,0.37969999999999993,0.006595766931460011,0.38669167802096294
v3.1,c530bf2cab2728a7,100,1,0.45,2,0.089499999999999968,0.0037480634730457534,0.083751773632596199
v3.1,c530bf2cab2728a7,100,1,0.5,0,0.53539999999999988,0.0075162047160341073,0.53078707082961507
v3.1,c530bf2cab2728a7,100,1,0.5,1,0.37409999999999999,0.0070640575515003466,0.3851656618746393
v3.1,c530bf2cab2728a7,100,1,0.5,2,0.090499999999999955,0.0040411394532740503,0.084047267295745673
v3.1,c530bf2cab2728a7,100,1,0.55,0,0.53290000000000004,0.0082624806116919792,0.53204778077860926
v3.1,c530bf2cab2728a7,100,1,0.55,1,0.3753999999999999,0.0075014072753791395,0.38363600910853946
v3.1,c530bf2cab2728a7,100,1,0.55,2,0.091700000000000018,0.0045771832015559597,0.084316210112851314
v3.1,c530bf2cab2728a7,100,1,0.6,0,0.53589999999999971,0.0082927435725214573,0.53333756922116171
v3.1,c530bf2cab2728a7,100,1,0.6,1,0.37239999999999979,0.0077981090689028618,0.38210431477153373
v3.1,c530bf2cab2728a7,100,1,0.6,2,0.091700000000000004,0.0048556017842146717,0.084558116007304562
v3.1,c530bf2cab2728a7,100,1,0.65,0,0.53990000000000005,0.0083997294328719031,0.53465528321333078
v3.1,c530bf2cab2728a7,100,1,0.65,1,0.36609999999999987,0.0080451943118330909,0.38057216777732422
v3.1,c530bf2cab2728a7,100,1,0.65,2,0.093999999999999945,0.0052223296786709341,0.084772549009344847
v3.1,c530bf2cab2728a7,100,1,0.7,0,0.5414000000000001,0.0088796896842676283,0.53599972731938661
v3.1,c530bf2cab2728a7,100,1,0.7,1,0.36479999999999968,0.0080232994044428709,0.37904114785924897
v3.1,c530bf2cab2728a7,100,1,0.7,2,0.09380000000000005,0.0054915545810973899,0.084959124821364349
v3.1,c530bf2cab2728a7,100,1,0.75,0,0.54370000000000007,0.0091471196548311273,0.53736966522363794
v3.1,c530bf2cab2728a7,100,1,0.75,1,0.36209999999999987,0.0082612580057993493,0.3775128225938017
v3.1,c530bf2cab2728a7,100,1,0.75,2,0.094199999999999978,0.0058399183611285571,0.085117512182560265
v3.1,c530bf2cab2728a7,100,1,0.8,0,0.54639999999999977,0.0091580069288623566,0.53876382147090163
v3.1,c530bf2cab2728a7,100,1,0.8,1,0.36070000000000002,0.0083245468830489989,0.37598874450437147
v3.1,c530bf2cab2728a7,100,1,0.8,2,0.09290000000000001,0.0058453037352712281,0.085247434024726898
v3.1,c530bf2cab2728a7,100,1,0.85,0,0.55320000000000003,0.0088133049098702704,0.54018088333159608
v3.1,c530bf2cab2728a7,100,1,0.85,1,0.35439999999999983,0.0080945423688814043,0.37447044825601206
v3.1,c530bf2cab2728a7,100,1,0.85,2,0.092399999999999968,0.0057964112896156566,0.085348668412391859
v3.1,c530bf2cab2728a7,100,1,0.9,0,0.55539999999999989,0.0089954197099176968,0.5416195027867321
v3.1,c530bf2cab2728a7,100,1,0.9,1,0.35170000000000001,0.0081116638804311202,0.37295944795129704
v3.1,c530bf2cab2728a7,100,1,0.9,2,0.092899999999999996,0.0059242610245387297,0.085421049261970888
v3.1,c530bf2cab2728a7,100,1,0.95,0,0.55789999999999995,0.0091709852086332422,0.54307829862736956
v3.1,c530bf2cab2728a7,100,1,0.95,1,0.35060000000000002,0.0084265333706373419,0.37145723453650248
v3.1,c530bf2cab2728a7,100,1,0.95,2,0.091499999999999956,0.0060157621245685855,0.085464466836127864
v3.1,c530bf2cab2728a7,100,1,1,0,0.55840000000000001,0.0092569602533074079,0.54455585866243494
v3.1,c530bf2cab2728a7,100,1,1,1,0.34929999999999994,0.0089106167524527109,0.36996527332649792
v3.1,c530bf2cab2728a7,100,1,1,2,0.092299999999999993,0.0063307091852239398,0.08547886801106723
v3.1,c530bf2cab2728a7,100,1,1.05,0,0.55959999999999999,0.0093408195085286326,0.5460507420281322
v3.1,c530bf2cab2728a7,100,1,1.05,1,0.34790000000000004,0.0091995772849746867,0.36848500165583004
v3.1,c530bf2cab2728a7,100,1,1.05,2,0.092499999999999985,0.0062867103697185943,0.085464256316037795
v3.1,c530bf2cab2728a7,100,1,1.1,0,0.56129999999999991,0.0090661486037374502,0.54756148159156526
v3.1,c530bf2cab2728a7,100,1,1.1,1,0.34600000000000009,0.0092866799364694479,0.36701782666255878
v3.1,c530bf2cab2728a7,100,1,1.1,2,0.092700000000000018,0.0063163328447811053,0.08542069174587591
v3.1,c530bf2cab2728a7,100,1,1.15,0,0.56859999999999988,0.009241998996675202,0.54908658644059727
v3.1,c530bf2cab2728a7,100,1,1.15,1,0.3417,0.00952726549849367,0.3655651232104587
v3.1,c530bf2cab2728a7,100,1,1.15,2,0.089699999999999988,0.0062141171959701983,0.085348290348943964
v3.1,c530bf2cab2728a7,100,1,1.2,0,0.57019999999999982,0.0096525288464377607,0.55062454445143738
v3.1,c530bf2cab2728a7,100,1,1.2,1,0.33939999999999998,0.0097833294615654962,0.36412823195424537
v3.1,c530bf2cab2728a7,100,1,1.2,2,0.090399999999999953,0.006450933688586907,0.085247223594317245
v3.1,c530bf2cab2728a7,100,1,1.25,0,0.57359999999999989,0.009910223269559839,0.55217382492494638
v3.1,c530bf2cab2728a7,100,1,1.25,1,0.33759999999999996,0.01001324375539967,0.36270845755153663
v3.1,c530bf2cab2728a7,100,1,1.25,2,0.088799999999999976,0.0065740229523312283,0.085117717523516948
v3.1,c530bf2cab2728a7,100,1,1.3,0,0.57660000000000022,0.0099820242476567882,0.5537328812822192
v3.1,c530bf2cab2728a7,100,1,1.3,1,0.33749999999999991,0.0098835390136500917,0.36130706702430765
v3.1,c530bf2cab2728a7,100,1,1.3,2,0.085899999999999962,0.0064465087254633223,0.084960051693473274
v3.1,c530bf2cab2728a7,100,1,1.35,0,0.5798000000000002,0.010062411302074723,0.55530015380961506
v3.1,c530bf2cab2728a7,100,1,1.35,1,0.33519999999999994,0.010046839796622116,0.35992528827167369
v3.1,c530bf2cab2728a7,100,1,1.35,2,0.084999999999999951,0.0068202017210014761,0.084774557918711219
v3.1,c530bf2cab2728a7,100,1,1.4,0,0.5764999999999999,0.010414029969326007,0.55687407244309339
v3.1,c530bf2cab2728a7,100,1,1.4,1,0.33770000000000006,0.010189968328972104,0.35856430873493061
v3.1,c530bf2cab2728a7,100,1,1.4,2,0.08579999999999996,0.0068123180172153424,0.084561618821975951
v3.1,c530bf2cab2728a7,100,1,1.45,0,0.58159999999999978,0.010384253813959254,0.55845305958145275
v3.1,c530bf2cab2728a7,100,1,1.45,1,0.33289999999999992,0.010464268206181886,0.35722527421490624
v3.1,c530bf2cab2728a7,100,1,1.45,2,0.085499999999999965,0.0067395635742766909,0.084321666203640996
v3.1,c530bf2cab2728a7,100,1,1.5,0,0.57909999999999995,0.010381700100161678,0.56003553291789121
v3.1,c530bf2cab2728a7,100,1,1.5,1,0.33539999999999998,0.010323475258561981,0.35590928784084508
v3.1,c530bf2cab2728a7,100,1,1.5,2,0.085499999999999993,0.0070887234393789151,0.084055179241263822
v3.1,c530bf2cab2728a7,100,1,1.55,0,0.57799999999999985,0.010535174369221375,0.56161990827918629
v3.1,c530bf2cab2728a7,100,1,1.55,1,0.3372,0.010415683589974526,0.35461740918925194
v3.1,c530bf2cab2728a7,100,1,1.55,2,0.084799999999999973,0.0067711210894563691,0.083762682531561855
v3.1,c530bf2cab2728a7,100,1,1.6,0,0.58180000000000009,0.010892848177319897,0.56320460246175097
v3.1,c530bf2cab2728a7,100,1,1.6,1,0.33330000000000015,0.010772256734385565,0.35335065355037876
v3.1,c530bf2cab2728a7,100,1,1.6,2,0.084899999999999989,0.006605010341866363,0.083444743987870412
v3.1,c530bf2cab2728a7,100,1,1.65,0,0.58909999999999985,0.010933310236487062,0.56478803605385042
v3.1,c530bf2cab2728a7,100,1,1.65,1,0.32780000000000004,0.011001909843387199,0.35210999133934096
v3.1,c530bf2cab2728a7,100,1,1.65,2,0.083099999999999966,0.0067937805782535051,0.083101972606808641
v3.1,c530bf2cab2728a7,100,1,1.7,0,0.59369999999999989,0.011576408437992861,0.56636863623336264
v3.1,c530bf2cab2728a7,100,1,1.7,1,0.32510000000000011,0.011525549133480924,0.35089634764821842
v3.1,c530bf2cab2728a7,100,1,1.7,2,0.081199999999999953,0.0068450085035843015,0.08273501611841895
v3.1,c530bf2cab2728a7,100,1,1.75,0,0.59499999999999986,0.012065059327067423,0.56794483953063857
v3.1,c530bf2cab2728a7,100,1,1.75,1,0.32440000000000013,0.011928507573426478,0.34971060193490716
v3.1,c530bf2cab2728a7,100,1,1.75,2,0.080599999999999949,0.0068013961727714329,0.082344558534454285
v3.1,c530bf2cab2728a7,100,1,1.8,0,0.59430000000000016,0.012326578821982417,0.56951509454625748
v3.1,c530bf2cab2728a7,100,1,1.8,1,0.32490000000000002,0.012001258351531395,0.34855358784397356
v3.1,c530bf2cab2728a7,100,1,1.8,2,0.080799999999999941,0.006914601736305365,0.081931317609768933
v3.1,c530bf2cab2728a7,100,1,1.85,0,0.5975999999999998,0.012692254856144886,0.57107786461377907
v3.1,c530bf2cab2728a7,100,1,1.85,1,0.32280000000000009,0.012452803830155011,0.34742609315429651
v3.1,c530bf2cab2728a7,100,1,1.85,2,0.079599999999999949,0.0071179386415626319,0.081496042231924304
v3.1,c530bf2cab2728a7,100,1,1.9,0,0.59840000000000015,0.01287054424221871,0.57263163039796805
v3.1,c530bf2cab2728a7,100,1,1.9,1,0.32260000000000011,0.012787004134959631,0.34632885984788198
v3.1,c530bf2cab2728a7,100,1,1.9,2,0.078999999999999973,0.0071527348728731826,0.081039509754150085
v3.1,c530bf2cab2728a7,100,1,1.95,0,0.60050000000000037,0.012996017260932854,0.57417489241939335
v3.1,c530bf2cab2728a7,100,1,1.95,1,0.31980000000000003,0.012802288305556386,0.34526258429389411
v3.1,c530bf2cab2728a7,100,1,1.95,2,0.079699999999999993,0.0071695977092952222,0.080562523286712512
v3.1,c530bf2cab2728a7,100,1,2,0,0.60330000000000006,0.013186352755402041,0.57570617349679876
v3.1,c530bf2cab2728a7,100,1,2,1,0.31860000000000016,0.012949802073289529,0.34422791754166521
v3.1,c530bf2cab2728a7,100,1,2,2,0.078099999999999975,0.0070118154250918161,0.080065908961536134
v3.1,c530bf2cab2728a7,100,1,2.05,0,0.60259999999999991,0.013443950237180962,0.57722402109917059
v3.1,c530bf2cab2728a7,100,1,2.05,1,0.31989999999999996,0.013283615638990932,0.34322546571621659
v3.1,c530bf2cab2728a7,100,1,2.05,2,0.077499999999999944,0.0070185540540841458,0.079550513184612703
v3.1,c530bf2cab2728a7,100,1,2.1,0,0.60249999999999992,0.013550783644267123,0.57872700960002343
v3.1,c530bf2cab2728a7,100,1,2.1,1,0.32119999999999999,0.013291814143762435,0.34225579050966071
v3.1,c530bf2cab2728a7,100,1,2.1,2,0.076299999999999979,0.0069785457661393187,0.079017199890315803
v3.1,c530bf2cab2728a7,100,1,2.15,0,0.60250000000000026,0.013696106502701175,0.58021374242703805
v3.1,c530bf2cab2728a7,100,1,2.15,1,0.32090000000000013,0.013516241632894398,0.34131940976173025
v3.1,c530bf2cab2728a7,100,1,2.15,2,0.076599999999999946,0.0071353721243909481,0.078466847811231671
v3.1,c530bf2cab2728a7,100,1,2.2,0,0.60530000000000017,0.013586576114130097,0.58168285410085752
v3.1,c530bf2cab2728a7,100,1,2.2,1,0.31859999999999999,0.013359837294115995,0.34041679812261882
v3.1,c530bf2cab2728a7,100,1,2.2,2,0.076099999999999959,0.0069687542181896007,0.077900347776523771
v3.1,c530bf2cab2728a7,100,1,2.25,0,0.60710000000000008,0.013599832886673806,0.58313301215752122
v3.1,c530bf2cab2728a7,100,1,2.25,1,0.31800000000000017,0.013511685926103242,0.33954838779129859
v3.1,c530bf2cab2728a7,100,1,2.25,2,0.074899999999999994,0.0068674242006384872,0.077318600051180186
v3.1,c530bf2cab2728a7,100,1,2.3,0,0.60760000000000003,0.013690017007168603,0.58456291894973822
v3.1,c530bf2cab2728a7,100,1,2.3,1,0.31750000000000006,0.013600635011912962,0.3387145693225036
v3.1,c530bf2cab2728a7,100,1,2.3,2,0.074899999999999994,0.0068216751993372222,0.076722511727758125
v3.1,c530bf2cab2728a7,100,1,2.35,0,0.61030000000000018,0.013626663553341278,0.58597131332291619
v3.1,c530bf2cab2728a7,100,1,2.35,1,0.31739999999999996,0.013793293642018556,0.33791569249563541
v3.1,c530bf2cab2728a7,100,1,2.35,2,0.072299999999999975,0.0065933161748712001,0.076112994181448568
v3.1,c530bf2cab2728a7,100,1,2.4,0,0.61180000000000001,0.013777730531036619,0.58735697216260185
v3.1,c530bf2cab2728a7,100,1,2.4,1,0.31699999999999995,0.01394252270551995,0.33715206723895119
v3.1,c530bf2cab2728a7,100,1,2.4,2,0.071199999999999972,0.0064827354246381657,0.075490960598446941
v3.1,c530bf2cab2728a7,100,1,2.45,0,0.61340000000000028,0.014075711582923849,0.58871871181072588
v3.1,c530bf2cab2728a7,100,1,2.45,1,0.31659999999999988,0.014251861476858224,0.3364239646025321
v3.1,c530bf2cab2728a7,100,1,2.45,2,0.069999999999999979,0.0064165190852764689,0.074857323586742006
v3.1,c530bf2cab2728a7,100,1,2.5,0,0.61960000000000004,0.014149933076188243,0.590055389348772
v3.1,c530bf2cab2728a7,100,1,2.5,1,0.31400000000000006,0.014265165596478349,0.33573161777369481
v3.1,c530bf2cab2728a7,100,1,2.5,2,0.066399999999999973,0.0060611696707630431,0.07421299287753319
v3.1,c530bf2cab2728a7,100,1,2.55,0,0.62150000000000016,0.014276048317218445,0.59136590374672382
v3.1,c530bf2cab2728a7,100,1,2.55,1,0.31259999999999993,0.014293192559234396,0.33507522312870647
v3.1,c530bf2cab2728a7,100,1,2.55,2,0.065899999999999986,0.0060169709484041364,0.073558873124569657
v3.1,c530bf2cab2728a7,100,1,2.6,0,0.62460000000000004,0.01460484214708992,0.59264919687734552
v3.1,c530bf2cab2728a7,100,1,2.6,1,0.31030000000000002,0.014727460093583033,0.33445494131487719
v3.1,c530bf2cab2728a7,100,1,2.6,2,0.065099999999999977,0.0058629034073261321,0.072895861807777351
v3.1,c530bf2cab2728a7,100,1,2.65,0,0.62130000000000007,0.014944783894609038,0.59390425439604444
v3.1,c530bf2cab2728a7,100,1,2.65,1,0.3116000000000001,0.014963065639545036,0.33387089835734196
v3.1,c530bf2cab2728a7,100,1,2.65,2,0.067099999999999965,0.0062365734570233753,0.072224847246613696
v3.1,c530bf2cab2728a7,100,1,2.7,0,0.6238999999999999,0.015180326848665779,0.59513010648723086
v3.1,c530bf2cab2728a7,100,1,2.7,1,0.30920000000000009,0.014954260228774238,0.33332318678509598
v3.1,c530bf2cab2728a7,100,1,2.7,2,0.066899999999999973,0.0063336443304822954,0.071546706727673173
v3.1,c530bf2cab2728a7,100,1,2.75,0,0.62149999999999994,0.015451046841067064,0.59632582847872073
v3.1,c530bf2cab2728a7,100,1,2.75,1,0.31200000000000011,0.015226903357498064,0.3328118667711143
v3.1,c530bf2cab2728a7,100,1,2.75,2,0.066499999999999948,0.0063586019046499662,0.070862304750164931
v3.1,c530bf2cab2728a7,100,1,2.8,0,0.6248999999999999,0.015676975976175244,0.59749054132633495
v3.1,c530bf2cab2728a7,100,1,2.8,1,0.30980000000000002,0.015155077157057422,0.33233696728165962
v3.1,c530bf2cab2728a7,100,1,2.8,2,0.065299999999999941,0.006318891029158823,0.070172491392005334
v3.1,c530bf2cab2728a7,100,1,2.85,0,0.62569999999999992,0.015928663573329782,0.59862341197141167
v3.1,c530bf2cab2728a7,100,1,2.85,1,0.30930000000000002,0.015329548281180713,0.33189848723016818
v3.1,c530bf2cab2728a7,100,1,2.85,2,0.064999999999999961,0.006283697039549921,0.069478100798420206
v3.1,c530bf2cab2728a7,100,1,2.9,0,0.62590000000000001,0.016061180378524959,0.59972365357447377
v3.1,c530bf2cab2728a7,100,1,2.9,1,0.30929999999999991,0.015385454891624826,0.33149639663138974
v3.1,c530bf2cab2728a7,100,1,2.9,2,0.064799999999999955,0.0064078235010182668,0.0687799497941365
v3.1,c530bf2cab2728a7,100,1,2.95,0,0.628,0.016051054907275215,0.60079052562878299
v3.1,c530bf2cab2728a7,100,1,2.95,1,0.30760000000000004,0.015416192457899252,0.331130637751747
v3.1,c530bf2cab2728a7,100,1,2.95,2,0.064399999999999971,0.0063489758976936535,0.068078836619470048
v3.1,c530bf2cab2728a7,100,1,3,0,0.63110000000000033,0.016425463725139044,0.60182333395794396
v3.1,c530bf2cab2728a7,100,1,3,1,0.30579999999999996,0.01553567416358787,0.33080112625217128
v3.1,c530bf2cab2728a7,100,1,3,2,0.063099999999999976,0.0063208729099258369,0.067375539789884795
v3.1,c530bf2cab2728a7,100,1,3.05,0,0.63080000000000025,0.016189334311655486,0.60282143060212579
v3.1,c530bf2cab2728a7,100,1,3.05,1,0.30690000000000012,0.015227364389894476,0.33050775231995755
v3.1,c530bf2cab2728a7,100,1,3.05,2,0.06229999999999998,0.0063003206588268497,0.066670817077916625
v3.1,c530bf2cab2728a7,100,1,3.1,0,0.63029999999999975,0.01616671665096928,0.60378421359781187
v3.1,c530bf2cab2728a7,100,1,3.1,1,0.30939999999999984,0.015218821414699801,0.33025038178646698
v3.1,c530bf2cab2728a7,100,1,3.1,2,0.060299999999999965,0.0061141581017282575,0.06596540461572116
v3.1,c530bf2cab2728a7,100,1,3.15,0,0.63169999999999993,0.015982980215393388,0.60471112665629267
v3.1,c530bf2cab2728a7,100,1,3.15,1,0.30980000000000002,0.015127057836469022,0.33002885722778291
v3.1,c530bf2cab2728a7,100,1,3.15,2,0.058499999999999976,0.0061617507022900348,0.065260016115924357
v3.1,c530bf2cab2728a7,100,1,3.2,0,0.63250000000000028,0.016144783690221442,0.60560165874637373
v3.1,c530bf2cab2728a7,100,1,3.2,1,0.30970000000000003,0.015462208735814522,0.32984299904569991
v3.1,c530bf2cab2728a7,100,1,3.2,2,0.05779999999999999,0.0062370350376285445,0.064555342207926317
v3.1,c530bf2cab2728a7,100,1,3.25,0,0.63389999999999991,0.016459251796390066,0.60645534358697717
v3.1,c530bf2cab2728a7,100,1,3.25,1,0.30950000000000005,0.015691067393889941,0.32969260652668747
v3.1,c530bf2cab2728a7,100,1,3.25,2,0.056599999999999963,0.0064435701252951363,0.063852049886335319
v3.1,c530bf2cab2728a7,100,1,3.3,0,0.62950000000000006,0.016561715009032245,0.60727175905548647
v3.1,c530bf2cab2728a7,100,1,3.3,1,0.31520000000000009,0.01569049123359479,0.32957745887672474
v3.1,c530bf2cab2728a7,100,1,3.3,2,0.055299999999999967,0.0064814498315725558,0.063150782067788888
v3.1,c530bf2cab2728a7,100,1,3.35,0,0.62650000000000017,0.01699041619337921,0.60805052651779645
v3.1,c530bf2cab2728a7,100,1,3.35,1,0.31819999999999998,0.016012230174198568,0.32949731623015066
v3.1,c530bf2cab2728a7,100,1,3.35,2,0.05529999999999996,0.006461158228720734,0.062452157252052803
v3.1,c530bf2cab2728a7,100,1,3.4,0,0.62749999999999984,0.016847728618302218,0.60879131008611787
v3.1,c530bf2cab2728a7,100,1,3.4,1,0.31889999999999996,0.015767179183162072,0.32945192063090606
v3.1,c530bf2cab2728a7,100,1,3.4,2,0.053599999999999974,0.006498671192846063,0.061756769282976111
v3.1,c530bf2cab2728a7,100,1,3.45,0,0.62959999999999949,0.0165364122255382,0.60949381581061668
v3.1,c530bf2cab2728a7,100,1,3.45,1,0.31760000000000005,0.015492663627105127,0.32944099698476575
v3.1,c530bf2cab2728a7,100,1,3.45,2,0.052799999999999993,0.0065429119640796713,0.061065187204617531
v3.1,c530bf2cab2728a7,100,1,3.5,0,0.62839999999999974,0.016592392074305462,0.6101577908109751
v3.1,c530bf2cab2728a7,100,1,3.5,1,0.31840000000000002,0.01540150851853365,0.32946425398137735
v3.1,c530bf2cab2728a7,100,1,3.5,2,0.053200000000000018,0.0069498637440316788,0.06037795520764748
v3.1,c530bf2cab2728a7,100,1,3.55,0,0.62649999999999995,0.017043838307213083,0.61078302235391835
v3.1,c530bf2cab2728a7,100,1,3.55,1,0.32040000000000007,0.015752453712987002,0.32952138498511624
v3.1,c530bf2cab2728a7,100,1,3.55,2,0.053100000000000008,0.0071685268903574507,0.059695592660965427
v3.1,c530bf2cab2728a7,100,1,3.6,0,0.62690000000000001,0.017144481103936404,0.61136933688268724
v3.1,c530bf2cab2728a7,100,1,3.6,1,0.32229999999999998,0.016033963321586457,0.32961206889396011
v3.1,c530bf2cab2728a7,100,1,3.6,2,0.050799999999999984,0.0069756864909628815,0.05901859422335267
v3.1,c530bf2cab2728a7,100,1,3.65,0,0.62439999999999996,0.016978489064374692,0.61191659900433437
v3.1,c530bf2cab2728a7,100,1,3.65,1,0.32530000000000003,0.015928790400917568,0.32973597096576024
v3.1,c530bf2cab2728a7,100,1,3.65,2,0.050299999999999977,0.0069506994052557173,0.0583474300299055
v3.1,c530bf2cab2728a7,100,1,3.7,0,0.62219999999999986,0.016880794179220719,0.61242471044059099
v3.1,c530bf2cab2728a7,100,1,3.7,1,0.3279999999999999,0.015925330816537582,0.32989274361145232
v3.1,c530bf2cab2728a7,100,1,3.7,2,0.049799999999999976,0.0073305504361521005,0.057682545947956576
v3.1,c530bf2cab2728a7,100,1,3.75,0,0.627,0.016846004831647145,0.61289360894790368
v3.1,c530bf2cab2728a7,100,1,3.75,1,0.32439999999999991,0.015902683846928271,0.33008202715490292
v3.1,c530bf2cab2728a7,100,1,3.75,2,0.048599999999999977,0.0072572081895912769,0.057024363897193509
v3.1,c530bf2cab2728a7,100,1,3.8,0,0.627,0.016972050702567,0.61332326721205377
v3.1,c530bf2cab2728a7,100,1,3.8,1,0.32469999999999999,0.016230943760408248,0.33030345055922727
v3.1,c530bf2cab2728a7,100,1,3.8,2,0.048299999999999968,0.0073937661430273664,0.05637328222871902
v3.1,c530bf2cab2728a7,100,1,3.85,0,0.62979999999999992,0.017083266075255628,0.61371369172258861
v3.1,c530bf2cab2728a7,100,1,3.85,1,0.32360000000000005,0.016457180435262529,0.33055663211954861
v3.1,c530bf2cab2728a7,100,1,3.85,2,0.046599999999999982,0.0073857903429422516,0.055729676157862756
v3.1,c530bf2cab2728a7,100,1,3.9,0,0.62989999999999979,0.017159086293396929,0.61406492163207016
v3.1,c530bf2cab2728a7,100,1,3.9,1,0.3242000000000001,0.016644336556136428,0.33084118012228153
v3.1,c530bf2cab2728a7,100,1,3.9,2,0.045899999999999982,0.0075291956993285749,0.055093898245648379
v3.1,c530bf2cab2728a7,100,1,3.95,0,0.62929999999999997,0.017385268929688023,0.61437702760492219
v3.1,c530bf2cab2728a7,100,1,3.95,1,0.32329999999999998,0.016780854290144784,0.33115669347113819
v3.1,c530bf2cab2728a7,100,1,3.95,2,0.047399999999999956,0.0081409551967291625,0.054466278923939744
v3.1,c530bf2cab2728a7,100,1,4,0,0.62499999999999989,0.017843596593566539,0.61465011066042163
v3.1,c530bf2cab2728a7,100,1,4,1,0.32939999999999997,0.017304066200483255,0.33150276228014869
v3.1,c530bf2cab2728a7,100,1,4,2,0.045599999999999981,0.007812603130632428,0.053847127059429664
v3.1,c530bf2cab2728a7,200,1,0,0,0.52000000000000102,1.0042345108077675e-16,0.52000000000000002
v3.1,c530bf2cab2728a7,200,1,0,1,0.39999999999999925,7.8107128618381923e-17,0.40000000000000002
v3.1,c530bf2cab2728a7,200,1,0,2,0.080000000000000057,5.5790806155987088e-18,0.080000000000000002
v3.1,c530bf2cab2728a7,200,1,0.05,0,0.52344999999999997,0.0015886195646573555,0.5209167443020436
v3.1,c530bf2cab2728a7,200,1,0.05,1,0.39610000000000001,0.0015708519209574651,0.39857794509123373
v3.1,c530bf2cab2728a7,200,1,0.05,2,0.080450000000000035,0.00091313368753602095,0.080505310606722683
v3.1,c530bf2cab2728a7,200,1,0.1,0,0.5243500000000002,0.0021327828361703003,0.52187150132657234
v3.1,c530bf2cab2728a7,200,1,0.1,1,0.39409999999999984,0.0021989207637503729,0.39713814214884552
v3.1,c530bf2cab2728a7,200,1,0.1,2,0.081550000000000025,0.0012566891726945356,0.080990356524582169
v3.1,c530bf2cab2728a7,200,1,0.15,0,0.52485000000000015,0.0025765600354273966,0.52286360195287329
v3.1,c530bf2cab2728a7,200,1,0.15,1,0.39375000000000004,0.0027472437978542214,0.39568209940586663
v3.1,c530bf2cab2728a7,200,1,0.15,2,0.0814,0.0014089898953692055,0.081454298641259984
v3.1,c530bf2cab2728a7,200,1,0.2,0,0.52654999999999996,0.0029385069733324147,0.52389232590154178
v3.1,c530bf2cab2728a7,200,1,0.2,1,0.39095000000000008,0.0029946880581550673,0.39421134732508634
v3.1,c530bf2cab2728a7,200,1,0.2,2,0.082500000000000018,0.0016072751268321589,0.081896326773371803
v3.1,c530bf2cab2728a7,200,1,0.25,0,0.52854999999999985,0.0031744680616990727,0.52495690199387635
v3.1,c530bf2cab2728a7,200,1,0.25,1,0.38715000000000005,0.0033584320235141955,0.3927274355255051
v3.1,c530bf2cab2728a7,200,1,0.25,2,0.084300000000000028,0.0019358656352070926,0.082315662480618432
v3.1,c530bf2cab2728a7,200,1,0.3,0,0.53105000000000002,0.0034504391464030052,0.52605650854199448
v3.1,c530bf2cab2728a7,200,1,0.3,1,0.38635000000000014,0.00368168755224058,0.39123192965710696
v3.1,c530bf2cab2728a7,200,1,0.3,2,0.082599999999999979,0.0020231987873991367,0.082711561800898628
v3.1,c530bf2cab2728a7,200,1,0.35,0,0.5308499999999996,0.0036362755671153399,0.52719027387228712
v3.1,c530bf2cab2728a7,200,1,0.35,1,0.38550000000000006,0.0038993006365943945,0.38972640823764043
v3.1,c530bf2cab2728a7,200,1,0.35,2,0.083650000000000016,0.0021235274160859548,0.083083317890072506
v3.1,c530bf2cab2728a7,200,1,0.4,0,0.53029999999999999,0.0039973602400695503,0.5283572769842888
v3.1,c530bf2cab2728a7,200,1,0.4,1,0.3858000000000002,0.0041981958607059389,0.38821245946526245
v3.1,c530bf2cab2728a7,200,1,0.4,2,0.083900000000000002,0.0022401073206614035,0.083430263550448802
v3.1,c530bf2cab2728a7,200,1,0.45,0,0.53244999999999998,0.004444662557779303,0.52955654834644095
v3.1,c530bf2cab2728a7,200,1,0.45,1,0.38365000000000016,0.004483333333333334,0.38669167802096294
v3.1,c530bf2cab2728a7,200,1,0.45,2,0.083900000000000002,0.0022151680967749834,0.083751773632596199
v3.1,c530bf2cab2728a7,200,1,0.5,0,0.53339999999999999,0.0047757171971835547,0.53078707082961507
v3.1,c530bf2cab2728a7,200,1,0.5,1,0.38399999999999984,0.0045438380964185629,0.3851656618746393
v3.1,c530bf2cab2728a7,200,1,0.5,2,0.082600000000000048,0.0023575368073435886,0.084047267295745673
v3.1,c530bf2cab2728a7,200,1,0.55,0,0.53325000000000011,0.0047521260526423364,0.53204778077860926
v3.1,c530bf2cab2728a7,200,1,0.55,1,0.38494999999999996,0.0044684613083976078,0.38363600910853946
v3.1,c530bf2cab2728a7,200,1,0.55,2,0.081799999999999984,0.0023489950569930509,0.084316210112851314
v3.1,c530bf2cab2728a7,200,1,0.6,0,0.53659999999999997,0.0048272584602882243,0.53333756922116171
v3.1,c530bf2cab2728a7,200,1,0.6,1,0.38079999999999992,0.0045802165711223558,0.38210431477153373
v3.1,c530bf2cab2728a7,200,1,0.6,2,0.082600000000000021,0.0023628864389200603,0.084558116007304562
v3.1,c530bf2cab2728a7,200,1,0.65,0,0.54065000000000007,0.0053184712430957388,0.53465528321333078
v3.1,c530bf2cab2728a7,200,1,0.65,1,0.37740000000000001,0.0050509925017292647,0.38057216777732422
v3.1,c530bf2cab2728a7,200,1,0.65,2,0.081950000000000009,0.0025414691925273567,0.084772549009344847
v3.1,c530bf2cab2728a7,200,1,0.7,0,0.54005000000000014,0.0052883973436804533,0.53599972731938661
v3.1,c530bf2cab2728a7,200,1,0.7,1,0.37795000000000001,0.0051458991223864645,0.37904114785924897
v3.1,c530bf2cab2728a7,200,1,0.7,2,0.082000000000000031,0.0026514718611184681,0.084959124821364349
v3.1,c530bf2cab2728a7,200,1,0.75,0,0.54225000000000045,0.0054324943579809586,0.53736966522363794
v3.1,c530bf2cab2728a7,200,1,0.75,1,0.37665000000000004,0.0053541520752070949,0.3775128225938017
v3.1,c530bf2cab2728a7,200,1,0.75,2,0.081100000000000047,0.0027474322263495122,0.085117512182560265
v3.1,c530bf2cab2728a7,200,1,0.8,0,0.54269999999999985,0.0057907188018780729,0.53876382147090163
v3.1,c530bf2cab2728a7,200,1,0.8,1,0.3753999999999999,0.0056945304255642338,0.37598874450437147
v3.1,c530bf2cab2728a7,200,1,0.8,2,0.081900000000000014,0.0029702055841509039,0.085247434024726898
v3.1,c530bf2cab2728a7,200,1,0.85,0,0.54370000000000007,0.0060166519768140988,0.54018088333159608
v3.1,c530bf2cab2728a7,200,1,0.85,1,0.37524999999999992,0.005894002687203974,0.37447044825601206
v3.1,c530bf2cab2728a7,200,1,0.85,2,0.081050000000000025,0.0030312305398729712,0.085348668412391859
v3.1,c530bf2cab2728a7,200,1,0.9,0,0.54425000000000023,0.0063342802322447073,0.5416195027867321
v3.1,c530bf2cab2728a7,200,1,0.9,1,0.37494999999999995,0.0060484136830088022,0.37295944795129704
v3.1,c530bf2cab2728a7,200,1,0.9,2,0.080800000000000038,0.003141221534255857,0.085421049261970888
v3.1,c530bf2cab2728a7,200,1,0.95,0,0.54710000000000003,0.0067641284984419348,0.54307829862736956
v3.1,c530bf2cab2728a7,200,1,0.95,1,0.37229999999999996,0.0064703753813637093,0.37145723453650248
v3.1,c530bf2cab2728a7,200,1,0.95,2,0.080600000000000005,0.0032847059121469194,0.085464466836127864
v3.1,c530bf2cab2728a7,200,1,1,0,0.55020000000000002,0.0071474089392908379,0.54455585866243494
v3.1,c530bf2cab2728a7,200,1,1,1,0.36834999999999996,0.0068379714488548083,0.36996527332649792
v3.1,c530bf2cab2728a7,200,1,1,2,0.081450000000000009,0.003493352272675933,0.08547886801106723
v3.1,c530bf2cab2728a7,200,1,1.05,0,0.55199999999999994,0.0072198519809108727,0.5460507420281322
v3.1,c530bf2cab2728a7,200,1,1.05,1,0.36534999999999984,0.0070047801139253782,0.36848500165583004
v3.1,c530bf2cab2728a7,200,1,1.05,2,0.082650000000000029,0.0035229801147450266,0.085464256316037795
v3.1,c530bf2cab2728a7,200,1,1.1,0,0.55289999999999995,0.007360548673005075,0.54756148159156526
v3.1,c530bf2cab2728a7,200,1,1.1,1,0.36549999999999999,0.0071097102471183614,0.36701782666255878
v3.1,c530bf2cab2728a7,200,1,1.1,2,0.081599999999999978,0.0035963505632428789,0.08542069174587591
v3.1,c530bf2cab2728a7,200,1,1.15,0,0.55545,0.0076548311146582056,0.54908658644059727
v3.1,c530bf2cab2728a7,200,1,1.15,1,0.36360000000000009,0.0074083900021693263,0.3655651232104587
v3.1,c530bf2cab2728a7,200,1,1.15,2,0.080950000000000036,0.0036547291903156719,0.085348290348943964
v3.1,c530bf2cab2728a7,200,1,1.2,0,0.55610000000000004,0.0078039681695864947,0.55062454445143738
v3.1,c530bf2cab2728a7,200,1,1.2,1,0.36349999999999999,0.0074184114393061485,0.36412823195424537
v3.1,c530bf2cab2728a7,200,1,1.2,2,0.080400000000000013,0.0038215761727910711,0.085247223594317245
v3.1,c530bf2cab2728a7,200,1,1.25,0,0.55714999999999992,0.0079172663249764477,0.55217382492494638
v3.1,c530bf2cab2728a7,200,1,1.25,1,0.36285000000000012,0.0074441540347395625,0.36270845755153663
v3.1,c530bf2cab2728a7,200,1,1.25,2,0.079999999999999988,0.0038112009295302881,0.085117717523516948
v3.1,c530bf2cab2728a7,200,1,1.3,0,0.5602499999999998,0.0083845019969807227,0.5537328812822192
v3.1,c530bf2cab2728a7,200,1,1.3,1,0.36005000000000004,0.0076371285391325138,0.36130706702430765
v3.1,c530bf2cab2728a7,200,1,1.3,2,0.079700000000000007,0.0039477777919925414,0.084960051693473274
v3.1,c530bf2cab2728a7,200,1,1.35,0,0.56059999999999988,0.0086290793310184639,0.55530015380961506
v3.1,c530bf2cab2728a7,200,1,1.35,1,0.35979999999999995,0.0076508136492107488,0.35992528827167369
v3.1,c530bf2cab2728a7,200,1,1.35,2,0.079600000000000004,0.0040337465353082252,0.084774557918711219
v3.1,c530bf2cab2728a7,200,1,1.4,0,0.56349999999999967,0.008828186036036436,0.55687407244309339
v3.1,c530bf2cab2728a7,200,1,1.4,1,0.35605000000000003,0.0078252037118092411,0.35856430873493061
v3.1,c530bf2cab2728a7,200,1,1.4,2,0.080450000000000021,0.0044153628721690912,0.084561618821975951
v3.1,c530bf2cab2728a7,200,1,1.45,0,0.56409999999999993,0.008769316341135671,0.55845305958145275
v3.1,c530bf2cab2728a7,200,1,1.45,1,0.35519999999999996,0.0077953366012810986,0.35722527421490624
v3.1,c530bf2cab2728a7,200,1,1.45,2,0.080700000000000008,0.0044551751770930239,0.084321666203640996
v3.1,c530bf2cab2728a7,200,1,1.5,0,0.56730000000000014,0.0086624173731975531,0.56003553291789121
v3.1,c530bf2cab2728a7,200,1,1.5,1,0.35385,0.0077384175424052987,0.35590928784084508
v3.1,c530bf2cab2728a7,200,1,1.5,2,0.07884999999999999,0.0044237964179508473,0.084055179241263822
v3.1,c530bf2cab2728a7,200,1,1.55,0,0.56809999999999983,0.0089156484833571061,0.56161990827918629
v3.1,c530bf2cab2728a7,200,1,1.55,1,0.35269999999999996,0.0080545551451249395,0.35461740918925194
v3.1,c530bf2cab2728a7,200,1,1.55,2,0.079199999999999993,0.0045769073409979381,0.083762682531561855
v3.1,c530bf2cab2728a7,200,1,1.6,0,0.56999999999999984,0.0089259014766978687,0.56320460246175097
v3.1,c530bf2cab2728a7,200,1,1.6,1,0.35114999999999996,0.0081707951840315953,0.35335065355037876
v3.1,c530bf2cab2728a7,200,1,1.6,2,0.078850000000000031,0.0046486964611468003,0.083444743987870412
v3.1,c530bf2cab2728a7,200,1,1.65,0,0.56920000000000026,0.0090209408454647207,0.56478803605385042
v3.1,c530bf2cab2728a7,200,1,1.65,1,0.35130000000000011,0.0082754413352358006,0.35210999133934096
v3.1,c530bf2cab2728a7,200,1,1.65,2,0.079500000000000015,0.004682602660568979,0.083101972606808641
v3.1,c530bf2cab2728a7,200,1,1.7,0,0.57095000000000018,0.0089244004976482428,0.56636863623336264
v3.1,c530bf2cab2728a7,200,1,1.7,1,0.35060000000000008,0.0082536432114931092,0.35089634764821842
v3.1,c530bf2cab2728a7,200,1,1.7,2,0.07845000000000002,0.0048019855952059721,0.08273501611841895
v3.1,c530bf2cab2728a7,200,1,1.75,0,0.57220000000000004,0.0093897967405201527,0.56794483953063857
v3.1,c530bf2cab2728a7,200,1,1.75,1,0.34979999999999989,0.0086602307105293642,0.34971060193490716
v3.1,c530bf2cab2728a7,200,1,1.75,2,0.078000000000000028,0.0049308347481061788,0.082344558534454285
v3.1,c530bf2cab2728a7,200,1,1.8,0,0.57315000000000005,0.0092974567501119369,0.56951509454625748
v3.1,c530bf2cab2728a7,200,1,1.8,1,0.34949999999999998,0.0087534985790675372,0.34855358784397356
v3.1,c530bf2cab2728a7,200,1,1.8,2,0.077350000000000016,0.0050143506180972356,0.081931317609768933
v3.1,c530bf2cab2728a7,200,1,1.85,0,0.5736,0.0091613152423490451,0.57107786461377907
v3.1,c530bf2cab2728a7,200,1,1.85,1,0.35100000000000009,0.0086152319888800552,0.34742609315429651
v3.1,c530bf2cab2728a7,200,1,1.85,2,0.075400000000000023,0.0049963016625330292,0.081496042231924304
v3.1,c530bf2cab2728a7,200,1,1.9,0,0.5724999999999999,0.0094167001876582224,0.57263163039796805
v3.1,c530bf2cab2728a7,200,1,1.9,1,0.3524000000000001,0.0087866059684297022,0.34632885984788198
v3.1,c530bf2cab2728a7,200,1,1.9,2,0.075100000000000042,0.0051296228226868999,0.081039509754150085
v3.1,c530bf2cab2728a7,200,1,1.95,0,0.57415000000000005,0.0095914142477909504,0.57417489241939335
v3.1,c530bf2cab2728a7,200,1,1.95,1,0.35054999999999992,0.0091430536087747667,0.34526258429389411
v3.1,c530bf2cab2728a7,200,1,1.95,2,0.07530000000000002,0.0051433098646335102,0.080562523286712512
v3.1,c530bf2cab2728a7,200,1,2,0,0.57725000000000004,0.0095492807386872124,0.57570617349679876
v3.1,c530bf2cab2728a7,200,1,2,1,0.34820000000000001,0.0091608852291587065,0.34422791754166521
v3.1,c530bf2cab2728a7,200,1,2,2,0.074550000000000005,0.0052613969608648597,0.080065908961536134
v3.1,c530bf2cab2728a7,200,1,2.05,0,0.57900000000000018,0.0096716288204419885,0.57722402109917059
v3.1,c530bf2cab2728a7,200,1,2.05,1,0.34820000000000007,0.0093658847942838831,0.34322546571621659
v3.1,c530bf2cab2728a7,200,1,2.05,2,0.07279999999999999,0.0051782958079610985,0.079550513184612703
v3.1,c530bf2cab2728a7,200,1,2.1,0,0.58124999999999982,0.0097173111694355222,0.57872700960002343
v3.1,c530bf2cab2728a7,200,1,2.1,1,0.34500000000000008,0.0094417405517449315,0.34225579050966071
v3.1,c530bf2cab2728a7,200,1,2.1,2,0.073749999999999968,0.0052586508812535841,0.079017199890315803
v3.1,c530bf2cab2728a7,200,1,2.15,0,0.58279999999999987,0.010022782129536768,0.58021374242703805
v3.1,c530bf2cab2728a7,200,1,2.15,1,0.34369999999999995,0.0098328505274385969,0.34131940976173025
v3.1,c530bf2cab2728a7,200,1,2.15,2,0.073499999999999996,0.0054111277041207443,0.078466847811231671
v3.1,c530bf2cab2728a7,200,1,2.2,0,0.58100000000000018,0.0099802835934687025,0.58168285410085752
v3.1,c530bf2cab2728a7,200,1,2.2,1,0.34559999999999996,0.0097162469372414871,0.34041679812261882
v3.1,c530bf2cab2728a7,200,1,2.2,2,0.073400000000000021,0.0053337499837252302,0.077900347776523771
v3.1,c530bf2cab2728a7,200,1,2.25,0,0.58149999999999979,0.010027865216888431,0.58313301215752122
v3.1,c530bf2cab2728a7,200,1,2.25,1,0.34564999999999996,0.0098764220303312316,0.33954838779129859
v3.1,c530bf2cab2728a7,200,1,2.25,2,0.072849999999999998,0.0053726086999170385,0.077318600051180186
v3.1,c530bf2cab2728a7,200,1,2.3,0,0.58069999999999988,0.0099544467501217829,0.58456291894973822
v3.1,c530bf2cab2728a7,200,1,2.3,1,0.34534999999999999,0.0099435921704646175,0.3387145693225036
v3.1,c530bf2cab2728a7,200,1,2.3,2,0.07395000000000003,0.0053965453783139834,0.076722511727758125
v3.1,c530bf2cab2728a7,200,1,2.35,0,0.5811500000000005,0.010187101916371774,0.58597131332291619
v3.1,c530bf2cab2728a7,200,1,2.35,1,0.34525000000000011,0.0099537757416545952,0.33791569249563541
v3.1,c530bf2cab2728a7,200,1,2.35,2,0.073600000000000027,0.0053433050718547882,0.076112994181448568
v3.1,c530bf2cab2728a7,200,1,2.4,0,0.57915000000000005,0.010279197144689554,0.58735697216260185
v3.1,c530bf2cab2728a7,200,1,2.4,1,0.3468,0.010075853724763389,0.33715206723895119
v3.1,c530bf2cab2728a7,200,1,2.4,2,0.074049999999999991,0.0054121519646891745,0.075490960598446941
v3.1,c530bf2cab2728a7,200,1,2.45,0,0.57740000000000014,0.010537206806014925,0.58871871181072588
v3.1,c530bf2cab2728a7,200,1,2.45,1,0.34954999999999997,0.010284610205093194,0.3364239646025321
v3.1,c530bf2cab2728a7,200,1,2.45,2,0.073050000000000004,0.0054914511154644154,0.074857323586742006
v3.1,c530bf2cab2728a7,200,1,2.5,0,0.57769999999999988,0.010326835689287175,0.590055389348772
v3.1,c530bf2cab2728a7,200,1,2.5,1,0.34905000000000003,0.01027665172646571,0.33573161777369481
v3.1,c530bf2cab2728a7,200,1,2.5,2,0.073249999999999954,0.0056988280737482709,0.07421299287753319
v3.1,c530bf2cab2728a7,200,1,2.55,0,0.57770000000000021,0.010565194429509253,0.59136590374672382
v3.1,c530bf2cab2728a7,200,1,2.55,1,0.3478,0.0105155776701698,0.33507522312870647
v3.1,c530bf2cab2728a7,200,1,2.55,2,0.074499999999999969,0.0057006556418954793,0.073558873124569657
v3.1,c530bf2cab2728a7,200,1,2.6,0,0.57775000000000021,0.010634984910210451,0.59264919687734552
v3.1,c530bf2cab2728a7,200,1,2.6,1,0.34749999999999986,0.01061100534084468,0.33445494131487719
v3.1,c530bf2cab2728a7,200,1,2.6,2,0.074749999999999983,0.0057771646430694115,0.072895861807777351
v3.1,c530bf2cab2728a7,200,1,2.65,0,0.57835000000000047,0.010586358431891714,0.59390425439604444
v3.1,c530bf2cab2728a7,200,1,2.65,1,0.34755000000000008,0.010489892922968928,0.33387089835734196
v3.1,c530bf2cab2728a7,200,1,2.65,2,0.074099999999999971,0.0059213617734880245,0.072224847246613696
v3.1,c530bf2cab2728a7,200,1,2.7,0,0.5786,0.010558896866164716,0.59513010648723086
v3.1,c530bf2cab2728a7,200,1,2.7,1,0.34729999999999994,0.010464808752300362,0.33332318678509598
v3.1,c530bf2cab2728a7,200,1,2.7,2,0.074099999999999971,0.005872543544050369,0.071546706727673173
v3.1,c530bf2cab2728a7,200,1,2.75,0,0.57659999999999978,0.010673028405918132,0.59632582847872073
v3.1,c530bf2cab2728a7,200,1,2.75,1,0.34925000000000006,0.010738483377671413,0.3328118667711143
v3.1,c530bf2cab2728a7,200,1,2.75,2,0.074149999999999966,0.0057735267481073549,0.070862304750164931
v3.1,c530bf2cab2728a7,200,1,2.8,0,0.57984999999999998,0.010746964570275064,0.59749054132633495
v3.1,c530bf2cab2728a7,200,1,2.8,1,0.34684999999999994,0.010740900541595409,0.33233696728165962
v3.1,c530bf2cab2728a7,200,1,2.8,2,0.073299999999999949,0.0055968154726007743,0.070172491392005334
v3.1,c530bf2cab2728a7,200,1,2.85,0,0.58199999999999996,0.010785793124908957,0.59862341197141167
v3.1,c530bf2cab2728a7,200,1,2.85,1,0.34570000000000006,0.010884151205985126,0.33189848723016818
v3.1,c530bf2cab2728a7,200,1,2.85,2,0.072299999999999989,0.0056045706455724268,0.069478100798420206
v3.1,c530bf2cab2728a7,200,1,2.9,0,0.58109999999999995,0.010913937896288414,0.59972365357447377
v3.1,c530bf2cab2728a7,200,1,2.9,1,0.34600000000000014,0.010969885315644089,0.33149639663138974
v3.1,c530bf2cab2728a7,200,1,2.9,2,0.072900000000000006,0.005630535435722726,0.0687799497941365
v3.1,c530bf2cab2728a7,200,1,2.95,0,0.5806,0.011145792339205271,0.60079052562878299
v3.1,c530bf2cab2728a7,200,1,2.95,1,0.34645000000000004,0.011112213455418674,0.331130637751747
v3.1,c530bf2cab2728a7,200,1,2.95,2,0.072950000000000015,0.0056738345931035914,0.068078836619470048
v3.1,c530bf2cab2728a7,200,1,3,0,0.58180000000000032,0.011079948218527584,0.60182333395794396
v3.1,c530bf2cab2728a7,200,1,3,1,0.34610000000000007,0.011035887281084743,0.33080112625217128
v3.1,c530bf2cab2728a7,200,1,3,2,0.072100000000000011,0.0056840997439339411,0.067375539789884795
v3.1,c530bf2cab2728a7,200,1,3.05,0,0.58205000000000007,0.011411516201636048,0.60282143060212579
v3.1,c530bf2cab2728a7,200,1,3.05,1,0.34600000000000014,0.011352924243950933,0.33050775231995755
v3.1,c530bf2cab2728a7,200,1,3.05,2,0.07195,0.0058667419933180632,0.066670817077916625
v3.1,c530bf2cab2728a7,200,1,3.1,0,0.58515000000000006,0.011687957844972688,0.60378421359781187
v3.1,c530bf2cab2728a7,200,1,3.1,1,0.34489999999999993,0.011577795711419059,0.33025038178646698
v3.1,c530bf2cab2728a7,200,1,3.1,2,0.069949999999999984,0.0056971085170062765,0.06596540461572116
v3.1,c530bf2cab2728a7,200,1,3.15,0,0.58799999999999963,0.011894740370636448,0.60471112665629267
v3.1,c530bf2cab2728a7,200,1,3.15,1,0.34354999999999969,0.011638341155357359,0.33002885722778291
v3.1,c530bf2cab2728a7,200,1,3.15,2,0.068449999999999983,0.0055143041723367528,0.065260016115924357
v3.1,c530bf2cab2728a7,200,1,3.2,0,0.58620000000000005,0.012256542264555217,0.60560165874637373
v3.1,c530bf2cab2728a7,200,1,3.2,1,0.34665000000000001,0.011940943696527354,0.32984299904569991
v3.1,c530bf2cab2728a7,200,1,3.2,2,0.067150000000000001,0.0055017237886379423,0.064555342207926317
v3.1,c530bf2cab2728a7,200,1,3.25,0,0.58435000000000004,0.012504273007030175,0.60645534358697717
v3.1,c530bf2cab2728a7,200,1,3.25,1,0.34894999999999998,0.012078508963770274,0.32969260652668747
v3.1,c530bf2cab2728a7,200,1,3.25,2,0.066700000000000009,0.0055624189927139644,0.063852049886335319
v3.1,c530bf2cab2728a7,200,1,3.3,0,0.58205000000000018,0.012654119583133491,0.60727175905548647
v3.1,c530bf2cab2728a7,200,1,3.3,1,0.35154999999999992,0.012248210547511077,0.32957745887672474
v3.1,c530bf2cab2728a7,200,1,3.3,2,0.066400000000000001,0.0056407965624179247,0.063150782067788888
v3.1,c530bf2cab2728a7,200,1,3.35,0,0.58199999999999985,0.012557946496223823,0.60805052651779645
v3.1,c530bf2cab2728a7,200,1,3.35,1,0.35199999999999998,0.012238579504290041,0.32949731623015066
v3.1,c530bf2cab2728a7,200,1,3.35,2,0.066000000000000003,0.0055677643628300223,0.062452157252052803
v3.1,c530bf2cab2728a7,200,1,3.4,0,0.58180000000000009,0.012670159008194386,0.60879131008611787
v3.1,c530bf2cab2728a7,200,1,3.4,1,0.35284999999999994,0.012333590292163488,0.32945192063090606
v3.1,c530bf2cab2728a7,200,1,3.4,2,0.065349999999999978,0.0055945748432537461,0.061756769282976111
v3.1,c530bf2cab2728a7,200,1,3.45,0,0.58334999999999992,0.012598110929417114,0.60949381581061668
v3.1,c530bf2cab2728a7,200,1,3.45,1,0.35074999999999995,0.012451801013702737,0.32944099698476575
v3.1,c530bf2cab2728a7,200,1,3.45,2,0.065899999999999986,0.0057859024072884823,0.061065187204617531
v3.1,c530bf2cab2728a7,200,1,3.5,0,0.58444999999999991,0.012826128437960957,0.6101577908109751
v3.1,c530bf2cab2728a7,200,1,3.5,1,0.35119999999999996,0.012568824668017033,0.32946425398137735
v3.1,c530bf2cab2728a7,200,1,3.5,2,0.064349999999999991,0.0058429163708863478,0.06037795520764748
v3.1,c530bf2cab2728a7,200,1,3.55,0,0.58325000000000016,0.012728194861976483,0.61078302235391835
v3.1,c530bf2cab2728a7,200,1,3.55,1,0.3524000000000001,0.012519173174363272,0.32952138498511624
v3.1,c530bf2cab2728a7,200,1,3.55,2,0.064350000000000018,0.0059627018314949414,0.059695592660965427
v3.1,c530bf2cab2728a7,200,1,3.6,0,0.58415000000000017,0.013049837453997562,0.61136933688268724
v3.1,c530bf2cab2728a7,200,1,3.6,1,0.35245000000000021,0.012790956203742576,0.32961206889396011
v3.1,c530bf2cab2728a7,200,1,3.6,2,0.06339999999999997,0.005949229642006882,0.05901859422335267
v3.1,c530bf2cab2728a7,200,1,3.65,0,0.58395000000000008,0.013157610042108789,0.61191659900433437
v3.1,c530bf2cab2728a7,200,1,3.65,1,0.35234999999999994,0.012895354852336432,0.32973597096576024
v3.1,c530bf2cab2728a7,200,1,3.65,2,0.063699999999999979,0.0060900730618761809,0.0583474300299055
v3.1,c530bf2cab2728a7,200,1,3.7,0,0.58600000000000019,0.013442357296879506,0.61242471044059099
v3.1,c530bf2cab2728a7,200,1,3.7,1,0.35019999999999996,0.012909342009223829,0.32989274361145232
v3.1,c530bf2cab2728a7,200,1,3.7,2,0.063799999999999982,0.0062434288688511573,0.057682545947956576
v3.1,c530bf2cab2728a7,200,1,3.75,0,0.58474999999999999,0.013467389532054114,0.61289360894790368
v3.1,c530bf2cab2728a7,200,1,3.75,1,0.35100000000000009,0.012970050972229146,0.33008202715490292
v3.1,c530bf2cab2728a7,200,1,3.75,2,0.064249999999999988,0.0064009054757191127,0.057024363897193509
v3.1,c530bf2cab2728a7,200,1,3.8,0,0.58519999999999994,0.013550675558097022,0.61332326721205377
v3.1,c530bf2cab2728a7,200,1,3.8,1,0.3501999999999999,0.012951915735215435,0.33030345055922727
v3.1,c530bf2cab2728a7,200,1,3.8,2,0.064599999999999977,0.0063812699410545296,0.05637328222871902
v3.1,c530bf2cab2728a7,200,1,3.85,0,0.58584999999999998,0.013910619263096387,0.61371369172258861
v3.1,c530bf2cab2728a7,200,1,3.85,1,0.35010000000000008,0.013102351550833011,0.33055663211954861
v3.1,c530bf2cab2728a7,200,1,3.85,2,0.064050000000000024,0.0063943215812819771,0.055729676157862756
v3.1,c530bf2cab2728a7,200,1,3.9,0,0.58665000000000012,0.014011549168489904,0.61406492163207016
v3.1,c530bf2cab2728a7,200,1,3.9,1,0.35025000000000001,0.013275513838521194,0.33084118012228153
v3.1,c530bf2cab2728a7,200,1,3.9,2,0.063099999999999989,0.0064191868329220329,0.055093898245648379
v3.1,c530bf2cab2728a7,200,1,3.95,0,0.5867,0.013954330271759135,0.61437702760492219
v3.1,c530bf2cab2728a7,200,1,3.95,1,0.34990000000000004,0.013207738013541281,0.33115669347113819
v3.1,c530bf2cab2728a7,200,1,3.95,2,0.06339999999999997,0.0065508423392366382,0.054466278923939744
v3.1,c530bf2cab2728a7,200,1,4,0,0.58474999999999988,0.014255138184053658,0.61465011066042163
v3.1,c530bf2cab2728a7,200,1,4,1,0.35155000000000008,0.013397892002140121,0.33150276228014869
v3.1,c530bf2cab2728a7,200,1,4,2,0.063699999999999979,0.0065665282249673567,0.053847127059429664
v3.1,c530bf2cab2728a7,500,1,0,0,0.52000000000000102,1.0042345108077675e-16,0.52000000000000002
v3.1,c530bf2cab2728a7,500,1,0,1,0.39999999999999925,7.8107128618381923e-17,0.40000000000000002
v3.1,c530bf2cab2728a7,500,1,0,2,0.080000000000000057,5.5790806155987088e-18,0.080000000000000002
v3.1,c530bf2cab2728a7,500,1,0.05,0,0.52194000000000029,0.00090227770143401639,0.5209167443020436
v3.1,c530bf2cab2728a7,500,1,0.05,1,0.39830000000000021,0.00080922709102481511,0.39857794509123373
v3.1,c530bf2cab2728a7,500,1,0.05,2,0.079759999999999998,0.00054478612242963697,0.080505310606722683
v3.1,c530bf2cab2728a7,500,1,0.1,0,0.52342000000000011,0.0014675740994490672,0.52187150132657234
v3.1,c530bf2cab2728a7,500,1,0.1,1,0.39594000000000007,0.0013243500407003541,0.39713814214884552
v3.1,c530bf2cab2728a7,500,1,0.1,2,0.080639999999999962,0.00072356022136335965,0.080990356524582169
v3.1,c530bf2cab2728a7,500,1,0.15,0,0.52440000000000009,0.0016621757677298403,0.52286360195287329
v3.1,c530bf2cab2728a7,500,1,0.15,1,0.39406000000000013,0.0016194412304834961,0.39568209940586663
v3.1,c530bf2cab2728a7,500,1,0.15,2,0.081539999999999932,0.00098467243181669223,0.081454298641259984
v3.1,c530bf2cab2728a7,500,1,0.2,0,0.52460000000000007,0.0018604876085086257,0.52389232590154178
v3.1,c530bf2cab2728a7,500,1,0.2,1,0.39354000000000022,0.001879792595479672,0.39421134732508634
v3.1,c530bf2cab2728a7,500,1,0.2,2,0.081859999999999988,0.0011779986451948101,0.081896326773371803
v3.1,c530bf2cab2728a7,500,1,0.25,0,0.52397999999999989,0.002051556689074141,0.52495690199387635
v3.1,c530bf2cab2728a7,500,1,0.25,1,0.39401999999999993,0.0019871292932979539,0.3927274355255051
v3.1,c530bf2cab2728a7,500,1,0.25,2,0.081999999999999976,0.0013290841382187382,0.082315662480618432
v3.1,c530bf2cab2728a7,500,1,0.3,0,0.5260999999999999,0.0023460906662235827,0.52605650854199448
v3.1,c530bf2cab2728a7,500,1,0.3,1,0.39208000000000004,0.0023306339363903857,0.39123192965710696
v3.1,c530bf2cab2728a7,500,1,0.3,2,0.08181999999999999,0.0013730729379495079,0.082711561800898628
v3.1,c530bf2cab2728a7,500,1,0.35,0,0.52849999999999997,0.0024681199649968727,0.52719027387228712
v3.1,c530bf2cab2728a7,500,1,0.35,1,0.38981999999999972,0.0024095927817242005,0.38972640823764043
v3.1,c530bf2cab2728a7,500,1,0.35,2,0.081679999999999933,0.0014491293101637818,0.083083317890072506
v3.1,c530bf2cab2728a7,500,1,0.4,0,0.52689999999999992,0.0026353272083271752,0.5283572769842888
v3.1,c530bf2cab2728a7,500,1,0.4,1,0.39035999999999993,0.0026489380376431464,0.38821245946526245
v3.1,c530bf2cab2728a7,500,1,0.4,2,0.082739999999999994,0.001522797797251208,0.083430263550448802
v3.1,c530bf2cab2728a7,500,1,0.45,0,0.52715999999999996,0.0028771731356533351,0.52955654834644095
v3.1,c530bf2cab2728a7,500,1,0.45,1,0.38999999999999979,0.0029098231401703269,0.38669167802096294
v3.1,c530bf2cab2728a7,500,1,0.45,2,0.082839999999999983,0.0016352629294657324,0.083751773632596199
v3.1,c530bf2cab2728a7,500,1,0.5,0,0.52761999999999998,0.0029716090937504892,0.53078707082961507
v3.1,c530bf2cab2728a7,500,1,0.5,1,0.38989999999999986,0.0029281462402073431,0.3851656618746393
v3.1,c530bf2cab2728a7,500,1,0.5,2,0.08247999999999997,0.0017585852900050716,0.084047267295745673
v3.1,c530bf2cab2728a7,500,1,0.55,0,0.52741999999999978,0.0031219386621298326,0.53204778077860926
v3.1,c530bf2cab2728a7,500,1,0.55,1,0.38961999999999997,0.0029869338354529618,0.38363600910853946
v3.1,c530bf2cab2728a7,500,1,0.55,2,0.082959999999999978,0.0019257909302597489,0.084316210112851314
v3.1,c530bf2cab2728a7,500,1,0.6,0,0.52805999999999986,0.0033011115360946802,0.53333756922116171
v3.1,c530bf2cab2728a7,500,1,0.6,1,0.38853999999999994,0.0031212345394899519,0.38210431477153373
v3.1,c530bf2cab2728a7,500,1,0.6,2,0.08339999999999996,0.0020283844394846447,0.084558116007304562
v3.1,c530bf2cab2728a7,500,1,0.65,0,0.52923999999999982,0.0034270203802820734,0.53465528321333078
v3.1,c530bf2cab2728a7,500,1,0.65,1,0.38723999999999992,0.0032381289022950879,0.38057216777732422
v3.1,c530bf2cab2728a7,500,1,0.65,2,0.083519999999999928,0.0021645668146189198,0.084772549009344847
v3.1,c530bf2cab2728a7,500,1,0.7,0,0.53035999999999994,0.003514056046648928,0.53599972731938661
v3.1,c530bf2cab2728a7,500,1,0.7,1,0.3855400000000001,0.0033569893919668226,0.37904114785924897
v3.1,c530bf2cab2728a7,500,1,0.7,2,0.08409999999999998,0.0021892990437649912,0.084959124821364349
v3.1,c530bf2cab2728a7,500,1,0.75,0,0.53098000000000012,0.003878924666148669,0.53736966522363794
v3.1,c530bf2cab2728a7,500,1,0.75,1,0.38500000000000012,0.003701105485957111,0.3775128225938017
v3.1,c530bf2cab2728a7,500,1,0.75,2,0.084019999999999997,0.0023565931581695032,0.085117512182560265
v3.1,c530bf2cab2728a7,500,1,0.8,0,0.53176000000000023,0.0040018460386641213,0.53876382147090163
v3.1,c530bf2cab2728a7,500,1,0.8,1,0.38221999999999989,0.0038204019038670135,0.37598874450437147
v3.1,c530bf2cab2728a7,500,1,0.8,2,0.086019999999999985,0.0024646994612616438,0.085247434024726898
v3.1,c530bf2cab2728a7,500,1,0.85,0,0.53271999999999997,0.0042984159638150181,0.54018088333159608
v3.1,c530bf2cab2728a7,500,1,0.85,1,0.38,0.0039471252804791981,0.37447044825601206
v3.1,c530bf2cab2728a7,500,1,0.85,2,0.087279999999999969,0.0025105064079269787,0.085348668412391859
v3.1,c530bf2cab2728a7,500,1,0.9,0,0.53358000000000005,0.0045036725754284881,0.5416195027867321
v3.1,c530bf2cab2728a7,500,1,0.9,1,0.3787999999999998,0.0041531295246458252,0.37295944795129704
v3.1,c530bf2cab2728a7,500,1,0.9,2,0.087620000000000003,0.0025094077533807197,0.085421049261970888
v3.1,c530bf2cab2728a7,500,1,0.95,0,0.53464,0.0045903614434833094,0.54307829862736956
v3.1,c530bf2cab2728a7,500,1,0.95,1,0.37659999999999999,0.0042416406202689019,0.37145723453650248
v3.1,c530bf2cab2728a7,500,1,0.95,2,0.088759999999999992,0.0025253110619478068,0.085464466836127864
v3.1,c530bf2cab2728a7,500,1,1,0,0.53617999999999999,0.0046684927163297852,0.54455585866243494
v3.1,c530bf2cab2728a7,500,1,1,1,0.37506000000000017,0.0043095810572361774,0.36996527332649792
v3.1,c530bf2cab2728a7,500,1,1,2,0.088759999999999964,0.0025217886869875077,0.08547886801106723
v3.1,c530bf2cab2728a7,500,1,1.05,0,0.53844000000000003,0.0048139175335896664,0.5460507420281322
v3.1,c530bf2cab2728a7,500,1,1.05,1,0.37267999999999984,0.0044340482449319197,0.36848500165583004
v3.1,c530bf2cab2728a7,500,1,1.05,2,0.088879999999999959,0.0025469046374615662,0.085464256316037795
v3.1,c530bf2cab2728a7,500,1,1.1,0,0.53965999999999992,0.0049167662034095023,0.54756148159156526
v3.1,c530bf2cab2728a7,500,1,1.1,1,0.37154000000000004,0.0044395700037483145,0.36701782666255878
v3.1,c530bf2cab2728a7,500,1,1.1,2,0.088799999999999935,0.0026130983196739521,0.08542069174587591
v3.1,c530bf2cab2728a7,500,1,1.15,0,0.54045999999999994,0.005086552284348813,0.54908658644059727
v3.1,c530bf2cab2728a7,500,1,1.15,1,0.37074000000000007,0.0045370443812212946,0.3655651232104587
v3.1,c530bf2cab2728a7,500,1,1.15,2,0.088799999999999976,0.0027846621759817546,0.085348290348943964
v3.1,c530bf2cab2728a7,500,1,1.2,0,0.54165999999999992,0.004965827059396891,0.55062454445143738
v3.1,c530bf2cab2728a7,500,1,1.2,1,0.3687399999999999,0.0044856363353857984,0.36412823195424537
v3.1,c530bf2cab2728a7,500,1,1.2,2,0.089599999999999971,0.0028095076674273978,0.085247223594317245
v3.1,c530bf2cab2728a7,500,1,1.25,0,0.54471999999999987,0.0051766780815109565,0.55217382492494638
v3.1,c530bf2cab2728a7,500,1,1.25,1,0.36654000000000003,0.0046790187178099799,0.36270845755153663
v3.1,c530bf2cab2728a7,500,1,1.25,2,0.088739999999999986,0.0028883122190558751,0.085117717523516948
v3.1,c530bf2cab2728a7,500,1,1.3,0,0.54452000000000023,0.0051326343483181578,0.5537328812822192
v3.1,c530bf2cab2728a7,500,1,1.3,1,0.36509999999999998,0.00452828372955511,0.36130706702430765
v3.1,c530bf2cab2728a7,500,1,1.3,2,0.09037999999999996,0.0029332913220132062,0.084960051693473274
v3.1,c530bf2cab2728a7,500,1,1.35,0,0.54632000000000003,0.0053177590784240702,0.55530015380961506
v3.1,c530bf2cab2728a7,500,1,1.35,1,0.36397999999999991,0.0047036194960515636,0.35992528827167369
v3.1,c530bf2cab2728a7,500,1,1.35,2,0.089700000000000002,0.0030032137668326128,0.084774557918711219
v3.1,c530bf2cab2728a7,500,1,1.4,0,0.54826000000000019,0.0053773678364498036,0.55687407244309339
v3.1,c530bf2cab2728a7,500,1,1.4,1,0.36158000000000001,0.0046917331121835567,0.35856430873493061
v3.1,c530bf2cab2728a7,500,1,1.4,2,0.090159999999999976,0.0030062130948615689,0.084561618821975951
v3.1,c530bf2cab2728a7,500,1,1.45,0,0.54867999999999995,0.0055712262219516466,0.55845305958145275
v3.1,c530bf2cab2728a7,500,1,1.45,1,0.36119999999999997,0.0047668044057234248,0.35722527421490624
v3.1,c530bf2cab2728a7,500,1,1.45,2,0.090119999999999964,0.0030058286811802922,0.084321666203640996
v3.1,c530bf2cab2728a7,500,1,1.5,0,0.55171999999999999,0.0054526812976125162,0.56003553291789121
v3.1,c530bf2cab2728a7,500,1,1.5,1,0.35790000000000011,0.0046824300865204085,0.35590928784084508
v3.1,c530bf2cab2728a7,500,1,1.5,2,0.090379999999999988,0.0030295107449116857,0.084055179241263822
v3.1,c530bf2cab2728a7,500,1,1.55,0,0.55522000000000016,0.0053780620594366061,0.56161990827918629
v3.1,c530bf2cab2728a7,500,1,1.55,1,0.35586000000000007,0.0045029512208072716,0.35461740918925194
v3.1,c530bf2cab2728a7,500,1,1.55,2,0.088919999999999971,0.0031267396773797798,0.083762682531561855
v3.1,c530bf2cab2728a7,500,1,1.6,0,0.55608000000000013,0.0052030232081983364,0.56320460246175097
v3.1,c530bf2cab2728a7,500,1,1.6,1,0.35548000000000018,0.004393440473241807,0.35335065355037876
v3.1,c530bf2cab2728a7,500,1,1.6,2,0.088439999999999977,0.0032073879362710979,0.083444743987870412
v3.1,c530bf2cab2728a7,500,1,1.65,0,0.55697999999999992,0.0051846311344202678,0.56478803605385042
v3.1,c530bf2cab2728a7,500,1,1.65,1,0.35510000000000003,0.0044397993402650734,0.35210999133934096
v3.1,c530bf2cab2728a7,500,1,1.65,2,0.087919999999999957,0.003308748122993671,0.083101972606808641
v3.1,c530bf2cab2728a7,500,1,1.7,0,0.55759999999999987,0.0053164125521109077,0.56636863623336264
v3.1,c530bf2cab2728a7,500,1,1.7,1,0.35519999999999979,0.0046335622354619337,0.35089634764821842
v3.1,c530bf2cab2728a7,500,1,1.7,2,0.0872,0.0033036251896877466,0.08273501611841895
v3.1,c530bf2cab2728a7,500,1,1.75,0,0.55923999999999996,0.0055297016194366224,0.56794483953063857
v3.1,c530bf2cab2728a7,500,1,1.75,1,0.35462000000000005,0.0047175318833800241,0.34971060193490716
v3.1,c530bf2cab2728a7,500,1,1.75,2,0.086140000000000022,0.0034055516173127991,0.082344558534454285
v3.1,c530bf2cab2728a7,500,1,1.8,0,0.56227999999999989,0.0055510865257318428,0.56951509454625748
v3.1,c530bf2cab2728a7,500,1,1.8,1,0.35255999999999976,0.0047159373030676143,0.34855358784397356
v3.1,c530bf2cab2728a7,500,1,1.8,2,0.08516,0.0035426612150823121,0.081931317609768933
v3.1,c530bf2cab2728a7,500,1,1.85,0,0.5649200000000002,0.0055918714454667364,0.57107786461377907
v3.1,c530bf2cab2728a7,500,1,1.85,1,0.35069999999999985,0.0048502733443746768,0.34742609315429651
v3.1,c530bf2cab2728a7,500,1,1.85,2,0.084379999999999941,0.0036081495859156725,0.081496042231924304
v3.1,c530bf2cab2728a7,500,1,1.9,0,0.56659999999999988,0.0056375006999036491,0.57263163039796805
v3.1,c530bf2cab2728a7,500,1,1.9,1,0.34999999999999992,0.0048957619272677931,0.34632885984788198
v3.1,c530bf2cab2728a7,500,1,1.9,2,0.08339999999999996,0.0037065598414953264,0.081039509754150085
v3.1,c530bf2cab2728a7,500,1,1.95,0,0.56829999999999981,0.0056230675692978188,0.57417489241939335
v3.1,c530bf2cab2728a7,500,1,1.95,1,0.3484199999999999,0.0049859029556167944,0.34526258429389411
v3.1,c530bf2cab2728a7,500,1,1.95,2,0.083279999999999965,0.0037369592781383958,0.080562523286712512
v3.1,c530bf2cab2728a7,500,1,2,0,0.57012000000000007,0.0057776874895820304,0.57570617349679876
v3.1,c530bf2cab2728a7,500,1,2,1,0.34700000000000003,0.0051582237957724097,0.34422791754166521
v3.1,c530bf2cab2728a7,500,1,2,2,0.082880000000000009,0.0037974281568004158,0.080065908961536134
v3.1,c530bf2cab2728a7,500,1,2.05,0,0.57228000000000012,0.0057935540635147874,0.57722402109917059
v3.1,c530bf2cab2728a7,500,1,2.05,1,0.34625999999999996,0.0051282268973896917,0.34322546571621659
v3.1,c530bf2cab2728a7,500,1,2.05,2,0.081459999999999977,0.003807367127615151,0.079550513184612703
v3.1,c530bf2cab2728a7,500,1,2.1,0,0.57425999999999977,0.0057727786842536868,0.57872700960002343
v3.1,c530bf2cab2728a7,500,1,2.1,1,0.34473999999999999,0.0052436131424694939,0.34225579050966071
v3.1,c530bf2cab2728a7,500,1,2.1,2,0.081000000000000003,0.0038422951894970707,0.079017199890315803
v3.1,c530bf2cab2728a7,500,1,2.15,0,0.57662000000000002,0.0057313382716289215,0.58021374242703805
v3.1,c530bf2cab2728a7,500,1,2.15,1,0.34305999999999998,0.0052933695899834553,0.34131940976173025
v3.1,c530bf2cab2728a7,500,1,2.15,2,0.080320000000000003,0.0037355750845246317,0.078466847811231671
v3.1,c530bf2cab2728a7,500,1,2.2,0,0.57771999999999979,0.0058749266919991116,0.58168285410085752
v3.1,c530bf2cab2728a7,500,1,2.2,1,0.34285999999999994,0.0055641896140054461,0.34041679812261882
v3.1,c530bf2cab2728a7,500,1,2.2,2,0.079419999999999963,0.003615264495681799,0.077900347776523771
v3.1,c530bf2cab2728a7,500,1,2.25,0,0.57993999999999979,0.0060771773751047333,0.58313301215752122
v3.1,c530bf2cab2728a7,500,1,2.25,1,0.34177999999999992,0.0057999578542530048,0.33954838779129859
v3.1,c530bf2cab2728a7,500,1,2.25,2,0.078279999999999947,0.0036364062623764288,0.077318600051180186
v3.1,c530bf2cab2728a7,500,1,2.3,0,0.58165999999999995,0.0063757783442454684,0.58456291894973822
v3.1,c530bf2cab2728a7,500,1,2.3,1,0.34130000000000005,0.0060959582569688805,0.3387145693225036
v3.1,c530bf2cab2728a7,500,1,2.3,2,0.07703999999999997,0.003657727947424977,0.076722511727758125
v3.1,c530bf2cab2728a7,500,1,2.35,0,0.58375999999999995,0.0063477208189994944,0.58597131332291619
v3.1,c530bf2cab2728a7,500,1,2.35,1,0.33921999999999997,0.0060947332786081589,0.33791569249563541
v3.1,c530bf2cab2728a7,500,1,2.35,2,0.077019999999999991,0.0036677678787133197,0.076112994181448568
v3.1,c530bf2cab2728a7,500,1,2.4,0,0.5848399999999998,0.0064780705445215692,0.58735697216260185
v3.1,c530bf2cab2728a7,500,1,2.4,1,0.33810000000000007,0.0061673218325184378,0.33715206723895119
v3.1,c530bf2cab2728a7,500,1,2.4,2,0.077059999999999976,0.0037091701813671786,0.075490960598446941
v3.1,c530bf2cab2728a7,500,1,2.45,0,0.58548000000000011,0.0065631736595071506,0.58871871181072588
v3.1,c530bf2cab2728a7,500,1,2.45,1,0.33827999999999997,0.0063959595831977398,0.3364239646025321
v3.1,c530bf2cab2728a7,500,1,2.45,2,0.076239999999999947,0.0036563800611417786,0.074857323586742006
v3.1,c530bf2cab2728a7,500,1,2.5,0,0.58799999999999975,0.0067879870121242622,0.590055389348772
v3.1,c530bf2cab2728a7,500,1,2.5,1,0.33553999999999978,0.0066228166976069203,0.33573161777369481
v3.1,c530bf2cab2728a7,500,1,2.5,2,0.076459999999999972,0.0036850618458963216,0.07421299287753319
v3.1,c530bf2cab2728a7,500,1,2.55,0,0.59003999999999979,0.0067804817921246095,0.59136590374672382
v3.1,c530bf2cab2728a7,500,1,2.55,1,0.33422000000000013,0.006558571845033387,0.33507522312870647
v3.1,c530bf2cab2728a7,500,1,2.55,2,0.07573999999999996,0.0037487403945131413,0.073558873124569657
v3.1,c530bf2cab2728a7,500,1,2.6,0,0.58995999999999993,0.0069307675905298837,0.59264919687734552
v3.1,c530bf2cab2728a7,500,1,2.6,1,0.33518000000000009,0.0066010770471051309,0.33445494131487719
v3.1,c530bf2cab2728a7,500,1,2.6,2,0.074859999999999954,0.0037342266247308133,0.072895861807777351
v3.1,c530bf2cab2728a7,500,1,2.65,0,0.59172000000000025,0.0067909636929369523,0.59390425439604444
v3.1,c530bf2cab2728a7,500,1,2.65,1,0.33341999999999999,0.0064682781497259565,0.33387089835734196
v3.1,c530bf2cab2728a7,500,1,2.65,2,0.074859999999999968,0.0037078409955774603,0.072224847246613696
v3.1,c530bf2cab2728a7,500,1,2.7,0,0.59340000000000037,0.0067483181593488888,0.59513010648723086
v3.1,c530bf2cab2728a7,500,1,2.7,1,0.33271999999999996,0.0063956753065069396,0.33332318678509598
v3.1,c530bf2cab2728a7,500,1,2.7,2,0.073879999999999973,0.0037200868893947163,0.071546706727673173
v3.1,c530bf2cab2728a7,500,1,2.75,0,0.59439999999999993,0.0068680492871048184,0.59632582847872073
v3.1,c530bf2cab2728a7,500,1,2.75,1,0.33305999999999997,0.0064533417856193053,0.3328118667711143
v3.1,c530bf2cab2728a7,500,1,2.75,2,0.072539999999999966,0.0036735313151288543,0.070862304750164931
v3.1,c530bf2cab2728a7,500,1,2.8,0,0.59421999999999986,0.0070037735860352043,0.59749054132633495
v3.1,c530bf2cab2728a7,500,1,2.8,1,0.33349999999999996,0.0066181492118188873,0.33233696728165962
v3.1,c530bf2cab2728a7,500,1,2.8,2,0.072279999999999969,0.0037689877536108674,0.070172491392005334
v3.1,c530bf2cab2728a7,500,1,2.85,0,0.59536,0.0069829159490513073,0.59862341197141167
v3.1,c530bf2cab2728a7,500,1,2.85,1,0.33279999999999998,0.006753913941956435,0.33189848723016818
v3.1,c530bf2cab2728a7,500,1,2.85,2,0.071839999999999959,0.003801826249091722,0.069478100798420206
v3.1,c530bf2cab2728a7,500,1,2.9,0,0.59732000000000018,0.0069607395404148661,0.59972365357447377
v3.1,c530bf2cab2728a7,500,1,2.9,1,0.33205999999999997,0.0068931501646140852,0.33149639663138974
v3.1,c530bf2cab2728a7,500,1,2.9,2,0.070619999999999961,0.0037720604984597486,0.0687799497941365
v3.1,c530bf2cab2728a7,500,1,2.95,0,0.59854000000000018,0.0069999627704637676,0.60079052562878299
v3.1,c530bf2cab2728a7,500,1,2.95,1,0.33150000000000007,0.007001839585120297,0.331130637751747
v3.1,c530bf2cab2728a7,500,1,2.95,2,0.069959999999999967,0.0037034496613211022,0.068078836619470048
v3.1,c530bf2cab2728a7,500,1,3,0,0.59843999999999997,0.0071803649213699723,0.60182333395794396
v3.1,c530bf2cab2728a7,500,1,3,1,0.33313999999999994,0.0071664907659879052,0.33080112625217128
v3.1,c530bf2cab2728a7,500,1,3,2,0.068419999999999967,0.0036208481622599722,0.067375539789884795
v3.1,c530bf2cab2728a7,500,1,3.05,0,0.60008000000000006,0.0071945501259739319,0.60282143060212579
v3.1,c530bf2cab2728a7,500,1,3.05,1,0.3328000000000001,0.0072219642533570914,0.33050775231995755
v3.1,c530bf2cab2728a7,500,1,3.05,2,0.067119999999999985,0.0035382264575132072,0.066670817077916625
v3.1,c530bf2cab2728a7,500,1,3.1,0,0.60179999999999989,0.0073353440769518604,0.60378421359781187
v3.1,c530bf2cab2728a7,500,1,3.1,1,0.33230000000000004,0.0073308191282358808,0.33025038178646698
v3.1,c530bf2cab2728a7,500,1,3.1,2,0.065899999999999972,0.0035326328636719299,0.06596540461572116
v3.1,c530bf2cab2728a7,500,1,3.15,0,0.60255999999999998,0.0074211861612820413,0.60471112665629267
v3.1,c530bf2cab2728a7,500,1,3.15,1,0.33257999999999993,0.0074560690485379515,0.33002885722778291
v3.1,c530bf2cab2728a7,500,1,3.15,2,0.064859999999999987,0.0034552556951970895,0.065260016115924357
v3.1,c530bf2cab2728a7,500,1,3.2,0,0.60471999999999992,0.0075864057046239972,0.60560165874637373
v3.1,c530bf2cab2728a7,500,1,3.2,1,0.33171999999999996,0.0076793318312036365,0.32984299904569991
v3.1,c530bf2cab2728a7,500,1,3.2,2,0.06355999999999995,0.0034727894647770775,0.064555342207926317
v3.1,c530bf2cab2728a7,500,1,3.25,0,0.60611999999999999,0.0075067549378522889,0.60645534358697717
v3.1,c530bf2cab2728a7,500,1,3.25,1,0.33098000000000011,0.0076377316956374851,0.32969260652668747
v3.1,c530bf2cab2728a7,500,1,3.25,2,0.06289999999999997,0.0033804398733557942,0.063852049886335319
v3.1,c530bf2cab2728a7,500,1,3.3,0,0.60627999999999993,0.0076754374073364313,0.60727175905548647
v3.1,c530bf2cab2728a7,500,1,3.3,1,0.33026000000000011,0.0077614772622825665,0.32957745887672474
v3.1,c530bf2cab2728a7,500,1,3.3,2,0.063459999999999989,0.0033965942538449491,0.063150782067788888
v3.1,c530bf2cab2728a7,500,1,3.35,0,0.60861999999999983,0.0077491841212771915,0.60805052651779645
v3.1,c530bf2cab2728a7,500,1,3.35,1,0.32945999999999998,0.0077768293505434943,0.32949731623015066
v3.1,c530bf2cab2728a7,500,1,3.35,2,0.061919999999999954,0.0033245848833297438,0.062452157252052803
v3.1,c530bf2cab2728a7,500,1,3.4,0,0.60933999999999988,0.0080805067847870716,0.60879131008611787
v3.1,c530bf2cab2728a7,500,1,3.4,1,0.32911999999999997,0.0080585393568348689,0.32945192063090606
v3.1,c530bf2cab2728a7,500,1,3.4,2,0.061539999999999997,0.0033746356331559196,0.061756769282976111
v3.1,c530bf2cab2728a7,500,1,3.45,0,0.61105999999999994,0.0081140583824830491,0.60949381581061668
v3.1,c530bf2cab2728a7,500,1,3.45,1,0.32774000000000003,0.0080045772259162186,0.32944099698476575
v3.1,c530bf2cab2728a7,500,1,3.45,2,0.061199999999999949,0.0034081305044486683,0.061065187204617531
v3.1,c530bf2cab2728a7,500,1,3.5,0,0.61217999999999995,0.0082008669164801203,0.6101577908109751
v3.1,c530bf2cab2728a7,500,1,3.5,1,0.32736000000000004,0.0079921618167458595,0.32946425398137735
v3.1,c530bf2cab2728a7,500,1,3.5,2,0.06045999999999993,0.003440091025340211,0.06037795520764748
v3.1,c530bf2cab2728a7,500,1,3.55,0,0.61245999999999989,0.0082509555002233913,0.61078302235391835
v3.1,c530bf2cab2728a7,500,1,3.55,1,0.32712000000000002,0.0079998141392551257,0.32952138498511624
v3.1,c530bf2cab2728a7,500,1,3.55,2,0.060419999999999974,0.0035302210420964592,0.059695592660965427
v3.1,c530bf2cab2728a7,500,1,3.6,0,0.61364000000000007,0.0083075421494962342,0.61136933688268724
v3.1,c530bf2cab2728a7,500,1,3.6,1,0.32715999999999995,0.0080175655641695608,0.32961206889396011
v3.1,c530bf2cab2728a7,500,1,3.6,2,0.059199999999999947,0.0034624683202430701,0.05901859422335267
v3.1,c530bf2cab2728a7,500,1,3.65,0,0.61329999999999996,0.0085697317945372716,0.61191659900433437
v3.1,c530bf2cab2728a7,500,1,3.65,1,0.32861999999999986,0.0082355570546259957,0.32973597096576024
v3.1,c530bf2cab2728a7,500,1,3.65,2,0.058079999999999951,0.0034464351367050478,0.0583474300299055
v3.1,c530bf2cab2728a7,500,1,3.7,0,0.61316000000000004,0.0086234905867050085,0.61242471044059099
v3.1,c530bf2cab2728a7,500,1,3.7,1,0.32967999999999992,0.008308385444048003,0.32989274361145232
v3.1,c530bf2cab2728a7,500,1,3.7,2,0.057159999999999947,0.0034768126585460802,0.057682545947956576
v3.1,c530bf2cab2728a7,500,1,3.75,0,0.61304000000000014,0.0085563836408906434,0.61289360894790368
v3.1,c530bf2cab2728a7,500,1,3.75,1,0.33000000000000007,0.0081891773861985824,0.33008202715490292
v3.1,c530bf2cab2728a7,500,1,3.75,2,0.056959999999999969,0.0035153320747775161,0.057024363897193509
v3.1,c530bf2cab2728a7,500,1,3.8,0,0.61340000000000006,0.0086307179845765396,0.61332326721205377
v3.1,c530bf2cab2728a7,500,1,3.8,1,0.3301,0.0082618448792071159,0.33030345055922727
v3.1,c530bf2cab2728a7,500,1,3.8,2,0.056499999999999967,0.0035368621600783282,0.05637328222871902
v3.1,c530bf2cab2728a7,500,1,3.85,0,0.61395999999999995,0.0087882832926757214,0.61371369172258861
v3.1,c530bf2cab2728a7,500,1,3.85,1,0.33023999999999981,0.0083898582355199057,0.33055663211954861
v3.1,c530bf2cab2728a7,500,1,3.85,2,0.055799999999999954,0.0036037578591063394,0.055729676157862756
v3.1,c530bf2cab2728a7,500,1,3.9,0,0.61348000000000003,0.0087125415234579982,0.61406492163207016
v3.1,c530bf2cab2728a7,500,1,3.9,1,0.33076000000000005,0.0082998249951125435,0.33084118012228153
v3.1,c530bf2cab2728a7,500,1,3.9,2,0.055759999999999962,0.0036897105084767339,0.055093898245648379
v3.1,c530bf2cab2728a7,500,1,3.95,0,0.61341999999999997,0.0087276777894213977,0.61437702760492219
v3.1,c530bf2cab2728a7,500,1,3.95,1,0.33203999999999995,0.0082709656466021415,0.33115669347113819
v3.1,c530bf2cab2728a7,500,1,3.95,2,0.054539999999999943,0.003674631019750573,0.054466278923939744
v3.1,c530bf2cab2728a7,500,1,4,0,0.61486000000000007,0.0086282718285572539,0.61465011066042163
v3.1,c530bf2cab2728a7,500,1,4,1,0.33160000000000006,0.0081844395351820219,0.33150276228014869
v3.1,c530bf2cab2728a7,500,1,4,2,0.053539999999999976,0.0037297444871457275,0.053847127059429664
v3.1,c530bf2cab2728a7,1000,1,0,0,0.52000000000000102,1.0042345108077675e-16,0.52000000000000002
v3.1,c530bf2cab2728a7,1000,1,0,1,0.39999999999999925,7.8107128618381923e-17,0.40000000000000002
v3.1,c530bf2cab2728a7,1000,1,0,2,0.080000000000000057,5.5790806155987088e-18,0.080000000000000002
v3.1,c530bf2cab2728a7,1000,1,0.05,0,0.52143000000000017,0.00061991446135248383,0.5209167443020436
v3.1,c530bf2cab2728a7,1000,1,0.05,1,0.39805000000000007,0.00064249749439435912,0.39857794509123373
v3.1,c530bf2cab2728a7,1000,1,0.05,2,0.08052000000000005,0.00036278384916106892,0.080505310606722683
v3.1,c530bf2cab2728a7,1000,1,0.1,0,0.52270000000000005,0.00099792714456446545,0.52187150132657234
v3.1,c530bf2cab2728a7,1000,1,0.1,1,0.39620000000000011,0.0010377715051829548,0.39713814214884552
v3.1,c530bf2cab2728a7,1000,1,0.1,2,0.081100000000000047,0.00055495927596518131,0.080990356524582169
v3.1,c530bf2cab2728a7,1000,1,0.15,0,0.5234700000000001,0.0012082590363783347,0.52286360195287329
v3.1,c530bf2cab2728a7,1000,1,0.15,1,0.39426000000000017,0.0011854863043400277,0.39568209940586663
v3.1,c530bf2cab2728a7,1000,1,0.15,2,0.082270000000000038,0.00072094985045333582,0.081454298641259984
v3.1,c530bf2cab2728a7,1000,1,0.2,0,0.52439000000000013,0.0013216071483407835,0.52389232590154178
v3.1,c530bf2cab2728a7,1000,1,0.2,1,0.39301999999999976,0.0013245147767916342,0.39421134732508634
v3.1,c530bf2cab2728a7,1000,1,0.2,2,0.082589999999999997,0.00082634585661663161,0.081896326773371803
v3.1,c530bf2cab2728a7,1000,1,0.25,0,0.52546000000000037,0.001510663778113798,0.52495690199387635
v3.1,c530bf2cab2728a7,1000,1,0.25,1,0.39165999999999995,0.0015701264183806886,0.3927274355255051
v3.1,c530bf2cab2728a7,1000,1,0.25,2,0.082880000000000023,0.00088400831843976852,0.082315662480618432
v3.1,c530bf2cab2728a7,1000,1,0.3,0,0.52578000000000014,0.0016261487004451962,0.52605650854199448
v3.1,c530bf2cab2728a7,1000,1,0.3,1,0.39024000000000009,0.001656643802049398,0.39123192965710696
v3.1,c530bf2cab2728a7,1000,1,0.3,2,0.083979999999999957,0.001003527113070029,0.082711561800898628
v3.1,c530bf2cab2728a7,1000,1,0.35,0,0.52768999999999988,0.0018594392007845119,0.52719027387228712
v3.1,c530bf2cab2728a7,1000,1,0.35,1,0.38807999999999998,0.0018259454448796568,0.38972640823764043
v3.1,c530bf2cab2728a7,1000,1,0.35,2,0.084230000000000055,0.0010823520030867309,0.083083317890072506
v3.1,c530bf2cab2728a7,1000,1,0.4,0,0.52961000000000014,0.0017951052978315881,0.5283572769842888
v3.1,c530bf2cab2728a7,1000,1,0.4,1,0.38577,0.0017631385582981211,0.38821245946526245
v3.1,c530bf2cab2728a7,1000,1,0.4,2,0.084620000000000001,0.001067970793683805,0.083430263550448802
v3.1,c530bf2cab2728a7,1000,1,0.45,0,0.52961000000000003,0.001879334451288004,0.52955654834644095
v3.1,c530bf2cab2728a7,1000,1,0.45,1,0.38492999999999994,0.0018778482743326587,0.38669167802096294
v3.1,c530bf2cab2728a7,1000,1,0.45,2,0.085460000000000036,0.0010843626811369081,0.083751773632596199
v3.1,c530bf2cab2728a7,1000,1,0.5,0,0.53223000000000009,0.0019012412213651867,0.53078707082961507
v3.1,c530bf2cab2728a7,1000,1,0.5,1,0.38235000000000008,0.0020142108763844596,0.3851656618746393
v3.1,c530bf2cab2728a7,1000,1,0.5,2,0.08542000000000001,0.0011265554903009763,0.084047267295745673
v3.1,c530bf2cab2728a7,1000,1,0.55,0,0.53292000000000006,0.0020073440918363513,0.53204778077860926
v3.1,c530bf2cab2728a7,1000,1,0.55,1,0.38100000000000006,0.0021200343050397693,0.38363600910853946
v3.1,c530bf2cab2728a7,1000,1,0.55,2,0.08607999999999999,0.0011696222303018021,0.084316210112851314
v3.1,c530bf2cab2728a7,1000,1,0.6,0,0.53241000000000016,0.00215111411115076,0.53333756922116171
v3.1,c530bf2cab2728a7,1000,1,0.6,1,0.38119000000000008,0.0022904145890862192,0.38210431477153373
v3.1,c530bf2cab2728a7,1000,1,0.6,2,0.086400000000000074,0.0012713629050604069,0.084558116007304562
v3.1,c530bf2cab2728a7,1000,1,0.65,0,0.53283000000000014,0.0020745721233424255,0.53465528321333078
v3.1,c530bf2cab2728a7,1000,1,0.65,1,0.38073999999999986,0.0023379443616955127,0.38057216777732422
v3.1,c530bf2cab2728a7,1000,1,0.65,2,0.086430000000000007,0.0013094261986446463,0.084772549009344847
v3.1,c530bf2cab2728a7,1000,1,0.7,0,0.53534000000000015,0.0021764682725493936,0.53599972731938661
v3.1,c530bf2cab2728a7,1000,1,0.7,1,0.37773000000000018,0.0024036527337879874,0.37904114785924897
v3.1,c530bf2cab2728a7,1000,1,0.7,2,0.086930000000000035,0.0013327464617522464,0.084959124821364349
v3.1,c530bf2cab2728a7,1000,1,0.75,0,0.53698000000000001,0.0023473595740101188,0.53736966522363794
v3.1,c530bf2cab2728a7,1000,1,0.75,1,0.37591999999999992,0.0025509229860597679,0.3775128225938017
v3.1,c530bf2cab2728a7,1000,1,0.75,2,0.087100000000000039,0.0013523268387441989,0.085117512182560265
v3.1,c530bf2cab2728a7,1000,1,0.8,0,0.53743000000000007,0.0024611426680148452,0.53876382147090163
v3.1,c530bf2cab2728a7,1000,1,0.8,1,0.37499000000000016,0.002702505197670181,0.37598874450437147
v3.1,c530bf2cab2728a7,1000,1,0.8,2,0.087580000000000005,0.0014242616375235316,0.085247434024726898
v3.1,c530bf2cab2728a7,1000,1,0.85,0,0.53767999999999982,0.0025500596150686426,0.54018088333159608
v3.1,c530bf2cab2728a7,1000,1,0.85,1,0.37492999999999976,0.0028245409030728014,0.37447044825601206
v3.1,c530bf2cab2728a7,1000,1,0.85,2,0.087389999999999995,0.0015512715540302523,0.085348668412391859
v3.1,c530bf2cab2728a7,1000,1,0.9,0,0.54016999999999993,0.0026454097847579171,0.5416195027867321
v3.1,c530bf2cab2728a7,1000,1,0.9,1,0.37257999999999997,0.0028648754093522307,0.37295944795129704
v3.1,c530bf2cab2728a7,1000,1,0.9,2,0.087249999999999994,0.0015817376329195492,0.085421049261970888
v3.1,c530bf2cab2728a7,1000,1,0.95,0,0.54139999999999999,0.0027037945651445208,0.54307829862736956
v3.1,c530bf2cab2728a7,1000,1,0.95,1,0.37120000000000003,0.0029417235379514128,0.37145723453650248
v3.1,c530bf2cab2728a7,1000,1,0.95,2,0.087400000000000033,0.0015882777662066111,0.085464466836127864
v3.1,c530bf2cab2728a7,1000,1,1,0,0.54210999999999998,0.0029381810837332814,0.54455585866243494
v3.1,c530bf2cab2728a7,1000,1,1,1,0.37048999999999993,0.0030700737002965464,0.36996527332649792
v3.1,c530bf2cab2728a7,1000,1,1,2,0.087400000000000033,0.0016338589135831006,0.08547886801106723
v3.1,c530bf2cab2728a7,1000,1,1.05,0,0.54481999999999997,0.0029440019488355422,0.5460507420281322
v3.1,c530bf2cab2728a7,1000,1,1.05,1,0.36796000000000001,0.0030378394768105664,0.36848500165583004
v3.1,c530bf2cab2728a7,1000,1,1.05,2,0.087220000000000034,0.0016116106505260157,0.085464256316037795
v3.1,c530bf2cab2728a7,1000,1,1.1,0,0.54729000000000017,0.0030168314035046288,0.54756148159156526
v3.1,c530bf2cab2728a7,1000,1,1.1,1,0.36585999999999991,0.0030719986584593025,0.36701782666255878
v3.1,c530bf2cab2728a7,1000,1,1.1,2,0.086850000000000038,0.0016671135764451314,0.08542069174587591
v3.1,c530bf2cab2728a7,1000,1,1.15,0,0.54850000000000021,0.0031428771480407507,0.54908658644059727
v3.1,c530bf2cab2728a7,1000,1,1.15,1,0.36461000000000005,0.0032139812939057009,0.3655651232104587
v3.1,c530bf2cab2728a7,1000,1,1.15,2,0.086890000000000023,0.001633605110351231,0.085348290348943964
v3.1,c530bf2cab2728a7,1000,1,1.2,0,0.55025999999999997,0.0032233873894749695,0.55062454445143738
v3.1,c530bf2cab2728a7,1000,1,1.2,1,0.36256000000000005,0.0031770108561032621,0.36412823195424537
v3.1,c530bf2cab2728a7,1000,1,1.2,2,0.087180000000000021,0.0016161670580716464,0.085247223594317245
v3.1,c530bf2cab2728a7,1000,1,1.25,0,0.55258000000000029,0.0033076947326566323,0.55217382492494638
v3.1,c530bf2cab2728a7,1000,1,1.25,1,0.36031000000000007,0.0032260209408977981,0.36270845755153663
v3.1,c530bf2cab2728a7,1000,1,1.25,2,0.087110000000000062,0.0016645377311992238,0.085117717523516948
v3.1,c530bf2cab2728a7,1000,1,1.3,0,0.55398999999999998,0.0034139492519587181,0.5537328812822192
v3.1,c530bf2cab2728a7,1000,1,1.3,1,0.35879999999999979,0.0033720179493153721,0.36130706702430765
v3.1,c530bf2cab2728a7,1000,1,1.3,2,0.087209999999999996,0.0017178971759307098,0.084960051693473274
v3.1,c530bf2cab2728a7,1000,1,1.35,0,0.55586999999999986,0.0034831094606904769,0.55530015380961506
v3.1,c530bf2cab2728a7,1000,1,1.35,1,0.35709000000000002,0.0034025271356876649,0.35992528827167369
v3.1,c530bf2cab2728a7,1000,1,1.35,2,0.087040000000000006,0.0017949378875610216,0.084774557918711219
v3.1,c530bf2cab2728a7,1000,1,1.4,0,0.55764000000000014,0.0036748811566024143,0.55687407244309339
v3.1,c530bf2cab2728a7,1000,1,1.4,1,0.35555999999999999,0.0035591203089720609,0.35856430873493061
v3.1,c530bf2cab2728a7,1000,1,1.4,2,0.086800000000000016,0.001861898672502526,0.084561618821975951
v3.1,c530bf2cab2728a7,1000,1,1.45,0,0.56045999999999996,0.003830748008291631,0.55845305958145275
v3.1,c530bf2cab2728a7,1000,1,1.45,1,0.35278999999999994,0.0035447014092597532,0.35722527421490624
v3.1,c530bf2cab2728a7,1000,1,1.45,2,0.086749999999999994,0.0019946582705219493,0.084321666203640996
v3.1,c530bf2cab2728a7,1000,1,1.5,0,0.56188999999999967,0.0040323664004996837,0.56003553291789121
v3.1,c530bf2cab2728a7,1000,1,1.5,1,0.3519000000000001,0.0036604492741860095,0.35590928784084508
v3.1,c530bf2cab2728a7,1000,1,1.5,2,0.086209999999999981,0.0020080290854668438,0.084055179241263822
v3.1,c530bf2cab2728a7,1000,1,1.55,0,0.56384999999999963,0.0040881048188740219,0.56161990827918629
v3.1,c530bf2cab2728a7,1000,1,1.55,1,0.34970000000000007,0.0036260143129860645,0.35461740918925194
v3.1,c530bf2cab2728a7,1000,1,1.55,2,0.086449999999999971,0.0020422989126190243,0.083762682531561855
v3.1,c530bf2cab2728a7,1000,1,1.6,0,0.56570999999999971,0.0040725564651231238,0.56320460246175097
v3.1,c530bf2cab2728a7,1000,1,1.6,1,0.3487300000000001,0.0036304507608935729,0.35335065355037876
v3.1,c530bf2cab2728a7,1000,1,1.6,2,0.085560000000000011,0.0020692222713089106,0.083444743987870412
v3.1,c530bf2cab2728a7,1000,1,1.65,0,0.56706999999999974,0.0041405424667779848,0.56478803605385042
v3.1,c530bf2cab2728a7,1000,1,1.65,1,0.34772999999999998,0.0036997912854045628,0.35210999133934096
v3.1,c530bf2cab2728a7,1000,1,1.65,2,0.085199999999999998,0.0020329110341397805,0.083101972606808641
v3.1,c530bf2cab2728a7,1000,1,1.7,0,0.56867000000000012,0.0041898399236556267,0.56636863623336264
v3.1,c530bf2cab2728a7,1000,1,1.7,1,0.34670999999999991,0.0037320423904399053,0.35089634764821842
v3.1,c530bf2cab2728a7,1000,1,1.7,2,0.084619999999999973,0.0020491821477720018,0.08273501611841895
v3.1,c530bf2cab2728a7,1000,1,1.75,0,0.57081999999999999,0.0043542706309177334,0.56794483953063857
v3.1,c530bf2cab2728a7,1000,1,1.75,1,0.34472000000000003,0.0038588238120081638,0.34971060193490716
v3.1,c530bf2cab2728a7,1000,1,1.75,2,0.084460000000000021,0.0021184337648747992,0.082344558534454285
v3.1,c530bf2cab2728a7,1000,1,1.8,0,0.57343,0.0044078042587935296,0.56951509454625748
v3.1,c530bf2cab2728a7,1000,1,1.8,1,0.34296000000000015,0.0038924926448098774,0.34855358784397356
v3.1,c530bf2cab2728a7,1000,1,1.8,2,0.083610000000000018,0.0021313861852576294,0.081931317609768933
v3.1,c530bf2cab2728a7,1000,1,1.85,0,0.57511000000000001,0.0045067826549535193,0.57107786461377907
v3.1,c530bf2cab2728a7,1000,1,1.85,1,0.3409899999999999,0.0039960458991711838,0.34742609315429651
v3.1,c530bf2cab2728a7,1000,1,1.85,2,0.083899999999999975,0.0022111517178140258,0.081496042231924304
v3.1,c530bf2cab2728a7,1000,1,1.9,0,0.57557000000000003,0.0045878243561880538,0.57263163039796805
v3.1,c530bf2cab2728a7,1000,1,1.9,1,0.34142000000000006,0.0040231195494405706,0.34632885984788198
v3.1,c530bf2cab2728a7,1000,1,1.9,2,0.083010000000000014,0.0022574453694297002,0.081039509754150085
v3.1,c530bf2cab2728a7,1000,1,1.95,0,0.57718999999999976,0.0046318112825951534,0.57417489241939335
v3.1,c530bf2cab2728a7,1000,1,1.95,1,0.34003999999999995,0.0041049346997106889,0.34526258429389411
v3.1,c530bf2cab2728a7,1000,1,1.95,2,0.082770000000000024,0.0023349282427924632,0.080562523286712512
v3.1,c530bf2cab2728a7,1000,1,2,0,0.57987,0.0047135449568881851,0.57570617349679876
v3.1,c530bf2cab2728a7,1000,1,2,1,0.33726000000000006,0.0040988941598110755,0.34422791754166521
v3.1,c530bf2cab2728a7,1000,1,2,2,0.082870000000000013,0.0024327585456461022,0.080065908961536134
v3.1,c530bf2cab2728a7,1000,1,2.05,0,0.58091999999999999,0.0048190841160091515,0.57722402109917059
v3.1,c530bf2cab2728a7,1000,1,2.05,1,0.33636000000000016,0.0041382307252440069,0.34322546571621659
v3.1,c530bf2cab2728a7,1000,1,2.05,2,0.082720000000000002,0.0024467285930566164,0.079550513184612703
v3.1,c530bf2cab2728a7,1000,1,2.1,0,0.58351999999999982,0.0048505020046351599,0.57872700960002343
v3.1,c530bf2cab2728a7,1000,1,2.1,1,0.33482999999999991,0.0042447128134523856,0.34225579050966071
v3.1,c530bf2cab2728a7,1000,1,2.1,2,0.081649999999999986,0.0024970032544082222,0.079017199890315803
v3.1,c530bf2cab2728a7,1000,1,2.15,0,0.58606999999999998,0.004856387130325995,0.58021374242703805
v3.1,c530bf2cab2728a7,1000,1,2.15,1,0.33294999999999986,0.0042326621992463901,0.34131940976173025
v3.1,c530bf2cab2728a7,1000,1,2.15,2,0.080979999999999955,0.0025173731699467353,0.078466847811231671
v3.1,c530bf2cab2728a7,1000,1,2.2,0,0.58697999999999995,0.0047925653702670361,0.58168285410085752
v3.1,c530bf2cab2728a7,1000,1,2.2,1,0.33228000000000013,0.0042159888064559215,0.34041679812261882
v3.1,c530bf2cab2728a7,1000,1,2.2,2,0.08074000000000002,0.0025239307166850401,0.077900347776523771
v3.1,c530bf2cab2728a7,1000,1,2.25,0,0.58894999999999986,0.0048025324758733459,0.58313301215752122
v3.1,c530bf2cab2728a7,1000,1,2.25,1,0.33139000000000002,0.0042611445088441341,0.33954838779129859
v3.1,c530bf2cab2728a7,1000,1,2.25,2,0.079660000000000022,0.0025421386049680065,0.077318600051180186
v3.1,c530bf2cab2728a7,1000,1,2.3,0,0.5911200000000002,0.0049624098088641476,0.58456291894973822
v3.1,c530bf2cab2728a7,1000,1,2.3,1,0.32967000000000007,0.0044095867783223814,0.3387145693225036
v3.1,c530bf2cab2728a7,1000,1,2.3,2,0.079210000000000003,0.0025876667466888381,0.076722511727758125
v3.1,c530bf2cab2728a7,1000,1,2.35,0,0.59227999999999992,0.0050148683981242267,0.58597131332291619
v3.1,c530bf2cab2728a7,1000,1,2.35,1,0.32945999999999998,0.0044347894623936301,0.33791569249563541
v3.1,c530bf2cab2728a7,1000,1,2.35,2,0.078259999999999996,0.002543624233731123,0.076112994181448568
v3.1,c530bf2cab2728a7,1000,1,2.4,0,0.59301999999999999,0.0052161942859025902,0.58735697216260185
v3.1,c530bf2cab2728a7,1000,1,2.4,1,0.3296,0.0046300075266644761,0.33715206723895119
v3.1,c530bf2cab2728a7,1000,1,2.4,2,0.077380000000000032,0.0025806498281156888,0.075490960598446941
v3.1,c530bf2cab2728a7,1000,1,2.45,0,0.59421000000000002,0.0052338504859320255,0.58871871181072588
v3.1,c530bf2cab2728a7,1000,1,2.45,1,0.32907000000000003,0.0046340691589246887,0.3364239646025321
v3.1,c530bf2cab2728a7,1000,1,2.45,2,0.076719999999999983,0.0025366835901159688,0.074857323586742006
v3.1,c530bf2cab2728a7,1000,1,2.5,0,0.59541000000000022,0.0052769576289924697,0.590055389348772
v3.1,c530bf2cab2728a7,1000,1,2.5,1,0.32871999999999985,0.0046585661295980756,0.33573161777369481
v3.1,c530bf2cab2728a7,1000,1,2.5,2,0.075869999999999993,0.0025298482806746189,0.07421299287753319
v3.1,c530bf2cab2728a7,1000,1,2.55,0,0.59650999999999976,0.0052696864185162798,0.59136590374672382
v3.1,c530bf2cab2728a7,1000,1,2.55,1,0.32818999999999987,0.0046638453592881407,0.33507522312870647
v3.1,c530bf2cab2728a7,1000,1,2.55,2,0.075299999999999992,0.0025326354700671841,0.073558873124569657
v3.1,c530bf2cab2728a7,1000,1,2.6,0,0.59740999999999989,0.0053608587997360149,0.59264919687734552
v3.1,c530bf2cab2728a7,1000,1,2.6,1,0.32813000000000009,0.0047060600304395829,0.33445494131487719
v3.1,c530bf2cab2728a7,1000,1,2.6,2,0.074460000000000012,0.0024744929079541034,0.072895861807777351
v3.1,c530bf2cab2728a7,1000,1,2.65,0,0.6004600000000001,0.005506220907924843,0.59390425439604444
v3.1,c530bf2cab2728a7,1000,1,2.65,1,0.32565000000000011,0.0047999026715721703,0.33387089835734196
v3.1,c530bf2cab2728a7,1000,1,2.65,2,0.073890000000000011,0.0025174901321865324,0.072224847246613696
v3.1,c530bf2cab2728a7,1000,1,2.7,0,0.60176000000000007,0.0055322766424397872,0.59513010648723086
v3.1,c530bf2cab2728a7,1000,1,2.7,1,0.32519000000000003,0.0047427924051111278,0.33332318678509598
v3.1,c530bf2cab2728a7,1000,1,2.7,2,0.073050000000000018,0.0026315250791934782,0.071546706727673173
v3.1,c530bf2cab2728a7,1000,1,2.75,0,0.60446999999999984,0.0055652503188186528,0.59632582847872073
v3.1,c530bf2cab2728a7,1000,1,2.75,1,0.32344999999999985,0.0046575750182369629,0.3328118667711143
v3.1,c530bf2cab2728a7,1000,1,2.75,2,0.072079999999999977,0.0027310293319774532,0.070862304750164931
v3.1,c530bf2cab2728a7,1000,1,2.8,0,0.6059199999999999,0.0055846051016534854,0.59749054132633495
v3.1,c530bf2cab2728a7,1000,1,2.8,1,0.32338,0.0047464772689486739,0.33233696728165962
v3.1,c530bf2cab2728a7,1000,1,2.8,2,0.070699999999999999,0.0026794956558458846,0.070172491392005334
v3.1,c530bf2cab2728a7,1000,1,2.85,0,0.60734999999999983,0.0056242687515710883,0.59862341197141167
v3.1,c530bf2cab2728a7,1000,1,2.85,1,0.3230200000000002,0.0047373858025734229,0.33189848723016818
v3.1,c530bf2cab2728a7,1000,1,2.85,2,0.069630000000000025,0.0027377147072297037,0.069478100798420206
v3.1,c530bf2cab2728a7,1000,1,2.9,0,0.6086999999999998,0.005758673739006512,0.59972365357447377
v3.1,c530bf2cab2728a7,1000,1,2.9,1,0.32263000000000014,0.0048280881675395433,0.33149639663138974
v3.1,c530bf2cab2728a7,1000,1,2.9,2,0.068670000000000009,0.0027091709194340375,0.0687799497941365
v3.1,c530bf2cab2728a7,1000,1,2.95,0,0.60909999999999997,0.0058073534019683643,0.60079052562878299
v3.1,c530bf2cab2728a7,1000,1,2.95,1,0.32319999999999988,0.0048768676816003925,0.331130637751747
v3.1,c530bf2cab2728a7,1000,1,2.95,2,0.067699999999999996,0.0027901522350849413,0.068078836619470048
v3.1,c530bf2cab2728a7,1000,1,3,0,0.60988999999999971,0.0058676978260453882,0.60182333395794396
v3.1,c530bf2cab2728a7,1000,1,3,1,0.32293999999999995,0.0049329610834168407,0.33080112625217128
v3.1,c530bf2cab2728a7,1000,1,3,2,0.067170000000000007,0.0028225661724713908,0.067375539789884795
v3.1,c530bf2cab2728a7,1000,1,3.05,0,0.61125000000000018,0.0060179928027322702,0.60282143060212579
v3.1,c530bf2cab2728a7,1000,1,3.05,1,0.32217000000000007,0.0050685613482934332,0.33050775231995755
v3.1,c530bf2cab2728a7,1000,1,3.05,2,0.06658,0.0028633589091177939,0.066670817077916625
v3.1,c530bf2cab2728a7,1000,1,3.1,0,0.61066999999999982,0.0060192461523370395,0.60378421359781187
v3.1,c530bf2cab2728a7,1000,1,3.1,1,0.32293000000000005,0.0050279874279633551,0.33025038178646698
v3.1,c530bf2cab2728a7,1000,1,3.1,2,0.066399999999999973,0.0029173462411769178,0.06596540461572116
v3.1,c530bf2cab2728a7,1000,1,3.15,0,0.6109199999999998,0.0060505894194890089,0.60471112665629267
v3.1,c530bf2cab2728a7,1000,1,3.15,1,0.32308000000000009,0.0050969921809758834,0.33002885722778291
v3.1,c530bf2cab2728a7,1000,1,3.15,2,0.066000000000000003,0.0029495419949202252,0.065260016115924357
v3.1,c530bf2cab2728a7,1000,1,3.2,0,0.61110999999999982,0.0060205187031139983,0.60560165874637373
v3.1,c530bf2cab2728a7,1000,1,3.2,1,0.32344999999999985,0.0050741247939169194,0.32984299904569991
v3.1,c530bf2cab2728a7,1000,1,3.2,2,0.065440000000000026,0.0030021648754513697,0.064555342207926317
v3.1,c530bf2cab2728a7,1000,1,3.25,0,0.61208000000000018,0.0060286802750341506,0.60645534358697717
v3.1,c530bf2cab2728a7,1000,1,3.25,1,0.32333000000000001,0.0050003041321645039,0.32969260652668747
v3.1,c530bf2cab2728a7,1000,1,3.25,2,0.064589999999999981,0.0029811561380095339,0.063852049886335319
v3.1,c530bf2cab2728a7,1000,1,3.3,0,0.61320999999999981,0.0060018733607419472,0.60727175905548647
v3.1,c530bf2cab2728a7,1000,1,3.3,1,0.32293000000000005,0.0049640170886657573,0.32957745887672474
v3.1,c530bf2cab2728a7,1000,1,3.3,2,0.063859999999999986,0.0029517336114783994,0.063150782067788888
v3.1,c530bf2cab2728a7,1000,1,3.35,0,0.61428000000000016,0.0060085474471158508,0.60805052651779645
v3.1,c530bf2cab2728a7,1000,1,3.35,1,0.32235000000000008,0.0049031710003410913,0.32949731623015066
v3.1,c530bf2cab2728a7,1000,1,3.35,2,0.06337000000000001,0.0029772082034800131,0.062452157252052803
v3.1,c530bf2cab2728a7,1000,1,3.4,0,0.61536000000000013,0.0059977692822945723,0.60879131008611787
v3.1,c530bf2cab2728a7,1000,1,3.4,1,0.32216000000000006,0.0048656229682011807,0.32945192063090606
v3.1,c530bf2cab2728a7,1000,1,3.4,2,0.062480000000000001,0.0029705109583260851,0.061756769282976111
v3.1,c530bf2cab2728a7,1000,1,3.45,0,0.61629000000000023,0.0059748343453643517,0.60949381581061668
v3.1,c530bf2cab2728a7,1000,1,3.45,1,0.32178000000000007,0.0048579120093831581,0.32944099698476575
v3.1,c530bf2cab2728a7,1000,1,3.45,2,0.061929999999999999,0.0029544438366363272,0.061065187204617531
v3.1,c530bf2cab2728a7,1000,1,3.5,0,0.61726000000000003,0.0059093765587523136,0.6101577908109751
v3.1,c530bf2cab2728a7,1000,1,3.5,1,0.32145000000000001,0.0048183650146228453,0.32946425398137735
v3.1,c530bf2cab2728a7,1000,1,3.5,2,0.061289999999999997,0.0029482847264609346,0.06037795520764748
v3.1,c530bf2cab2728a7,1000,1,3.55,0,0.61735000000000018,0.0059569562935133484,0.61078302235391835
v3.1,c530bf2cab2728a7,1000,1,3.55,1,0.32199,0.0048477735178954146,0.32952138498511624
v3.1,c530bf2cab2728a7,1000,1,3.55,2,0.060659999999999978,0.0029616477805028702,0.059695592660965427
v3.1,c530bf2cab2728a7,1000,1,3.6,0,0.61848999999999998,0.0059967582993655909,0.61136933688268724
v3.1,c530bf2cab2728a7,1000,1,3.6,1,0.32148000000000004,0.0049709150022501864,0.32961206889396011
v3.1,c530bf2cab2728a7,1000,1,3.6,2,0.06003,0.0029344162945804044,0.05901859422335267
v3.1,c530bf2cab2728a7,1000,1,3.65,0,0.62061999999999995,0.0059733715502024217,0.61191659900433437
v3.1,c530bf2cab2728a7,1000,1,3.65,1,0.32030999999999998,0.0050081084757671226,0.32973597096576024
v3.1,c530bf2cab2728a7,1000,1,3.65,2,0.059069999999999991,0.0029585436971727836,0.0583474300299055
v3.1,c530bf2cab2728a7,1000,1,3.7,0,0.62156999999999984,0.0059073529767501767,0.61242471044059099
v3.1,c530bf2cab2728a7,1000,1,3.7,1,0.32075000000000004,0.0050245734529249728,0.32989274361145232
v3.1,c530bf2cab2728a7,1000,1,3.7,2,0.057679999999999988,0.0029299870720575277,0.057682545947956576
v3.1,c530bf2cab2728a7,1000,1,3.75,0,0.62134000000000023,0.0058663777477066612,0.61289360894790368
v3.1,c530bf2cab2728a7,1000,1,3.75,1,0.32128000000000001,0.0050317794109444054,0.33008202715490292
v3.1,c530bf2cab2728a7,1000,1,3.75,2,0.057379999999999959,0.0029391395703745361,0.057024363897193509
v3.1,c530bf2cab2728a7,1000,1,3.8,0,0.6224599999999999,0.0058362749293110801,0.61332326721205377
v3.1,c530bf2cab2728a7,1000,1,3.8,1,0.32075000000000004,0.0049577686207577,0.33030345055922727
v3.1,c530bf2cab2728a7,1000,1,3.8,2,0.056789999999999993,0.0029134413335504808,0.05637328222871902
v3.1,c530bf2cab2728a7,1000,1,3.85,0,0.62316000000000005,0.0058401556641769579,0.61371369172258861
v3.1,c530bf2cab2728a7,1000,1,3.85,1,0.32045999999999991,0.0050116111645504254,0.33055663211954861
v3.1,c530bf2cab2728a7,1000,1,3.85,2,0.056379999999999965,0.0029645644577648207,0.055729676157862756
v3.1,c530bf2cab2728a7,1000,1,3.9,0,0.62311000000000005,0.0059026084800439613,0.61406492163207016
v3.1,c530bf2cab2728a7,1000,1,3.9,1,0.32151999999999992,0.0051434076665419423,0.33084118012228153
v3.1,c530bf2cab2728a7,1000,1,3.9,2,0.055369999999999982,0.0030164416457177158,0.055093898245648379
v3.1,c530bf2cab2728a7,1000,1,3.95,0,0.62382000000000015,0.0058091251797095364,0.61437702760492219
v3.1,c530bf2cab2728a7,1000,1,3.95,1,0.32162999999999997,0.0050980617231780687,0.33115669347113819
v3.1,c530bf2cab2728a7,1000,1,3.95,2,0.05454999999999998,0.0030179387908727609,0.054466278923939744
v3.1,c530bf2cab2728a7,1000,1,4,0,0.62390000000000012,0.0057709740437937697,0.61465011066042163
v3.1,c530bf2cab2728a7,1000,1,4,1,0.32173999999999991,0.0050450219488765808,0.33150276228014869
v3.1,c530bf2cab2728a7,1000,1,4,2,0.054359999999999992,0.003031235371723528,0.053847127059429664
v3.1,c530bf2cab2728a7,2000,1,0,0,0.52000000000000102,1.0042345108077675e-16,0.52000000000000002
v3.1,c530bf2cab2728a7,2000,1,0,1,0.39999999999999925,7.8107128618381923e-17,0.40000000000000002
v3.1,c530bf2cab2728a7,2000,1,0,2,0.080000000000000057,5.5790806155987088e-18,0.080000000000000002
v3.1,c530bf2cab2728a7,2000,1,0.05,0,0.52048000000000005,0.00047412439232119211,0.5209167443020436
v3.1,c530bf2cab2728a7,2000,1,0.05,1,0.39867999999999992,0.00049121165386103018,0.39857794509123373
v3.1,c530bf2cab2728a7,2000,1,0.05,2,0.080839999999999926,0.00030200341158016851,0.080505310606722683
v3.1,c530bf2cab2728a7,2000,1,0.1,0,0.5211450000000003,0.00073423825021637834,0.52187150132657234
v3.1,c530bf2cab2728a7,2000,1,0.1,1,0.39748000000000011,0.00072089730842397307,0.39713814214884552
v3.1,c530bf2cab2728a7,2000,1,0.1,2,0.081374999999999961,0.00040398113517311362,0.080990356524582169
v3.1,c530bf2cab2728a7,2000,1,0.15,0,0.52208000000000021,0.00090806487553578427,0.52286360195287329
v3.1,c530bf2cab2728a7,2000,1,0.15,1,0.39574500000000007,0.00089203815540988532,0.39568209940586663
v3.1,c530bf2cab2728a7,2000,1,0.15,2,0.08217499999999997,0.00047179942451183309,0.081454298641259984
v3.1,c530bf2cab2728a7,2000,1,0.2,0,0.52396500000000013,0.00099542526823788598,0.52389232590154178
v3.1,c530bf2cab2728a7,2000,1,0.2,1,0.3934100000000002,0.0010015992262881444,0.39421134732508634
v3.1,c530bf2cab2728a7,2000,1,0.2,2,0.08262499999999999,0.00056543426593275105,0.081896326773371803
v3.1,c530bf2cab2728a7,2000,1,0.25,0,0.52531000000000005,0.00111834518803273,0.52495690199387635
v3.1,c530bf2cab2728a7,2000,1,0.25,1,0.39164500000000024,0.0011246389993183939,0.3927274355255051
v3.1,c530bf2cab2728a7,2000,1,0.25,2,0.083045000000000008,0.00069147386871168945,0.082315662480618432
v3.1,c530bf2cab2728a7,2000,1,0.3,0,0.52681499999999981,0.0012646645860272666,0.52605650854199448
v3.1,c530bf2cab2728a7,2000,1,0.3,1,0.38989499999999999,0.0012341990205077228,0.39123192965710696
v3.1,c530bf2cab2728a7,2000,1,0.3,2,0.083290000000000003,0.00075398537080896956,0.082711561800898628
v3.1,c530bf2cab2728a7,2000,1,0.35,0,0.52778499999999984,0.0013798194692338451,0.52719027387228712
v3.1,c530bf2cab2728a7,2000,1,0.35,1,0.38864500000000013,0.0013523323473827642,0.38972640823764043
v3.1,c530bf2cab2728a7,2000,1,0.35,2,0.083570000000000047,0.00082250602527650927,0.083083317890072506
v3.1,c530bf2cab2728a7,2000,1,0.4,0,0.52902000000000005,0.0014265682492250315,0.5283572769842888
v3.1,c530bf2cab2728a7,2000,1,0.4,1,0.38691000000000014,0.0014263285495681325,0.38821245946526245
v3.1,c530bf2cab2728a7,2000,1,0.4,2,0.084069999999999964,0.00082639597229796757,0.083430263550448802
v3.1,c530bf2cab2728a7,2000,1,0.45,0,0.52992500000000031,0.0015239564238580397,0.52955654834644095
v3.1,c530bf2cab2728a7,2000,1,0.45,1,0.38596500000000022,0.0015505009780159066,0.38669167802096294
v3.1,c530bf2cab2728a7,2000,1,0.45,2,0.084110000000000018,0.00089133256272489977,0.083751773632596199
v3.1,c530bf2cab2728a7,2000,1,0.5,0,0.53180499999999997,0.0016360042324165456,0.53078707082961507
v3.1,c530bf2cab2728a7,2000,1,0.5,1,0.38393500000000008,0.0016583223693866292,0.3851656618746393
v3.1,c530bf2cab2728a7,2000,1,0.5,2,0.084260000000000002,0.0009039330448074956,0.084047267295745673
v3.1,c530bf2cab2728a7,2000,1,0.55,0,0.5335500000000003,0.0017498845560767601,0.53204778077860926
v3.1,c530bf2cab2728a7,2000,1,0.55,1,0.38224000000000014,0.0017869826721899329,0.38363600910853946
v3.1,c530bf2cab2728a7,2000,1,0.55,2,0.084209999999999993,0.00090607322378971481,0.084316210112851314
v3.1,c530bf2cab2728a7,2000,1,0.6,0,0.53503000000000001,0.0018954866649411432,0.53333756922116171
v3.1,c530bf2cab2728a7,2000,1,0.6,1,0.38081500000000007,0.0019017622741748634,0.38210431477153373
v3.1,c530bf2cab2728a7,2000,1,0.6,2,0.084154999999999994,0.00098146188119683196,0.084558116007304562
v3.1,c530bf2cab2728a7,2000,1,0.65,0,0.53575000000000006,0.002011275036569408,0.53465528321333078
v3.1,c530bf2cab2728a7,2000,1,0.65,1,0.38009000000000015,0.0019906014014347373,0.38057216777732422
v3.1,c530bf2cab2728a7,2000,1,0.65,2,0.084159999999999985,0.0010477219154533383,0.084772549009344847
v3.1,c530bf2cab2728a7,2000,1,0.7,0,0.5367249999999999,0.0020891298149800031,0.53599972731938661
v3.1,c530bf2cab2728a7,2000,1,0.7,1,0.37877000000000011,0.0020695900633466114,0.37904114785924897
v3.1,c530bf2cab2728a7,2000,1,0.7,2,0.084504999999999983,0.0010820270679412671,0.084959124821364349
v3.1,c530bf2cab2728a7,2000,1,0.75,0,0.53798499999999994,0.0021995804811211824,0.53736966522363794
v3.1,c530bf2cab2728a7,2000,1,0.75,1,0.37726499999999985,0.0021373240963712763,0.3775128225938017
v3.1,c530bf2cab2728a7,2000,1,0.75,2,0.084749999999999978,0.0011216307572260828,0.085117512182560265
v3.1,c530bf2cab2728a7,2000,1,0.8,0,0.53925999999999985,0.0022728023017918454,0.53876382147090163
v3.1,c530bf2cab2728a7,2000,1,0.8,1,0.37596499999999999,0.0021850531625643168,0.37598874450437147
v3.1,c530bf2cab2728a7,2000,1,0.8,2,0.084775000000000003,0.001150546093440551,0.085247434024726898
v3.1,c530bf2cab2728a7,2000,1,0.85,0,0.54104000000000008,0.0023539852303373671,0.54018088333159608
v3.1,c530bf2cab2728a7,2000,1,0.85,1,0.37430500000000011,0.0022731846458973449,0.37447044825601206
v3.1,c530bf2cab2728a7,2000,1,0.85,2,0.084655000000000008,0.0011680661519595263,0.085348668412391859
v3.1,c530bf2cab2728a7,2000,1,0.9,0,0.54279500000000014,0.0024828003800693942,0.5416195027867321
v3.1,c530bf2cab2728a7,2000,1,0.9,1,0.37265999999999982,0.0024048759391761326,0.37295944795129704
v3.1,c530bf2cab2728a7,2000,1,0.9,2,0.084544999999999995,0.0011969467680964622,0.085421049261970888
v3.1,c530bf2cab2728a7,2000,1,0.95,0,0.54421499999999989,0.0024949773282911549,0.54307829862736956
v3.1,c530bf2cab2728a7,2000,1,0.95,1,0.37178000000000005,0.0024459337520039088,0.37145723453650248
v3.1,c530bf2cab2728a7,2000,1,0.95,2,0.084005000000000024,0.0011833759061910692,0.085464466836127864
v3.1,c530bf2cab2728a7,2000,1,1,0,0.545825,0.0025865266187485776,0.54455585866243494
v3.1,c530bf2cab2728a7,2000,1,1,1,0.37013999999999997,0.0025277458317439641,0.36996527332649792
v3.1,c530bf2cab2728a7,2000,1,1,2,0.084034999999999957,0.0012399750526978887,0.08547886801106723
v3.1,c530bf2cab2728a7,2000,1,1.05,0,0.54713500000000015,0.0026539836172071677,0.5460507420281322
v3.1,c530bf2cab2728a7,2000,1,1.05,1,0.36867499999999986,0.0025643473877874903,0.36848500165583004
v3.1,c530bf2cab2728a7,2000,1,1.05,2,0.084189999999999987,0.0012220569677078201,0.085464256316037795
v3.1,c530bf2cab2728a7,2000,1,1.1,0,0.54905499999999985,0.0026566183315628834,0.54756148159156526
v3.1,c530bf2cab2728a7,2000,1,1.1,1,0.36714000000000008,0.0025759383893755273,0.36701782666255878
v3.1,c530bf2cab2728a7,2000,1,1.1,2,0.083804999999999991,0.0012297838974158972,0.08542069174587591
v3.1,c530bf2cab2728a7,2000,1,1.15,0,0.55073000000000016,0.002606299865690628,0.54908658644059727
v3.1,c530bf2cab2728a7,2000,1,1.15,1,0.36526999999999998,0.0025271797272329827,0.3655651232104587
v3.1,c530bf2cab2728a7,2000,1,1.15,2,0.084000000000000019,0.0012358287613066497,0.085348290348943964
v3.1,c530bf2cab2728a7,2000,1,1.2,0,0.55221500000000023,0.0026986365337729611,0.55062454445143738
v3.1,c530bf2cab2728a7,2000,1,1.2,1,0.36387499999999995,0.0026300360542138293,0.36412823195424537
v3.1,c530bf2cab2728a7,2000,1,1.2,2,0.083909999999999998,0.0012305738991267941,0.085247223594317245
v3.1,c530bf2cab2728a7,2000,1,1.25,0,0.55396499999999993,0.0027724041913112169,0.55217382492494638
v3.1,c530bf2cab2728a7,2000,1,1.25,1,0.36247999999999997,0.0027204697306817353,0.36270845755153663
v3.1,c530bf2cab2728a7,2000,1,1.25,2,0.083554999999999977,0.0013146973189308788,0.085117717523516948
v3.1,c530bf2cab2728a7,2000,1,1.3,0,0.55608000000000013,0.0027719256334129373,0.5537328812822192
v3.1,c530bf2cab2728a7,2000,1,1.3,1,0.36008500000000004,0.0026951795258883357,0.36130706702430765
v3.1,c530bf2cab2728a7,2000,1,1.3,2,0.083834999999999993,0.0013274311601165932,0.084960051693473274
v3.1,c530bf2cab2728a7,2000,1,1.35,0,0.55800499999999975,0.0028089188311519434,0.55530015380961506
v3.1,c530bf2cab2728a7,2000,1,1.35,1,0.35853000000000002,0.0026597525896939816,0.35992528827167369
v3.1,c530bf2cab2728a7,2000,1,1.35,2,0.083465000000000011,0.0013583125114596708,0.084774557918711219
v3.1,c530bf2cab2728a7,2000,1,1.4,0,0.56057999999999963,0.0028843510202610236,0.55687407244309339
v3.1,c530bf2cab2728a7,2000,1,1.4,1,0.35646,0.0026719897628788352,0.35856430873493061
v3.1,c530bf2cab2728a7,2000,1,1.4,2,0.082959999999999978,0.0014026792544659281,0.084561618821975951
v3.1,c530bf2cab2728a7,2000,1,1.45,0,0.56142499999999984,0.0029099999566107814,0.55845305958145275
v3.1,c530bf2cab2728a7,2000,1,1.45,1,0.35551500000000014,0.0027594232946744355,0.35722527421490624
v3.1,c530bf2cab2728a7,2000,1,1.45,2,0.083059999999999995,0.0013924812531607171,0.084321666203640996
v3.1,c530bf2cab2728a7,2000,1,1.5,0,0.56330499999999994,0.0029996118856689558,0.56003553291789121
v3.1,c530bf2cab2728a7,2000,1,1.5,1,0.35392000000000012,0.0028603146680042041,0.35590928784084508
v3.1,c530bf2cab2728a7,2000,1,1.5,2,0.082775000000000001,0.0014244328128710873,0.084055179241263822
v3.1,c530bf2cab2728a7,2000,1,1.55,0,0.56493499999999974,0.0030368415859543633,0.56161990827918629
v3.1,c530bf2cab2728a7,2000,1,1.55,1,0.35284999999999983,0.0029343619064423183,0.35461740918925194
v3.1,c530bf2cab2728a7,2000,1,1.55,2,0.082215000000000024,0.0014560264004433022,0.083762682531561855
v3.1,c530bf2cab2728a7,2000,1,1.6,0,0.56641500000000011,0.0032326542164030289,0.56320460246175097
v3.1,c530bf2cab2728a7,2000,1,1.6,1,0.35178500000000013,0.0030691628098775321,0.35335065355037876
v3.1,c530bf2cab2728a7,2000,1,1.6,2,0.081799999999999956,0.001460299540325459,0.083444743987870412
v3.1,c530bf2cab2728a7,2000,1,1.65,0,0.56767499999999993,0.0032439016210842045,0.56478803605385042
v3.1,c530bf2cab2728a7,2000,1,1.65,1,0.35086499999999993,0.0031012449031791976,0.35210999133934096
v3.1,c530bf2cab2728a7,2000,1,1.65,2,0.081459999999999977,0.0015212581183435844,0.083101972606808641
v3.1,c530bf2cab2728a7,2000,1,1.7,0,0.56901499999999994,0.0032619280333798747,0.56636863623336264
v3.1,c530bf2cab2728a7,2000,1,1.7,1,0.35014999999999996,0.0030589122976058731,0.35089634764821842
v3.1,c530bf2cab2728a7,2000,1,1.7,2,0.080835000000000004,0.0015548726765893211,0.08273501611841895
v3.1,c530bf2cab2728a7,2000,1,1.75,0,0.57087499999999991,0.003308218836275325,0.56794483953063857
v3.1,c530bf2cab2728a7,2000,1,1.75,1,0.34880000000000011,0.0030986963697528015,0.34971060193490716
v3.1,c530bf2cab2728a7,2000,1,1.75,2,0.080324999999999952,0.0016014257378784049,0.082344558534454285
v3.1,c530bf2cab2728a7,2000,1,1.8,0,0.57218499999999972,0.003385826481022907,0.56951509454625748
v3.1,c530bf2cab2728a7,2000,1,1.8,1,0.34786500000000009,0.0031442094845649652,0.34855358784397356
v3.1,c530bf2cab2728a7,2000,1,1.8,2,0.079950000000000021,0.0016416839716054555,0.081931317609768933
v3.1,c530bf2cab2728a7,2000,1,1.85,0,0.57339999999999969,0.0035027262109806568,0.57107786461377907
v3.1,c530bf2cab2728a7,2000,1,1.85,1,0.34688999999999992,0.0032077839356443225,0.34742609315429651
v3.1,c530bf2cab2728a7,2000,1,1.85,2,0.079710000000000003,0.0016923652088128029,0.081496042231924304
v3.1,c530bf2cab2728a7,2000,1,1.9,0,0.57457999999999987,0.0035373099406415627,0.57263163039796805
v3.1,c530bf2cab2728a7,2000,1,1.9,1,0.34632000000000007,0.0032244608037232331,0.34632885984788198
v3.1,c530bf2cab2728a7,2000,1,1.9,2,0.079100000000000004,0.0017054428614103009,0.081039509754150085
v3.1,c530bf2cab2728a7,2000,1,1.95,0,0.57565499999999992,0.0035964467242549335,0.57417489241939335
v3.1,c530bf2cab2728a7,2000,1,1.95,1,0.34528999999999999,0.003230865818847007,0.34526258429389411
v3.1,c530bf2cab2728a7,2000,1,1.95,2,0.079055000000000042,0.0017572058714753589,0.080562523286712512
v3.1,c530bf2cab2728a7,2000,1,2,0,0.57771000000000006,0.0036760498397386326,0.57570617349679876
v3.1,c530bf2cab2728a7,2000,1,2,1,0.34394999999999998,0.0032714752796025384,0.34422791754166521
v3.1,c530bf2cab2728a7,2000,1,2,2,0.078339999999999951,0.0017535948646979296,0.080065908961536134
v3.1,c530bf2cab2728a7,2000,1,2.05,0,0.57865,0.003741316545676067,0.57722402109917059
v3.1,c530bf2cab2728a7,2000,1,2.05,1,0.34400500000000006,0.0032612547548079678,0.34322546571621659
v3.1,c530bf2cab2728a7,2000,1,2.05,2,0.077345000000000011,0.001799350261521187,0.079550513184612703
v3.1,c530bf2cab2728a7,2000,1,2.1,0,0.58083999999999991,0.0037607145248441465,0.57872700960002343
v3.1,c530bf2cab2728a7,2000,1,2.1,1,0.34279500000000013,0.0032559510007357179,0.34225579050966071
v3.1,c530bf2cab2728a7,2000,1,2.1,2,0.076365000000000002,0.0018416732483085463,0.079017199890315803
v3.1,c530bf2cab2728a7,2000,1,2.15,0,0.58262999999999998,0.0037046218744054352,0.58021374242703805
v3.1,c530bf2cab2728a7,2000,1,2.15,1,0.34154499999999999,0.0032140324824089447,0.34131940976173025
v3.1,c530bf2cab2728a7,2000,1,2.15,2,0.075825000000000017,0.0018323878415936405,0.078466847811231671
v3.1,c530bf2cab2728a7,2000,1,2.2,0,0.58438000000000001,0.0037005808989804554,0.58168285410085752
v3.1,c530bf2cab2728a7,2000,1,2.2,1,0.34092500000000003,0.0032398432980561887,0.34041679812261882
v3.1,c530bf2cab2728a7,2000,1,2.2,2,0.074694999999999998,0.0018318712489493558,0.077900347776523771
v3.1,c530bf2cab2728a7,2000,1,2.25,0,0.58523499999999995,0.0036852316169688815,0.58313301215752122
v3.1,c530bf2cab2728a7,2000,1,2.25,1,0.34033999999999998,0.0032194083150464009,0.33954838779129859
v3.1,c530bf2cab2728a7,2000,1,2.25,2,0.074425000000000019,0.0018162200590870873,0.077318600051180186
v3.1,c530bf2cab2728a7,2000,1,2.3,0,0.58729000000000009,0.0036828580524293137,0.58456291894973822
v3.1,c530bf2cab2728a7,2000,1,2.3,1,0.33917499999999995,0.0032550688909527676,0.3387145693225036
v3.1,c530bf2cab2728a7,2000,1,2.3,2,0.073535000000000003,0.0018654792624920487,0.076722511727758125
v3.1,c530bf2cab2728a7,2000,1,2.35,0,0.5888850000000001,0.0037376318259917814,0.58597131332291619
v3.1,c530bf2cab2728a7,2000,1,2.35,1,0.33816500000000005,0.0033034421518326994,0.33791569249563541
v3.1,c530bf2cab2728a7,2000,1,2.35,2,0.072949999999999959,0.0018877796802625358,0.076112994181448568
v3.1,c530bf2cab2728a7,2000,1,2.4,0,0.58946999999999994,0.0036480991314282126,0.58735697216260185
v3.1,c530bf2cab2728a7,2000,1,2.4,1,0.33836500000000008,0.0032338241973542624,0.33715206723895119
v3.1,c530bf2cab2728a7,2000,1,2.4,2,0.072165000000000021,0.0018540980409499776,0.075490960598446941
v3.1,c530bf2cab2728a7,2000,1,2.45,0,0.59108999999999978,0.0036525235499347969,0.58871871181072588
v3.1,c530bf2cab2728a7,2000,1,2.45,1,0.33735499999999996,0.0032808157937816739,0.3364239646025321
v3.1,c530bf2cab2728a7,2000,1,2.45,2,0.071555000000000007,0.0019084328411266948,0.074857323586742006
v3.1,c530bf2cab2728a7,2000,1,2.5,0,0.59209000000000001,0.0036316188615486008,0.590055389348772
v3.1,c530bf2cab2728a7,2000,1,2.5,1,0.33753499999999986,0.003313252049182818,0.33573161777369481
v3.1,c530bf2cab2728a7,2000,1,2.5,2,0.070375000000000035,0.0018817353773320597,0.07421299287753319
v3.1,c530bf2cab2728a7,2000,1,2.55,0,0.59402499999999991,0.0036454162099044804,0.59136590374672382
v3.1,c530bf2cab2728a7,2000,1,2.55,1,0.33674000000000015,0.0033519667074839521,0.33507522312870647
v3.1,c530bf2cab2728a7,2000,1,2.55,2,0.069234999999999991,0.0018644935267013159,0.073558873124569657
v3.1,c530bf2cab2728a7,2000,1,2.6,0,0.59586500000000009,0.0036271204526149639,0.59264919687734552
v3.1,c530bf2cab2728a7,2000,1,2.6,1,0.33565,0.0033399971269569692,0.33445494131487719
v3.1,c530bf2cab2728a7,2000,1,2.6,2,0.068485000000000018,0.0018759032167966129,0.072895861807777351
v3.1,c530bf2cab2728a7,2000,1,2.65,0,0.59696000000000016,0.0037010282491505122,0.59390425439604444
v3.1,c530bf2cab2728a7,2000,1,2.65,1,0.3355149999999999,0.0033973211000088962,0.33387089835734196
v3.1,c530bf2cab2728a7,2000,1,2.65,2,0.067525000000000002,0.0018741109003115764,0.072224847246613696
v3.1,c530bf2cab2728a7,2000,1,2.7,0,0.59642000000000006,0.0037175037785366601,0.59513010648723086
v3.1,c530bf2cab2728a7,2000,1,2.7,1,0.33625000000000016,0.0034019416618612194,0.33332318678509598
v3.1,c530bf2cab2728a7,2000,1,2.7,2,0.067330000000000001,0.0018830748012414976,0.071546706727673173
v3.1,c530bf2cab2728a7,2000,1,2.75,0,0.59767999999999988,0.0037396964172148107,0.59632582847872073
v3.1,c530bf2cab2728a7,2000,1,2.75,1,0.33585500000000001,0.0034483658477896472,0.3328118667711143
v3.1,c530bf2cab2728a7,2000,1,2.75,2,0.06646500000000001,0.0019192703658874478,0.070862304750164931
v3.1,c530bf2cab2728a7,2000,1,2.8,0,0.59812499999999991,0.0037912137591643081,0.59749054132633495
v3.1,c530bf2cab2728a7,2000,1,2.8,1,0.33600999999999986,0.0035268521174818004,0.33233696728165962
v3.1,c530bf2cab2728a7,2000,1,2.8,2,0.065865000000000021,0.0018814465609249074,0.070172491392005334
v3.1,c530bf2cab2728a7,2000,1,2.85,0,0.59912500000000013,0.0037980814867243154,0.59862341197141167
v3.1,c530bf2cab2728a7,2000,1,2.85,1,0.33534499999999989,0.0035618892884297106,0.33189848723016818
v3.1,c530bf2cab2728a7,2000,1,2.85,2,0.065529999999999991,0.0018421526165402972,0.069478100798420206
v3.1,c530bf2cab2728a7,2000,1,2.9,0,0.60029999999999972,0.0036906994765576115,0.59972365357447377
v3.1,c530bf2cab2728a7,2000,1,2.9,1,0.33422999999999997,0.0034763444459763627,0.33149639663138974
v3.1,c530bf2cab2728a7,2000,1,2.9,2,0.065470000000000028,0.0018679489643278087,0.0687799497941365
v3.1,c530bf2cab2728a7,2000,1,2.95,0,0.60236999999999996,0.0037139419282569085,0.60079052562878299
v3.1,c530bf2cab2728a7,2000,1,2.95,1,0.33314000000000005,0.0034869242039425536,0.331130637751747
v3.1,c530bf2cab2728a7,2000,1,2.95,2,0.064490000000000006,0.0018666122827575664,0.068078836619470048
v3.1,c530bf2cab2728a7,2000,1,3,0,0.60286999999999979,0.0037409798586774449,0.60182333395794396
v3.1,c530bf2cab2728a7,2000,1,3,1,0.33346500000000001,0.0035038309121026463,0.33080112625217128
v3.1,c530bf2cab2728a7,2000,1,3,2,0.063665000000000013,0.0018577853520095947,0.067375539789884795
v3.1,c530bf2cab2728a7,2000,1,3.05,0,0.60411999999999988,0.0037678405250517466,0.60282143060212579
v3.1,c530bf2cab2728a7,2000,1,3.05,1,0.33292500000000003,0.0034882731031879153,0.33050775231995755
v3.1,c530bf2cab2728a7,2000,1,3.05,2,0.062954999999999983,0.0018478365045302974,0.066670817077916625
v3.1,c530bf2cab2728a7,2000,1,3.1,0,0.60420999999999991,0.0037863469508648091,0.60378421359781187
v3.1,c530bf2cab2728a7,2000,1,3.1,1,0.33346500000000001,0.0034666102486667892,0.33025038178646698
v3.1,c530bf2cab2728a7,2000,1,3.1,2,0.062324999999999992,0.0018475259870235311,0.06596540461572116
v3.1,c530bf2cab2728a7,2000,1,3.15,0,0.60528499999999996,0.003909727928481402,0.60471112665629267
v3.1,c530bf2cab2728a7,2000,1,3.15,1,0.33312000000000019,0.0035682885012681955,0.33002885722778291
v3.1,c530bf2cab2728a7,2000,1,3.15,2,0.061595000000000004,0.001859342978885637,0.065260016115924357
v3.1,c530bf2cab2728a7,2000,1,3.2,0,0.60548999999999986,0.003933307524311834,0.60560165874637373
v3.1,c530bf2cab2728a7,2000,1,3.2,1,0.33358999999999994,0.0035280576680506381,0.32984299904569991
v3.1,c530bf2cab2728a7,2000,1,3.2,2,0.060920000000000016,0.0018823169689818908,0.064555342207926317
v3.1,c530bf2cab2728a7,2000,1,3.25,0,0.60523000000000027,0.0039029994940436583,0.60645534358697717
v3.1,c530bf2cab2728a7,2000,1,3.25,1,0.33436500000000019,0.0035430102977125214,0.32969260652668747
v3.1,c530bf2cab2728a7,2000,1,3.25,2,0.060405,0.0018838990166806988,0.063852049886335319
v3.1,c530bf2cab2728a7,2000,1,3.3,0,0.60563499999999981,0.0039901700870053564,0.60727175905548647
v3.1,c530bf2cab2728a7,2000,1,3.3,1,0.33419000000000004,0.0036649636540978933,0.32957745887672474
v3.1,c530bf2cab2728a7,2000,1,3.3,2,0.060174999999999992,0.0018864532350633047,0.063150782067788888
v3.1,c530bf2cab2728a7,2000,1,3.35,0,0.60650999999999977,0.0039564739173392604,0.60805052651779645
v3.1,c530bf2cab2728a7,2000,1,3.35,1,0.33393499999999987,0.0036874593303698024,0.32949731623015066
v3.1,c530bf2cab2728a7,2000,1,3.35,2,0.059554999999999997,0.0018830168009678707,0.062452157252052803
v3.1,c530bf2cab2728a7,2000,1,3.4,0,0.60706999999999989,0.0039990151565381963,0.60879131008611787
v3.1,c530bf2cab2728a7,2000,1,3.4,1,0.33360999999999991,0.0037269803901124601,0.32945192063090606
v3.1,c530bf2cab2728a7,2000,1,3.4,2,0.059319999999999984,0.0018725626582549678,0.061756769282976111
v3.1,c530bf2cab2728a7,2000,1,3.45,0,0.60727499999999979,0.0039912997237552175,0.60949381581061668
v3.1,c530bf2cab2728a7,2000,1,3.45,1,0.33417499999999994,0.0037523082121797926,0.32944099698476575
v3.1,c530bf2cab2728a7,2000,1,3.45,2,0.058550000000000005,0.0018985973025293483,0.061065187204617531
v3.1,c530bf2cab2728a7,2000,1,3.5,0,0.60858000000000023,0.0039887386933260454,0.6101577908109751
v3.1,c530bf2cab2728a7,2000,1,3.5,1,0.33350499999999994,0.0037393518519560675,0.32946425398137735
v3.1,c530bf2cab2728a7,2000,1,3.5,2,0.057915000000000022,0.001882978714267328,0.06037795520764748
v3.1,c530bf2cab2728a7,2000,1,3.55,0,0.60864499999999988,0.0039076220196540062,0.61078302235391835
v3.1,c530bf2cab2728a7,2000,1,3.55,1,0.334005,0.0037121115924426988,0.32952138498511624
v3.1,c530bf2cab2728a7,2000,1,3.55,2,0.057350000000000012,0.0019011758721827123,0.059695592660965427
v3.1,c530bf2cab2728a7,2000,1,3.6,0,0.60870500000000005,0.0040091504868566136,0.61136933688268724
v3.1,c530bf2cab2728a7,2000,1,3.6,1,0.33484499999999989,0.0038157680230932025,0.32961206889396011
v3.1,c530bf2cab2728a7,2000,1,3.6,2,0.056450000000000042,0.0019039233814479618,0.05901859422335267
v3.1,c530bf2cab2728a7,2000,1,3.65,0,0.60918499999999964,0.0039695600282879991,0.61191659900433437
v3.1,c530bf2cab2728a7,2000,1,3.65,1,0.33498,0.0038053518930978017,0.32973597096576024
v3.1,c530bf2cab2728a7,2000,1,3.65,2,0.055834999999999989,0.0018995089078256756,0.0583474300299055
v3.1,c530bf2cab2728a7,2000,1,3.7,0,0.60940499999999964,0.0040456529545034921,0.61242471044059099
v3.1,c530bf2cab2728a7,2000,1,3.7,1,0.33504000000000006,0.0039129007039780507,0.32989274361145232
v3.1,c530bf2cab2728a7,2000,1,3.7,2,0.055555,0.0018519290379537122,0.057682545947956576
v3.1,c530bf2cab2728a7,2000,1,3.75,0,0.60967499999999986,0.0040378035270716584,0.61289360894790368
v3.1,c530bf2cab2728a7,2000,1,3.75,1,0.33523500000000001,0.0039030514803914456,0.33008202715490292
v3.1,c530bf2cab2728a7,2000,1,3.75,2,0.055090000000000021,0.0018441058165480264,0.057024363897193509
v3.1,c530bf2cab2728a7,2000,1,3.8,0,0.6103799999999997,0.0041564548802696241,0.61332326721205377
v3.1,c530bf2cab2728a7,2000,1,3.8,1,0.33512999999999998,0.0039755415106662272,0.33030345055922727
v3.1,c530bf2cab2728a7,2000,1,3.8,2,0.054489999999999997,0.0018538246024275482,0.05637328222871902
v3.1,c530bf2cab2728a7,2000,1,3.85,0,0.6105799999999999,0.0041750323291556623,0.61371369172258861
v3.1,c530bf2cab2728a7,2000,1,3.85,1,0.33537499999999992,0.0040456259894439874,0.33055663211954861
v3.1,c530bf2cab2728a7,2000,1,3.85,2,0.054044999999999982,0.0018425675843860665,0.055729676157862756
v3.1,c530bf2cab2728a7,2000,1,3.9,0,0.61068000000000011,0.004272069968783496,0.61406492163207016
v3.1,c530bf2cab2728a7,2000,1,3.9,1,0.33606999999999992,0.0041128219072072685,0.33084118012228153
v3.1,c530bf2cab2728a7,2000,1,3.9,2,0.053249999999999985,0.0018673767588775324,0.055093898245648379
v3.1,c530bf2cab2728a7,2000,1,3.95,0,0.61115500000000023,0.0042742339085560712,0.61437702760492219
v3.1,c530bf2cab2728a7,2000,1,3.95,1,0.33614999999999989,0.0041055733245470502,0.33115669347113819
v3.1,c530bf2cab2728a7,2000,1,3.95,2,0.052694999999999999,0.0018948614058750441,0.054466278923939744
v3.1,c530bf2cab2728a7,2000,1,4,0,0.61061500000000013,0.0042941694967323623,0.61465011066042163
v3.1,c530bf2cab2728a7,2000,1,4,1,0.33695000000000003,0.0041626192463278446,0.33150276228014869
v3.1,c530bf2cab2728a7,2000,1,4,2,0.052435000000000016,0.0018542151679049788,0.053847127059429664
v3.1,c530bf2cab2728a7,4000,1,0,0,0.52000000000000102,1.0042345108077675e-16,0.52000000000000002
v3.1,c530bf2cab2728a7,4000,1,0,1,0.39999999999999925,7.8107128618381923e-17,0.40000000000000002
v3.1,c530bf2cab2728a7,4000,1,0,2,0.080000000000000057,5.5790806155987088e-18,0.080000000000000002
v3.1,c530bf2cab2728a7,4000,1,0.05,0,0.52127249999999981,0.00031032515938198528,0.5209167443020436
v3.1,c530bf2cab2728a7,4000,1,0.05,1,0.3983675000000001,0.00032943659818274971,0.39857794509123373
v3.1,c530bf2cab2728a7,4000,1,0.05,2,0.080360000000000015,0.00019392021685489769,0.080505310606722683
v3.1,c530bf2cab2728a7,4000,1,0.1,0,0.52221499999999998,0.00050136203375294498,0.52187150132657234
v3.1,c530bf2cab2728a7,4000,1,0.1,1,0.39713499999999979,0.00051136601570714692,0.39713814214884552
v3.1,c530bf2cab2728a7,4000,1,0.1,2,0.080650000000000027,0.00026517099495543749,0.080990356524582169
v3.1,c530bf2cab2728a7,4000,1,0.15,0,0.52318999999999993,0.00064719792298426906,0.52286360195287329
v3.1,c530bf2cab2728a7,4000,1,0.15,1,0.39581999999999995,0.00061321803922941161,0.39568209940586663
v3.1,c530bf2cab2728a7,4000,1,0.15,2,0.080989999999999979,0.00031962177774375896,0.081454298641259984
v3.1,c530bf2cab2728a7,4000,1,0.2,0,0.52439250000000004,0.00069527858488958286,0.52389232590154178
v3.1,c530bf2cab2728a7,4000,1,0.2,1,0.39395499999999989,0.00065886898039999833,0.39421134732508634
v3.1,c530bf2cab2728a7,4000,1,0.2,2,0.081652499999999989,0.00034456265281828172,0.081896326773371803
v3.1,c530bf2cab2728a7,4000,1,0.25,0,0.52527249999999992,0.00076248940214526163,0.52495690199387635
v3.1,c530bf2cab2728a7,4000,1,0.25,1,0.39241500000000007,0.00073298218176697839,0.3927274355255051
v3.1,c530bf2cab2728a7,4000,1,0.25,2,0.082312499999999997,0.00039253409747022947,0.082315662480618432
v3.1,c530bf2cab2728a7,4000,1,0.3,0,0.52640250000000011,0.00077190973166451509,0.52605650854199448
v3.1,c530bf2cab2728a7,4000,1,0.3,1,0.39089500000000016,0.00073492578475034434,0.39123192965710696
v3.1,c530bf2cab2728a7,4000,1,0.3,2,0.082702500000000012,0.00044849207226983274,0.082711561800898628
v3.1,c530bf2cab2728a7,4000,1,0.35,0,0.52719000000000027,0.00080637547962559804,0.52719027387228712
v3.1,c530bf2cab2728a7,4000,1,0.35,1,0.39000750000000012,0.00082452507756608224,0.38972640823764043
v3.1,c530bf2cab2728a7,4000,1,0.35,2,0.082802500000000029,0.0004970785230532578,0.083083317890072506
v3.1,c530bf2cab2728a7,4000,1,0.4,0,0.52860000000000007,0.00092990441563755471,0.5283572769842888
v3.1,c530bf2cab2728a7,4000,1,0.4,1,0.38841250000000016,0.00092498549674679758,0.38821245946526245
v3.1,c530bf2cab2728a7,4000,1,0.4,2,0.082987500000000006,0.00054922322327984171,0.083430263550448802
v3.1,c530bf2cab2728a7,4000,1,0.45,0,0.52954000000000012,0.00094152063764482079,0.52955654834644095
v3.1,c530bf2cab2728a7,4000,1,0.45,1,0.38703000000000004,0.00097919184364794786,0.38669167802096294
v3.1,c530bf2cab2728a7,4000,1,0.45,2,0.083430000000000004,0.00057796315984793884,0.083751773632596199
v3.1,c530bf2cab2728a7,4000,1,0.5,0,0.5307624999999998,0.00099259489915996617,0.53078707082961507
v3.1,c530bf2cab2728a7,4000,1,0.5,1,0.38541000000000003,0.0010401080460580758,0.3851656618746393
v3.1,c530bf2cab2728a7,4000,1,0.5,2,0.083827499999999999,0.00059142328541007968,0.084047267295745673
v3.1,c530bf2cab2728a7,4000,1,0.55,0,0.53188499999999983,0.0010701141022896531,0.53204778077860926
v3.1,c530bf2cab2728a7,4000,1,0.55,1,0.38377249999999991,0.0010746980724695182,0.38363600910853946
v3.1,c530bf2cab2728a7,4000,1,0.55,2,0.084342500000000001,0.00065269115586891083,0.084316210112851314
v3.1,c530bf2cab2728a7,4000,1,0.6,0,0.5332325,0.0011376880186491278,0.53333756922116171
v3.1,c530bf2cab2728a7,4000,1,0.6,1,0.38209250000000017,0.0011417117608877887,0.38210431477153373
v3.1,c530bf2cab2728a7,4000,1,0.6,2,0.084675000000000014,0.00067195346910814034,0.084558116007304562
v3.1,c530bf2cab2728a7,4000,1,0.65,0,0.53408,0.0012449842804573312,0.53465528321333078
v3.1,c530bf2cab2728a7,4000,1,0.65,1,0.3806624999999999,0.0012208281621568005,0.38057216777732422
v3.1,c530bf2cab2728a7,4000,1,0.65,2,0.0852575,0.00072302897346140037,0.084772549009344847
v3.1,c530bf2cab2728a7,4000,1,0.7,0,0.53520999999999996,0.001232871125511994,0.53599972731938661
v3.1,c530bf2cab2728a7,4000,1,0.7,1,0.3791675000000001,0.0012501568335956325,0.37904114785924897
v3.1,c530bf2cab2728a7,4000,1,0.7,2,0.08562249999999999,0.00070548442236666067,0.084959124821364349
v3.1,c530bf2cab2728a7,4000,1,0.75,0,0.5357925,0.0013588702926409949,0.53736966522363794
v3.1,c530bf2cab2728a7,4000,1,0.75,1,0.3785174999999999,0.0013501414768740932,0.3775128225938017
v3.1,c530bf2cab2728a7,4000,1,0.75,2,0.085689999999999975,0.00071935822969245496,0.085117512182560265
v3.1,c530bf2cab2728a7,4000,1,0.8,0,0.53678750000000008,0.001527402789149945,0.53876382147090163
v3.1,c530bf2cab2728a7,4000,1,0.8,1,0.37723250000000019,0.0014438753225156583,0.37598874450437147
v3.1,c530bf2cab2728a7,4000,1,0.8,2,0.085979999999999987,0.00072215726203584698,0.085247434024726898
v3.1,c530bf2cab2728a7,4000,1,0.85,0,0.53849249999999993,0.0015224061190806288,0.54018088333159608
v3.1,c530bf2cab2728a7,4000,1,0.85,1,0.37540749999999995,0.0014392086025017893,0.37447044825601206
v3.1,c530bf2cab2728a7,4000,1,0.85,2,0.08610000000000001,0.00075807105021344617,0.085348668412391859
v3.1,c530bf2cab2728a7,4000,1,0.9,0,0.54003750000000006,0.0015632755650953679,0.5416195027867321
v3.1,c530bf2cab2728a7,4000,1,0.9,1,0.3736425000000001,0.0014551339580459891,0.37295944795129704
v3.1,c530bf2cab2728a7,4000,1,0.9,2,0.086319999999999966,0.00080664130939358798,0.085421049261970888
v3.1,c530bf2cab2728a7,4000,1,0.95,0,0.541045,0.0015650151675774503,0.54307829862736956
v3.1,c530bf2cab2728a7,4000,1,0.95,1,0.37248249999999999,0.0014547390989313499,0.37145723453650248
v3.1,c530bf2cab2728a7,4000,1,0.95,2,0.086472499999999994,0.00081288467972108599,0.085464466836127864
v3.1,c530bf2cab2728a7,4000,1,1,0,0.54298000000000013,0.0016343908141363665,0.54455585866243494
v3.1,c530bf2cab2728a7,4000,1,1,1,0.37075249999999998,0.0014877381610547556,0.36996527332649792
v3.1,c530bf2cab2728a7,4000,1,1,2,0.086267499999999997,0.00085558367312447699,0.08547886801106723
v3.1,c530bf2cab2728a7,4000,1,1.05,0,0.54414750000000012,0.0016792821601006552,0.5460507420281322
v3.1,c530bf2cab2728a7,4000,1,1.05,1,0.36904750000000019,0.0015212206646657352,0.36848500165583004
v3.1,c530bf2cab2728a7,4000,1,1.05,2,0.086804999999999979,0.00090890362969943514,0.085464256316037795
v3.1,c530bf2cab2728a7,4000,1,1.1,0,0.54536000000000007,0.0016990465240566809,0.54756148159156526
v3.1,c530bf2cab2728a7,4000,1,1.1,1,0.36776500000000001,0.0015388152172133181,0.36701782666255878
v3.1,c530bf2cab2728a7,4000,1,1.1,2,0.08687499999999998,0.00091839712697083396,0.08542069174587591
v3.1,c530bf2cab2728a7,4000,1,1.15,0,0.54684250000000012,0.0017310615028841921,0.54908658644059727
v3.1,c530bf2cab2728a7,4000,1,1.15,1,0.36615249999999988,0.0015585536831733879,0.3655651232104587
v3.1,c530bf2cab2728a7,4000,1,1.15,2,0.087004999999999985,0.00096108616479565292,0.085348290348943964
v3.1,c530bf2cab2728a7,4000,1,1.2,0,0.54801250000000012,0.0017289585489945716,0.55062454445143738
v3.1,c530bf2cab2728a7,4000,1,1.2,1,0.36452250000000008,0.0015778497347192267,0.36412823195424537
v3.1,c530bf2cab2728a7,4000,1,1.2,2,0.087465000000000015,0.0010026229489582701,0.085247223594317245
v3.1,c530bf2cab2728a7,4000,1,1.25,0,0.54973249999999996,0.0017237140390400721,0.55217382492494638
v3.1,c530bf2cab2728a7,4000,1,1.25,1,0.3629400000000001,0.0015542224987940357,0.36270845755153663
v3.1,c530bf2cab2728a7,4000,1,1.25,2,0.087327500000000016,0.0010121215778669274,0.085117717523516948
v3.1,c530bf2cab2728a7,4000,1,1.3,0,0.55170249999999998,0.0017346174402851525,0.5537328812822192
v3.1,c530bf2cab2728a7,4000,1,1.3,1,0.36143249999999988,0.0015530308222467726,0.36130706702430765
v3.1,c530bf2cab2728a7,4000,1,1.3,2,0.086864999999999984,0.0010127184887093442,0.084960051693473274
v3.1,c530bf2cab2728a7,4000,1,1.35,0,0.55323750000000016,0.0017467768839560568,0.55530015380961506
v3.1,c530bf2cab2728a7,4000,1,1.35,1,0.36012749999999999,0.0015728058911423626,0.35992528827167369
v3.1,c530bf2cab2728a7,4000,1,1.35,2,0.086635000000000004,0.0010446679188172961,0.084774557918711219
v3.1,c530bf2cab2728a7,4000,1,1.4,0,0.55491750000000017,0.0018158083008273577,0.55687407244309339
v3.1,c530bf2cab2728a7,4000,1,1.4,1,0.35854999999999998,0.0016181303901713112,0.35856430873493061
v3.1,c530bf2cab2728a7,4000,1,1.4,2,0.086532499999999957,0.0010715598879364344,0.084561618821975951
v3.1,c530bf2cab2728a7,4000,1,1.45,0,0.55680500000000022,0.0018659447332315996,0.55845305958145275
v3.1,c530bf2cab2728a7,4000,1,1.45,1,0.35691000000000001,0.0016594560688504058,0.35722527421490624
v3.1,c530bf2cab2728a7,4000,1,1.45,2,0.086285000000000028,0.0010690670198492203,0.084321666203640996
v3.1,c530bf2cab2728a7,4000,1,1.5,0,0.55788250000000017,0.001898276248243776,0.56003553291789121
v3.1,c530bf2cab2728a7,4000,1,1.5,1,0.35613249999999996,0.0016651298027784533,0.35590928784084508
v3.1,c530bf2cab2728a7,4000,1,1.5,2,0.085984999999999992,0.0010909916951049076,0.084055179241263822
v3.1,c530bf2cab2728a7,4000,1,1.55,0,0.55961750000000032,0.0019176527601695412,0.56161990827918629
v3.1,c530bf2cab2728a7,4000,1,1.55,1,0.35442499999999993,0.0017061071970063217,0.35461740918925194
v3.1,c530bf2cab2728a7,4000,1,1.55,2,0.085957499999999964,0.0011176333163421626,0.083762682531561855
v3.1,c530bf2cab2728a7,4000,1,1.6,0,0.56103999999999987,0.0019586080400492219,0.56320460246175097
v3.1,c530bf2cab2728a7,4000,1,1.6,1,0.35285999999999978,0.0017359912605095849,0.35335065355037876
v3.1,c530bf2cab2728a7,4000,1,1.6,2,0.086099999999999996,0.0011494618855197531,0.083444743987870412
v3.1,c530bf2cab2728a7,4000,1,1.65,0,0.56344499999999986,0.0020007624178110845,0.56478803605385042
v3.1,c530bf2cab2728a7,4000,1,1.65,1,0.35081000000000012,0.0017929474632739817,0.35210999133934096
v3.1,c530bf2cab2728a7,4000,1,1.65,2,0.085745000000000016,0.0011934584960601616,0.083101972606808641
v3.1,c530bf2cab2728a7,4000,1,1.7,0,0.56477499999999992,0.0020680790017733259,0.56636863623336264
v3.1,c530bf2cab2728a7,4000,1,1.7,1,0.34984249999999989,0.0018158555841600542,0.35089634764821842
v3.1,c530bf2cab2728a7,4000,1,1.7,2,0.085382500000000028,0.0011870431338056558,0.08273501611841895
v3.1,c530bf2cab2728a7,4000,1,1.75,0,0.56681000000000004,0.0020594421623833046,0.56794483953063857
v3.1,c530bf2cab2728a7,4000,1,1.75,1,0.34847499999999998,0.0017948808378893074,0.34971060193490716
v3.1,c530bf2cab2728a7,4000,1,1.75,2,0.084715000000000013,0.001177991678213133,0.082344558534454285
v3.1,c530bf2cab2728a7,4000,1,1.8,0,0.56904499999999991,0.0020595410516506688,0.56951509454625748
v3.1,c530bf2cab2728a7,4000,1,1.8,1,0.34670000000000001,0.0017944850982041527,0.34855358784397356
v3.1,c530bf2cab2728a7,4000,1,1.8,2,0.08425500000000001,0.0011987682019557414,0.081931317609768933
v3.1,c530bf2cab2728a7,4000,1,1.85,0,0.57092999999999983,0.0020214258893817079,0.57107786461377907
v3.1,c530bf2cab2728a7,4000,1,1.85,1,0.3452599999999999,0.0017707532780478399,0.34742609315429651
v3.1,c530bf2cab2728a7,4000,1,1.85,2,0.083809999999999996,0.0011989743091240087,0.081496042231924304
v3.1,c530bf2cab2728a7,4000,1,1.9,0,0.57310250000000018,0.0020114981821688742,0.57263163039796805
v3.1,c530bf2cab2728a7,4000,1,1.9,1,0.34394249999999976,0.0018456297514108642,0.34632885984788198
v3.1,c530bf2cab2728a7,4000,1,1.9,2,0.082955000000000043,0.0012183745795778967,0.081039509754150085
v3.1,c530bf2cab2728a7,4000,1,1.95,0,0.57423750000000007,0.0020796342159673719,0.57417489241939335
v3.1,c530bf2cab2728a7,4000,1,1.95,1,0.34322000000000019,0.0018823753262000823,0.34526258429389411
v3.1,c530bf2cab2728a7,4000,1,1.95,2,0.082542500000000005,0.0012155612194714126,0.080562523286712512
v3.1,c530bf2cab2728a7,4000,1,2,0,0.57613000000000003,0.0021139432491450809,0.57570617349679876
v3.1,c530bf2cab2728a7,4000,1,2,1,0.34128749999999991,0.001918475348849031,0.34422791754166521
v3.1,c530bf2cab2728a7,4000,1,2,2,0.082582500000000003,0.0012586571678426242,0.080065908961536134
v3.1,c530bf2cab2728a7,4000,1,2.05,0,0.57807000000000019,0.0021621341869607082,0.57722402109917059
v3.1,c530bf2cab2728a7,4000,1,2.05,1,0.34009499999999998,0.0019784277887129244,0.34322546571621659
v3.1,c530bf2cab2728a7,4000,1,2.05,2,0.081834999999999991,0.0012614086442056622,0.079550513184612703
v3.1,c530bf2cab2728a7,4000,1,2.1,0,0.58018500000000006,0.0021799233722979592,0.57872700960002343
v3.1,c530bf2cab2728a7,4000,1,2.1,1,0.33885750000000003,0.0020331074607530452,0.34225579050966071
v3.1,c530bf2cab2728a7,4000,1,2.1,2,0.080957500000000002,0.0012606618782259268,0.079017199890315803
v3.1,c530bf2cab2728a7,4000,1,2.15,0,0.58215250000000007,0.0022168685684992697,0.58021374242703805
v3.1,c530bf2cab2728a7,4000,1,2.15,1,0.33715250000000013,0.0020368694258790397,0.34131940976173025
v3.1,c530bf2cab2728a7,4000,1,2.15,2,0.080695000000000003,0.0012752182423634653,0.078466847811231671
v3.1,c530bf2cab2728a7,4000,1,2.2,0,0.58336250000000012,0.0022907928774936756,0.58168285410085752
v3.1,c530bf2cab2728a7,4000,1,2.2,1,0.33650999999999986,0.0020845963444254432,0.34041679812261882
v3.1,c530bf2cab2728a7,4000,1,2.2,2,0.080127499999999963,0.0012872504906806506,0.077900347776523771
v3.1,c530bf2cab2728a7,4000,1,2.25,0,0.58548999999999995,0.0022764215228061233,0.58313301215752122
v3.1,c530bf2cab2728a7,4000,1,2.25,1,0.33525999999999989,0.0020957958156772099,0.33954838779129859
v3.1,c530bf2cab2728a7,4000,1,2.25,2,0.079249999999999987,0.0012784489892763882,0.077318600051180186
v3.1,c530bf2cab2728a7,4000,1,2.3,0,0.58741250000000012,0.0022371585710946424,0.58456291894973822
v3.1,c530bf2cab2728a7,4000,1,2.3,1,0.33416499999999982,0.0020696466174717179,0.3387145693225036
v3.1,c530bf2cab2728a7,4000,1,2.3,2,0.078422499999999964,0.0013097955301527337,0.076722511727758125
v3.1,c530bf2cab2728a7,4000,1,2.35,0,0.58869000000000016,0.0022703822042852945,0.58597131332291619
v3.1,c530bf2cab2728a7,4000,1,2.35,1,0.33330249999999984,0.0021290626494191089,0.33791569249563541
v3.1,c530bf2cab2728a7,4000,1,2.35,2,0.078007500000000035,0.001323674556229015,0.076112994181448568
v3.1,c530bf2cab2728a7,4000,1,2.4,0,0.59027499999999977,0.0023308116785377749,0.58735697216260185
v3.1,c530bf2cab2728a7,4000,1,2.4,1,0.33242250000000007,0.0021851446771554987,0.33715206723895119
v3.1,c530bf2cab2728a7,4000,1,2.4,2,0.077302499999999982,0.0013831795049556268,0.075490960598446941
v3.1,c530bf2cab2728a7,4000,1,2.45,0,0.59143749999999995,0.0023700290215799705,0.58871871181072588
v3.1,c530bf2cab2728a7,4000,1,2.45,1,0.33185500000000007,0.0022281321728743969,0.3364239646025321
v3.1,c530bf2cab2728a7,4000,1,2.45,2,0.076707499999999998,0.0013964694615603687,0.074857323586742006
v3.1,c530bf2cab2728a7,4000,1,2.5,0,0.59335500000000008,0.0023667044918018704,0.590055389348772
v3.1,c530bf2cab2728a7,4000,1,2.5,1,0.33071249999999985,0.0022328905457710954,0.33573161777369481
v3.1,c530bf2cab2728a7,4000,1,2.5,2,0.0759325,0.0014196575157837232,0.07421299287753319
v3.1,c530bf2cab2728a7,4000,1,2.55,0,0.59443750000000017,0.0023693203618913002,0.59136590374672382
v3.1,c530bf2cab2728a7,4000,1,2.55,1,0.33024999999999993,0.0022888784691338783,0.33507522312870647
v3.1,c530bf2cab2728a7,4000,1,2.55,2,0.075312500000000004,0.0014252962433519327,0.073558873124569657
v3.1,c530bf2cab2728a7,4000,1,2.6,0,0.59594250000000004,0.0023989866731769912,0.59264919687734552
v3.1,c530bf2cab2728a7,4000,1,2.6,1,0.32956250000000004,0.0023700316853143425,0.33445494131487719
v3.1,c530bf2cab2728a7,4000,1,2.6,2,0.074494999999999992,0.0014038591291669739,0.072895861807777351
v3.1,c530bf2cab2728a7,4000,1,2.65,0,0.59758999999999995,0.0024268685397216953,0.59390425439604444
v3.1,c530bf2cab2728a7,4000,1,2.65,1,0.32866999999999996,0.0023947830504214476,0.33387089835734196
v3.1,c530bf2cab2728a7,4000,1,2.65,2,0.073739999999999972,0.0014133469124562078,0.072224847246613696
v3.1,c530bf2cab2728a7,4000,1,2.7,0,0.59869499999999998,0.0023745456237335011,0.59513010648723086
v3.1,c530bf2cab2728a7,4000,1,2.7,1,0.32828750000000007,0.0023580358389296732,0.33332318678509598
v3.1,c530bf2cab2728a7,4000,1,2.7,2,0.073017500000000013,0.0014080946319137227,0.071546706727673173
v3.1,c530bf2cab2728a7,4000,1,2.75,0,0.60060749999999974,0.0024026375842209563,0.59632582847872073
v3.1,c530bf2cab2728a7,4000,1,2.75,1,0.32681999999999994,0.0023707313579815767,0.3328118667711143
v3.1,c530bf2cab2728a7,4000,1,2.75,2,0.072572500000000012,0.001407292043772239,0.070862304750164931
v3.1,c530bf2cab2728a7,4000,1,2.8,0,0.60230250000000041,0.0024067253597098918,0.59749054132633495
v3.1,c530bf2cab2728a7,4000,1,2.8,1,0.32588499999999998,0.0023754463163835554,0.33233696728165962
v3.1,c530bf2cab2728a7,4000,1,2.8,2,0.071812500000000001,0.0014064487794412989,0.070172491392005334
v3.1,c530bf2cab2728a7,4000,1,2.85,0,0.60318250000000029,0.0024351432014598569,0.59862341197141167
v3.1,c530bf2cab2728a7,4000,1,2.85,1,0.32562999999999986,0.0023887216056064186,0.33189848723016818
v3.1,c530bf2cab2728a7,4000,1,2.85,2,0.071187500000000001,0.0013829059900342924,0.069478100798420206
v3.1,c530bf2cab2728a7,4000,1,2.9,0,0.6043925,0.0024629175413839097,0.59972365357447377
v3.1,c530bf2cab2728a7,4000,1,2.9,1,0.32515500000000003,0.0024238914471309868,0.33149639663138974
v3.1,c530bf2cab2728a7,4000,1,2.9,2,0.070452499999999987,0.001407746852063591,0.0687799497941365
v3.1,c530bf2cab2728a7,4000,1,2.95,0,0.60580750000000005,0.0024450084562246616,0.60079052562878299
v3.1,c530bf2cab2728a7,4000,1,2.95,1,0.32474499999999989,0.0024046723773570988,0.331130637751747
v3.1,c530bf2cab2728a7,4000,1,2.95,2,0.069447500000000009,0.0013923052200424933,0.068078836619470048
v3.1,c530bf2cab2728a7,4000,1,3,0,0.60712250000000012,0.0024217175404988084,0.60182333395794396
v3.1,c530bf2cab2728a7,4000,1,3,1,0.32427749999999994,0.002414510257868774,0.33080112625217128
v3.1,c530bf2cab2728a7,4000,1,3,2,0.068600000000000036,0.0013701175943043073,0.067375539789884795
v3.1,c530bf2cab2728a7,4000,1,3.05,0,0.60823249999999995,0.0024856386874088183,0.60282143060212579
v3.1,c530bf2cab2728a7,4000,1,3.05,1,0.32376000000000005,0.0025005451930781544,0.33050775231995755
v3.1,c530bf2cab2728a7,4000,1,3.05,2,0.068007499999999985,0.00140668253168563,0.066670817077916625
v3.1,c530bf2cab2728a7,4000,1,3.1,0,0.60933250000000005,0.0024930941360510484,0.60378421359781187
v3.1,c530bf2cab2728a7,4000,1,3.1,1,0.32327750000000011,0.0025197124229650583,0.33025038178646698
v3.1,c530bf2cab2728a7,4000,1,3.1,2,0.067390000000000005,0.0014104736291706624,0.06596540461572116
v3.1,c530bf2cab2728a7,4000,1,3.15,0,0.61039749999999993,0.0024978326337370188,0.60471112665629267
v3.1,c530bf2cab2728a7,4000,1,3.15,1,0.32298999999999983,0.0025704908543551035,0.33002885722778291
v3.1,c530bf2cab2728a7,4000,1,3.15,2,0.066612500000000005,0.0013926909449629586,0.065260016115924357
v3.1,c530bf2cab2728a7,4000,1,3.2,0,0.61187500000000017,0.0025543968332696824,0.60560165874637373
v3.1,c530bf2cab2728a7,4000,1,3.2,1,0.32233999999999979,0.0026251732025590886,0.32984299904569991
v3.1,c530bf2cab2728a7,4000,1,3.2,2,0.065784999999999996,0.0013697812809261765,0.064555342207926317
v3.1,c530bf2cab2728a7,4000,1,3.25,0,0.61299249999999994,0.0025637218816329569,0.60645534358697717
v3.1,c530bf2cab2728a7,4000,1,3.25,1,0.32209249999999995,0.0026493868525461592,0.32969260652668747
v3.1,c530bf2cab2728a7,4000,1,3.25,2,0.064914999999999987,0.0013641570638857883,0.063852049886335319
v3.1,c530bf2cab2728a7,4000,1,3.3,0,0.61437999999999993,0.0026379286716603379,0.60727175905548647
v3.1,c530bf2cab2728a7,4000,1,3.3,1,0.32181750000000009,0.0027165640782823705,0.32957745887672474
v3.1,c530bf2cab2728a7,4000,1,3.3,2,0.063802500000000026,0.0013186420500122867,0.063150782067788888
v3.1,c530bf2cab2728a7,4000,1,3.35,0,0.6147125,0.002744959510565951,0.60805052651779645
v3.1,c530bf2cab2728a7,4000,1,3.35,1,0.32209249999999995,0.002807200461637569,0.32949731623015066
v3.1,c530bf2cab2728a7,4000,1,3.35,2,0.063195000000000029,0.0013131261373246865,0.062452157252052803
v3.1,c530bf2cab2728a7,4000,1,3.4,0,0.61581249999999998,0.002763927941199157,0.60879131008611787
v3.1,c530bf2cab2728a7,4000,1,3.4,1,0.3217425000000001,0.0028142773957271889,0.32945192063090606
v3.1,c530bf2cab2728a7,4000,1,3.4,2,0.062445000000000021,0.00129722207081521,0.061756769282976111
v3.1,c530bf2cab2728a7,4000,1,3.45,0,0.61710999999999983,0.0028442088957079522,0.60949381581061668
v3.1,c530bf2cab2728a7,4000,1,3.45,1,0.32133499999999998,0.0028958177348609761,0.32944099698476575
v3.1,c530bf2cab2728a7,4000,1,3.45,2,0.061554999999999992,0.00128533187554928,0.061065187204617531
v3.1,c530bf2cab2728a7,4000,1,3.5,0,0.61834250000000024,0.0029004302515212104,0.6101577908109751
v3.1,c530bf2cab2728a7,4000,1,3.5,1,0.32073250000000003,0.0029169788902149428,0.32946425398137735
v3.1,c530bf2cab2728a7,4000,1,3.5,2,0.060925000000000021,0.0012948933305001373,0.06037795520764748
v3.1,c530bf2cab2728a7,4000,1,3.55,0,0.61937999999999993,0.0029034951073462888,0.61078302235391835
v3.1,c530bf2cab2728a7,4000,1,3.55,1,0.32030500000000006,0.0029170531778533364,0.32952138498511624
v3.1,c530bf2cab2728a7,4000,1,3.55,2,0.060314999999999987,0.0012795873111549234,0.059695592660965427
v3.1,c530bf2cab2728a7,4000,1,3.6,0,0.6200874999999999,0.0029345262187937386,0.61136933688268724
v3.1,c530bf2cab2728a7,4000,1,3.6,1,0.32051750000000001,0.0029296771614295693,0.32961206889396011
v3.1,c530bf2cab2728a7,4000,1,3.6,2,0.059394999999999983,0.0012553329672186013,0.05901859422335267
v3.1,c530bf2cab2728a7,4000,1,3.65,0,0.62107999999999985,0.0029265155790365168,0.61191659900433437
v3.1,c530bf2cab2728a7,4000,1,3.65,1,0.32042999999999994,0.0028825780233336365,0.32973597096576024
v3.1,c530bf2cab2728a7,4000,1,3.65,2,0.058489999999999993,0.0012693548031033782,0.0583474300299055
v3.1,c530bf2cab2728a7,4000,1,3.7,0,0.62175000000000025,0.0029419939297742064,0.61242471044059099
v3.1,c530bf2cab2728a7,4000,1,3.7,1,0.32064749999999997,0.0028795892116372738,0.32989274361145232
v3.1,c530bf2cab2728a7,4000,1,3.7,2,0.057602500000000022,0.00122033017866047,0.057682545947956576
v3.1,c530bf2cab2728a7,4000,1,3.75,0,0.62199499999999974,0.0030071673220873995,0.61289360894790368
v3.1,c530bf2cab2728a7,4000,1,3.75,1,0.32095499999999999,0.0029122312161924324,0.33008202715490292
v3.1,c530bf2cab2728a7,4000,1,3.75,2,0.057050000000000003,0.0012097249040316327,0.057024363897193509
v3.1,c530bf2cab2728a7,4000,1,3.8,0,0.62275000000000003,0.0030405944560997675,0.61332326721205377
v3.1,c530bf2cab2728a7,4000,1,3.8,1,0.32123499999999999,0.002880956324457964,0.33030345055922727
v3.1,c530bf2cab2728a7,4000,1,3.8,2,0.056015000000000009,0.0012046564747770305,0.05637328222871902
v3.1,c530bf2cab2728a7,4000,1,3.85,0,0.62333000000000016,0.0030790323811289164,0.61371369172258861
v3.1,c530bf2cab2728a7,4000,1,3.85,1,0.32125500000000001,0.002909202527056916,0.33055663211954861
v3.1,c530bf2cab2728a7,4000,1,3.85,2,0.055414999999999992,0.0012371828743748699,0.055729676157862756
v3.1,c530bf2cab2728a7,4000,1,3.9,0,0.62370999999999999,0.0031214003914974446,0.61406492163207016
v3.1,c530bf2cab2728a7,4000,1,3.9,1,0.32176000000000005,0.0029562421546226012,0.33084118012228153
v3.1,c530bf2cab2728a7,4000,1,3.9,2,0.054530000000000009,0.00124050576195943,0.055093898245648379
v3.1,c530bf2cab2728a7,4000,1,3.95,0,0.62351249999999991,0.0031410474331459446,0.61437702760492219
v3.1,c530bf2cab2728a7,4000,1,3.95,1,0.32258749999999997,0.0029867793180019917,0.33115669347113819
v3.1,c530bf2cab2728a7,4000,1,3.95,2,0.053900000000000003,0.0012573621578366339,0.054466278923939744
v3.1,c530bf2cab2728a7,4000,1,4,0,0.62410249999999978,0.0031554748298021885,0.61465011066042163
v3.1,c530bf2cab2728a7,4000,1,4,1,0.3229149999999999,0.0030017970627710011,0.33150276228014869
v3.1,c530bf2cab2728a7,4000,1,4,2,0.052982499999999995,0.0012536374097204123,0.053847127059429664
v3.1,c530bf2cab2728a7,100,0,0,0,0.52000000000000102,1.0042345108077675e-16,0.52000000000000002
v3.1,c530bf2cab2728a7,100,0,0,1,0.39999999999999925,7.8107128618381923e-17,0.40000000000000002
v3.1,c530bf2cab2728a7,100,0,0,2,0.080000000000000057,5.5790806155987088e-18,0.080000000000000002
v3.1,c530bf2cab2728a7,100,0,0.05,0,0.52000000000000024,0.0020792383998070856,0.5209167443020436
v3.1,c530bf2cab2728a7,100,0,0.05,1,0.40069999999999995,0.0021332149588370276,0.39857794509123373
v3.1,c530bf2cab2728a7,100,0,0.05,2,0.079300000000000009,0.0011569290594002938,0.080505310606722683
v3.1,c530bf2cab2728a7,100,0,0.1,0,0.51719999999999988,0.0028500575928967274,0.52187150132657234
v3.1,c530bf2cab2728a7,100,0,0.1,1,0.40380000000000005,0.0029534434619318999,0.39713814214884552
v3.1,c530bf2cab2728a7,100,0,0.1,2,0.078999999999999945,0.0017262091355910436,0.080990356524582169
v3.1,c530bf2cab2728a7,100,0,0.15,0,0.51380000000000015,0.0035866756787089676,0.52286360195287329
v3.1,c530bf2cab2728a7,100,0,0.15,1,0.40710000000000007,0.0036798523246610233,0.39568209940586663
v3.1,c530bf2cab2728a7,100,0,0.15,2,0.079099999999999976,0.0022115171445883214,0.081454298641259984
v3.1,c530bf2cab2728a7,100,0,0.2,0,0.51440000000000008,0.004286035581991943,0.52389232590154178
v3.1,c530bf2cab2728a7,100,0,0.2,1,0.40520000000000017,0.0041741871524691347,0.39421134732508634
v3.1,c530bf2cab2728a7,100,0,0.2,2,0.080400000000000013,0.0025303012157496677,0.081896326773371803
v3.1,c530bf2cab2728a7,100,0,0.25,0,0.51180000000000003,0.0045290978431391047,0.52495690199387635
v3.1,c530bf2cab2728a7,100,0,0.25,1,0.40810000000000007,0.0045631262542385562,0.3927274355255051
v3.1,c530bf2cab2728a7,100,0,0.25,2,0.080100000000000005,0.0027761429532662217,0.082315662480618432
v3.1,c530bf2cab2728a7,100,0,0.3,0,0.51110000000000011,0.0046425676455421035,0.52605650854199448
v3.1,c530bf2cab2728a7,100,0,0.3,1,0.40980000000000011,0.0046579572407403728,0.39123192965710696
v3.1,c530bf2cab2728a7,100,0,0.3,2,0.07909999999999999,0.0030520567663545354,0.082711561800898628
v3.1,c530bf2cab2728a7,100,0,0.35,0,0.51000000000000012,0.0049482166974424719,0.52719027387228712
v3.1,c530bf2cab2728a7,100,0,0.35,1,0.40879999999999989,0.0049610197713491466,0.38972640823764043
v3.1,c530bf2cab2728a7,100,0,0.35,2,0.081199999999999953,0.0031695521144257275,0.083083317890072506
v3.1,c530bf2cab2728a7,100,0,0.4,0,0.51329999999999976,0.0054699454321138364,0.5283572769842888
v3.1,c530bf2cab2728a7,100,0,0.4,1,0.40580000000000005,0.0055544685805323634,0.38821245946526245
v3.1,c530bf2cab2728a7,100,0,0.4,2,0.0809,0.0034497694257600887,0.083430263550448802
v3.1,c530bf2cab2728a7,100,0,0.45,0,0.51329999999999987,0.0060169037978956676,0.52955654834644095
v3.1,c530bf2cab2728a7,100,0,0.45,1,0.40570000000000006,0.0058831294496392069,0.38669167802096294
v3.1,c530bf2cab2728a7,100,0,0.45,2,0.080999999999999975,0.0036027486700848251,0.083751773632596199
v3.1,c530bf2cab2728a7,100,0,0.5,0,0.51649999999999996,0.0064594695970139433,0.53078707082961507
v3.1,c530bf2cab2728a7,100,0,0.5,1,0.40069999999999995,0.0063456897007163667,0.3851656618746393
v3.1,c530bf2cab2728a7,100,0,0.5,2,0.082799999999999971,0.0040178390090980865,0.084047267295745673
v3.1,c530bf2cab2728a7,100,0,0.55,0,0.51550000000000007,0.0066520673478250372,0.53204778077860926
v3.1,c530bf2cab2728a7,100,0,0.55,1,0.40070000000000022,0.0064951497055086961,0.38363600910853946
v3.1,c530bf2cab2728a7,100,0,0.55,2,0.083799999999999986,0.0042158431343366342,0.084316210112851314
v3.1,c530bf2cab2728a7,100,0,0.6,0,0.51849999999999996,0.0067080157086484796,0.53333756922116171
v3.1,c530bf2cab2728a7,100,0,0.6,1,0.39860000000000007,0.0065782316250745793,0.38210431477153373
v3.1,c530bf2cab2728a7,100,0,0.6,2,0.082899999999999974,0.0045087905162240483,0.084558116007304562
v3.1,c530bf2cab2728a7,100,0,0.65,0,0.51669999999999994,0.0071039255046599107,0.53465528321333078
v3.1,c530bf2cab2728a7,100,0,0.65,1,0.40019999999999989,0.0070838841140587637,0.38057216777732422
v3.1,c530bf2cab2728a7,100,0,0.65,2,0.083099999999999952,0.0046660064468039657,0.084772549009344847
v3.1,c530bf2cab2728a7,100,0,0.7,0,0.51769999999999994,0.0080977051244675684,0.53599972731938661
v3.1,c530bf2cab2728a7,100,0,0.7,1,0.39980000000000016,0.0079454961513368734,0.37904114785924897
v3.1,c530bf2cab2728a7,100,0,0.7,2,0.082499999999999962,0.0047786879565272517,0.084959124821364349
v3.1,c530bf2cab2728a7,100,0,0.75,0,0.52049999999999996,0.0083839372636252511,0.53736966522363794
v3.1,c530bf2cab2728a7,100,0,0.75,1,0.39710000000000006,0.0087192982295688001,0.3775128225938017
v3.1,c530bf2cab2728a7,100,0,0.75,2,0.082399999999999973,0.0047569619368549587,0.085117512182560265
v3.1,c530bf2cab2728a7,100,0,0.8,0,0.52079999999999993,0.0085146101413150956,0.53876382147090163
v3.1,c530bf2cab2728a7,100,0,0.8,1,0.39790000000000009,0.0090768826135297111,0.37598874450437147
v3.1,c530bf2cab2728a7,100,0,0.8,2,0.081299999999999983,0.0047623417548406785,0.085247434024726898
v3.1,c530bf2cab2728a7,100,0,0.85,0,0.52149999999999996,0.0091446015426445634,0.54018088333159608
v3.1,c530bf2cab2728a7,100,0,0.85,1,0.39759999999999995,0.0095315743238412135,0.37447044825601206
v3.1,c530bf2cab2728a7,100,0,0.85,2,0.080899999999999986,0.0048285660920246807,0.085348668412391859
v3.1,c530bf2cab2728a7,100,0,0.9,0,0.51979999999999993,0.0093872684035776928,0.5416195027867321
v3.1,c530bf2cab2728a7,100,0,0.9,1,0.39899999999999997,0.0098621816178078078,0.37295944795129704
v3.1,c530bf2cab2728a7,100,0,0.9,2,0.081199999999999981,0.0051762472268560896,0.085421049261970888
v3.1,c530bf2cab2728a7,100,0,0.95,0,0.51839999999999986,0.0098326604803182401,0.54307829862736956
v3.1,c530bf2cab2728a7,100,0,0.95,1,0.3994000000000002,0.010253178861586134,0.37145723453650248
v3.1,c530bf2cab2728a7,100,0,0.95,2,0.082199999999999954,0.005330643260973069,0.085464466836127864
v3.1,c530bf2cab2728a7,100,0,1,0,0.52080000000000015,0.010114176469518694,0.54455585866243494
v3.1,c530bf2cab2728a7,100,0,1,1,0.39559999999999979,0.010543148476521604,0.36996527332649792
v3.1,c530bf2cab2728a7,100,0,1,2,0.083599999999999952,0.0053870776920892901,0.08547886801106723
v3.1,c530bf2cab2728a7,100,0,1.05,0,0.5220999999999999,0.010312584251262819,0.5460507420281322
v3.1,c530bf2cab2728a7,100,0,1.05,1,0.39389999999999992,0.010786163040271229,0.36848500165583004
v3.1,c530bf2cab2728a7,100,0,1.05,2,0.083999999999999936,0.0056246211993665526,0.085464256316037795
v3.1,c530bf2cab2728a7,100,0,1.1,0,0.5242,0.010775186609272548,0.54756148159156526
v3.1,c530bf2cab2728a7,100,0,1.1,1,0.39360000000000012,0.010949396920803125,0.36701782666255878
v3.1,c530bf2cab2728a7,100,0,1.1,2,0.082199999999999954,0.0054616754746047488,0.08542069174587591
v3.1,c530bf2cab2728a7,100,0,1.15,0,0.52719999999999989,0.011122894761652114,0.54908658644059727
v3.1,c530bf2cab2728a7,100,0,1.15,1,0.39029999999999987,0.011181202660237085,0.3655651232104587
v3.1,c530bf2cab2728a7,100,0,1.15,2,0.082499999999999976,0.0056503776578886904,0.085348290348943964
v3.1,c530bf2cab2728a7,100,0,1.2,0,0.52900000000000003,0.011238911482573897,0.55062454445143738
v3.1,c530bf2cab2728a7,100,0,1.2,1,0.39130000000000009,0.01098452078926054,0.36412823195424537
v3.1,c530bf2cab2728a7,100,0,1.2,2,0.079699999999999965,0.0054632934899724889,0.085247223594317245
v3.1,c530bf2cab2728a7,100,0,1.25,0,0.53160000000000007,0.011380223853224283,0.55217382492494638
v3.1,c530bf2cab2728a7,100,0,1.25,1,0.38910000000000006,0.01119351814600077,0.36270845755153663
v3.1,c530bf2cab2728a7,100,0,1.25,2,0.079299999999999968,0.005717693608617045,0.085117717523516948
v3.1,c530bf2cab2728a7,100,0,1.3,0,0.53439999999999988,0.011846936270188126,0.5537328812822192
v3.1,c530bf2cab2728a7,100,0,1.3,1,0.38720000000000016,0.011694840440523029,0.36130706702430765
v3.1,c530bf2cab2728a7,100,0,1.3,2,0.078399999999999942,0.0058804933483681456,0.084960051693473274
v3.1,c530bf2cab2728a7,100,0,1.35,0,0.53789999999999982,0.012088307231253335,0.55530015380961506
v3.1,c530bf2cab2728a7,100,0,1.35,1,0.38439999999999985,0.011806794825032071,0.35992528827167369
v3.1,c530bf2cab2728a7,100,0,1.35,2,0.077699999999999936,0.005960908004861697,0.084774557918711219
v3.1,c530bf2cab2728a7,100,0,1.4,0,0.53679999999999994,0.012384317225075962,0.55687407244309339
v3.1,c530bf2cab2728a7,100,0,1.4,1,0.38690000000000013,0.012286721912436016,0.35856430873493061
v3.1,c530bf2cab2728a7,100,0,1.4,2,0.076299999999999951,0.0057956009092232962,0.084561618821975951
v3.1,c530bf2cab2728a7,100,0,1.45,0,0.53720000000000012,0.012833101139182412,0.55845305958145275
v3.1,c530bf2cab2728a7,100,0,1.45,1,0.38559999999999989,0.012815962269329951,0.35722527421490624
v3.1,c530bf2cab2728a7,100,0,1.45,2,0.077199999999999921,0.0057771406020066312,0.084321666203640996
v3.1,c530bf2cab2728a7,100,0,1.5,0,0.53869999999999973,0.012984571263969055,0.56003553291789121
v3.1,c530bf2cab2728a7,100,0,1.5,1,0.38409999999999994,0.012849631524017736,0.35590928784084508
v3.1,c530bf2cab2728a7,100,0,1.5,2,0.077199999999999949,0.005932413956690424,0.084055179241263822
v3.1,c530bf2cab2728a7,100,0,1.55,0,0.54139999999999988,0.013138746769257206,0.56161990827918629
v3.1,c530bf2cab2728a7,100,0,1.55,1,0.3791000000000001,0.012989580128672056,0.35461740918925194
v3.1,c530bf2cab2728a7,100,0,1.55,2,0.07949999999999996,0.0063347287139062141,0.083762682531561855
v3.1,c530bf2cab2728a7,100,0,1.6,0,0.54139999999999977,0.013537094566151533,0.56320460246175097
v3.1,c530bf2cab2728a7,100,0,1.6,1,0.37770000000000004,0.013264104366539969,0.35335065355037876
v3.1,c530bf2cab2728a7,100,0,1.6,2,0.080899999999999986,0.0065011187848358423,0.083444743987870412
v3.1,c530bf2cab2728a7,100,0,1.65,0,0.54240000000000022,0.013395400989771369,0.56478803605385042
v3.1,c530bf2cab2728a7,100,0,1.65,1,0.37769999999999987,0.013109372851729275,0.35210999133934096
v3.1,c530bf2cab2728a7,100,0,1.65,2,0.079899999999999985,0.0066446530489871428,0.083101972606808641
v3.1,c530bf2cab2728a7,100,0,1.7,0,0.54200000000000015,0.013463756061097037,0.56636863623336264
v3.1,c530bf2cab2728a7,100,0,1.7,1,0.37859999999999983,0.013187091943995611,0.35089634764821842
v3.1,c530bf2cab2728a7,100,0,1.7,2,0.079399999999999971,0.0069439603871699809,0.08273501611841895
v3.1,c530bf2cab2728a7,100,0,1.75,0,0.54110000000000014,0.01354073166935281,0.56794483953063857
v3.1,c530bf2cab2728a7,100,0,1.75,1,0.37979999999999997,0.013232940227731218,0.34971060193490716
v3.1,c530bf2cab2728a7,100,0,1.75,2,0.079100000000000004,0.0069777351539584724,0.082344558534454285
v3.1,c530bf2cab2728a7,100,0,1.8,0,0.54300000000000037,0.013998196131984112,0.56951509454625748
v3.1,c530bf2cab2728a7,100,0,1.8,1,0.3783999999999999,0.013500258134456902,0.34855358784397356
v3.1,c530bf2cab2728a7,100,0,1.8,2,0.078599999999999962,0.0071985127532418706,0.081931317609768933
v3.1,c530bf2cab2728a7,100,0,1.85,0,0.54469999999999974,0.01389822675993981,0.57107786461377907
v3.1,c530bf2cab2728a7,100,0,1.85,1,0.37759999999999982,0.013486334272930212,0.34742609315429651
v3.1,c530bf2cab2728a7,100,0,1.85,2,0.077699999999999964,0.0075743519908179667,0.081496042231924304
v3.1,c530bf2cab2728a7,100,0,1.9,0,0.54380000000000017,0.014268549861549179,0.57263163039796805
v3.1,c530bf2cab2728a7,100,0,1.9,1,0.37879999999999997,0.013792312307509528,0.34632885984788198
v3.1,c530bf2cab2728a7,100,0,1.9,2,0.077399999999999983,0.0076509984824059251,0.081039509754150085
v3.1,c530bf2cab2728a7,100,0,1.95,0,0.54799999999999982,0.0139768929077079,0.57417489241939335
v3.1,c530bf2cab2728a7,100,0,1.95,1,0.37619999999999998,0.013518995240890957,0.34526258429389411
v3.1,c530bf2cab2728a7,100,0,1.95,2,0.075799999999999951,0.0074348075722485019,0.080562523286712512
v3.1,c530bf2cab2728a7,100,0,2,0,0.54860000000000009,0.014053304007789535,0.57570617349679876
v3.1,c530bf2cab2728a7,100,0,2,1,0.37380000000000008,0.013699354847302964,0.34422791754166521
v3.1,c530bf2cab2728a7,100,0,2,2,0.077599999999999961,0.0074767248271829668,0.080065908961536134
v3.1,c530bf2cab2728a7,100,0,2.05,0,0.54990000000000028,0.014613191079820778,0.57722402109917059
v3.1,c530bf2cab2728a7,100,0,2.05,1,0.37199999999999994,0.014313940369055925,0.34322546571621659
v3.1,c530bf2cab2728a7,100,0,2.05,2,0.078099999999999961,0.0078401904223421668,0.079550513184612703
v3.1,c530bf2cab2728a7,100,0,2.1,0,0.55130000000000001,0.014802166781054098,0.57872700960002343
v3.1,c530bf2cab2728a7,100,0,2.1,1,0.37199999999999989,0.014592096933932866,0.34225579050966071
v3.1,c530bf2cab2728a7,100,0,2.1,2,0.07669999999999999,0.0078766436476150857,0.079017199890315803
v3.1,c530bf2cab2728a7,100,0,2.15,0,0.55349999999999999,0.01512465042587929,0.58021374242703805
v3.1,c530bf2cab2728a7,100,0,2.15,1,0.36959999999999998,0.014998935989198724,0.34131940976173025
v3.1,c530bf2cab2728a7,100,0,2.15,2,0.076899999999999968,0.0081633512132152607,0.078466847811231671
v3.1,c530bf2cab2728a7,100,0,2.2,0,0.55260000000000009,0.015547658890318403,0.58168285410085752
v3.1,c530bf2cab2728a7,100,0,2.2,1,0.36969999999999992,0.01545175286712373,0.34041679812261882
v3.1,c530bf2cab2728a7,100,0,2.2,2,0.077700000000000005,0.0084851087622416915,0.077900347776523771
v3.1,c530bf2cab2728a7,100,0,2.25,0,0.55330000000000001,0.015568717015057775,0.58313301215752122
v3.1,c530bf2cab2728a7,100,0,2.25,1,0.36760000000000004,0.015669000470916315,0.33954838779129859
v3.1,c530bf2cab2728a7,100,0,2.25,2,0.07909999999999999,0.0088043779284552905,0.077318600051180186
v3.1,c530bf2cab2728a7,100,0,2.3,0,0.55719999999999992,0.015723032066803703,0.58456291894973822
v3.1,c530bf2cab2728a7,100,0,2.3,1,0.36309999999999998,0.015818219261537012,0.3387145693225036
v3.1,c530bf2cab2728a7,100,0,2.3,2,0.079699999999999965,0.0090714949265278365,0.076722511727758125
v3.1,c530bf2cab2728a7,100,0,2.35,0,0.56190000000000007,0.016057154860753577,0.58597131332291619
v3.1,c530bf2cab2728a7,100,0,2.35,1,0.36139999999999972,0.016226316073999464,0.33791569249563541
v3.1,c530bf2cab2728a7,100,0,2.35,2,0.076699999999999977,0.0089171891662262349,0.076112994181448568
v3.1,c530bf2cab2728a7,100,0,2.4,0,0.56729999999999992,0.016033963321586461,0.58735697216260185
v3.1,c530bf2cab2728a7,100,0,2.4,1,0.36029999999999995,0.016097214138797528,0.33715206723895119
v3.1,c530bf2cab2728a7,100,0,2.4,2,0.072399999999999964,0.0087329863451771472,0.075490960598446941
v3.1,c530bf2cab2728a7,100,0,2.45,0,0.57049999999999979,0.016165417008871346,0.58871871181072588
v3.1,c530bf2cab2728a7,100,0,2.45,1,0.35880000000000001,0.016129075320893964,0.3364239646025321
v3.1,c530bf2cab2728a7,100,0,2.45,2,0.070699999999999999,0.0086786106508059679,0.074857323586742006
v3.1,c530bf2cab2728a7,100,0,2.5,0,0.57450000000000012,0.015909069264054537,0.590055389348772
v3.1,c530bf2cab2728a7,100,0,2.5,1,0.35660000000000008,0.015874011541643855,0.33573161777369481
v3.1,c530bf2cab2728a7,100,0,2.5,2,0.068900000000000003,0.0085041819777748814,0.07421299287753319
v3.1,c530bf2cab2728a7,100,0,2.55,0,0.57900000000000018,0.016031219541881397,0.59136590374672382
v3.1,c530bf2cab2728a7,100,0,2.55,1,0.35490000000000016,0.016053883384314578,0.33507522312870647
v3.1,c530bf2cab2728a7,100,0,2.55,2,0.066099999999999964,0.0083978051485570498,0.073558873124569657
v3.1,c530bf2cab2728a7,100,0,2.6,0,0.58189999999999986,0.016143732561279038,0.59264919687734552
v3.1,c530bf2cab2728a7,100,0,2.6,1,0.35279999999999989,0.016157107451896243,0.33445494131487719
v3.1,c530bf2cab2728a7,100,0,2.6,2,0.065299999999999969,0.0083187205212767561,0.072895861807777351
v3.1,c530bf2cab2728a7,100,0,2.65,0,0.58409999999999973,0.016507785123903503,0.59390425439604444
v3.1,c530bf2cab2728a7,100,0,2.65,1,0.35230000000000011,0.016462295457109609,0.33387089835734196
v3.1,c530bf2cab2728a7,100,0,2.65,2,0.063599999999999976,0.0081730278256215306,0.072224847246613696
v3.1,c530bf2cab2728a7,100,0,2.7,0,0.58240000000000014,0.016673404698573837,0.59513010648723086
v3.1,c530bf2cab2728a7,100,0,2.7,1,0.35539999999999999,0.016631733086318622,0.33332318678509598
v3.1,c530bf2cab2728a7,100,0,2.7,2,0.062199999999999991,0.0079309902320332006,0.071546706727673173
v3.1,c530bf2cab2728a7,100,0,2.75,0,0.58350000000000002,0.01641653207143717,0.59632582847872073
v3.1,c530bf2cab2728a7,100,0,2.75,1,0.35630000000000017,0.016510575123510719,0.3328118667711143
v3.1,c530bf2cab2728a7,100,0,2.75,2,0.06019999999999999,0.0077302763027702779,0.070862304750164931
v3.1,c530bf2cab2728a7,100,0,2.8,0,0.58129999999999993,0.016635519380244945,0.59749054132633495
v3.1,c530bf2cab2728a7,100,0,2.8,1,0.35759999999999997,0.016725423701054572,0.33233696728165962
v3.1,c530bf2cab2728a7,100,0,2.8,2,0.061099999999999995,0.0078042917485810128,0.070172491392005334
v3.1,c530bf2cab2728a7,100,0,2.85,0,0.5807000000000001,0.016756277279957748,0.59862341197141167
v3.1,c530bf2cab2728a7,100,0,2.85,1,0.35859999999999986,0.016851112722903492,0.33189848723016818
v3.1,c530bf2cab2728a7,100,0,2.85,2,0.060699999999999976,0.0079356693784991151,0.069478100798420206
v3.1,c530bf2cab2728a7,100,0,2.9,0,0.5800000000000004,0.017300668522144784,0.59972365357447377
v3.1,c530bf2cab2728a7,100,0,2.9,1,0.36149999999999993,0.017283363285675809,0.33149639663138974
v3.1,c530bf2cab2728a7,100,0,2.9,2,0.058499999999999976,0.0079434554728080916,0.0687799497941365
v3.1,c530bf2cab2728a7,100,0,2.95,0,0.57680000000000009,0.017362376600342514,0.60079052562878299
v3.1,c530bf2cab2728a7,100,0,2.95,1,0.36399999999999982,0.01735779160184063,0.331130637751747
v3.1,c530bf2cab2728a7,100,0,2.95,2,0.059199999999999961,0.0083056266677135355,0.068078836619470048
v3.1,c530bf2cab2728a7,100,0,3,0,0.57740000000000036,0.017435954956713014,0.60182333395794396
v3.1,c530bf2cab2728a7,100,0,3,1,0.36399999999999982,0.017570636662547909,0.33080112625217128
v3.1,c530bf2cab2728a7,100,0,3,2,0.058599999999999951,0.0085102671206400103,0.067375539789884795
v3.1,c530bf2cab2728a7,100,0,3.05,0,0.57869999999999966,0.017585953416740231,0.60282143060212579
v3.1,c530bf2cab2728a7,100,0,3.05,1,0.36239999999999983,0.017807681919709127,0.33050775231995755
v3.1,c530bf2cab2728a7,100,0,3.05,2,0.058899999999999959,0.0085963287912264423,0.066670817077916625
v3.1,c530bf2cab2728a7,100,0,3.1,0,0.57669999999999999,0.017744001689573748,0.60378421359781187
v3.1,c530bf2cab2728a7,100,0,3.1,1,0.36480000000000001,0.018140016593713525,0.33025038178646698
v3.1,c530bf2cab2728a7,100,0,3.1,2,0.05849999999999999,0.0085980676710972447,0.06596540461572116
v3.1,c530bf2cab2728a7,100,0,3.15,0,0.57730000000000004,0.018002724260735667,0.60471112665629267
v3.1,c530bf2cab2728a7,100,0,3.15,1,0.36379999999999996,0.01840991169139191,0.33002885722778291
v3.1,c530bf2cab2728a7,100,0,3.15,2,0.058899999999999959,0.008649043854436142,0.065260016115924357
v3.1,c530bf2cab2728a7,100,0,3.2,0,0.57889999999999997,0.018066596779468987,0.60560165874637373
v3.1,c530bf2cab2728a7,100,0,3.2,1,0.36250000000000004,0.018542539135074178,0.32984299904569991
v3.1,c530bf2cab2728a7,100,0,3.2,2,0.058599999999999951,0.0087651974803016758,0.064555342207926317
v3.1,c530bf2cab2728a7,100,0,3.25,0,0.57940000000000003,0.018424741819388163,0.60645534358697717
v3.1,c530bf2cab2728a7,100,0,3.25,1,0.36230000000000007,0.019188514557127421,0.32969260652668747
v3.1,c530bf2cab2728a7,100,0,3.25,2,0.058299999999999977,0.0086328653201798392,0.063852049886335319
v3.1,c530bf2cab2728a7,100,0,3.3,0,0.58009999999999984,0.018372957180474665,0.60727175905548647
v3.1,c530bf2cab2728a7,100,0,3.3,1,0.36240000000000011,0.019100013221212832,0.32957745887672474
v3.1,c530bf2cab2728a7,100,0,3.3,2,0.057499999999999982,0.0085874879618517905,0.063150782067788888
v3.1,c530bf2cab2728a7,100,0,3.35,0,0.58430000000000004,0.018736479300168869,0.60805052651779645
v3.1,c530bf2cab2728a7,100,0,3.35,1,0.35869999999999991,0.01942904989437157,0.32949731623015066
v3.1,c530bf2cab2728a7,100,0,3.35,2,0.056999999999999967,0.0087392069075939195,0.062452157252052803
v3.1,c530bf2cab2728a7,100,0,3.4,0,0.58200000000000018,0.018909673650694177,0.60879131008611787
v3.1,c530bf2cab2728a7,100,0,3.4,1,0.36210000000000009,0.019572344434601256,0.32945192063090606
v3.1,c530bf2cab2728a7,100,0,3.4,2,0.055899999999999971,0.0087456713679835724,0.061756769282976111
v3.1,c530bf2cab2728a7,100,0,3.45,0,0.58449999999999991,0.018987702027439445,0.60949381581061668
v3.1,c530bf2cab2728a7,100,0,3.45,1,0.3600000000000001,0.019630938270335872,0.32944099698476575
v3.1,c530bf2cab2728a7,100,0,3.45,2,0.055500000000000001,0.0085391256382996682,0.061065187204617531
v3.1,c530bf2cab2728a7,100,0,3.5,0,0.58100000000000018,0.019415967603490639,0.6101577908109751
v3.1,c530bf2cab2728a7,100,0,3.5,1,0.36180000000000001,0.020150634749508036,0.32946425398137735
v3.1,c530bf2cab2728a7,100,0,3.5,2,0.05719999999999998,0.0088318523629879742,0.06037795520764748
v3.1,c530bf2cab2728a7,100,0,3.55,0,0.58289999999999986,0.019318852988934952,0.61078302235391835
v3.1,c530bf2cab2728a7,100,0,3.55,1,0.36250000000000004,0.020139099615755749,0.32952138498511624
v3.1,c530bf2cab2728a7,100,0,3.55,2,0.054599999999999982,0.0084260538710824694,0.059695592660965427
v3.1,c530bf2cab2728a7,100,0,3.6,0,0.58490000000000009,0.019274987717639445,0.61136933688268724
v3.1,c530bf2cab2728a7,100,0,3.6,1,0.36119999999999991,0.020027899732042987,0.32961206889396011
v3.1,c530bf2cab2728a7,100,0,3.6,2,0.05389999999999999,0.0085207945283253591,0.05901859422335267
v3.1,c530bf2cab2728a7,100,0,3.65,0,0.58580000000000021,0.019315132498493072,0.61191659900433437
v3.1,c530bf2cab2728a7,100,0,3.65,1,0.3604,0.020150905436207824,0.32973597096576024
v3.1,c530bf2cab2728a7,100,0,3.65,2,0.053799999999999987,0.0083940575421069183,0.0583474300299055
v3.1,c530bf2cab2728a7,100,0,3.7,0,0.58469999999999978,0.019465304539309954,0.61242471044059099
v3.1,c530bf2cab2728a7,100,0,3.7,1,0.36150000000000021,0.020164162128475223,0.32989274361145232
v3.1,c530bf2cab2728a7,100,0,3.7,2,0.053800000000000008,0.0083069643411812343,0.057682545947956576
v3.1,c530bf2cab2728a7,100,0,3.75,0,0.58530000000000004,0.019691794425007781,0.61289360894790368
v3.1,c530bf2cab2728a7,100,0,3.75,1,0.36239999999999989,0.020236041454231451,0.33008202715490292
v3.1,c530bf2cab2728a7,100,0,3.75,2,0.052299999999999985,0.0085088842459579324,0.057024363897193509
v3.1,c530bf2cab2728a7,100,0,3.8,0,0.58700000000000008,0.019938035322600182,0.61332326721205377
v3.1,c530bf2cab2728a7,100,0,3.8,1,0.36090000000000011,0.020412956372823317,0.33030345055922727
v3.1,c530bf2cab2728a7,100,0,3.8,2,0.05209999999999998,0.0086798210194273476,0.05637328222871902
v3.1,c530bf2cab2728a7,100,0,3.85,0,0.58570000000000033,0.020135528176571254,0.61371369172258861
v3.1,c530bf2cab2728a7,100,0,3.85,1,0.36319999999999991,0.020727125641866923,0.33055663211954861
v3.1,c530bf2cab2728a7,100,0,3.85,2,0.051099999999999993,0.0082448575953546158,0.055729676157862756
v3.1,c530bf2cab2728a7,100,0,3.9,0,0.58970000000000022,0.020127098673432826,0.61406492163207016
v3.1,c530bf2cab2728a7,100,0,3.9,1,0.36069999999999991,0.020703415518735408,0.33084118012228153
v3.1,c530bf2cab2728a7,100,0,3.9,2,0.049599999999999964,0.0079809368833084794,0.055093898245648379
v3.1,c530bf2cab2728a7,100,0,3.95,0,0.58950000000000014,0.019991601772097734,0.61437702760492219
v3.1,c530bf2cab2728a7,100,0,3.95,1,0.36150000000000015,0.020636524940409941,0.33115669347113819
v3.1,c530bf2cab2728a7,100,0,3.95,2,0.048999999999999988,0.0079321618692000904,0.054466278923939744
v3.1,c530bf2cab2728a7,100,0,4,0,0.58849999999999991,0.020079325011794914,0.61465011066042163
v3.1,c530bf2cab2728a7,100,0,4,1,0.36329999999999985,0.020686722917139511,0.33150276228014869
v3.1,c530bf2cab2728a7,100,0,4,2,0.048199999999999993,0.0079090537558630346,0.053847127059429664
v3.1,c530bf2cab2728a7,200,0,0,0,0.52000000000000102,1.0042345108077675e-16,0.52000000000000002
v3.1,c530bf2cab2728a7,200,0,0,1,0.39999999999999925,7.8107128618381923e-17,0.40000000000000002
v3.1,c530bf2cab2728a7,200,0,0,2,0.080000000000000057,5.5790806155987088e-18,0.080000000000000002
v3.1,c530bf2cab2728a7,200,0,0.05,0,0.52074999999999994,0.0017384176597112573,0.5209167443020436
v3.1,c530bf2cab2728a7,200,0,0.05,1,0.3970499999999999,0.0015193948157278289,0.39857794509123373
v3.1,c530bf2cab2728a7,200,0,0.05,2,0.082200000000000023,0.00093560330020449106,0.080505310606722683
v3.1,c530bf2cab2728a7,200,0,0.1,0,0.52110000000000012,0.0023372045808027291,0.52187150132657234
v3.1,c530bf2cab2728a7,200,0,0.1,1,0.3959999999999998,0.0022428337054501012,0.39713814214884552
v3.1,c530bf2cab2728a7,200,0,0.1,2,0.082900000000000015,0.0011638060166730729,0.080990356524582169
v3.1,c530bf2cab2728a7,200,0,0.15,0,0.52344999999999997,0.0027039953604048425,0.52286360195287329
v3.1,c530bf2cab2728a7,200,0,0.15,1,0.39335000000000014,0.0025436145044944879,0.39568209940586663
v3.1,c530bf2cab2728a7,200,0,0.15,2,0.083200000000000024,0.0014642542142812511,0.081454298641259984
v3.1,c530bf2cab2728a7,200,0,0.2,0,0.52804999999999969,0.003062394092169976,0.52389232590154178
v3.1,c530bf2cab2728a7,200,0,0.2,1,0.38955000000000012,0.0028929512036442407,0.39421134732508634
v3.1,c530bf2cab2728a7,200,0,0.2,2,0.082400000000000001,0.0016794660045996949,0.081896326773371803
v3.1,c530bf2cab2728a7,200,0,0.25,0,0.5301499999999999,0.0033870333552380233,0.52495690199387635
v3.1,c530bf2cab2728a7,200,0,0.25,1,0.38595000000000007,0.0032385735418326671,0.3927274355255051
v3.1,c530bf2cab2728a7,200,0,0.25,2,0.08390000000000003,0.0018403172761150932,0.082315662480618432
v3.1,c530bf2cab2728a7,200,0,0.3,0,0.53195000000000003,0.0037185686124169503,0.52605650854199448
v3.1,c530bf2cab2728a7,200,0,0.3,1,0.38390000000000024,0.0034971705735068201,0.39123192965710696
v3.1,c530bf2cab2728a7,200,0,0.3,2,0.08415000000000003,0.002080519311628855,0.082711561800898628
v3.1,c530bf2cab2728a7,200,0,0.35,0,0.53139999999999998,0.0039029126652702938,0.52719027387228712
v3.1,c530bf2cab2728a7,200,0,0.35,1,0.38479999999999992,0.0035956764160431469,0.38972640823764043
v3.1,c530bf2cab2728a7,200,0,0.35,2,0.083800000000000027,0.0023996211822247719,0.083083317890072506
v3.1,c530bf2cab2728a7,200,0,0.4,0,0.53325,0.0040597650078781555,0.5283572769842888
v3.1,c530bf2cab2728a7,200,0,0.4,1,0.38290000000000007,0.0037987105733659167,0.38821245946526245
v3.1,c530bf2cab2728a7,200,0,0.4,2,0.083850000000000049,0.0025264809638321168,0.083430263550448802
v3.1,c530bf2cab2728a7,200,0,0.45,0,0.53174999999999994,0.0043172048336577191,0.52955654834644095
v3.1,c530bf2cab2728a7,200,0,0.45,1,0.38374999999999987,0.004179903217670344,0.38669167802096294
v3.1,c530bf2cab2728a7,200,0,0.45,2,0.084500000000000033,0.0027702423042474857,0.083751773632596199
v3.1,c530bf2cab2728a7,200,0,0.5,0,0.5343500000000001,0.0046306265256660485,0.53078707082961507
v3.1,c530bf2cab2728a7,200,0,0.5,1,0.38004999999999994,0.0045546596187228134,0.3851656618746393
v3.1,c530bf2cab2728a7,200,0,0.5,2,0.085599999999999982,0.0029347104205568984,0.084047267295745673
v3.1,c530bf2cab2728a7,200,0,0.55,0,0.53680000000000028,0.0047009133004753279,0.53204778077860926
v3.1,c530bf2cab2728a7,200,0,0.55,1,0.37745000000000012,0.0046425214108827811,0.38363600910853946
v3.1,c530bf2cab2728a7,200,0,0.55,2,0.085750000000000007,0.0032148448287168179,0.084316210112851314
v3.1,c530bf2cab2728a7,200,0,0.6,0,0.5374000000000001,0.0050374757186672,0.53333756922116171
v3.1,c530bf2cab2728a7,200,0,0.6,1,0.37580000000000013,0.0050320789125189768,0.38210431477153373
v3.1,c530bf2cab2728a7,200,0,0.6,2,0.086800000000000002,0.0035714354978287808,0.084558116007304562
v3.1,c530bf2cab2728a7,200,0,0.65,0,0.53854999999999975,0.005267728604101074,0.53465528321333078
v3.1,c530bf2cab2728a7,200,0,0.65,1,0.37360000000000015,0.0053409415429918877,0.38057216777732422
v3.1,c530bf2cab2728a7,200,0,0.65,2,0.087849999999999998,0.0036819619001754256,0.084772549009344847
v3.1,c530bf2cab2728a7,200,0,0.7,0,0.5394500000000001,0.0053024174970603081,0.53599972731938661
v3.1,c530bf2cab2728a7,200,0,0.7,1,0.37300000000000011,0.0055413960972908894,0.37904114785924897
v3.1,c530bf2cab2728a7,200,0,0.7,2,0.087550000000000003,0.0037775887504699025,0.084959124821364349
v3.1,c530bf2cab2728a7,200,0,0.75,0,0.54020000000000012,0.0058671831728554702,0.53736966522363794
v3.1,c530bf2cab2728a7,200,0,0.75,1,0.37229999999999985,0.0058978766937728957,0.3775128225938017
v3.1,c530bf2cab2728a7,200,0,0.75,2,0.087499999999999967,0.0037541223133289552,0.085117512182560265
v3.1,c530bf2cab2728a7,200,0,0.8,0,0.5414000000000001,0.0059937172493075164,0.53876382147090163
v3.1,c530bf2cab2728a7,200,0,0.8,1,0.37164999999999998,0.0061307533275802555,0.37598874450437147
v3.1,c530bf2cab2728a7,200,0,0.8,2,0.086950000000000027,0.0036926729253121426,0.085247434024726898
v3.1,c530bf2cab2728a7,200,0,0.85,0,0.54344999999999988,0.0063228361971315985,0.54018088333159608
v3.1,c530bf2cab2728a7,200,0,0.85,1,0.37005000000000005,0.0064175009296312691,0.37447044825601206
v3.1,c530bf2cab2728a7,200,0,0.85,2,0.086500000000000021,0.0036738909547610081,0.085348668412391859
v3.1,c530bf2cab2728a7,200,0,0.9,0,0.54479999999999984,0.0063344975006592724,0.5416195027867321
v3.1,c530bf2cab2728a7,200,0,0.9,1,0.36869999999999992,0.0065302791253165791,0.37295944795129704
v3.1,c530bf2cab2728a7,200,0,0.9,2,0.086500000000000007,0.0036156925094969461,0.085421049261970888
v3.1,c530bf2cab2728a7,200,0,0.95,0,0.54524999999999979,0.0067312684352560746,0.54307829862736956
v3.1,c530bf2cab2728a7,200,0,0.95,1,0.36815000000000003,0.0068757570749362106,0.37145723453650248
v3.1,c530bf2cab2728a7,200,0,0.95,2,0.086599999999999996,0.0036472488594040627,0.085464466836127864
v3.1,c530bf2cab2728a7,200,0,1,0,0.54574999999999985,0.0067117321523470011,0.54455585866243494
v3.1,c530bf2cab2728a7,200,0,1,1,0.36884999999999996,0.0068201480329916006,0.36996527332649792
v3.1,c530bf2cab2728a7,200,0,1,2,0.085400000000000031,0.0035267233769857506,0.08547886801106723
v3.1,c530bf2cab2728a7,200,0,1.05,0,0.54760000000000009,0.006885968752221118,0.5460507420281322
v3.1,c530bf2cab2728a7,200,0,1.05,1,0.3662999999999999,0.0068838194119957632,0.36848500165583004
v3.1,c530bf2cab2728a7,200,0,1.05,2,0.086100000000000065,0.0036136525633332327,0.085464256316037795
v3.1,c530bf2cab2728a7,200,0,1.1,0,0.54815000000000003,0.007150847586973254,0.54756148159156526
v3.1,c530bf2cab2728a7,200,0,1.1,1,0.36554999999999999,0.007041326421760162,0.36701782666255878
v3.1,c530bf2cab2728a7,200,0,1.1,2,0.086300000000000057,0.0036178709068995134,0.08542069174587591
v3.1,c530bf2cab2728a7,200,0,1.15,0,0.55049999999999988,0.0073784767528209507,0.54908658644059727
v3.1,c530bf2cab2728a7,200,0,1.15,1,0.36350000000000021,0.0071606740273002598,0.3655651232104587
v3.1,c530bf2cab2728a7,200,0,1.15,2,0.086000000000000035,0.0035696532384006489,0.085348290348943964
v3.1,c530bf2cab2728a7,200,0,1.2,0,0.5526500000000002,0.0075489831411022805,0.55062454445143738
v3.1,c530bf2cab2728a7,200,0,1.2,1,0.36150000000000015,0.0073128156497530225,0.36412823195424537
v3.1,c530bf2cab2728a7,200,0,1.2,2,0.085849999999999996,0.0036328016013467447,0.085247223594317245
v3.1,c530bf2cab2728a7,200,0,1.25,0,0.55600000000000005,0.0079162280580252781,0.55217382492494638
v3.1,c530bf2cab2728a7,200,0,1.25,1,0.35934999999999995,0.0075937424398266409,0.36270845755153663
v3.1,c530bf2cab2728a7,200,0,1.25,2,0.084650000000000031,0.0037364266135418516,0.085117717523516948
v3.1,c530bf2cab2728a7,200,0,1.3,0,0.55745,0.0077750880991468482,0.5537328812822192
v3.1,c530bf2cab2728a7,200,0,1.3,1,0.35644999999999988,0.0073203380034564305,0.36130706702430765
v3.1,c530bf2cab2728a7,200,0,1.3,2,0.086099999999999982,0.0039328838983086903,0.084960051693473274
v3.1,c530bf2cab2728a7,200,0,1.35,0,0.55904999999999982,0.0080336083820636665,0.55530015380961506
v3.1,c530bf2cab2728a7,200,0,1.35,1,0.35419999999999996,0.0075360145402935067,0.35992528827167369
v3.1,c530bf2cab2728a7,200,0,1.35,2,0.086750000000000008,0.0041671969359547093,0.084774557918711219
v3.1,c530bf2cab2728a7,200,0,1.4,0,0.5597000000000002,0.0082323640700480531,0.55687407244309339
v3.1,c530bf2cab2728a7,200,0,1.4,1,0.35304999999999986,0.0074093494718470111,0.35856430873493061
v3.1,c530bf2cab2728a7,200,0,1.4,2,0.087249999999999994,0.004321881721676522,0.084561618821975951
v3.1,c530bf2cab2728a7,200,0,1.45,0,0.56120000000000014,0.008197104687176153,0.55845305958145275
v3.1,c530bf2cab2728a7,200,0,1.45,1,0.3533,0.007453295657735318,0.35722527421490624
v3.1,c530bf2cab2728a7,200,0,1.45,2,0.085500000000000007,0.0043897838238576188,0.084321666203640996
v3.1,c530bf2cab2728a7,200,0,1.5,0,0.56505000000000005,0.0082854670747317949,0.56003553291789121
v3.1,c530bf2cab2728a7,200,0,1.5,1,0.35055000000000014,0.0075825074475347008,0.35590928784084508
v3.1,c530bf2cab2728a7,200,0,1.5,2,0.084400000000000017,0.0043521038683386314,0.084055179241263822
v3.1,c530bf2cab2728a7,200,0,1.55,0,0.56524999999999981,0.0083950367130907408,0.56161990827918629
v3.1,c530bf2cab2728a7,200,0,1.55,1,0.35069999999999996,0.007760304326012173,0.35461740918925194
v3.1,c530bf2cab2728a7,200,0,1.55,2,0.084050000000000069,0.0042962839239924031,0.083762682531561855
v3.1,c530bf2cab2728a7,200,0,1.6,0,0.56739999999999979,0.0086018790524119322,0.56320460246175097
v3.1,c530bf2cab2728a7,200,0,1.6,1,0.34975000000000006,0.0081117121335371432,0.35335065355037876
v3.1,c530bf2cab2728a7,200,0,1.6,2,0.082850000000000035,0.0043503482967493885,0.083444743987870412
v3.1,c530bf2cab2728a7,200,0,1.65,0,0.56825000000000003,0.0086717278345416031,0.56478803605385042
v3.1,c530bf2cab2728a7,200,0,1.65,1,0.34834999999999988,0.008274963761402538,0.35210999133934096
v3.1,c530bf2cab2728a7,200,0,1.65,2,0.08339999999999996,0.0045203691634353674,0.083101972606808641
v3.1,c530bf2cab2728a7,200,0,1.7,0,0.57120000000000004,0.0088896489574031307,0.56636863623336264
v3.1,c530bf2cab2728a7,200,0,1.7,1,0.34525,0.0084325532637187957,0.35089634764821842
v3.1,c530bf2cab2728a7,200,0,1.7,2,0.083549999999999985,0.0045728088532192984,0.08273501611841895
v3.1,c530bf2cab2728a7,200,0,1.75,0,0.57305000000000006,0.008980589337481415,0.56794483953063857
v3.1,c530bf2cab2728a7,200,0,1.75,1,0.34539999999999998,0.0087177051933627486,0.34971060193490716
v3.1,c530bf2cab2728a7,200,0,1.75,2,0.08154999999999997,0.0046800106837484885,0.082344558534454285
v3.1,c530bf2cab2728a7,200,0,1.8,0,0.57665000000000011,0.0090157143954656231,0.56951509454625748
v3.1,c530bf2cab2728a7,200,0,1.8,1,0.34225,0.0088338693376542234,0.34855358784397356
v3.1,c530bf2cab2728a7,200,0,1.8,2,0.081099999999999992,0.0049152309151752937,0.081931317609768933
v3.1,c530bf2cab2728a7,200,0,1.85,0,0.57540000000000024,0.0091578966311632211,0.57107786461377907
v3.1,c530bf2cab2728a7,200,0,1.85,1,0.34324999999999994,0.0088934134633616921,0.34742609315429651
v3.1,c530bf2cab2728a7,200,0,1.85,2,0.081349999999999992,0.0049882969098286488,0.081496042231924304
v3.1,c530bf2cab2728a7,200,0,1.9,0,0.57635000000000014,0.0094301940916431091,0.57263163039796805
v3.1,c530bf2cab2728a7,200,0,1.9,1,0.34375,0.0091379370724137699,0.34632885984788198
v3.1,c530bf2cab2728a7,200,0,1.9,2,0.079899999999999999,0.0051990578011984079,0.081039509754150085
v3.1,c530bf2cab2728a7,200,0,1.95,0,0.57419999999999982,0.0096642421201859272,0.57417489241939335
v3.1,c530bf2cab2728a7,200,0,1.95,1,0.34600000000000014,0.0093967004739951027,0.34526258429389411
v3.1,c530bf2cab2728a7,200,0,1.95,2,0.079799999999999982,0.005331874800563954,0.080562523286712512
v3.1,c530bf2cab2728a7,200,0,2,0,0.57774999999999999,0.0098158228787951739,0.57570617349679876
v3.1,c530bf2cab2728a7,200,0,2,1,0.34294999999999992,0.0096248035530260793,0.34422791754166521
v3.1,c530bf2cab2728a7,200,0,2,2,0.079299999999999968,0.005395012661353225,0.080065908961536134
v3.1,c530bf2cab2728a7,200,0,2.05,0,0.57995000000000008,0.01025397065245528,0.57722402109917059
v3.1,c530bf2cab2728a7,200,0,2.05,1,0.34059999999999996,0.010017731753992494,0.34322546571621659
v3.1,c530bf2cab2728a7,200,0,2.05,2,0.079450000000000007,0.0054748714296974288,0.079550513184612703
v3.1,c530bf2cab2728a7,200,0,2.1,0,0.58044999999999991,0.01050543269749591,0.57872700960002343
v3.1,c530bf2cab2728a7,200,0,2.1,1,0.34105000000000019,0.010300361619620422,0.34225579050966071
v3.1,c530bf2cab2728a7,200,0,2.1,2,0.078500000000000028,0.0053359368645273736,0.079017199890315803
v3.1,c530bf2cab2728a7,200,0,2.15,0,0.58075000000000021,0.010713056086246855,0.58021374242703805
v3.1,c530bf2cab2728a7,200,0,2.15,1,0.34100000000000014,0.01046760273752816,0.34131940976173025
v3.1,c530bf2cab2728a7,200,0,2.15,2,0.078249999999999986,0.0054843095750651705,0.078466847811231671
v3.1,c530bf2cab2728a7,200,0,2.2,0,0.58224999999999982,0.01070551047570617,0.58168285410085752
v3.1,c530bf2cab2728a7,200,0,2.2,1,0.34000000000000002,0.010481103727830164,0.34041679812261882
v3.1,c530bf2cab2728a7,200,0,2.2,2,0.077749999999999986,0.0054967276766741098,0.077900347776523771
v3.1,c530bf2cab2728a7,200,0,2.25,0,0.58015000000000005,0.010837750847585649,0.58313301215752122
v3.1,c530bf2cab2728a7,200,0,2.25,1,0.34225000000000011,0.010710934420563697,0.33954838779129859
v3.1,c530bf2cab2728a7,200,0,2.25,2,0.077599999999999988,0.0055274704244282742,0.077318600051180186
v3.1,c530bf2cab2728a7,200,0,2.3,0,0.58085000000000009,0.010892740377393236,0.58456291894973822
v3.1,c530bf2cab2728a7,200,0,2.3,1,0.34259999999999996,0.010877759721820323,0.3387145693225036
v3.1,c530bf2cab2728a7,200,0,2.3,2,0.076550000000000021,0.0056383853086578685,0.076722511727758125
v3.1,c530bf2cab2728a7,200,0,2.35,0,0.57910000000000006,0.0112450617669008,0.58597131332291619
v3.1,c530bf2cab2728a7,200,0,2.35,1,0.34360000000000002,0.011245892628426658,0.33791569249563541
v3.1,c530bf2cab2728a7,200,0,2.35,2,0.07729999999999998,0.0057841738102054532,0.076112994181448568
v3.1,c530bf2cab2728a7,200,0,2.4,0,0.57984999999999975,0.011374358678779891,0.58735697216260185
v3.1,c530bf2cab2728a7,200,0,2.4,1,0.34424999999999994,0.01125291769123264,0.33715206723895119
v3.1,c530bf2cab2728a7,200,0,2.4,2,0.075899999999999981,0.0058050744085574695,0.075490960598446941
v3.1,c530bf2cab2728a7,200,0,2.45,0,0.58065,0.011512982351513556,0.58871871181072588
v3.1,c530bf2cab2728a7,200,0,2.45,1,0.34370000000000017,0.011188382322297493,0.3364239646025321
v3.1,c530bf2cab2728a7,200,0,2.45,2,0.075649999999999967,0.0059120895654838496,0.074857323586742006
v3.1,c530bf2cab2728a7,200,0,2.5,0,0.58209999999999984,0.011469586485197022,0.590055389348772
v3.1,c530bf2cab2728a7,200,0,2.5,1,0.34275000000000005,0.011268615350573998,0.33573161777369481
v3.1,c530bf2cab2728a7,200,0,2.5,2,0.075149999999999981,0.0058011906649681078,0.07421299287753319
v3.1,c530bf2cab2728a7,200,0,2.55,0,0.58435000000000015,0.011361963614257755,0.59136590374672382
v3.1,c530bf2cab2728a7,200,0,2.55,1,0.3406499999999999,0.011108204038893824,0.33507522312870647
v3.1,c530bf2cab2728a7,200,0,2.55,2,0.074999999999999997,0.0058057790783899695,0.073558873124569657
v3.1,c530bf2cab2728a7,200,0,2.6,0,0.58460000000000012,0.011299342968294728,0.59264919687734552
v3.1,c530bf2cab2728a7,200,0,2.6,1,0.34110000000000001,0.011105231272520244,0.33445494131487719
v3.1,c530bf2cab2728a7,200,0,2.6,2,0.074299999999999991,0.0059386680137702404,0.072895861807777351
v3.1,c530bf2cab2728a7,200,0,2.65,0,0.58360000000000001,0.011636341540383063,0.59390425439604444
v3.1,c530bf2cab2728a7,200,0,2.65,1,0.34194999999999992,0.011317255752954326,0.33387089835734196
v3.1,c530bf2cab2728a7,200,0,2.65,2,0.074449999999999975,0.0058620052934645192,0.072224847246613696
v3.1,c530bf2cab2728a7,200,0,2.7,0,0.58434999999999993,0.011844884460339319,0.59513010648723086
v3.1,c530bf2cab2728a7,200,0,2.7,1,0.34239999999999993,0.011455112219423955,0.33332318678509598
v3.1,c530bf2cab2728a7,200,0,2.7,2,0.073249999999999996,0.0059490152822364497,0.071546706727673173
v3.1,c530bf2cab2728a7,200,0,2.75,0,0.58729999999999993,0.011970380110923797,0.59632582847872073
v3.1,c530bf2cab2728a7,200,0,2.75,1,0.3403500000000001,0.011611831087822507,0.3328118667711143
v3.1,c530bf2cab2728a7,200,0,2.75,2,0.072349999999999998,0.0059778441943664964,0.070862304750164931
v3.1,c530bf2cab2728a7,200,0,2.8,0,0.58769999999999989,0.011900560210903242,0.59749054132633495
v3.1,c530bf2cab2728a7,200,0,2.8,1,0.3403000000000001,0.011719538205815779,0.33233696728165962
v3.1,c530bf2cab2728a7,200,0,2.8,2,0.072000000000000008,0.0059356822044583247,0.070172491392005334
v3.1,c530bf2cab2728a7,200,0,2.85,0,0.58869999999999967,0.012171671863782558,0.59862341197141167
v3.1,c530bf2cab2728a7,200,0,2.85,1,0.34114999999999995,0.011853025654731248,0.33189848723016818
v3.1,c530bf2cab2728a7,200,0,2.85,2,0.070150000000000004,0.0057898618290940212,0.069478100798420206
v3.1,c530bf2cab2728a7,200,0,2.9,0,0.59200000000000008,0.012322066926183015,0.59972365357447377
v3.1,c530bf2cab2728a7,200,0,2.9,1,0.33835000000000015,0.01195214680010721,0.33149639663138974
v3.1,c530bf2cab2728a7,200,0,2.9,2,0.069650000000000031,0.0057893384245472617,0.0687799497941365
v3.1,c530bf2cab2728a7,200,0,2.95,0,0.58960000000000001,0.01232712374392258,0.60079052562878299
v3.1,c530bf2cab2728a7,200,0,2.95,1,0.34020000000000011,0.012021218614171235,0.331130637751747
v3.1,c530bf2cab2728a7,200,0,2.95,2,0.070199999999999999,0.0059186061695215867,0.068078836619470048
v3.1,c530bf2cab2728a7,200,0,3,0,0.58884999999999987,0.01251622280615575,0.60182333395794396
v3.1,c530bf2cab2728a7,200,0,3,1,0.34220000000000006,0.012276346641761421,0.33080112625217128
v3.1,c530bf2cab2728a7,200,0,3,2,0.068949999999999997,0.0059811551703426967,0.067375539789884795
v3.1,c530bf2cab2728a7,200,0,3.05,0,0.58950000000000025,0.012910237891853213,0.60282143060212579
v3.1,c530bf2cab2728a7,200,0,3.05,1,0.34139999999999981,0.012531592400042707,0.33050775231995755
v3.1,c530bf2cab2728a7,200,0,3.05,2,0.069099999999999981,0.0060324794306162452,0.066670817077916625
v3.1,c530bf2cab2728a7,200,0,3.1,0,0.58960000000000035,0.013304643375661571,0.60378421359781187
v3.1,c530bf2cab2728a7,200,0,3.1,1,0.34025000000000005,0.01301502143018915,0.33025038178646698
v3.1,c530bf2cab2728a7,200,0,3.1,2,0.070149999999999976,0.0062001364435947618,0.06596540461572116
v3.1,c530bf2cab2728a7,200,0,3.15,0,0.59145000000000025,0.013518467540607728,0.60471112665629267
v3.1,c530bf2cab2728a7,200,0,3.15,1,0.33855000000000018,0.013009183818993552,0.33002885722778291
v3.1,c530bf2cab2728a7,200,0,3.15,2,0.069999999999999979,0.0062441892179769011,0.065260016115924357
v3.1,c530bf2cab2728a7,200,0,3.2,0,0.59029999999999994,0.013627219493026119,0.60560165874637373
v3.1,c530bf2cab2728a7,200,0,3.2,1,0.33844999999999997,0.013181846830341562,0.32984299904569991
v3.1,c530bf2cab2728a7,200,0,3.2,2,0.071250000000000008,0.0062774146225523728,0.064555342207926317
v3.1,c530bf2cab2728a7,200,0,3.25,0,0.58970000000000011,0.013877861885213097,0.60645534358697717
v3.1,c530bf2cab2728a7,200,0,3.25,1,0.33980000000000005,0.013343730794464926,0.32969260652668747
v3.1,c530bf2cab2728a7,200,0,3.25,2,0.070499999999999979,0.0064190766824010967,0.063852049886335319
v3.1,c530bf2cab2728a7,200,0,3.3,0,0.59109999999999996,0.014178084525353934,0.60727175905548647
v3.1,c530bf2cab2728a7,200,0,3.3,1,0.33890000000000009,0.013539053127747142,0.32957745887672474
v3.1,c530bf2cab2728a7,200,0,3.3,2,0.069999999999999979,0.0063659447472667009,0.063150782067788888
v3.1,c530bf2cab2728a7,200,0,3.35,0,0.58975000000000011,0.014421395265859036,0.60805052651779645
v3.1,c530bf2cab2728a7,200,0,3.35,1,0.34055000000000007,0.013792820376536266,0.32949731623015066
v3.1,c530bf2cab2728a7,200,0,3.35,2,0.069699999999999984,0.006380138056199222,0.062452157252052803
v3.1,c530bf2cab2728a7,200,0,3.4,0,0.59089999999999998,0.014415090998146649,0.60879131008611787
v3.1,c530bf2cab2728a7,200,0,3.4,1,0.34054999999999985,0.013829754009366757,0.32945192063090606
v3.1,c530bf2cab2728a7,200,0,3.4,2,0.068549999999999972,0.006490200460710133,0.061756769282976111
v3.1,c530bf2cab2728a7,200,0,3.45,0,0.59284999999999999,0.014865092830133448,0.60949381581061668
v3.1,c530bf2cab2728a7,200,0,3.45,1,0.33849999999999986,0.01416684491866467,0.32944099698476575
v3.1,c530bf2cab2728a7,200,0,3.45,2,0.068649999999999975,0.0064908074080256631,0.061065187204617531
v3.1,c530bf2cab2728a7,200,0,3.5,0,0.59325000000000028,0.015128636135261209,0.6101577908109751
v3.1,c530bf2cab2728a7,200,0,3.5,1,0.33875000000000022,0.014280447712473401,0.32946425398137735
v3.1,c530bf2cab2728a7,200,0,3.5,2,0.067999999999999977,0.0065420164932518928,0.06037795520764748
v3.1,c530bf2cab2728a7,200,0,3.55,0,0.59629999999999994,0.01498511382551485,0.61078302235391835
v3.1,c530bf2cab2728a7,200,0,3.55,1,0.33745000000000003,0.014123462640928286,0.32952138498511624
v3.1,c530bf2cab2728a7,200,0,3.55,2,0.066250000000000003,0.0063191128229116832,0.059695592660965427
v3.1,c530bf2cab2728a7,200,0,3.6,0,0.59845000000000004,0.014957126439030036,0.61136933688268724
v3.1,c530bf2cab2728a7,200,0,3.6,1,0.33689999999999998,0.014083943863402559,0.32961206889396011
v3.1,c530bf2cab2728a7,200,0,3.6,2,0.064649999999999999,0.0062785730702110808,0.05901859422335267
v3.1,c530bf2cab2728a7,200,0,3.65,0,0.59620000000000006,0.014973059982933523,0.61191659900433437
v3.1,c530bf2cab2728a7,200,0,3.65,1,0.33989999999999987,0.014080034578699507,0.32973597096576024
v3.1,c530bf2cab2728a7,200,0,3.65,2,0.063899999999999985,0.0061498870811675134,0.0583474300299055
v3.1,c530bf2cab2728a7,200,0,3.7,0,0.59650000000000003,0.015145172915033447,0.61242471044059099
v3.1,c530bf2cab2728a7,200,0,3.7,1,0.33989999999999981,0.014163899908078309,0.32989274361145232
v3.1,c530bf2cab2728a7,200,0,3.7,2,0.063600000000000018,0.0062056832863517184,0.057682545947956576
v3.1,c530bf2cab2728a7,200,0,3.75,0,0.59584999999999977,0.015144598497033975,0.61289360894790368
v3.1,c530bf2cab2728a7,200,0,3.75,1,0.34075000000000005,0.014057489286871432,0.33008202715490292
v3.1,c530bf2cab2728a7,200,0,3.75,2,0.063400000000000012,0.0062425228000457401,0.057024363897193509
v3.1,c530bf2cab2728a7,200,0,3.8,0,0.59604999999999997,0.015415343104527485,0.61332326721205377
v3.1,c530bf2cab2728a7,200,0,3.8,1,0.34054999999999991,0.014280539665268715,0.33030345055922727
v3.1,c530bf2cab2728a7,200,0,3.8,2,0.063399999999999984,0.0064435701252951354,0.05637328222871902
v3.1,c530bf2cab2728a7,200,0,3.85,0,0.59514999999999996,0.015409962506263423,0.61371369172258861
v3.1,c530bf2cab2728a7,200,0,3.85,1,0.34114999999999995,0.01419486587367832,0.33055663211954861
v3.1,c530bf2cab2728a7,200,0,3.85,2,0.063699999999999993,0.0065264109895133331,0.055729676157862756
v3.1,c530bf2cab2728a7,200,0,3.9,0,0.59484999999999988,0.015429123550459809,0.61406492163207016
v3.1,c530bf2cab2728a7,200,0,3.9,1,0.34215000000000012,0.014165909961965206,0.33084118012228153
v3.1,c530bf2cab2728a7,200,0,3.9,2,0.062999999999999987,0.0067157285607006246,0.055093898245648379
v3.1,c530bf2cab2728a7,200,0,3.95,0,0.59595000000000009,0.015445847894230902,0.61437702760492219
v3.1,c530bf2cab2728a7,200,0,3.95,1,0.34179999999999994,0.014025863555761853,0.33115669347113819
v3.1,c530bf2cab2728a7,200,0,3.95,2,0.062250000000000007,0.0066959112354277265,0.054466278923939744
v3.1,c530bf2cab2728a7,200,0,4,0,0.59850000000000014,0.015579950208034959,0.61465011066042163
v3.1,c530bf2cab2728a7,200,0,4,1,0.33969999999999989,0.014084309630854391,0.33150276228014869
v3.1,c530bf2cab2728a7,200,0,4,2,0.061800000000000022,0.0067174279589615523,0.053847127059429664
v3.1,c530bf2cab2728a7,500,0,0,0,0.52000000000000102,1.0042345108077675e-16,0.52000000000000002
v3.1,c530bf2cab2728a7,500,0,0,1,0.39999999999999925,7.8107128618381923e-17,0.40000000000000002
v3.1,c530bf2cab2728a7,500,0,0,2,0.080000000000000057,5.5790806155987088e-18,0.080000000000000002
v3.1,c530bf2cab2728a7,500,0,0.05,0,0.52082000000000017,0.0010685948481510431,0.5209167443020436
v3.1,c530bf2cab2728a7,500,0,0.05,1,0.39822000000000018,0.0010181762265358721,0.39857794509123373
v3.1,c530bf2cab2728a7,500,0,0.05,2,0.080959999999999976,0.00054567537617306494,0.080505310606722683
v3.1,c530bf2cab2728a7,500,0,0.1,0,0.52024000000000004,0.0013684113032818379,0.52187150132657234
v3.1,c530bf2cab2728a7,500,0,0.1,1,0.39796000000000026,0.0013309008113668603,0.39713814214884552
v3.1,c530bf2cab2728a7,500,0,0.1,2,0.081799999999999928,0.00084015390605447163,0.080990356524582169
v3.1,c530bf2cab2728a7,500,0,0.15,0,0.52081999999999995,0.0017061019425532124,0.52286360195287329
v3.1,c530bf2cab2728a7,500,0,0.15,1,0.39785999999999988,0.0016320662989108014,0.39568209940586663
v3.1,c530bf2cab2728a7,500,0,0.15,2,0.081319999999999962,0.0010580026923262989,0.081454298641259984
v3.1,c530bf2cab2728a7,500,0,0.2,0,0.52066000000000012,0.0018907654374337251,0.52389232590154178
v3.1,c530bf2cab2728a7,500,0,0.2,1,0.3973000000000001,0.0018165068041978178,0.39421134732508634
v3.1,c530bf2cab2728a7,500,0,0.2,2,0.082039999999999988,0.0012481841356000473,0.081896326773371803
v3.1,c530bf2cab2728a7,500,0,0.25,0,0.52241999999999988,0.0022316900331453768,0.52495690199387635
v3.1,c530bf2cab2728a7,500,0,0.25,1,0.39477999999999996,0.0021762529190507167,0.3927274355255051
v3.1,c530bf2cab2728a7,500,0,0.25,2,0.082799999999999999,0.0014688688701091591,0.082315662480618432
v3.1,c530bf2cab2728a7,500,0,0.3,0,0.52238000000000007,0.0024325561232845794,0.52605650854199448
v3.1,c530bf2cab2728a7,500,0,0.3,1,0.39358000000000004,0.0023914485699312589,0.39123192965710696
v3.1,c530bf2cab2728a7,500,0,0.3,2,0.084039999999999976,0.0016238077211146386,0.082711561800898628
v3.1,c530bf2cab2728a7,500,0,0.35,0,0.52623999999999982,0.0027238238125136078,0.52719027387228712
v3.1,c530bf2cab2728a7,500,0,0.35,1,0.39074000000000003,0.0026457749814610561,0.38972640823764043
v3.1,c530bf2cab2728a7,500,0,0.35,2,0.083019999999999955,0.0016557204175252833,0.083083317890072506
v3.1,c530bf2cab2728a7,500,0,0.4,0,0.52826000000000017,0.0028534090899034149,0.5283572769842888
v3.1,c530bf2cab2728a7,500,0,0.4,1,0.38846000000000025,0.0027610355252544608,0.38821245946526245
v3.1,c530bf2cab2728a7,500,0,0.4,2,0.083279999999999993,0.0016955127945148742,0.083430263550448802
v3.1,c530bf2cab2728a7,500,0,0.45,0,0.52912000000000003,0.0031001231647087243,0.52955654834644095
v3.1,c530bf2cab2728a7,500,0,0.45,1,0.38730000000000009,0.0029695253506378432,0.38669167802096294
v3.1,c530bf2cab2728a7,500,0,0.45,2,0.083579999999999974,0.0018147087030065394,0.083751773632596199
v3.1,c530bf2cab2728a7,500,0,0.5,0,0.52973999999999988,0.0032862929285322716,0.53078707082961507
v3.1,c530bf2cab2728a7,500,0,0.5,1,0.38581999999999994,0.0031840632195134859,0.3851656618746393
v3.1,c530bf2cab2728a7,500,0,0.5,2,0.084439999999999987,0.0019745000645860983,0.084047267295745673
v3.1,c530bf2cab2728a7,500,0,0.55,0,0.52923999999999982,0.0032681851758176637,0.53204778077860926
v3.1,c530bf2cab2728a7,500,0,0.55,1,0.38490000000000019,0.003284905791739858,0.38363600910853946
v3.1,c530bf2cab2728a7,500,0,0.55,2,0.085859999999999964,0.0020932319990914056,0.084316210112851314
v3.1,c530bf2cab2728a7,500,0,0.6,0,0.53195999999999999,0.0034191356932547871,0.53333756922116171
v3.1,c530bf2cab2728a7,500,0,0.6,1,0.38282000000000005,0.0033547307167369153,0.38210431477153373
v3.1,c530bf2cab2728a7,500,0,0.6,2,0.085219999999999949,0.0021165810051862301,0.084558116007304562
v3.1,c530bf2cab2728a7,500,0,0.65,0,0.53514000000000017,0.0035134667331353057,0.53465528321333078
v3.1,c530bf2cab2728a7,500,0,0.65,1,0.37953999999999999,0.0035968398026123656,0.38057216777732422
v3.1,c530bf2cab2728a7,500,0,0.65,2,0.085319999999999951,0.0021561694429396471,0.084772549009344847
v3.1,c530bf2cab2728a7,500,0,0.7,0,0.53700000000000037,0.0035217649386107921,0.53599972731938661
v3.1,c530bf2cab2728a7,500,0,0.7,1,0.3778999999999999,0.0036131493859026206,0.37904114785924897
v3.1,c530bf2cab2728a7,500,0,0.7,2,0.085099999999999981,0.0021597558784606785,0.084959124821364349
v3.1,c530bf2cab2728a7,500,0,0.75,0,0.53872000000000009,0.0036239963431203247,0.53736966522363794
v3.1,c530bf2cab2728a7,500,0,0.75,1,0.37622000000000017,0.0037560881219425592,0.3775128225938017
v3.1,c530bf2cab2728a7,500,0,0.75,2,0.085059999999999997,0.0022694198965080626,0.085117512182560265
v3.1,c530bf2cab2728a7,500,0,0.8,0,0.5405000000000002,0.0039041418048430601,0.53876382147090163
v3.1,c530bf2cab2728a7,500,0,0.8,1,0.37367999999999996,0.0039344857068971248,0.37598874450437147
v3.1,c530bf2cab2728a7,500,0,0.8,2,0.085819999999999994,0.0022469903552453574,0.085247434024726898
v3.1,c530bf2cab2728a7,500,0,0.85,0,0.5418799999999997,0.004140445494012557,0.54018088333159608
v3.1,c530bf2cab2728a7,500,0,0.85,1,0.37228000000000011,0.0041002606470488404,0.37447044825601206
v3.1,c530bf2cab2728a7,500,0,0.85,2,0.085839999999999958,0.002356967748972602,0.085348668412391859
v3.1,c530bf2cab2728a7,500,0,0.9,0,0.54369999999999974,0.0043955326265092227,0.5416195027867321
v3.1,c530bf2cab2728a7,500,0,0.9,1,0.36975999999999992,0.0042039212094607033,0.37295944795129704
v3.1,c530bf2cab2728a7,500,0,0.9,2,0.086539999999999909,0.0024509499292224542,0.085421049261970888
v3.1,c530bf2cab2728a7,500,0,0.95,0,0.54489999999999972,0.0046183100674151234,0.54307829862736956
v3.1,c530bf2cab2728a7,500,0,0.95,1,0.36877999999999994,0.0044054048530404013,0.37145723453650248
v3.1,c530bf2cab2728a7,500,0,0.95,2,0.086319999999999938,0.002412043854401399,0.085464466836127864
v3.1,c530bf2cab2728a7,500,0,1,0,0.54725999999999997,0.0046732122925577779,0.54455585866243494
v3.1,c530bf2cab2728a7,500,0,1,1,0.36758000000000002,0.0046225879323079609,0.36996527332649792
v3.1,c530bf2cab2728a7,500,0,1,2,0.085159999999999944,0.0024258173671960338,0.08547886801106723
v3.1,c530bf2cab2728a7,500,0,1.05,0,0.54892000000000007,0.0047133954819956443,0.5460507420281322
v3.1,c530bf2cab2728a7,500,0,1.05,1,0.36551999999999985,0.0047421701548740081,0.36848500165583004
v3.1,c530bf2cab2728a7,500,0,1.05,2,0.085559999999999997,0.002525439055737125,0.085464256316037795
v3.1,c530bf2cab2728a7,500,0,1.1,0,0.55096000000000001,0.0049441715507486522,0.54756148159156526
v3.1,c530bf2cab2728a7,500,0,1.1,1,0.36394000000000004,0.0047475633303577496,0.36701782666255878
v3.1,c530bf2cab2728a7,500,0,1.1,2,0.08509999999999994,0.0025356249603192393,0.08542069174587591
v3.1,c530bf2cab2728a7,500,0,1.15,0,0.55330000000000001,0.0051233965217609232,0.54908658644059727
v3.1,c530bf2cab2728a7,500,0,1.15,1,0.36158000000000007,0.0048368363481294113,0.3655651232104587
v3.1,c530bf2cab2728a7,500,0,1.15,2,0.085119999999999987,0.0026461819264515405,0.085348290348943964
v3.1,c530bf2cab2728a7,500,0,1.2,0,0.55450000000000021,0.0051963759710324294,0.55062454445143738
v3.1,c530bf2cab2728a7,500,0,1.2,1,0.36039999999999978,0.0048906424770559379,0.36412823195424537
v3.1,c530bf2cab2728a7,500,0,1.2,2,0.085099999999999981,0.0027704610709148305,0.085247223594317245
v3.1,c530bf2cab2728a7,500,0,1.25,0,0.55745999999999996,0.0052762747035645079,0.55217382492494638
v3.1,c530bf2cab2728a7,500,0,1.25,1,0.35784000000000016,0.0048953228553983916,0.36270845755153663
v3.1,c530bf2cab2728a7,500,0,1.25,2,0.084699999999999956,0.0028550681500472347,0.085117717523516948
v3.1,c530bf2cab2728a7,500,0,1.3,0,0.55947999999999987,0.0053596788687156971,0.5537328812822192
v3.1,c530bf2cab2728a7,500,0,1.3,1,0.35583999999999993,0.0049166532100483546,0.36130706702430765
v3.1,c530bf2cab2728a7,500,0,1.3,2,0.084680000000000019,0.0028855922137825405,0.084960051693473274
v3.1,c530bf2cab2728a7,500,0,1.35,0,0.56171999999999989,0.0053686723148505177,0.55530015380961506
v3.1,c530bf2cab2728a7,500,0,1.35,1,0.35420000000000018,0.005048812241557914,0.35992528827167369
v3.1,c530bf2cab2728a7,500,0,1.35,2,0.084079999999999974,0.0028663030072364885,0.084774557918711219
v3.1,c530bf2cab2728a7,500,0,1.4,0,0.56288000000000016,0.0054464756466633506,0.55687407244309339
v3.1,c530bf2cab2728a7,500,0,1.4,1,0.35271999999999987,0.0050828704210486931,0.35856430873493061
v3.1,c530bf2cab2728a7,500,0,1.4,2,0.084399999999999989,0.0029489940075499736,0.084561618821975951
v3.1,c530bf2cab2728a7,500,0,1.45,0,0.56368000000000007,0.0055573934737628778,0.55845305958145275
v3.1,c530bf2cab2728a7,500,0,1.45,1,0.35184000000000004,0.0051763783603300216,0.35722527421490624
v3.1,c530bf2cab2728a7,500,0,1.45,2,0.084479999999999944,0.0029392667263943377,0.084321666203640996
v3.1,c530bf2cab2728a7,500,0,1.5,0,0.56512000000000007,0.0058645533383699256,0.56003553291789121
v3.1,c530bf2cab2728a7,500,0,1.5,1,0.35133999999999987,0.0054677792659369607,0.35590928784084508
v3.1,c530bf2cab2728a7,500,0,1.5,2,0.083539999999999962,0.0028810569048335179,0.084055179241263822
v3.1,c530bf2cab2728a7,500,0,1.55,0,0.56623999999999985,0.0059434561247703934,0.56161990827918629
v3.1,c530bf2cab2728a7,500,0,1.55,1,0.35060000000000002,0.0055461698495448174,0.35461740918925194
v3.1,c530bf2cab2728a7,500,0,1.55,2,0.083159999999999942,0.002968001742491796,0.083762682531561855
v3.1,c530bf2cab2728a7,500,0,1.6,0,0.56797999999999971,0.0061416606841794806,0.56320460246175097
v3.1,c530bf2cab2728a7,500,0,1.6,1,0.35068000000000005,0.0056101077610781341,0.35335065355037876
v3.1,c530bf2cab2728a7,500,0,1.6,2,0.081339999999999968,0.003035021841067635,0.083444743987870412
v3.1,c530bf2cab2728a7,500,0,1.65,0,0.57017999999999991,0.0063577580064584759,0.56478803605385042
v3.1,c530bf2cab2728a7,500,0,1.65,1,0.34841999999999979,0.0057763219222525123,0.35210999133934096
v3.1,c530bf2cab2728a7,500,0,1.65,2,0.081399999999999986,0.0031551785234993461,0.083101972606808641
v3.1,c530bf2cab2728a7,500,0,1.7,0,0.57229999999999992,0.0064682831469167184,0.56636863623336264
v3.1,c530bf2cab2728a7,500,0,1.7,1,0.3471800000000001,0.0058452152581527249,0.35089634764821842
v3.1,c530bf2cab2728a7,500,0,1.7,2,0.08051999999999998,0.0030413473888054863,0.08273501611841895
v3.1,c530bf2cab2728a7,500,0,1.75,0,0.57360000000000011,0.006352475060473625,0.56794483953063857
v3.1,c530bf2cab2728a7,500,0,1.75,1,0.34564,0.0057337124610376631,0.34971060193490716
v3.1,c530bf2cab2728a7,500,0,1.75,2,0.080759999999999971,0.0030935292518939005,0.082344558534454285
v3.1,c530bf2cab2728a7,500,0,1.8,0,0.57640000000000002,0.0066870597183491375,0.56951509454625748
v3.1,c530bf2cab2728a7,500,0,1.8,1,0.34280000000000016,0.005807275130768683,0.34855358784397356
v3.1,c530bf2cab2728a7,500,0,1.8,2,0.080799999999999983,0.0031851930154159491,0.081931317609768933
v3.1,c530bf2cab2728a7,500,0,1.85,0,0.57824000000000009,0.0065704745150967107,0.57107786461377907
v3.1,c530bf2cab2728a7,500,0,1.85,1,0.34266000000000008,0.0057875557898133508,0.34742609315429651
v3.1,c530bf2cab2728a7,500,0,1.85,2,0.079099999999999948,0.0031755855262208615,0.081496042231924304
v3.1,c530bf2cab2728a7,500,0,1.9,0,0.57898000000000005,0.0066141870783241906,0.57263163039796805
v3.1,c530bf2cab2728a7,500,0,1.9,1,0.34360000000000002,0.0059305066470672716,0.34632885984788198
v3.1,c530bf2cab2728a7,500,0,1.9,2,0.077419999999999989,0.0031062394035752039,0.081039509754150085
v3.1,c530bf2cab2728a7,500,0,1.95,0,0.58008000000000015,0.0065845807026949739,0.57417489241939335
v3.1,c530bf2cab2728a7,500,0,1.95,1,0.34393999999999991,0.0059378229524078459,0.34526258429389411
v3.1,c530bf2cab2728a7,500,0,1.95,2,0.075979999999999978,0.0031901990058567963,0.080562523286712512
v3.1,c530bf2cab2728a7,500,0,2,0,0.58053999999999994,0.0065530225888901878,0.57570617349679876
v3.1,c530bf2cab2728a7,500,0,2,1,0.34340000000000004,0.0059001455212322664,0.34422791754166521
v3.1,c530bf2cab2728a7,500,0,2,2,0.076059999999999961,0.0032974376339052953,0.080065908961536134
v3.1,c530bf2cab2728a7,500,0,2.05,0,0.58029999999999982,0.0066065394599868722,0.57722402109917059
v3.1,c530bf2cab2728a7,500,0,2.05,1,0.34449999999999997,0.0059329843274951461,0.34322546571621659
v3.1,c530bf2cab2728a7,500,0,2.05,2,0.075200000000000003,0.0032555779638626186,0.079550513184612703
v3.1,c530bf2cab2728a7,500,0,2.1,0,0.58100000000000007,0.0066490980629334241,0.57872700960002343
v3.1,c530bf2cab2728a7,500,0,2.1,1,0.34385999999999994,0.0059055361802090051,0.34225579050966071
v3.1,c530bf2cab2728a7,500,0,2.1,2,0.075139999999999985,0.0032997404244405138,0.079017199890315803
v3.1,c530bf2cab2728a7,500,0,2.15,0,0.58198000000000005,0.0067479586138731963,0.58021374242703805
v3.1,c530bf2cab2728a7,500,0,2.15,1,0.34382000000000013,0.0060535052038075644,0.34131940976173025
v3.1,c530bf2cab2728a7,500,0,2.15,2,0.074199999999999947,0.0033945291695356345,0.078466847811231671
v3.1,c530bf2cab2728a7,500,0,2.2,0,0.58202000000000031,0.0066877542243758119,0.58168285410085752
v3.1,c530bf2cab2728a7,500,0,2.2,1,0.34429999999999999,0.0060663919351712763,0.34041679812261882
v3.1,c530bf2cab2728a7,500,0,2.2,2,0.073679999999999926,0.0034501611732225082,0.077900347776523771
v3.1,c530bf2cab2728a7,500,0,2.25,0,0.58371999999999991,0.0067668843075911382,0.58313301215752122
v3.1,c530bf2cab2728a7,500,0,2.25,1,0.34356000000000003,0.0062128950294097719,0.33954838779129859
v3.1,c530bf2cab2728a7,500,0,2.25,2,0.072719999999999965,0.0034643955264427248,0.077318600051180186
v3.1,c530bf2cab2728a7,500,0,2.3,0,0.58648,0.0068052932458209456,0.58456291894973822
v3.1,c530bf2cab2728a7,500,0,2.3,1,0.34195999999999999,0.0062853994673884054,0.3387145693225036
v3.1,c530bf2cab2728a7,500,0,2.3,2,0.071559999999999971,0.0033861965791618285,0.076722511727758125
v3.1,c530bf2cab2728a7,500,0,2.35,0,0.58704000000000023,0.0068998890343880655,0.58597131332291619
v3.1,c530bf2cab2728a7,500,0,2.35,1,0.34197999999999995,0.0063046876900197755,0.33791569249563541
v3.1,c530bf2cab2728a7,500,0,2.35,2,0.070979999999999988,0.0033964324717788131,0.076112994181448568
v3.1,c530bf2cab2728a7,500,0,2.4,0,0.58967999999999987,0.0068208663805867185,0.58735697216260185
v3.1,c530bf2cab2728a7,500,0,2.4,1,0.34049999999999997,0.0061737387784915627,0.33715206723895119
v3.1,c530bf2cab2728a7,500,0,2.4,2,0.069819999999999979,0.0034251706438357113,0.075490960598446941
v3.1,c530bf2cab2728a7,500,0,2.45,0,0.59157999999999999,0.0069838656772578181,0.58871871181072588
v3.1,c530bf2cab2728a7,500,0,2.45,1,0.33994000000000008,0.0063193437199210055,0.3364239646025321
v3.1,c530bf2cab2728a7,500,0,2.45,2,0.068479999999999971,0.0034249376607170491,0.074857323586742006
v3.1,c530bf2cab2728a7,500,0,2.5,0,0.59399999999999997,0.0070946273597517016,0.590055389348772
v3.1,c530bf2cab2728a7,500,0,2.5,1,0.33847999999999989,0.0064615800050464578,0.33573161777369481
v3.1,c530bf2cab2728a7,500,0,2.5,2,0.067519999999999983,0.0034343623053551646,0.07421299287753319
v3.1,c530bf2cab2728a7,500,0,2.55,0,0.59624000000000021,0.0074324584347198585,0.59136590374672382
v3.1,c530bf2cab2728a7,500,0,2.55,1,0.33657999999999993,0.0066450130157734068,0.33507522312870647
v3.1,c530bf2cab2728a7,500,0,2.55,2,0.067179999999999948,0.0035508536461197069,0.073558873124569657
v3.1,c530bf2cab2728a7,500,0,2.6,0,0.59861999999999982,0.0074551694491239769,0.59264919687734552
v3.1,c530bf2cab2728a7,500,0,2.6,1,0.33450000000000002,0.0066532820183847321,0.33445494131487719
v3.1,c530bf2cab2728a7,500,0,2.6,2,0.066879999999999995,0.0036591460062355393,0.072895861807777351
v3.1,c530bf2cab2728a7,500,0,2.65,0,0.59963999999999973,0.0075305374269964264,0.59390425439604444
v3.1,c530bf2cab2728a7,500,0,2.65,1,0.33439999999999992,0.0066636963079696587,0.33387089835734196
v3.1,c530bf2cab2728a7,500,0,2.65,2,0.065959999999999963,0.0036789304550275603,0.072224847246613696
v3.1,c530bf2cab2728a7,500,0,2.7,0,0.60031999999999996,0.007626785334953025,0.59513010648723086
v3.1,c530bf2cab2728a7,500,0,2.7,1,0.3343799999999999,0.006881959727938672,0.33332318678509598
v3.1,c530bf2cab2728a7,500,0,2.7,2,0.065299999999999969,0.0036647791284886546,0.071546706727673173
v3.1,c530bf2cab2728a7,500,0,2.75,0,0.60026000000000013,0.0078255553906235401,0.59632582847872073
v3.1,c530bf2cab2728a7,500,0,2.75,1,0.33488000000000001,0.0070511161090878642,0.3328118667711143
v3.1,c530bf2cab2728a7,500,0,2.75,2,0.064859999999999973,0.0036212900207165692,0.070862304750164931
v3.1,c530bf2cab2728a7,500,0,2.8,0,0.60019999999999984,0.0078600639985057404,0.59749054132633495
v3.1,c530bf2cab2728a7,500,0,2.8,1,0.33515999999999996,0.0070675345379024816,0.33233696728165962
v3.1,c530bf2cab2728a7,500,0,2.8,2,0.064639999999999975,0.0036171175532375755,0.070172491392005334
v3.1,c530bf2cab2728a7,500,0,2.85,0,0.60009999999999986,0.0079592586325485087,0.59862341197141167
v3.1,c530bf2cab2728a7,500,0,2.85,1,0.33593999999999996,0.0070526708172553784,0.33189848723016818
v3.1,c530bf2cab2728a7,500,0,2.85,2,0.063959999999999975,0.0037360358183994484,0.069478100798420206
v3.1,c530bf2cab2728a7,500,0,2.9,0,0.6011399999999999,0.00786503604055264,0.59972365357447377
v3.1,c530bf2cab2728a7,500,0,2.9,1,0.3358000000000001,0.0070540481965744983,0.33149639663138974
v3.1,c530bf2cab2728a7,500,0,2.9,2,0.063059999999999977,0.003787854593862129,0.0687799497941365
v3.1,c530bf2cab2728a7,500,0,2.95,0,0.60099999999999998,0.0079640353204803518,0.60079052562878299
v3.1,c530bf2cab2728a7,500,0,2.95,1,0.33657999999999993,0.007168635106694252,0.331130637751747
v3.1,c530bf2cab2728a7,500,0,2.95,2,0.062419999999999976,0.0036969323892802122,0.068078836619470048
v3.1,c530bf2cab2728a7,500,0,3,0,0.60270000000000012,0.0081909718716413737,0.60182333395794396
v3.1,c530bf2cab2728a7,500,0,3,1,0.33592000000000011,0.0073236255303702497,0.33080112625217128
v3.1,c530bf2cab2728a7,500,0,3,2,0.061379999999999948,0.0036463564213492831,0.067375539789884795
v3.1,c530bf2cab2728a7,500,0,3.05,0,0.60352000000000006,0.0082029371433516279,0.60282143060212579
v3.1,c530bf2cab2728a7,500,0,3.05,1,0.33551999999999998,0.0072682022286369857,0.33050775231995755
v3.1,c530bf2cab2728a7,500,0,3.05,2,0.060959999999999986,0.0037077565434988557,0.066670817077916625
v3.1,c530bf2cab2728a7,500,0,3.1,0,0.60451999999999984,0.0082146270134253185,0.60378421359781187
v3.1,c530bf2cab2728a7,500,0,3.1,1,0.33561999999999997,0.0073096971706954244,0.33025038178646698
v3.1,c530bf2cab2728a7,500,0,3.1,2,0.059859999999999962,0.0036806076573403916,0.06596540461572116
v3.1,c530bf2cab2728a7,500,0,3.15,0,0.60344000000000009,0.008137310502999269,0.60471112665629267
v3.1,c530bf2cab2728a7,500,0,3.15,1,0.33721999999999996,0.0071979174878305033,0.33002885722778291
v3.1,c530bf2cab2728a7,500,0,3.15,2,0.059339999999999983,0.0036494975439411285,0.065260016115924357
v3.1,c530bf2cab2728a7,500,0,3.2,0,0.60251999999999994,0.0082676744253774529,0.60560165874637373
v3.1,c530bf2cab2728a7,500,0,3.2,1,0.33720000000000006,0.0073328925487363529,0.32984299904569991
v3.1,c530bf2cab2728a7,500,0,3.2,2,0.060279999999999959,0.0037462999928414217,0.064555342207926317
v3.1,c530bf2cab2728a7,500,0,3.25,0,0.60376000000000007,0.0083684486814064492,0.60645534358697717
v3.1,c530bf2cab2728a7,500,0,3.25,1,0.33667999999999987,0.0074491254994845336,0.32969260652668747
v3.1,c530bf2cab2728a7,500,0,3.25,2,0.059559999999999974,0.0037046059237798891,0.063852049886335319
v3.1,c530bf2cab2728a7,500,0,3.3,0,0.60490000000000033,0.0085327355377730844,0.60727175905548647
v3.1,c530bf2cab2728a7,500,0,3.3,1,0.33519999999999994,0.0076137037536592438,0.32957745887672474
v3.1,c530bf2cab2728a7,500,0,3.3,2,0.059899999999999995,0.0037939212411222225,0.063150782067788888
v3.1,c530bf2cab2728a7,500,0,3.35,0,0.60771999999999982,0.0086791993300131699,0.60805052651779645
v3.1,c530bf2cab2728a7,500,0,3.35,1,0.33274000000000004,0.0077434445393076406,0.32949731623015066
v3.1,c530bf2cab2728a7,500,0,3.35,2,0.059539999999999961,0.0038598534540664497,0.062452157252052803
v3.1,c530bf2cab2728a7,500,0,3.4,0,0.60891999999999991,0.0085591191843624424,0.60879131008611787
v3.1,c530bf2cab2728a7,500,0,3.4,1,0.33228000000000002,0.0076326793421048365,0.32945192063090606
v3.1,c530bf2cab2728a7,500,0,3.4,2,0.058799999999999963,0.0038282311235547858,0.061756769282976111
v3.1,c530bf2cab2728a7,500,0,3.45,0,0.60948000000000024,0.0084729215740498853,0.60949381581061668
v3.1,c530bf2cab2728a7,500,0,3.45,1,0.33114000000000005,0.0075476268261666663,0.32944099698476575
v3.1,c530bf2cab2728a7,500,0,3.45,2,0.059379999999999954,0.0038463095259868218,0.061065187204617531
v3.1,c530bf2cab2728a7,500,0,3.5,0,0.61080000000000001,0.0083974503104913781,0.6101577908109751
v3.1,c530bf2cab2728a7,500,0,3.5,1,0.33020000000000005,0.0074862027973621155,0.32946425398137735
v3.1,c530bf2cab2728a7,500,0,3.5,2,0.058999999999999976,0.0038170801681522244,0.06037795520764748
v3.1,c530bf2cab2728a7,500,0,3.55,0,0.61119999999999997,0.0083902300085253699,0.61078302235391835
v3.1,c530bf2cab2728a7,500,0,3.55,1,0.32948,0.0075772450418501308,0.32952138498511624
v3.1,c530bf2cab2728a7,500,0,3.55,2,0.059319999999999949,0.003933612727621911,0.059695592660965427
v3.1,c530bf2cab2728a7,500,0,3.6,0,0.61232000000000009,0.0082348714058391413,0.61136933688268724
v3.1,c530bf2cab2728a7,500,0,3.6,1,0.32912000000000008,0.007509633947150954,0.32961206889396011
v3.1,c530bf2cab2728a7,500,0,3.6,2,0.058559999999999966,0.0038906341826795213,0.05901859422335267
v3.1,c530bf2cab2728a7,500,0,3.65,0,0.61310000000000031,0.0081765555465648614,0.61191659900433437
v3.1,c530bf2cab2728a7,500,0,3.65,1,0.32918000000000008,0.0075068235625995626,0.32973597096576024
v3.1,c530bf2cab2728a7,500,0,3.65,2,0.057719999999999952,0.0038689669229013887,0.0583474300299055
v3.1,c530bf2cab2728a7,500,0,3.7,0,0.61386000000000018,0.008327404193748526,0.61242471044059099
v3.1,c530bf2cab2728a7,500,0,3.7,1,0.3301,0.0076458677028374573,0.32989274361145232
v3.1,c530bf2cab2728a7,500,0,3.7,2,0.056039999999999958,0.003775517089476526,0.057682545947956576
v3.1,c530bf2cab2728a7,500,0,3.75,0,0.61515999999999993,0.0083953416616693796,0.61289360894790368
v3.1,c530bf2cab2728a7,500,0,3.75,1,0.33066000000000012,0.0077011375258411782,0.33008202715490292
v3.1,c530bf2cab2728a7,500,0,3.75,2,0.054179999999999964,0.0036457358515106239,0.057024363897193509
v3.1,c530bf2cab2728a7,500,0,3.8,0,0.61519999999999997,0.0083967285596862323,0.61332326721205377
v3.1,c530bf2cab2728a7,500,0,3.8,1,0.33108000000000004,0.0077226896450352939,0.33030345055922727
v3.1,c530bf2cab2728a7,500,0,3.8,2,0.053719999999999969,0.0036278407190542808,0.05637328222871902
v3.1,c530bf2cab2728a7,500,0,3.85,0,0.61621999999999988,0.0083559641797782587,0.61371369172258861
v3.1,c530bf2cab2728a7,500,0,3.85,1,0.33032000000000011,0.007668733318291274,0.33055663211954861
v3.1,c530bf2cab2728a7,500,0,3.85,2,0.053459999999999973,0.0036706705412257062,0.055729676157862756
v3.1,c530bf2cab2728a7,500,0,3.9,0,0.61762000000000006,0.0084763578513558785,0.61406492163207016
v3.1,c530bf2cab2728a7,500,0,3.9,1,0.33035999999999999,0.0076454452011136889,0.33084118012228153
v3.1,c530bf2cab2728a7,500,0,3.9,2,0.052019999999999976,0.0036010654988867853,0.055093898245648379
v3.1,c530bf2cab2728a7,500,0,3.95,0,0.61740000000000006,0.0083865934380384453,0.61437702760492219
v3.1,c530bf2cab2728a7,500,0,3.95,1,0.33166000000000012,0.0076455337196683539,0.33115669347113819
v3.1,c530bf2cab2728a7,500,0,3.95,2,0.050939999999999958,0.0035969072012134846,0.054466278923939744
v3.1,c530bf2cab2728a7,500,0,4,0,0.61757999999999991,0.0083887994108546617,0.61465011066042163
v3.1,c530bf2cab2728a7,500,0,4,1,0.3324399999999999,0.0076417555759673616,0.33150276228014869
v3.1,c530bf2cab2728a7,500,0,4,2,0.049979999999999976,0.003589602831073165,0.053847127059429664
v3.1,c530bf2cab2728a7,1000,0,0,0,0.52000000000000102,1.0042345108077675e-16,0.52000000000000002
v3.1,c530bf2cab2728a7,1000,0,0,1,0.39999999999999925,7.8107128618381923e-17,0.40000000000000002
v3.1,c530bf2cab2728a7,1000,0,0,2,0.080000000000000057,5.5790806155987088e-18,0.080000000000000002
v3.1,c530bf2cab2728a7,1000,0,0.05,0,0.52141000000000037,0.00066637796779275079,0.5209167443020436
v3.1,c530bf2cab2728a7,1000,0,0.05,1,0.39834000000000019,0.00068301470768138649,0.39857794509123373
v3.1,c530bf2cab2728a7,1000,0,0.05,2,0.080250000000000016,0.0004159387581183684,0.080505310606722683
v3.1,c530bf2cab2728a7,1000,0,0.1,0,0.52293000000000012,0.00096276695104277642,0.52187150132657234
v3.1,c530bf2cab2728a7,1000,0,0.1,1,0.39646000000000009,0.0010257709591356445,0.39713814214884552
v3.1,c530bf2cab2728a7,1000,0,0.1,2,0.080610000000000029,0.00052874828366127817,0.080990356524582169
v3.1,c530bf2cab2728a7,1000,0,0.15,0,0.52193000000000023,0.0012055641204369227,0.52286360195287329
v3.1,c530bf2cab2728a7,1000,0,0.15,1,0.39653000000000027,0.0013173630686129977,0.39568209940586663
v3.1,c530bf2cab2728a7,1000,0,0.15,2,0.081540000000000029,0.00064077289189688649,0.081454298641259984
v3.1,c530bf2cab2728a7,1000,0,0.2,0,0.5229100000000001,0.0015492647327429927,0.52389232590154178
v3.1,c530bf2cab2728a7,1000,0,0.2,1,0.39540999999999987,0.0016476548991420097,0.39421134732508634
v3.1,c530bf2cab2728a7,1000,0,0.2,2,0.081680000000000016,0.00075141348285895295,0.081896326773371803
v3.1,c530bf2cab2728a7,1000,0,0.25,0,0.52451000000000025,0.0016194209589925179,0.52495690199387635
v3.1,c530bf2cab2728a7,1000,0,0.25,1,0.39389999999999992,0.0017284605166377847,0.3927274355255051
v3.1,c530bf2cab2728a7,1000,0,0.25,2,0.081589999999999996,0.00081601334411747061,0.082315662480618432
v3.1,c530bf2cab2728a7,1000,0,0.3,0,0.52507000000000004,0.0018355223845658842,0.52605650854199448
v3.1,c530bf2cab2728a7,1000,0,0.3,1,0.39325999999999989,0.0020550317650964807,0.39123192965710696
v3.1,c530bf2cab2728a7,1000,0,0.3,2,0.081670000000000034,0.00092540518016420606,0.082711561800898628
v3.1,c530bf2cab2728a7,1000,0,0.35,0,0.52591999999999994,0.0019773811882478221,0.52719027387228712
v3.1,c530bf2cab2728a7,1000,0,0.35,1,0.39125000000000026,0.0021979041899688957,0.38972640823764043
v3.1,c530bf2cab2728a7,1000,0,0.35,2,0.082830000000000029,0.0010232701589423087,0.083083317890072506
v3.1,c530bf2cab2728a7,1000,0,0.4,0,0.52709000000000017,0.00208719496652393,0.5283572769842888
v3.1,c530bf2cab2728a7,1000,0,0.4,1,0.38949000000000017,0.0022643702716810092,0.38821245946526245
v3.1,c530bf2cab2728a7,1000,0,0.4,2,0.083419999999999994,0.0011217032503377099,0.083430263550448802
v3.1,c530bf2cab2728a7,1000,0,0.45,0,0.52849000000000002,0.002221360716845294,0.52955654834644095
v3.1,c530bf2cab2728a7,1000,0,0.45,1,0.38794000000000006,0.0024149709829488332,0.38669167802096294
v3.1,c530bf2cab2728a7,1000,0,0.45,2,0.083570000000000033,0.0011464706492077975,0.083751773632596199
v3.1,c530bf2cab2728a7,1000,0,0.5,0,0.52946999999999989,0.0023178470940756974,0.53078707082961507
v3.1,c530bf2cab2728a7,1000,0,0.5,1,0.38667000000000018,0.0024573145808982114,0.3851656618746393
v3.1,c530bf2cab2728a7,1000,0,0.5,2,0.083860000000000004,0.0011865423836858204,0.084047267295745673
v3.1,c530bf2cab2728a7,1000,0,0.55,0,0.53212000000000015,0.0024541566470958711,0.53204778077860926
v3.1,c530bf2cab2728a7,1000,0,0.55,1,0.38410000000000005,0.0025277250521751641,0.38363600910853946
v3.1,c530bf2cab2728a7,1000,0,0.55,2,0.083780000000000035,0.0012187574397597319,0.084316210112851314
v3.1,c530bf2cab2728a7,1000,0,0.6,0,0.53308999999999995,0.0024251666609396831,0.53333756922116171
v3.1,c530bf2cab2728a7,1000,0,0.6,1,0.38234999999999991,0.0025268007879969928,0.38210431477153373
v3.1,c530bf2cab2728a7,1000,0,0.6,2,0.084560000000000052,0.001250480311760649,0.084558116007304562
v3.1,c530bf2cab2728a7,1000,0,0.65,0,0.53449000000000024,0.0025096377862515963,0.53465528321333078
v3.1,c530bf2cab2728a7,1000,0,0.65,1,0.38020000000000009,0.0025945163617744158,0.38057216777732422
v3.1,c530bf2cab2728a7,1000,0,0.65,2,0.085310000000000025,0.0013062936233110192,0.084772549009344847
v3.1,c530bf2cab2728a7,1000,0,0.7,0,0.53539000000000014,0.0025967304617362749,0.53599972731938661
v3.1,c530bf2cab2728a7,1000,0,0.7,1,0.37934000000000007,0.0026542217181865068,0.37904114785924897
v3.1,c530bf2cab2728a7,1000,0,0.7,2,0.085270000000000026,0.0013106290416622409,0.084959124821364349
v3.1,c530bf2cab2728a7,1000,0,0.75,0,0.53667000000000009,0.0026456388737892871,0.53736966522363794
v3.1,c530bf2cab2728a7,1000,0,0.75,1,0.37786000000000003,0.0027093933123878717,0.3775128225938017
v3.1,c530bf2cab2728a7,1000,0,0.75,2,0.08546999999999999,0.0013553824612121909,0.085117512182560265
v3.1,c530bf2cab2728a7,1000,0,0.8,0,0.53904999999999992,0.0026277222536684199,0.53876382147090163
v3.1,c530bf2cab2728a7,1000,0,0.8,1,0.37547999999999992,0.0027641821630100699,0.37598874450437147
v3.1,c530bf2cab2728a7,1000,0,0.8,2,0.085470000000000004,0.0014104555464405279,0.085247434024726898
v3.1,c530bf2cab2728a7,1000,0,0.85,0,0.54098000000000002,0.0027323346290768482,0.54018088333159608
v3.1,c530bf2cab2728a7,1000,0,0.85,1,0.37392999999999993,0.0029192587615988613,0.37447044825601206
v3.1,c530bf2cab2728a7,1000,0,0.85,2,0.085090000000000041,0.0015040077772203817,0.085348668412391859
v3.1,c530bf2cab2728a7,1000,0,0.9,0,0.54185000000000016,0.0027654204933518695,0.5416195027867321
v3.1,c530bf2cab2728a7,1000,0,0.9,1,0.3731000000000001,0.0029860449839988418,0.37295944795129704
v3.1,c530bf2cab2728a7,1000,0,0.9,2,0.085049999999999973,0.0015931910041666615,0.085421049261970888
v3.1,c530bf2cab2728a7,1000,0,0.95,0,0.54340999999999995,0.0029284772131397555,0.54307829862736956
v3.1,c530bf2cab2728a7,1000,0,0.95,1,0.37104000000000004,0.0030318817705687453,0.37145723453650248
v3.1,c530bf2cab2728a7,1000,0,0.95,2,0.085549999999999973,0.0016346855874133624,0.085464466836127864
v3.1,c530bf2cab2728a7,1000,0,1,0,0.54391,0.0030683162559398342,0.54455585866243494
v3.1,c530bf2cab2728a7,1000,0,1,1,0.36981000000000008,0.0031898100066912903,0.36996527332649792
v3.1,c530bf2cab2728a7,1000,0,1,2,0.086280000000000037,0.0017119355222446997,0.08547886801106723
v3.1,c530bf2cab2728a7,1000,0,1.05,0,0.54438000000000031,0.0031289388913589506,0.5460507420281322
v3.1,c530bf2cab2728a7,1000,0,1.05,1,0.3689900000000001,0.0033640252163986023,0.36848500165583004
v3.1,c530bf2cab2728a7,1000,0,1.05,2,0.086629999999999985,0.0017394214177958341,0.085464256316037795
v3.1,c530bf2cab2728a7,1000,0,1.1,0,0.54747000000000012,0.0031456384747998939,0.54756148159156526
v3.1,c530bf2cab2728a7,1000,0,1.1,1,0.36670000000000008,0.0033431219909636337,0.36701782666255878
v3.1,c530bf2cab2728a7,1000,0,1.1,2,0.085830000000000017,0.0017364223640182208,0.08542069174587591
v3.1,c530bf2cab2728a7,1000,0,1.15,0,0.54865999999999993,0.0032316371683527188,0.54908658644059727
v3.1,c530bf2cab2728a7,1000,0,1.15,1,0.36583000000000004,0.0034723454361976756,0.3655651232104587
v3.1,c530bf2cab2728a7,1000,0,1.15,2,0.085510000000000017,0.0017481011343047563,0.085348290348943964
v3.1,c530bf2cab2728a7,1000,0,1.2,0,0.54883999999999999,0.003352662743961502,0.55062454445143738
v3.1,c530bf2cab2728a7,1000,0,1.2,1,0.36474999999999985,0.0036021423199159262,0.36412823195424537
v3.1,c530bf2cab2728a7,1000,0,1.2,2,0.086410000000000015,0.0017869953903836811,0.085247223594317245
v3.1,c530bf2cab2728a7,1000,0,1.25,0,0.55050999999999994,0.0034613448370262217,0.55217382492494638
v3.1,c530bf2cab2728a7,1000,0,1.25,1,0.36335000000000017,0.0036812485530171566,0.36270845755153663
v3.1,c530bf2cab2728a7,1000,0,1.25,2,0.086140000000000008,0.0017868215672336488,0.085117717523516948
v3.1,c530bf2cab2728a7,1000,0,1.3,0,0.55186000000000002,0.0036178854251475321,0.5537328812822192
v3.1,c530bf2cab2728a7,1000,0,1.3,1,0.36229,0.003800247067991471,0.36130706702430765
v3.1,c530bf2cab2728a7,1000,0,1.3,2,0.085850000000000024,0.0018659833706102364,0.084960051693473274
v3.1,c530bf2cab2728a7,1000,0,1.35,0,0.55295000000000027,0.0036853895261689711,0.55530015380961506
v3.1,c530bf2cab2728a7,1000,0,1.35,1,0.36180000000000007,0.0038542643312769213,0.35992528827167369
v3.1,c530bf2cab2728a7,1000,0,1.35,2,0.085250000000000006,0.0018791990019390941,0.084774557918711219
v3.1,c530bf2cab2728a7,1000,0,1.4,0,0.55523999999999996,0.0036941154406554327,0.55687407244309339
v3.1,c530bf2cab2728a7,1000,0,1.4,1,0.36008000000000012,0.003871279380308794,0.35856430873493061
v3.1,c530bf2cab2728a7,1000,0,1.4,2,0.084680000000000019,0.0018486074474991967,0.084561618821975951
v3.1,c530bf2cab2728a7,1000,0,1.45,0,0.55557000000000001,0.0037984381426097121,0.55845305958145275
v3.1,c530bf2cab2728a7,1000,0,1.45,1,0.35985,0.0039193478894821105,0.35722527421490624
v3.1,c530bf2cab2728a7,1000,0,1.45,2,0.084580000000000016,0.0018443569408475476,0.084321666203640996
v3.1,c530bf2cab2728a7,1000,0,1.5,0,0.5574300000000002,0.0038963659577570045,0.56003553291789121
v3.1,c530bf2cab2728a7,1000,0,1.5,1,0.35782000000000003,0.0038881425546464371,0.35590928784084508
v3.1,c530bf2cab2728a7,1000,0,1.5,2,0.084749999999999978,0.0019223499402890444,0.084055179241263822
v3.1,c530bf2cab2728a7,1000,0,1.55,0,0.55920000000000003,0.0038846759286595652,0.56161990827918629
v3.1,c530bf2cab2728a7,1000,0,1.55,1,0.35645000000000016,0.0038511804565731409,0.35461740918925194
v3.1,c530bf2cab2728a7,1000,0,1.55,2,0.084350000000000008,0.0019298492640147269,0.083762682531561855
v3.1,c530bf2cab2728a7,1000,0,1.6,0,0.56015999999999999,0.0039136569996757638,0.56320460246175097
v3.1,c530bf2cab2728a7,1000,0,1.6,1,0.35526999999999986,0.0038217044957093759,0.35335065355037876
v3.1,c530bf2cab2728a7,1000,0,1.6,2,0.084570000000000048,0.0019286911351871498,0.083444743987870412
v3.1,c530bf2cab2728a7,1000,0,1.65,0,0.56270999999999982,0.0039623555640756931,0.56478803605385042
v3.1,c530bf2cab2728a7,1000,0,1.65,1,0.35340999999999989,0.0038468692504818802,0.35210999133934096
v3.1,c530bf2cab2728a7,1000,0,1.65,2,0.083880000000000038,0.0019251278325651967,0.083101972606808641
v3.1,c530bf2cab2728a7,1000,0,1.7,0,0.56476000000000015,0.0040413299141183051,0.56636863623336264
v3.1,c530bf2cab2728a7,1000,0,1.7,1,0.35156999999999994,0.0038420389946438129,0.35089634764821842
v3.1,c530bf2cab2728a7,1000,0,1.7,2,0.083669999999999994,0.0019696718180212333,0.08273501611841895
v3.1,c530bf2cab2728a7,1000,0,1.75,0,0.56568999999999992,0.0041781464886727071,0.56794483953063857
v3.1,c530bf2cab2728a7,1000,0,1.75,1,0.35073999999999989,0.0039219563248640878,0.34971060193490716
v3.1,c530bf2cab2728a7,1000,0,1.75,2,0.083570000000000047,0.0020600213296924569,0.082344558534454285
v3.1,c530bf2cab2728a7,1000,0,1.8,0,0.56749000000000027,0.0041470811202798776,0.56951509454625748
v3.1,c530bf2cab2728a7,1000,0,1.8,1,0.34935000000000005,0.0039549578909505367,0.34855358784397356
v3.1,c530bf2cab2728a7,1000,0,1.8,2,0.083159999999999984,0.0020278226368360343,0.081931317609768933
v3.1,c530bf2cab2728a7,1000,0,1.85,0,0.56976000000000004,0.0043299315318728855,0.57107786461377907
v3.1,c530bf2cab2728a7,1000,0,1.85,1,0.34726000000000007,0.0041043367062145123,0.34742609315429651
v3.1,c530bf2cab2728a7,1000,0,1.85,2,0.082979999999999998,0.0021060749072982937,0.081496042231924304
v3.1,c530bf2cab2728a7,1000,0,1.9,0,0.57124000000000019,0.0045368106093433645,0.57263163039796805
v3.1,c530bf2cab2728a7,1000,0,1.9,1,0.34601000000000004,0.0042319968064374724,0.34632885984788198
v3.1,c530bf2cab2728a7,1000,0,1.9,2,0.082750000000000046,0.0021781919571103466,0.081039509754150085
v3.1,c530bf2cab2728a7,1000,0,1.95,0,0.57297000000000009,0.0045735174227460422,0.57417489241939335
v3.1,c530bf2cab2728a7,1000,0,1.95,1,0.34472999999999998,0.0042061488179554315,0.34526258429389411
v3.1,c530bf2cab2728a7,1000,0,1.95,2,0.082299999999999998,0.0021879144629006171,0.080562523286712512
v3.1,c530bf2cab2728a7,1000,0,2,0,0.57527000000000017,0.0046004140129893845,0.57570617349679876
v3.1,c530bf2cab2728a7,1000,0,2,1,0.34320000000000017,0.0041785890035520431,0.34422791754166521
v3.1,c530bf2cab2728a7,1000,0,2,2,0.081530000000000019,0.0022662858414488488,0.080065908961536134
v3.1,c530bf2cab2728a7,1000,0,2.05,0,0.57707000000000008,0.0045775529389719682,0.57722402109917059
v3.1,c530bf2cab2728a7,1000,0,2.05,1,0.34204000000000007,0.0041821390302914209,0.34322546571621659
v3.1,c530bf2cab2728a7,1000,0,2.05,2,0.080890000000000017,0.0023790285344393769,0.079550513184612703
v3.1,c530bf2cab2728a7,1000,0,2.1,0,0.58000999999999991,0.0045596937474689098,0.57872700960002343
v3.1,c530bf2cab2728a7,1000,0,2.1,1,0.33990000000000004,0.0041898988681413922,0.34225579050966071
v3.1,c530bf2cab2728a7,1000,0,2.1,2,0.080090000000000036,0.0023598962055586476,0.079017199890315803
v3.1,c530bf2cab2728a7,1000,0,2.15,0,0.58091000000000004,0.0047645385162392454,0.58021374242703805
v3.1,c530bf2cab2728a7,1000,0,2.15,1,0.33980000000000005,0.0043090695988903232,0.34131940976173025
v3.1,c530bf2cab2728a7,1000,0,2.15,2,0.079289999999999972,0.0024406612367813925,0.078466847811231671
v3.1,c530bf2cab2728a7,1000,0,2.2,0,0.58238000000000001,0.0048713298538956007,0.58168285410085752
v3.1,c530bf2cab2728a7,1000,0,2.2,1,0.33872999999999992,0.0043633425932258149,0.34041679812261882
v3.1,c530bf2cab2728a7,1000,0,2.2,2,0.078890000000000016,0.0024607174366493819,0.077900347776523771
v3.1,c530bf2cab2728a7,1000,0,2.25,0,0.58516000000000001,0.0048975095712004485,0.58313301215752122
v3.1,c530bf2cab2728a7,1000,0,2.25,1,0.33589000000000013,0.0043823312600403978,0.33954838779129859
v3.1,c530bf2cab2728a7,1000,0,2.25,2,0.07895000000000002,0.002518231502263026,0.077318600051180186
v3.1,c530bf2cab2728a7,1000,0,2.3,0,0.58715000000000017,0.0049056013130323005,0.58456291894973822
v3.1,c530bf2cab2728a7,1000,0,2.3,1,0.33455000000000007,0.0044008579282965371,0.3387145693225036
v3.1,c530bf2cab2728a7,1000,0,2.3,2,0.078300000000000008,0.0025076650171790963,0.076722511727758125
v3.1,c530bf2cab2728a7,1000,0,2.35,0,0.58939999999999992,0.0050429869295604123,0.58597131332291619
v3.1,c530bf2cab2728a7,1000,0,2.35,1,0.3334700000000001,0.0045561248597216627,0.33791569249563541
v3.1,c530bf2cab2728a7,1000,0,2.35,2,0.077129999999999976,0.0025724906376521721,0.076112994181448568
v3.1,c530bf2cab2728a7,1000,0,2.4,0,0.5910099999999997,0.0049994847209234947,0.58735697216260185
v3.1,c530bf2cab2728a7,1000,0,2.4,1,0.33295999999999998,0.0045953186543866067,0.33715206723895119
v3.1,c530bf2cab2728a7,1000,0,2.4,2,0.076029999999999986,0.0025254844519758419,0.075490960598446941
v3.1,c530bf2cab2728a7,1000,0,2.45,0,0.59156999999999993,0.0050762122003547398,0.58871871181072588
v3.1,c530bf2cab2728a7,1000,0,2.45,1,0.33217999999999998,0.0046359896462352026,0.3364239646025321
v3.1,c530bf2cab2728a7,1000,0,2.45,2,0.07625000000000004,0.0025401175110016014,0.074857323586742006
v3.1,c530bf2cab2728a7,1000,0,2.5,0,0.59289999999999976,0.0050582565767228142,0.590055389348772
v3.1,c530bf2cab2728a7,1000,0,2.5,1,0.33143,0.0046010155883722511,0.33573161777369481
v3.1,c530bf2cab2728a7,1000,0,2.5,2,0.075670000000000015,0.0025371603867873288,0.07421299287753319
v3.1,c530bf2cab2728a7,1000,0,2.55,0,0.59248999999999996,0.0050240732599368138,0.59136590374672382
v3.1,c530bf2cab2728a7,1000,0,2.55,1,0.33210000000000006,0.0045552833128803365,0.33507522312870647
v3.1,c530bf2cab2728a7,1000,0,2.55,2,0.075409999999999991,0.002562515139152126,0.073558873124569657
v3.1,c530bf2cab2728a7,1000,0,2.6,0,0.59253,0.0050547798161640033,0.59264919687734552
v3.1,c530bf2cab2728a7,1000,0,2.6,1,0.33310999999999985,0.0046287615334269835,0.33445494131487719
v3.1,c530bf2cab2728a7,1000,0,2.6,2,0.074359999999999968,0.0025511146306243975,0.072895861807777351
v3.1,c530bf2cab2728a7,1000,0,2.65,0,0.59350000000000014,0.0050604926497907149,0.59390425439604444
v3.1,c530bf2cab2728a7,1000,0,2.65,1,0.33300000000000013,0.0046599085264356294,0.33387089835734196
v3.1,c530bf2cab2728a7,1000,0,2.65,2,0.07350000000000001,0.0026471444496615096,0.072224847246613696
v3.1,c530bf2cab2728a7,1000,0,2.7,0,0.59392,0.0049564503427352129,0.59513010648723086
v3.1,c530bf2cab2728a7,1000,0,2.7,1,0.33321000000000012,0.004599391593493974,0.33332318678509598
v3.1,c530bf2cab2728a7,1000,0,2.7,2,0.072870000000000004,0.0026344897729230913,0.071546706727673173
v3.1,c530bf2cab2728a7,1000,0,2.75,0,0.59455999999999987,0.0049894296348188009,0.59632582847872073
v3.1,c530bf2cab2728a7,1000,0,2.75,1,0.33331999999999995,0.0046653002328495719,0.3328118667711143
v3.1,c530bf2cab2728a7,1000,0,2.75,2,0.07211999999999999,0.0025821563301108076,0.070862304750164931
v3.1,c530bf2cab2728a7,1000,0,2.8,0,0.59465999999999997,0.0051314679806429304,0.59749054132633495
v3.1,c530bf2cab2728a7,1000,0,2.8,1,0.33339999999999997,0.004747652264035564,0.33233696728165962
v3.1,c530bf2cab2728a7,1000,0,2.8,2,0.071939999999999976,0.002614753015742276,0.070172491392005334
v3.1,c530bf2cab2728a7,1000,0,2.85,0,0.59557999999999989,0.005157874826638654,0.59862341197141167
v3.1,c530bf2cab2728a7,1000,0,2.85,1,0.33291999999999988,0.0047606272398888474,0.33189848723016818
v3.1,c530bf2cab2728a7,1000,0,2.85,2,0.071500000000000008,0.002693970071748153,0.069478100798420206
v3.1,c530bf2cab2728a7,1000,0,2.9,0,0.59742000000000006,0.005080825113934137,0.59972365357447377
v3.1,c530bf2cab2728a7,1000,0,2.9,1,0.33183000000000001,0.0047335479038006735,0.33149639663138974
v3.1,c530bf2cab2728a7,1000,0,2.9,2,0.070749999999999993,0.002702799708196348,0.0687799497941365
v3.1,c530bf2cab2728a7,1000,0,2.95,0,0.60044000000000008,0.0050619260118550677,0.60079052562878299
v3.1,c530bf2cab2728a7,1000,0,2.95,1,0.33033000000000007,0.0046726380626629389,0.331130637751747
v3.1,c530bf2cab2728a7,1000,0,2.95,2,0.069230000000000014,0.0026903063923740147,0.068078836619470048
v3.1,c530bf2cab2728a7,1000,0,3,0,0.60115000000000018,0.0050912953046143251,0.60182333395794396
v3.1,c530bf2cab2728a7,1000,0,3,1,0.33012999999999998,0.0047112299751538205,0.33080112625217128
v3.1,c530bf2cab2728a7,1000,0,3,2,0.068720000000000017,0.0026957160177742854,0.067375539789884795
v3.1,c530bf2cab2728a7,1000,0,3.05,0,0.60289000000000004,0.0050855091220351808,0.60282143060212579
v3.1,c530bf2cab2728a7,1000,0,3.05,1,0.32936999999999989,0.0048420851798464766,0.33050775231995755
v3.1,c530bf2cab2728a7,1000,0,3.05,2,0.067739999999999995,0.0026120010518660775,0.066670817077916625
v3.1,c530bf2cab2728a7,1000,0,3.1,0,0.6046600000000002,0.0050439326488025743,0.60378421359781187
v3.1,c530bf2cab2728a7,1000,0,3.1,1,0.32888999999999979,0.0048145380637893767,0.33025038178646698
v3.1,c530bf2cab2728a7,1000,0,3.1,2,0.066450000000000037,0.0025750306460861445,0.06596540461572116
v3.1,c530bf2cab2728a7,1000,0,3.15,0,0.60527999999999982,0.0050703949600110088,0.60471112665629267
v3.1,c530bf2cab2728a7,1000,0,3.15,1,0.32929999999999998,0.0048837909600446807,0.33002885722778291
v3.1,c530bf2cab2728a7,1000,0,3.15,2,0.065419999999999978,0.0025994241786607389,0.065260016115924357
v3.1,c530bf2cab2728a7,1000,0,3.2,0,0.6065799999999999,0.0051522708536619975,0.60560165874637373
v3.1,c530bf2cab2728a7,1000,0,3.2,1,0.32871,0.00497208967714539,0.32984299904569991
v3.1,c530bf2cab2728a7,1000,0,3.2,2,0.064710000000000018,0.0026027295307236614,0.064555342207926317
v3.1,c530bf2cab2728a7,1000,0,3.25,0,0.60780000000000023,0.0051167579697707129,0.60645534358697717
v3.1,c530bf2cab2728a7,1000,0,3.25,1,0.32806999999999986,0.004987747715424996,0.32969260652668747
v3.1,c530bf2cab2728a7,1000,0,3.25,2,0.064129999999999979,0.0026140511923762391,0.063852049886335319
v3.1,c530bf2cab2728a7,1000,0,3.3,0,0.60936000000000023,0.0051099332854566875,0.60727175905548647
v3.1,c530bf2cab2728a7,1000,0,3.3,1,0.32794000000000006,0.0051036295264678391,0.32957745887672474
v3.1,c530bf2cab2728a7,1000,0,3.3,2,0.062699999999999992,0.0026382386226994391,0.063150782067788888
v3.1,c530bf2cab2728a7,1000,0,3.35,0,0.60943999999999998,0.0051660766036468585,0.60805052651779645
v3.1,c530bf2cab2728a7,1000,0,3.35,1,0.32862999999999998,0.0051605663889291702,0.32949731623015066
v3.1,c530bf2cab2728a7,1000,0,3.35,2,0.061930000000000006,0.0025959274631505774,0.062452157252052803
v3.1,c530bf2cab2728a7,1000,0,3.4,0,0.61160000000000037,0.0052110217304044588,0.60879131008611787
v3.1,c530bf2cab2728a7,1000,0,3.4,1,0.32780000000000015,0.0052162721314646674,0.32945192063090606
v3.1,c530bf2cab2728a7,1000,0,3.4,2,0.060600000000000029,0.002572150772400326,0.061756769282976111
v3.1,c530bf2cab2728a7,1000,0,3.45,0,0.61172000000000026,0.0052031280412979863,0.60949381581061668
v3.1,c530bf2cab2728a7,1000,0,3.45,1,0.32803000000000004,0.0052492703677691627,0.32944099698476575
v3.1,c530bf2cab2728a7,1000,0,3.45,2,0.060250000000000019,0.0025123281890097344,0.061065187204617531
v3.1,c530bf2cab2728a7,1000,0,3.5,0,0.61168,0.005183927764804125,0.6101577908109751
v3.1,c530bf2cab2728a7,1000,0,3.5,1,0.32890000000000003,0.0052213141269340626,0.32946425398137735
v3.1,c530bf2cab2728a7,1000,0,3.5,2,0.059419999999999987,0.002486049155596165,0.06037795520764748
v3.1,c530bf2cab2728a7,1000,0,3.55,0,0.61301000000000005,0.0051497865994817706,0.61078302235391835
v3.1,c530bf2cab2728a7,1000,0,3.55,1,0.32868999999999998,0.0052182990959263199,0.32952138498511624
v3.1,c530bf2cab2728a7,1000,0,3.55,2,0.058299999999999991,0.0024684882708723454,0.059695592660965427
v3.1,c530bf2cab2728a7,1000,0,3.6,0,0.61211000000000015,0.0051847268905211323,0.61136933688268724
v3.1,c530bf2cab2728a7,1000,0,3.6,1,0.32989999999999997,0.0052924283632183418,0.32961206889396011
v3.1,c530bf2cab2728a7,1000,0,3.6,2,0.057989999999999993,0.0024679151222246386,0.05901859422335267
v3.1,c530bf2cab2728a7,1000,0,3.65,0,0.61120000000000008,0.0051962301797368517,0.61191659900433437
v3.1,c530bf2cab2728a7,1000,0,3.65,1,0.33121000000000012,0.0053811548270540667,0.32973597096576024
v3.1,c530bf2cab2728a7,1000,0,3.65,2,0.057590000000000023,0.0024506068100316985,0.0583474300299055
v3.1,c530bf2cab2728a7,1000,0,3.7,0,0.61129000000000011,0.0053765351577972865,0.61242471044059099
v3.1,c530bf2cab2728a7,1000,0,3.7,1,0.33146999999999999,0.0055240969827427423,0.32989274361145232
v3.1,c530bf2cab2728a7,1000,0,3.7,2,0.057239999999999999,0.0024138957991787727,0.057682545947956576
v3.1,c530bf2cab2728a7,1000,0,3.75,0,0.61148000000000025,0.0053957049885285909,0.61289360894790368
v3.1,c530bf2cab2728a7,1000,0,3.75,1,0.33230999999999994,0.0055568266323705127,0.33008202715490292
v3.1,c530bf2cab2728a7,1000,0,3.75,2,0.056210000000000024,0.002415492713817421,0.057024363897193509
v3.1,c530bf2cab2728a7,1000,0,3.8,0,0.6118300000000001,0.0054113433982457045,0.61332326721205377
v3.1,c530bf2cab2728a7,1000,0,3.8,1,0.33256000000000008,0.0055911062131628912,0.33030345055922727
v3.1,c530bf2cab2728a7,1000,0,3.8,2,0.055609999999999979,0.0023731194575065031,0.05637328222871902
v3.1,c530bf2cab2728a7,1000,0,3.85,0,0.61283999999999994,0.0053788910276067765,0.61371369172258861
v3.1,c530bf2cab2728a7,1000,0,3.85,1,0.33271000000000001,0.0055889554688083919,0.33055663211954861
v3.1,c530bf2cab2728a7,1000,0,3.85,2,0.054449999999999978,0.0023646545009981708,0.055729676157862756
v3.1,c530bf2cab2728a7,1000,0,3.9,0,0.6137800000000001,0.0054735282141513729,0.61406492163207016
v3.1,c530bf2cab2728a7,1000,0,3.9,1,0.33242000000000005,0.0057606147960337379,0.33084118012228153
v3.1,c530bf2cab2728a7,1000,0,3.9,2,0.053800000000000028,0.0023680533709519239,0.055093898245648379
v3.1,c530bf2cab2728a7,1000,0,3.95,0,0.61456,0.0056460287285879452,0.61437702760492219
v3.1,c530bf2cab2728a7,1000,0,3.95,1,0.33252000000000015,0.0058734719482834621,0.33115669347113819
v3.1,c530bf2cab2728a7,1000,0,3.95,2,0.052919999999999988,0.0023535779768109008,0.054466278923939744
v3.1,c530bf2cab2728a7,1000,0,4,0,0.61512000000000011,0.0057349236694963519,0.61465011066042163
v3.1,c530bf2cab2728a7,1000,0,4,1,0.33268999999999982,0.0059269065465992633,0.33150276228014869
v3.1,c530bf2cab2728a7,1000,0,4,2,0.052189999999999993,0.0022872812585153488,0.053847127059429664
v3.1,c530bf2cab2728a7,2000,0,0,0,0.52000000000000102,1.0042345108077675e-16,0.52000000000000002
v3.1,c530bf2cab2728a7,2000,0,0,1,0.39999999999999925,7.8107128618381923e-17,0.40000000000000002
v3.1,c530bf2cab2728a7,2000,0,0,2,0.080000000000000057,5.5790806155987088e-18,0.080000000000000002
v3.1,c530bf2cab2728a7,2000,0,0.05,0,0.52117500000000005,0.0005640033222196019,0.5209167443020436
v3.1,c530bf2cab2728a7,2000,0,0.05,1,0.3985800000000001,0.00051250622070627208,0.39857794509123373
v3.1,c530bf2cab2728a7,2000,0,0.05,2,0.080244999999999983,0.00028064634994486183,0.080505310606722683
v3.1,c530bf2cab2728a7,2000,0,0.1,0,0.52094500000000021,0.00073758735144395092,0.52187150132657234
v3.1,c530bf2cab2728a7,2000,0,0.1,1,0.39835999999999977,0.00071006757396459026,0.39713814214884552
v3.1,c530bf2cab2728a7,2000,0,0.1,2,0.080694999999999961,0.00036166666666666677,0.080990356524582169
v3.1,c530bf2cab2728a7,2000,0,0.15,0,0.52230500000000013,0.00089012242376705142,0.52286360195287329
v3.1,c530bf2cab2728a7,2000,0,0.15,1,0.39659500000000014,0.00082221967990324873,0.39568209940586663
v3.1,c530bf2cab2728a7,2000,0,0.15,2,0.081099999999999992,0.00044158804331639244,0.081454298641259984
v3.1,c530bf2cab2728a7,2000,0,0.2,0,0.52304000000000028,0.001057314111942678,0.52389232590154178
v3.1,c530bf2cab2728a7,2000,0,0.2,1,0.39572500000000027,0.00096902468409418676,0.39421134732508634
v3.1,c530bf2cab2728a7,2000,0,0.2,2,0.081235000000000002,0.00047148245680057616,0.081896326773371803
v3.1,c530bf2cab2728a7,2000,0,0.25,0,0.524115,0.001143798717017338,0.52495690199387635
v3.1,c530bf2cab2728a7,2000,0,0.25,1,0.39450500000000011,0.0010651147564673222,0.3927274355255051
v3.1,c530bf2cab2728a7,2000,0,0.25,2,0.08137999999999998,0.00056170375743011655,0.082315662480618432
v3.1,c530bf2cab2728a7,2000,0,0.3,0,0.52641500000000041,0.0012787315171408323,0.52605650854199448
v3.1,c530bf2cab2728a7,2000,0,0.3,1,0.39209999999999995,0.0011735941514523806,0.39123192965710696
v3.1,c530bf2cab2728a7,2000,0,0.3,2,0.081485000000000002,0.00064072461346746331,0.082711561800898628
v3.1,c530bf2cab2728a7,2000,0,0.35,0,0.52725500000000003,0.0013824567321119379,0.52719027387228712
v3.1,c530bf2cab2728a7,2000,0,0.35,1,0.39079000000000014,0.0012773311033067137,0.38972640823764043
v3.1,c530bf2cab2728a7,2000,0,0.35,2,0.081954999999999986,0.00066443167025996325,0.083083317890072506
v3.1,c530bf2cab2728a7,2000,0,0.4,0,0.52752500000000013,0.0014382645090454675,0.5283572769842888
v3.1,c530bf2cab2728a7,2000,0,0.4,1,0.39017500000000022,0.0013522217968509412,0.38821245946526245
v3.1,c530bf2cab2728a7,2000,0,0.4,2,0.082299999999999984,0.00075474927270350158,0.083430263550448802
v3.1,c530bf2cab2728a7,2000,0,0.45,0,0.52832499999999993,0.0015325982262916556,0.52955654834644095
v3.1,c530bf2cab2728a7,2000,0,0.45,1,0.38865499999999981,0.0013750426072370162,0.38669167802096294
v3.1,c530bf2cab2728a7,2000,0,0.45,2,0.083019999999999997,0.00082311676700284225,0.083751773632596199
v3.1,c530bf2cab2728a7,2000,0,0.5,0,0.52954500000000004,0.0016001277568943803,0.53078707082961507
v3.1,c530bf2cab2728a7,2000,0,0.5,1,0.38703000000000004,0.0014517112855405021,0.3851656618746393
v3.1,c530bf2cab2728a7,2000,0,0.5,2,0.083425000000000013,0.00087733454798663286,0.084047267295745673
v3.1,c530bf2cab2728a7,2000,0,0.55,0,0.53062999999999994,0.0016347955730477645,0.53204778077860926
v3.1,c530bf2cab2728a7,2000,0,0.55,1,0.38571000000000011,0.0015316225634168746,0.38363600910853946
v3.1,c530bf2cab2728a7,2000,0,0.55,2,0.083659999999999984,0.00092249880238623612,0.084316210112851314
v3.1,c530bf2cab2728a7,2000,0,0.6,0,0.53205499999999994,0.001757148387173223,0.53333756922116171
v3.1,c530bf2cab2728a7,2000,0,0.6,1,0.38439499999999993,0.0016903363929147721,0.38210431477153373
v3.1,c530bf2cab2728a7,2000,0,0.6,2,0.083550000000000041,0.00098646138323102146,0.084558116007304562
v3.1,c530bf2cab2728a7,2000,0,0.65,0,0.53387999999999991,0.0018863828890340391,0.53465528321333078
v3.1,c530bf2cab2728a7,2000,0,0.65,1,0.38226999999999983,0.0018254571864039812,0.38057216777732422
v3.1,c530bf2cab2728a7,2000,0,0.65,2,0.083850000000000022,0.001018180690836317,0.084772549009344847
v3.1,c530bf2cab2728a7,2000,0,0.7,0,0.53512499999999985,0.0018896231119063154,0.53599972731938661
v3.1,c530bf2cab2728a7,2000,0,0.7,1,0.38039000000000017,0.0018541460502769405,0.37904114785924897
v3.1,c530bf2cab2728a7,2000,0,0.7,2,0.084485000000000005,0.0011099516551488526,0.084959124821364349
v3.1,c530bf2cab2728a7,2000,0,0.75,0,0.5363,0.0019412195479474588,0.53736966522363794
v3.1,c530bf2cab2728a7,2000,0,0.75,1,0.37856499999999998,0.0019431523773539127,0.3775128225938017
v3.1,c530bf2cab2728a7,2000,0,0.75,2,0.085135000000000002,0.0010797926989599776,0.085117512182560265
v3.1,c530bf2cab2728a7,2000,0,0.8,0,0.53715499999999994,0.0019883714340122576,0.53876382147090163
v3.1,c530bf2cab2728a7,2000,0,0.8,1,0.37756499999999993,0.0019168926744219474,0.37598874450437147
v3.1,c530bf2cab2728a7,2000,0,0.8,2,0.085279999999999981,0.0011106536431991366,0.085247434024726898
v3.1,c530bf2cab2728a7,2000,0,0.85,0,0.53875499999999998,0.0020060954462322927,0.54018088333159608
v3.1,c530bf2cab2728a7,2000,0,0.85,1,0.37571500000000002,0.00197223473463096,0.37447044825601206
v3.1,c530bf2cab2728a7,2000,0,0.85,2,0.085530000000000023,0.0011884507358385333,0.085348668412391859
v3.1,c530bf2cab2728a7,2000,0,0.9,0,0.54035500000000003,0.0019375123981356338,0.5416195027867321
v3.1,c530bf2cab2728a7,2000,0,0.9,1,0.37420500000000007,0.0019040506396584725,0.37295944795129704
v3.1,c530bf2cab2728a7,2000,0,0.9,2,0.085440000000000002,0.0012363043657807268,0.085421049261970888
v3.1,c530bf2cab2728a7,2000,0,0.95,0,0.54182999999999992,0.0019565252129964774,0.54307829862736956
v3.1,c530bf2cab2728a7,2000,0,0.95,1,0.37285999999999986,0.0019286526411204825,0.37145723453650248
v3.1,c530bf2cab2728a7,2000,0,0.95,2,0.085310000000000011,0.001246465305403948,0.085464466836127864
v3.1,c530bf2cab2728a7,2000,0,1,0,0.54330000000000012,0.0018989630344113093,0.54455585866243494
v3.1,c530bf2cab2728a7,2000,0,1,1,0.37150500000000009,0.0019334834711818298,0.36996527332649792
v3.1,c530bf2cab2728a7,2000,0,1,2,0.085194999999999965,0.0012634707489029306,0.08547886801106723
v3.1,c530bf2cab2728a7,2000,0,1.05,0,0.54479999999999995,0.0020330352488907625,0.5460507420281322
v3.1,c530bf2cab2728a7,2000,0,1.05,1,0.36987000000000009,0.0020791852036581809,0.36848500165583004
v3.1,c530bf2cab2728a7,2000,0,1.05,2,0.085330000000000017,0.001309256478025801,0.085464256316037795
v3.1,c530bf2cab2728a7,2000,0,1.1,0,0.54552499999999993,0.0020279782314094768,0.54756148159156526
v3.1,c530bf2cab2728a7,2000,0,1.1,1,0.36872000000000016,0.002180484146035258,0.36701782666255878
v3.1,c530bf2cab2728a7,2000,0,1.1,2,0.085754999999999998,0.0013447145880194516,0.08542069174587591
v3.1,c530bf2cab2728a7,2000,0,1.15,0,0.54797499999999988,0.0020468302051926267,0.54908658644059727
v3.1,c530bf2cab2728a7,2000,0,1.15,1,0.36617999999999995,0.0022002584788468316,0.3655651232104587
v3.1,c530bf2cab2728a7,2000,0,1.15,2,0.085844999999999963,0.0013794248362226477,0.085348290348943964
v3.1,c530bf2cab2728a7,2000,0,1.2,0,0.54946499999999987,0.0021262222272368332,0.55062454445143738
v3.1,c530bf2cab2728a7,2000,0,1.2,1,0.36455999999999988,0.0022424877959871972,0.36412823195424537
v3.1,c530bf2cab2728a7,2000,0,1.2,2,0.085974999999999982,0.0013826554563994282,0.085247223594317245
v3.1,c530bf2cab2728a7,2000,0,1.25,0,0.55124500000000021,0.0021593757866288084,0.55217382492494638
v3.1,c530bf2cab2728a7,2000,0,1.25,1,0.36260499999999996,0.0022717333634798506,0.36270845755153663
v3.1,c530bf2cab2728a7,2000,0,1.25,2,0.08614999999999999,0.0014290545719800104,0.085117717523516948
v3.1,c530bf2cab2728a7,2000,0,1.3,0,0.55237999999999954,0.0022807950943971853,0.5537328812822192
v3.1,c530bf2cab2728a7,2000,0,1.3,1,0.36121500000000006,0.0023569074820170349,0.36130706702430765
v3.1,c530bf2cab2728a7,2000,0,1.3,2,0.08640500000000001,0.0014047843035120871,0.084960051693473274
v3.1,c530bf2cab2728a7,2000,0,1.35,0,0.55395499999999975,0.0023005170147933122,0.55530015380961506
v3.1,c530bf2cab2728a7,2000,0,1.35,1,0.35935499999999992,0.0024330769375090428,0.35992528827167369
v3.1,c530bf2cab2728a7,2000,0,1.35,2,0.086690000000000017,0.00146295639516064,0.084774557918711219
v3.1,c530bf2cab2728a7,2000,0,1.4,0,0.55526500000000001,0.0023417214487283376,0.55687407244309339
v3.1,c530bf2cab2728a7,2000,0,1.4,1,0.35841999999999996,0.0024909302144647356,0.35856430873493061
v3.1,c530bf2cab2728a7,2000,0,1.4,2,0.086314999999999989,0.0014393400388632107,0.084561618821975951
v3.1,c530bf2cab2728a7,2000,0,1.45,0,0.5570250000000001,0.0023782619810494071,0.55845305958145275
v3.1,c530bf2cab2728a7,2000,0,1.45,1,0.35682499999999995,0.0025124575980139804,0.35722527421490624
v3.1,c530bf2cab2728a7,2000,0,1.45,2,0.08614999999999999,0.0014751048584539146,0.084321666203640996
v3.1,c530bf2cab2728a7,2000,0,1.5,0,0.55881500000000006,0.0023737905479752344,0.56003553291789121
v3.1,c530bf2cab2728a7,2000,0,1.5,1,0.35525999999999991,0.0024301606547882395,0.35590928784084508
v3.1,c530bf2cab2728a7,2000,0,1.5,2,0.085924999999999974,0.0015109428289393455,0.084055179241263822
v3.1,c530bf2cab2728a7,2000,0,1.55,0,0.56090499999999988,0.0023228736882829368,0.56161990827918629
v3.1,c530bf2cab2728a7,2000,0,1.55,1,0.35357999999999989,0.0024595076291359171,0.35461740918925194
v3.1,c530bf2cab2728a7,2000,0,1.55,2,0.085514999999999966,0.0015279790409213573,0.083762682531561855
v3.1,c530bf2cab2728a7,2000,0,1.6,0,0.56238499999999991,0.0023608106701305002,0.56320460246175097
v3.1,c530bf2cab2728a7,2000,0,1.6,1,0.35249500000000006,0.0024900153644408529,0.35335065355037876
v3.1,c530bf2cab2728a7,2000,0,1.6,2,0.085120000000000001,0.0015028612441579294,0.083444743987870412
v3.1,c530bf2cab2728a7,2000,0,1.65,0,0.56567499999999982,0.0024847959390231337,0.56478803605385042
v3.1,c530bf2cab2728a7,2000,0,1.65,1,0.34988000000000014,0.0026364779842843666,0.35210999133934096
v3.1,c530bf2cab2728a7,2000,0,1.65,2,0.084444999999999992,0.001521676623818197,0.083101972606808641
v3.1,c530bf2cab2728a7,2000,0,1.7,0,0.56835500000000005,0.0025680269417857307,0.56636863623336264
v3.1,c530bf2cab2728a7,2000,0,1.7,1,0.34768500000000002,0.0026987993495799075,0.35089634764821842
v3.1,c530bf2cab2728a7,2000,0,1.7,2,0.083960000000000021,0.0015469859910696205,0.08273501611841895
v3.1,c530bf2cab2728a7,2000,0,1.75,0,0.57002999999999981,0.0026467420415188622,0.56794483953063857
v3.1,c530bf2cab2728a7,2000,0,1.75,1,0.34615499999999999,0.0027235847497166094,0.34971060193490716
v3.1,c530bf2cab2728a7,2000,0,1.75,2,0.083815000000000014,0.0015550448205564349,0.082344558534454285
v3.1,c530bf2cab2728a7,2000,0,1.8,0,0.57144500000000009,0.002726950187156399,0.56951509454625748
v3.1,c530bf2cab2728a7,2000,0,1.8,1,0.34527999999999998,0.0027974403885110272,0.34855358784397356
v3.1,c530bf2cab2728a7,2000,0,1.8,2,0.083275000000000002,0.0015745991152472344,0.081931317609768933
v3.1,c530bf2cab2728a7,2000,0,1.85,0,0.57352999999999998,0.0028043060323781214,0.57107786461377907
v3.1,c530bf2cab2728a7,2000,0,1.85,1,0.34375500000000003,0.0028349771969225258,0.34742609315429651
v3.1,c530bf2cab2728a7,2000,0,1.85,2,0.082714999999999983,0.0015803441480458068,0.081496042231924304
v3.1,c530bf2cab2728a7,2000,0,1.9,0,0.57638999999999962,0.0028984720809489273,0.57263163039796805
v3.1,c530bf2cab2728a7,2000,0,1.9,1,0.34142500000000015,0.0028309916794100418,0.34632885984788198
v3.1,c530bf2cab2728a7,2000,0,1.9,2,0.082184999999999966,0.001599047301591567,0.081039509754150085
v3.1,c530bf2cab2728a7,2000,0,1.95,0,0.57778000000000007,0.0029311744810542818,0.57417489241939335
v3.1,c530bf2cab2728a7,2000,0,1.95,1,0.34057000000000004,0.0029031332777333576,0.34526258429389411
v3.1,c530bf2cab2728a7,2000,0,1.95,2,0.081649999999999986,0.0015887149371473636,0.080562523286712512
v3.1,c530bf2cab2728a7,2000,0,2,0,0.57945499999999994,0.0029772885688529116,0.57570617349679876
v3.1,c530bf2cab2728a7,2000,0,2,1,0.33923499999999995,0.0029320800955752709,0.34422791754166521
v3.1,c530bf2cab2728a7,2000,0,2,2,0.081310000000000007,0.0015526903988714155,0.080065908961536134
v3.1,c530bf2cab2728a7,2000,0,2.05,0,0.58092499999999991,0.0029665336623232465,0.57722402109917059
v3.1,c530bf2cab2728a7,2000,0,2.05,1,0.33837500000000004,0.0029313127941196756,0.34322546571621659
v3.1,c530bf2cab2728a7,2000,0,2.05,2,0.08069999999999998,0.0015486716367209153,0.079550513184612703
v3.1,c530bf2cab2728a7,2000,0,2.1,0,0.58258000000000021,0.0030158731586542083,0.57872700960002343
v3.1,c530bf2cab2728a7,2000,0,2.1,1,0.33715500000000015,0.0030044554036842146,0.34225579050966071
v3.1,c530bf2cab2728a7,2000,0,2.1,2,0.080265000000000003,0.0015254317984482858,0.079017199890315803
v3.1,c530bf2cab2728a7,2000,0,2.15,0,0.584735,0.0030222278808250654,0.58021374242703805
v3.1,c530bf2cab2728a7,2000,0,2.15,1,0.33588000000000018,0.0030205451377678383,0.34131940976173025
v3.1,c530bf2cab2728a7,2000,0,2.15,2,0.079384999999999997,0.0015699651768640147,0.078466847811231671
v3.1,c530bf2cab2728a7,2000,0,2.2,0,0.58648500000000015,0.0030872943844346334,0.58168285410085752
v3.1,c530bf2cab2728a7,2000,0,2.2,1,0.33455499999999999,0.003093859142549866,0.34041679812261882
v3.1,c530bf2cab2728a7,2000,0,2.2,2,0.078960000000000002,0.0016196033932772407,0.077900347776523771
v3.1,c530bf2cab2728a7,2000,0,2.25,0,0.58802999999999983,0.0031664818127864042,0.58313301215752122
v3.1,c530bf2cab2728a7,2000,0,2.25,1,0.33392499999999997,0.0031731462814109782,0.33954838779129859
v3.1,c530bf2cab2728a7,2000,0,2.25,2,0.078044999999999976,0.0016144094676670256,0.077318600051180186
v3.1,c530bf2cab2728a7,2000,0,2.3,0,0.58932999999999991,0.0031760007569395835,0.58456291894973822
v3.1,c530bf2cab2728a7,2000,0,2.3,1,0.33305500000000016,0.0032222858361884987,0.3387145693225036
v3.1,c530bf2cab2728a7,2000,0,2.3,2,0.077615000000000003,0.0015570928460798769,0.076722511727758125
v3.1,c530bf2cab2728a7,2000,0,2.35,0,0.59066499999999988,0.0031530413007831741,0.58597131332291619
v3.1,c530bf2cab2728a7,2000,0,2.35,1,0.33267500000000011,0.0032526941047989642,0.33791569249563541
v3.1,c530bf2cab2728a7,2000,0,2.35,2,0.076659999999999992,0.001548734902421908,0.076112994181448568
v3.1,c530bf2cab2728a7,2000,0,2.4,0,0.59195000000000009,0.0032032456709223584,0.58735697216260185
v3.1,c530bf2cab2728a7,2000,0,2.4,1,0.33206499999999978,0.0032979382524801343,0.33715206723895119
v3.1,c530bf2cab2728a7,2000,0,2.4,2,0.075985000000000011,0.0015414058747478137,0.075490960598446941
v3.1,c530bf2cab2728a7,2000,0,2.45,0,0.59419000000000011,0.0032691995437057141,0.58871871181072588
v3.1,c530bf2cab2728a7,2000,0,2.45,1,0.33032499999999992,0.0032986634498771705,0.3364239646025321
v3.1,c530bf2cab2728a7,2000,0,2.45,2,0.075484999999999983,0.0015678018936644323,0.074857323586742006
v3.1,c530bf2cab2728a7,2000,0,2.5,0,0.59575000000000022,0.0033758762424058743,0.590055389348772
v3.1,c530bf2cab2728a7,2000,0,2.5,1,0.32942000000000005,0.0033964384197853401,0.33573161777369481
v3.1,c530bf2cab2728a7,2000,0,2.5,2,0.074830000000000021,0.0015683134478499735,0.07421299287753319
v3.1,c530bf2cab2728a7,2000,0,2.55,0,0.59698000000000018,0.0034977476158005436,0.59136590374672382
v3.1,c530bf2cab2728a7,2000,0,2.55,1,0.32886499999999991,0.0034976316301466087,0.33507522312870647
v3.1,c530bf2cab2728a7,2000,0,2.55,2,0.074155000000000013,0.0015988426211709292,0.073558873124569657
v3.1,c530bf2cab2728a7,2000,0,2.6,0,0.59791000000000016,0.0035456074688595082,0.59264919687734552
v3.1,c530bf2cab2728a7,2000,0,2.6,1,0.3287000000000001,0.0035251334239381148,0.33445494131487719
v3.1,c530bf2cab2728a7,2000,0,2.6,2,0.073389999999999983,0.0015901937497098148,0.072895861807777351
v3.1,c530bf2cab2728a7,2000,0,2.65,0,0.59899500000000028,0.0036463659437801351,0.59390425439604444
v3.1,c530bf2cab2728a7,2000,0,2.65,1,0.32827999999999991,0.0035841635401901348,0.33387089835734196
v3.1,c530bf2cab2728a7,2000,0,2.65,2,0.072725000000000012,0.0016428199302517374,0.072224847246613696
v3.1,c530bf2cab2728a7,2000,0,2.7,0,0.60078999999999982,0.003660712658993761,0.59513010648723086
v3.1,c530bf2cab2728a7,2000,0,2.7,1,0.32705999999999996,0.0035310046643121187,0.33332318678509598
v3.1,c530bf2cab2728a7,2000,0,2.7,2,0.072149999999999978,0.0016301065838611524,0.071546706727673173
v3.1,c530bf2cab2728a7,2000,0,2.75,0,0.60289500000000007,0.0036709361850551792,0.59632582847872073
v3.1,c530bf2cab2728a7,2000,0,2.75,1,0.32613999999999987,0.0035627143210385714,0.3328118667711143
v3.1,c530bf2cab2728a7,2000,0,2.75,2,0.070965000000000028,0.0016185205708868326,0.070862304750164931
v3.1,c530bf2cab2728a7,2000,0,2.8,0,0.60437999999999981,0.003755138701388628,0.59749054132633495
v3.1,c530bf2cab2728a7,2000,0,2.8,1,0.32576000000000005,0.0036470583136871209,0.33233696728165962
v3.1,c530bf2cab2728a7,2000,0,2.8,2,0.069860000000000019,0.0016203266910899746,0.070172491392005334
v3.1,c530bf2cab2728a7,2000,0,2.85,0,0.60575499999999982,0.0038631154996500382,0.59862341197141167
v3.1,c530bf2cab2728a7,2000,0,2.85,1,0.32534999999999997,0.0037341550773118868,0.33189848723016818
v3.1,c530bf2cab2728a7,2000,0,2.85,2,0.068895000000000012,0.001600683171699389,0.069478100798420206
v3.1,c530bf2cab2728a7,2000,0,2.9,0,0.60707499999999981,0.003887914289854205,0.59972365357447377
v3.1,c530bf2cab2728a7,2000,0,2.9,1,0.32506000000000002,0.0037342482645118954,0.33149639663138974
v3.1,c530bf2cab2728a7,2000,0,2.9,2,0.067864999999999995,0.0016035764163993941,0.0687799497941365
v3.1,c530bf2cab2728a7,2000,0,2.95,0,0.6075600000000001,0.0040009612481366162,0.60079052562878299
v3.1,c530bf2cab2728a7,2000,0,2.95,1,0.32497999999999988,0.0037769029587210691,0.331130637751747
v3.1,c530bf2cab2728a7,2000,0,2.95,2,0.067459999999999992,0.0016346574719203564,0.068078836619470048
v3.1,c530bf2cab2728a7,2000,0,3,0,0.60806499999999974,0.0041215781950827788,0.60182333395794396
v3.1,c530bf2cab2728a7,2000,0,3,1,0.32513500000000006,0.0038126772520478088,0.33080112625217128
v3.1,c530bf2cab2728a7,2000,0,3,2,0.066799999999999984,0.0016715987629339838,0.067375539789884795
v3.1,c530bf2cab2728a7,2000,0,3.05,0,0.60865499999999995,0.0042186137258199835,0.60282143060212579
v3.1,c530bf2cab2728a7,2000,0,3.05,1,0.32550499999999993,0.0038762713456947954,0.33050775231995755
v3.1,c530bf2cab2728a7,2000,0,3.05,2,0.065840000000000024,0.0016870852277394185,0.066670817077916625
v3.1,c530bf2cab2728a7,2000,0,3.1,0,0.60857499999999987,0.0042529512925696313,0.60378421359781187
v3.1,c530bf2cab2728a7,2000,0,3.1,1,0.32641499999999996,0.0039276734766772485,0.33025038178646698
v3.1,c530bf2cab2728a7,2000,0,3.1,2,0.065009999999999998,0.0017008313475260482,0.06596540461572116
v3.1,c530bf2cab2728a7,2000,0,3.15,0,0.61023999999999989,0.0042866864602021919,0.60471112665629267
v3.1,c530bf2cab2728a7,2000,0,3.15,1,0.32564500000000002,0.0039089013608026545,0.33002885722778291
v3.1,c530bf2cab2728a7,2000,0,3.15,2,0.064115000000000019,0.0017028623407413623,0.065260016115924357
v3.1,c530bf2cab2728a7,2000,0,3.2,0,0.6109,0.0043874994604160928,0.60560165874637373
v3.1,c530bf2cab2728a7,2000,0,3.2,1,0.32547000000000009,0.0039805196097540295,0.32984299904569991
v3.1,c530bf2cab2728a7,2000,0,3.2,2,0.063629999999999992,0.001714018551813135,0.064555342207926317
v3.1,c530bf2cab2728a7,2000,0,3.25,0,0.61226500000000006,0.0044092903240335818,0.60645534358697717
v3.1,c530bf2cab2728a7,2000,0,3.25,1,0.32523999999999981,0.0039874011181178738,0.32969260652668747
v3.1,c530bf2cab2728a7,2000,0,3.25,2,0.062495000000000009,0.0017381996810818747,0.063852049886335319
v3.1,c530bf2cab2728a7,2000,0,3.3,0,0.61370999999999987,0.0044608916760502651,0.60727175905548647
v3.1,c530bf2cab2728a7,2000,0,3.3,1,0.32475500000000002,0.0040421609819551218,0.32957745887672474
v3.1,c530bf2cab2728a7,2000,0,3.3,2,0.061534999999999999,0.0017243100655103196,0.063150782067788888
v3.1,c530bf2cab2728a7,2000,0,3.35,0,0.61421500000000007,0.0045266341711244912,0.60805052651779645
v3.1,c530bf2cab2728a7,2000,0,3.35,1,0.32500999999999997,0.0040677965395123543,0.32949731623015066
v3.1,c530bf2cab2728a7,2000,0,3.35,2,0.060775000000000017,0.001704307895903907,0.062452157252052803
v3.1,c530bf2cab2728a7,2000,0,3.4,0,0.61449999999999994,0.004648807819367687,0.60879131008611787
v3.1,c530bf2cab2728a7,2000,0,3.4,1,0.32574500000000001,0.0041506205876502686,0.32945192063090606
v3.1,c530bf2cab2728a7,2000,0,3.4,2,0.05975500000000003,0.0017052132631220275,0.061756769282976111
v3.1,c530bf2cab2728a7,2000,0,3.45,0,0.6147950000000002,0.0047215447256125399,0.60949381581061668
v3.1,c530bf2cab2728a7,2000,0,3.45,1,0.32598999999999995,0.004212145617980308,0.32944099698476575
v3.1,c530bf2cab2728a7,2000,0,3.45,2,0.059215000000000018,0.0017214812596344838,0.061065187204617531
v3.1,c530bf2cab2728a7,2000,0,3.5,0,0.61508000000000007,0.0048136523020310146,0.6101577908109751
v3.1,c530bf2cab2728a7,2000,0,3.5,1,0.32655000000000001,0.0042432447799562846,0.32946425398137735
v3.1,c530bf2cab2728a7,2000,0,3.5,2,0.058370000000000005,0.0017342308282511198,0.06037795520764748
v3.1,c530bf2cab2728a7,2000,0,3.55,0,0.61596499999999987,0.0048527470872619452,0.61078302235391835
v3.1,c530bf2cab2728a7,2000,0,3.55,1,0.3263950000000001,0.0042784124250459859,0.32952138498511624
v3.1,c530bf2cab2728a7,2000,0,3.55,2,0.057640000000000011,0.0017345869592476245,0.059695592660965427
v3.1,c530bf2cab2728a7,2000,0,3.6,0,0.61662499999999998,0.0047715824143960599,0.61136933688268724
v3.1,c530bf2cab2728a7,2000,0,3.6,1,0.32623499999999983,0.0042518353434580214,0.32961206889396011
v3.1,c530bf2cab2728a7,2000,0,3.6,2,0.057140000000000003,0.0017056809416615627,0.05901859422335267
v3.1,c530bf2cab2728a7,2000,0,3.65,0,0.61703000000000019,0.0047041235940267117,0.61191659900433437
v3.1,c530bf2cab2728a7,2000,0,3.65,1,0.32717499999999999,0.0041851672606958018,0.32973597096576024
v3.1,c530bf2cab2728a7,2000,0,3.65,2,0.055795000000000011,0.0017085952496927782,0.0583474300299055
v3.1,c530bf2cab2728a7,2000,0,3.7,0,0.61690500000000015,0.0047726265718092166,0.61242471044059099
v3.1,c530bf2cab2728a7,2000,0,3.7,1,0.32799999999999996,0.00421383603637044,0.32989274361145232
v3.1,c530bf2cab2728a7,2000,0,3.7,2,0.055094999999999991,0.0017071255153773917,0.057682545947956576
v3.1,c530bf2cab2728a7,2000,0,3.75,0,0.61741999999999964,0.0047765140917500563,0.61289360894790368
v3.1,c530bf2cab2728a7,2000,0,3.75,1,0.32831999999999995,0.0042511407856948204,0.33008202715490292
v3.1,c530bf2cab2728a7,2000,0,3.75,2,0.054259999999999982,0.0017278976540959546,0.057024363897193509
v3.1,c530bf2cab2728a7,2000,0,3.8,0,0.61779499999999965,0.0048257154962248923,0.61332326721205377
v3.1,c530bf2cab2728a7,2000,0,3.8,1,0.32816000000000001,0.0042742704498882457,0.33030345055922727
v3.1,c530bf2cab2728a7,2000,0,3.8,2,0.054044999999999996,0.001781499978028956,0.05637328222871902
v3.1,c530bf2cab2728a7,2000,0,3.85,0,0.61867999999999979,0.0047812793605093093,0.61371369172258861
v3.1,c530bf2cab2728a7,2000,0,3.85,1,0.32781499999999997,0.004218212406824828,0.33055663211954861
v3.1,c530bf2cab2728a7,2000,0,3.85,2,0.053505000000000004,0.0018023482858300012,0.055729676157862756
v3.1,c530bf2cab2728a7,2000,0,3.9,0,0.61881999999999993,0.0047899227129422029,0.61406492163207016
v3.1,c530bf2cab2728a7,2000,0,3.9,1,0.3282850000000001,0.0041971145391263096,0.33084118012228153
v3.1,c530bf2cab2728a7,2000,0,3.9,2,0.052894999999999998,0.0018103977881988123,0.055093898245648379
v3.1,c530bf2cab2728a7,2000,0,3.95,0,0.61958500000000027,0.0048253646693197389,0.61437702760492219
v3.1,c530bf2cab2728a7,2000,0,3.95,1,0.32780499999999996,0.0042728701056074635,0.33115669347113819
v3.1,c530bf2cab2728a7,2000,0,3.95,2,0.052610000000000004,0.0017865600940626014,0.054466278923939744
v3.1,c530bf2cab2728a7,2000,0,4,0,0.61893500000000012,0.0048828790511626259,0.61465011066042163
v3.1,c530bf2cab2728a7,2000,0,4,1,0.32894000000000007,0.0043392516694131782,0.33150276228014869
v3.1,c530bf2cab2728a7,2000,0,4,2,0.052124999999999998,0.0017928924629877787,0.053847127059429664
v3.1,c530bf2cab2728a7,4000,0,0,0,0.52000000000000102,1.0042345108077675e-16,0.52000000000000002
v3.1,c530bf2cab2728a7,4000,0,0,1,0.39999999999999925,7.8107128618381923e-17,0.40000000000000002
v3.1,c530bf2cab2728a7,4000,0,0,2,0.080000000000000057,5.5790806155987088e-18,0.080000000000000002
v3.1,c530bf2cab2728a7,4000,0,0.05,0,0.52076750000000016,0.00031844110106656303,0.5209167443020436
v3.1,c530bf2cab2728a7,4000,0,0.05,1,0.39868749999999992,0.00033675094579666692,0.39857794509123373
v3.1,c530bf2cab2728a7,4000,0,0.05,2,0.080545000000000033,0.00021757908117660726,0.080505310606722683
v3.1,c530bf2cab2728a7,4000,0,0.1,0,0.5219824999999999,0.00046648068534289834,0.52187150132657234
v3.1,c530bf2cab2728a7,4000,0,0.1,1,0.39710499999999982,0.0004834009879504956,0.39713814214884552
v3.1,c530bf2cab2728a7,4000,0,0.1,2,0.080912499999999984,0.00028628972310503165,0.080990356524582169
v3.1,c530bf2cab2728a7,4000,0,0.15,0,0.52327499999999993,0.00068701429123682481,0.52286360195287329
v3.1,c530bf2cab2728a7,4000,0,0.15,1,0.39504999999999973,0.00067349720478149374,0.39568209940586663
v3.1,c530bf2cab2728a7,4000,0,0.15,2,0.081674999999999998,0.00036686461598885021,0.081454298641259984
v3.1,c530bf2cab2728a7,4000,0,0.2,0,0.5246875000000002,0.00071132057264689506,0.52389232590154178
v3.1,c530bf2cab2728a7,4000,0,0.2,1,0.39298249999999996,0.00071400364109362204,0.39421134732508634
v3.1,c530bf2cab2728a7,4000,0,0.2,2,0.082330000000000056,0.00040383077263786237,0.081896326773371803
v3.1,c530bf2cab2728a7,4000,0,0.25,0,0.52551000000000014,0.00078792112357119626,0.52495690199387635
v3.1,c530bf2cab2728a7,4000,0,0.25,1,0.39176999999999995,0.00079668410022765959,0.3927274355255051
v3.1,c530bf2cab2728a7,4000,0,0.25,2,0.08271999999999996,0.00042556083020177062,0.082315662480618432
v3.1,c530bf2cab2728a7,4000,0,0.3,0,0.52607500000000029,0.00085155457958970633,0.52605650854199448
v3.1,c530bf2cab2728a7,4000,0,0.3,1,0.39077250000000008,0.00086373407541343614,0.39123192965710696
v3.1,c530bf2cab2728a7,4000,0,0.3,2,0.083152500000000046,0.00049057911305070475,0.082711561800898628
v3.1,c530bf2cab2728a7,4000,0,0.35,0,0.52699499999999988,0.00093145088844004875,0.52719027387228712
v3.1,c530bf2cab2728a7,4000,0,0.35,1,0.38942999999999989,0.00091011487786382878,0.38972640823764043
v3.1,c530bf2cab2728a7,4000,0,0.35,2,0.083574999999999997,0.00052980008617697612,0.083083317890072506
v3.1,c530bf2cab2728a7,4000,0,0.4,0,0.52846750000000009,0.00096542275635332281,0.5283572769842888
v3.1,c530bf2cab2728a7,4000,0,0.4,1,0.38787500000000008,0.00092822941586918515,0.38821245946526245
v3.1,c530bf2cab2728a7,4000,0,0.4,2,0.083657500000000024,0.00056696354745381489,0.083430263550448802
v3.1,c530bf2cab2728a7,4000,0,0.45,0,0.52938249999999998,0.00097960551094341359,0.52955654834644095
v3.1,c530bf2cab2728a7,4000,0,0.45,1,0.38667750000000017,0.00096760204875117695,0.38669167802096294
v3.1,c530bf2cab2728a7,4000,0,0.45,2,0.083940000000000001,0.00059743897875292099,0.083751773632596199
v3.1,c530bf2cab2728a7,4000,0,0.5,0,0.53018500000000013,0.0010066296651839155,0.53078707082961507
v3.1,c530bf2cab2728a7,4000,0,0.5,1,0.38567000000000007,0.0010223566556310626,0.3851656618746393
v3.1,c530bf2cab2728a7,4000,0,0.5,2,0.084144999999999998,0.00061632033681824708,0.084047267295745673
v3.1,c530bf2cab2728a7,4000,0,0.55,0,0.53156750000000008,0.0010757241805529247,0.53204778077860926
v3.1,c530bf2cab2728a7,4000,0,0.55,1,0.38386750000000008,0.0011020209568760203,0.38363600910853946
v3.1,c530bf2cab2728a7,4000,0,0.55,2,0.084565000000000001,0.00064800217451935931,0.084316210112851314
v3.1,c530bf2cab2728a7,4000,0,0.6,0,0.53322749999999997,0.0011352540264387768,0.53333756922116171
v3.1,c530bf2cab2728a7,4000,0,0.6,1,0.38230249999999999,0.0011069642660734972,0.38210431477153373
v3.1,c530bf2cab2728a7,4000,0,0.6,2,0.08446999999999999,0.00065064342668382403,0.084558116007304562
v3.1,c530bf2cab2728a7,4000,0,0.65,0,0.53397499999999987,0.0011709741908153041,0.53465528321333078
v3.1,c530bf2cab2728a7,4000,0,0.65,1,0.3810825000000001,0.0011745891985513637,0.38057216777732422
v3.1,c530bf2cab2728a7,4000,0,0.65,2,0.084942499999999976,0.00067522774870873209,0.084772549009344847
v3.1,c530bf2cab2728a7,4000,0,0.7,0,0.53516499999999989,0.0012772643786347804,0.53599972731938661
v3.1,c530bf2cab2728a7,4000,0,0.7,1,0.37954249999999989,0.001266497471754127,0.37904114785924897
v3.1,c530bf2cab2728a7,4000,0,0.7,2,0.085292500000000035,0.00071741552665020272,0.084959124821364349
v3.1,c530bf2cab2728a7,4000,0,0.75,0,0.53644999999999998,0.0014169652091848991,0.53736966522363794
v3.1,c530bf2cab2728a7,4000,0,0.75,1,0.37785499999999994,0.0013502626942318828,0.3775128225938017
v3.1,c530bf2cab2728a7,4000,0,0.75,2,0.085695000000000021,0.00076359380893935042,0.085117512182560265
v3.1,c530bf2cab2728a7,4000,0,0.8,0,0.53854500000000027,0.0014770567752025372,0.53876382147090163
v3.1,c530bf2cab2728a7,4000,0,0.8,1,0.37585999999999997,0.0014148621305571959,0.37598874450437147
v3.1,c530bf2cab2728a7,4000,0,0.8,2,0.085594999999999963,0.00078666104902976237,0.085247434024726898
v3.1,c530bf2cab2728a7,4000,0,0.85,0,0.5401625000000001,0.0014672320492558886,0.54018088333159608
v3.1,c530bf2cab2728a7,4000,0,0.85,1,0.37432999999999994,0.0013973047649173053,0.37447044825601206
v3.1,c530bf2cab2728a7,4000,0,0.85,2,0.085507499999999959,0.00083882625276229426,0.085348668412391859
v3.1,c530bf2cab2728a7,4000,0,0.9,0,0.54154499999999994,0.0015015748466866447,0.5416195027867321
v3.1,c530bf2cab2728a7,4000,0,0.9,1,0.37274250000000009,0.0014262662945359438,0.37295944795129704
v3.1,c530bf2cab2728a7,4000,0,0.9,2,0.085712500000000011,0.00086139403547008284,0.085421049261970888
v3.1,c530bf2cab2728a7,4000,0,0.95,0,0.54298750000000018,0.0014944230289292051,0.54307829862736956
v3.1,c530bf2cab2728a7,4000,0,0.95,1,0.37133749999999993,0.0014594276197443733,0.37145723453650248
v3.1,c530bf2cab2728a7,4000,0,0.95,2,0.085674999999999987,0.00088887271134268535,0.085464466836127864
v3.1,c530bf2cab2728a7,4000,0,1,0,0.54421249999999999,0.0015391251573540086,0.54455585866243494
v3.1,c530bf2cab2728a7,4000,0,1,1,0.37009000000000009,0.0014880395210348468,0.36996527332649792
v3.1,c530bf2cab2728a7,4000,0,1,2,0.085697499999999996,0.00089754361054395718,0.08547886801106723
v3.1,c530bf2cab2728a7,4000,0,1.05,0,0.54610999999999998,0.0015202933661605967,0.5460507420281322
v3.1,c530bf2cab2728a7,4000,0,1.05,1,0.36828250000000012,0.0014796884696353205,0.36848500165583004
v3.1,c530bf2cab2728a7,4000,0,1.05,2,0.085607500000000003,0.00088792584747041851,0.085464256316037795
v3.1,c530bf2cab2728a7,4000,0,1.1,0,0.54741249999999997,0.0015726930154060816,0.54756148159156526
v3.1,c530bf2cab2728a7,4000,0,1.1,1,0.36695249999999996,0.0015127642727634388,0.36701782666255878
v3.1,c530bf2cab2728a7,4000,0,1.1,2,0.085635000000000031,0.00093307233904933121,0.08542069174587591
v3.1,c530bf2cab2728a7,4000,0,1.15,0,0.54869500000000015,0.0016657405760401791,0.54908658644059727
v3.1,c530bf2cab2728a7,4000,0,1.15,1,0.36532249999999999,0.0015731502485603383,0.3655651232104587
v3.1,c530bf2cab2728a7,4000,0,1.15,2,0.085982500000000003,0.00097196987706368344,0.085348290348943964
v3.1,c530bf2cab2728a7,4000,0,1.2,0,0.55021249999999999,0.0017898647563320512,0.55062454445143738
v3.1,c530bf2cab2728a7,4000,0,1.2,1,0.3639325000000001,0.0016850008804661545,0.36412823195424537
v3.1,c530bf2cab2728a7,4000,0,1.2,2,0.085855000000000001,0.00097737783085274856,0.085247223594317245
v3.1,c530bf2cab2728a7,4000,0,1.25,0,0.55188000000000026,0.0018233075728056702,0.55217382492494638
v3.1,c530bf2cab2728a7,4000,0,1.25,1,0.36241750000000011,0.0016607814843888672,0.36270845755153663
v3.1,c530bf2cab2728a7,4000,0,1.25,2,0.085702500000000001,0.00098722710715980167,0.085117717523516948
v3.1,c530bf2cab2728a7,4000,0,1.3,0,0.55317499999999997,0.0018536733255835013,0.5537328812822192
v3.1,c530bf2cab2728a7,4000,0,1.3,1,0.36121000000000009,0.0016355107625893068,0.36130706702430765
v3.1,c530bf2cab2728a7,4000,0,1.3,2,0.085615000000000011,0.00099666375290949393,0.084960051693473274
v3.1,c530bf2cab2728a7,4000,0,1.35,0,0.55480000000000007,0.0018936496748102826,0.55530015380961506
v3.1,c530bf2cab2728a7,4000,0,1.35,1,0.35949250000000005,0.0016564324227725444,0.35992528827167369
v3.1,c530bf2cab2728a7,4000,0,1.35,2,0.085707500000000034,0.0010192717183649244,0.084774557918711219
v3.1,c530bf2cab2728a7,4000,0,1.4,0,0.55708500000000016,0.0019014057133785751,0.55687407244309339
v3.1,c530bf2cab2728a7,4000,0,1.4,1,0.3576525000000001,0.0016755742834302894,0.35856430873493061
v3.1,c530bf2cab2728a7,4000,0,1.4,2,0.085262499999999977,0.0010270174467157732,0.084561618821975951
v3.1,c530bf2cab2728a7,4000,0,1.45,0,0.55825499999999995,0.0018577471558178997,0.55845305958145275
v3.1,c530bf2cab2728a7,4000,0,1.45,1,0.35685,0.001684469313667325,0.35722527421490624
v3.1,c530bf2cab2728a7,4000,0,1.45,2,0.084894999999999984,0.0010217408149473591,0.084321666203640996
v3.1,c530bf2cab2728a7,4000,0,1.5,0,0.55970000000000009,0.0018212133817370722,0.56003553291789121
v3.1,c530bf2cab2728a7,4000,0,1.5,1,0.35570000000000007,0.0017242111356803261,0.35590928784084508
v3.1,c530bf2cab2728a7,4000,0,1.5,2,0.084600000000000022,0.0010614039206768941,0.084055179241263822
v3.1,c530bf2cab2728a7,4000,0,1.55,0,0.56158749999999991,0.0018933041737778026,0.56161990827918629
v3.1,c530bf2cab2728a7,4000,0,1.55,1,0.35409250000000014,0.0018183674794727388,0.35461740918925194
v3.1,c530bf2cab2728a7,4000,0,1.55,2,0.084319999999999992,0.0010877420780142819,0.083762682531561855
v3.1,c530bf2cab2728a7,4000,0,1.6,0,0.56360999999999983,0.0019251961726095095,0.56320460246175097
v3.1,c530bf2cab2728a7,4000,0,1.6,1,0.35252250000000024,0.0018689281991655974,0.35335065355037876
v3.1,c530bf2cab2728a7,4000,0,1.6,2,0.083867499999999998,0.0010930592263103688,0.083444743987870412
v3.1,c530bf2cab2728a7,4000,0,1.65,0,0.56529250000000009,0.0019481895733311899,0.56478803605385042
v3.1,c530bf2cab2728a7,4000,0,1.65,1,0.3509275,0.0018595212774564136,0.35210999133934096
v3.1,c530bf2cab2728a7,4000,0,1.65,2,0.083780000000000049,0.0011361833594374748,0.083101972606808641
v3.1,c530bf2cab2728a7,4000,0,1.7,0,0.567025,0.0020568820794807101,0.56636863623336264
v3.1,c530bf2cab2728a7,4000,0,1.7,1,0.34967749999999986,0.0019337097824459787,0.35089634764821842
v3.1,c530bf2cab2728a7,4000,0,1.7,2,0.083297499999999969,0.0011422482206047634,0.08273501611841895
v3.1,c530bf2cab2728a7,4000,0,1.75,0,0.56862249999999992,0.002135508760024509,0.56794483953063857
v3.1,c530bf2cab2728a7,4000,0,1.75,1,0.34858249999999996,0.0019842882059679318,0.34971060193490716
v3.1,c530bf2cab2728a7,4000,0,1.75,2,0.082795000000000007,0.0011641551972277251,0.082344558534454285
v3.1,c530bf2cab2728a7,4000,0,1.8,0,0.57036249999999999,0.0021651141728124021,0.56951509454625748
v3.1,c530bf2cab2728a7,4000,0,1.8,1,0.34701750000000003,0.0019630624877492006,0.34855358784397356
v3.1,c530bf2cab2728a7,4000,0,1.8,2,0.082619999999999971,0.0011682590863884997,0.081931317609768933
v3.1,c530bf2cab2728a7,4000,0,1.85,0,0.57125749999999986,0.0022211917102394302,0.57107786461377907
v3.1,c530bf2cab2728a7,4000,0,1.85,1,0.3465625,0.0020382713728534629,0.34742609315429651
v3.1,c530bf2cab2728a7,4000,0,1.85,2,0.082180000000000017,0.001157464138676975,0.081496042231924304
v3.1,c530bf2cab2728a7,4000,0,1.9,0,0.57337000000000005,0.0022781141412150626,0.57263163039796805
v3.1,c530bf2cab2728a7,4000,0,1.9,1,0.34505250000000004,0.0021074761552505152,0.34632885984788198
v3.1,c530bf2cab2728a7,4000,0,1.9,2,0.081577500000000039,0.0011689139341087243,0.081039509754150085
v3.1,c530bf2cab2728a7,4000,0,1.95,0,0.57535500000000006,0.0023136157695894388,0.57417489241939335
v3.1,c530bf2cab2728a7,4000,0,1.95,1,0.34362500000000007,0.0021393337134196096,0.34526258429389411
v3.1,c530bf2cab2728a7,4000,0,1.95,2,0.081019999999999953,0.0011893343355071191,0.080562523286712512
v3.1,c530bf2cab2728a7,4000,0,2,0,0.57662500000000028,0.0023661077551732313,0.57570617349679876
v3.1,c530bf2cab2728a7,4000,0,2,1,0.34282500000000005,0.0021645021239177489,0.34422791754166521
v3.1,c530bf2cab2728a7,4000,0,2,2,0.080549999999999997,0.0011945319441758625,0.080065908961536134
v3.1,c530bf2cab2728a7,4000,0,2.05,0,0.5783400000000003,0.0024452322192504753,0.57722402109917059
v3.1,c530bf2cab2728a7,4000,0,2.05,1,0.34164749999999988,0.0022252541989624466,0.34322546571621659
v3.1,c530bf2cab2728a7,4000,0,2.05,2,0.080012500000000028,0.0012276608650172692,0.079550513184612703
v3.1,c530bf2cab2728a7,4000,0,2.1,0,0.57945500000000005,0.0023979114965850057,0.57872700960002343
v3.1,c530bf2cab2728a7,4000,0,2.1,1,0.34096000000000015,0.0021857456023938013,0.34225579050966071
v3.1,c530bf2cab2728a7,4000,0,2.1,2,0.079584999999999989,0.0012334163567469458,0.079017199890315803
v3.1,c530bf2cab2728a7,4000,0,2.15,0,0.58068249999999988,0.0023513719802264253,0.58021374242703805
v3.1,c530bf2cab2728a7,4000,0,2.15,1,0.34016249999999992,0.002164145896681,0.34131940976173025
v3.1,c530bf2cab2728a7,4000,0,2.15,2,0.079154999999999989,0.0012371347027414891,0.078466847811231671
v3.1,c530bf2cab2728a7,4000,0,2.2,0,0.58170000000000011,0.0023279293482631829,0.58168285410085752
v3.1,c530bf2cab2728a7,4000,0,2.2,1,0.33961750000000002,0.002130180716832175,0.34041679812261882
v3.1,c530bf2cab2728a7,4000,0,2.2,2,0.078682500000000002,0.0012399334812314682,0.077900347776523771
v3.1,c530bf2cab2728a7,4000,0,2.25,0,0.58390749999999991,0.002360966393366509,0.58313301215752122
v3.1,c530bf2cab2728a7,4000,0,2.25,1,0.33819999999999983,0.0021767684091493762,0.33954838779129859
v3.1,c530bf2cab2728a7,4000,0,2.25,2,0.077892499999999976,0.0012645928747580738,0.077318600051180186
v3.1,c530bf2cab2728a7,4000,0,2.3,0,0.5853499999999997,0.0023970388929980785,0.58456291894973822
v3.1,c530bf2cab2728a7,4000,0,2.3,1,0.33739000000000002,0.002249069167725199,0.3387145693225036
v3.1,c530bf2cab2728a7,4000,0,2.3,2,0.077259999999999995,0.0012498783779216116,0.076722511727758125
v3.1,c530bf2cab2728a7,4000,0,2.35,0,0.58654249999999986,0.0024441774116657263,0.58597131332291619
v3.1,c530bf2cab2728a7,4000,0,2.35,1,0.33688500000000005,0.0022822365757911222,0.33791569249563541
v3.1,c530bf2cab2728a7,4000,0,2.35,2,0.076572500000000016,0.0012152456157360357,0.076112994181448568
v3.1,c530bf2cab2728a7,4000,0,2.4,0,0.58802250000000011,0.002443712543953308,0.58735697216260185
v3.1,c530bf2cab2728a7,4000,0,2.4,1,0.33609750000000005,0.0022570397586711274,0.33715206723895119
v3.1,c530bf2cab2728a7,4000,0,2.4,2,0.075879999999999989,0.0012478541176715722,0.075490960598446941
v3.1,c530bf2cab2728a7,4000,0,2.45,0,0.58884000000000003,0.0024471987696510922,0.58871871181072588
v3.1,c530bf2cab2728a7,4000,0,2.45,1,0.33575250000000006,0.002282585298283373,0.3364239646025321
v3.1,c530bf2cab2728a7,4000,0,2.45,2,0.07540750000000003,0.0012671981291356329,0.074857323586742006
v3.1,c530bf2cab2728a7,4000,0,2.5,0,0.58985249999999989,0.0025075519647777197,0.590055389348772
v3.1,c530bf2cab2728a7,4000,0,2.5,1,0.33525999999999995,0.0023046284128275685,0.33573161777369481
v3.1,c530bf2cab2728a7,4000,0,2.5,2,0.07488750000000001,0.0013024906938538016,0.07421299287753319
v3.1,c530bf2cab2728a7,4000,0,2.55,0,0.59122999999999992,0.0024944172008140842,0.59136590374672382
v3.1,c530bf2cab2728a7,4000,0,2.55,1,0.33445750000000002,0.002315227520616974,0.33507522312870647
v3.1,c530bf2cab2728a7,4000,0,2.55,2,0.074312500000000004,0.001293785529937148,0.073558873124569657
v3.1,c530bf2cab2728a7,4000,0,2.6,0,0.59272500000000017,0.0024509107253913561,0.59264919687734552
v3.1,c530bf2cab2728a7,4000,0,2.6,1,0.33351499999999995,0.0022955760593899835,0.33445494131487719
v3.1,c530bf2cab2728a7,4000,0,2.6,2,0.073759999999999992,0.0012773815151917362,0.072895861807777351
v3.1,c530bf2cab2728a7,4000,0,2.65,0,0.59426000000000012,0.0025209073242334267,0.59390425439604444
v3.1,c530bf2cab2728a7,4000,0,2.65,1,0.33255250000000003,0.0023695359660584271,0.33387089835734196
v3.1,c530bf2cab2728a7,4000,0,2.65,2,0.073187500000000003,0.0012500372469198143,0.072224847246613696
v3.1,c530bf2cab2728a7,4000,0,2.7,0,0.59501500000000007,0.0024801759977465267,0.59513010648723086
v3.1,c530bf2cab2728a7,4000,0,2.7,1,0.33241249999999994,0.0023383748970365959,0.33332318678509598
v3.1,c530bf2cab2728a7,4000,0,2.7,2,0.072572500000000026,0.0012231783765702738,0.071546706727673173
v3.1,c530bf2cab2728a7,4000,0,2.75,0,0.59662499999999985,0.002508522090954768,0.59632582847872073
v3.1,c530bf2cab2728a7,4000,0,2.75,1,0.33179499999999984,0.0023731568605653702,0.3328118667711143
v3.1,c530bf2cab2728a7,4000,0,2.75,2,0.071579999999999977,0.001208152442050391,0.070862304750164931
v3.1,c530bf2cab2728a7,4000,0,2.8,0,0.59762249999999961,0.0025129475203232933,0.59749054132633495
v3.1,c530bf2cab2728a7,4000,0,2.8,1,0.3316925,0.0023596161919329853,0.33233696728165962
v3.1,c530bf2cab2728a7,4000,0,2.8,2,0.070684999999999998,0.0012443946035293344,0.070172491392005334
v3.1,c530bf2cab2728a7,4000,0,2.85,0,0.59915500000000022,0.0025634591823935843,0.59862341197141167
v3.1,c530bf2cab2728a7,4000,0,2.85,1,0.33100999999999997,0.0024274652157626015,0.33189848723016818
v3.1,c530bf2cab2728a7,4000,0,2.85,2,0.06983499999999998,0.0012693662420931386,0.069478100798420206
v3.1,c530bf2cab2728a7,4000,0,2.9,0,0.60021500000000028,0.002619748281916807,0.59972365357447377
v3.1,c530bf2cab2728a7,4000,0,2.9,1,0.33047249999999989,0.0025069320433952769,0.33149639663138974
v3.1,c530bf2cab2728a7,4000,0,2.9,2,0.069312499999999999,0.0012574493935235431,0.0687799497941365
v3.1,c530bf2cab2728a7,4000,0,2.95,0,0.60126750000000007,0.002620503014304657,0.60079052562878299
v3.1,c530bf2cab2728a7,4000,0,2.95,1,0.33022249999999981,0.0025087445424540394,0.331130637751747
v3.1,c530bf2cab2728a7,4000,0,2.95,2,0.068509999999999988,0.001221735601015162,0.068078836619470048
v3.1,c530bf2cab2728a7,4000,0,3,0,0.60240249999999995,0.0026312345275343453,0.60182333395794396
v3.1,c530bf2cab2728a7,4000,0,3,1,0.32965749999999988,0.0025154764770447878,0.33080112625217128
v3.1,c530bf2cab2728a7,4000,0,3,2,0.06794,0.0012046266029460133,0.067375539789884795
v3.1,c530bf2cab2728a7,4000,0,3.05,0,0.60298749999999979,0.0026513179850936033,0.60282143060212579
v3.1,c530bf2cab2728a7,4000,0,3.05,1,0.32982499999999987,0.0025816086618285663,0.33050775231995755
v3.1,c530bf2cab2728a7,4000,0,3.05,2,0.067187500000000011,0.0012250818102964357,0.066670817077916625
v3.1,c530bf2cab2728a7,4000,0,3.1,0,0.6042424999999999,0.0026986726418329766,0.60378421359781187
v3.1,c530bf2cab2728a7,4000,0,3.1,1,0.32953999999999994,0.0026228303202626142,0.33025038178646698
v3.1,c530bf2cab2728a7,4000,0,3.1,2,0.066217499999999999,0.0012226381839235509,0.06596540461572116
v3.1,c530bf2cab2728a7,4000,0,3.15,0,0.60589000000000004,0.0027581337930205666,0.60471112665629267
v3.1,c530bf2cab2728a7,4000,0,3.15,1,0.32868000000000003,0.002703348746359678,0.33002885722778291
v3.1,c530bf2cab2728a7,4000,0,3.15,2,0.06543000000000003,0.0012083050153421575,0.065260016115924357
v3.1,c530bf2cab2728a7,4000,0,3.2,0,0.60698499999999966,0.0027567772778365612,0.60560165874637373
v3.1,c530bf2cab2728a7,4000,0,3.2,1,0.32858500000000013,0.002712958102637537,0.32984299904569991
v3.1,c530bf2cab2728a7,4000,0,3.2,2,0.064430000000000001,0.0011972457871078414,0.064555342207926317
v3.1,c530bf2cab2728a7,4000,0,3.25,0,0.60756250000000012,0.0028341829719844961,0.60645534358697717
v3.1,c530bf2cab2728a7,4000,0,3.25,1,0.32887500000000003,0.002748956413557037,0.32969260652668747
v3.1,c530bf2cab2728a7,4000,0,3.25,2,0.063562500000000008,0.0011846363664462906,0.063852049886335319
v3.1,c530bf2cab2728a7,4000,0,3.3,0,0.60810749999999991,0.0029408784140048357,0.60727175905548647
v3.1,c530bf2cab2728a7,4000,0,3.3,1,0.32878750000000001,0.0028779253342986477,0.32957745887672474
v3.1,c530bf2cab2728a7,4000,0,3.3,2,0.063105000000000008,0.0012154060509504093,0.063150782067788888
v3.1,c530bf2cab2728a7,4000,0,3.35,0,0.60869749999999978,0.0029697088058282983,0.60805052651779645
v3.1,c530bf2cab2728a7,4000,0,3.35,1,0.32888000000000017,0.0028987904130146863,0.32949731623015066
v3.1,c530bf2cab2728a7,4000,0,3.35,2,0.062422500000000013,0.0012220031110988848,0.062452157252052803
v3.1,c530bf2cab2728a7,4000,0,3.4,0,0.60985000000000011,0.0030234479280677844,0.60879131008611787
v3.1,c530bf2cab2728a7,4000,0,3.4,1,0.32831750000000021,0.002913240097582349,0.32945192063090606
v3.1,c530bf2cab2728a7,4000,0,3.4,2,0.061832500000000012,0.0012485448853798088,0.061756769282976111
v3.1,c530bf2cab2728a7,4000,0,3.45,0,0.61062249999999996,0.0030527506535959169,0.60949381581061668
v3.1,c530bf2cab2728a7,4000,0,3.45,1,0.32797250000000006,0.0029284672426739115,0.32944099698476575
v3.1,c530bf2cab2728a7,4000,0,3.45,2,0.061405000000000022,0.0012417392697911321,0.061065187204617531
v3.1,c530bf2cab2728a7,4000,0,3.5,0,0.61109249999999982,0.0031100554880723408,0.6101577908109751
v3.1,c530bf2cab2728a7,4000,0,3.5,1,0.32819249999999989,0.0029999807554096547,0.32946425398137735
v3.1,c530bf2cab2728a7,4000,0,3.5,2,0.060714999999999984,0.0012287538854917662,0.06037795520764748
v3.1,c530bf2cab2728a7,4000,0,3.55,0,0.61208000000000018,0.0031406585071583094,0.61078302235391835
v3.1,c530bf2cab2728a7,4000,0,3.55,1,0.32800499999999988,0.0030045755931494716,0.32952138498511624
v3.1,c530bf2cab2728a7,4000,0,3.55,2,0.059915000000000024,0.0012157646095600023,0.059695592660965427
v3.1,c530bf2cab2728a7,4000,0,3.6,0,0.61223749999999999,0.0031444683974441922,0.61136933688268724
v3.1,c530bf2cab2728a7,4000,0,3.6,1,0.32863000000000009,0.0029995274880412668,0.32961206889396011
v3.1,c530bf2cab2728a7,4000,0,3.6,2,0.059132499999999991,0.0012146124990001022,0.05901859422335267
v3.1,c530bf2cab2728a7,4000,0,3.65,0,0.61216999999999988,0.0031955518326498024,0.61191659900433437
v3.1,c530bf2cab2728a7,4000,0,3.65,1,0.32935999999999976,0.0030184289177174811,0.32973597096576024
v3.1,c530bf2cab2728a7,4000,0,3.65,2,0.058470000000000001,0.0012276192365301996,0.0583474300299055
v3.1,c530bf2cab2728a7,4000,0,3.7,0,0.61252750000000011,0.0032707011554068645,0.61242471044059099
v3.1,c530bf2cab2728a7,4000,0,3.7,1,0.32961249999999986,0.0030739751002027754,0.32989274361145232
v3.1,c530bf2cab2728a7,4000,0,3.7,2,0.057860000000000016,0.0012297517611044083,0.057682545947956576
v3.1,c530bf2cab2728a7,4000,0,3.75,0,0.61317999999999995,0.0033119276330355789,0.61289360894790368
v3.1,c530bf2cab2728a7,4000,0,3.75,1,0.3295550000000001,0.0030963965289746835,0.33008202715490292
v3.1,c530bf2cab2728a7,4000,0,3.75,2,0.057265000000000017,0.0012236609874149017,0.057024363897193509
v3.1,c530bf2cab2728a7,4000,0,3.8,0,0.61404000000000036,0.0033103654166752017,0.61332326721205377
v3.1,c530bf2cab2728a7,4000,0,3.8,1,0.32916749999999995,0.0030930295023690372,0.33030345055922727
v3.1,c530bf2cab2728a7,4000,0,3.8,2,0.056792500000000003,0.0012416898258975038,0.05637328222871902
v3.1,c530bf2cab2728a7,4000,0,3.85,0,0.61429749999999994,0.0033566583442315051,0.61371369172258861
v3.1,c530bf2cab2728a7,4000,0,3.85,1,0.33005249999999992,0.0031089990249063581,0.33055663211954861
v3.1,c530bf2cab2728a7,4000,0,3.85,2,0.055650000000000012,0.0012068616952721433,0.055729676157862756
v3.1,c530bf2cab2728a7,4000,0,3.9,0,0.61458000000000013,0.0033772465026103656,0.61406492163207016
v3.1,c530bf2cab2728a7,4000,0,3.9,1,0.33018500000000012,0.0031112731243890272,0.33084118012228153
v3.1,c530bf2cab2728a7,4000,0,3.9,2,0.05523500000000002,0.0012159650322258282,0.055093898245648379
v3.1,c530bf2cab2728a7,4000,0,3.95,0,0.61464999999999992,0.0034237638777972249,0.61437702760492219
v3.1,c530bf2cab2728a7,4000,0,3.95,1,0.33042999999999983,0.0031518474620835365,0.33115669347113819
v3.1,c530bf2cab2728a7,4000,0,3.95,2,0.05492000000000001,0.0012121433141924326,0.054466278923939744
v3.1,c530bf2cab2728a7,4000,0,4,0,0.61513999999999991,0.0034797163329179231,0.61465011066042163
v3.1,c530bf2cab2728a7,4000,0,4,1,0.33059749999999999,0.0032040159754926508,0.33150276228014869
v3.1,c530bf2cab2728a7,4000,0,4,2,0.054262500000000012,0.0012145029275844135,0.053847127059429664
