schema_version,config_hash,kernel,sampling_mode,m,beta,model,valid,residual_l2,max_real_eigenvalue,max_abs_imag_eigenvalue,equilibrium,stable
v3.1,c530bf2cab2728a7,fermi,independent,1,0.05,classical,1,2.5206037400491954e-17,-0.00444773351293614,0.6033940355444983,"[0.5952060514993919,0.3542470555425059,0.05054689295810218]",1
v3.1,c530bf2cab2728a7,fermi,independent,1,0.05,variance_tail,1,2.361475694186272e-17,-0.004372625214757946,0.6017727781233138,"[0.5952060514993919,0.3542470555425059,0.05054689295810218]",1
v3.1,c530bf2cab2728a7,fermi,independent,1,0.05,moment3_tail,1,5.974419635611299e-14,-0.00431973676665711,0.602657808736134,"[0.5948033437598631,0.35456784122028295,0.050628815019853925]",1
v3.1,c530bf2cab2728a7,fermi,independent,1,0.05,moment5_tail,1,5.897571464179967e-14,-0.004319846767249183,0.6026613928172077,"[0.5948052355133727,0.35456626693640536,0.05062849755022197]",1
v3.1,c530bf2cab2728a7,fermi,independent,1,0.05,exact,1,5.896566511236518e-14,-0.004319852276269215,0.6026613683841006,"[0.5948052257085417,0.35456627475877134,0.050628499532687055]",1
v3.1,c530bf2cab2728a7,fermi,independent,1,0.1,classical,1,2.5206037400491954e-17,-0.00444773351293614,0.6033940355444983,"[0.5952060514993919,0.3542470555425059,0.05054689295810218]",1
v3.1,c530bf2cab2728a7,fermi,independent,1,0.1,variance_tail,1,2.333557219746229e-17,-0.004147300319416208,0.5968949944810915,"[0.5952060514993919,0.3542470555425059,0.05054689295810218]",1
v3.1,c530bf2cab2728a7,fermi,independent,1,0.1,moment3_tail,1,4.9352574696374306e-14,-0.003937990952474893,0.6004366439995354,"[0.5935847830521722,0.3555385424142272,0.050876674533600466]",1
v3.1,c530bf2cab2728a7,fermi,independent,1,0.1,moment5_tail,1,4.597245195910398e-14,-0.003939527516263142,0.6004945594990365,"[0.5936154413197148,0.35551303858556776,0.050871520094717376]",1
v3.1,c530bf2cab2728a7,fermi,independent,1,0.1,exact,1,4.608924970944125e-14,-0.003939872430646148,0.6004930161725047,"[0.5936148175029493,0.3555135364671461,0.05087164602990455]",1
v3.1,c530bf2cab2728a7,fermi,independent,1,0.2,classical,1,2.5206037400491954e-17,-0.00444773351293614,0.6033940355444983,"[0.5952060514993919,0.3542470555425059,0.05054689295810218]",1
v3.1,c530bf2cab2728a7,fermi,independent,1,0.2,variance_tail,1,2.222241978910349e-17,-0.0032460007380499187,0.577164178740123,"[0.5952060514993919,0.3542470555425059,0.05054689295810218]",1
v3.1,c530bf2cab2728a7,fermi,independent,1,0.2,moment3_tail,1,2.0596961719408663e-13,-0.002447908148246518,0.591357523789552,"[0.5885474677385243,0.35955171825673515,0.05190081400474053]",1
v3.1,c530bf2cab2728a7,fermi,independent,1,0.2,moment5_tail,1,1.2703483269089506e-13,-0.0024578932922106056,0.5923210004466036,"[0.5890635272618477,0.3591230487199413,0.051813424018211075]",1
v3.1,c530bf2cab2728a7,fermi,independent,1,0.2,exact,1,1.3249209586236793e-13,-0.002478288024284528,0.5922268910079166,"[0.5890244361697343,0.35915429429110146,0.05182126953916431]",1
v3.1,c530bf2cab2728a7,fermi,independent,1,0.3,classical,1,2.5206037400491954e-17,-0.00444773351293614,0.6033940355444983,"[0.5952060514993919,0.3542470555425059,0.05054689295810218]",1
v3.1,c530bf2cab2728a7,fermi,independent,1,0.3,variance_tail,1,2.0381945752747835e-17,-0.00174383476910598,0.5434151636448857,"[0.5952060514993919,0.3542470555425059,0.05054689295810218]",1
v3.1,c530bf2cab2728a7,fermi,independent,1,0.3,moment3_tail,1,2.8413779153361506e-15,-0.00012443279953548714,0.5754723391860856,"[0.5795158964313224,0.36674887351825836,0.05373523005041922]",1
v3.1,c530bf2cab2728a7,fermi,independent,1,0.3,moment5_tail,1,2.0825162322234977e-11,-4.95140799460711e-05,0.5806637662954037,"[0.5823525225323491,0.36439814803541004,0.053249329432240804]",1
v3.1,c530bf2cab2728a7,fermi,independent,1,0.3,exact,1,2.5057663561096456e-11,-0.00025753679115503303,0.5796662835776345,"[0.5819203609076976,0.36474429391407254,0.053335345178229854]",1
v3.1,c530bf2cab2728a7,fermi,independent,1,0.5,classical,1,2.5206037400491954e-17,-0.00444773351293614,0.6033940355444983,"[0.5952060514993919,0.3542470555425059,0.05054689295810218]",1
v3.1,c530bf2cab2728a7,fermi,independent,1,0.5,variance_tail,1,1.4690939375327277e-17,0.0030630963315149,0.4253446403313092,"[0.5952060514993919,0.3542470555425059,0.05054689295810218]",0
v3.1,c530bf2cab2728a7,fermi,independent,1,0.5,moment3_tail,1,3.1707922131756274e-14,0.004954187969125022,0.5163503530531144,"[0.5434700303398691,0.3954925958822643,0.0610373737778666]",0
v3.1,c530bf2cab2728a7,fermi,independent,1,0.5,moment5_tail,1,3.546931530671399e-13,0.008421774935687083,0.5638116992670686,"[0.5711728386337691,0.3726860982386035,0.056141063127627344]",0
v3.1,c530bf2cab2728a7,fermi,independent,1,0.5,exact,1,1.0652803604140257e-17,0.005275496572451674,0.5464766613982632,"[0.5628175504594268,0.379405307929436,0.05777714161113719]",0
v3.1,c530bf2cab2728a7,fermi,independent,1,0.7,classical,1,2.5206037400491954e-17,-0.00444773351293614,0.6033940355444983,"[0.5952060514993919,0.3542470555425059,0.05054689295810218]",1
v3.1,c530bf2cab2728a7,fermi,independent,1,0.7,variance_tail,1,7.940386234370632e-18,0.01027349298244596,0.1682501909745684,"[0.5952060514993919,0.3542470555425059,0.05054689295810218]",0
v3.1,c530bf2cab2728a7,fermi,independent,1,0.7,moment3_tail,1,1.718480592878054e-14,-0.010222757368372689,0.37855070739816077,"[0.44560021345625206,0.4735995670018041,0.08080021954194386]",1
v3.1,c530bf2cab2728a7,fermi,independent,1,0.7,moment5_tail,1,1.0886911683325523e-14,0.018350692791713214,0.5991886119398077,"[0.5891725943714584,0.3563752804430379,0.054452125185503665]",0
v3.1,c530bf2cab2728a7,fermi,independent,1,0.7,exact,1,3.098861254779355e-13,0.010644164607690371,0.508653533991242,"[0.5414910001720119,0.39481550264006304,0.06369349718792518]",0
v3.1,c530bf2cab2728a7,fermi,independent,1,1.0,classical,1,2.5206037400491954e-17,-0.00444773351293614,0.6033940355444983,"[0.5952060514993919,0.3542470555425059,0.05054689295810218]",1
v3.1,c530bf2cab2728a7,fermi,independent,1,1.0,variance_tail,1,1.7961576663981643e-17,0.4950976287318897,0.0,"[0.5952060514993919,0.3542470555425059,0.05054689295810218]",0
v3.1,c530bf2cab2728a7,fermi,independent,1,1.0,moment3_tail,0,0.0,,,"[1.0,1.0751194731352283e-167,4.010552866665433e-168]",
v3.1,c530bf2cab2728a7,fermi,independent,1,1.0,moment5_tail,1,1.910766895334726e-14,-0.06199785101859522,0.7661745865012108,"[0.6852466695692377,0.27407888357252225,0.040674446858239906]",1
v3.1,c530bf2cab2728a7,fermi,independent,1,1.0,exact,1,1.8089658340908194e-13,0.01679783347060269,0.45244655712101245,"[0.5128859678513727,0.41271086293892484,0.07440316920970245]",0
v3.1,c530bf2cab2728a7,fermi,independent,1,1.4,classical,1,2.5206037400491954e-17,-0.00444773351293614,0.6033940355444983,"[0.5952060514993919,0.3542470555425059,0.05054689295810218]",1
v3.1,c530bf2cab2728a7,fermi,independent,1,1.4,variance_tail,1,5.2696539875243077e-17,0.6946657756916844,0.0,"[0.5952060514993919,0.3542470555425061,0.05054689295810217]",0
v3.1,c530bf2cab2728a7,fermi,independent,1,1.4,moment3_tail,0,1.1969922192477338e-161,,,"[1.0,5.180463417448077e-162,1.4929769356932278e-161]",
v3.1,c530bf2cab2728a7,fermi,independent,1,1.4,moment5_tail,1,1.0403852478851371e-12,-0.4454174317089497,0.9241822048156944,"[0.8096935424307783,0.16813472390769618,0.022171733661525448]",1
v3.1,c530bf2cab2728a7,fermi,independent,1,1.4,exact,1,8.602427026710527e-13,0.021691958035038417,0.3872679624277229,"[0.48651619139286584,0.42327793871875086,0.09020586988838336]",0
v3.1,c530bf2cab2728a7,fermi,independent,2,0.05,classical,1,2.5206037400491954e-17,-0.00444773351293614,0.6033940355444983,"[0.5952060514993919,0.3542470555425059,0.05054689295810218]",1
v3.1,c530bf2cab2728a7,fermi,independent,2,0.05,variance_tail,1,2.3661320478907393e-17,-0.004410179363981602,0.6025836959852443,"[0.5952060514993919,0.3542470555425059,0.05054689295810218]",1
v3.1,c530bf2cab2728a7,fermi,independent,2,0.05,moment3_tail,1,2.1880513147350677e-16,-0.004396913782796302,0.6028049192877585,"[0.5951054331719804,0.3543272202041117,0.050567346623907834]",1
v3.1,c530bf2cab2728a7,fermi,independent,2,0.05,moment5_tail,1,2.3960702283398956e-16,-0.00439712557102475,0.6028065717150186,"[0.5951059631074387,0.35432673227167577,0.05056730462088543]",1
v3.1,c530bf2cab2728a7,fermi,independent,2,0.05,exact,1,2.5546173410288425e-16,-0.004397125448881212,0.6028065656111891,"[0.5951059608324729,0.3543267343866671,0.05056730478085996]",1
v3.1,c530bf2cab2728a7,fermi,independent,2,0.1,classical,1,2.5206037400491954e-17,-0.00444773351293614,0.6033940355444983,"[0.5952060514993919,0.3542470555425059,0.05054689295810218]",1
v3.1,c530bf2cab2728a7,fermi,independent,2,0.1,variance_tail,1,2.3521657713884592e-17,-0.004297516916311243,0.6001491981120908,"[0.5952060514993919,0.3542470555425059,0.05054689295810218]",1
v3.1,c530bf2cab2728a7,fermi,independent,2,0.1,moment3_tail,1,5.932461719344355e-14,-0.004244482288659153,0.6010340532772163,"[0.5948016846495254,0.3545694109103067,0.05062890444016778]",1
v3.1,c530bf2cab2728a7,fermi,independent,2,0.1,moment5_tail,1,5.900269366578149e-14,-0.004247862958463217,0.6010605929617429,"[0.594810228491422,0.35456154318071903,0.050628228327859126]",1
v3.1,c530bf2cab2728a7,fermi,independent,2,0.1,exact,1,5.898640977639408e-14,-0.004247852872444849,0.601060206339637,"[0.5948100837237927,0.3545616778010322,0.05062823847517517]",1
v3.1,c530bf2cab2728a7,fermi,independent,2,0.2,classical,1,2.5206037400491954e-17,-0.00444773351293614,0.6033940355444983,"[0.5952060514993919,0.3542470555425059,0.05054689295810218]",1
v3.1,c530bf2cab2728a7,fermi,independent,2,0.2,variance_tail,1,2.2963865731596723e-17,-0.003846867125629712,0.5903578686302846,"[0.5952060514993919,0.3542470555425059,0.05054689295810218]",1
v3.1,c530bf2cab2728a7,fermi,independent,2,0.2,moment3_tail,1,4.759194212838755e-14,-0.003635255496785568,0.5938967475762681,"[0.5935574590943599,0.35556439975978016,0.0508781411458601]",1
v3.1,c530bf2cab2728a7,fermi,independent,2,0.2,moment5_tail,1,4.5541330054550175e-14,-0.003688815916204048,0.5943278517100444,"[0.5936983385645197,0.3554345999596302,0.05086706147585011]",1
v3.1,c530bf2cab2728a7,fermi,independent,2,0.2,exact,1,4.563397206106498e-14,-0.0036880524715872526,0.5943039545596205,"[0.5936892759305478,0.3554430345595181,0.05086768950993418]",1
v3.1,c530bf2cab2728a7,fermi,independent,2,0.3,classical,1,2.5206037400491954e-17,-0.00444773351293614,0.6033940355444983,"[0.5952060514993919,0.3542470555425059,0.05054689295810218]",1
v3.1,c530bf2cab2728a7,fermi,independent,2,0.3,variance_tail,1,2.2037492225962662e-17,-0.003095784141160622,0.5738398728798306,"[0.5952060514993919,0.3542470555425059,0.05054689295810218]",1
v3.1,c530bf2cab2728a7,fermi,independent,2,0.3,moment3_tail,1,2.6694448170220812e-12,-0.0026223390725978804,0.5818008390824182,"[0.5913729035110725,0.35732243940253205,0.05130465708639537]",1
v3.1,c530bf2cab2728a7,fermi,independent,2,0.3,moment5_tail,1,2.4072655345833837e-12,-0.0028893536064482778,0.5840376529595892,"[0.59212167541693,0.35663199390847594,0.05124633067459404]",1
v3.1,c530bf2cab2728a7,fermi,independent,2,0.3,exact,1,2.4329514366337663e-12,-0.0028790876783943015,0.5837796888608215,"[0.5920219947167961,0.35672486637308126,0.05125313891012268]",1
v3.1,c530bf2cab2728a7,fermi,independent,2,0.5,classical,1,2.5206037400491954e-17,-0.00444773351293614,0.6033940355444983,"[0.5952060514993919,0.3542470555425059,0.05054689295810218]",1
v3.1,c530bf2cab2728a7,fermi,independent,2,0.5,variance_tail,1,1.91070414489713e-17,-0.0006923185908588383,0.5190518105686615,"[0.5952060514993919,0.3542470555425059,0.05054689295810218]",1
v3.1,c530bf2cab2728a7,fermi,independent,2,0.5,moment3_tail,1,2.591342928154199e-12,0.0005779812262063436,0.5411610197395016,"[0.5832549139819778,0.3639704534761869,0.052774632541835245]",0
v3.1,c530bf2cab2728a7,fermi,independent,2,0.5,moment5_tail,1,3.883779636550378e-13,-0.0014134056951259702,0.5597033744280429,"[0.5899015077158775,0.35782959031148054,0.05226890197264213]",1
v3.1,c530bf2cab2728a7,fermi,independent,2,0.5,exact,1,8.827077069509787e-13,-0.001132922778650021,0.5549581947327875,"[0.5879890218168811,0.3596138374119212,0.0523971407711979]",1
v3.1,c530bf2cab2728a7,fermi,independent,2,0.7,classical,1,2.5206037400491954e-17,-0.00444773351293614,0.6033940355444983,"[0.5952060514993919,0.3542470555425059,0.05054689295810218]",1
v3.1,c530bf2cab2728a7,fermi,independent,2,0.7,variance_tail,1,1.4861948062921848e-17,0.0029128797345932995,0.4293476596946757,"[0.5952060514993919,0.3542470555425059,0.05054689295810218]",0
v3.1,c530bf2cab2728a7,fermi,independent,2,0.7,moment3_tail,1,1.1476248969338466e-13,0.005073690413567405,0.4726070554605514,"[0.5661726755262675,0.378458209022225,0.05536911545150754]",0
v3.1,c530bf2cab2728a7,fermi,independent,2,0.7,moment5_tail,1,2.1588014447807797e-17,-0.0026867315741581042,0.5498889095053194,"[0.596100220215227,0.3507769538598724,0.053122825924900495]",1
v3.1,c530bf2cab2728a7,fermi,independent,2,0.7,exact,1,2.7182501317419977e-15,-9.141630650756627e-05,0.5212596458138136,"[0.5843717112713532,0.3616947594203261,0.05393352930832057]",1
v3.1,c530bf2cab2728a7,fermi,independent,2,1.0,classical,1,2.5206037400491954e-17,-0.00444773351293614,0.6033940355444983,"[0.5952060514993919,0.3542470555425059,0.05054689295810218]",1
v3.1,c530bf2cab2728a7,fermi,independent,2,1.0,variance_tail,1,7.778337767782792e-18,0.01057392617617962,0.14981057473730638,"[0.5952060514993919,0.3542470555425059,0.05054689295810218]",0
v3.1,c530bf2cab2728a7,fermi,independent,2,1.0,moment3_tail,1,1.9497803740260137e-11,-0.002130138442805268,0.14489219236013473,"[0.40262280620243995,0.5311302451789462,0.06624694861861374]",1
v3.1,c530bf2cab2728a7,fermi,independent,2,1.0,moment5_tail,1,1.3504607604848197e-14,-0.027933785018863642,0.6179564302225351,"[0.6343474778135971,0.3134143652326776,0.0522381569537253]",1
v3.1,c530bf2cab2728a7,fermi,independent,2,1.0,exact,1,2.0205646875083249e-13,-0.0006499265809981579,0.4708981375021646,"[0.5813826686009919,0.3618544603120632,0.05676287108694486]",1
v3.1,c530bf2cab2728a7,fermi,independent,2,1.4,classical,1,2.5206037400491954e-17,-0.00444773351293614,0.6033940355444983,"[0.5952060514993919,0.3542470555425059,0.05054689295810218]",1
v3.1,c530bf2cab2728a7,fermi,independent,2,1.4,variance_tail,1,1.7247347709724203e-17,0.48609498635791915,0.0,"[0.5952060514993919,0.3542470555425059,0.05054689295810218]",0
v3.1,c530bf2cab2728a7,fermi,independent,2,1.4,moment3_tail,0,5.0496791484127556e-17,,,"[0.9131979691490425,5.969327928350129e-15,0.0868020308509515]",
v3.1,c530bf2cab2728a7,fermi,independent,2,1.4,moment5_tail,1,7.567423214194362e-14,-0.1720109383895147,0.9110923559203008,"[0.6930954873662629,0.2611011508851059,0.04580336174863126]",1
v3.1,c530bf2cab2728a7,fermi,independent,2,1.4,exact,1,1.5066751546111956e-16,-0.004103530023525009,0.41255669710839205,"[0.5814140869505728,0.3573808555019359,0.06120505754749134]",1
v3.1,c530bf2cab2728a7,fermi,independent,3,0.05,classical,1,2.5206037400491954e-17,-0.00444773351293614,0.6033940355444983,"[0.5952060514993919,0.3542470555425059,0.05054689295810218]",1
v3.1,c530bf2cab2728a7,fermi,independent,3,0.05,variance_tail,1,2.36768437070766e-17,-0.004422697413722747,0.6028538733122567,"[0.5952060514993919,0.3542470555425059,0.05054689295810218]",1
v3.1,c530bf2cab2728a7,fermi,independent,3,0.05,moment3_tail,1,3.770791753714555e-17,-0.004416799248713424,0.6029521934016666,"[0.5951613506282815,0.35428266883287324,0.05055598053884534]",1
v3.1,c530bf2cab2728a7,fermi,independent,3,0.05,moment5_tail,1,4.091708748627098e-17,-0.004416900189316841,0.6029531423253073,"[0.5951615365461035,0.3542824955915019,0.050555967862394614]",1
v3.1,c530bf2cab2728a7,fermi,independent,3,0.05,exact,1,2.8178605465733206e-17,-0.004416899918252212,0.6029531395396525,"[0.595161535811076,0.3542824962892118,0.05055596789971227]",1
v3.1,c530bf2cab2728a7,fermi,independent,3,0.1,classical,1,2.5206037400491954e-17,-0.00444773351293614,0.6033940355444983,"[0.5952060514993919,0.3542470555425059,0.05054689295810218]",1
v3.1,c530bf2cab2728a7,fermi,independent,3,0.1,variance_tail,1,2.3583719726947576e-17,-0.004347589115276218,0.6012318437804474,"[0.5952060514993919,0.3542470555425059,0.05054689295810218]",1
v3.1,c530bf2cab2728a7,fermi,independent,3,0.1,moment3_tail,1,2.2940844737199178e-15,-0.0043239799885290905,0.6016250902061056,"[0.5950266298265346,0.3543900749012744,0.05058329527219096]",1
v3.1,c530bf2cab2728a7,fermi,independent,3,0.1,moment5_tail,1,2.343802653503533e-15,-0.004325594165975916,0.6016403080071088,"[0.595029621268137,0.35438728706560346,0.05058309166625949]",1
v3.1,c530bf2cab2728a7,fermi,independent,3,0.1,exact,1,2.3302688771948237e-15,-0.004325578733593703,0.601640131420011,"[0.595029574529774,0.3543873314347578,0.05058309403546822]",1
v3.1,c530bf2cab2728a7,fermi,independent,3,0.2,classical,1,2.5206037400491954e-17,-0.00444773351293614,0.6033940355444983,"[0.5952060514993919,0.3542470555425059,0.05054689295810218]",1
v3.1,c530bf2cab2728a7,fermi,independent,3,0.2,variance_tail,1,2.321160029853375e-17,-0.00404715592148959,0.5947202460419028,"[0.5952060514993919,0.3542470555425059,0.05054689295810218]",1
v3.1,c530bf2cab2728a7,fermi,independent,3,0.2,moment3_tail,1,8.034377443403999e-16,-0.003952463542994181,0.5962926849854489,"[0.5944782779837166,0.3548283788103156,0.05069334320596793]",1
v3.1,c530bf2cab2728a7,fermi,independent,3,0.2,moment5_tail,1,8.337160096443632e-16,-0.00397824513725184,0.5965384170694515,"[0.5945272165133171,0.35478274822388256,0.0506900352628003]",1
v3.1,c530bf2cab2728a7,fermi,independent,3,0.2,exact,1,8.066178922054094e-16,-0.003977268001519277,0.5965274556549065,"[0.594524299444255,0.35478551823218557,0.05069018232355954]",1
v3.1,c530bf2cab2728a7,fermi,independent,3,0.3,classical,1,2.5206037400491954e-17,-0.00444773351293614,0.6033940355444983,"[0.5952060514993919,0.3542470555425059,0.05054689295810218]",1
v3.1,c530bf2cab2728a7,fermi,independent,3,0.3,variance_tail,1,2.259280416059186e-17,-0.00354643393184529,0.5837813785841984,"[0.5952060514993919,0.3542470555425059,0.05054689295810218]",1
v3.1,c530bf2cab2728a7,fermi,independent,3,0.3,moment3_tail,1,4.572270894366658e-14,-0.0033324785501993304,0.5873172681569716,"[0.5935290906502111,0.35559127389111883,0.05087963545867014]",1
v3.1,c530bf2cab2728a7,fermi,independent,3,0.3,moment5_tail,1,4.497269304337917e-14,-0.0034626494287170115,0.5885800864895586,"[0.5937859469306499,0.35535159010878636,0.050862462960563674]",1
v3.1,c530bf2cab2728a7,fermi,independent,3,0.3,exact,1,4.473347887829102e-14,-0.0034517724045596415,0.5884610961593507,"[0.593754009962185,0.3553819278028012,0.05086406223501376]",1
v3.1,c530bf2cab2728a7,fermi,independent,3,0.5,classical,1,2.5206037400491954e-17,-0.00444773351293614,0.6033940355444983,"[0.5952060514993919,0.3542470555425059,0.05054689295810218]",1
v3.1,c530bf2cab2728a7,fermi,independent,3,0.5,variance_tail,1,2.0626134894230305e-17,-0.0019441235649836006,0.5479830611370163,"[0.5952060514993919,0.3542470555425059,0.05054689295810218]",1
v3.1,c530bf2cab2728a7,fermi,independent,3,0.5,moment3_tail,1,6.507824131932672e-12,-0.0013435213250849905,0.5577833735296234,"[0.5901527703774772,0.35834538524209947,0.05150184438042331]",1
v3.1,c530bf2cab2728a7,fermi,independent,3,0.5,moment5_tail,1,6.010469560122638e-12,-0.002342666190421068,0.567971398393124,"[0.5923568292492976,0.35628434603630676,0.0513588247143956]",1
v3.1,c530bf2cab2728a7,fermi,independent,3,0.5,exact,1,6.191142729762746e-12,-0.002129486837206117,0.5657490615627597,"[0.591747395695611,0.3568634728304374,0.05138913147395163]",1
v3.1,c530bf2cab2728a7,fermi,independent,3,0.7,classical,1,2.5206037400491954e-17,-0.00444773351293614,0.6033940355444983,"[0.5952060514993919,0.3542470555425059,0.05054689295810218]",1
v3.1,c530bf2cab2728a7,fermi,independent,3,0.7,variance_tail,1,1.7726623638507572e-17,0.0004593419853092945,0.49154811006518623,"[0.5952060514993919,0.3542470555425059,0.05054689295810218]",0
v3.1,c530bf2cab2728a7,fermi,independent,3,0.7,moment3_tail,1,2.0549561831072398e-13,0.0016415512960089827,0.5106425398336354,"[0.5838082993441068,0.36366926958246115,0.05252243107343206]",0
v3.1,c530bf2cab2728a7,fermi,independent,3,0.7,moment5_tail,1,4.162640620254625e-11,-0.0022162265340950546,0.5519376057537495,"[0.5934316407814265,0.3546530496343627,0.05191530958421074]",1
v3.1,c530bf2cab2728a7,fermi,independent,3,0.7,exact,1,2.0927829597807355e-13,-0.0007988522489258167,0.5380463212719808,"[0.5895706797801895,0.3583183434681128,0.05211097675169767]",1
v3.1,c530bf2cab2728a7,fermi,independent,3,1.0,classical,1,2.5206037400491954e-17,-0.00444773351293614,0.6033940355444983,"[0.5952060514993919,0.3542470555425059,0.05054689295810218]",1
v3.1,c530bf2cab2728a7,fermi,independent,3,1.0,variance_tail,1,1.1951431683295842e-17,0.005566706279681331,0.35404747938609293,"[0.5952060514993919,0.3542470555425059,0.05054689295810218]",0
v3.1,c530bf2cab2728a7,fermi,independent,3,1.0,moment3_tail,1,2.437773978362356e-12,0.007747396759541687,0.3898708471074436,"[0.5595233616326685,0.38524091416285144,0.055235724204480176]",0
v3.1,c530bf2cab2728a7,fermi,independent,3,1.0,moment5_tail,1,3.340395057134428e-12,-0.009272151856056746,0.5744691981845937,"[0.6074531827406496,0.340278592595806,0.052268224663544346]",1
v3.1,c530bf2cab2728a7,fermi,independent,3,1.0,exact,1,3.880387918520728e-16,0.0008618769828078951,0.4943043720071012,"[0.5865234322481272,0.36000048211094304,0.053476085640929795]",0
v3.1,c530bf2cab2728a7,fermi,independent,3,1.4,classical,1,2.5206037400491954e-17,-0.00444773351293614,0.6033940355444983,"[0.5952060514993919,0.3542470555425059,0.05054689295810218]",1
v3.1,c530bf2cab2728a7,fermi,independent,3,1.4,variance_tail,1,7.726402593105621e-18,0.265257503369289,0.0,"[0.5952060514993919,0.3542470555425059,0.05054689295810218]",0
v3.1,c530bf2cab2728a7,fermi,independent,3,1.4,moment3_tail,0,0.0,,,"[1.0,1.8199123885087888e-188,3.996558808991704e-177]",
v3.1,c530bf2cab2728a7,fermi,independent,3,1.4,moment5_tail,1,6.595966958568205e-14,-0.05687998312094546,0.7597388964821331,"[0.6404476705392472,0.3089020046847486,0.05065032477600414]",1
v3.1,c530bf2cab2728a7,fermi,independent,3,1.4,exact,1,2.744060324156552e-14,0.00261227962928446,0.440175766920825,"[0.5828891285488421,0.3614388671124317,0.05567200433872609]",0
v3.1,c530bf2cab2728a7,fermi,independent,5,0.05,classical,1,2.5206037400491954e-17,-0.00444773351293614,0.6033940355444983,"[0.5952060514993919,0.3542470555425059,0.05054689295810218]",1
v3.1,c530bf2cab2728a7,fermi,independent,5,0.05,variance_tail,1,2.3689263024987277e-17,-0.004432711853515937,0.6030699689677479,"[0.5952060514993919,0.3542470555425059,0.05054689295810218]",1
v3.1,c530bf2cab2728a7,fermi,independent,5,0.05,moment3_tail,1,2.670167133336358e-14,-0.004430588414808957,0.6031053642812441,"[0.5951899657335349,0.35425987049087726,0.0505501637755879]",1
v3.1,c530bf2cab2728a7,fermi,independent,5,0.05,moment5_tail,1,2.6602683497910735e-14,-0.0044306239859383395,0.603105780934836,"[0.5951900108741358,0.35425982812840684,0.05055016099745725]",1
v3.1,c530bf2cab2728a7,fermi,independent,5,0.05,exact,1,2.6542451274051613e-14,-0.004430623974839704,0.6031057800584665,"[0.5951900107409966,0.3542598282559595,0.05055016100304381]",1
v3.1,c530bf2cab2728a7,fermi,independent,5,0.1,classical,1,2.5206037400491954e-17,-0.00444773351293614,0.6033940355444983,"[0.5952060514993919,0.3542470555425059,0.05054689295810218]",1
v3.1,c530bf2cab2728a7,fermi,independent,5,0.1,variance_tail,1,2.3633381248102367e-17,-0.004387646874448356,0.6020972148139336,"[0.5952060514993919,0.3542470555425059,0.05054689295810218]",1
v3.1,c530bf2cab2728a7,fermi,independent,5,0.1,moment3_tail,1,2.5469355562594887e-17,-0.004379145108071955,0.6022387848844315,"[0.5951415651345313,0.35429844849583375,0.05055998636963498]",1
v3.1,c530bf2cab2728a7,fermi,independent,5,0.1,moment5_tail,1,6.019871072167171e-17,-0.004379715236970706,0.6022454595634272,"[0.5951422900242801,0.3542977681564954,0.05055994181922441]",1
v3.1,c530bf2cab2728a7,fermi,independent,5,0.1,exact,1,5.82237947644495e-17,-0.004379710407423125,0.6022454049673177,"[0.5951422815539182,0.3542977762716075,0.0505599421744743]",1
v3.1,c530bf2cab2728a7,fermi,independent,5,0.2,classical,1,2.5206037400491954e-17,-0.00444773351293614,0.6033940355444983,"[0.5952060514993919,0.3542470555425059,0.05054689295810218]",1
v3.1,c530bf2cab2728a7,fermi,independent,5,0.2,variance_tail,1,2.34099881756723e-17,-0.0042073869581776835,0.5981978096502788,"[0.5952060514993919,0.3542470555425059,0.05054689295810218]",1
v3.1,c530bf2cab2728a7,fermi,independent,5,0.2,moment3_tail,1,9.85278812114662e-15,-0.0041732552292008465,0.59876390788419,"[0.5949457843424502,0.3544547857261962,0.05059942993135365]",1
v3.1,c530bf2cab2728a7,fermi,independent,5,0.2,moment5_tail,1,9.97783261753214e-15,-0.004182379476692921,0.5988712394622583,"[0.5949575517191408,0.35444373758322845,0.05059871069763074]",1
v3.1,c530bf2cab2728a7,fermi,independent,5,0.2,exact,1,9.958123547983168e-15,-0.004182073724761162,0.5988678302809894,"[0.5949570220117647,0.35444424511136235,0.050598732876872846]",1
v3.1,c530bf2cab2728a7,fermi,independent,5,0.3,classical,1,2.5206037400491954e-17,-0.00444773351293614,0.6033940355444983,"[0.5952060514993919,0.3542470555425059,0.05054689295810218]",1
v3.1,c530bf2cab2728a7,fermi,independent,5,0.3,variance_tail,1,2.303815643127936e-17,-0.0039069537643932895,0.5916684010704617,"[0.5952060514993919,0.3542470555425059,0.05054689295810218]",1
v3.1,c530bf2cab2728a7,fermi,independent,5,0.3,moment3_tail,1,2.439330049717535e-13,-0.003829689957896683,0.5929414154271893,"[0.5946115058107819,0.35472277186679035,0.05066572232242773]",1
v3.1,c530bf2cab2728a7,fermi,independent,5,0.3,moment5_tail,1,2.51186609344472e-13,-0.003875898617143367,0.5934892768317267,"[0.5946725066673171,0.35466546643794394,0.050662026894739025]",1
v3.1,c530bf2cab2728a7,fermi,independent,5,0.3,exact,1,2.495215333945936e-13,-0.0038725518089475844,0.5934519287239108,"[0.5946666890052098,0.3546710410105173,0.05066226998427292]",1
v3.1,c530bf2cab2728a7,fermi,independent,5,0.5,classical,1,2.5206037400491954e-17,-0.00444773351293614,0.6033940355444983,"[0.5952060514993919,0.3542470555425059,0.05054689295810218]",1
v3.1,c530bf2cab2728a7,fermi,independent,5,0.5,variance_tail,1,2.185274705092354e-17,-0.0029455675442830245,0.5705048525387125,"[0.5952060514993919,0.3542470555425059,0.05054689295810218]",1
v3.1,c530bf2cab2728a7,fermi,independent,5,0.5,moment3_tail,1,4.1669673638726295e-14,-0.0027267902253582804,0.5740339226882618,"[0.5934689659668515,0.355648321198517,0.050882712834631486]",1
v3.1,c530bf2cab2728a7,fermi,independent,5,0.5,moment5_tail,1,4.3157360993680566e-14,-0.003083884234018168,0.5783691804184027,"[0.593974689968067,0.3551724491549712,0.05085286087696178]",1
v3.1,c530bf2cab2728a7,fermi,independent,5,0.5,exact,1,4.226525364613873e-14,-0.0030202241296424723,0.5776533169809548,"[0.5938622992244119,0.35528015332771007,0.05085754744787809]",1
v3.1,c530bf2cab2728a7,fermi,independent,5,0.7,classical,1,2.5206037400491954e-17,-0.00444773351293614,0.6033940355444983,"[0.5952060514993919,0.3542470555425059,0.05054689295810218]",1
v3.1,c530bf2cab2728a7,fermi,independent,5,0.7,variance_tail,1,2.0089461134638064e-17,-0.0015034882141178076,0.5379040275523856,"[0.5952060514993919,0.3542470555425059,0.05054689295810218]",1
v3.1,c530bf2cab2728a7,fermi,independent,5,0.7,moment3_tail,1,9.609924357538487e-13,-0.001062483806797375,0.5447922577413531,"[0.5915094628109032,0.3572671807800946,0.051223356409002094]",1
v3.1,c530bf2cab2728a7,fermi,independent,5,0.7,moment5_tail,1,9.442854942472973e-13,-0.0024391215530415074,0.5620149536784199,"[0.5936446063622769,0.35525421613488256,0.05110117750284063]",1
v3.1,c530bf2cab2728a7,fermi,independent,5,0.7,exact,1,1.0253506112128268e-12,-0.0020287416736147687,0.5573491876477298,"[0.5929062810869788,0.35596154714713524,0.05113217176588585]",1
v3.1,c530bf2cab2728a7,fermi,independent,5,1.0,classical,1,2.5206037400491954e-17,-0.00444773351293614,0.6033940355444983,"[0.5952060514993919,0.3542470555425059,0.05054689295810218]",1
v3.1,c530bf2cab2728a7,fermi,independent,5,1.0,variance_tail,1,1.6425536606350108e-17,0.0015609303624825807,0.46430163399041813,"[0.5952060514993919,0.3542470555425059,0.05054689295810218]",0
v3.1,c530bf2cab2728a7,fermi,independent,5,1.0,moment3_tail,1,1.018698452936117e-11,0.0025134080939823653,0.47805642955905453,"[0.5859074613014369,0.36207046314117897,0.052022075557384]",0
v3.1,c530bf2cab2728a7,fermi,independent,5,1.0,moment5_tail,1,1.270373479030857e-11,-0.0032968952424368564,0.5534684291231187,"[0.5961587844727113,0.35238606034934816,0.05145515517794053]",1
v3.1,c530bf2cab2728a7,fermi,independent,5,1.0,exact,1,1.5871332656045692e-14,-0.0005947899300339649,0.5231521486246781,"[0.5914422809745055,0.3568945414905464,0.05166317753494804]",1
v3.1,c530bf2cab2728a7,fermi,independent,5,1.4,classical,1,2.5206037400491954e-17,-0.00444773351293614,0.6033940355444983,"[0.5952060514993919,0.3542470555425059,0.05054689295810218]",1
v3.1,c530bf2cab2728a7,fermi,independent,5,1.4,variance_tail,1,1.0206751104435635e-17,0.00732924768314301,0.29643717991398305,"[0.5952060514993919,0.3542470555425059,0.05054689295810218]",0
v3.1,c530bf2cab2728a7,fermi,independent,5,1.4,moment3_tail,1,1.510539942217339e-15,0.009442180854885332,0.31039287732970766,"[0.5592595294151973,0.3866506309544572,0.05408983963034557]",0
v3.1,c530bf2cab2728a7,fermi,independent,5,1.4,moment5_tail,1,2.2047208884636835e-14,-0.01385486516171977,0.6219640848412173,"[0.6082982726375327,0.34018951667250735,0.051512210689959856]",1
v3.1,c530bf2cab2728a7,fermi,independent,5,1.4,exact,1,4.554844353746065e-13,0.0009090545369955794,0.4774339375163631,"[0.5896734461287944,0.35779572175541197,0.052530832115793645]",0
v3.1,c530bf2cab2728a7,fermi,independent,10,0.05,classical,1,2.5206037400491954e-17,-0.00444773351293614,0.6033940355444983,"[0.5952060514993919,0.3542470555425059,0.05054689295810218]",1
v3.1,c530bf2cab2728a7,fermi,independent,10,0.05,variance_tail,1,2.3698577941714817e-17,-0.004440222683360508,0.6032320137847655,"[0.5952060514993919,0.3542470555425059,0.05054689295810218]",1
v3.1,c530bf2cab2728a7,fermi,independent,10,0.05,moment3_tail,1,4.2454646557860114e-16,-0.004439691889209056,0.6032408626937015,"[0.5952020314677965,0.3542502579835696,0.050547710548633856]",1
v3.1,c530bf2cab2728a7,fermi,independent,10,0.05,moment5_tail,1,4.0952632411281423e-16,-0.004439700245938066,0.6032409828729395,"[0.5952020375764427,0.35425025222594453,0.05054771019761277]",1
v3.1,c530bf2cab2728a7,fermi,independent,10,0.05,exact,1,4.1658936966897064e-16,-0.004439700265256259,0.6032409827241637,"[0.5952020375660395,0.3542502522359576,0.050547710198002964]",1
v3.1,c530bf2cab2728a7,fermi,independent,10,0.1,classical,1,2.5206037400491954e-17,-0.00444773351293614,0.6033940355444983,"[0.5952060514993919,0.3542470555425059,0.05054689295810218]",1
v3.1,c530bf2cab2728a7,fermi,independent,10,0.1,variance_tail,1,2.367063429314991e-17,-0.004417690193827352,0.6027458100865991,"[0.5952060514993919,0.3542470555425059,0.05054689295810218]",1
v3.1,c530bf2cab2728a7,fermi,independent,10,0.1,moment3_tail,1,2.669877450166886e-14,-0.004415565549466087,0.6027812039907529,"[0.5951899525524276,0.3542598829614389,0.05055016448613347]",1
v3.1,c530bf2cab2728a7,fermi,independent,10,0.1,moment5_tail,1,2.6432254700399374e-14,-0.004415699781889708,0.6027831277021851,"[0.595190050479935,0.3542597906565212,0.05055015886354378]",1
v3.1,c530bf2cab2728a7,fermi,independent,10,0.1,exact,1,2.6432880372201643e-14,-0.004415699105199518,0.602783118820764,"[0.5951900498167139,0.3542597912948698,0.05055015888841632]",1
v3.1,c530bf2cab2728a7,fermi,independent,10,0.2,classical,1,2.5206037400491954e-17,-0.00444773351293614,0.6033940355444983,"[0.5952060514993919,0.3542470555425059,0.05054689295810218]",1
v3.1,c530bf2cab2728a7,fermi,independent,10,0.2,variance_tail,1,2.355889293032904e-17,-0.004327560235693452,0.6007989100318408,"[0.5952060514993919,0.3542470555425059,0.05054689295810218]",1
v3.1,c530bf2cab2728a7,fermi,independent,10,0.2,moment3_tail,1,7.750058332931651e-17,-0.004319039582192694,0.6009404572057379,"[0.59514135260633,0.35429864960734003,0.050559997786329934]",1
v3.1,c530bf2cab2728a7,fermi,independent,10,0.2,moment5_tail,1,3.989699061571179e-17,-0.0043211879252153945,0.6009713074586416,"[0.5951429315562382,0.35429716101910036,0.05055990742466149]",1
v3.1,c530bf2cab2728a7,fermi,independent,10,0.2,exact,1,3.443952408735804e-17,-0.004321145371579946,0.600970747327851,"[0.5951428897532737,0.3542972012548481,0.05055990899187815]",1
v3.1,c530bf2cab2728a7,fermi,independent,10,0.3,classical,1,2.5206037400491954e-17,-0.00444773351293614,0.6033940355444983,"[0.5952060514993919,0.3542470555425059,0.05054689295810218]",1
v3.1,c530bf2cab2728a7,fermi,independent,10,0.3,variance_tail,1,2.3372777129158714e-17,-0.004177343638804024,0.5975465918418337,"[0.5952060514993919,0.3542470555425059,0.05054689295810218]",1
v3.1,c530bf2cab2728a7,fermi,independent,10,0.3,moment3_tail,1,9.830485267144489e-16,-0.0041580895511359045,0.5978649639009629,"[0.595059326299719,0.35436422419598007,0.05057644950430099]",1
v3.1,c530bf2cab2728a7,fermi,independent,10,0.3,moment5_tail,1,1.0011351527072375e-15,-0.004168969727351715,0.5980217383019076,"[0.5950674219288336,0.3543565894003413,0.05057598867082522]",1
v3.1,c530bf2cab2728a7,fermi,independent,10,0.3,exact,1,1.027853602509962e-15,-0.004168498487760207,0.5980155112922932,"[0.5950669572714405,0.3543570366448632,0.05057600608369634]",1
v3.1,c530bf2cab2728a7,fermi,independent,10,0.5,classical,1,2.5206037400491954e-17,-0.00444773351293614,0.6033940355444983,"[0.5952060514993919,0.3542470555425059,0.05054689295810218]",1
v3.1,c530bf2cab2728a7,fermi,independent,10,0.5,variance_tail,1,2.2778252363181885e-17,-0.0036966505287578666,0.5870746266263094,"[0.5952060514993919,0.3542470555425059,0.05054689295810218]",1
v3.1,c530bf2cab2728a7,fermi,independent,10,0.5,moment3_tail,1,5.526837485635559e-14,-0.003642422867255593,0.5879579587988013,"[0.5947878441218635,0.35458252109500016,0.05062963478313641]",1
v3.1,c530bf2cab2728a7,fermi,independent,10,0.5,moment5_tail,1,5.860750521088421e-14,-0.0037264882944371205,0.5891821386036956,"[0.59485282840914,0.3545211759035413,0.05062599568731867]",1
v3.1,c530bf2cab2728a7,fermi,independent,10,0.5,exact,1,5.774949915878715e-14,-0.003717197841803896,0.5890579423111247,"[0.5948435553445713,0.35453010165613863,0.050626342999289926]",1
v3.1,c530bf2cab2728a7,fermi,independent,10,0.7,classical,1,2.5206037400491954e-17,-0.00444773351293614,0.6033940355444983,"[0.5952060514993919,0.3542470555425059,0.05054689295810218]",1
v3.1,c530bf2cab2728a7,fermi,independent,10,0.7,variance_tail,1,2.1889681273154857e-17,-0.0029756108636883223,0.5711727227649587,"[0.5952060514993919,0.3542470555425059,0.05054689295810218]",1
v3.1,c530bf2cab2728a7,fermi,independent,10,0.7,moment3_tail,1,1.1309347055113134e-15,-0.002867081243087072,0.5729005279435707,"[0.5943527067673048,0.3549362718090175,0.0507110214236777]",1
v3.1,c530bf2cab2728a7,fermi,independent,10,0.7,moment5_tail,1,8.17646654526564e-13,-0.003190674826018758,0.5776841567658878,"[0.5946166602909682,0.3546867736319285,0.05069656607710321]",1
v3.1,c530bf2cab2728a7,fermi,independent,10,0.7,exact,1,1.2435599848254673e-15,-0.003128088459028157,0.576834107009644,"[0.5945530440831334,0.3547480044169224,0.05069895149994416]",1
v3.1,c530bf2cab2728a7,fermi,independent,10,1.0,classical,1,2.5206037400491954e-17,-0.00444773351293614,0.6033940355444983,"[0.5952060514993919,0.3542470555425059,0.05054689295810218]",1
v3.1,c530bf2cab2728a7,fermi,independent,10,1.0,variance_tail,1,2.0016435241510925e-17,-0.0014434015754162324,0.5365210799044432,"[0.5952060514993919,0.3542470555425059,0.05054689295810218]",1
v3.1,c530bf2cab2728a7,fermi,independent,10,1.0,moment3_tail,1,2.9866145971598643e-14,-0.0012116440429172752,0.5400252784985095,"[0.5932953180942102,0.3558136789390726,0.050891002966717155]",1
v3.1,c530bf2cab2728a7,fermi,independent,10,1.0,moment5_tail,1,3.068238808617268e-14,-0.00256494799458341,0.5605967899194164,"[0.5945131287545946,0.35466009389874237,0.050826777346663125]",1
v3.1,c530bf2cab2728a7,fermi,independent,10,1.0,exact,1,3.504882869213246e-14,-0.0021279525156715044,0.5545122881305016,"[0.5940567884860531,0.35509914899600303,0.050844062517943836]",1
v3.1,c530bf2cab2728a7,fermi,independent,10,1.4,classical,1,2.5206037400491954e-17,-0.00444773351293614,0.6033940355444983,"[0.5952060514993919,0.3542470555425059,0.05054689295810218]",1
v3.1,c530bf2cab2728a7,fermi,independent,10,1.4,variance_tail,1,1.6566415595187552e-17,0.0014407570848609282,0.46732355994724606,"[0.5952060514993919,0.3542470555425059,0.05054689295810218]",0
v3.1,c530bf2cab2728a7,fermi,independent,10,1.4,moment3_tail,1,1.7945426484220284e-13,0.0019387553753357142,0.47399028831165513,"[0.5905883006626345,0.3581497855909022,0.0512619137464633]",0
v3.1,c530bf2cab2728a7,fermi,independent,10,1.4,moment5_tail,1,2.757195294529964e-13,-0.003296854892492606,0.5563621530502967,"[0.5959115813795054,0.35309737920585443,0.050991039414640144]",1
v3.1,c530bf2cab2728a7,fermi,independent,10,1.4,exact,1,6.941633018548293e-13,-0.0008137073753041388,0.5214155472323425,"[0.5933803170663269,0.35552770854565385,0.05109197438801914]",1
v3.1,c530bf2cab2728a7,fermi,independent,20,0.05,classical,1,2.5206037400491954e-17,-0.00444773351293614,0.6033940355444983,"[0.5952060514993919,0.3542470555425059,0.05054689295810218]",1
v3.1,c530bf2cab2728a7,fermi,independent,20,0.05,variance_tail,1,2.3703235537591403e-17,-0.004443978098282918,0.6033130275455248,"[0.5952060514993919,0.3542470555425059,0.05054689295810218]",1
v3.1,c530bf2cab2728a7,fermi,independent,20,0.05,moment3_tail,1,1.989501724414777e-17,-0.004443845438721568,0.6033152397881626,"[0.5952050466823388,0.35424785597458436,0.050547097343076955]",1
v3.1,c530bf2cab2728a7,fermi,independent,20,0.05,moment5_tail,1,1.2474642490294291e-17,-0.00444384747539988,0.6033152719848851,"[0.5952050474750027,0.35424785522603275,0.0505470972989646]",1
v3.1,c530bf2cab2728a7,fermi,independent,20,0.05,exact,1,3.08809093235627e-17,-0.004443847434370381,0.603315271963351,"[0.595205047474281,0.3542478552267286,0.050547097298990394]",1
v3.1,c530bf2cab2728a7,fermi,independent,20,0.1,classical,1,2.5206037400491954e-17,-0.00444773351293614,0.6033940355444983,"[0.5952060514993919,0.3542470555425059,0.05054689295810218]",1
v3.1,c530bf2cab2728a7,fermi,independent,20,0.1,variance_tail,1,2.3689263024987277e-17,-0.004432711853516666,0.6030699689677346,"[0.5952060514993919,0.3542470555425059,0.05054689295810218]",1
v3.1,c530bf2cab2728a7,fermi,independent,20,0.1,moment3_tail,1,4.233467919557464e-16,-0.004432180913254778,0.6030788177073104,"[0.5952020298221976,0.3542502595404136,0.05054771063738869]",1
v3.1,c530bf2cab2728a7,fermi,independent,20,0.1,moment5_tail,1,4.0305710366209256e-16,-0.004432212972131089,0.6030793329822157,"[0.5952020425174421,0.3542502475513577,0.05054770993120011]",1
v3.1,c530bf2cab2728a7,fermi,independent,20,0.1,exact,1,4.0767377190838833e-16,-0.004432212883399948,0.6030793317203472,"[0.5952020424713657,0.3542502475957875,0.05054770993284695]",1
v3.1,c530bf2cab2728a7,fermi,independent,20,0.2,classical,1,2.5206037400491954e-17,-0.00444773351293614,0.6033940355444983,"[0.5952060514993919,0.3542470555425059,0.05054689295810218]",1
v3.1,c530bf2cab2728a7,fermi,independent,20,0.2,variance_tail,1,2.3633381248102367e-17,-0.004387646874451451,0.602097214813879,"[0.5952060514993919,0.3542470555425059,0.05054689295810218]",1
v3.1,c530bf2cab2728a7,fermi,independent,20,0.2,moment3_tail,1,2.6727877146049917e-14,-0.004385519844358608,0.6021326058776972,"[0.595189926118159,0.3542599079727057,0.05055016590913521]",1
v3.1,c530bf2cab2728a7,fermi,independent,20,0.2,moment5_tail,1,2.6150613878204673e-14,-0.004386032299011598,0.6021408594602351,"[0.5951901300499618,0.35425971536494005,0.05055015458509812]",1
v3.1,c530bf2cab2728a7,fermi,independent,20,0.2,exact,1,2.6146428397772743e-14,-0.004386026942644172,0.6021407792658596,"[0.5951901271265371,0.3542597181838841,0.05055015468957884]",1
v3.1,c530bf2cab2728a7,fermi,independent,20,0.3,classical,1,2.5206037400491954e-17,-0.00444773351293614,0.6033940355444983,"[0.5952060514993919,0.3542470555425059,0.05054689295810218]",1
v3.1,c530bf2cab2728a7,fermi,independent,20,0.3,variance_tail,1,2.354027457395616e-17,-0.004312538576009557,0.6004741008253277,"[0.5952060514993919,0.3542470555425059,0.05054689295810218]",1
v3.1,c530bf2cab2728a7,fermi,independent,20,0.3,moment3_tail,1,3.3722069676634186e-17,-0.0043077409652160295,0.600553715919682,"[0.5951696233308076,0.35427611116436153,0.05055426550483097]",1
v3.1,c530bf2cab2728a7,fermi,independent,20,0.3,moment5_tail,1,3.436656454777896e-17,-0.004310335400000094,0.6005955756463285,"[0.595170662552396,0.35427512948180934,0.050554207965794636]",1
v3.1,c530bf2cab2728a7,fermi,independent,20,0.3,exact,1,2.7809786521475255e-17,-0.004310275689603821,0.6005946745410666,"[0.5951706297199669,0.35427516114092794,0.05055420913910512]",1
v3.1,c530bf2cab2728a7,fermi,independent,20,0.5,classical,1,2.5206037400491954e-17,-0.00444773351293614,0.6033940355444983,"[0.5952060514993919,0.3542470555425059,0.05054689295810218]",1
v3.1,c530bf2cab2728a7,fermi,independent,20,0.5,variance_tail,1,2.324258681323812e-17,-0.004072192020995034,0.595264332354718,"[0.5952060514993919,0.3542470555425059,0.05054689295810218]",1
v3.1,c530bf2cab2728a7,fermi,independent,20,0.5,moment3_tail,1,2.3579958749532983e-16,-0.004058759733057513,0.5954853494334368,"[0.5951035390484584,0.3543290132621467,0.05056744768939486]",1
v3.1,c530bf2cab2728a7,fermi,independent,20,0.5,moment5_tail,1,2.275856647002174e-16,-0.004078788303034854,0.5958102048582095,"[0.5951117259514382,0.35432127554228915,0.0505669985062727]",1
v3.1,c530bf2cab2728a7,fermi,independent,20,0.5,exact,1,2.1798098845379482e-16,-0.004077568061301877,0.5957916756610785,"[0.5951110516508193,0.35432192574893856,0.05056702260024212]",1
v3.1,c530bf2cab2728a7,fermi,independent,20,0.7,classical,1,2.5206037400491954e-17,-0.00444773351293614,0.6033940355444983,"[0.5952060514993919,0.3542470555425059,0.05054689295810218]",1
v3.1,c530bf2cab2728a7,fermi,independent,20,0.7,variance_tail,1,2.279680633410037e-17,-0.0037116721884736595,0.5874033983255379,"[0.5952060514993919,0.3542470555425059,0.05054689295810218]",1
v3.1,c530bf2cab2728a7,fermi,independent,20,0.7,moment3_tail,1,3.2075237195858553e-15,-0.0036850292469630536,0.5878361634124325,"[0.5950010925063827,0.3544115013873065,0.05058740610631095]",1
v3.1,c530bf2cab2728a7,fermi,independent,20,0.7,moment5_tail,1,3.4083496006402994e-15,-0.0037620283348006114,0.5890947224819413,"[0.5950335091220795,0.3543808402807071,0.05058565059721335]",1
v3.1,c530bf2cab2728a7,fermi,independent,20,0.7,exact,1,3.3887273435781013e-15,-0.003753434804638231,0.5889629995340298,"[0.5950287186180597,0.35438545958326134,0.05058582179867891]",1
v3.1,c530bf2cab2728a7,fermi,independent,20,1.0,classical,1,2.5206037400491954e-17,-0.00444773351293614,0.6033940355444983,"[0.5952060514993919,0.3542470555425059,0.05054689295810218]",1
v3.1,c530bf2cab2728a7,fermi,independent,20,1.0,variance_tail,1,2.185274705092354e-17,-0.002945567544365559,0.5705048525373423,"[0.5952060514993919,0.3542470555425059,0.05054689295810218]",1
v3.1,c530bf2cab2728a7,fermi,independent,20,1.0,moment3_tail,1,4.9515148003676555e-14,-0.0028897824755314064,0.5713858814790547,"[0.5947689871452534,0.35460042466703023,0.050630588187716395]",1
v3.1,c530bf2cab2728a7,fermi,independent,20,1.0,moment5_tail,1,5.5639863421695823e-14,-0.0032109647324874493,0.5767183872248944,"[0.5949124037830236,0.3544645810807817,0.050623015136194625]",1
v3.1,c530bf2cab2728a7,fermi,independent,20,1.0,exact,1,5.43268449882456e-14,-0.0031465372617195744,0.5757134122043684,"[0.5948758227529426,0.35449985238565496,0.05062432486140237]",1
v3.1,c530bf2cab2728a7,fermi,independent,20,1.4,classical,1,2.5206037400491954e-17,-0.00444773351293614,0.6033940355444983,"[0.5952060514993919,0.3542470555425059,0.05054689295810218]",1
v3.1,c530bf2cab2728a7,fermi,independent,20,1.4,variance_tail,1,2.0089461134638064e-17,-0.0015034882142802054,0.5379040275496823,"[0.5952060514993919,0.3542470555425059,0.05054689295810218]",1
v3.1,c530bf2cab2728a7,fermi,independent,20,1.4,moment3_tail,1,8.216347040093385e-16,-0.0013885692934594365,0.5396192596247839,"[0.5942690709125863,0.3550159485615239,0.05071498052588986]",1
v3.1,c530bf2cab2728a7,fermi,independent,20,1.4,moment5_tail,1,5.209676875334603e-13,-0.0026255547181549856,0.560699493704158,"[0.5948764286172981,0.3544394744816592,0.050684096901042634]",1
v3.1,c530bf2cab2728a7,fermi,independent,20,1.4,exact,1,6.842035190514747e-13,-0.0022261004804694368,0.5543170964215562,"[0.5946442081392684,0.35466329790372764,0.0506924939570039]",1
v3.1,c530bf2cab2728a7,fermi,independent,inf,0.05,classical,1,2.5206037400491954e-17,-0.00444773351293614,0.6033940355444983,"[0.5952060514993919,0.3542470555425059,0.05054689295810218]",1
v3.1,c530bf2cab2728a7,fermi,independent,inf,0.05,variance_tail,1,2.3707893225071155e-17,-0.0044477335132052445,0.6033940355442132,"[0.5952060514993919,0.3542470555425059,0.05054689295810218]",1
v3.1,c530bf2cab2728a7,fermi,independent,inf,0.05,moment3_tail,1,2.3707893234182162e-17,-0.0044477335132052445,0.6033940355442132,"[0.5952060514993919,0.3542470555425059,0.05054689295810218]",1
v3.1,c530bf2cab2728a7,fermi,independent,inf,0.05,moment5_tail,1,2.3707893234182162e-17,-0.0044477335132052445,0.6033940355442132,"[0.5952060514993919,0.3542470555425059,0.05054689295810218]",1
v3.1,c530bf2cab2728a7,fermi,independent,inf,0.05,exact,1,2.3707893225071155e-17,-0.004447733513205279,0.6033940355442138,"[0.5952060514993919,0.3542470555425059,0.05054689295810218]",1
v3.1,c530bf2cab2728a7,fermi,independent,inf,0.1,classical,1,2.5206037400491954e-17,-0.00444773351293614,0.6033940355444983,"[0.5952060514993919,0.3542470555425059,0.05054689295810218]",1
v3.1,c530bf2cab2728a7,fermi,independent,inf,0.1,variance_tail,1,2.3707893225071155e-17,-0.004447733513206167,0.6033940355442001,"[0.5952060514993919,0.3542470555425059,0.05054689295810218]",1
v3.1,c530bf2cab2728a7,fermi,independent,inf,0.1,moment3_tail,1,2.370789326151517e-17,-0.004447733513206167,0.6033940355442001,"[0.5952060514993919,0.3542470555425059,0.05054689295810218]",1
v3.1,c530bf2cab2728a7,fermi,independent,inf,0.1,moment5_tail,1,2.370789326151518e-17,-0.004447733513206167,0.6033940355442001,"[0.5952060514993919,0.3542470555425059,0.05054689295810218]",1
v3.1,c530bf2cab2728a7,fermi,independent,inf,0.1,exact,1,2.3707893225071155e-17,-0.004447733513206167,0.6033940355442001,"[0.5952060514993919,0.3542470555425059,0.05054689295810218]",1
v3.1,c530bf2cab2728a7,fermi,independent,inf,0.2,classical,1,2.5206037400491954e-17,-0.00444773351293614,0.6033940355444983,"[0.5952060514993919,0.3542470555425059,0.05054689295810218]",1
v3.1,c530bf2cab2728a7,fermi,independent,inf,0.2,variance_tail,1,2.3707893225071155e-17,-0.0044477335132095674,0.6033940355441455,"[0.5952060514993919,0.3542470555425059,0.05054689295810218]",1
v3.1,c530bf2cab2728a7,fermi,independent,inf,0.2,moment3_tail,1,2.3707893370847217e-17,-0.0044477335132095674,0.6033940355441455,"[0.5952060514993919,0.3542470555425059,0.05054689295810218]",1
v3.1,c530bf2cab2728a7,fermi,independent,inf,0.2,moment5_tail,1,2.3707893370847353e-17,-0.0044477335132095674,0.6033940355441455,"[0.5952060514993919,0.3542470555425059,0.05054689295810218]",1
v3.1,c530bf2cab2728a7,fermi,independent,inf,0.2,exact,1,2.3707893225071155e-17,-0.0044477335132095674,0.6033940355441455,"[0.5952060514993919,0.3542470555425059,0.05054689295810218]",1
v3.1,c530bf2cab2728a7,fermi,independent,inf,0.3,classical,1,2.5206037400491954e-17,-0.00444773351293614,0.6033940355444983,"[0.5952060514993919,0.3542470555425059,0.05054689295810218]",1
v3.1,c530bf2cab2728a7,fermi,independent,inf,0.3,variance_tail,1,2.3707893225071155e-17,-0.00444773351321525,0.6033940355440546,"[0.5952060514993919,0.3542470555425059,0.05054689295810218]",1
v3.1,c530bf2cab2728a7,fermi,independent,inf,0.3,moment3_tail,1,2.3707893553067298e-17,-0.00444773351321525,0.6033940355440546,"[0.5952060514993919,0.3542470555425059,0.05054689295810218]",1
v3.1,c530bf2cab2728a7,fermi,independent,inf,0.3,moment5_tail,1,2.3707893553067985e-17,-0.00444773351321525,0.6033940355440546,"[0.5952060514993919,0.3542470555425059,0.05054689295810218]",1
v3.1,c530bf2cab2728a7,fermi,independent,inf,0.3,exact,1,2.3707893225071155e-17,-0.00444773351321525,0.6033940355440546,"[0.5952060514993919,0.3542470555425059,0.05054689295810218]",1
v3.1,c530bf2cab2728a7,fermi,independent,inf,0.5,classical,1,2.5206037400491954e-17,-0.00444773351293614,0.6033940355444983,"[0.5952060514993919,0.3542470555425059,0.05054689295810218]",1
v3.1,c530bf2cab2728a7,fermi,independent,inf,0.5,variance_tail,1,2.3707893225071155e-17,-0.004447733513232577,0.603394035543763,"[0.5952060514993919,0.3542470555425059,0.05054689295810218]",1
v3.1,c530bf2cab2728a7,fermi,independent,inf,0.5,moment3_tail,1,2.3707894136171582e-17,-0.004447733513232577,0.603394035543763,"[0.5952060514993919,0.3542470555425059,0.05054689295810218]",1
v3.1,c530bf2cab2728a7,fermi,independent,inf,0.5,moment5_tail,1,2.3707894136176886e-17,-0.004447733513232577,0.603394035543763,"[0.5952060514993919,0.3542470555425059,0.05054689295810218]",1
v3.1,c530bf2cab2728a7,fermi,independent,inf,0.5,exact,1,2.3707893225071155e-17,-0.004447733513232771,0.6033940355437633,"[0.5952060514993919,0.3542470555425059,0.05054689295810218]",1
v3.1,c530bf2cab2728a7,fermi,independent,inf,0.7,classical,1,2.5206037400491954e-17,-0.00444773351293614,0.6033940355444983,"[0.5952060514993919,0.3542470555425059,0.05054689295810218]",1
v3.1,c530bf2cab2728a7,fermi,independent,inf,0.7,variance_tail,1,2.3707893225071155e-17,-0.004447733513259174,0.6033940355433269,"[0.5952060514993919,0.3542470555425059,0.05054689295810218]",1
v3.1,c530bf2cab2728a7,fermi,independent,inf,0.7,moment3_tail,1,2.3707895010828103e-17,-0.004447733513259174,0.6033940355433269,"[0.5952060514993919,0.3542470555425059,0.05054689295810218]",1
v3.1,c530bf2cab2728a7,fermi,independent,inf,0.7,moment5_tail,1,2.3707895010848472e-17,-0.004447733513259174,0.6033940355433269,"[0.5952060514993919,0.3542470555425059,0.05054689295810218]",1
v3.1,c530bf2cab2728a7,fermi,independent,inf,0.7,exact,1,2.3707893225071155e-17,-0.004447733513259174,0.6033940355433269,"[0.5952060514993919,0.3542470555425059,0.05054689295810218]",1
v3.1,c530bf2cab2728a7,fermi,independent,inf,1.0,classical,1,2.5206037400491954e-17,-0.00444773351293614,0.6033940355444983,"[0.5952060514993919,0.3542470555425059,0.05054689295810218]",1
v3.1,c530bf2cab2728a7,fermi,independent,inf,1.0,variance_tail,1,2.3707893225071155e-17,-0.00444773351331542,0.6033940355423995,"[0.5952060514993919,0.3542470555425059,0.05054689295810218]",1
v3.1,c530bf2cab2728a7,fermi,independent,inf,1.0,moment3_tail,1,2.3707896869473565e-17,-0.00444773351331542,0.6033940355423995,"[0.5952060514993919,0.3542470555425059,0.05054689295810218]",1
v3.1,c530bf2cab2728a7,fermi,independent,inf,1.0,moment5_tail,1,2.3707896869558407e-17,-0.00444773351331542,0.6033940355423995,"[0.5952060514993919,0.3542470555425059,0.05054689295810218]",1
v3.1,c530bf2cab2728a7,fermi,independent,inf,1.0,exact,1,2.3707893225071155e-17,-0.00444773351331542,0.6033940355423995,"[0.5952060514993919,0.3542470555425059,0.05054689295810218]",1
v3.1,c530bf2cab2728a7,fermi,independent,inf,1.4,classical,1,2.5206037400491954e-17,-0.00444773351293614,0.6033940355444983,"[0.5952060514993919,0.3542470555425059,0.05054689295810218]",1
v3.1,c530bf2cab2728a7,fermi,independent,inf,1.4,variance_tail,1,2.3707893225071155e-17,-0.004447733513420905,0.6033940355406535,"[0.5952060514993919,0.3542470555425059,0.05054689295810218]",1
v3.1,c530bf2cab2728a7,fermi,independent,inf,1.4,moment3_tail,1,2.3707900368101638e-17,-0.004447733513420905,0.6033940355406535,"[0.5952060514993919,0.3542470555425059,0.05054689295810218]",1
v3.1,c530bf2cab2728a7,fermi,independent,inf,1.4,moment5_tail,1,2.3707900368427573e-17,-0.004447733513420905,0.6033940355406535,"[0.5952060514993919,0.3542470555425059,0.05054689295810218]",1
v3.1,c530bf2cab2728a7,fermi,independent,inf,1.4,exact,1,2.3707893225071155e-17,-0.004447733513421016,0.6033940355406533,"[0.5952060514993919,0.3542470555425059,0.05054689295810218]",1
v3.1,c530bf2cab2728a7,fermi,common,1,0.05,classical,1,2.5206037400491954e-17,-0.00444773351293614,0.6033940355444983,"[0.5952060514993919,0.3542470555425059,0.05054689295810218]",1
v3.1,c530bf2cab2728a7,fermi,common,1,0.05,variance_tail,1,7.665408284503604e-18,-0.004370127016618965,0.6014776805384368,"[0.5952060514993919,0.354247055542506,0.05054689295810217]",1
v3.1,c530bf2cab2728a7,fermi,common,1,0.05,moment3_tail,1,3.722064895641402e-14,-0.004461956823135084,0.602964478030662,"[0.5945515750409719,0.3546155016683005,0.05083292329072766]",1
v3.1,c530bf2cab2728a7,fermi,common,1,0.05,moment5_tail,1,3.5873306842582416e-14,-0.004461499233425044,0.6029652691899956,"[0.5945553127916269,0.3546139209550565,0.05083076625331659]",1
v3.1,c530bf2cab2728a7,fermi,common,1,0.05,exact,1,3.587303894604287e-14,-0.004461504070713447,0.6029652677423378,"[0.5945552921588512,0.3546139253296227,0.05083078251152605]",1
v3.1,c530bf2cab2728a7,fermi,common,1,0.1,classical,1,2.5206037400491954e-17,-0.00444773351293614,0.6033940355444983,"[0.5952060514993919,0.3542470555425059,0.05054689295810218]",1
v3.1,c530bf2cab2728a7,fermi,common,1,0.1,variance_tail,1,7.546051322976343e-18,-0.004137307312369443,0.5957143419426653,"[0.5952060514993919,0.354247055542506,0.05054689295810217]",1
v3.1,c530bf2cab2728a7,fermi,common,1,0.1,moment3_tail,1,2.2608236899113292e-14,-0.0045052163045505855,0.6016754767309254,"[0.5925665490687831,0.3557240224225658,0.0517094285086511]",1
v3.1,c530bf2cab2728a7,fermi,common,1,0.1,moment5_tail,1,1.8318792965132636e-14,-0.004497772211767101,0.6016879530143693,"[0.5926273561338069,0.3556988196340872,0.051673824232105786]",1
v3.1,c530bf2cab2728a7,fermi,common,1,0.1,exact,1,1.8430581476369217e-14,-0.004498076701402391,0.6016878679395454,"[0.5926260340642983,0.355699092590418,0.0516748733452837]",1
v3.1,c530bf2cab2728a7,fermi,common,1,0.2,classical,1,2.5206037400491954e-17,-0.00444773351293614,0.6033940355444983,"[0.5952060514993919,0.3542470555425059,0.05054689295810218]",1
v3.1,c530bf2cab2728a7,fermi,common,1,0.2,variance_tail,1,7.068625654616399e-18,-0.003206028495371674,0.5724353475347949,"[0.5952060514993919,0.354247055542506,0.05054689295810217]",1
v3.1,c530bf2cab2728a7,fermi,common,1,0.2,moment3_tail,1,8.957025927733944e-14,-0.004687188163505086,0.5965229576282614,"[0.5842856672453312,0.3601989761054283,0.055515356649240566]",1
v3.1,c530bf2cab2728a7,fermi,common,1,0.2,moment5_tail,1,2.5816751117050583e-14,-0.004560624569617172,0.5967085637977019,"[0.585324403177748,0.3598033274800267,0.05487226934222533]",1
v3.1,c530bf2cab2728a7,fermi,common,1,0.2,exact,1,2.9461249261117065e-14,-0.004579337366039209,0.596704909133958,"[0.585239621082975,0.3598190895165909,0.05494128940043408]",1
v3.1,c530bf2cab2728a7,fermi,common,1,0.3,classical,1,2.5206037400491954e-17,-0.00444773351293614,0.6033940355444983,"[0.5952060514993919,0.3542470555425059,0.05054689295810218]",1
v3.1,c530bf2cab2728a7,fermi,common,1,0.3,variance_tail,1,6.272925669302567e-18,-0.0016538971337085803,0.53273194556933,"[0.5952060514993919,0.354247055542506,0.05054689295810217]",1
v3.1,c530bf2cab2728a7,fermi,common,1,0.3,moment3_tail,1,2.4043362717470003e-13,-0.005021800551947987,0.5880392142594,"[0.5691232973351283,0.367730994702292,0.06314570796257958]",1
v3.1,c530bf2cab2728a7,fermi,common,1,0.3,moment5_tail,1,3.348082652162665e-15,-0.004329491178490734,0.5888184975973256,"[0.5749573530238357,0.3658258898491398,0.0592167571270246]",1
v3.1,c530bf2cab2728a7,fermi,common,1,0.3,exact,1,9.205632065268005e-15,-0.004524898661924952,0.5888035236493943,"[0.5739995571292066,0.36597813495591913,0.060022307914874354]",1
v3.1,c530bf2cab2728a7,fermi,common,1,0.5,classical,1,2.5206037400491954e-17,-0.00444773351293614,0.6033940355444983,"[0.5952060514993919,0.3542470555425059,0.05054689295810218]",1
v3.1,c530bf2cab2728a7,fermi,common,1,0.5,variance_tail,1,3.726846650187212e-18,0.0033129232236130714,0.39435386679885265,"[0.5952060514993919,0.354247055542506,0.05054689295810217]",0
v3.1,c530bf2cab2728a7,fermi,common,1,0.5,moment3_tail,1,1.0149627576702283e-13,-0.006119029680520721,0.5675807590441209,"[0.5040566545547229,0.388682976834025,0.10726036861125214]",1
v3.1,c530bf2cab2728a7,fermi,common,1,0.5,moment5_tail,1,3.5132165722645137e-17,-0.0008017399225524469,0.5665871199582566,"[0.5628729419422083,0.3783356795895218,0.05879137846826996]",1
v3.1,c530bf2cab2728a7,fermi,common,1,0.5,exact,1,1.1085785628194686e-16,-0.003427089974761384,0.5661556377199495,"[0.5450956693127795,0.38111011815954154,0.07379421252767893]",1
v3.1,c530bf2cab2728a7,fermi,common,1,0.7,classical,1,2.5206037400491954e-17,-0.00444773351293614,0.6033940355444983,"[0.5952060514993919,0.3542470555425059,0.05054689295810218]",1
v3.1,c530bf2cab2728a7,fermi,common,1,0.7,variance_tail,1,1.2253383886817672e-19,0.05848301538772893,0.0,"[0.5952060514993919,0.354247055542506,0.05054689295810217]",0
v3.1,c530bf2cab2728a7,fermi,common,1,0.7,moment3_tail,0,0.0,,,"[1.0,3.145786255287217e-171,2.0828237971362132e-182]",
v3.1,c530bf2cab2728a7,fermi,common,1,0.7,moment5_tail,1,2.40304355961418e-16,0.005459666851590432,0.5516481707906299,"[0.6022236251339325,0.3647832167788073,0.03299315808726028]",0
v3.1,c530bf2cab2728a7,fermi,common,1,0.7,exact,1,2.1437508488198287e-12,-0.0009806414551921591,0.5375143249506236,"[0.5151049062124171,0.3953619497737313,0.08953314401385158]",1
v3.1,c530bf2cab2728a7,fermi,common,1,1.0,classical,1,2.5206037400491954e-17,-0.00444773351293614,0.6033940355444983,"[0.5952060514993919,0.3542470555425059,0.05054689295810218]",1
v3.1,c530bf2cab2728a7,fermi,common,1,1.0,variance_tail,1,8.210713489235834e-18,0.4733221974871294,0.0,"[0.5952060514993919,0.354247055542506,0.05054689295810217]",0
v3.1,c530bf2cab2728a7,fermi,common,1,1.0,moment3_tail,0,0.0,,,"[1.0,4.986605048830254e-170,1.6835904600987677e-169]",
v3.1,c530bf2cab2728a7,fermi,common,1,1.0,moment5_tail,1,1.3071864511417825e-13,0.006206576878852607,0.5710775655034206,"[0.771582298203005,0.22012610887137354,0.00829159292562154]",0
v3.1,c530bf2cab2728a7,fermi,common,1,1.0,exact,1,3.77862082373674e-13,0.0032994790402467583,0.4903177740541128,"[0.4779287345951538,0.40945938866312614,0.11261187674171996]",0
v3.1,c530bf2cab2728a7,fermi,common,1,1.4,classical,1,2.5206037400491954e-17,-0.00444773351293614,0.6033940355444983,"[0.5952060514993919,0.3542470555425059,0.05054689295810218]",1
v3.1,c530bf2cab2728a7,fermi,common,1,1.4,variance_tail,1,2.5970722073990628e-17,0.30482615885403513,0.0,"[0.5952060514993919,0.354247055542506,0.05054689295810215]",0
v3.1,c530bf2cab2728a7,fermi,common,1,1.4,moment3_tail,0,0.0,,,"[1.0,3.0798366255043046e-165,8.47862247059707e-164]",
v3.1,c530bf2cab2728a7,fermi,common,1,1.4,moment5_tail,1,2.3672161187766726e-12,0.0013697454734591993,0.6478553244689251,"[0.9190372759861427,0.0791078515126297,0.0018548725012275673]",0
v3.1,c530bf2cab2728a7,fermi,common,1,1.4,exact,1,1.329702223966387e-12,0.007081506115010065,0.4306280068012039,"[0.44499430603968326,0.4151220151023012,0.13988367885801556]",0
v3.1,c530bf2cab2728a7,fermi,common,2,0.05,classical,1,2.5206037400491954e-17,-0.00444773351293614,0.6033940355444983,"[0.5952060514993919,0.3542470555425059,0.05054689295810218]",1
v3.1,c530bf2cab2728a7,fermi,common,2,0.05,variance_tail,1,7.685301130898466e-18,-0.004408930300660696,0.6024361520868826,"[0.5952060514993919,0.354247055542506,0.05054689295810217]",1
v3.1,c530bf2cab2728a7,fermi,common,2,0.05,moment3_tail,1,3.9264352952721925e-14,-0.004431853126374813,0.6028074107651786,"[0.595042608033471,0.3543392501883654,0.05061814177816369]",1
v3.1,c530bf2cab2728a7,fermi,common,2,0.05,moment5_tail,1,3.870181268393412e-14,-0.004431919960257963,0.6028092839199716,"[0.5950434601589574,0.354338601927076,0.05061793791396663]",1
v3.1,c530bf2cab2728a7,fermi,common,2,0.05,exact,1,3.876625302935212e-14,-0.004431919815461545,0.6028092753861253,"[0.5950434564966333,0.3543386046296871,0.050617938873679595]",1
v3.1,c530bf2cab2728a7,fermi,common,2,0.1,classical,1,2.5206037400491954e-17,-0.00444773351293614,0.6033940355444983,"[0.5952060514993919,0.3542470555425059,0.05054689295810218]",1
v3.1,c530bf2cab2728a7,fermi,common,2,0.1,variance_tail,1,7.625622608231408e-18,-0.0042925204485362925,0.5995589618411967,"[0.5952060514993919,0.354247055542506,0.05054689295810217]",1
v3.1,c530bf2cab2728a7,fermi,common,2,0.1,moment3_tail,1,3.725974915591597e-14,-0.004383941582709917,0.6010421079525835,"[0.5945490297399494,0.3546176646576465,0.05083330560240418]",1
v3.1,c530bf2cab2728a7,fermi,common,2,0.1,moment5_tail,1,3.497567312712671e-14,-0.00438501811077853,0.6010722553209015,"[0.5945627708949831,0.35460722158598723,0.05083000751902946]",1
v3.1,c530bf2cab2728a7,fermi,common,2,0.1,exact,1,3.5000176886629633e-14,-0.004385010569020485,0.6010717148002732,"[0.5945625377719554,0.35460739373168226,0.05083006849636229]",1
v3.1,c530bf2cab2728a7,fermi,common,2,0.2,classical,1,2.5206037400491954e-17,-0.00444773351293614,0.6033940355444983,"[0.5952060514993919,0.3542470555425059,0.05054689295810218]",1
v3.1,c530bf2cab2728a7,fermi,common,2,0.2,variance_tail,1,7.386909031771229e-18,-0.0038268810400391914,0.5879957140345137,"[0.5952060514993919,0.354247055542506,0.05054689295810217]",1
v3.1,c530bf2cab2728a7,fermi,common,2,0.2,moment3_tail,1,2.2278907125036705e-14,-0.00418812419538208,0.5938974286880552,"[0.592524586911171,0.3557595516442265,0.0517158614446024]",1
v3.1,c530bf2cab2728a7,fermi,common,2,0.2,moment5_tail,1,3.1443546301257565e-11,-0.004205840326719133,0.5943911320471833,"[0.5927513559845891,0.35558791873055434,0.05166072528485658]",1
v3.1,c530bf2cab2728a7,fermi,common,2,0.2,exact,1,3.2024739484148275e-11,-0.004205311762937161,0.5943578933413193,"[0.592736745136691,0.35559872839099094,0.05166452647231804]",1
v3.1,c530bf2cab2728a7,fermi,common,2,0.3,classical,1,2.5206037400491954e-17,-0.00444773351293614,0.6033940355444983,"[0.5952060514993919,0.3542470555425059,0.05054689295810218]",1
v3.1,c530bf2cab2728a7,fermi,common,2,0.3,variance_tail,1,6.989055081433692e-18,-0.00305081535921024,0.568518380182625,"[0.5952060514993919,0.354247055542506,0.05054689295810217]",1
v3.1,c530bf2cab2728a7,fermi,common,2,0.3,moment3_tail,1,2.1607473360722065e-16,-0.0038459488179061058,0.5816758909301807,"[0.5889605174404748,0.357769468473991,0.053270014085534084]",1
v3.1,c530bf2cab2728a7,fermi,common,2,0.3,moment5_tail,1,2.9783159071681394e-12,-0.003939808761242558,0.584271129387179,"[0.5901675787132218,0.3568622881023531,0.05297013318442517]",1
v3.1,c530bf2cab2728a7,fermi,common,2,0.3,exact,1,3.390859664619772e-12,-0.00393322363255999,0.5839146127743956,"[0.5900065652765624,0.35698155275291316,0.05301188197052449]",1
v3.1,c530bf2cab2728a7,fermi,common,2,0.5,classical,1,2.5206037400491954e-17,-0.00444773351293614,0.6033940355444983,"[0.5952060514993919,0.3542470555425059,0.05054689295810218]",1
v3.1,c530bf2cab2728a7,fermi,common,2,0.5,variance_tail,1,5.7159449700951e-18,-0.0005674051805583183,0.5041444095282595,"[0.5952060514993919,0.354247055542506,0.05054689295810217]",1
v3.1,c530bf2cab2728a7,fermi,common,2,0.5,moment3_tail,1,1.3000088522376053e-15,-0.002589741259547501,0.5394551881919962,"[0.5756270983524009,0.3652767174770314,0.0590961841705677]",1
v3.1,c530bf2cab2728a7,fermi,common,2,0.5,moment5_tail,1,1.0540121321472281e-13,-0.00341523885241031,0.5617664237311166,"[0.5864021008627939,0.357366494563078,0.05623140457412814]",1
v3.1,c530bf2cab2728a7,fermi,common,2,0.5,exact,1,4.966663414182131e-13,-0.0032616799306199942,0.5552916105299394,"[0.5832906512285516,0.3596598575333314,0.057049491238116964]",1
v3.1,c530bf2cab2728a7,fermi,common,2,0.7,classical,1,2.5206037400491954e-17,-0.00444773351293614,0.6033940355444983,"[0.5952060514993919,0.3542470555425059,0.05054689295810218]",1
v3.1,c530bf2cab2728a7,fermi,common,2,0.7,variance_tail,1,3.806404726221364e-18,0.0031577100874196767,0.3990543001449393,"[0.5952060514993919,0.354247055542506,0.05054689295810217]",0
v3.1,c530bf2cab2728a7,fermi,common,2,0.7,moment3_tail,1,3.509399050753668e-14,1.320954977347688e-05,0.4632366739448837,"[0.5473028580549085,0.38106184501524015,0.07163529692985131]",0
v3.1,c530bf2cab2728a7,fermi,common,2,0.7,moment5_tail,1,8.393788350403388e-15,-0.0036723234759784493,0.5597228632645005,"[0.5963346542169397,0.34638651207436333,0.057278833708696866]",1
v3.1,c530bf2cab2728a7,fermi,common,2,0.7,exact,1,2.7956850831369995e-14,-0.002657836231157805,0.5216284850680826,"[0.5769702122925993,0.3604828787468678,0.06254690896053287]",1
v3.1,c530bf2cab2728a7,fermi,common,2,1.0,classical,1,2.5206037400491954e-17,-0.00444773351293614,0.6033940355444983,"[0.5952060514993919,0.3542470555425059,0.05054689295810218]",1
v3.1,c530bf2cab2728a7,fermi,common,2,1.0,variance_tail,1,2.6484608717373334e-19,0.10023503682290114,0.0,"[0.5952060514993919,0.354247055542506,0.05054689295810217]",0
v3.1,c530bf2cab2728a7,fermi,common,2,1.0,moment3_tail,0,1.3168283939748558e-159,,,"[9.40635202127959e-162,1.0,7.154977283299579e-159]",
v3.1,c530bf2cab2728a7,fermi,common,2,1.0,moment5_tail,1,9.2061614650324e-15,-0.006720278049917684,0.6427197340244428,"[0.6607365172436086,0.29228225437022487,0.046981228386166515]",1
v3.1,c530bf2cab2728a7,fermi,common,2,1.0,exact,1,5.083671363788512e-15,-0.002171623064315918,0.470919602752791,"[0.5707946601325475,0.3565270909188658,0.07267824894858657]",1
v3.1,c530bf2cab2728a7,fermi,common,2,1.4,classical,1,2.5206037400491954e-17,-0.00444773351293614,0.6033940355444983,"[0.5952060514993919,0.3542470555425059,0.05054689295810218]",1
v3.1,c530bf2cab2728a7,fermi,common,2,1.4,variance_tail,1,7.892426411862766e-18,0.4679748335692485,0.0,"[0.5952060514993919,0.354247055542506,0.05054689295810217]",0
v3.1,c530bf2cab2728a7,fermi,common,2,1.4,moment3_tail,0,4.557341003982694e-153,,,"[1.0,7.443121929427802e-153,6.147165537071533e-153]",
v3.1,c530bf2cab2728a7,fermi,common,2,1.4,moment5_tail,1,1.0201562111844239e-10,-0.014680803797238358,0.8447070765607079,"[0.7592997860602662,0.2147098348206807,0.025990379119053084]",1
v3.1,c530bf2cab2728a7,fermi,common,2,1.4,exact,1,5.898281410521429e-12,-0.0021703597772064,0.4121022066156226,"[0.5682591499703586,0.343885182244922,0.08785566778471936]",1
v3.1,c530bf2cab2728a7,fermi,common,3,0.05,classical,1,2.5206037400491954e-17,-0.00444773351293614,0.6033940355444983,"[0.5952060514993919,0.3542470555425059,0.05054689295810218]",1
v3.1,c530bf2cab2728a7,fermi,common,3,0.05,variance_tail,1,7.691932080909726e-18,-0.004421864728674646,0.6027555117744137,"[0.5952060514993919,0.354247055542506,0.05054689295810217]",1
v3.1,c530bf2cab2728a7,fermi,common,3,0.05,moment3_tail,1,1.5071505581609944e-15,-0.004432053106346465,0.6029205094466766,"[0.5951334451878356,0.3542880200339201,0.05057853477824417]",1
v3.1,c530bf2cab2728a7,fermi,common,3,0.05,moment5_tail,1,1.5001531710786138e-15,-0.004432107530213988,0.6029216669304729,"[0.5951337356213646,0.3542877836004384,0.050578480778197044]",1
v3.1,c530bf2cab2728a7,fermi,common,3,0.05,exact,1,1.5172568684280453e-15,-0.0044321074079151715,0.6029216632512869,"[0.5951337344553574,0.35428778460928967,0.05057848093535291]",1
v3.1,c530bf2cab2728a7,fermi,common,3,0.1,classical,1,2.5206037400491954e-17,-0.00444773351293614,0.6033940355444983,"[0.5952060514993919,0.3542470555425059,0.05054689295810218]",1
v3.1,c530bf2cab2728a7,fermi,common,3,0.1,variance_tail,1,7.652146389955228e-18,-0.004344258160592043,0.6008383713910227,"[0.5952060514993919,0.354247055542506,0.05054689295810217]",1
v3.1,c530bf2cab2728a7,fermi,common,3,0.1,moment3_tail,1,3.9400255949627274e-13,-0.004384898263369241,0.6014974504572069,"[0.594914610410353,0.3544115944723945,0.05067379511725253]",1
v3.1,c530bf2cab2728a7,fermi,common,3,0.1,moment5_tail,1,3.7981523403633585e-13,-0.004385771273012887,0.6015160269602423,"[0.5949192842678157,0.3544077899688751,0.050672925763309264]",1
v3.1,c530bf2cab2728a7,fermi,common,3,0.1,exact,1,3.800105079634658e-13,-0.004385761090336754,0.6015157930585101,"[0.5949192101055377,0.3544078541246782,0.050672935769784135]",1
v3.1,c530bf2cab2728a7,fermi,common,3,0.2,classical,1,2.5206037400491954e-17,-0.00444773351293614,0.6033940355444983,"[0.5952060514993919,0.3542470555425059,0.05054689295810218]",1
v3.1,c530bf2cab2728a7,fermi,common,3,0.2,variance_tail,1,7.493003850463758e-18,-0.004033831888261563,0.5931458669109638,"[0.5952060514993919,0.354247055542506,0.05054689295810217]",1
v3.1,c530bf2cab2728a7,fermi,common,3,0.2,moment3_tail,1,6.733052736856707e-13,-0.004194547476993507,0.5957674430330211,"[0.5940237133252475,0.3549163416351595,0.051059945039593026]",1
v3.1,c530bf2cab2728a7,fermi,common,3,0.2,moment5_tail,1,5.740894923594778e-13,-0.004208686139477037,0.5960682870787442,"[0.5941002237253938,0.35485408714145633,0.05104568913314992]",1
v3.1,c530bf2cab2728a7,fermi,common,3,0.2,exact,1,5.786108459761854e-13,-0.004208050003161108,0.5960537717001876,"[0.5940955908255078,0.3548580917277768,0.05104631744671532]",1
v3.1,c530bf2cab2728a7,fermi,common,3,0.3,classical,1,2.5206037400491954e-17,-0.00444773351293614,0.6033940355444983,"[0.5952060514993919,0.3542470555425059,0.05054689295810218]",1
v3.1,c530bf2cab2728a7,fermi,common,3,0.3,variance_tail,1,7.227767133472091e-18,-0.0035164547677110844,0.5802365980298374,"[0.5952060514993919,0.354247055542506,0.05054689295810217]",1
v3.1,c530bf2cab2728a7,fermi,common,3,0.3,moment3_tail,1,2.1923756223392646e-14,-0.003870921499909488,0.5860785696355434,"[0.5924809466926745,0.3557966682134836,0.051722385093841916]",1
v3.1,c530bf2cab2728a7,fermi,common,3,0.3,moment5_tail,1,2.8144278270929193e-11,-0.0039439294691068424,0.5876319477684179,"[0.5928829307104284,0.35546983862547915,0.051647230664092415]",1
v3.1,c530bf2cab2728a7,fermi,common,3,0.3,exact,1,2.929845764397714e-11,-0.00393692982285232,0.5874743490304184,"[0.5928321481742655,0.35551365936719875,0.05165419245853575]",1
v3.1,c530bf2cab2728a7,fermi,common,3,0.5,classical,1,2.5206037400491954e-17,-0.00444773351293614,0.6033940355444983,"[0.5952060514993919,0.3542470555425059,0.05054689295810218]",1
v3.1,c530bf2cab2728a7,fermi,common,3,0.5,variance_tail,1,6.379018192294422e-18,-0.0018608479819490036,0.5380981361584004,"[0.5952060514993919,0.354247055542506,0.05054689295810217]",1
v3.1,c530bf2cab2728a7,fermi,common,3,0.5,moment3_tail,1,1.9800159290147188e-15,-0.002775993277601342,0.5537882082583007,"[0.5869874697393134,0.358993879541151,0.05401865071953557]",1
v3.1,c530bf2cab2728a7,fermi,common,3,0.5,moment5_tail,1,9.481926810780286e-17,-0.0033729370444932905,0.5664964907025167,"[0.5904475497228098,0.3561907571757498,0.05336169310144038]",1
v3.1,c530bf2cab2728a7,fermi,common,3,0.5,exact,1,2.527807192741528e-16,-0.003238747489043195,0.5635469314107897,"[0.5894764713224616,0.35702251807021596,0.053501010607322375]",1
v3.1,c530bf2cab2728a7,fermi,common,3,0.7,classical,1,2.5206037400491954e-17,-0.00444773351293614,0.6033940355444983,"[0.5952060514993919,0.3542470555425059,0.05054689295810218]",1
v3.1,c530bf2cab2728a7,fermi,common,3,0.7,variance_tail,1,5.1059306432173295e-18,0.0006225621966944629,0.47192284976004933,"[0.5952060514993919,0.354247055542506,0.05054689295810217]",0
v3.1,c530bf2cab2728a7,fermi,common,3,0.7,moment3_tail,1,1.5163589722870862e-16,-0.0009222849193612596,0.5008323279904265,"[0.5766435634895782,0.3652636388644316,0.05809279764599011]",1
v3.1,c530bf2cab2728a7,fermi,common,3,0.7,moment5_tail,1,4.182162042075873e-15,-0.003374944839831119,0.5532278352266873,"[0.5918123783354104,0.35308299705323065,0.055104624611359024]",1
v3.1,c530bf2cab2728a7,fermi,common,3,0.7,exact,1,6.923942662344642e-14,-0.0025270592611618646,0.5347563824894034,"[0.5856543152660083,0.35828034015867916,0.0560653445753125]",1
v3.1,c530bf2cab2728a7,fermi,common,3,1.0,classical,1,2.5206037400491954e-17,-0.00444773351293614,0.6033940355444983,"[0.5952060514993919,0.3542470555425059,0.05054689295810218]",1
v3.1,c530bf2cab2728a7,fermi,common,3,1.0,variance_tail,1,2.4010497755076334e-18,0.0058998088263110485,0.30986303160509915,"[0.5952060514993919,0.354247055542506,0.05054689295810217]",0
v3.1,c530bf2cab2728a7,fermi,common,3,1.0,moment3_tail,1,1.3341159511573774e-13,0.004659264037575838,0.3553732668097261,"[0.5365374919924222,0.39221786607353465,0.07124464193404309]",0
v3.1,c530bf2cab2728a7,fermi,common,3,1.0,moment5_tail,1,1.5335233934489126e-17,-0.006496598492280674,0.594963660300488,"[0.6131621794295653,0.3322102052218349,0.0546276153485998]",1
v3.1,c530bf2cab2728a7,fermi,common,3,1.0,exact,1,2.7515048024755116e-15,-0.001737478251090229,0.48996577164828375,"[0.5796742599732295,0.35933924908529635,0.06098649094147423]",1
v3.1,c530bf2cab2728a7,fermi,common,3,1.4,classical,1,2.5206037400491954e-17,-0.00444773351293614,0.6033940355444983,"[0.5952060514993919,0.3542470555425059,0.05054689295810218]",1
v3.1,c530bf2cab2728a7,fermi,common,3,1.4,variance_tail,1,2.6942509030029905e-18,0.3089074342747128,0.0,"[0.5952060514993919,0.354247055542506,0.05054689295810217]",0
v3.1,c530bf2cab2728a7,fermi,common,3,1.4,moment3_tail,0,1.4222002044865525e-157,,,"[1.0,1.2532683045393938e-158,1.6861061353795045e-157]",
v3.1,c530bf2cab2728a7,fermi,common,3,1.4,moment5_tail,1,3.912272593159485e-17,-0.01916098400485474,0.8180847365533102,"[0.6654701050525096,0.28962895209804307,0.044900942849447324]",1
v3.1,c530bf2cab2728a7,fermi,common,3,1.4,exact,1,4.862087874401317e-13,-0.0013478271374424353,0.4353002367519168,"[0.5709726831490244,0.35998838941641625,0.0690389274345594]",1
v3.1,c530bf2cab2728a7,fermi,common,5,0.05,classical,1,2.5206037400491954e-17,-0.00444773351293614,0.6033940355444983,"[0.5952060514993919,0.3542470555425059,0.05054689295810218]",1
v3.1,c530bf2cab2728a7,fermi,common,5,0.05,variance_tail,1,7.6972368413536e-18,-0.0044322122710856796,0.6030109525458786,"[0.5952060514993919,0.354247055542506,0.05054689295810217]",1
v3.1,c530bf2cab2728a7,fermi,common,5,0.05,moment3_tail,1,2.964379486743754e-17,-0.00443588094672967,0.6030703575480831,"[0.5951799245640848,0.35426179662331864,0.05055827881259662]",1
v3.1,c530bf2cab2728a7,fermi,common,5,0.05,moment5_tail,1,4.134101812983836e-17,-0.004435907349347859,0.6030708779074442,"[0.5951799938398565,0.35426173791096194,0.05055826824918155]",1
v3.1,c530bf2cab2728a7,fermi,common,5,0.05,exact,1,2.8025792551490913e-17,-0.004435907317366525,0.6030708767608624,"[0.5951799936294646,0.3542617381057089,0.05055826826482647]",1
v3.1,c530bf2cab2728a7,fermi,common,5,0.1,classical,1,2.5206037400491954e-17,-0.00444773351293614,0.6033940355444983,"[0.5952060514993919,0.3542470555425059,0.05054689295810218]",1
v3.1,c530bf2cab2728a7,fermi,common,5,0.1,variance_tail,1,7.673365422404959e-18,-0.004385648330236566,0.6018611399102498,"[0.5952060514993919,0.354247055542506,0.05054689295810217]",1
v3.1,c530bf2cab2728a7,fermi,common,5,0.1,moment3_tail,1,6.598836401221149e-15,-0.004400292856607979,0.6020985023210849,"[0.5951013152130821,0.3543061906441639,0.05059249414275395]",1
v3.1,c530bf2cab2728a7,fermi,common,5,0.1,moment5_tail,1,6.4174348165827095e-15,-0.00440071616182864,0.6021068400020708,"[0.59510242784346,0.3543052475482979,0.05059232460824208]",1
v3.1,c530bf2cab2728a7,fermi,common,5,0.1,exact,1,6.461238480227693e-15,-0.004400712267712069,0.6021067682561172,"[0.5951024144601318,0.3543052599326414,0.050592325607226755]",1
v3.1,c530bf2cab2728a7,fermi,common,5,0.2,classical,1,2.5206037400491954e-17,-0.00444773351293614,0.6033940355444983,"[0.5952060514993919,0.3542470555425059,0.05054689295810218]",1
v3.1,c530bf2cab2728a7,fermi,common,5,0.2,variance_tail,1,7.577879826187718e-18,-0.004199392566839551,0.5972533472354719,"[0.5952060514993919,0.354247055542506,0.05054689295810217]",1
v3.1,c530bf2cab2728a7,fermi,common,5,0.2,moment3_tail,1,3.966552418862063e-15,-0.004257481717974208,0.598198657418681,"[0.5947834031036241,0.3544863675183797,0.05073022937799609]",1
v3.1,c530bf2cab2728a7,fermi,common,5,0.2,moment5_tail,1,3.6130253010463044e-15,-0.004264285624890125,0.5983328362798038,"[0.5948014754424356,0.3544710411560468,0.0507274834015177]",1
v3.1,c530bf2cab2728a7,fermi,common,5,0.2,exact,1,3.638193076319669e-15,-0.004264045036353789,0.5983283572255403,"[0.5948006389621823,0.35447181426807167,0.050727546769746064]",1
v3.1,c530bf2cab2728a7,fermi,common,5,0.3,classical,1,2.5206037400491954e-17,-0.00444773351293614,0.6033940355444983,"[0.5952060514993919,0.3542470555425059,0.05054689295810218]",1
v3.1,c530bf2cab2728a7,fermi,common,5,0.3,variance_tail,1,7.418737459388897e-18,-0.0038889662945114506,0.5895426276546918,"[0.5952060514993919,0.354247055542506,0.05054689295810217]",1
v3.1,c530bf2cab2728a7,fermi,common,5,0.3,moment3_tail,1,2.3313698660245404e-13,-0.004017803543214772,0.5916538977369428,"[0.5942408211418189,0.35479622453888326,0.05096295431929802]",1
v3.1,c530bf2cab2728a7,fermi,common,5,0.3,moment5_tail,1,1.89945540258957e-13,-0.0040525025328357195,0.5923396777465149,"[0.5943345949692053,0.35471663686801386,0.05094876816278094]",1
v3.1,c530bf2cab2728a7,fermi,common,5,0.3,exact,1,1.9254374640408475e-13,-0.004049870504338013,0.5922906419534405,"[0.5943254163686323,0.3547251037151569,0.050949479916210745]",1
v3.1,c530bf2cab2728a7,fermi,common,5,0.5,classical,1,2.5206037400491954e-17,-0.00444773351293614,0.6033940355444983,"[0.5952060514993919,0.3542470555425059,0.05054689295810218]",1
v3.1,c530bf2cab2728a7,fermi,common,5,0.5,variance_tail,1,6.909484624186417e-18,-0.0028956022230611812,0.5645902159658212,"[0.5952060514993919,0.354247055542506,0.05054689295810217]",1
v3.1,c530bf2cab2728a7,fermi,common,5,0.5,moment3_tail,1,2.1314706330655325e-14,-0.0032361627568035997,0.5703115018468271,"[0.5923881829467431,0.3558761001328288,0.05173571692042807]",1
v3.1,c530bf2cab2728a7,fermi,common,5,0.5,moment5_tail,1,2.203901086724773e-11,-0.0035099730683925134,0.575758871874382,"[0.5931676890733837,0.3552132318408323,0.05161907908578406]",1
v3.1,c530bf2cab2728a7,fermi,common,5,0.5,exact,1,2.4726254414082108e-11,-0.0034597712154707944,0.5748206489573976,"[0.5929908609421629,0.3553754011964003,0.05163373786143678]",1
v3.1,c530bf2cab2728a7,fermi,common,5,0.7,classical,1,2.5206037400491954e-17,-0.00444773351293614,0.6033940355444983,"[0.5952060514993919,0.3542470555425059,0.05054689295810218]",1
v3.1,c530bf2cab2728a7,fermi,common,5,0.7,variance_tail,1,6.145615019351805e-18,-0.0014055561158858865,0.526260515423688,"[0.5952060514993919,0.354247055542506,0.05054689295810217]",1
v3.1,c530bf2cab2728a7,fermi,common,5,0.7,moment3_tail,1,2.4372563055374624e-12,-0.0020171927254580974,0.5370250142154185,"[0.5892153570251767,0.35780085386229793,0.05298378911252545]",1
v3.1,c530bf2cab2728a7,fermi,common,5,0.7,moment5_tail,1,3.5010165401437323e-13,-0.003100500146189261,0.5587688124945628,"[0.5925154428404031,0.35499129793509937,0.05249325922449755]",1
v3.1,c530bf2cab2728a7,fermi,common,5,0.7,exact,1,6.395220900478789e-13,-0.002775801691061279,0.5526685674589128,"[0.5913592055506761,0.35604280152344786,0.05259799292587606]",1
v3.1,c530bf2cab2728a7,fermi,common,5,1.0,classical,1,2.5206037400491954e-17,-0.00444773351293614,0.6033940355444983,"[0.5952060514993919,0.3542470555425059,0.05054689295810218]",1
v3.1,c530bf2cab2728a7,fermi,common,5,1.0,variance_tail,1,4.522455169182165e-18,0.0017607918618615485,0.4400232698973851,"[0.5952060514993919,0.354247055542506,0.05054689295810217]",0
v3.1,c530bf2cab2728a7,fermi,common,5,1.0,moment3_tail,1,7.388977701212719e-14,0.0008132941563320957,0.459641534367655,"[0.5801315679064962,0.3637834893299685,0.056084942763535255]",0
v3.1,c530bf2cab2728a7,fermi,common,5,1.0,moment5_tail,1,1.939808392423848e-17,-0.003893836573963229,0.5554653125882965,"[0.5960035077407904,0.35032981039148503,0.05366668186772463]",1
v3.1,c530bf2cab2728a7,fermi,common,5,1.0,exact,1,1.6763563242598984e-15,-0.0018066657659928098,0.5160910269795043,"[0.5887227820915928,0.35681556922150737,0.054461648686899886]",1
v3.1,c530bf2cab2728a7,fermi,common,5,1.4,classical,1,2.5206037400491954e-17,-0.00444773351293614,0.6033940355444983,"[0.5952060514993919,0.3542470555425059,0.05054689295810218]",1
v3.1,c530bf2cab2728a7,fermi,common,5,1.4,variance_tail,1,1.4681907587470177e-18,0.0077209762905630485,0.23902552522463416,"[0.5952060514993919,0.354247055542506,0.05054689295810217]",0
v3.1,c530bf2cab2728a7,fermi,common,5,1.4,moment3_tail,1,7.404538726967425e-15,0.008741403778990724,0.23980715606294786,"[0.530490455577026,0.40437785342291127,0.0651316910000627]",0
v3.1,c530bf2cab2728a7,fermi,common,5,1.4,moment5_tail,1,1.714101714682632e-13,-0.010920786459782943,0.6544977279220195,"[0.6132907480765637,0.3336796795613083,0.05302957236212801]",1
v3.1,c530bf2cab2728a7,fermi,common,5,1.4,exact,1,1.7816012612527175e-13,-0.0008576571417852237,0.46852285796080995,"[0.5852226879468044,0.35726267817958474,0.05751463387361076]",1
v3.1,c530bf2cab2728a7,fermi,common,10,0.05,classical,1,2.5206037400491954e-17,-0.00444773351293614,0.6033940355444983,"[0.5952060514993919,0.3542470555425059,0.05054689295810218]",1
v3.1,c530bf2cab2728a7,fermi,common,10,0.05,variance_tail,1,7.701215411939652e-18,-0.004439972927894033,0.6032025057551332,"[0.5952060514993919,0.354247055542506,0.05054689295810217]",1
v3.1,c530bf2cab2728a7,fermi,common,10,0.05,moment3_tail,1,6.89075498020644e-15,-0.004440890306302424,0.6032173592171686,"[0.5951995220643708,0.3542507392266343,0.050549738708995026]",1
v3.1,c530bf2cab2728a7,fermi,common,10,0.05,moment5_tail,1,6.9047407480241055e-15,-0.0044408981578551235,0.6032175102127586,"[0.5951995313356013,0.3542507311730524,0.05054973749134626]",1
v3.1,c530bf2cab2728a7,fermi,common,10,0.05,exact,1,6.912300475495828e-15,-0.004440898182235968,0.6032175100272859,"[0.5951995313191756,0.3542507311887719,0.05054973749205259]",1
v3.1,c530bf2cab2728a7,fermi,common,10,0.1,classical,1,2.5206037400491954e-17,-0.00444773351293614,0.6033940355444983,"[0.5952060514993919,0.3542470555425059,0.05054689295810218]",1
v3.1,c530bf2cab2728a7,fermi,common,10,0.1,variance_tail,1,7.689279700832671e-18,-0.004416690957469709,0.6026277757341263,"[0.5952060514993919,0.354247055542506,0.05054689295810217]",1
v3.1,c530bf2cab2728a7,fermi,common,10,0.1,moment3_tail,1,4.097812857485725e-17,-0.004420356348096913,0.6026871516725242,"[0.5951799043471916,0.35426181382758326,0.05055828182522523]",1
v3.1,c530bf2cab2728a7,fermi,common,10,0.1,moment5_tail,1,5.148425963522301e-17,-0.004420482068221175,0.6026895689982941,"[0.5951800529895384,0.3542616846924434,0.050558262318018306]",1
v3.1,c530bf2cab2728a7,fermi,common,10,0.1,exact,1,5.5254109876347283e-17,-0.0044204814427541775,0.6026895571463867,"[0.5951800519426222,0.35426168569415983,0.050558262363217955]",1
v3.1,c530bf2cab2728a7,fermi,common,10,0.2,classical,1,2.5206037400491954e-17,-0.00444773351293614,0.6033940355444983,"[0.5952060514993919,0.3542470555425059,0.05054689295810218]",1
v3.1,c530bf2cab2728a7,fermi,common,10,0.2,variance_tail,1,7.641536876082346e-18,-0.004323563075773147,0.6003267344146157,"[0.5952060514993919,0.354247055542506,0.05054689295810217]",1
v3.1,c530bf2cab2728a7,fermi,common,10,0.2,moment3_tail,1,6.6224299298829e-15,-0.004338155329502699,0.6005636311029368,"[0.5951009891318456,0.3543064683121568,0.05059254255599767]",1
v3.1,c530bf2cab2728a7,fermi,common,10,0.2,moment5_tail,1,6.322335015167139e-15,-0.004340168683606732,0.6006024021395127,"[0.5951033867839035,0.3543043843666043,0.050592228849492236]",1
v3.1,c530bf2cab2728a7,fermi,common,10,0.2,exact,1,6.334957803759041e-15,-0.004340127026808714,0.6006016555494347,"[0.5951033208579408,0.3543044474014055,0.050592231740653734]",1
v3.1,c530bf2cab2728a7,fermi,common,10,0.3,classical,1,2.5206037400491954e-17,-0.00444773351293614,0.6033940355444983,"[0.5952060514993919,0.3542470555425059,0.05054689295810218]",1
v3.1,c530bf2cab2728a7,fermi,common,10,0.3,variance_tail,1,7.561965572751644e-18,-0.004168349939611765,0.5964840384727151,"[0.5952060514993919,0.354247055542506,0.05054689295810217]",1
v3.1,c530bf2cab2728a7,fermi,common,10,0.3,moment3_tail,1,1.704662097255572e-13,-0.004200919934418304,0.5970147718508704,"[0.5949678588207346,0.3543821811139949,0.05064996006527063]",1
v3.1,c530bf2cab2728a7,fermi,common,10,0.3,moment5_tail,1,1.5440473903928938e-13,-0.00421113174761565,0.5972118366530058,"[0.5949801604228693,0.35437148111572014,0.05064835846141061]",1
v3.1,c530bf2cab2728a7,fermi,common,10,0.3,exact,1,1.5509650147342767e-13,-0.0042106706326481905,0.5972035488769737,"[0.5949794286720916,0.35437217997848897,0.05064839134941944]",1
v3.1,c530bf2cab2728a7,fermi,common,10,0.5,classical,1,2.5206037400491954e-17,-0.00444773351293614,0.6033940355444983,"[0.5952060514993919,0.3542470555425059,0.05054689295810218]",1
v3.1,c530bf2cab2728a7,fermi,common,10,0.5,variance_tail,1,7.307338031904003e-18,-0.0036716679038953787,0.5841213176877393,"[0.5952060514993919,0.354247055542506,0.05054689295810217]",1
v3.1,c530bf2cab2728a7,fermi,common,10,0.5,moment3_tail,1,3.7277947867322554e-14,-0.003759759978776242,0.5855750781951059,"[0.5945277544549462,0.354635834404345,0.05083641114070887]",1
v3.1,c530bf2cab2728a7,fermi,common,10,0.5,moment5_tail,1,2.835444401545154e-14,-0.0038390257110735154,0.5871147576191685,"[0.5946266997930418,0.3545495817977245,0.05082371840923365]",1
v3.1,c530bf2cab2728a7,fermi,common,10,0.5,exact,1,2.9071393574652565e-14,-0.0038299286587476986,0.5869501313750087,"[0.5946121516648268,0.35456342980689853,0.05082441852827472]",1
v3.1,c530bf2cab2728a7,fermi,common,10,0.7,classical,1,2.5206037400491954e-17,-0.00444773351293614,0.6033940355444983,"[0.5952060514993919,0.3542470555425059,0.05054689295810218]",1
v3.1,c530bf2cab2728a7,fermi,common,10,0.7,variance_tail,1,6.925398706169221e-18,-0.0029266448503210904,0.5653767557506478,"[0.5952060514993919,0.354247055542506,0.05054689295810217]",1
v3.1,c530bf2cab2728a7,fermi,common,10,0.7,moment3_tail,1,1.0937347960445713e-12,-0.00309203615547074,0.5681646014310444,"[0.5938237747224865,0.3550520508096312,0.05112417446788232]",1
v3.1,c530bf2cab2728a7,fermi,common,10,0.7,moment5_tail,1,6.174058950529527e-13,-0.0033991400102598296,0.5741852634631677,"[0.5942266931234905,0.35469983884644984,0.05107346803005962]",1
v3.1,c530bf2cab2728a7,fermi,common,10,0.7,exact,1,6.894663236606933e-13,-0.0033377549241179957,0.5730640598179271,"[0.5941273365072716,0.35479400064471583,0.05107866284801271]",1
v3.1,c530bf2cab2728a7,fermi,common,10,1.0,classical,1,2.5206037400491954e-17,-0.00444773351293614,0.6033940355444983,"[0.5952060514993919,0.3542470555425059,0.05054689295810218]",1
v3.1,c530bf2cab2728a7,fermi,common,10,1.0,variance_tail,1,6.113787424027018e-18,-0.0013434708614752829,0.5246370630288641,"[0.5952060514993919,0.354247055542506,0.05054689295810217]",1
v3.1,c530bf2cab2728a7,fermi,common,10,1.0,moment3_tail,1,1.9334751058087723e-14,-0.0016468927537555654,0.53004560849363,"[0.5921178370783835,0.35611128670950487,0.05177087621211162]",1
v3.1,c530bf2cab2728a7,fermi,common,10,1.0,moment5_tail,1,7.336033588271091e-12,-0.0029462401670566074,0.5559524588478619,"[0.5939824570854033,0.35447512199615255,0.051542420918444055]",1
v3.1,c530bf2cab2728a7,fermi,common,10,1.0,exact,1,1.677812670776337e-11,-0.002516788393577187,0.5479968158664815,"[0.5932762110486886,0.3551389739685348,0.05158481498277662]",1
v3.1,c530bf2cab2728a7,fermi,common,10,1.4,classical,1,2.5206037400491954e-17,-0.00444773351293614,0.6033940355444983,"[0.5952060514993919,0.3542470555425059,0.05054689295810218]",1
v3.1,c530bf2cab2728a7,fermi,common,10,1.4,variance_tail,1,4.586106062475824e-18,0.001636621352822179,0.44356156207685454,"[0.5952060514993919,0.354247055542506,0.05054689295810217]",0
v3.1,c530bf2cab2728a7,fermi,common,10,1.4,moment3_tail,1,1.7563415334724377e-12,0.0011948001127427312,0.4529071491993428,"[0.5877419862593823,0.359113022413102,0.05314499132751575]",0
v3.1,c530bf2cab2728a7,fermi,common,10,1.4,moment5_tail,1,5.6475277480342826e-15,-0.003895913790290105,0.5564646445589073,"[0.5958815992654051,0.3519706804255675,0.05214772030902742]",1
v3.1,c530bf2cab2728a7,fermi,common,10,1.4,exact,1,2.2027468417257244e-13,-0.0014741802112998408,0.511455545042708,"[0.5920593875030069,0.3555043904367062,0.052436222060286905]",1
v3.1,c530bf2cab2728a7,fermi,common,20,0.05,classical,1,2.5206037400491954e-17,-0.00444773351293614,0.6033940355444983,"[0.5952060514993919,0.3542470555425059,0.05054689295810218]",1
v3.1,c530bf2cab2728a7,fermi,common,20,0.05,variance_tail,1,7.703204697313927e-18,-0.0044438532562980845,0.6032982735703857,"[0.5952060514993919,0.354247055542506,0.05054689295810217]",1
v3.1,c530bf2cab2728a7,fermi,common,20,0.05,moment3_tail,1,9.14270557619811e-17,-0.0044440826223742375,0.6033019873126239,"[0.5952044194418515,0.3542479762303585,0.050547604327790034]",1
v3.1,c530bf2cab2728a7,fermi,common,20,0.05,moment5_tail,1,1.2770028471001937e-16,-0.0044440847373218295,0.6033020277892303,"[0.5952044206389161,0.3542479751790915,0.05054760418199246]",1
v3.1,c530bf2cab2728a7,fermi,common,20,0.05,exact,1,1.1551446449309e-16,-0.004444084705272383,0.6033020277628761,"[0.5952044206377768,0.35424797518019613,0.05054760418202709]",1
v3.1,c530bf2cab2728a7,fermi,common,20,0.1,classical,1,2.5206037400491954e-17,-0.00444773351293614,0.6033940355444983,"[0.5952060514993919,0.3542470555425059,0.05054689295810218]",1
v3.1,c530bf2cab2728a7,fermi,common,20,0.1,variance_tail,1,7.6972368413536e-18,-0.004432212271086797,0.6030109525458647,"[0.5952060514993919,0.354247055542506,0.05054689295810217]",1
v3.1,c530bf2cab2728a7,fermi,common,20,0.1,moment3_tail,1,6.954580668241969e-15,-0.00443312927585203,0.6030258023751649,"[0.5951995195405213,0.35425074137422236,0.05054973908525639]",1
v3.1,c530bf2cab2728a7,fermi,common,20,0.1,moment5_tail,1,6.908261158848099e-15,-0.004433163172196351,0.6030264502276316,"[0.5951995387137861,0.35425072453504014,0.05054973675117371]",1
v3.1,c530bf2cab2728a7,fermi,common,20,0.1,exact,1,6.866150700847024e-15,-0.004433163073168482,0.6030264485146908,"[0.5951995386410496,0.3542507246055582,0.05054973675339228]",1
v3.1,c530bf2cab2728a7,fermi,common,20,0.2,classical,1,2.5206037400491954e-17,-0.00444773351293614,0.6033940355444983,"[0.5952060514993919,0.3542470555425059,0.05054689295810218]",1
v3.1,c530bf2cab2728a7,fermi,common,20,0.2,variance_tail,1,7.673365422404959e-18,-0.004385648330239654,0.6018611399101951,"[0.5952060514993919,0.354247055542506,0.05054689295810217]",1
v3.1,c530bf2cab2728a7,fermi,common,20,0.2,moment3_tail,1,7.359054951632427e-17,-0.004389307236228331,0.6019204576914434,"[0.5951798637979095,0.35426184834562463,0.05055828785646592]",1
v3.1,c530bf2cab2728a7,fermi,common,20,0.2,moment5_tail,1,4.533789153357166e-17,-0.004389849187392443,0.6019308347513024,"[0.5951801718651584,0.35426157770833133,0.050558250426510326]",1
v3.1,c530bf2cab2728a7,fermi,common,20,0.2,exact,1,4.505941469365631e-17,-0.004389843132495533,0.6019307265340776,"[0.5951801672533422,0.35426158217787,0.0505582505687879]",1
v3.1,c530bf2cab2728a7,fermi,common,20,0.3,classical,1,2.5206037400491954e-17,-0.00444773351293614,0.6033940355444983,"[0.5952060514993919,0.3542470555425059,0.05054689295810218]",1
v3.1,c530bf2cab2728a7,fermi,common,20,0.3,variance_tail,1,7.633579741712039e-18,-0.004308041762161756,0.5999428957651376,"[0.5952060514993919,0.354247055542506,0.05054689295810217]",1
v3.1,c530bf2cab2728a7,fermi,common,20,0.3,moment3_tail,1,6.891928039832575e-16,-0.004316239634946373,0.6000760547493129,"[0.5951469030087333,0.3542805264279064,0.05057257056336033]",1
v3.1,c530bf2cab2728a7,fermi,common,20,0.3,moment5_tail,1,6.301356408636977e-16,-0.004318984400903003,0.6001286846212668,"[0.595148473525642,0.3542791461148843,0.050572380359473666]",1
v3.1,c530bf2cab2728a7,fermi,common,20,0.3,exact,1,6.332387205971853e-16,-0.004318916988348839,0.6001274699117266,"[0.5951484217860029,0.3542791962288824,0.05057238198511483]",1
v3.1,c530bf2cab2728a7,fermi,common,20,0.5,classical,1,2.5206037400491954e-17,-0.00444773351293614,0.6033940355444983,"[0.5952060514993919,0.3542470555425059,0.05054689295810218]",1
v3.1,c530bf2cab2728a7,fermi,common,20,0.5,variance_tail,1,7.506265714706786e-18,-0.004059700744312611,0.5937883942361462,"[0.5952060514993919,0.354247055542506,0.05054689295810217]",1
v3.1,c530bf2cab2728a7,fermi,common,20,0.5,moment3_tail,1,3.974249955205054e-14,-0.004082161632399314,0.5941555501412888,"[0.5950397000164462,0.354341730037817,0.05061856994573681]",1
v3.1,c530bf2cab2728a7,fermi,common,20,0.5,moment5_tail,1,3.460879712456605e-14,-0.004103372948427997,0.5945639967595587,"[0.5950520877589714,0.35433082760311846,0.050617084637910106]",1
v3.1,c530bf2cab2728a7,fermi,common,20,0.5,exact,1,3.488885156762079e-14,-0.004101996645456039,0.5945391062743991,"[0.5950510283050012,0.35433185194684613,0.05061711974815276]",1
v3.1,c530bf2cab2728a7,fermi,common,20,0.7,classical,1,2.5206037400491954e-17,-0.00444773351293614,0.6033940355444983,"[0.5952060514993919,0.3542470555425059,0.05054689295810218]",1
v3.1,c530bf2cab2728a7,fermi,common,20,0.7,variance_tail,1,7.315295127380752e-18,-0.0036871892175384946,0.5845092184795151,"[0.5952060514993919,0.354247055542506,0.05054689295810217]",1
v3.1,c530bf2cab2728a7,fermi,common,20,0.7,moment3_tail,1,5.947090979869917e-13,-0.0037302820920204482,0.5852207572906526,"[0.5948737420920239,0.35443783155180375,0.05068842635617226]",1
v3.1,c530bf2cab2728a7,fermi,common,20,0.7,moment5_tail,1,4.4920420899827017e-13,-0.0038119512035726527,0.5868031675926331,"[0.5949228769031397,0.3543945049173024,0.05068261817955792]",1
v3.1,c530bf2cab2728a7,fermi,common,20,0.7,exact,1,4.647606433616311e-13,-0.0038022754230020647,0.5866270198949657,"[0.5949153772594389,0.35440173844924344,0.05068288429131783]",1
v3.1,c530bf2cab2728a7,fermi,common,20,1.0,classical,1,2.5206037400491954e-17,-0.00444773351293614,0.6033940355444983,"[0.5952060514993919,0.3542470555425059,0.05054689295810218]",1
v3.1,c530bf2cab2728a7,fermi,common,20,1.0,variance_tail,1,6.909484624186417e-18,-0.0028956022231437888,0.5645902159644504,"[0.5952060514993919,0.354247055542506,0.05054689295810217]",1
v3.1,c530bf2cab2728a7,fermi,common,20,1.0,moment3_tail,1,3.695108348680012e-14,-0.0029793727560276616,0.5660066771742119,"[0.594498634974954,0.3546609479823256,0.050840417042720416]",1
v3.1,c530bf2cab2728a7,fermi,common,20,1.0,moment5_tail,1,2.0788671645425067e-14,-0.0033210715127907353,0.5727103048954238,"[0.5947166774385637,0.3544680023489247,0.050815320212511575]",1
v3.1,c530bf2cab2728a7,fermi,common,20,1.0,exact,1,2.3377354647454954e-14,-0.0032487318310130756,0.5713768395008975,"[0.5946597487542119,0.3545226651971117,0.05081758604867637]",1
v3.1,c530bf2cab2728a7,fermi,common,20,1.4,classical,1,2.5206037400491954e-17,-0.00444773351293614,0.6033940355444983,"[0.5952060514993919,0.3542470555425059,0.05054689295810218]",1
v3.1,c530bf2cab2728a7,fermi,common,20,1.4,variance_tail,1,6.145615019351805e-18,-0.0014055561160478819,0.5262605154209838,"[0.5952060514993919,0.354247055542506,0.05054689295810217]",1
v3.1,c530bf2cab2728a7,fermi,common,20,1.4,moment3_tail,1,1.0306728698214234e-12,-0.001553180451683834,0.5288989903665168,"[0.5936934324407376,0.35516596169125936,0.05114060586800312]",1
v3.1,c530bf2cab2728a7,fermi,common,20,1.4,moment5_tail,1,1.9744185813132214e-13,-0.002875689550350273,0.5553721664278198,"[0.5946195706854481,0.35434270869962337,0.05103772061492853]",1
v3.1,c530bf2cab2728a7,fermi,common,20,1.4,exact,1,4.692074142484801e-13,-0.0024289264417238186,0.5470014866099454,"[0.5942619081796214,0.3546836719111727,0.051054419909205825]",1
v3.1,c530bf2cab2728a7,fermi,common,inf,0.05,classical,1,2.5206037400491954e-17,-0.00444773351293614,0.6033940355444983,"[0.5952060514993919,0.3542470555425059,0.05054689295810218]",1
v3.1,c530bf2cab2728a7,fermi,common,inf,0.05,variance_tail,1,7.705193982742313e-18,-0.004447733584702233,0.6033940355297752,"[0.5952060514993919,0.354247055542506,0.05054689295810217]",1
v3.1,c530bf2cab2728a7,fermi,common,inf,0.05,moment3_tail,1,7.705193982742313e-18,-0.004447733584702233,0.6033940355297752,"[0.5952060514993919,0.354247055542506,0.05054689295810217]",1
v3.1,c530bf2cab2728a7,fermi,common,inf,0.05,moment5_tail,1,7.705193982742313e-18,-0.004447733584702233,0.6033940355297752,"[0.5952060514993919,0.354247055542506,0.05054689295810217]",1
v3.1,c530bf2cab2728a7,fermi,common,inf,0.05,exact,1,7.705193982742313e-18,-0.0044477335847022265,0.6033940355297752,"[0.5952060514993919,0.354247055542506,0.05054689295810217]",1
v3.1,c530bf2cab2728a7,fermi,common,inf,0.1,classical,1,2.5206037400491954e-17,-0.00444773351293614,0.6033940355444983,"[0.5952060514993919,0.3542470555425059,0.05054689295810218]",1
v3.1,c530bf2cab2728a7,fermi,common,inf,0.1,variance_tail,1,7.705193982742313e-18,-0.004447733584703115,0.6033940355297613,"[0.5952060514993919,0.354247055542506,0.05054689295810217]",1
v3.1,c530bf2cab2728a7,fermi,common,inf,0.1,moment3_tail,1,7.705193982742313e-18,-0.004447733584703115,0.6033940355297613,"[0.5952060514993919,0.354247055542506,0.05054689295810217]",1
v3.1,c530bf2cab2728a7,fermi,common,inf,0.1,moment5_tail,1,7.705193982742313e-18,-0.004447733584703115,0.6033940355297613,"[0.5952060514993919,0.354247055542506,0.05054689295810217]",1
v3.1,c530bf2cab2728a7,fermi,common,inf,0.1,exact,1,7.705193982742313e-18,-0.004447733584703184,0.6033940355297615,"[0.5952060514993919,0.354247055542506,0.05054689295810217]",1
v3.1,c530bf2cab2728a7,fermi,common,inf,0.2,classical,1,2.5206037400491954e-17,-0.00444773351293614,0.6033940355444983,"[0.5952060514993919,0.3542470555425059,0.05054689295810218]",1
v3.1,c530bf2cab2728a7,fermi,common,inf,0.2,variance_tail,1,7.705193982742313e-18,-0.004447733584706549,0.6033940355297067,"[0.5952060514993919,0.354247055542506,0.05054689295810217]",1
v3.1,c530bf2cab2728a7,fermi,common,inf,0.2,moment3_tail,1,7.705193982742313e-18,-0.004447733584706549,0.6033940355297067,"[0.5952060514993919,0.354247055542506,0.05054689295810217]",1
v3.1,c530bf2cab2728a7,fermi,common,inf,0.2,moment5_tail,1,7.705193982742313e-18,-0.004447733584706549,0.6033940355297067,"[0.5952060514993919,0.354247055542506,0.05054689295810217]",1
v3.1,c530bf2cab2728a7,fermi,common,inf,0.2,exact,1,7.705193982742313e-18,-0.004447733584706473,0.603394035529707,"[0.5952060514993919,0.354247055542506,0.05054689295810217]",1
v3.1,c530bf2cab2728a7,fermi,common,inf,0.3,classical,1,2.5206037400491954e-17,-0.00444773351293614,0.6033940355444983,"[0.5952060514993919,0.3542470555425059,0.05054689295810218]",1
v3.1,c530bf2cab2728a7,fermi,common,inf,0.3,variance_tail,1,7.705193982742313e-18,-0.004447733584712156,0.6033940355296161,"[0.5952060514993919,0.354247055542506,0.05054689295810217]",1
v3.1,c530bf2cab2728a7,fermi,common,inf,0.3,moment3_tail,1,7.705193982742313e-18,-0.004447733584712156,0.6033940355296161,"[0.5952060514993919,0.354247055542506,0.05054689295810217]",1
v3.1,c530bf2cab2728a7,fermi,common,inf,0.3,moment5_tail,1,7.705193982742313e-18,-0.004447733584712156,0.6033940355296161,"[0.5952060514993919,0.354247055542506,0.05054689295810217]",1
v3.1,c530bf2cab2728a7,fermi,common,inf,0.3,exact,1,7.705193982742313e-18,-0.004447733584712239,0.6033940355296157,"[0.5952060514993919,0.354247055542506,0.05054689295810217]",1
v3.1,c530bf2cab2728a7,fermi,common,inf,0.5,classical,1,2.5206037400491954e-17,-0.00444773351293614,0.6033940355444983,"[0.5952060514993919,0.3542470555425059,0.05054689295810218]",1
v3.1,c530bf2cab2728a7,fermi,common,inf,0.5,variance_tail,1,7.705193982742313e-18,-0.004447733584729635,0.603394035529325,"[0.5952060514993919,0.354247055542506,0.05054689295810217]",1
v3.1,c530bf2cab2728a7,fermi,common,inf,0.5,moment3_tail,1,7.705193982742313e-18,-0.004447733584729635,0.603394035529325,"[0.5952060514993919,0.354247055542506,0.05054689295810217]",1
v3.1,c530bf2cab2728a7,fermi,common,inf,0.5,moment5_tail,1,7.705193982742313e-18,-0.004447733584729635,0.603394035529325,"[0.5952060514993919,0.354247055542506,0.05054689295810217]",1
v3.1,c530bf2cab2728a7,fermi,common,inf,0.5,exact,1,7.705193982742313e-18,-0.004447733584729677,0.6033940355293248,"[0.5952060514993919,0.354247055542506,0.05054689295810217]",1
v3.1,c530bf2cab2728a7,fermi,common,inf,0.7,classical,1,2.5206037400491954e-17,-0.00444773351293614,0.6033940355444983,"[0.5952060514993919,0.3542470555425059,0.05054689295810218]",1
v3.1,c530bf2cab2728a7,fermi,common,inf,0.7,variance_tail,1,7.705193982742313e-18,-0.0044477335847563845,0.6033940355288887,"[0.5952060514993919,0.354247055542506,0.05054689295810217]",1
v3.1,c530bf2cab2728a7,fermi,common,inf,0.7,moment3_tail,1,7.705193982742313e-18,-0.0044477335847563845,0.6033940355288887,"[0.5952060514993919,0.354247055542506,0.05054689295810217]",1
v3.1,c530bf2cab2728a7,fermi,common,inf,0.7,moment5_tail,1,7.705193982742313e-18,-0.0044477335847563845,0.6033940355288887,"[0.5952060514993919,0.354247055542506,0.05054689295810217]",1
v3.1,c530bf2cab2728a7,fermi,common,inf,0.7,exact,1,7.705193982742313e-18,-0.004447733584756315,0.6033940355288885,"[0.5952060514993919,0.354247055542506,0.05054689295810217]",1
v3.1,c530bf2cab2728a7,fermi,common,inf,1.0,classical,1,2.5206037400491954e-17,-0.00444773351293614,0.6033940355444983,"[0.5952060514993919,0.3542470555425059,0.05054689295810218]",1
v3.1,c530bf2cab2728a7,fermi,common,inf,1.0,variance_tail,1,7.705193982742313e-18,-0.0044477335848124855,0.6033940355279608,"[0.5952060514993919,0.354247055542506,0.05054689295810217]",1
v3.1,c530bf2cab2728a7,fermi,common,inf,1.0,moment3_tail,1,7.705193982742313e-18,-0.0044477335848124855,0.6033940355279608,"[0.5952060514993919,0.354247055542506,0.05054689295810217]",1
v3.1,c530bf2cab2728a7,fermi,common,inf,1.0,moment5_tail,1,7.705193982742313e-18,-0.0044477335848124855,0.6033940355279608,"[0.5952060514993919,0.354247055542506,0.05054689295810217]",1
v3.1,c530bf2cab2728a7,fermi,common,inf,1.0,exact,1,7.705193982742313e-18,-0.0044477335848124855,0.6033940355279608,"[0.5952060514993919,0.354247055542506,0.05054689295810217]",1
v3.1,c530bf2cab2728a7,fermi,common,inf,1.4,classical,1,2.5206037400491954e-17,-0.00444773351293614,0.6033940355444983,"[0.5952060514993919,0.3542470555425059,0.05054689295810218]",1
v3.1,c530bf2cab2728a7,fermi,common,inf,1.4,variance_tail,1,7.705193982742313e-18,-0.004447733584918297,0.603394035526215,"[0.5952060514993919,0.354247055542506,0.05054689295810217]",1
v3.1,c530bf2cab2728a7,fermi,common,inf,1.4,moment3_tail,1,7.705193982742313e-18,-0.004447733584918297,0.603394035526215,"[0.5952060514993919,0.354247055542506,0.05054689295810217]",1
v3.1,c530bf2cab2728a7,fermi,common,inf,1.4,moment5_tail,1,7.705193982742313e-18,-0.004447733584918297,0.603394035526215,"[0.5952060514993919,0.354247055542506,0.05054689295810217]",1
v3.1,c530bf2cab2728a7,fermi,common,inf,1.4,exact,1,7.705193982742313e-18,-0.004447733584918373,0.6033940355262152,"[0.5952060514993919,0.354247055542506,0.05054689295810217]",1
v3.1,c530bf2cab2728a7,arctan,independent,1,0.05,classical,1,2.5206037400491954e-17,-0.00444773351293614,0.6033940355444983,"[0.5952060514993919,0.3542470555425059,0.05054689295810218]",1
v3.1,c530bf2cab2728a7,arctan,independent,1,0.05,variance_tail,1,2.333557219746229e-17,-0.004147300319416208,0.5968949944810915,"[0.5952060514993919,0.3542470555425059,0.05054689295810218]",1
v3.1,c530bf2cab2728a7,arctan,independent,1,0.05,moment3_tail,1,4.9352574696374306e-14,-0.003937990952474893,0.6004366439995354,"[0.5935847830521722,0.3555385424142272,0.050876674533600466]",1
v3.1,c530bf2cab2728a7,arctan,independent,1,0.05,moment5_tail,1,4.439593257901545e-14,-0.003940299256746854,0.6005235109862052,"[0.5936307667664488,0.35550028967555564,0.05086894355799556]",1
v3.1,c530bf2cab2728a7,arctan,independent,1,0.05,exact,1,4.462058657750922e-14,-0.003941162923543691,0.6005195372043058,"[0.5936291552344745,0.35550157703318297,0.0508692677323427]",1
v3.1,c530bf2cab2728a7,arctan,independent,1,0.1,classical,1,2.5206037400491954e-17,-0.00444773351293614,0.6033940355444983,"[0.5952060514993919,0.3542470555425059,0.05054689295810218]",1
v3.1,c530bf2cab2728a7,arctan,independent,1,0.1,variance_tail,1,2.222241978910349e-17,-0.0032460007380499187,0.577164178740123,"[0.5952060514993919,0.3542470555425059,0.05054689295810218]",1
v3.1,c530bf2cab2728a7,arctan,independent,1,0.1,moment3_tail,1,2.0596961719408663e-13,-0.002447908148246518,0.591357523789552,"[0.5885474677385243,0.35955171825673515,0.05190081400474053]",1
v3.1,c530bf2cab2728a7,arctan,independent,1,0.1,moment5_tail,1,3.437456631124835e-11,-0.0024638689538094075,0.592800999495119,"[0.5893205211481212,0.3589095566991902,0.05176992215268856]",1
v3.1,c530bf2cab2728a7,arctan,independent,1,0.1,exact,1,1.0935403229855571e-13,-0.002508481704772178,0.5925748306149136,"[0.5892254576756233,0.35898578671604836,0.05178875560832835]",1
v3.1,c530bf2cab2728a7,arctan,independent,1,0.2,classical,1,2.5206037400491954e-17,-0.00444773351293614,0.6033940355444983,"[0.5952060514993919,0.3542470555425059,0.05054689295810218]",1
v3.1,c530bf2cab2728a7,arctan,independent,1,0.2,variance_tail,1,1.784590631669465e-17,0.0003591975874155731,0.4939772022463219,"[0.5952060514993919,0.3542470555425059,0.05054689295810218]",0
v3.1,c530bf2cab2728a7,arctan,independent,1,0.2,moment3_tail,1,8.14047861010964e-18,0.0026593556237541824,0.5513822228652353,"[0.5652900053153769,0.37808956912996156,0.056620425554661645]",0
v3.1,c530bf2cab2728a7,arctan,independent,1,0.2,moment5_tail,1,1.599544486752219e-14,0.0034997985708768928,0.5774830635168736,"[0.5799266431093095,0.36599152440575333,0.054081832484937115]",0
v3.1,c530bf2cab2728a7,arctan,independent,1,0.2,exact,1,6.544877243207065e-14,0.0019413148247006615,0.5671980423302053,"[0.5751145785798999,0.3698850103954776,0.05500041102462243]",0
v3.1,c530bf2cab2728a7,arctan,independent,1,0.3,classical,1,2.5206037400491954e-17,-0.00444773351293614,0.6033940355444983,"[0.5952060514993919,0.3542470555425059,0.05054689295810218]",1
v3.1,c530bf2cab2728a7,arctan,independent,1,0.3,variance_tail,1,1.1133783097048503e-17,0.0063678614631916056,0.32885732624737973,"[0.5952060514993919,0.3542470555425059,0.05054689295810218]",0
v3.1,c530bf2cab2728a7,arctan,independent,1,0.3,moment3_tail,1,9.767157413567498e-16,0.004051783860276097,0.46445625662168694,"[0.508736013507004,0.42320987081868133,0.06805411567431455]",0
v3.1,c530bf2cab2728a7,arctan,independent,1,0.3,moment5_tail,1,9.460329307342235e-15,0.010436725278494319,0.6095549930377263,"[0.5962601310404286,0.35128305944489174,0.05245680951467958]",0
v3.1,c530bf2cab2728a7,arctan,independent,1,0.3,exact,1,1.5532551787442235e-16,0.006521409634001517,0.5365279117567261,"[0.5589074943758193,0.3816764867746101,0.059416018849570554]",0
v3.1,c530bf2cab2728a7,arctan,independent,1,0.5,classical,1,2.5206037400491954e-17,-0.00444773351293614,0.6033940355444983,"[0.5952060514993919,0.3542470555425059,0.05054689295810218]",1
v3.1,c530bf2cab2728a7,arctan,independent,1,0.5,variance_tail,1,1.7961576663981643e-17,0.4950976287318897,0.0,"[0.5952060514993919,0.3542470555425059,0.05054689295810218]",0
v3.1,c530bf2cab2728a7,arctan,independent,1,0.5,moment3_tail,0,0.0,,,"[1.0,1.0751194731352283e-167,4.010552866665433e-168]",
v3.1,c530bf2cab2728a7,arctan,independent,1,0.5,moment5_tail,1,1.069248083013932e-14,-0.1540624267046873,0.8477563911749872,"[0.7311379358776664,0.23604170513958886,0.032820358982744775]",1
v3.1,c530bf2cab2728a7,arctan,independent,1,0.5,exact,1,1.3789890755802132e-15,0.013102676854988952,0.4754557910143664,"[0.5312779584254294,0.39884955511894926,0.06987248645562145]",0
v3.1,c530bf2cab2728a7,arctan,independent,1,0.7,classical,1,2.5206037400491954e-17,-0.00444773351293614,0.6033940355444983,"[0.5952060514993919,0.3542470555425059,0.05054689295810218]",1
v3.1,c530bf2cab2728a7,arctan,independent,1,0.7,variance_tail,1,5.2696539875243077e-17,0.6946657756916844,0.0,"[0.5952060514993919,0.3542470555425061,0.05054689295810217]",0
v3.1,c530bf2cab2728a7,arctan,independent,1,0.7,moment3_tail,0,1.1969922192477338e-161,,,"[1.0,5.180463417448077e-162,1.4929769356932278e-161]",
v3.1,c530bf2cab2728a7,arctan,independent,1,0.7,moment5_tail,1,1.218014165078135e-16,-0.6028123107629715,0.9687951754227045,"[0.8411589414318374,0.14247354466020778,0.016367513907954708]",1
v3.1,c530bf2cab2728a7,arctan,independent,1,0.7,exact,1,5.034825405728749e-13,0.016827349140296224,0.42265834049564205,"[0.5121777431775896,0.4070900685187306,0.08073218830367991]",0
v3.1,c530bf2cab2728a7,arctan,independent,1,1.0,classical,1,2.5206037400491954e-17,-0.00444773351293614,0.6033940355444983,"[0.5952060514993919,0.3542470555425059,0.05054689295810218]",1
v3.1,c530bf2cab2728a7,arctan,independent,1,1.0,variance_tail,1,1.3022492420566036e-16,0.11572554400601426,0.629600583701175,"[0.5952060514993919,0.3542470555425061,0.05054689295810217]",0
v3.1,c530bf2cab2728a7,arctan,independent,1,1.0,moment3_tail,0,0.0,,,"[1.0,4.506087385862141e-166,6.065727340561479e-164]",
v3.1,c530bf2cab2728a7,arctan,independent,1,1.0,moment5_tail,1,9.000603291168151e-13,-1.1254673392227543,1.1555328042213286,"[0.9087205769080204,0.0857238614298739,0.0055555616621056755]",1
v3.1,c530bf2cab2728a7,arctan,independent,1,1.0,exact,1,1.3433763297825242e-14,0.019487962856076457,0.36009712488612144,"[0.4940091373448144,0.4100486289280524,0.09594223372713331]",0
v3.1,c530bf2cab2728a7,arctan,independent,1,1.4,classical,1,2.5206037400491954e-17,-0.00444773351293614,0.6033940355444983,"[0.5952060514993919,0.3542470555425059,0.05054689295810218]",1
v3.1,c530bf2cab2728a7,arctan,independent,1,1.4,variance_tail,1,2.779249523646672e-16,0.23109189045667616,2.5247223401057393,"[0.5952060514993919,0.3542470555425061,0.05054689295810217]",0
v3.1,c530bf2cab2728a7,arctan,independent,1,1.4,moment3_tail,0,0.0,,,"[1.0,2.2502813631334955e-167,3.153213918951958e-170]",
v3.1,c530bf2cab2728a7,arctan,independent,1,1.4,moment5_tail,0,1.4575603854102786e-161,,,"[1.0,3.158222399775384e-162,4.056746893930896e-163]",
v3.1,c530bf2cab2728a7,arctan,independent,1,1.4,exact,1,2.3855888607073325e-15,0.02033743021288406,0.2995813578732967,"[0.47980737080309493,0.4069694018210901,0.1132232273758149]",0
v3.1,c530bf2cab2728a7,arctan,independent,2,0.05,classical,1,2.5206037400491954e-17,-0.00444773351293614,0.6033940355444983,"[0.5952060514993919,0.3542470555425059,0.05054689295810218]",1
v3.1,c530bf2cab2728a7,arctan,independent,2,0.05,variance_tail,1,2.3521657713884592e-17,-0.004297516916311243,0.6001491981120908,"[0.5952060514993919,0.3542470555425059,0.05054689295810218]",1
v3.1,c530bf2cab2728a7,arctan,independent,2,0.05,moment3_tail,1,5.932461719344355e-14,-0.004244482288659153,0.6010340532772163,"[0.5948016846495254,0.3545694109103067,0.05062890444016778]",1
v3.1,c530bf2cab2728a7,arctan,independent,2,0.05,moment5_tail,1,5.881438033448087e-14,-0.004249553451963969,0.6010738620059142,"[0.5948144998935381,0.3545576098115199,0.050627890294942114]",1
v3.1,c530bf2cab2728a7,arctan,independent,2,0.05,exact,1,5.881061156369269e-14,-0.004249524186528929,0.6010728549120216,"[0.5948141226792619,0.3545579606556512,0.050627916665086946]",1
v3.1,c530bf2cab2728a7,arctan,independent,2,0.1,classical,1,2.5206037400491954e-17,-0.00444773351293614,0.6033940355444983,"[0.5952060514993919,0.3542470555425059,0.05054689295810218]",1
v3.1,c530bf2cab2728a7,arctan,independent,2,0.1,variance_tail,1,2.2963865731596723e-17,-0.003846867125629712,0.5903578686302846,"[0.5952060514993919,0.3542470555425059,0.05054689295810218]",1
v3.1,c530bf2cab2728a7,arctan,independent,2,0.1,moment3_tail,1,4.759194212838755e-14,-0.003635255496785568,0.5938967475762681,"[0.5935574590943599,0.35556439975978016,0.0508781411458601]",1
v3.1,c530bf2cab2728a7,arctan,independent,2,0.1,moment5_tail,1,4.42310109467876e-14,-0.003715642333023697,0.5945431885473441,"[0.5937686379647834,0.3553698341404524,0.05086152789476422]",1
v3.1,c530bf2cab2728a7,arctan,independent,2,0.1,exact,1,4.4478151709778945e-14,-0.0037131882570648825,0.5944835218510023,"[0.5937460063109846,0.3553909091897312,0.050863084499284304]",1
v3.1,c530bf2cab2728a7,arctan,independent,2,0.2,classical,1,2.5206037400491954e-17,-0.00444773351293614,0.6033940355444983,"[0.5952060514993919,0.3542470555425059,0.05054689295810218]",1
v3.1,c530bf2cab2728a7,arctan,independent,2,0.2,variance_tail,1,2.0748378647560335e-17,-0.0020442679629035787,0.5502587730200542,"[0.5952060514993919,0.3542470555425059,0.05054689295810218]",1
v3.1,c530bf2cab2728a7,arctan,independent,2,0.2,moment3_tail,1,1.949494574377086e-13,-0.00121230851186057,0.5644095278304883,"[0.5880534814743953,0.3600196617215836,0.05192685680402107]",1
v3.1,c530bf2cab2728a7,arctan,independent,2,0.2,moment5_tail,1,1.8257937110269014e-14,-0.0024688093527742774,0.5753031582907356,"[0.5917962965515391,0.3565664345800393,0.0516372688684216]",1
v3.1,c530bf2cab2728a7,arctan,independent,2,0.2,exact,1,4.112071512433151e-14,-0.0022620213353074306,0.5723088726435892,"[0.59062486006363,0.3576592218986483,0.051715918037721575]",1
v3.1,c530bf2cab2728a7,arctan,independent,2,0.3,classical,1,2.5206037400491954e-17,-0.00444773351293614,0.6033940355444983,"[0.5952060514993919,0.3542470555425059,0.05054689295810218]",1
v3.1,c530bf2cab2728a7,arctan,independent,2,0.3,variance_tail,1,1.713261132013857e-17,0.0009600639749736233,0.47928668791361295,"[0.5952060514993919,0.3542470555425059,0.05054689295810218]",0
v3.1,c530bf2cab2728a7,arctan,independent,2,0.3,moment3_tail,1,5.052037985730839e-11,0.002707317536270317,0.511118213151491,"[0.5763594842339502,0.3697448522182067,0.05389566354784312]",0
v3.1,c530bf2cab2728a7,arctan,independent,2,0.3,moment5_tail,1,2.4057285052529456e-14,-0.0038336482291089144,0.5693216303920482,"[0.5974354282491942,0.35029936380509624,0.052265207945709644]",1
v3.1,c530bf2cab2728a7,arctan,independent,2,0.3,exact,1,3.482660057331613e-12,-0.0012931744226275452,0.5444715188448269,"[0.5876783924021262,0.3593811176835098,0.05294048991436416]",1
v3.1,c530bf2cab2728a7,arctan,independent,2,0.5,classical,1,2.5206037400491954e-17,-0.00444773351293614,0.6033940355444983,"[0.5952060514993919,0.3542470555425059,0.05054689295810218]",1
v3.1,c530bf2cab2728a7,arctan,independent,2,0.5,variance_tail,1,7.778337767782792e-18,0.01057392617617962,0.14981057473730638,"[0.5952060514993919,0.3542470555425059,0.05054689295810218]",0
v3.1,c530bf2cab2728a7,arctan,independent,2,0.5,moment3_tail,1,1.9497803740260137e-11,-0.002130138442805268,0.14489219236013473,"[0.40262280620243995,0.5311302451789462,0.06624694861861374]",1
v3.1,c530bf2cab2728a7,arctan,independent,2,0.5,moment5_tail,1,1.775570653330924e-13,-0.055489111096295556,0.7159512665593462,"[0.6529747078419642,0.29756817918694134,0.049457112971094404]",1
v3.1,c530bf2cab2728a7,arctan,independent,2,0.5,exact,1,5.634297512655805e-14,-0.0019021000576333845,0.48853568401839687,"[0.5844837430620422,0.3594600942945483,0.05605616264340963]",1
v3.1,c530bf2cab2728a7,arctan,independent,2,0.7,classical,1,2.5206037400491954e-17,-0.00444773351293614,0.6033940355444983,"[0.5952060514993919,0.3542470555425059,0.05054689295810218]",1
v3.1,c530bf2cab2728a7,arctan,independent,2,0.7,variance_tail,1,1.7247347709724203e-17,0.48609498635791915,0.0,"[0.5952060514993919,0.3542470555425059,0.05054689295810218]",0
v3.1,c530bf2cab2728a7,arctan,independent,2,0.7,moment3_tail,0,5.0496791484127556e-17,,,"[0.9131979691490425,5.969327928350129e-15,0.0868020308509515]",
v3.1,c530bf2cab2728a7,arctan,independent,2,0.7,moment5_tail,1,7.428788160994064e-14,-0.26616787108602397,1.1410345013243557,"[0.7055780258218022,0.253344593258861,0.04107738091933693]",1
v3.1,c530bf2cab2728a7,arctan,independent,2,0.7,exact,1,8.148877520886475e-17,-0.004312546896141918,0.4404314332428819,"[0.583759713339855,0.3565928680571206,0.059647418603024444]",1
v3.1,c530bf2cab2728a7,arctan,independent,2,1.0,classical,1,2.5206037400491954e-17,-0.00444773351293614,0.6033940355444983,"[0.5952060514993919,0.3542470555425059,0.05054689295810218]",1
v3.1,c530bf2cab2728a7,arctan,independent,2,1.0,variance_tail,1,5.4184753429623946e-17,0.6958619831933318,0.0,"[0.5952060514993919,0.3542470555425061,0.05054689295810217]",0
v3.1,c530bf2cab2728a7,arctan,independent,2,1.0,moment3_tail,0,0.0,,,"[1.17075296623485e-168,2.3034749707900085e-174,1.0]",
v3.1,c530bf2cab2728a7,arctan,independent,2,1.0,moment5_tail,1,1.7689463211111597e-11,-0.9579627185766765,2.291262440604674,"[0.7406344456457935,0.23049201959873736,0.028873534755469096]",1
v3.1,c530bf2cab2728a7,arctan,independent,2,1.0,exact,1,9.20265203639922e-15,-0.00810588973981086,0.3834486271179037,"[0.5838580541849896,0.3508263237446137,0.06531562207039669]",1
v3.1,c530bf2cab2728a7,arctan,independent,2,1.4,classical,1,2.5206037400491954e-17,-0.00444773351293614,0.6033940355444983,"[0.5952060514993919,0.3542470555425059,0.05054689295810218]",1
v3.1,c530bf2cab2728a7,arctan,independent,2,1.4,variance_tail,1,1.2715790503832292e-16,0.11332207845452659,0.577758382772591,"[0.5952060514993919,0.3542470555425061,0.05054689295810217]",0
v3.1,c530bf2cab2728a7,arctan,independent,2,1.4,moment3_tail,0,7.699862174152832e-162,,,"[1.0,2.3483486342463178e-161,1.975434732471107e-178]",
v3.1,c530bf2cab2728a7,arctan,independent,2,1.4,moment5_tail,1,4.0967978126107235e-12,-2.7591665416925117,4.884238637214905,"[0.7580015151370251,0.22219479719422944,0.019803687668745507]",1
v3.1,c530bf2cab2728a7,arctan,independent,2,1.4,exact,1,2.196784687215879e-12,-0.011568601192670265,0.32757460700408225,"[0.5833964687452386,0.3439725828783729,0.07263094837638845]",1
v3.1,c530bf2cab2728a7,arctan,independent,3,0.05,classical,1,2.5206037400491954e-17,-0.00444773351293614,0.6033940355444983,"[0.5952060514993919,0.3542470555425059,0.05054689295810218]",1
v3.1,c530bf2cab2728a7,arctan,independent,3,0.05,variance_tail,1,2.3583719726947576e-17,-0.004347589115276218,0.6012318437804474,"[0.5952060514993919,0.3542470555425059,0.05054689295810218]",1
v3.1,c530bf2cab2728a7,arctan,independent,3,0.05,moment3_tail,1,2.2940844737199178e-15,-0.0043239799885290905,0.6016250902061056,"[0.5950266298265346,0.3543900749012744,0.05058329527219096]",1
v3.1,c530bf2cab2728a7,arctan,independent,3,0.05,moment5_tail,1,2.3307870457853133e-15,-0.004326401253181282,0.6016479166872961,"[0.5950311168841379,0.35438589324909686,0.05058298986676532]",1
v3.1,c530bf2cab2728a7,arctan,independent,3,0.05,exact,1,2.33532428727857e-15,-0.004326360525578166,0.6016474551468065,"[0.5950309948984044,0.3543860090551417,0.05058299604645386]",1
v3.1,c530bf2cab2728a7,arctan,independent,3,0.1,classical,1,2.5206037400491954e-17,-0.00444773351293614,0.6033940355444983,"[0.5952060514993919,0.3542470555425059,0.05054689295810218]",1
v3.1,c530bf2cab2728a7,arctan,independent,3,0.1,variance_tail,1,2.321160029853375e-17,-0.00404715592148959,0.5947202460419028,"[0.5952060514993919,0.3542470555425059,0.05054689295810218]",1
v3.1,c530bf2cab2728a7,arctan,independent,3,0.1,moment3_tail,1,8.034377443403999e-16,-0.003952463542994181,0.5962926849854489,"[0.5944782779837166,0.3548283788103156,0.05069334320596793]",1
v3.1,c530bf2cab2728a7,arctan,independent,3,0.1,moment5_tail,1,8.014860200780788e-16,-0.003991140302066633,0.5966612229555628,"[0.5945516578560861,0.35475995993144366,0.05068838221247027]",1
v3.1,c530bf2cab2728a7,arctan,independent,3,0.1,exact,1,8.022613109238839e-16,-0.00398858283607776,0.5966335505829136,"[0.5945443325830222,0.3547669162447013,0.05068875117227641]",1
v3.1,c530bf2cab2728a7,arctan,independent,3,0.2,classical,1,2.5206037400491954e-17,-0.00444773351293614,0.6033940355444983,"[0.5952060514993919,0.3542470555425059,0.05054689295810218]",1
v3.1,c530bf2cab2728a7,arctan,independent,3,0.2,variance_tail,1,2.1729687225081443e-17,-0.002845423146343031,0.5682754600255396,"[0.5952060514993919,0.3542470555425059,0.05054689295810218]",1
v3.1,c530bf2cab2728a7,arctan,independent,3,0.2,moment3_tail,1,7.674163219726834e-13,-0.0024630775801490687,0.5745559209289803,"[0.5921198591367333,0.35673336683151746,0.051146774031749276]",1
v3.1,c530bf2cab2728a7,arctan,independent,3,0.2,moment5_tail,1,6.573388997100781e-13,-0.0030795963617014158,0.5806474991952603,"[0.593389610600091,0.3555475925794096,0.05106279682049951]",1
v3.1,c530bf2cab2728a7,arctan,independent,3,0.2,exact,1,6.849008653275333e-13,-0.002935949131009738,0.5792171148708697,"[0.5930095860503427,0.3559085256699578,0.05108188827969957]",1
v3.1,c530bf2cab2728a7,arctan,independent,3,0.3,classical,1,2.5206037400491954e-17,-0.00444773351293614,0.6033940355444983,"[0.5952060514993919,0.3542470555425059,0.05054689295810218]",1
v3.1,c530bf2cab2728a7,arctan,independent,3,0.3,variance_tail,1,1.9288390986019862e-17,-0.0008425351877659019,0.5225734841385289,"[0.5952060514993919,0.3542470555425059,0.05054689295810218]",1
v3.1,c530bf2cab2728a7,arctan,independent,3,0.3,moment3_tail,1,3.441269225988412e-11,2.581207259953408e-05,0.5366561507317303,"[0.5874695980287712,0.36057512401834846,0.0519552779528803]",0
v3.1,c530bf2cab2728a7,arctan,independent,3,0.3,moment5_tail,1,3.020905564467804e-12,-0.0031173334601575994,0.5687000561273803,"[0.5945274362316993,0.3539760607164624,0.05149650305183832]",1
v3.1,c530bf2cab2728a7,arctan,independent,3,0.3,exact,1,2.25608688695381e-14,-0.0017895827990206566,0.5563160094324962,"[0.5912579429042724,0.35707652516802363,0.051665531927704]",1
v3.1,c530bf2cab2728a7,arctan,independent,3,0.5,classical,1,2.5206037400491954e-17,-0.00444773351293614,0.6033940355444983,"[0.5952060514993919,0.3542470555425059,0.05054689295810218]",1
v3.1,c530bf2cab2728a7,arctan,independent,3,0.5,variance_tail,1,1.1951431683295842e-17,0.005566706279681331,0.35404747938609293,"[0.5952060514993919,0.3542470555425059,0.05054689295810218]",0
v3.1,c530bf2cab2728a7,arctan,independent,3,0.5,moment3_tail,1,2.437773978362356e-12,0.007747396759541687,0.3898708471074436,"[0.5595233616326685,0.38524091416285144,0.055235724204480176]",0
v3.1,c530bf2cab2728a7,arctan,independent,3,0.5,moment5_tail,1,1.3487324009918247e-13,-0.0191165073739264,0.6408367384664784,"[0.6174712567350487,0.33126015119984104,0.05126859206511038]",1
v3.1,c530bf2cab2728a7,arctan,independent,3,0.5,exact,1,4.482639951709283e-12,0.0001626081443195787,0.5073659525352044,"[0.5879780254362754,0.358810673347412,0.05321130121631255]",0
v3.1,c530bf2cab2728a7,arctan,independent,3,0.7,classical,1,2.5206037400491954e-17,-0.00444773351293614,0.6033940355444983,"[0.5952060514993919,0.3542470555425059,0.05054689295810218]",1
v3.1,c530bf2cab2728a7,arctan,independent,3,0.7,variance_tail,1,7.726402593105621e-18,0.265257503369289,0.0,"[0.5952060514993919,0.3542470555425059,0.05054689295810218]",0
v3.1,c530bf2cab2728a7,arctan,independent,3,0.7,moment3_tail,0,0.0,,,"[1.0,1.8199123885087888e-188,3.996558808991704e-177]",
v3.1,c530bf2cab2728a7,arctan,independent,3,0.7,moment5_tail,1,1.5265601048937423e-14,-0.09638138146264572,0.9457469244292152,"[0.6492899250448367,0.30252422945098,0.04818584550418317]",1
v3.1,c530bf2cab2728a7,arctan,independent,3,0.7,exact,1,9.038924591511583e-15,0.0017390463278066058,0.46272059611250443,"[0.5849960783413065,0.3599532796757532,0.05505064198294031]",0
v3.1,c530bf2cab2728a7,arctan,independent,3,1.0,classical,1,2.5206037400491954e-17,-0.00444773351293614,0.6033940355444983,"[0.5952060514993919,0.3542470555425059,0.05054689295810218]",1
v3.1,c530bf2cab2728a7,arctan,independent,3,1.0,variance_tail,1,3.035831410211343e-17,0.6078680179135697,0.0,"[0.5952060514993919,0.3542470555425059,0.05054689295810218]",0
v3.1,c530bf2cab2728a7,arctan,independent,3,1.0,moment3_tail,0,0.010414807626103355,,,"[0.6162294603860008,0.30116225066406804,0.08260828894993114]",
v3.1,c530bf2cab2728a7,arctan,independent,3,1.0,moment5_tail,1,1.502739289467632e-13,-0.4118210067389051,2.013035112535433,"[0.672619751384071,0.2870468962144354,0.040333352401493515]",1
v3.1,c530bf2cab2728a7,arctan,independent,3,1.0,exact,1,2.6235788430991444e-17,0.003562586857267531,0.40759034426521273,"[0.5808007924310166,0.36117062326636956,0.058028584302613775]",0
v3.1,c530bf2cab2728a7,arctan,independent,3,1.4,classical,1,2.5206037400491954e-17,-0.00444773351293614,0.6033940355444983,"[0.5952060514993919,0.3542470555425059,0.05054689295810218]",1
v3.1,c530bf2cab2728a7,arctan,independent,3,1.4,variance_tail,1,7.727251431593893e-17,0.6490646222314862,0.0,"[0.5952060514993919,0.3542470555425061,0.05054689295810217]",0
v3.1,c530bf2cab2728a7,arctan,independent,3,1.4,moment3_tail,0,0.042926633050677024,,,"[0.6305285864322294,0.32612220930676833,0.043349204261002326]",
v3.1,c530bf2cab2728a7,arctan,independent,3,1.4,moment5_tail,1,3.8809517070560405e-11,-1.3749745568693983,4.9736027457272,"[0.684317368300587,0.2834450127250995,0.0322376189743136]",1
v3.1,c530bf2cab2728a7,arctan,independent,3,1.4,exact,1,1.748709546199493e-16,0.005046023780161918,0.35188203934793294,"[0.5756478853457442,0.3623505942365743,0.06200152041768139]",0
v3.1,c530bf2cab2728a7,arctan,independent,5,0.05,classical,1,2.5206037400491954e-17,-0.00444773351293614,0.6033940355444983,"[0.5952060514993919,0.3542470555425059,0.05054689295810218]",1
v3.1,c530bf2cab2728a7,arctan,independent,5,0.05,variance_tail,1,2.3633381248102367e-17,-0.004387646874448356,0.6020972148139336,"[0.5952060514993919,0.3542470555425059,0.05054689295810218]",1
v3.1,c530bf2cab2728a7,arctan,independent,5,0.05,moment3_tail,1,2.5469355562594887e-17,-0.004379145108071955,0.6022387848844315,"[0.5951415651345313,0.35429844849583375,0.05055998636963498]",1
v3.1,c530bf2cab2728a7,arctan,independent,5,0.05,moment5_tail,1,2.379035673197806e-17,-0.0043800003783899255,0.6022487968736498,"[0.5951426524580271,0.3542974279976451,0.05055991954432782]",1
v3.1,c530bf2cab2728a7,arctan,independent,5,0.05,exact,1,5.594827351403851e-17,-0.00437998748177483,0.602248653715075,"[0.595142630286784,0.3542974492386795,0.05055992047453635]",1
v3.1,c530bf2cab2728a7,arctan,independent,5,0.1,classical,1,2.5206037400491954e-17,-0.00444773351293614,0.6033940355444983,"[0.5952060514993919,0.3542470555425059,0.05054689295810218]",1
v3.1,c530bf2cab2728a7,arctan,independent,5,0.1,variance_tail,1,2.34099881756723e-17,-0.0042073869581776835,0.5981978096502788,"[0.5952060514993919,0.3542470555425059,0.05054689295810218]",1
v3.1,c530bf2cab2728a7,arctan,independent,5,0.1,moment3_tail,1,9.85278812114662e-15,-0.0041732552292008465,0.59876390788419,"[0.5949457843424502,0.3544547857261962,0.05059942993135365]",1
v3.1,c530bf2cab2728a7,arctan,independent,5,0.1,moment5_tail,1,9.989662394230164e-15,-0.004186941793263385,0.5989248958899515,"[0.5949634324852349,0.3544382163531152,0.050598351161649874]",1
v3.1,c530bf2cab2728a7,arctan,independent,5,0.1,exact,1,9.97166357001942e-15,-0.0041861555876264445,0.5989161854546291,"[0.5949620883651171,0.35443950409002173,0.050598407544861314]",1
v3.1,c530bf2cab2728a7,arctan,independent,5,0.2,classical,1,2.5206037400491954e-17,-0.00444773351293614,0.6033940355444983,"[0.5952060514993919,0.3542470555425059,0.05054689295810218]",1
v3.1,c530bf2cab2728a7,arctan,independent,5,0.2,variance_tail,1,2.2518672040157585e-17,-0.0034863472930949727,0.5824612396756057,"[0.5952060514993919,0.3542470555425059,0.05054689295810218]",1
v3.1,c530bf2cab2728a7,arctan,independent,5,0.2,moment3_tail,1,4.769269116212576e-15,-0.003347825863024484,0.5847225053277921,"[0.5941258812672876,0.3551143937268647,0.050759725005847814]",1
v3.1,c530bf2cab2728a7,arctan,independent,5,0.2,moment5_tail,1,4.695965669991817e-15,-0.003567059026977723,0.5873466135502857,"[0.5944237127365298,0.3548344191938745,0.05074186806959558]",1
v3.1,c530bf2cab2728a7,arctan,independent,5,0.2,exact,1,4.641182156581344e-15,-0.0035245405396463134,0.5868765510166971,"[0.5943519088704877,0.35490319687284794,0.050744894256664445]",1
v3.1,c530bf2cab2728a7,arctan,independent,5,0.3,classical,1,2.5206037400491954e-17,-0.00444773351293614,0.6033940355444983,"[0.5952060514993919,0.3542470555425059,0.05054689295810218]",1
v3.1,c530bf2cab2728a7,arctan,independent,5,0.3,variance_tail,1,2.104215670148968e-17,-0.0022846145179574798,0.555698572604035,"[0.5952060514993919,0.3542470555425059,0.05054689295810218]",1
v3.1,c530bf2cab2728a7,arctan,independent,5,0.3,moment3_tail,1,2.3577039687548573e-13,-0.0019654632693861043,0.5607718973843386,"[0.5926112415540602,0.35635230158251263,0.05103645686342711]",1
v3.1,c530bf2cab2728a7,arctan,independent,5,0.3,moment5_tail,1,1.7668789773908676e-13,-0.0030787912384462393,0.5744018356827025,"[0.5942333592859562,0.35482520499272857,0.05094143572131511]",1
v3.1,c530bf2cab2728a7,arctan,independent,5,0.3,exact,1,2.1768856302896992e-13,-0.0026929436667117723,0.5701029269311522,"[0.593584451944456,0.35544628833861763,0.05096925971692646]",1
v3.1,c530bf2cab2728a7,arctan,independent,5,0.5,classical,1,2.5206037400491954e-17,-0.00444773351293614,0.6033940355444983,"[0.5952060514993919,0.3542470555425059,0.05054689295810218]",1
v3.1,c530bf2cab2728a7,arctan,independent,5,0.5,variance_tail,1,1.6425536606350108e-17,0.0015609303624825807,0.46430163399041813,"[0.5952060514993919,0.3542470555425059,0.05054689295810218]",0
v3.1,c530bf2cab2728a7,arctan,independent,5,0.5,moment3_tail,1,1.018698452936117e-11,0.0025134080939823653,0.47805642955905453,"[0.5859074613014369,0.36207046314117897,0.052022075557384]",0
v3.1,c530bf2cab2728a7,arctan,independent,5,0.5,moment5_tail,1,3.179236104009272e-13,-0.006260636167643295,0.5865747292046065,"[0.5996722373005667,0.34911172354383513,0.05121603915559818]",1
v3.1,c530bf2cab2728a7,arctan,independent,5,0.5,exact,1,1.8547168609170458e-11,-0.001098751436277197,0.531329370633955,"[0.5920306366747692,0.35638524631996327,0.05158411700526755]",1
v3.1,c530bf2cab2728a7,arctan,independent,5,0.7,classical,1,2.5206037400491954e-17,-0.00444773351293614,0.6033940355444983,"[0.5952060514993919,0.3542470555425059,0.05054689295810218]",1
v3.1,c530bf2cab2728a7,arctan,independent,5,0.7,variance_tail,1,1.0206751104435635e-17,0.00732924768314301,0.29643717991398305,"[0.5952060514993919,0.3542470555425059,0.05054689295810218]",0
v3.1,c530bf2cab2728a7,arctan,independent,5,0.7,moment3_tail,1,1.510539942217339e-15,0.009442180854885332,0.31039287732970766,"[0.5592595294151973,0.3866506309544572,0.05408983963034557]",0
v3.1,c530bf2cab2728a7,arctan,independent,5,0.7,moment5_tail,1,6.80641550949123e-13,-0.025793144186410176,0.7262886620413154,"[0.614086732893035,0.3351381436353186,0.05077512347164641]",1
v3.1,c530bf2cab2728a7,arctan,independent,5,0.7,exact,1,2.2264314508926064e-13,8.435069274633986e-05,0.492999557425755,"[0.5906650828466361,0.3570044989119958,0.052330418241368]",0
v3.1,c530bf2cab2728a7,arctan,independent,5,1.0,classical,1,2.5206037400491954e-17,-0.00444773351293614,0.6033940355444983,"[0.5952060514993919,0.3542470555425059,0.05054689295810218]",1
v3.1,c530bf2cab2728a7,arctan,independent,5,1.0,variance_tail,1,1.1230791328191282e-17,0.38719256790010514,0.0,"[0.5952060514993919,0.3542470555425059,0.05054689295810218]",0
v3.1,c530bf2cab2728a7,arctan,independent,5,1.0,moment3_tail,1,9.404552866245242e-13,0.27586897149188766,0.0,"[0.6663691920521314,0.2777796181500711,0.05585118979779744]",0
v3.1,c530bf2cab2728a7,arctan,independent,5,1.0,moment5_tail,1,5.851324700981457e-15,-0.12421813560089183,1.3205340310119187,"[0.6298048766952511,0.3220758313847884,0.048119291919960595]",1
v3.1,c530bf2cab2728a7,arctan,independent,5,1.0,exact,1,1.0692620481339786e-16,0.001048807272651539,0.4421598693606391,"[0.5890310957899324,0.35743528627701404,0.05353361793305356]",0
v3.1,c530bf2cab2728a7,arctan,independent,5,1.4,classical,1,2.5206037400491954e-17,-0.00444773351293614,0.6033940355444983,"[0.5952060514993919,0.3542470555425059,0.05054689295810218]",1
v3.1,c530bf2cab2728a7,arctan,independent,5,1.4,variance_tail,1,3.834101026908917e-17,0.6562652876073629,0.0,"[0.5952060514993919,0.3542470555425061,0.05054689295810217]",0
v3.1,c530bf2cab2728a7,arctan,independent,5,1.4,moment3_tail,0,0.007479451361191529,,,"[0.5975557147169186,0.3272509891022103,0.07519329618087113]",
v3.1,c530bf2cab2728a7,arctan,independent,5,1.4,moment5_tail,1,2.14603232198486e-12,-0.46996999933082906,3.151313039034301,"[0.6382703701344485,0.31890074633959326,0.04282888352595838]",1
v3.1,c530bf2cab2728a7,arctan,independent,5,1.4,exact,1,1.5887670499218049e-15,0.0012951342586040165,0.3872325893929535,"[0.587503285149875,0.35741348885359114,0.05508322599653375]",0
v3.1,c530bf2cab2728a7,arctan,independent,10,0.05,classical,1,2.5206037400491954e-17,-0.00444773351293614,0.6033940355444983,"[0.5952060514993919,0.3542470555425059,0.05054689295810218]",1
v3.1,c530bf2cab2728a7,arctan,independent,10,0.05,variance_tail,1,2.367063429314991e-17,-0.004417690193827352,0.6027458100865991,"[0.5952060514993919,0.3542470555425059,0.05054689295810218]",1
v3.1,c530bf2cab2728a7,arctan,independent,10,0.05,moment3_tail,1,2.669877450166886e-14,-0.004415565549466087,0.6027812039907529,"[0.5951899525524276,0.3542598829614389,0.05055016448613347]",1
v3.1,c530bf2cab2728a7,arctan,independent,10,0.05,moment5_tail,1,2.6305721558189426e-14,-0.004415766899526968,0.6027840895558559,"[0.5951900994432567,0.35425974450448355,0.050550156052259806]",1
v3.1,c530bf2cab2728a7,arctan,independent,10,0.05,exact,1,2.6301296081563976e-14,-0.004415765153816233,0.602784066157823,"[0.5951900976996678,0.354259746182656,0.05055015611767622]",1
v3.1,c530bf2cab2728a7,arctan,independent,10,0.1,classical,1,2.5206037400491954e-17,-0.00444773351293614,0.6033940355444983,"[0.5952060514993919,0.3542470555425059,0.05054689295810218]",1
v3.1,c530bf2cab2728a7,arctan,independent,10,0.1,variance_tail,1,2.355889293032904e-17,-0.004327560235693452,0.6007989100318408,"[0.5952060514993919,0.3542470555425059,0.05054689295810218]",1
v3.1,c530bf2cab2728a7,arctan,independent,10,0.1,moment3_tail,1,7.750058332931651e-17,-0.004319039582192694,0.6009404572057379,"[0.59514135260633,0.35429864960734003,0.050559997786329934]",1
v3.1,c530bf2cab2728a7,arctan,independent,10,0.1,moment5_tail,1,6.51209422049795e-17,-0.004322262025095468,0.6009867319808738,"[0.5951437209191058,0.35429641683426044,0.050559862246633676]",1
v3.1,c530bf2cab2728a7,arctan,independent,10,0.1,exact,1,2.456900234061202e-17,-0.004322151697486266,0.6009852800147829,"[0.595143613139115,0.3542965205666567,0.05055986629422828]",1
v3.1,c530bf2cab2728a7,arctan,independent,10,0.2,classical,1,2.5206037400491954e-17,-0.00444773351293614,0.6033940355444983,"[0.5952060514993919,0.3542470555425059,0.05054689295810218]",1
v3.1,c530bf2cab2728a7,arctan,independent,10,0.2,variance_tail,1,2.3112472671766733e-17,-0.003967040403158879,0.5929773695928489,"[0.5952060514993919,0.3542470555425059,0.05054689295810218]",1
v3.1,c530bf2cab2728a7,arctan,independent,10,0.2,moment3_tail,1,9.579191869500614e-15,-0.0039326036913659435,0.5935430830737296,"[0.5949422762202967,0.3544581080316907,0.050599615748012645]",1
v3.1,c530bf2cab2728a7,arctan,independent,10,0.2,moment5_tail,1,1.0003344170344736e-14,-0.003984213720000199,0.5942900663907332,"[0.5949813031371299,0.3544212874618333,0.05059740940103682]",1
v3.1,c530bf2cab2728a7,arctan,independent,10,0.2,exact,1,9.88237264370674e-15,-0.0039779436772751295,0.5942067412113609,"[0.5949751968567283,0.3544271634052489,0.05059763973802293]",1
v3.1,c530bf2cab2728a7,arctan,independent,10,0.3,classical,1,2.5206037400491954e-17,-0.00444773351293614,0.6033940355444983,"[0.5952060514993919,0.3542470555425059,0.05054689295810218]",1
v3.1,c530bf2cab2728a7,arctan,independent,10,0.3,variance_tail,1,2.2370490119622293e-17,-0.0033661740156009576,0.5798160328648908,"[0.5952060514993919,0.3542470555425059,0.05054689295810218]",1
v3.1,c530bf2cab2728a7,arctan,independent,10,0.3,moment3_tail,1,2.2716834517155235e-13,-0.0032873371830172485,0.5810869055444199,"[0.5945927734002466,0.3547405354730492,0.050666691126704175]",1
v3.1,c530bf2cab2728a7,arctan,independent,10,0.3,moment5_tail,1,2.3659045734966323e-13,-0.0035490375058769147,0.5849204831765247,"[0.5947994090735467,0.3545453753009447,0.0506552156255086]",1
v3.1,c530bf2cab2728a7,arctan,independent,10,0.3,exact,1,2.3481152001110925e-13,-0.0034884472039337436,0.5841032894733911,"[0.5947403319964314,0.3546022045264538,0.05065746347711486]",1
v3.1,c530bf2cab2728a7,arctan,independent,10,0.5,classical,1,2.5206037400491954e-17,-0.00444773351293614,0.6033940355444983,"[0.5952060514993919,0.3542470555425059,0.05054689295810218]",1
v3.1,c530bf2cab2728a7,arctan,independent,10,0.5,variance_tail,1,2.0016435241510925e-17,-0.0014434015754162324,0.5365210799044432,"[0.5952060514993919,0.3542470555425059,0.05054689295810218]",1
v3.1,c530bf2cab2728a7,arctan,independent,10,0.5,moment3_tail,1,2.9866145971598643e-14,-0.0012116440429172752,0.5400252784985095,"[0.5932953180942102,0.3558136789390726,0.050891002966717155]",1
v3.1,c530bf2cab2728a7,arctan,independent,10,0.5,moment5_tail,1,7.608217023183126e-15,-0.0032403665994599207,0.5705800860903909,"[0.5950628599394036,0.35414102049521345,0.05079611956538308]",1
v3.1,c530bf2cab2728a7,arctan,independent,10,0.5,exact,1,3.00168549587611e-14,-0.0023492038273691326,0.5582319650545441,"[0.5941987250593761,0.35497098056554055,0.05083029437508336]",1
v3.1,c530bf2cab2728a7,arctan,independent,10,0.7,classical,1,2.5206037400491954e-17,-0.00444773351293614,0.6033940355444983,"[0.5952060514993919,0.3542470555425059,0.05054689295810218]",1
v3.1,c530bf2cab2728a7,arctan,independent,10,0.7,variance_tail,1,1.6566415595187552e-17,0.0014407570848609282,0.46732355994724606,"[0.5952060514993919,0.3542470555425059,0.05054689295810218]",0
v3.1,c530bf2cab2728a7,arctan,independent,10,0.7,moment3_tail,1,1.7945426484220284e-13,0.0019387553753357142,0.47399028831165513,"[0.5905883006626345,0.3581497855909022,0.0512619137464633]",0
v3.1,c530bf2cab2728a7,arctan,independent,10,0.7,moment5_tail,1,7.708933091824473e-12,-0.005898243802184865,0.5930783641621273,"[0.5976695220899234,0.35145245533940617,0.05087802257067049]",1
v3.1,c530bf2cab2728a7,arctan,independent,10,0.7,exact,1,5.20671745970976e-13,-0.0012610862969011302,0.5297157648947463,"[0.5936624164800135,0.3552837526343631,0.05105383088562338]",1
v3.1,c530bf2cab2728a7,arctan,independent,10,1.0,classical,1,2.5206037400491954e-17,-0.00444773351293614,0.6033940355444983,"[0.5952060514993919,0.3542470555425059,0.05054689295810218]",1
v3.1,c530bf2cab2728a7,arctan,independent,10,1.0,variance_tail,1,9.986024340677592e-18,0.007569594237950033,0.28787180633554177,"[0.5952060514993919,0.3542470555425059,0.05054689295810218]",0
v3.1,c530bf2cab2728a7,arctan,independent,10,1.0,moment3_tail,1,6.947198261683741e-17,0.009040886717113835,0.28908442155631814,"[0.5742018125183589,0.3734283763900147,0.05236981109162643]",0
v3.1,c530bf2cab2728a7,arctan,independent,10,1.0,moment5_tail,1,3.1240655922765036e-14,-0.024110939149168717,0.7778270461521748,"[0.605011072939996,0.34432558837160504,0.05066333868839894]",1
v3.1,c530bf2cab2728a7,arctan,independent,10,1.0,exact,1,7.511708844062461e-12,4.824023044328399e-05,0.4880976110960316,"[0.5929396541966759,0.3556198036604664,0.05144054214285771]",0
v3.1,c530bf2cab2728a7,arctan,independent,10,1.4,classical,1,2.5206037400491954e-17,-0.00444773351293614,0.6033940355444983,"[0.5952060514993919,0.3542470555425059,0.05054689295810218]",1
v3.1,c530bf2cab2728a7,arctan,independent,10,1.4,variance_tail,1,1.0755938210203963e-17,0.37635597522831765,0.0,"[0.5952060514993919,0.3542470555425059,0.05054689295810218]",0
v3.1,c530bf2cab2728a7,arctan,independent,10,1.4,moment3_tail,1,1.5671874080607825e-13,0.324187831914615,0.0,"[0.6226914919767127,0.32420183433498745,0.05310667368829997]",0
v3.1,c530bf2cab2728a7,arctan,independent,10,1.4,moment5_tail,1,1.2632700242569775e-15,-0.10307881531806387,1.4355081534348049,"[0.6111711342945931,0.33939941590217104,0.049429449803235964]",1
v3.1,c530bf2cab2728a7,arctan,independent,10,1.4,exact,1,2.4367760921029404e-14,0.0012099727808639847,0.4389589808056628,"[0.592132301185534,0.35588751392591367,0.051980184888552314]",0
v3.1,c530bf2cab2728a7,arctan,independent,20,0.05,classical,1,2.5206037400491954e-17,-0.00444773351293614,0.6033940355444983,"[0.5952060514993919,0.3542470555425059,0.05054689295810218]",1
v3.1,c530bf2cab2728a7,arctan,independent,20,0.05,variance_tail,1,2.3689263024987277e-17,-0.004432711853516666,0.6030699689677346,"[0.5952060514993919,0.3542470555425059,0.05054689295810218]",1
v3.1,c530bf2cab2728a7,arctan,independent,20,0.05,moment3_tail,1,4.233467919557464e-16,-0.004432180913254778,0.6030788177073104,"[0.5952020298221976,0.3542502595404136,0.05054771063738869]",1
v3.1,c530bf2cab2728a7,arctan,independent,20,0.05,moment5_tail,1,4.1297904359628023e-16,-0.004432228974127303,0.6030795906201958,"[0.5952020488650496,0.35425024155684426,0.05054770957810619]",1
v3.1,c530bf2cab2728a7,arctan,independent,20,0.05,exact,1,4.149385129316776e-16,-0.004432228691321302,0.6030795872959982,"[0.5952020487435411,0.35425024167400876,0.05054770958245016]",1
v3.1,c530bf2cab2728a7,arctan,independent,20,0.1,classical,1,2.5206037400491954e-17,-0.00444773351293614,0.6033940355444983,"[0.5952060514993919,0.3542470555425059,0.05054689295810218]",1
v3.1,c530bf2cab2728a7,arctan,independent,20,0.1,variance_tail,1,2.3633381248102367e-17,-0.004387646874451451,0.602097214813879,"[0.5952060514993919,0.3542470555425059,0.05054689295810218]",1
v3.1,c530bf2cab2728a7,arctan,independent,20,0.1,moment3_tail,1,2.6727877146049917e-14,-0.004385519844358608,0.6021326058776972,"[0.595189926118159,0.3542599079727057,0.05055016590913521]",1
v3.1,c530bf2cab2728a7,arctan,independent,20,0.1,moment5_tail,1,2.584135454159673e-14,-0.004386288501838705,0.6021449862102695,"[0.5951902320120033,0.3542596190648244,0.05055014892317227]",1
v3.1,c530bf2cab2728a7,arctan,independent,20,0.1,exact,1,2.586866643308735e-14,-0.004386274559977192,0.6021447763544665,"[0.5951902243866689,0.3542596264173563,0.05055014919597479]",1
v3.1,c530bf2cab2728a7,arctan,independent,20,0.2,classical,1,2.5206037400491954e-17,-0.00444773351293614,0.6033940355444983,"[0.5952060514993919,0.3542470555425059,0.05054689295810218]",1
v3.1,c530bf2cab2728a7,arctan,independent,20,0.2,variance_tail,1,2.34099881756723e-17,-0.004207386958190812,0.5981978096500606,"[0.5952060514993919,0.3542470555425059,0.05054689295810218]",1
v3.1,c530bf2cab2728a7,arctan,independent,20,0.2,moment3_tail,1,4.427888504590846e-17,-0.004198828421875168,0.5983393100804787,"[0.5951409228506914,0.35429905640531795,0.050560020743990686]",1
v3.1,c530bf2cab2728a7,arctan,independent,20,0.2,moment5_tail,1,6.084493279728737e-17,-0.004211130468555702,0.5985382484416915,"[0.5951458937510701,0.3542943596589833,0.05055974658994655]",1
v3.1,c530bf2cab2728a7,arctan,independent,20,0.2,exact,1,4.408347207810987e-17,-0.004210297559731242,0.5985256347277744,"[0.5951454398616903,0.3542947972640893,0.05055976287422042]",1
v3.1,c530bf2cab2728a7,arctan,independent,20,0.3,classical,1,2.5206037400491954e-17,-0.00444773351293614,0.6033940355444983,"[0.5952060514993919,0.3542470555425059,0.05054689295810218]",1
v3.1,c530bf2cab2728a7,arctan,independent,20,0.3,variance_tail,1,2.303815643127936e-17,-0.003906953764422745,0.5916684010699701,"[0.5952060514993919,0.3542470555425059,0.05054689295810218]",1
v3.1,c530bf2cab2728a7,arctan,independent,20,0.3,moment3_tail,1,9.588648506111016e-16,-0.003887505507334736,0.5919865248186513,"[0.595057091221047,0.354366341405471,0.05057656737348199]",1
v3.1,c530bf2cab2728a7,arctan,independent,20,0.3,moment5_tail,1,9.868398902960722e-16,-0.003949822389426226,0.5930006389027008,"[0.5950828876402932,0.3543419525974763,0.050575159762230634]",1
v3.1,c530bf2cab2728a7,arctan,independent,20,0.3,exact,1,1.008396360636038e-15,-0.0039412506568336295,0.5928696487807069,"[0.595078229936401,0.35434644241128727,0.05057532765231174]",1
v3.1,c530bf2cab2728a7,arctan,independent,20,0.5,classical,1,2.5206037400491954e-17,-0.00444773351293614,0.6033940355444983,"[0.5952060514993919,0.3542470555425059,0.05054689295810218]",1
v3.1,c530bf2cab2728a7,arctan,independent,20,0.5,variance_tail,1,2.185274705092354e-17,-0.002945567544365559,0.5705048525373423,"[0.5952060514993919,0.3542470555425059,0.05054689295810218]",1
v3.1,c530bf2cab2728a7,arctan,independent,20,0.5,moment3_tail,1,4.9515148003676555e-14,-0.0028897824755314064,0.5713858814790547,"[0.5947689871452534,0.35460042466703023,0.050630588187716395]",1
v3.1,c530bf2cab2728a7,arctan,independent,20,0.5,moment5_tail,1,4.7748794105419706e-14,-0.0033714627766331107,0.5793673858231414,"[0.5949822945159727,0.3543984337522537,0.05061927173177353]",1
v3.1,c530bf2cab2728a7,arctan,independent,20,0.5,exact,1,5.155200901838731e-14,-0.0032291855069273845,0.5771441005632607,"[0.5949049678099856,0.3544729286967479,0.05062210349326639]",1
v3.1,c530bf2cab2728a7,arctan,independent,20,0.7,classical,1,2.5206037400491954e-17,-0.00444773351293614,0.6033940355444983,"[0.5952060514993919,0.3542470555425059,0.05054689295810218]",1
v3.1,c530bf2cab2728a7,arctan,independent,20,0.7,variance_tail,1,2.0089461134638064e-17,-0.0015034882142802054,0.5379040275496823,"[0.5952060514993919,0.3542470555425059,0.05054689295810218]",1
v3.1,c530bf2cab2728a7,arctan,independent,20,0.7,moment3_tail,1,8.216347040093385e-16,-0.0013885692934594365,0.5396192596247839,"[0.5942690709125863,0.3550159485615239,0.05071498052588986]",1
v3.1,c530bf2cab2728a7,arctan,independent,20,0.7,moment5_tail,1,1.2158983076542324e-13,-0.0032425712554858127,0.5709627987741939,"[0.5951498949284878,0.3541807370573605,0.0506693680141517]",1
v3.1,c530bf2cab2728a7,arctan,independent,20,0.7,exact,1,5.989316616679461e-13,-0.002430631249736047,0.5580466460787281,"[0.5947132053382488,0.3546009296334267,0.05068586502832442]",1
v3.1,c530bf2cab2728a7,arctan,independent,20,1.0,classical,1,2.5206037400491954e-17,-0.00444773351293614,0.6033940355444983,"[0.5952060514993919,0.3542470555425059,0.05054689295810218]",1
v3.1,c530bf2cab2728a7,arctan,independent,20,1.0,variance_tail,1,1.6425536606350108e-17,0.0015609303621519632,0.46430163398475716,"[0.5952060514993919,0.3542470555425059,0.05054689295810218]",0
v3.1,c530bf2cab2728a7,arctan,independent,20,1.0,moment3_tail,1,3.3819570733926174e-15,0.0018247315455744602,0.4676700568335426,"[0.5927981985301611,0.3562905700800548,0.05091123138978405]",0
v3.1,c530bf2cab2728a7,arctan,independent,20,1.0,moment5_tail,1,1.2795474221602846e-12,-0.005909670302743843,0.6000990808726124,"[0.5965985365952649,0.35268947368416587,0.05071198972056925]",1
v3.1,c530bf2cab2728a7,arctan,independent,20,1.0,exact,1,1.7427068788418372e-14,-0.0012896002928883162,0.5274064399122464,"[0.5944316006140139,0.3547645276591159,0.050803871726870085]",1
v3.1,c530bf2cab2728a7,arctan,independent,20,1.4,classical,1,2.5206037400491954e-17,-0.00444773351293614,0.6033940355444983,"[0.5952060514993919,0.3542470555425059,0.05054689295810218]",1
v3.1,c530bf2cab2728a7,arctan,independent,20,1.4,variance_tail,1,1.0206751104435635e-17,0.007329247682494662,0.2964371799008138,"[0.5952060514993919,0.3542470555425059,0.05054689295810218]",0
v3.1,c530bf2cab2728a7,arctan,independent,20,1.4,moment3_tail,1,1.585150368035338e-15,0.008116063123943225,0.29688437671234547,"[0.585096009515907,0.36348210350950416,0.05142188697458879]",0
v3.1,c530bf2cab2728a7,arctan,independent,20,1.4,moment5_tail,1,1.1794739992279831e-12,-0.021724524206064202,0.7911921076152989,"[0.5999901605586659,0.3493913695870863,0.05061846985424778]",1
v3.1,c530bf2cab2728a7,arctan,independent,20,1.4,exact,1,2.119741695910156e-13,-4.886904994979083e-05,0.4876672152112706,"[0.5940935195493009,0.35492232834046056,0.0509841521102386]",1
v3.1,c530bf2cab2728a7,arctan,independent,inf,0.05,classical,1,2.5206037400491954e-17,-0.00444773351293614,0.6033940355444983,"[0.5952060514993919,0.3542470555425059,0.05054689295810218]",1
v3.1,c530bf2cab2728a7,arctan,independent,inf,0.05,variance_tail,1,2.3707893225071155e-17,-0.004447733513206167,0.6033940355442001,"[0.5952060514993919,0.3542470555425059,0.05054689295810218]",1
v3.1,c530bf2cab2728a7,arctan,independent,inf,0.05,moment3_tail,1,2.370789326151517e-17,-0.004447733513206167,0.6033940355442001,"[0.5952060514993919,0.3542470555425059,0.05054689295810218]",1
v3.1,c530bf2cab2728a7,arctan,independent,inf,0.05,moment5_tail,1,2.3707893261515185e-17,-0.004447733513206167,0.6033940355442001,"[0.5952060514993919,0.3542470555425059,0.05054689295810218]",1
v3.1,c530bf2cab2728a7,arctan,independent,inf,0.05,exact,1,2.3707893225071155e-17,-0.004447733513206167,0.6033940355442001,"[0.5952060514993919,0.3542470555425059,0.05054689295810218]",1
v3.1,c530bf2cab2728a7,arctan,independent,inf,0.1,classical,1,2.5206037400491954e-17,-0.00444773351293614,0.6033940355444983,"[0.5952060514993919,0.3542470555425059,0.05054689295810218]",1
v3.1,c530bf2cab2728a7,arctan,independent,inf,0.1,variance_tail,1,2.3707893225071155e-17,-0.0044477335132095674,0.6033940355441455,"[0.5952060514993919,0.3542470555425059,0.05054689295810218]",1
v3.1,c530bf2cab2728a7,arctan,independent,inf,0.1,moment3_tail,1,2.3707893370847217e-17,-0.0044477335132095674,0.6033940355441455,"[0.5952060514993919,0.3542470555425059,0.05054689295810218]",1
v3.1,c530bf2cab2728a7,arctan,independent,inf,0.1,moment5_tail,1,2.370789337084742e-17,-0.0044477335132095674,0.6033940355441455,"[0.5952060514993919,0.3542470555425059,0.05054689295810218]",1
v3.1,c530bf2cab2728a7,arctan,independent,inf,0.1,exact,1,2.3707893225071155e-17,-0.0044477335132093385,0.6033940355441453,"[0.5952060514993919,0.3542470555425059,0.05054689295810218]",1
v3.1,c530bf2cab2728a7,arctan,independent,inf,0.2,classical,1,2.5206037400491954e-17,-0.00444773351293614,0.6033940355444983,"[0.5952060514993919,0.3542470555425059,0.05054689295810218]",1
v3.1,c530bf2cab2728a7,arctan,independent,inf,0.2,variance_tail,1,2.3707893225071155e-17,-0.004447733513222654,0.6033940355439268,"[0.5952060514993919,0.3542470555425059,0.05054689295810218]",1
v3.1,c530bf2cab2728a7,arctan,independent,inf,0.2,moment3_tail,1,2.3707893808175414e-17,-0.004447733513222654,0.6033940355439268,"[0.5952060514993919,0.3542470555425059,0.05054689295810218]",1
v3.1,c530bf2cab2728a7,arctan,independent,inf,0.2,moment5_tail,1,2.3707893808178678e-17,-0.004447733513222654,0.6033940355439268,"[0.5952060514993919,0.3542470555425059,0.05054689295810218]",1
v3.1,c530bf2cab2728a7,arctan,independent,inf,0.2,exact,1,2.3707893225071155e-17,-0.004447733513222654,0.6033940355439268,"[0.5952060514993919,0.3542470555425059,0.05054689295810218]",1
v3.1,c530bf2cab2728a7,arctan,independent,inf,0.3,classical,1,2.5206037400491954e-17,-0.00444773351293614,0.6033940355444983,"[0.5952060514993919,0.3542470555425059,0.05054689295810218]",1
v3.1,c530bf2cab2728a7,arctan,independent,inf,0.3,variance_tail,1,2.3707893225071155e-17,-0.004447733513244789,0.6033940355435634,"[0.5952060514993919,0.3542470555425059,0.05054689295810218]",1
v3.1,c530bf2cab2728a7,arctan,independent,inf,0.3,moment3_tail,1,2.370789453705581e-17,-0.004447733513244789,0.6033940355435634,"[0.5952060514993919,0.3542470555425059,0.05054689295810218]",1
v3.1,c530bf2cab2728a7,arctan,independent,inf,0.3,moment5_tail,1,2.3707894537072303e-17,-0.004447733513244789,0.6033940355435634,"[0.5952060514993919,0.3542470555425059,0.05054689295810218]",1
v3.1,c530bf2cab2728a7,arctan,independent,inf,0.3,exact,1,2.3707893225071155e-17,-0.004447733513244789,0.6033940355435634,"[0.5952060514993919,0.3542470555425059,0.05054689295810218]",1
v3.1,c530bf2cab2728a7,arctan,independent,inf,0.5,classical,1,2.5206037400491954e-17,-0.00444773351293614,0.6033940355444983,"[0.5952060514993919,0.3542470555425059,0.05054689295810218]",1
v3.1,c530bf2cab2728a7,arctan,independent,inf,0.5,variance_tail,1,2.3707893225071155e-17,-0.00444773351331542,0.6033940355423995,"[0.5952060514993919,0.3542470555425059,0.05054689295810218]",1
v3.1,c530bf2cab2728a7,arctan,independent,inf,0.5,moment3_tail,1,2.3707896869473565e-17,-0.00444773351331542,0.6033940355423995,"[0.5952060514993919,0.3542470555425059,0.05054689295810218]",1
v3.1,c530bf2cab2728a7,arctan,independent,inf,0.5,moment5_tail,1,2.3707896869600824e-17,-0.00444773351331542,0.6033940355423995,"[0.5952060514993919,0.3542470555425059,0.05054689295810218]",1
v3.1,c530bf2cab2728a7,arctan,independent,inf,0.5,exact,1,2.3707893225071155e-17,-0.00444773351331542,0.6033940355423995,"[0.5952060514993919,0.3542470555425059,0.05054689295810218]",1
v3.1,c530bf2cab2728a7,arctan,independent,inf,0.7,classical,1,2.5206037400491954e-17,-0.00444773351293614,0.6033940355444983,"[0.5952060514993919,0.3542470555425059,0.05054689295810218]",1
v3.1,c530bf2cab2728a7,arctan,independent,inf,0.7,variance_tail,1,2.3707893225071155e-17,-0.004447733513420905,0.6033940355406535,"[0.5952060514993919,0.3542470555425059,0.05054689295810218]",1
v3.1,c530bf2cab2728a7,arctan,independent,inf,0.7,moment3_tail,1,2.3707900368101638e-17,-0.004447733513420905,0.6033940355406535,"[0.5952060514993919,0.3542470555425059,0.05054689295810218]",1
v3.1,c530bf2cab2728a7,arctan,independent,inf,0.7,moment5_tail,1,2.3707900368590534e-17,-0.004447733513420905,0.6033940355406535,"[0.5952060514993919,0.3542470555425059,0.05054689295810218]",1
v3.1,c530bf2cab2728a7,arctan,independent,inf,0.7,exact,1,2.3707893225071155e-17,-0.004447733513420905,0.6033940355406535,"[0.5952060514993919,0.3542470555425059,0.05054689295810218]",1
v3.1,c530bf2cab2728a7,arctan,independent,inf,1.0,classical,1,2.5206037400491954e-17,-0.00444773351293614,0.6033940355444983,"[0.5952060514993919,0.3542470555425059,0.05054689295810218]",1
v3.1,c530bf2cab2728a7,arctan,independent,inf,1.0,variance_tail,1,2.3707893225071155e-17,-0.004447733513646079,0.6033940355369428,"[0.5952060514993919,0.3542470555425059,0.05054689295810218]",1
v3.1,c530bf2cab2728a7,arctan,independent,inf,1.0,moment3_tail,1,2.3707907802692026e-17,-0.004447733513646079,0.6033940355369428,"[0.5952060514993919,0.3542470555425059,0.05054689295810218]",1
v3.1,c530bf2cab2728a7,arctan,independent,inf,1.0,moment5_tail,1,2.3707907804728252e-17,-0.004447733513646079,0.6033940355369428,"[0.5952060514993919,0.3542470555425059,0.05054689295810218]",1
v3.1,c530bf2cab2728a7,arctan,independent,inf,1.0,exact,1,2.3707893225071155e-17,-0.004447733513646079,0.6033940355369428,"[0.5952060514993919,0.3542470555425059,0.05054689295810218]",1
v3.1,c530bf2cab2728a7,arctan,independent,inf,1.4,classical,1,2.5206037400491954e-17,-0.00444773351293614,0.6033940355444983,"[0.5952060514993919,0.3542470555425059,0.05054689295810218]",1
v3.1,c530bf2cab2728a7,arctan,independent,inf,1.4,variance_tail,1,2.3707893225071155e-17,-0.004447733514069234,0.6033940355299593,"[0.5952060514993919,0.3542470555425059,0.05054689295810218]",1
v3.1,c530bf2cab2728a7,arctan,independent,inf,1.4,moment3_tail,1,2.3707921797236248e-17,-0.004447733514069234,0.6033940355299593,"[0.5952060514993919,0.3542470555425059,0.05054689295810218]",1
v3.1,c530bf2cab2728a7,arctan,independent,inf,1.4,moment5_tail,1,2.3707921805058642e-17,-0.004447733514069234,0.6033940355299593,"[0.5952060514993919,0.3542470555425059,0.05054689295810218]",1
v3.1,c530bf2cab2728a7,arctan,independent,inf,1.4,exact,1,2.3707893225071155e-17,-0.004447733514069199,0.6033940355299591,"[0.5952060514993919,0.3542470555425059,0.05054689295810218]",1
v3.1,c530bf2cab2728a7,arctan,common,1,0.05,classical,1,2.5206037400491954e-17,-0.00444773351293614,0.6033940355444983,"[0.5952060514993919,0.3542470555425059,0.05054689295810218]",1
v3.1,c530bf2cab2728a7,arctan,common,1,0.05,variance_tail,1,7.546051322976343e-18,-0.004137307312369443,0.5957143419426653,"[0.5952060514993919,0.354247055542506,0.05054689295810217]",1
v3.1,c530bf2cab2728a7,arctan,common,1,0.05,moment3_tail,1,2.2608236899113292e-14,-0.0045052163045505855,0.6016754767309254,"[0.5925665490687831,0.3557240224225658,0.0517094285086511]",1
v3.1,c530bf2cab2728a7,arctan,common,1,0.05,moment5_tail,1,3.2367072702675406e-11,-0.00449405371979851,0.6016941960771311,"[0.5926577463568802,0.3556862145574365,0.05165603908568333]",1
v3.1,c530bf2cab2728a7,arctan,common,1,0.05,exact,1,3.2744934532835455e-11,-0.004494835562999587,0.6016939703314419,"[0.5926543220101634,0.35568693655356143,0.05165874143627512]",1
v3.1,c530bf2cab2728a7,arctan,common,1,0.1,classical,1,2.5206037400491954e-17,-0.00444773351293614,0.6033940355444983,"[0.5952060514993919,0.3542470555425059,0.05054689295810218]",1
v3.1,c530bf2cab2728a7,arctan,common,1,0.1,variance_tail,1,7.068625654616399e-18,-0.003206028495371674,0.5724353475347949,"[0.5952060514993919,0.354247055542506,0.05054689295810217]",1
v3.1,c530bf2cab2728a7,arctan,common,1,0.1,moment3_tail,1,8.957025927733944e-14,-0.004687188163505086,0.5965229576282614,"[0.5842856672453312,0.3601989761054283,0.055515356649240566]",1
v3.1,c530bf2cab2728a7,arctan,common,1,0.1,moment5_tail,1,1.3080375945866758e-14,-0.004498265089664895,0.5968030988200203,"[0.5858398765821472,0.3596042851881705,0.05455583822968235]",1
v3.1,c530bf2cab2728a7,arctan,common,1,0.1,exact,1,1.8434444189768412e-14,-0.004542546661455239,0.5967925198126882,"[0.5856330032446333,0.3596462259775504,0.05472077077781624]",1
v3.1,c530bf2cab2728a7,arctan,common,1,0.2,classical,1,2.5206037400491954e-17,-0.00444773351293614,0.6033940355444983,"[0.5952060514993919,0.3542470555425059,0.05054689295810218]",1
v3.1,c530bf2cab2728a7,arctan,common,1,0.2,variance_tail,1,5.1589747540035096e-18,0.0005190867726194252,0.4747672026067575,"[0.5952060514993919,0.354247055542506,0.05054689295810217]",0
v3.1,c530bf2cab2728a7,arctan,common,1,0.2,moment3_tail,1,2.459262132373311e-14,-0.005540472601105871,0.5769716783121499,"[0.5443543651456718,0.3780076967414717,0.07763793811285649]",1
v3.1,c530bf2cab2728a7,arctan,common,1,0.2,moment5_tail,1,5.10195176434848e-17,-0.0023461365453473423,0.5800633797516657,"[0.574484641786342,0.36932030112305003,0.0561950570906081]",1
v3.1,c530bf2cab2728a7,arctan,common,1,0.2,exact,1,6.923191828813147e-13,-0.004039647662711615,0.5794906720659467,"[0.5641431401848636,0.371531968319929,0.06432489149520738]",1
v3.1,c530bf2cab2728a7,arctan,common,1,0.3,classical,1,2.5206037400491954e-17,-0.00444773351293614,0.6033940355444983,"[0.5952060514993919,0.3542470555425059,0.05054689295810218]",1
v3.1,c530bf2cab2728a7,arctan,common,1,0.3,variance_tail,1,1.976926026699161e-18,0.006727612219271286,0.2793449382863202,"[0.5952060514993919,0.354247055542506,0.05054689295810217]",0
v3.1,c530bf2cab2728a7,arctan,common,1,0.3,moment3_tail,0,0.0,,,"[1.0,9.536811887294084e-164,7.17468194577765e-166]",
v3.1,c530bf2cab2728a7,arctan,common,1,0.3,moment5_tail,1,8.734126652250076e-16,0.00379565778829153,0.5687785762494321,"[0.6109699403554334,0.35570335658913677,0.03332670305542988]",0
v3.1,c530bf2cab2728a7,arctan,common,1,0.3,exact,1,2.1608522129405753e-14,-0.0026326509578030732,0.556154023194814,"[0.5410053300566647,0.38340470207792887,0.0755899678654064]",1
v3.1,c530bf2cab2728a7,arctan,common,1,0.5,classical,1,2.5206037400491954e-17,-0.00444773351293614,0.6033940355444983,"[0.5952060514993919,0.3542470555425059,0.05054689295810218]",1
v3.1,c530bf2cab2728a7,arctan,common,1,0.5,variance_tail,1,8.210713489235834e-18,0.4733221974871294,0.0,"[0.5952060514993919,0.354247055542506,0.05054689295810217]",0
v3.1,c530bf2cab2728a7,arctan,common,1,0.5,moment3_tail,0,0.0,,,"[1.0,4.986605048830254e-170,1.6835904600987677e-169]",
v3.1,c530bf2cab2728a7,arctan,common,1,0.5,moment5_tail,1,3.338818228838916e-11,0.004237326526549267,0.6168352814013143,"[0.8322213166118001,0.16280432739778788,0.004974355990412176]",0
v3.1,c530bf2cab2728a7,arctan,common,1,0.5,exact,1,1.1159179183476732e-13,0.0007478980522997447,0.5050340424693985,"[0.5038074570735155,0.39847830502597076,0.09771423790051373]",0
v3.1,c530bf2cab2728a7,arctan,common,1,0.7,classical,1,2.5206037400491954e-17,-0.00444773351293614,0.6033940355444983,"[0.5952060514993919,0.3542470555425059,0.05054689295810218]",1
v3.1,c530bf2cab2728a7,arctan,common,1,0.7,variance_tail,1,2.5970722073990628e-17,0.30482615885403513,0.0,"[0.5952060514993919,0.354247055542506,0.05054689295810215]",0
v3.1,c530bf2cab2728a7,arctan,common,1,0.7,moment3_tail,0,0.0,,,"[1.0,3.0798366255043046e-165,8.47862247059707e-164]",
v3.1,c530bf2cab2728a7,arctan,common,1,0.7,moment5_tail,1,7.376430734446517e-15,0.0005223347865419854,0.7545846178059608,"[0.9329942570852424,0.06583718677700175,0.001168556137755901]",0
v3.1,c530bf2cab2728a7,arctan,common,1,0.7,exact,1,3.352121633846764e-13,0.0031653956417826215,0.45802272892668355,"[0.4784171345857314,0.4040419353605174,0.11754093005375119]",0
v3.1,c530bf2cab2728a7,arctan,common,1,1.0,classical,1,2.5206037400491954e-17,-0.00444773351293614,0.6033940355444983,"[0.5952060514993919,0.3542470555425059,0.05054689295810218]",1
v3.1,c530bf2cab2728a7,arctan,common,1,1.0,variance_tail,1,5.595575272494882e-17,0.11972277534833942,1.5619002498860979,"[0.5952060514993919,0.354247055542506,0.05054689295810217]",0
v3.1,c530bf2cab2728a7,arctan,common,1,1.0,moment3_tail,0,9.652460372168911e-150,,,"[1.9299889546811643e-149,1.0,1.6860389406943235e-175]",
v3.1,c530bf2cab2728a7,arctan,common,1,1.0,moment5_tail,1,1.1886817183792592e-12,-0.0007829152183297374,1.2655211145843654,"[0.9573097980012703,0.042427359946767745,0.00026284205196193015]",1
v3.1,c530bf2cab2728a7,arctan,common,1,1.0,exact,1,1.862096168879912e-15,0.004985894510624311,0.4002708732898731,"[0.45300090557327194,0.40402469382824463,0.14297440059848354]",0
v3.1,c530bf2cab2728a7,arctan,common,1,1.4,classical,1,2.5206037400491954e-17,-0.00444773351293614,0.6033940355444983,"[0.5952060514993919,0.3542470555425059,0.05054689295810218]",1
v3.1,c530bf2cab2728a7,arctan,common,1,1.4,variance_tail,1,1.1706978946506214e-16,0.23892646392405836,3.910905705896174,"[0.5952060514993919,0.354247055542506,0.05054689295810217]",0
v3.1,c530bf2cab2728a7,arctan,common,1,1.4,moment3_tail,0,1.1003566381111267e-147,,,"[2.3063772542769469e-147,1.0,7.369728642711939e-198]",
v3.1,c530bf2cab2728a7,arctan,common,1,1.4,moment5_tail,1,4.849332421851279e-13,-0.0010978036614523925,2.448399728292302,"[0.9594908441537229,0.04044362913000283,6.552671627437271e-05]",1
v3.1,c530bf2cab2728a7,arctan,common,1,1.4,exact,1,9.585316560047245e-16,0.005648922126073923,0.34251298327978713,"[0.43089957296451775,0.39875340349141286,0.1703470235440694]",0
v3.1,c530bf2cab2728a7,arctan,common,2,0.05,classical,1,2.5206037400491954e-17,-0.00444773351293614,0.6033940355444983,"[0.5952060514993919,0.3542470555425059,0.05054689295810218]",1
v3.1,c530bf2cab2728a7,arctan,common,2,0.05,variance_tail,1,7.625622608231408e-18,-0.0042925204485362925,0.5995589618411967,"[0.5952060514993919,0.354247055542506,0.05054689295810217]",1
v3.1,c530bf2cab2728a7,arctan,common,2,0.05,moment3_tail,1,3.725974915591597e-14,-0.004383941582709917,0.6010421079525835,"[0.5945490297399494,0.3546176646576465,0.05083330560240418]",1
v3.1,c530bf2cab2728a7,arctan,common,2,0.05,moment5_tail,1,3.384115962399124e-14,-0.004385556326313572,0.6010873275521363,"[0.5945696406625938,0.35460200063066905,0.050828358706737124]",1
v3.1,c530bf2cab2728a7,arctan,common,2,0.05,exact,1,3.402772555275534e-14,-0.00438553582078173,0.6010859255334827,"[0.5945690331883663,0.3546024503988945,0.050828516412739264]",1
v3.1,c530bf2cab2728a7,arctan,common,2,0.1,classical,1,2.5206037400491954e-17,-0.00444773351293614,0.6033940355444983,"[0.5952060514993919,0.3542470555425059,0.05054689295810218]",1
v3.1,c530bf2cab2728a7,arctan,common,2,0.1,variance_tail,1,7.386909031771229e-18,-0.0038268810400391914,0.5879957140345137,"[0.5952060514993919,0.354247055542506,0.05054689295810217]",1
v3.1,c530bf2cab2728a7,arctan,common,2,0.1,moment3_tail,1,2.2278907125036705e-14,-0.00418812419538208,0.5938974286880552,"[0.592524586911171,0.3557595516442265,0.0517158614446024]",1
v3.1,c530bf2cab2728a7,arctan,common,2,0.1,moment5_tail,1,2.7419348719910945e-11,-0.004214679242521009,0.5946375914839288,"[0.5928645214550667,0.3555022581513515,0.0516332203935818]",1
v3.1,c530bf2cab2728a7,arctan,common,2,0.1,exact,1,2.8721177638210972e-11,-0.0042132280402713135,0.5945557435960444,"[0.5928280312265347,0.3555294774359074,0.05164249133755789]",1
v3.1,c530bf2cab2728a7,arctan,common,2,0.2,classical,1,2.5206037400491954e-17,-0.00444773351293614,0.6033940355444983,"[0.5952060514993919,0.3542470555425059,0.05054689295810218]",1
v3.1,c530bf2cab2728a7,arctan,common,2,0.2,variance_tail,1,6.432064556296437e-18,-0.001964323406050142,0.5407723839086713,"[0.5952060514993919,0.354247055542506,0.05054689295810217]",1
v3.1,c530bf2cab2728a7,arctan,common,2,0.2,moment3_tail,1,8.82465917749273e-14,-0.00332963709240916,0.5638379889866417,"[0.5835238636298009,0.36083349141527676,0.05564264495492226]",1
v3.1,c530bf2cab2728a7,arctan,common,2,0.2,moment5_tail,1,1.2719203615071832e-15,-0.0037963469335655503,0.5766504429262239,"[0.5895735114370532,0.35632905647837404,0.05409743208457284]",1
v3.1,c530bf2cab2728a7,arctan,common,2,0.2,exact,1,5.826887254641329e-15,-0.0036976817559753183,0.5726696760367502,"[0.5876758393556535,0.35775539574463794,0.05456876489970859]",1
v3.1,c530bf2cab2728a7,arctan,common,2,0.3,classical,1,2.5206037400491954e-17,-0.00444773351293614,0.6033940355444983,"[0.5952060514993919,0.3542470555425059,0.05054689295810218]",1
v3.1,c530bf2cab2728a7,arctan,common,2,0.3,variance_tail,1,4.840712158362926e-18,0.0011399393172648598,0.45756732015559975,"[0.5952060514993919,0.354247055542506,0.05054689295810217]",0
v3.1,c530bf2cab2728a7,arctan,common,2,0.3,moment3_tail,1,2.2024339479425854e-13,-0.0015360030539687958,0.506918439938577,"[0.5642219673147072,0.3716687476793081,0.06410928500598481]",1
v3.1,c530bf2cab2728a7,arctan,common,2,0.3,moment5_tail,1,6.624845974727172e-17,-0.004125932953486594,0.5770739840613103,"[0.5986049200274521,0.3467298470111306,0.054665232961417266]",1
v3.1,c530bf2cab2728a7,arctan,common,2,0.3,exact,1,3.2669409711960914e-16,-0.003214086655243288,0.5451502160026176,"[0.5826229770093595,0.3586683424271573,0.05870868056348314]",1
v3.1,c530bf2cab2728a7,arctan,common,2,0.5,classical,1,2.5206037400491954e-17,-0.00444773351293614,0.6033940355444983,"[0.5952060514993919,0.3542470555425059,0.05054689295810218]",1
v3.1,c530bf2cab2728a7,arctan,common,2,0.5,variance_tail,1,2.6484608717373334e-19,0.10023503682290114,0.0,"[0.5952060514993919,0.354247055542506,0.05054689295810217]",0
v3.1,c530bf2cab2728a7,arctan,common,2,0.5,moment3_tail,0,1.3168283939748558e-159,,,"[9.40635202127959e-162,1.0,7.154977283299579e-159]",
v3.1,c530bf2cab2728a7,arctan,common,2,0.5,moment5_tail,1,2.1519368792766536e-14,-0.009518077319793039,0.7257728679222503,"[0.6914133156302623,0.2705817464954044,0.038004937874333365]",1
v3.1,c530bf2cab2728a7,arctan,common,2,0.5,exact,1,1.6291750188954547e-13,-0.002741758175367273,0.4895434603723286,"[0.576298181869474,0.3549378464894983,0.0687639716410277]",1
v3.1,c530bf2cab2728a7,arctan,common,2,0.7,classical,1,2.5206037400491954e-17,-0.00444773351293614,0.6033940355444983,"[0.5952060514993919,0.3542470555425059,0.05054689295810218]",1
v3.1,c530bf2cab2728a7,arctan,common,2,0.7,variance_tail,1,7.892426411862766e-18,0.4679748335692485,0.0,"[0.5952060514993919,0.354247055542506,0.05054689295810217]",0
v3.1,c530bf2cab2728a7,arctan,common,2,0.7,moment3_tail,0,4.557341003982694e-153,,,"[1.0,7.443121929427802e-153,6.147165537071533e-153]",
v3.1,c530bf2cab2728a7,arctan,common,2,0.7,moment5_tail,1,1.0637753093904773e-14,-0.019135399893527846,0.9952008197758421,"[0.7748141064523757,0.20632714311169834,0.018858750435926]",1
v3.1,c530bf2cab2728a7,arctan,common,2,0.7,exact,1,1.2409852827533382e-13,-0.0026996159824200887,0.44173518409594953,"[0.5736374778196859,0.34693366154958005,0.07942886063073405]",1
v3.1,c530bf2cab2728a7,arctan,common,2,1.0,classical,1,2.5206037400491954e-17,-0.00444773351293614,0.6033940355444983,"[0.5952060514993919,0.3542470555425059,0.05054689295810218]",1
v3.1,c530bf2cab2728a7,arctan,common,2,1.0,variance_tail,1,2.6783671209410154e-17,0.26145237463639814,0.0,"[0.5952060514993919,0.354247055542506,0.05054689295810215]",0
v3.1,c530bf2cab2728a7,arctan,common,2,1.0,moment3_tail,0,0.0,,,"[1.0,1.9732446987818847e-171,5.819143962917841e-180]",
v3.1,c530bf2cab2728a7,arctan,common,2,1.0,moment5_tail,1,1.1138187096962574e-12,-0.030879811129154743,1.6713611566568853,"[0.811756008272039,0.18207138576275056,0.0061726059652103685]",1
v3.1,c530bf2cab2728a7,arctan,common,2,1.0,exact,1,1.5553051798978208e-13,-0.0027961155544793947,0.38560146866466943,"[0.571879826939082,0.3334324584579997,0.09468771460291833]",1
v3.1,c530bf2cab2728a7,arctan,common,2,1.4,classical,1,2.5206037400491954e-17,-0.00444773351293614,0.6033940355444983,"[0.5952060514993919,0.3542470555425059,0.05054689295810218]",1
v3.1,c530bf2cab2728a7,arctan,common,2,1.4,variance_tail,1,5.468254431911644e-17,0.11723936516924624,1.5115769509265637,"[0.5952060514993919,0.354247055542506,0.05054689295810217]",0
v3.1,c530bf2cab2728a7,arctan,common,2,1.4,moment3_tail,0,0.0,,,"[1.0,2.1735607268707093e-165,4.35215277601369e-175]",
v3.1,c530bf2cab2728a7,arctan,common,2,1.4,moment5_tail,1,7.222634599555644e-11,-0.03572147915572779,3.1289408695235563,"[0.8172715140311155,0.18104015782031238,0.00168832814857209]",1
v3.1,c530bf2cab2728a7,arctan,common,2,1.4,exact,1,2.432481935040642e-17,-0.002780551943207272,0.3312131089343947,"[0.5697341310174664,0.3177377110326505,0.11252815794988304]",1
v3.1,c530bf2cab2728a7,arctan,common,3,0.05,classical,1,2.5206037400491954e-17,-0.00444773351293614,0.6033940355444983,"[0.5952060514993919,0.3542470555425059,0.05054689295810218]",1
v3.1,c530bf2cab2728a7,arctan,common,3,0.05,variance_tail,1,7.652146389955228e-18,-0.004344258160592043,0.6008383713910227,"[0.5952060514993919,0.354247055542506,0.05054689295810217]",1
v3.1,c530bf2cab2728a7,arctan,common,3,0.05,moment3_tail,1,3.9400255949627274e-13,-0.004384898263369241,0.6014974504572069,"[0.594914610410353,0.3544115944723945,0.05067379511725253]",1
v3.1,c530bf2cab2728a7,arctan,common,3,0.05,moment5_tail,1,3.7284598774218255e-13,-0.0043862076732895106,0.6015253148680758,"[0.5949216210288976,0.3544058878638321,0.05067249110727035]",1
v3.1,c530bf2cab2728a7,arctan,common,3,0.05,exact,1,3.7337580498419235e-13,-0.0043861811580052715,0.6015247041307114,"[0.5949214274384447,0.35440605534232517,0.05067251721923019]",1
v3.1,c530bf2cab2728a7,arctan,common,3,0.1,classical,1,2.5206037400491954e-17,-0.00444773351293614,0.6033940355444983,"[0.5952060514993919,0.3542470555425059,0.05054689295810218]",1
v3.1,c530bf2cab2728a7,arctan,common,3,0.1,variance_tail,1,7.493003850463758e-18,-0.004033831888261563,0.5931458669109638,"[0.5952060514993919,0.354247055542506,0.05054689295810217]",1
v3.1,c530bf2cab2728a7,arctan,common,3,0.1,moment3_tail,1,6.733052736856707e-13,-0.004194547476993507,0.5957674430330211,"[0.5940237133252475,0.3549163416351595,0.051059945039593026]",1
v3.1,c530bf2cab2728a7,arctan,common,3,0.1,moment5_tail,1,5.282222272589685e-13,-0.00421575057143269,0.5962186157888715,"[0.5941384342143275,0.35482299901083914,0.05103856677483328]",1
v3.1,c530bf2cab2728a7,arctan,common,3,0.1,exact,1,5.391057674788623e-13,-0.004214132716194259,0.5961820801369802,"[0.5941267966532983,0.35483305747996763,0.05104014586673424]",1
v3.1,c530bf2cab2728a7,arctan,common,3,0.2,classical,1,2.5206037400491954e-17,-0.00444773351293614,0.6033940355444983,"[0.5952060514993919,0.3542470555425059,0.05054689295810218]",1
v3.1,c530bf2cab2728a7,arctan,common,3,0.2,variance_tail,1,6.856437719090076e-18,-0.0027921267989399964,0.5619651034183744,"[0.5952060514993919,0.354247055542506,0.05054689295810217]",1
v3.1,c530bf2cab2728a7,arctan,common,3,0.2,moment3_tail,1,1.3089228375925738e-12,-0.003403602102218989,0.5722047582329459,"[0.5901890720150686,0.35711883458992294,0.05269209339500836]",1
v3.1,c530bf2cab2728a7,arctan,common,3,0.2,moment5_tail,1,2.6389634732893175e-13,-0.0037575758528053185,0.5797401128301651,"[0.5921787088072004,0.3555041704885184,0.05231712070428117]",1
v3.1,c530bf2cab2728a7,arctan,common,3,0.2,exact,1,4.122478785409935e-13,-0.003671301107733012,0.5778583814985472,"[0.5915742237606932,0.35602320253213376,0.0524025737071731]",1
v3.1,c530bf2cab2728a7,arctan,common,3,0.3,classical,1,2.5206037400491954e-17,-0.00444773351293614,0.6033940355444983,"[0.5952060514993919,0.3542470555425059,0.05054689295810218]",1
v3.1,c530bf2cab2728a7,arctan,common,3,0.3,variance_tail,1,5.795513070081001e-18,-0.0007226183167376374,0.5082735428742062,"[0.5952060514993919,0.354247055542506,0.05054689295810217]",1
v3.1,c530bf2cab2728a7,arctan,common,3,0.3,moment3_tail,1,8.551131927988703e-14,-0.0019624123759647213,0.5302810368779637,"[0.5826161607688901,0.36160499444068395,0.055778844790425976]",1
v3.1,c530bf2cab2728a7,arctan,common,3,0.3,moment5_tail,1,4.3349719335542366e-17,-0.003842082120891002,0.5704351593580237,"[0.5937084795507108,0.3526738563163032,0.053617664132985986]",1
v3.1,c530bf2cab2728a7,arctan,common,3,0.3,exact,1,2.720646083529785e-15,-0.003086342889062517,0.5541931383056462,"[0.5885119614959305,0.35707192118036346,0.05441611732370614]",1
v3.1,c530bf2cab2728a7,arctan,common,3,0.5,classical,1,2.5206037400491954e-17,-0.00444773351293614,0.6033940355444983,"[0.5952060514993919,0.3542470555425059,0.05054689295810218]",1
v3.1,c530bf2cab2728a7,arctan,common,3,0.5,variance_tail,1,2.4010497755076334e-18,0.0058998088263110485,0.30986303160509915,"[0.5952060514993919,0.354247055542506,0.05054689295810217]",0
v3.1,c530bf2cab2728a7,arctan,common,3,0.5,moment3_tail,1,1.3341159511573774e-13,0.004659264037575838,0.3553732668097261,"[0.5365374919924222,0.39221786607353465,0.07124464193404309]",0
v3.1,c530bf2cab2728a7,arctan,common,3,0.5,moment5_tail,1,2.5379725515555627e-16,-0.010054428435982678,0.6726688344753337,"[0.6290109037267055,0.3207442575012237,0.05024483877207071]",1
v3.1,c530bf2cab2728a7,arctan,common,3,0.5,exact,1,5.99122017393425e-16,-0.0022929045655423162,0.5046271577617638,"[0.5819947868992903,0.35829223450950315,0.05971297859120658]",1
v3.1,c530bf2cab2728a7,arctan,common,3,0.7,classical,1,2.5206037400491954e-17,-0.00444773351293614,0.6033940355444983,"[0.5952060514993919,0.3542470555425059,0.05054689295810218]",1
v3.1,c530bf2cab2728a7,arctan,common,3,0.7,variance_tail,1,2.6942509030029905e-18,0.3089074342747128,0.0,"[0.5952060514993919,0.354247055542506,0.05054689295810217]",0
v3.1,c530bf2cab2728a7,arctan,common,3,0.7,moment3_tail,0,1.4222002044865525e-157,,,"[1.0,1.2532683045393938e-158,1.6861061353795045e-157]",
v3.1,c530bf2cab2728a7,arctan,common,3,0.7,moment5_tail,1,5.1325475871408555e-14,-0.028149322618730238,1.0039395033860345,"[0.6796344326086885,0.2823716461519554,0.03799392123935606]",1
v3.1,c530bf2cab2728a7,arctan,common,3,0.7,exact,1,1.0619644294145856e-13,-0.002041553908891429,0.4600928488009425,"[0.5749808581018565,0.3590849389570608,0.06593420294108263]",1
v3.1,c530bf2cab2728a7,arctan,common,3,1.0,classical,1,2.5206037400491954e-17,-0.00444773351293614,0.6033940355444983,"[0.5952060514993919,0.3542470555425059,0.05054689295810218]",1
v3.1,c530bf2cab2728a7,arctan,common,3,1.0,variance_tail,1,1.3515604546870868e-17,0.5134677791273553,0.0,"[0.5952060514993919,0.354247055542506,0.05054689295810217]",0
v3.1,c530bf2cab2728a7,arctan,common,3,1.0,moment3_tail,0,4.81882613865022e-161,,,"[1.0,1.3169294172867902e-160,4.811860300118445e-162]",
v3.1,c530bf2cab2728a7,arctan,common,3,1.0,moment5_tail,1,8.144521574962296e-12,-0.07688708851365245,1.9285677122215374,"[0.7142738377939427,0.26381632164991387,0.021909840556143315]",1
v3.1,c530bf2cab2728a7,arctan,common,3,1.0,exact,1,1.0460841043548402e-15,-0.002218364603720137,0.40558437332443104,"[0.5637963013718127,0.36045902555226206,0.07574467307592522]",1
v3.1,c530bf2cab2728a7,arctan,common,3,1.4,classical,1,2.5206037400491954e-17,-0.00444773351293614,0.6033940355444983,"[0.5952060514993919,0.3542470555425059,0.05054689295810218]",1
v3.1,c530bf2cab2728a7,arctan,common,3,1.4,variance_tail,1,3.388682085499461e-17,0.07667699891764197,0.6422100999551589,"[0.5952060514993919,0.354247055542506,0.05054689295810217]",0
v3.1,c530bf2cab2728a7,arctan,common,3,1.4,moment3_tail,0,0.0,,,"[1.0,5.870609390251559e-172,6.226606393299489e-188]",
v3.1,c530bf2cab2728a7,arctan,common,3,1.4,moment5_tail,1,1.9211819513751578e-11,-0.15945082137633307,3.7402603047429848,"[0.7269756921134743,0.2623047925862704,0.01071951530025508]",1
v3.1,c530bf2cab2728a7,arctan,common,3,1.4,exact,1,1.1787041701790706e-11,-0.002753996227085047,0.35091228147742826,"[0.5489711266219333,0.3627750723072587,0.08825380107080802]",1
v3.1,c530bf2cab2728a7,arctan,common,5,0.05,classical,1,2.5206037400491954e-17,-0.00444773351293614,0.6033940355444983,"[0.5952060514993919,0.3542470555425059,0.05054689295810218]",1
v3.1,c530bf2cab2728a7,arctan,common,5,0.05,variance_tail,1,7.673365422404959e-18,-0.004385648330236566,0.6018611399102498,"[0.5952060514993919,0.354247055542506,0.05054689295810217]",1
v3.1,c530bf2cab2728a7,arctan,common,5,0.05,moment3_tail,1,6.598836401221149e-15,-0.004400292856607979,0.6020985023210849,"[0.5951013152130821,0.3543061906441639,0.05059249414275395]",1
v3.1,c530bf2cab2728a7,arctan,common,5,0.05,moment5_tail,1,6.39477831832333e-15,-0.004400927857122365,0.6021110087900836,"[0.5951029841401491,0.3543047760176793,0.05059223984217164]",1
v3.1,c530bf2cab2728a7,arctan,common,5,0.05,exact,1,6.377489119752474e-15,-0.0044009177509250555,0.602110820683799,"[0.5951029491224104,0.35430480840989087,0.05059224246769876]",1
v3.1,c530bf2cab2728a7,arctan,common,5,0.1,classical,1,2.5206037400491954e-17,-0.00444773351293614,0.6033940355444983,"[0.5952060514993919,0.3542470555425059,0.05054689295810218]",1
v3.1,c530bf2cab2728a7,arctan,common,5,0.1,variance_tail,1,7.577879826187718e-18,-0.004199392566839551,0.5972533472354719,"[0.5952060514993919,0.354247055542506,0.05054689295810217]",1
v3.1,c530bf2cab2728a7,arctan,common,5,0.1,moment3_tail,1,3.966552418862063e-15,-0.004257481717974208,0.598198657418681,"[0.5947834031036241,0.3544863675183797,0.05073022937799609]",1
v3.1,c530bf2cab2728a7,arctan,common,5,0.1,moment5_tail,1,1.4922769397827263e-12,-0.004267686935553801,0.5983999121410067,"[0.5948105067419404,0.35446338253373755,0.050726110724322176]",1
v3.1,c530bf2cab2728a7,arctan,common,5,0.1,exact,1,1.5046630293350358e-12,-0.00426707227426526,0.598388483863285,"[0.5948083871750266,0.3544653388823791,0.050726273942594304]",1
v3.1,c530bf2cab2728a7,arctan,common,5,0.2,classical,1,2.5206037400491954e-17,-0.00444773351293614,0.6033940355444983,"[0.5952060514993919,0.3542470555425059,0.05054689295810218]",1
v3.1,c530bf2cab2728a7,arctan,common,5,0.2,variance_tail,1,7.195938803254964e-18,-0.003454369513251891,0.5786797730873223,"[0.5952060514993919,0.354247055542506,0.05054689295810217]",1
v3.1,c530bf2cab2728a7,arctan,common,5,0.2,moment3_tail,1,4.240991806478785e-12,-0.003678658113918258,0.5823935076162241,"[0.5934530498216113,0.35525131108869185,0.05129563908969702]",1
v3.1,c530bf2cab2728a7,arctan,common,5,0.2,moment5_tail,1,2.3367286404796567e-12,-0.003844668676528308,0.5856833553352272,"[0.5939113510265231,0.3548620892739229,0.05122655969955398]",1
v3.1,c530bf2cab2728a7,arctan,common,5,0.2,exact,1,2.637050724114076e-12,-0.0038116540090514725,0.5850691727131099,"[0.5937986916266074,0.354965287083423,0.051236021289969604]",1
v3.1,c530bf2cab2728a7,arctan,common,5,0.3,classical,1,2.5206037400491954e-17,-0.00444773351293614,0.6033940355444983,"[0.5952060514993919,0.3542470555425059,0.05054689295810218]",1
v3.1,c530bf2cab2728a7,arctan,common,5,0.3,variance_tail,1,6.559376096541807e-18,-0.0022126644239389565,0.5471671481840608,"[0.5952060514993919,0.354247055542506,0.05054689295810217]",1
v3.1,c530bf2cab2728a7,arctan,common,5,0.3,moment3_tail,1,2.7797083075954077e-13,-0.002684853736381585,0.5552579960851116,"[0.5909988608399829,0.3567074925491899,0.05229364661082722]",1
v3.1,c530bf2cab2728a7,arctan,common,5,0.3,moment5_tail,1,3.835122621105628e-11,-0.00354449872593976,0.5724095456858417,"[0.5934995452166492,0.3545827222732475,0.05191773251010333]",1
v3.1,c530bf2cab2728a7,arctan,common,5,0.3,exact,1,6.865583635785852e-14,-0.00324527874607123,0.5668169314054569,"[0.5924879755674307,0.3554995767722355,0.05201244766033379]",1
v3.1,c530bf2cab2728a7,arctan,common,5,0.5,classical,1,2.5206037400491954e-17,-0.00444773351293614,0.6033940355444983,"[0.5952060514993919,0.3542470555425059,0.05054689295810218]",1
v3.1,c530bf2cab2728a7,arctan,common,5,0.5,variance_tail,1,4.522455169182165e-18,0.0017607918618615485,0.4400232698973851,"[0.5952060514993919,0.354247055542506,0.05054689295810217]",0
v3.1,c530bf2cab2728a7,arctan,common,5,0.5,moment3_tail,1,7.388977701212719e-14,0.0008132941563320957,0.459641534367655,"[0.5801315679064962,0.3637834893299685,0.056084942763535255]",0
v3.1,c530bf2cab2728a7,arctan,common,5,0.5,moment5_tail,1,5.1918231198939316e-15,-0.005996081238325471,0.5968236625625872,"[0.6012925488571154,0.3460552499917195,0.05265220115116514]",1
v3.1,c530bf2cab2728a7,arctan,common,5,0.5,exact,1,6.797664503944699e-16,-0.002202431783525683,0.5257829412672871,"[0.5896432634501171,0.35624137806102524,0.05411535848885766]",1
v3.1,c530bf2cab2728a7,arctan,common,5,0.7,classical,1,2.5206037400491954e-17,-0.00444773351293614,0.6033940355444983,"[0.5952060514993919,0.3542470555425059,0.05054689295810218]",1
v3.1,c530bf2cab2728a7,arctan,common,5,0.7,variance_tail,1,1.4681907587470177e-18,0.0077209762905630485,0.23902552522463416,"[0.5952060514993919,0.354247055542506,0.05054689295810217]",0
v3.1,c530bf2cab2728a7,arctan,common,5,0.7,moment3_tail,1,7.404538726967425e-15,0.008741403778990724,0.23980715606294786,"[0.530490455577026,0.40437785342291127,0.0651316910000627]",0
v3.1,c530bf2cab2728a7,arctan,common,5,0.7,moment5_tail,1,1.1366837745089995e-14,-0.017862485828196266,0.7832230978900684,"[0.6220314779752039,0.32799673990012307,0.04997178212467308]",1
v3.1,c530bf2cab2728a7,arctan,common,5,0.7,exact,1,5.984649247936912e-14,-0.0015005907475400537,0.48646734365940997,"[0.586880826998987,0.35645282450942334,0.0566663484915896]",1
v3.1,c530bf2cab2728a7,arctan,common,5,1.0,classical,1,2.5206037400491954e-17,-0.00444773351293614,0.6033940355444983,"[0.5952060514993919,0.3542470555425059,0.05054689295810218]",1
v3.1,c530bf2cab2728a7,arctan,common,5,1.0,variance_tail,1,5.027930167737124e-18,0.4006090787442355,0.0,"[0.5952060514993919,0.354247055542506,0.05054689295810217]",0
v3.1,c530bf2cab2728a7,arctan,common,5,1.0,moment3_tail,0,0.01752001163287452,,,"[0.6465062329216048,0.2703760190029888,0.08311774807540637]",
v3.1,c530bf2cab2728a7,arctan,common,5,1.0,moment5_tail,1,1.7904174272626957e-13,-0.06497372308711051,1.5156254494758734,"[0.6459646193711762,0.3134779165947757,0.040557464034048245]",1
v3.1,c530bf2cab2728a7,arctan,common,5,1.0,exact,1,2.4798379675571737e-16,-0.0010586374392124245,0.4355427348846751,"[0.5831655782379419,0.35593042370079314,0.06090399806126506]",1
v3.1,c530bf2cab2728a7,arctan,common,5,1.4,classical,1,2.5206037400491954e-17,-0.00444773351293614,0.6033940355444983,"[0.5952060514993919,0.3542470555425059,0.05054689295810218]",1
v3.1,c530bf2cab2728a7,arctan,common,5,1.4,variance_tail,1,4.66543021478162e-17,0.4895898757693216,0.0,"[0.5952060514993919,0.3542470555425061,0.05054689295810217]",0
v3.1,c530bf2cab2728a7,arctan,common,5,1.4,moment3_tail,0,0.057316502417675476,,,"[0.652658824653007,0.31008352418824103,0.037257651158752035]",
v3.1,c530bf2cab2728a7,arctan,common,5,1.4,moment5_tail,1,3.646807391887822e-12,-0.19894435638809216,3.458155109364846,"[0.6592685375106375,0.31129323151561034,0.029438230973752103]",1
v3.1,c530bf2cab2728a7,arctan,common,5,1.4,exact,1,5.4869388532237134e-15,-0.0011961568114585777,0.38127069116281925,"[0.5790695717538981,0.3541885709970299,0.066741857249072]",1
v3.1,c530bf2cab2728a7,arctan,common,10,0.05,classical,1,2.5206037400491954e-17,-0.00444773351293614,0.6033940355444983,"[0.5952060514993919,0.3542470555425059,0.05054689295810218]",1
v3.1,c530bf2cab2728a7,arctan,common,10,0.05,variance_tail,1,7.689279700832671e-18,-0.004416690957469709,0.6026277757341263,"[0.5952060514993919,0.354247055542506,0.05054689295810217]",1
v3.1,c530bf2cab2728a7,arctan,common,10,0.05,moment3_tail,1,4.097812857485725e-17,-0.004420356348096913,0.6026871516725242,"[0.5951799043471916,0.35426181382758326,0.05055828182522523]",1
v3.1,c530bf2cab2728a7,arctan,common,10,0.05,moment5_tail,1,6.983167444915712e-18,-0.004420544877871697,0.6026907776759389,"[0.5951801273099714,0.3542616201255844,0.05055825256444413]",1
v3.1,c530bf2cab2728a7,arctan,common,10,0.05,exact,1,4.182552317668482e-17,-0.004420543173539092,0.6026907464747381,"[0.595180124558937,0.354261622757261,0.050558252683801985]",1
v3.1,c530bf2cab2728a7,arctan,common,10,0.1,classical,1,2.5206037400491954e-17,-0.00444773351293614,0.6033940355444983,"[0.5952060514993919,0.3542470555425059,0.05054689295810218]",1
v3.1,c530bf2cab2728a7,arctan,common,10,0.1,variance_tail,1,7.641536876082346e-18,-0.004323563075773147,0.6003267344146157,"[0.5952060514993919,0.354247055542506,0.05054689295810217]",1
v3.1,c530bf2cab2728a7,arctan,common,10,0.1,moment3_tail,1,6.6224299298829e-15,-0.004338155329502699,0.6005636311029368,"[0.5951009891318456,0.3543064683121568,0.05059254255599767]",1
v3.1,c530bf2cab2728a7,arctan,common,10,0.1,moment5_tail,1,6.192863315360007e-15,-0.004341175286693207,0.6006217867776625,"[0.595104585417671,0.35430334257850266,0.05059207200382643]",1
v3.1,c530bf2cab2728a7,arctan,common,10,0.1,exact,1,6.2292123271107785e-15,-0.004341067508212976,0.6006198539062466,"[0.5951044157309712,0.35430350468652155,0.05059207958250712]",1
v3.1,c530bf2cab2728a7,arctan,common,10,0.2,classical,1,2.5206037400491954e-17,-0.00444773351293614,0.6033940355444983,"[0.5952060514993919,0.3542470555425059,0.05054689295810218]",1
v3.1,c530bf2cab2728a7,arctan,common,10,0.2,variance_tail,1,7.450565902514474e-18,-0.00395105154898602,0.5910879347599113,"[0.5952060514993919,0.354247055542506,0.05054689295810217]",1
v3.1,c530bf2cab2728a7,arctan,common,10,0.2,moment3_tail,1,4.005179779978917e-15,-0.004008292842824342,0.5920257453485709,"[0.5947780130100436,0.3544909691986769,0.05073101779127942]",1
v3.1,c530bf2cab2728a7,arctan,common,10,0.2,moment5_tail,1,1.3027684815415313e-12,-0.004056826542726377,0.5929649176624913,"[0.5948373637815727,0.3544392989113232,0.05072333730710409]",1
v3.1,c530bf2cab2728a7,arctan,common,10,0.2,exact,1,1.3508874874249742e-12,-0.004050710455347675,0.5928546493758119,"[0.5948278133436989,0.3544483803117365,0.050723806344564505]",1
v3.1,c530bf2cab2728a7,arctan,common,10,0.3,classical,1,2.5206037400491954e-17,-0.00444773351293614,0.6033940355444983,"[0.5952060514993919,0.3542470555425059,0.05054689295810218]",1
v3.1,c530bf2cab2728a7,arctan,common,10,0.3,variance_tail,1,7.132282194028538e-18,-0.003330199004340624,0.5755610133146696,"[0.5952060514993919,0.354247055542506,0.05054689295810217]",1
v3.1,c530bf2cab2728a7,arctan,common,10,0.3,moment3_tail,1,2.3262468927933133e-13,-0.0034546348514718217,0.5776338606288893,"[0.5942119653045199,0.35482096716163813,0.05096706753384205]",1
v3.1,c530bf2cab2728a7,arctan,common,10,0.3,moment5_tail,1,1.1934759236312098e-13,-0.0037020135582059577,0.5824562840181866,"[0.5945268081509568,0.3545462687294556,0.05092692311958757]",1
v3.1,c530bf2cab2728a7,arctan,common,10,0.3,exact,1,1.4017027629251116e-13,-0.0036429520368766663,0.581382213233276,"[0.5944350665226698,0.35463296002447053,0.05093197345285974]",1
v3.1,c530bf2cab2728a7,arctan,common,10,0.5,classical,1,2.5206037400491954e-17,-0.00444773351293614,0.6033940355444983,"[0.5952060514993919,0.3542470555425059,0.05054689295810218]",1
v3.1,c530bf2cab2728a7,arctan,common,10,0.5,variance_tail,1,6.113787424027018e-18,-0.0013434708614752829,0.5246370630288641,"[0.5952060514993919,0.354247055542506,0.05054689295810217]",1
v3.1,c530bf2cab2728a7,arctan,common,10,0.5,moment3_tail,1,1.9334751058087723e-14,-0.0016468927537555654,0.53004560849363,"[0.5921178370783835,0.35611128670950487,0.05177087621211162]",1
v3.1,c530bf2cab2728a7,arctan,common,10,0.5,moment5_tail,1,6.3304622883158995e-12,-0.00358605053257547,0.5684712412900572,"[0.594812228622172,0.35375564860029446,0.05143212277753371]",1
v3.1,c530bf2cab2728a7,arctan,common,10,0.5,exact,1,1.1982733869516667e-11,-0.0027197057961269623,0.552469635525041,"[0.5934925318807955,0.3549835044668688,0.05152396365233569]",1
v3.1,c530bf2cab2728a7,arctan,common,10,0.7,classical,1,2.5206037400491954e-17,-0.00444773351293614,0.6033940355444983,"[0.5952060514993919,0.3542470555425059,0.05054689295810218]",1
v3.1,c530bf2cab2728a7,arctan,common,10,0.7,variance_tail,1,4.586106062475824e-18,0.001636621352822179,0.44356156207685454,"[0.5952060514993919,0.354247055542506,0.05054689295810217]",0
v3.1,c530bf2cab2728a7,arctan,common,10,0.7,moment3_tail,1,1.7563415334724377e-12,0.0011948001127427312,0.4529071491993428,"[0.5877419862593823,0.359113022413102,0.05314499132751575]",0
v3.1,c530bf2cab2728a7,arctan,common,10,0.7,moment5_tail,1,4.515541485520737e-17,-0.006307207911148027,0.6021049260784831,"[0.5984378948489935,0.34984811226943535,0.051713992881571184]",1
v3.1,c530bf2cab2728a7,arctan,common,10,0.7,exact,1,1.1855016573150395e-13,-0.0018786031660941865,0.5212442412304138,"[0.5925047474566465,0.35523065856169256,0.052264593981661035]",1
v3.1,c530bf2cab2728a7,arctan,common,10,1.0,classical,1,2.5206037400491954e-17,-0.00444773351293614,0.6033940355444983,"[0.5952060514993919,0.3542470555425059,0.05054689295810218]",1
v3.1,c530bf2cab2728a7,arctan,common,10,1.0,variance_tail,1,1.3410720148868387e-18,0.007969317308205241,0.22808676289395452,"[0.5952060514993919,0.354247055542506,0.05054689295810217]",0
v3.1,c530bf2cab2728a7,arctan,common,10,1.0,moment3_tail,1,3.878964796220274e-14,0.0091979355965895,0.19952132495222835,"[0.5531086146700002,0.389464012403913,0.057427372926086864]",0
v3.1,c530bf2cab2728a7,arctan,common,10,1.0,moment5_tail,1,4.4602841663200027e-13,-0.022772003627658383,0.843790788039487,"[0.6082955703133034,0.3411166025929362,0.050587827093760536]",1
v3.1,c530bf2cab2728a7,arctan,common,10,1.0,exact,1,6.41150794880571e-17,-0.0009420575718572972,0.4766684880253961,"[0.5910955268471949,0.35541827841182677,0.05348619474097839]",1
v3.1,c530bf2cab2728a7,arctan,common,10,1.4,classical,1,2.5206037400491954e-17,-0.00444773351293614,0.6033940355444983,"[0.5952060514993919,0.3542470555425059,0.05054689295810218]",1
v3.1,c530bf2cab2728a7,arctan,common,10,1.4,variance_tail,1,4.773321383404421e-18,0.39261287867950695,0.0,"[0.5952060514993919,0.354247055542506,0.05054689295810217]",0
v3.1,c530bf2cab2728a7,arctan,common,10,1.4,moment3_tail,1,7.691829524477471e-13,0.22898016509730001,0.0,"[0.602324224218678,0.3221397964641456,0.07553597931717645]",0
v3.1,c530bf2cab2728a7,arctan,common,10,1.4,moment5_tail,1,2.016453234183505e-14,-0.08639380082435966,1.6959160168119436,"[0.6176482073169718,0.33647998197041,0.04587181071261828]",1
v3.1,c530bf2cab2728a7,arctan,common,10,1.4,exact,1,1.0564974572619007e-15,-0.00023416703836671993,0.42531375720437953,"[0.5894491986316517,0.3554601051089067,0.055090696259441574]",1
v3.1,c530bf2cab2728a7,arctan,common,20,0.05,classical,1,2.5206037400491954e-17,-0.00444773351293614,0.6033940355444983,"[0.5952060514993919,0.3542470555425059,0.05054689295810218]",1
v3.1,c530bf2cab2728a7,arctan,common,20,0.05,variance_tail,1,7.6972368413536e-18,-0.004432212271086797,0.6030109525458647,"[0.5952060514993919,0.354247055542506,0.05054689295810217]",1
v3.1,c530bf2cab2728a7,arctan,common,20,0.05,moment3_tail,1,6.954580668241969e-15,-0.00443312927585203,0.6030258023751649,"[0.5951995195405213,0.35425074137422236,0.05054973908525639]",1
v3.1,c530bf2cab2728a7,arctan,common,20,0.05,moment5_tail,1,6.848705493056232e-15,-0.004433180031986492,0.6030267741628254,"[0.5951995483003923,0.35425071611547443,0.05054973558413319]",1
v3.1,c530bf2cab2728a7,arctan,common,20,0.05,exact,1,6.824211732970381e-15,-0.004433179811228823,0.6030267696533353,"[0.5951995481086398,0.354250716301358,0.05054973559000207]",1
v3.1,c530bf2cab2728a7,arctan,common,20,0.1,classical,1,2.5206037400491954e-17,-0.00444773351293614,0.6033940355444983,"[0.5952060514993919,0.3542470555425059,0.05054689295810218]",1
v3.1,c530bf2cab2728a7,arctan,common,20,0.1,variance_tail,1,7.673365422404959e-18,-0.004385648330239654,0.6018611399101951,"[0.5952060514993919,0.354247055542506,0.05054689295810217]",1
v3.1,c530bf2cab2728a7,arctan,common,20,0.1,moment3_tail,1,7.359054951632427e-17,-0.004389307236228331,0.6019204576914434,"[0.5951798637979095,0.35426184834562463,0.05055828785646592]",1
v3.1,c530bf2cab2728a7,arctan,common,20,0.1,moment5_tail,1,4.213138279985478e-17,-0.004390120111384878,0.6019360232353514,"[0.5951803258920679,0.3542614423961877,0.0505582317117443]",1
v3.1,c530bf2cab2728a7,arctan,common,20,0.1,exact,1,2.7286199654500554e-17,-0.004390104335537812,0.6019357402684312,"[0.5951803138771891,0.35426145403548137,0.05055823208732958]",1
v3.1,c530bf2cab2728a7,arctan,common,20,0.2,classical,1,2.5206037400491954e-17,-0.00444773351293614,0.6033940355444983,"[0.5952060514993919,0.3542470555425059,0.05054689295810218]",1
v3.1,c530bf2cab2728a7,arctan,common,20,0.2,variance_tail,1,7.577879826187718e-18,-0.004199392566852776,0.5972533472352536,"[0.5952060514993919,0.354247055542506,0.05054689295810217]",1
v3.1,c530bf2cab2728a7,arctan,common,20,0.2,moment3_tail,1,6.639273404992132e-15,-0.004213879905407107,0.5974893110569965,"[0.5951003294251599,0.3543070308043884,0.050592639770451545]",1
v3.1,c530bf2cab2728a7,arctan,common,20,0.2,moment5_tail,1,5.822253098160836e-15,-0.004226900696159316,0.5977394355224871,"[0.5951078455653874,0.3543004210658027,0.05059173336880987]",1
v3.1,c530bf2cab2728a7,arctan,common,20,0.2,exact,1,5.883134676689554e-15,-0.004225962598931439,0.5977225115885081,"[0.5951071340900771,0.3543011085832422,0.050591757326680614]",1
v3.1,c530bf2cab2728a7,arctan,common,20,0.3,classical,1,2.5206037400491954e-17,-0.00444773351293614,0.6033940355444983,"[0.5952060514993919,0.3542470555425059,0.05054689295810218]",1
v3.1,c530bf2cab2728a7,arctan,common,20,0.3,variance_tail,1,7.418737459388897e-18,-0.0038889662945412046,0.5895426276541996,"[0.5952060514993919,0.354247055542506,0.05054689295810217]",1
v3.1,c530bf2cab2728a7,arctan,common,20,0.3,moment3_tail,1,1.719837869429016e-13,-0.003920998435593695,0.5900686160057571,"[0.5949644234527349,0.354385118176911,0.050650458370353965]",1
v3.1,c530bf2cab2728a7,arctan,common,20,0.3,moment5_tail,1,1.2528824291452937e-13,-0.003987037849205302,0.5913436382528303,"[0.5950034817474672,0.3543507162139204,0.05064580203861237]",1
v3.1,c530bf2cab2728a7,arctan,common,20,0.3,exact,1,1.3148928416566867e-13,-0.003977416222995571,0.5911690185172219,"[0.5949962262211361,0.3543577021698242,0.05064607160903951]",1
v3.1,c530bf2cab2728a7,arctan,common,20,0.5,classical,1,2.5206037400491954e-17,-0.00444773351293614,0.6033940355444983,"[0.5952060514993919,0.3542470555425059,0.05054689295810218]",1
v3.1,c530bf2cab2728a7,arctan,common,20,0.5,variance_tail,1,6.909484624186417e-18,-0.0028956022231437888,0.5645902159644504,"[0.5952060514993919,0.354247055542506,0.05054689295810217]",1
v3.1,c530bf2cab2728a7,arctan,common,20,0.5,moment3_tail,1,3.695108348680012e-14,-0.0029793727560276616,0.5660066771742119,"[0.594498634974954,0.3546609479823256,0.050840417042720416]",1
v3.1,c530bf2cab2728a7,arctan,common,20,0.5,moment5_tail,1,1.2987274909275606e-14,-0.0034916058232235744,0.5760371455776108,"[0.5948224937893797,0.3543746372140503,0.05080286899657002]",1
v3.1,c530bf2cab2728a7,arctan,common,20,0.5,exact,1,1.908948426397627e-14,-0.003332989078608739,0.5731134019593525,"[0.5947034791973425,0.3544882082802471,0.050808312522410505]",1
v3.1,c530bf2cab2728a7,arctan,common,20,0.7,classical,1,2.5206037400491954e-17,-0.00444773351293614,0.6033940355444983,"[0.5952060514993919,0.3542470555425059,0.05054689295810218]",1
v3.1,c530bf2cab2728a7,arctan,common,20,0.7,variance_tail,1,6.145615019351805e-18,-0.0014055561160478819,0.5262605154209838,"[0.5952060514993919,0.354247055542506,0.05054689295810217]",1
v3.1,c530bf2cab2728a7,arctan,common,20,0.7,moment3_tail,1,1.0306728698214234e-12,-0.001553180451683834,0.5288989903665168,"[0.5936934324407376,0.35516596169125936,0.05114060586800312]",1
v3.1,c530bf2cab2728a7,arctan,common,20,0.7,moment5_tail,1,2.1443477426800943e-13,-0.0035319997818941753,0.5682098665992809,"[0.5950294503640563,0.35398266480490814,0.050987884831035606]",1
v3.1,c530bf2cab2728a7,arctan,common,20,0.7,exact,1,3.358093439162937e-13,-0.0026327880138648507,0.5514521287586601,"[0.5943671669495142,0.3546079781219916,0.05102485492849412]",1
v3.1,c530bf2cab2728a7,arctan,common,20,1.0,classical,1,2.5206037400491954e-17,-0.00444773351293614,0.6033940355444983,"[0.5952060514993919,0.3542470555425059,0.05054689295810218]",1
v3.1,c530bf2cab2728a7,arctan,common,20,1.0,variance_tail,1,4.522455169182165e-18,0.0017607918615312468,0.4400232698917026,"[0.5952060514993919,0.354247055542506,0.05054689295810217]",0
v3.1,c530bf2cab2728a7,arctan,common,20,1.0,moment3_tail,1,1.340852346572744e-14,0.00154662772740519,0.4446711781219061,"[0.5913169481489838,0.3568317181612149,0.051851333689801125]",0
v3.1,c530bf2cab2728a7,arctan,common,20,1.0,moment5_tail,1,6.06749825468326e-13,-0.006725969570786007,0.6095142293021937,"[0.5970052627167385,0.35183569118989516,0.051159046093366335]",1
v3.1,c530bf2cab2728a7,arctan,common,20,1.0,exact,1,5.125004369119125e-12,-0.0016747427231971167,0.5171880949854899,"[0.5938513051423698,0.3547398051017346,0.05140888975589553]",1
v3.1,c530bf2cab2728a7,arctan,common,20,1.4,classical,1,2.5206037400491954e-17,-0.00444773351293614,0.6033940355444983,"[0.5952060514993919,0.3542470555425059,0.05054689295810218]",1
v3.1,c530bf2cab2728a7,arctan,common,20,1.4,variance_tail,1,1.4681907587470177e-18,0.007720976289914796,0.2390255252103582,"[0.5952060514993919,0.354247055542506,0.05054689295810217]",0
v3.1,c530bf2cab2728a7,arctan,common,20,1.4,moment3_tail,1,9.997348660127895e-17,0.00823567903973069,0.22639306997786515,"[0.5757120833093656,0.3705881793610299,0.05369973732960445]",0
v3.1,c530bf2cab2728a7,arctan,common,20,1.4,moment5_tail,1,2.743268870209897e-12,-0.02384149438235042,0.8531087022011175,"[0.6013830390435906,0.34789700034929116,0.050719960607118274]",1
v3.1,c530bf2cab2728a7,arctan,common,20,1.4,exact,1,1.7225655183305708e-14,-0.0006962100535802193,0.47349276175185473,"[0.5932072406272116,0.3548367350113161,0.05195602436147223]",1
v3.1,c530bf2cab2728a7,arctan,common,inf,0.05,classical,1,2.5206037400491954e-17,-0.00444773351293614,0.6033940355444983,"[0.5952060514993919,0.3542470555425059,0.05054689295810218]",1
v3.1,c530bf2cab2728a7,arctan,common,inf,0.05,variance_tail,1,7.705193982742313e-18,-0.004447733584703115,0.6033940355297613,"[0.5952060514993919,0.354247055542506,0.05054689295810217]",1
v3.1,c530bf2cab2728a7,arctan,common,inf,0.05,moment3_tail,1,7.705193982742313e-18,-0.004447733584703115,0.6033940355297613,"[0.5952060514993919,0.354247055542506,0.05054689295810217]",1
v3.1,c530bf2cab2728a7,arctan,common,inf,0.05,moment5_tail,1,7.705193982742313e-18,-0.004447733584703115,0.6033940355297613,"[0.5952060514993919,0.354247055542506,0.05054689295810217]",1
v3.1,c530bf2cab2728a7,arctan,common,inf,0.05,exact,1,7.705193982742313e-18,-0.004447733584703115,0.6033940355297613,"[0.5952060514993919,0.354247055542506,0.05054689295810217]",1
v3.1,c530bf2cab2728a7,arctan,common,inf,0.1,classical,1,2.5206037400491954e-17,-0.00444773351293614,0.6033940355444983,"[0.5952060514993919,0.3542470555425059,0.05054689295810218]",1
v3.1,c530bf2cab2728a7,arctan,common,inf,0.1,variance_tail,1,7.705193982742313e-18,-0.004447733584706549,0.6033940355297067,"[0.5952060514993919,0.354247055542506,0.05054689295810217]",1
v3.1,c530bf2cab2728a7,arctan,common,inf,0.1,moment3_tail,1,7.705193982742313e-18,-0.004447733584706549,0.6033940355297067,"[0.5952060514993919,0.354247055542506,0.05054689295810217]",1
v3.1,c530bf2cab2728a7,arctan,common,inf,0.1,moment5_tail,1,7.705193982742313e-18,-0.004447733584706549,0.6033940355297067,"[0.5952060514993919,0.354247055542506,0.05054689295810217]",1
v3.1,c530bf2cab2728a7,arctan,common,inf,0.1,exact,1,7.705193982742313e-18,-0.004447733584706431,0.603394035529707,"[0.5952060514993919,0.354247055542506,0.05054689295810217]",1
v3.1,c530bf2cab2728a7,arctan,common,inf,0.2,classical,1,2.5206037400491954e-17,-0.00444773351293614,0.6033940355444983,"[0.5952060514993919,0.3542470555425059,0.05054689295810218]",1
v3.1,c530bf2cab2728a7,arctan,common,inf,0.2,variance_tail,1,7.705193982742313e-18,-0.004447733584719643,0.6033940355294887,"[0.5952060514993919,0.354247055542506,0.05054689295810217]",1
v3.1,c530bf2cab2728a7,arctan,common,inf,0.2,moment3_tail,1,7.705193982742313e-18,-0.004447733584719643,0.6033940355294887,"[0.5952060514993919,0.354247055542506,0.05054689295810217]",1
v3.1,c530bf2cab2728a7,arctan,common,inf,0.2,moment5_tail,1,7.705193982742313e-18,-0.004447733584719643,0.6033940355294887,"[0.5952060514993919,0.354247055542506,0.05054689295810217]",1
v3.1,c530bf2cab2728a7,arctan,common,inf,0.2,exact,1,7.705193982742313e-18,-0.004447733584719671,0.603394035529489,"[0.5952060514993919,0.354247055542506,0.05054689295810217]",1
v3.1,c530bf2cab2728a7,arctan,common,inf,0.3,classical,1,2.5206037400491954e-17,-0.00444773351293614,0.6033940355444983,"[0.5952060514993919,0.3542470555425059,0.05054689295810218]",1
v3.1,c530bf2cab2728a7,arctan,common,inf,0.3,variance_tail,1,7.705193982742313e-18,-0.004447733584741959,0.6033940355291252,"[0.5952060514993919,0.354247055542506,0.05054689295810217]",1
v3.1,c530bf2cab2728a7,arctan,common,inf,0.3,moment3_tail,1,7.705193982742313e-18,-0.004447733584741959,0.6033940355291252,"[0.5952060514993919,0.354247055542506,0.05054689295810217]",1
v3.1,c530bf2cab2728a7,arctan,common,inf,0.3,moment5_tail,1,7.705193982742313e-18,-0.004447733584741959,0.6033940355291252,"[0.5952060514993919,0.354247055542506,0.05054689295810217]",1
v3.1,c530bf2cab2728a7,arctan,common,inf,0.3,exact,1,7.705193982742313e-18,-0.004447733584741813,0.6033940355291251,"[0.5952060514993919,0.354247055542506,0.05054689295810217]",1
v3.1,c530bf2cab2728a7,arctan,common,inf,0.5,classical,1,2.5206037400491954e-17,-0.00444773351293614,0.6033940355444983,"[0.5952060514993919,0.3542470555425059,0.05054689295810218]",1
v3.1,c530bf2cab2728a7,arctan,common,inf,0.5,variance_tail,1,7.705193982742313e-18,-0.0044477335848124855,0.6033940355279608,"[0.5952060514993919,0.354247055542506,0.05054689295810217]",1
v3.1,c530bf2cab2728a7,arctan,common,inf,0.5,moment3_tail,1,7.705193982742313e-18,-0.0044477335848124855,0.6033940355279608,"[0.5952060514993919,0.354247055542506,0.05054689295810217]",1
v3.1,c530bf2cab2728a7,arctan,common,inf,0.5,moment5_tail,1,7.705193982742313e-18,-0.0044477335848124855,0.6033940355279608,"[0.5952060514993919,0.354247055542506,0.05054689295810217]",1
v3.1,c530bf2cab2728a7,arctan,common,inf,0.5,exact,1,7.705193982742313e-18,-0.0044477335848124855,0.6033940355279608,"[0.5952060514993919,0.354247055542506,0.05054689295810217]",1
v3.1,c530bf2cab2728a7,arctan,common,inf,0.7,classical,1,2.5206037400491954e-17,-0.00444773351293614,0.6033940355444983,"[0.5952060514993919,0.3542470555425059,0.05054689295810218]",1
v3.1,c530bf2cab2728a7,arctan,common,inf,0.7,variance_tail,1,7.705193982742313e-18,-0.004447733584918297,0.603394035526215,"[0.5952060514993919,0.354247055542506,0.05054689295810217]",1
v3.1,c530bf2cab2728a7,arctan,common,inf,0.7,moment3_tail,1,7.705193982742313e-18,-0.004447733584918297,0.603394035526215,"[0.5952060514993919,0.354247055542506,0.05054689295810217]",1
v3.1,c530bf2cab2728a7,arctan,common,inf,0.7,moment5_tail,1,7.705193982742313e-18,-0.004447733584918297,0.603394035526215,"[0.5952060514993919,0.354247055542506,0.05054689295810217]",1
v3.1,c530bf2cab2728a7,arctan,common,inf,0.7,exact,1,7.705193982742313e-18,-0.004447733584918304,0.6033940355262148,"[0.5952060514993919,0.354247055542506,0.05054689295810217]",1
v3.1,c530bf2cab2728a7,arctan,common,inf,1.0,classical,1,2.5206037400491954e-17,-0.00444773351293614,0.6033940355444983,"[0.5952060514993919,0.3542470555425059,0.05054689295810218]",1
v3.1,c530bf2cab2728a7,arctan,common,inf,1.0,variance_tail,1,7.705193982742313e-18,-0.004447733585143138,0.6033940355225048,"[0.5952060514993919,0.354247055542506,0.05054689295810217]",1
v3.1,c530bf2cab2728a7,arctan,common,inf,1.0,moment3_tail,1,7.705193982742313e-18,-0.004447733585143138,0.6033940355225048,"[0.5952060514993919,0.354247055542506,0.05054689295810217]",1
v3.1,c530bf2cab2728a7,arctan,common,inf,1.0,moment5_tail,1,7.705193982742313e-18,-0.004447733585143138,0.6033940355225048,"[0.5952060514993919,0.354247055542506,0.05054689295810217]",1
v3.1,c530bf2cab2728a7,arctan,common,inf,1.0,exact,1,7.705193982742313e-18,-0.004447733585143138,0.6033940355225048,"[0.5952060514993919,0.354247055542506,0.05054689295810217]",1
v3.1,c530bf2cab2728a7,arctan,common,inf,1.4,classical,1,2.5206037400491954e-17,-0.00444773351293614,0.6033940355444983,"[0.5952060514993919,0.3542470555425059,0.05054689295810218]",1
v3.1,c530bf2cab2728a7,arctan,common,inf,1.4,variance_tail,1,7.705193982742313e-18,-0.004447733585566528,0.6033940355155216,"[0.5952060514993919,0.354247055542506,0.05054689295810217]",1
v3.1,c530bf2cab2728a7,arctan,common,inf,1.4,moment3_tail,1,7.705193982742313e-18,-0.004447733585566528,0.6033940355155216,"[0.5952060514993919,0.354247055542506,0.05054689295810217]",1
v3.1,c530bf2cab2728a7,arctan,common,inf,1.4,moment5_tail,1,7.705193982742313e-18,-0.004447733585566528,0.6033940355155216,"[0.5952060514993919,0.354247055542506,0.05054689295810217]",1
v3.1,c530bf2cab2728a7,arctan,common,inf,1.4,exact,1,7.705193982742313e-18,-0.0044477335855662575,0.6033940355155216,"[0.5952060514993919,0.354247055542506,0.05054689295810217]",1
