dimension,kernel,sampling_mode,m,beta,cases,classical_median,classical_q90,classical_q99,variance_tail_median,variance_tail_q90,variance_tail_q99,moment3_tail_median,moment3_tail_q90,moment3_tail_q99,moment5_tail_median,moment5_tail_q90,moment5_tail_q99,moment3_win_vs_classical,moment5_win_vs_moment3,skew_signal_improvement_spearman
2,arctan,common,1,0.05,7,0.0046637220103508,0.009098531427539802,0.012364781081798797,0.0006411675905935,0.00338702718114276,0.0035386307699239858,3.834451333011984e-05,8.854771409765737e-05,0.0001265162880964857,3.755562958369391e-07,9.003123420184708e-07,1.3291312176863505e-06,1.0,1.0,0.7500000000000002
2,arctan,common,1,0.1,7,0.0121662886633244,0.09582635585646608,0.19693008811537846,0.0042190930296405,0.10568736730880461,0.21060080826128638,0.000336648664359,0.003714594554713923,0.007767999144636428,1.1199021791046353e-05,0.0001590423275163086,0.0003343338667848907,1.0,1.0,0.8928571428571429
2,arctan,common,1,0.2,11,0.0686932403452113,0.1669532728017958,0.19974768839124865,0.0046706466259111,0.2541150316157653,0.303034407346651,0.008755910601519,0.0308363285179752,0.03937726344709671,0.0013420485603982,0.0054145819115967,0.00693631946444952,1.0,1.0,0.5727272727272729
2,arctan,common,1,0.3,6,0.12409880104788974,0.19740765097078694,0.24873412627887048,0.0427465953528409,0.10504659822914045,0.14927330090483423,0.03223379521790045,0.061459161005617005,0.08237518242338052,0.0102174588126297,0.02191922030459755,0.03026379114054105,1.0,1.0,1.0
2,arctan,common,1,0.5,10,0.18063509051022536,0.5684266917439087,0.6419392460717545,0.09351170381228485,0.8107212847926436,0.9607576215905069,0.06374165363172504,0.49537394415695213,0.5713652211242386,0.0239253694067164,0.47437067266701743,0.5761589161344948,1.0,0.9,0.4666666666666666
2,arctan,common,1,0.7,11,0.567490499131248,1.0168283047536812,2.368029616922479,0.6739547796653973,1.201029824524117,1.4610773213913704,0.7443216034908586,1.4976040475886851,5.102240979435614,1.2520973913993685,2.8072112437257255,10.479762945118985,0.2727272727272727,0.09090909090909091,0.03636363636363637
2,arctan,common,1,1.0,4,0.7536473118839608,1.4711228073733358,1.6956662017257713,1.6552190127458604,4.874806495246549,5.80716361007122,1.8347099524384078,4.284870949239683,5.098642372997688,5.959016895036159,16.16172724238233,19.663503655490338,0.0,0.0,0.7999999999999999
2,arctan,common,2,0.05,5,0.0023397969959877,0.00353996063677444,0.004035870774380344,0.0003534695324833,0.00122113143636116,0.001636074881725676,9.548084450405816e-06,2.8364411872296416e-05,3.4493241934974526e-05,5.6308839695012334e-08,2.8768642641127887e-07,3.6229017421051113e-07,1.0,1.0,0.6
2,arctan,common,2,0.1,10,0.009404558576867651,0.01838118482204452,0.019416425703080005,0.0003827365240855,0.0032978964281427676,0.008557721299060838,0.0001384789501203,0.0007119065640033399,0.0007792160867604941,2.88582451192474e-06,2.993036665564117e-05,3.273327652063765e-05,1.0,1.0,0.4666666666666666
2,arctan,common,2,0.2,7,0.0323885324091562,0.048029019375406226,0.05911108502019872,0.0020897083151405,0.02197773461176556,0.024204146313925163,0.001956445048743,0.004882976918719022,0.00723539090139262,0.0001245604157784,0.0006232137610741003,0.0010465514937296795,1.0,1.0,0.9285714285714288
2,arctan,common,2,0.3,6,0.0866980597638217,0.12308065642476795,0.12947557650270397,0.0107691723572927,0.04587226697657565,0.06879400831697954,0.0179917500705399,0.032508881169283396,0.035076227688111826,0.0052931119962519,0.0110854609411239,0.0115269071017203,1.0,1.0,0.08571428571428573
2,arctan,common,2,0.5,8,0.22346667941421794,0.29666212584079354,0.31217401715955123,0.11087594992585931,0.3462015496440919,0.3529197400304524,0.10812518833939444,0.2067897940859653,0.23455818798376551,0.06797013927429095,0.18210036919823938,0.21867663819748556,1.0,1.0,0.7142857142857144
2,arctan,common,2,0.7,4,0.2986368888851944,0.7155673025925731,0.8488093044117737,0.253036471034131,0.3992900718857935,0.40249837903514596,0.24693682259221406,1.361123506044728,1.7405717963525145,0.31929290931194265,2.755794409065676,3.6045267844936166,0.5,0.5,-0.39999999999999997
2,arctan,common,2,1.0,7,0.4911171107942116,0.6945591832765824,0.730861054000852,0.5421485023048873,1.4077069291892805,1.4194998058060422,0.5445698810969742,1.408320007512913,1.4183787079894292,0.9440650369936854,4.136209474075645,4.800079033645813,0.2857142857142857,0.14285714285714285,-0.25
2,arctan,common,3,0.05,3,0.0017482843111508,0.0027300093843541603,0.0029508975258249162,5.5387239860090975e-06,6.0645769947139106e-05,7.304485528839335e-05,5.5201635030371e-06,1.670110906705399e-05,1.921682181895779e-05,2.080635208520609e-08,1.3824252772692223e-07,1.6466566724630835e-07,1.0,1.0,0.5
2,arctan,common,3,0.1,5,0.0087145128499343,0.01597624609852192,0.017918596362874253,0.0004390387818721,0.00087721361713836,0.0009697295937623761,0.000174124479243,0.00052088310381068,0.000615180606785648,5.449087770285845e-06,2.1118959780587807e-05,2.5612734405429585e-05,1.0,1.0,0.8999999999999998
2,arctan,common,3,0.2,6,0.04020361517455625,0.05502855341018145,0.055046549132570954,0.00477289050959255,0.00911908366424675,0.010670640618890285,0.0036716062336443,0.0066047006890065,0.006864017448954361,0.0004497435292411,0.0010205674342505999,0.00110849497048098,1.0,1.0,0.942857142857143
2,arctan,common,3,0.3,9,0.0599863590134166,0.0858248484262005,0.11320718136131838,0.0073122473190712,0.016167803969713603,0.0302480616683062,0.0075912116495403,0.016607915537643243,0.027916668844822464,0.0013584858290882,0.005044797780503681,0.009011788108693408,1.0,1.0,-0.11666666666666665
2,arctan,common,3,0.5,5,0.2114552096454919,0.2662191314706273,0.28066700587801,0.1217169120426701,0.18361294265638461,0.19157189000821653,0.1256172958280994,0.16405411474736245,0.1680484104976534,0.1110872523638218,0.13782393697966464,0.14389345972436282,1.0,1.0,0.0
2,arctan,common,3,0.7,6,0.22368581090925427,0.5561142661217977,0.6364680421274835,0.1170279630087252,0.6617792109834261,0.7672510997367308,0.1230736420422216,0.8956331643891096,1.2226006529568214,0.09367216476286945,1.4810090700479117,2.0726824134810515,0.6666666666666666,0.6666666666666666,-0.3714285714285715
2,arctan,common,3,1.0,9,0.549461478513466,0.7183202426680549,0.7396649854647205,0.8451669483828795,1.6288159111903857,1.819041584585271,0.7121919284010285,1.5333444201892907,1.5774121186426189,1.2339626111091917,4.62090121621729,5.219898880142926,0.2222222222222222,0.2222222222222222,0.65
2,arctan,common,5,0.05,5,0.0018166738524548,0.0034596747195432204,0.004282791390884132,7.10349329778254e-05,0.00029334719249070004,0.00036076789936319997,6.645445614408328e-06,2.5733450412168722e-05,3.5414816675989974e-05,3.982536750551485e-08,2.464101503987878e-07,3.602461661769001e-07,1.0,1.0,0.7999999999999999
2,arctan,common,5,0.1,9,0.0062109426799614,0.008810543758686722,0.010699871052873192,0.0001357366568319,0.0011985244397801206,0.003638667882336112,0.0001033782579776,0.00019972429837352004,0.000271267358368832,2.283545394714133e-06,6.48602679237977e-06,9.472012565776695e-06,1.0,1.0,0.6833333333333333
2,arctan,common,5,0.2,6,0.03389367105572365,0.04742302773169685,0.05525857570138702,0.004404458222673,0.0063205374755724505,0.006411557540362565,0.0023105183370724,0.0049370503532379,0.00605347161827559,0.00020620565690755,0.00067036370584225,0.000831405295869925,1.0,1.0,0.6
2,arctan,common,5,0.3,10,0.0661828045845339,0.07878162606567075,0.10466284645369364,0.014769091895146899,0.02493475118336935,0.03182694685336824,0.010627079666246049,0.014701540131651987,0.02267001727698541,0.0025072758958308503,0.004113995362085659,0.006333039876360687,1.0,0.9,0.8303030303030302
2,arctan,common,5,0.5,8,0.1796494858742791,0.26852832858878706,0.27525366549397484,0.08142953068977055,0.1547979575119319,0.1602406007752295,0.0782591319998805,0.15365204370727614,0.15939655029445804,0.055475361753809696,0.11319333888277062,0.11761624717000431,1.0,1.0,0.9047619047619048
2,arctan,common,5,0.7,5,0.2468892323827295,0.3925583886335068,0.39814319241771745,0.1222751571544144,0.4039269039017799,0.4543307961611681,0.1222781131879391,0.384247907290553,0.42317798880707663,0.0910039661584612,0.5329532977854351,0.647320813642293,0.8,0.6,0.6
2,arctan,common,5,1.0,6,0.44214637471837637,0.5959406135952965,0.6352698632661771,0.544340915867584,1.020092246796931,1.2946864464842665,0.594189849213,0.9786721371500909,1.2165491389208614,1.2328408204705499,2.513916867492716,3.5667640121265807,0.3333333333333333,0.16666666666666666,0.4285714285714286
2,arctan,common,10,0.05,5,0.001595396062176,0.0023815109232595204,0.002750407043146752,7.802724344609076e-06,0.00035638518598002687,0.0005559673270289227,5.4486053516301775e-06,1.1853836934111773e-05,1.535637781754035e-05,2.5889762026663253e-08,8.030201316442729e-08,1.1159878889380111e-07,1.0,1.0,0.9999999999999999
2,arctan,common,10,0.1,7,0.0067375068216122,0.0104492012320662,0.010564749613883309,0.0001893229981345,0.00034664745029836007,0.0004420536951697959,9.270424835885746e-05,0.00021490794282332,0.00022609983859731199,1.679698739895867e-06,5.595257436655502e-06,6.531836072077608e-06,1.0,1.0,0.8214285714285715
2,arctan,common,10,0.2,6,0.02986852884469665,0.03929454631248675,0.039974168565124125,0.00249332317338635,0.0029861062161866,0.00312220249653041,0.0018607486691167,0.0029597747690802,0.0030882323813541603,0.00016228739894295,0.00027777198570494996,0.000298929179666625,1.0,1.0,0.6571428571428573
2,arctan,common,10,0.3,9,0.0604460197987343,0.09070097834945338,0.09312427279859642,0.0083030623240762,0.0173538432643055,0.01864244332788206,0.0074943886095638,0.01701100564976768,0.017878014246589087,0.0011842805001825,0.00392543080335462,0.004765990266837012,1.0,1.0,0.8166666666666667
2,arctan,common,10,0.5,11,0.0930856611897221,0.1811101789151586,0.19620643573433422,0.0293032246048114,0.07906640490458,0.0814693194916938,0.021436406212727,0.0775687246736269,0.07884602739043231,0.0081996023933484,0.0396486109260954,0.045365845853468076,1.0,1.0,0.20000000000000004
2,arctan,common,10,0.7,6,0.2581331843780411,0.34433075454731543,0.35736320529171073,0.1356594852115564,0.2615360510501761,0.2744749862282991,0.13566335099010154,0.2611282550408083,0.2742889422022971,0.08916698192862345,0.25998848315616435,0.2698949909296188,1.0,0.8333333333333334,-0.08571428571428573
2,arctan,common,10,1.0,4,0.26191549502271677,0.37319351193860406,0.41126337226774706,0.2318356551354639,0.3352572969320081,0.36854344663854227,0.21110511392896997,0.33103064911018726,0.368146381714768,0.2910049485483093,0.39692449107732464,0.4206826196682285,1.0,0.0,0.39999999999999997
2,arctan,independent,1,0.05,7,0.0043546831140193,0.007256046233174702,0.010826769715512686,0.0005404180280451,0.003510825460727222,0.0070184087220373885,3.586040393494654e-05,6.146763454387514e-05,9.111907224534979e-05,3.682013653092719e-07,6.191286997625904e-07,9.069199986796139e-07,1.0,1.0,0.9642857142857145
2,arctan,independent,1,0.1,13,0.0164886831838453,0.01800005395602328,0.018330731422267245,0.0023707986040802,0.00621091595458172,0.012381488546257981,0.0005182923684433,0.0005985674581609201,0.000605952212999732,2.0723175635680615e-05,2.576563065883088e-05,2.704283113514996e-05,1.0,1.0,0.6538461538461539
2,arctan,independent,1,0.2,9,0.0615145075790893,0.07185132628050807,0.08204976367694507,0.0183832030127656,0.03012279034801726,0.030327302976271876,0.0082804433991363,0.008923621394810679,0.009495459940585767,0.0013349702093829,0.00156328102745996,0.0017602148091025761,1.0,1.0,0.5166666666666667
2,arctan,independent,1,0.3,6,0.1256308407099466,0.1962922703870933,0.23821096369345965,0.0551745881686946,0.0779619495188468,0.08197090867070184,0.03707657877510065,0.062128440447534454,0.08038853744998686,0.0137662567276791,0.024018822781332598,0.030346460679106294,1.0,1.0,0.7714285714285715
2,arctan,independent,1,0.5,9,0.3173497226518192,0.35894527361842893,0.3780973606627815,0.263719193279405,0.3029245384149253,0.33401704166112306,0.2339599014744655,0.2719607748092406,0.31227859279021786,0.2332394880791576,0.2606979069588147,0.31124151543490075,1.0,0.7777777777777778,0.4666666666666666
2,arctan,independent,1,0.7,6,0.4676987868941405,0.5964624154214863,0.6807037183604843,0.5294141554852694,0.789450442621762,0.8289979854256201,0.6159876016450044,0.8122557736455533,0.8992017484280769,1.2170643024354457,1.5153229458007602,1.5898401765653944,0.3333333333333333,0.3333333333333333,0.028571428571428574
2,arctan,independent,1,1.0,5,0.8140831952593095,0.9683598828590388,0.989053077485628,1.7948127638009923,2.8530501517214386,2.944769070571952,2.345436864722447,4.3077053460030506,5.35155344176674,8.475883772067238,20.41622981450264,27.338123255098843,0.0,0.0,-0.19999999999999998
2,arctan,independent,2,0.05,10,0.0028317597202178503,0.004025816974672299,0.00419050610910442,0.0001118931110949,0.0003487631132106399,0.0005281621818620441,1.8922739559560513e-05,3.096699489033828e-05,3.44179897132136e-05,1.748338300153431e-07,2.886445609883776e-07,3.4598394693874433e-07,1.0,1.0,0.5757575757575757
2,arctan,independent,2,0.1,6,0.012309860131649149,0.01646093376577855,0.019269063203373866,0.00063741704422765,0.00852301744040495,0.015418572936115926,0.0003232864757208,0.0003542689239238,0.00037194399384976,9.820963380660767e-06,1.3677104584696165e-05,1.3828701118390901e-05,1.0,1.0,0.6
2,arctan,independent,2,0.2,5,0.0499979417208916,0.05117992151611762,0.05164278739199819,0.008671543891735,0.01349627211500314,0.016160432029024143,0.0054119022135741,0.0057913022149983,0.00581837910573708,0.0007013774131198,0.0008744776222379799,0.0008810264578614879,1.0,1.0,0.8999999999999998
2,arctan,independent,2,0.3,11,0.093491086970013,0.1383795953962618,0.16335176664810877,0.0249847028218051,0.0414465752694495,0.0859258519981007,0.0217740299345626,0.0371473551819869,0.03847517425856318,0.0068536233724427,0.0100561274105815,0.01303655754218176,1.0,1.0,0.8272727272727273
2,arctan,independent,2,0.5,7,0.2037532342345329,0.2508650618042725,0.26296149788743517,0.1018758616955056,0.16737978533304723,0.19091984924804328,0.111089983426835,0.1545756195074458,0.17241687759881558,0.0930675450466149,0.13087615219517662,0.15257521713619498,1.0,1.0,-0.21428571428571433
2,arctan,independent,2,0.7,4,0.3276888119770103,0.3740394669866371,0.37439456786023534,0.3517991266207764,0.414016301575249,0.4147424623112069,0.3064152440158571,0.41328539289605426,0.4137627696749192,0.4967877115405411,0.7170963895986138,0.7171040680489696,0.5,0.25,0.39999999999999997
2,arctan,independent,2,1.0,7,0.6297888596821826,0.7290342050198655,0.8385429551811505,1.2994777840107892,1.732875366414915,2.190199885415802,1.2651817083878996,1.633971893818313,2.0770408919495233,3.934768472839576,5.613251786498697,7.395844178126233,0.0,0.0,-0.07142857142857144
2,arctan,independent,3,0.05,5,0.0017733315177803,0.00248136806124486,0.002505116952882396,1.950752179591628e-05,0.0001908860581959083,0.00025850159546262085,8.367577238693102e-06,1.488317096463101e-05,1.505964634123694e-05,5.830182702836432e-08,1.272608387815699e-07,1.2935136912505684e-07,1.0,1.0,0.9999999999999999
2,arctan,independent,3,0.1,9,0.0083284633052128,0.0123907967420367,0.01466916780306342,0.0004047087602962,0.0051649128029973,0.008251395656482379,0.0001780152096583,0.00031251581186416,0.000440807412005656,5.453742303250895e-06,1.0252728478143633e-05,1.6855242438510016e-05,1.0,1.0,0.8333333333333333
2,arctan,independent,3,0.2,10,0.0299378904335253,0.053049399816488346,0.053764872541826665,0.00402050809336585,0.007955699953794708,0.012176527352695332,0.0023566417788862,0.00605321450549903,0.0061775130334445925,0.0002760214118538,0.00089749032362031,0.000919296434268561,1.0,1.0,0.6727272727272726
2,arctan,independent,3,0.3,10,0.0597635403577097,0.09366482119384667,0.11934124596738041,0.011310297854630749,0.021863189191474685,0.03271772536769411,0.00966015540886435,0.019066153727880814,0.030343283762316205,0.0023280372775660004,0.005704945260495879,0.009978306027222479,1.0,1.0,0.24848484848484845
2,arctan,independent,3,0.5,6,0.16591395377833917,0.2306500984930836,0.271487361287006,0.07984956666475505,0.15378755933087346,0.18634385886770852,0.0765800435746081,0.13187642308109185,0.17571372534505947,0.0527462888844267,0.10849522821548645,0.15470834161246613,1.0,0.8333333333333334,0.4285714285714286
2,arctan,independent,3,0.7,4,0.3966220764320769,0.4909148505992337,0.510384372463891,0.4049705514063196,0.6128428087281778,0.6621095306507914,0.39705125527197205,0.5976631532729304,0.6455318071675786,0.5616306438109334,0.9968697292938065,1.1131986728496375,0.5,0.0,1.0
2,arctan,independent,3,1.0,8,0.4444297160617471,0.5583592767099254,0.5618155013716012,0.47300727140629006,0.9761320329726229,1.0089340526539332,0.5807548262031708,0.9482949608172998,0.9595222958851863,1.3188960564823238,2.4881288682035034,2.6512860746264204,0.25,0.0,0.2380952380952381
2,arctan,independent,5,0.05,8,0.0021910119125512,0.00290831138353969,0.002962875527576449,1.9525880230825857e-05,5.0954780984326716e-05,7.949768431788212e-05,1.0325166446170727e-05,1.743023103952954e-05,1.771394269404608e-05,7.01640158174432e-08,1.3551143864043206e-07,1.358521801002012e-07,1.0,1.0,0.8333333333333335
2,arctan,independent,5,0.1,7,0.0086808930310682,0.01005219265575634,0.010271319713347535,0.0002273177218908,0.00030807507877688003,0.00033885236851050797,0.0001704666667731,0.00021604146705912,0.00022573040106043198,4.6871101431775945e-06,6.209356508201461e-06,6.614963511680789e-06,1.0,1.0,0.7857142857142859
2,arctan,independent,5,0.2,6,0.03221259090882015,0.04006832260387865,0.04368263833113274,0.0026353280460913496,0.00383587244164115,0.004404513920238125,0.0022177569163647,0.00354545160126975,0.004070528247484215,0.00020375129928785,0.00042196969454780004,0.00050038139838467,1.0,1.0,0.8857142857142858
2,arctan,independent,5,0.3,11,0.0615928737278861,0.0961684442059139,0.10838597247578159,0.0108224960829471,0.0215365197339125,0.025897458901145573,0.0094488069045058,0.020364636909794,0.02494296824287424,0.0021073753640279,0.0057725779476535,0.00749568620483827,1.0,1.0,-0.06363636363636364
2,arctan,independent,5,0.5,7,0.1630518572876407,0.2201618361715555,0.2226607238176553,0.0711801584163752,0.11065266375526833,0.11812804141731185,0.0686916527925581,0.10892227081487381,0.11561314302670192,0.0424935961353896,0.07292720301912062,0.08262251249805842,1.0,1.0,0.7142857142857144
2,arctan,independent,5,0.7,2,0.26322698480366485,0.28816485855650886,0.2937758801508988,0.1883689817294812,0.2156206074627924,0.22175222325278743,0.1881889701883287,0.21615519113319318,0.22244759084578766,0.20531207525586306,0.24344997933967305,0.25203100775853027,1.0,0.0,0.9999999999999999
2,arctan,independent,5,1.0,10,0.5087608344233736,0.6927278998160745,0.8158964271958973,0.7402557470200151,1.355730029017733,1.791630526494495,0.7411556296001216,1.337808743015909,1.7790681913910118,1.6552432495384761,3.786775177295052,5.420360950539146,0.1,0.0,0.5151515151515151
2,arctan,independent,10,0.05,11,0.0017339672055929,0.0020481520615754,0.00220627903849889,1.0142310959761349e-05,1.501627334258767e-05,5.310488947587426e-05,6.1979476487157035e-06,8.871825295455379e-06,1.0001283992756216e-05,2.8993486530227464e-08,5.147460329874109e-08,5.970631617695316e-08,1.0,1.0,0.8545454545454546
2,arctan,independent,10,0.1,7,0.0051868480489211,0.008595723906543541,0.009392623453244783,8.004880814044763e-05,0.0001639465556387,0.00016719096476732,6.127857620631245e-05,0.00014857389777658,0.00016362381760106799,1.0281905815447023e-06,3.3046307675500255e-06,3.4708356956550384e-06,1.0,1.0,0.642857142857143
2,arctan,independent,10,0.2,4,0.029912165892489,0.03993076519253625,0.04340501181452383,0.0017397866846536,0.00337558376816551,0.0039404430641648705,0.0017323401027749502,0.00328946937675417,0.0038258055574858165,0.00012720478913165,0.0003570596316850501,0.00043683946798540494,1.0,1.0,0.39999999999999997
2,arctan,independent,10,0.3,7,0.0663037405998944,0.07767272968945012,0.077962537381228,0.0093558218412393,0.012757852152673341,0.013069980310546004,0.0093363089478892,0.01256036891806644,0.012764343757299864,0.0017699899150657,0.00269643018538526,0.002801636549117366,1.0,1.0,0.642857142857143
2,arctan,independent,10,0.5,4,0.17590420974817367,0.19379334970550208,0.2000422021006319,0.0683889558312969,0.08422265567095256,0.09030712509028345,0.06812197885414085,0.08353345597551352,0.08945719748274877,0.03579185210184405,0.049428693027187214,0.054419239092580826,1.0,1.0,1.0
2,arctan,independent,10,0.7,5,0.1445155270210925,0.37694611066546707,0.44198468328589713,0.0509649153728699,0.33401967851971615,0.43534094481093605,0.052780421888385,0.333827141671018,0.43491865507925426,0.0292560284140721,0.3988867122918057,0.5533353826044788,1.0,0.8,-0.39999999999999997
2,arctan,independent,10,1.0,9,0.4367611801320522,0.6409446384828232,0.800965067382599,0.496557840023333,0.6434338963878538,0.9040536045810709,0.4964810864508266,0.6382369997436822,0.8992712286022141,0.4366876910480294,1.237861039943519,1.996718971147395,0.5555555555555556,0.3333333333333333,0.5333333333333333
2,fermi,common,1,0.05,8,0.00052194813593095,0.002929195996248889,0.006203526611227857,1.1346234199608497e-05,0.0027262998893967986,0.006544017222077588,3.701799369412315e-07,4.254625868546436e-06,9.053867902916994e-06,3.0496833950364715e-10,6.073712698918463e-09,1.3115044541407677e-08,1.0,1.0,0.9285714285714287
2,fermi,common,1,0.1,8,0.0031328742148319,0.00460424373259798,0.005260511623233358,0.00140902383527535,0.00672491734336411,0.009161673622252531,1.7365529345962063e-05,2.4244615478028705e-05,3.062668109157532e-05,9.7043279663989e-08,1.4110767050104242e-07,1.7772588665914092e-07,1.0,1.0,0.8571428571428572
2,fermi,common,1,0.2,7,0.0298051253279947,0.10000067665406104,0.18680089970390723,0.006494773032814,0.09271639052246544,0.15746370813747682,0.0008379588002335,0.0027203251075332813,0.005171310994556765,2.02030961640633e-05,6.698003853076714e-05,0.00012755572873570666,1.0,1.0,0.9642857142857145
2,fermi,common,1,0.3,6,0.047744636435927704,0.0548030717014842,0.05796001707400152,0.012565828705508899,0.04946571863217155,0.07202789353753657,0.00243255151275745,0.0030321033300937,0.00323725654924201,0.0001253551047769,0.0001628790688702,0.00017311074890887,1.0,1.0,0.3714285714285715
2,fermi,common,1,0.5,4,0.13623626155958252,0.15849522711317315,0.15957545445196206,0.09142486553503745,0.18892700372502114,0.21670946111564235,0.0198697754118581,0.0243205582523256,0.02463974018398278,0.00280184956644235,0.00362276410617515,0.003742053296372435,1.0,1.0,0.7999999999999999
2,fermi,common,1,0.7,9,0.1012816350601445,0.3551577552779237,0.35971453411858867,0.0156694081089508,0.23490234493680345,0.30247211415796743,0.0202675473251164,0.1043366324537661,0.11147099786440387,0.0043025464233077,0.03036790094001918,0.03280418358279947,1.0,1.0,0.3666666666666667
2,fermi,common,1,1.0,3,0.2803261685847934,0.5015612401097262,0.5513391312028361,0.0819829901672256,0.6576346981592511,0.7871563324574568,0.1420915769919702,0.29756489178615,0.3325463876148404,0.0733799172399664,0.17114497967339312,0.19314211872091414,1.0,1.0,0.5
2,fermi,common,2,0.05,6,0.0008949606423360001,0.0010596310195456,0.0010811657986368399,1.7852887717321663e-05,7.406660097704343e-05,8.262566409069569e-05,1.0798084798640058e-06,1.5688599780013025e-06,1.652851778693886e-06,1.3554469603633192e-09,2.340351727279634e-09,2.4572958949655734e-09,1.0,1.0,1.0
2,fermi,common,2,0.1,10,0.00240451740952795,0.00474181895558018,0.005299004054663768,0.0002685366984615,0.002405687526813238,0.006007144997292714,1.0173752782946024e-05,3.302270790302861e-05,3.7339333591954586e-05,5.4894660401707996e-08,2.072405316050674e-07,2.2275832804509838e-07,1.0,1.0,0.8545454545454544
2,fermi,common,2,0.2,7,0.0100581917347136,0.01534272817822836,0.016031125575889028,0.0004270212839306,0.003115214629352961,0.004663019126448174,0.0001359443155773,0.00031657000268736,0.00036896271621618594,1.970222255825701e-06,6.762667692822317e-06,8.832260583388795e-06,1.0,1.0,0.9285714285714288
2,fermi,common,2,0.3,10,0.0212329516300327,0.035247567420592776,0.039960209387198846,0.0023949117502586,0.018424937556188507,0.022560408013118892,0.0004509922077882,0.0017425788651614898,0.0020670102828837292,1.2154525330666964e-05,9.025376542984641e-05,0.00010880266419636465,1.0,1.0,0.7333333333333332
2,fermi,common,2,0.5,4,0.07265160500045864,0.11569710536249127,0.1210644766041578,0.02305626787304385,0.037430320626024575,0.04123432785901197,0.008899189211322,0.01733871972654072,0.0181242983425237,0.00122701287515755,0.00261373030818321,0.0027486934518913407,1.0,1.0,1.0
2,fermi,common,2,0.7,3,0.0822383345234948,0.1618207507763352,0.17972679443322429,0.0083252789702272,0.08790477690973465,0.10581016394612382,0.0083230476635904,0.039478511630413285,0.04648849102294843,0.0008614479386788,0.0095451200773356,0.011498946308533379,1.0,1.0,0.5
2,fermi,common,2,1.0,9,0.1585557114595277,0.3656886170746777,0.37085773472974637,0.0365827851733805,0.2997392162998934,0.36336372342378104,0.0255532089766506,0.18425303783803762,0.22962506395225468,0.009958467196278,0.09339318680472963,0.13351230612682738,1.0,0.8888888888888888,0.45
2,fermi,common,3,0.05,7,0.0004960797762859,0.0008202179623090401,0.000897393087057644,1.661616693085754e-05,0.00020386345154856008,0.0003324998544679859,2.969968000113005e-07,9.828923984813154e-07,1.1515599928693659e-06,2.471772214328191e-10,1.3018438022227502e-09,1.6081006955625394e-09,1.0,1.0,0.9642857142857145
2,fermi,common,3,0.1,5,0.0018263812508469,0.0034936712779185,0.004050009031671719,3.434463603265348e-05,0.00043108410043642294,0.0006464576144440122,6.147389236916443e-06,1.6166341844646002e-05,2.0281702919926754e-05,2.6303717135176665e-08,7.791937119990257e-08,1.0401519155925043e-07,1.0,1.0,0.7
2,fermi,common,3,0.2,5,0.0118767872047628,0.013541155336095921,0.014391524889609993,0.0002870535842788,0.0014887322580756203,0.0021089754914501123,0.0002154799983546,0.00024050546418872,0.000255423456870032,4.199834362799517e-06,4.504618996709461e-06,4.6470380655876215e-06,1.0,1.0,0.9999999999999999
2,fermi,common,3,0.3,9,0.0177116811884509,0.02770591392854026,0.027785706823030155,0.0008075056972515,0.006241541384541301,0.0120534119379807,0.000434678606389,0.00107455938721972,0.001188264024950272,1.189770234993639e-05,5.088126812421167e-05,5.6385784946574126e-05,1.0,1.0,0.9500000000000001
2,fermi,common,3,0.5,8,0.0479564023155107,0.0656788682536439,0.07156047422654115,0.0034570058344407,0.00782503383215569,0.009103874197936549,0.00291956906394475,0.00672024664373851,0.0076882243716117,0.00019164984968255002,0.00084943287068151,0.000933513066005061,1.0,1.0,0.2380952380952381
2,fermi,common,3,0.7,10,0.09651569943712734,0.14272447482324707,0.19322213206369868,0.00659212042402145,0.05857996847500069,0.06166981447338221,0.0168890258835654,0.03394435262050567,0.05176375458692044,0.00361892869142045,0.009266338549368328,0.014655547577430664,1.0,1.0,-0.22424242424242422
2,fermi,common,3,1.0,12,0.19236243560221988,0.3007334294694265,0.35804533951712847,0.069671420687483,0.20746541746652403,0.2518879599681046,0.05276082004961815,0.14514635891426148,0.19055314946938298,0.02261076858462185,0.08022624993402881,0.10958595787954706,1.0,0.9166666666666666,0.8671328671328673
2,fermi,common,5,0.05,8,0.0006147005018159,0.00085944192326298,0.000889531422293718,1.9922043682995274e-05,0.00018364980961714343,0.00038997958708440424,5.730282829403092e-07,9.560580578330667e-07,1.0564778368732165e-06,6.050808157090875e-10,1.1347051796842583e-09,1.3612856651746184e-09,1.0,1.0,0.7857142857142858
2,fermi,common,5,0.1,6,0.0019548202001210503,0.0022035883877024503,0.002219651273363185,3.306967768070179e-05,0.00020908908690282804,0.00033234395291737286,5.6455825871787056e-06,6.800918976709465e-06,7.101474478687278e-06,1.8715992047984093e-08,2.622808982208827e-08,3.081343292253183e-08,1.0,1.0,0.942857142857143
2,fermi,common,5,0.2,4,0.0062647359785187005,0.00649387320779769,0.006563695406316458,0.00018902590420485,0.0011168274329717701,0.0014596532294466266,6.394768204428039e-05,7.559258963184956e-05,7.965967600548478e-05,7.704310595881445e-07,1.1263701391905264e-06,1.2601201970157882e-06,1.0,1.0,1.0
2,fermi,common,5,0.3,7,0.0104986465901663,0.019938873798452522,0.021224409764256248,0.0008401568877465,0.009289402694555327,0.018733283855576714,0.0002215762556582,0.00065599824568978,0.000711715559015908,4.2875187374326e-06,3.074809673043639e-05,3.512190372431001e-05,1.0,1.0,0.9285714285714288
2,fermi,common,5,0.5,11,0.0445981111805281,0.1111147262843128,0.11310363385344979,0.0094510450941431,0.0163025588915832,0.01677585022509855,0.0024361966761839,0.0155979697318154,0.016014082245074182,0.0001363101023122,0.002258797421713,0.0023264548320973003,1.0,1.0,0.7454545454545456
2,fermi,common,5,0.7,8,0.07751359272904065,0.1363167555269448,0.16014253540887938,0.00828429793064855,0.03525673147361014,0.04083486200927343,0.00822837189116755,0.028400250304768587,0.03612623420527624,0.0009749333736971,0.006601286333420259,0.008751572880113984,1.0,1.0,0.38095238095238104
2,fermi,common,5,1.0,7,0.1438299313964651,0.214062110382664,0.30233878817114856,0.026823931871841,0.11935243476786471,0.15075189500087333,0.0268585544640842,0.08053921466282944,0.13685402125307458,0.005223417052867,0.03570264611412632,0.06766016197899818,1.0,1.0,0.6785714285714287
2,fermi,common,10,0.05,7,0.0004212385994811,0.0006392955702269201,0.0007324433718733119,2.598982718582378e-06,5.6296401569983434e-05,0.00010926629802557829,2.1371471500781738e-07,5.872408342425649e-07,7.15839628634319e-07,1.2358009437088712e-10,6.103815677767476e-10,7.640268048192701e-10,1.0,1.0,0.8214285714285715
2,fermi,common,10,0.1,11,0.0016945850399945,0.002349087725446,0.0034020625652403103,1.056869874873965e-05,2.815282889973277e-05,2.9820792968257066e-05,4.184315496670502e-06,6.909739502341867e-06,1.4806040907855713e-05,1.3431782945816738e-08,2.3874078970477892e-08,6.829384733028801e-08,1.0,1.0,0.881818181818182
2,fermi,common,10,0.2,7,0.0056633130607787,0.0080060318412322,0.010194663753476137,0.0001093240012394,0.0004639616700841402,0.0007374731654289737,4.479105187844818e-05,9.568973122315796e-05,0.00014498790650561573,4.0455137279826556e-07,1.3245149524663732e-06,2.2817856130518936e-06,1.0,1.0,0.8571428571428573
2,fermi,common,10,0.3,8,0.01465097836560345,0.017720866815999558,0.021131982383332165,0.00039825687462625005,0.00072250823804308,0.000744063139012948,0.000281715522897,0.00042661569311281994,0.0006238098140104819,6.296051039421359e-06,1.2385583673527092e-05,2.088111053996167e-05,1.0,1.0,0.9047619047619048
2,fermi,common,10,0.5,9,0.0360155316170209,0.05012662024643097,0.07016277109130753,0.001774017838061,0.007162653173396201,0.00872043987065992,0.0017744808343357,0.0036950659888225807,0.006367699853284188,9.58843315751816e-05,0.00031239437008384006,0.0006116179307994639,1.0,1.0,0.6
2,fermi,common,10,0.7,7,0.0993739933230813,0.17196824590950194,0.19551179890636014,0.0146875469706288,0.03897782397478737,0.05030038452761056,0.0145600706943617,0.03870314760858433,0.04982538545904981,0.0022350946706814,0.009264139087625963,0.013325176687705281,1.0,1.0,0.4642857142857144
2,fermi,common,10,1.0,9,0.1270050685847262,0.3427869431192475,0.43505660241579364,0.0344887178613487,0.15953739797695732,0.2502306513512922,0.0294327233807328,0.15912026206424817,0.250024002029351,0.0072302010366134,0.07869563725116516,0.1477237309655677,1.0,1.0,0.7
2,fermi,independent,1,0.05,7,0.0009714578672486,0.005478251233852684,0.011341900141944913,0.0001998575828698,0.005010139365840304,0.010599617576389976,1.2870477475744332e-06,7.04353096373922e-06,1.4356402203042189e-05,1.821068687937549e-09,9.225897827767727e-09,1.842917230324279e-08,1.0,1.0,0.7857142857142859
2,fermi,independent,1,0.1,12,0.004243330221864501,0.005924664998135641,0.026417651208259035,0.0005558511588851,0.0036991800113037503,0.02280168387681271,2.3779636177399823e-05,2.9529779562406755e-05,0.00015597464896863946,1.298499848628468e-07,1.9701514477096096e-07,8.959080359345174e-07,1.0,1.0,0.8601398601398602
2,fermi,independent,1,0.2,7,0.0163792252683854,0.021872622048460525,0.027289417024911358,0.0019695517058867,0.007175242835407723,0.011754512523178728,0.0004056151979875,0.0004749371836850401,0.0005663089973292539,9.591552950976225e-06,1.1861026255822458e-05,1.2450310629189201e-05,1.0,1.0,0.8571428571428573
2,fermi,independent,1,0.3,7,0.0331681704684699,0.0421986635397071,0.0423904678351586,0.0044769354445741,0.01894821930690371,0.035025689287476326,0.0018141432536121,0.00216885628002474,0.002202199659733734,9.627307964699235e-05,0.00011768721347792,0.000117998823212372,1.0,1.0,0.8928571428571429
2,fermi,independent,1,0.5,5,0.1239219655810355,0.14147563585453848,0.1460217761623415,0.020875064672821,0.03151307703022908,0.035292106494203744,0.0175484120564655,0.02137202781096884,0.023228344965425682,0.0024175692369768,0.0031316708172722404,0.003472433443887984,1.0,1.0,0.9999999999999999
2,fermi,independent,1,0.7,3,0.2171236407038624,0.7855674343792609,0.9134672879562254,0.0847996550413821,0.403096566741638,0.4747133718741956,0.0605658722686752,0.36675739490867365,0.43565048750267327,0.0172540568340268,0.11857215865601577,0.14136873156596327,1.0,1.0,1.0
2,fermi,independent,1,1.0,4,0.3587697444520166,0.43446959696334736,0.45064819838997955,0.1667492004312907,0.2320210964801646,0.24520143095608868,0.20659658762324,0.24845613452345727,0.2618867647602965,0.141409289059663,0.15359232534870995,0.15507365146353166,1.0,1.0,-1.0
2,fermi,independent,2,0.05,9,0.0007111728908679,0.00075970893806138,0.000838973568016748,4.6727775276449126e-05,0.0001105182994635,0.0001408416239673,8.238455834760894e-07,9.039355403611194e-07,9.329469754640254e-07,1.053668000031026e-09,1.2802201121752183e-09,1.3032851580364346e-09,1.0,1.0,0.9166666666666666
2,fermi,independent,2,0.1,8,0.00297871936574045,0.00368734673830885,0.003893366685207175,0.0001187167273052077,0.0014253031490813195,0.0027684087105869014,1.2134288546797342e-05,1.5642817746444432e-05,1.758608458047079e-05,5.486460875815503e-08,8.629982531208038e-08,9.26436985670894e-08,1.0,1.0,0.7619047619047621
2,fermi,independent,2,0.2,6,0.010888026077839449,0.02826220858522895,0.04163822796802399,0.00232187634575735,0.02230211260544415,0.03378476902717631,0.0001952906503305,0.0005733638330029,0.0008498775608070101,4.0967730532193365e-06,1.1270166555908133e-05,1.622600382749503e-05,1.0,1.0,0.3142857142857143
2,fermi,independent,2,0.3,11,0.0222000278894925,0.0256210635967732,0.02947074891638662,0.0012832917734051,0.0053465484559721,0.008806630409209672,0.0007390873339216,0.001068500037703,0.00130057927724488,2.678953881187581e-05,5.0798726805755856e-05,6.246485001103906e-05,1.0,0.9090909090909091,0.5545454545454546
2,fermi,independent,2,0.5,9,0.0695673679804852,0.09400826718359975,0.09409692885088822,0.0082798074505765,0.033296965154062774,0.09887403020104876,0.0070086522635332,0.0115794645808783,0.01188908887956898,0.0009557908991301,0.0014782844648134601,0.001564301942401876,1.0,1.0,-0.03333333333333333
2,fermi,independent,2,0.7,7,0.1166003106826715,0.1307410964648515,0.1326232391683681,0.032726880717816,0.09466986342914419,0.16883046208463054,0.0250297519909325,0.028738372316728423,0.029882957190672143,0.0055395710742846,0.007471519573363261,0.008216909410301915,1.0,1.0,0.8214285714285715
2,fermi,independent,2,1.0,3,0.1152257574830245,0.26410178422945413,0.29759889024740077,0.0140727561768914,0.12565237401031598,0.1507577880228365,0.0339929389412048,0.11859526307675537,0.13763078600725423,0.0143000236869244,0.05987740140222808,0.07013231138817141,1.0,1.0,0.5
2,fermi,independent,3,0.05,10,0.00058542665998205,0.00104858004394299,0.001071326973451539,1.122263190274098e-05,2.7549152934802575e-05,4.663247264725386e-05,5.649581712088879e-07,1.4116286774569615e-06,1.4705578929722093e-06,6.452018356417416e-10,1.9849865081380427e-09,2.110097062777954e-09,1.0,1.0,0.8909090909090909
2,fermi,independent,3,0.1,7,0.0021584048632758,0.00363760834269298,0.003707959183360348,9.018022926977261e-05,0.00011520578707092,0.00013030952842627198,7.542138998911859e-06,1.8220697593858955e-05,1.8735726245246608e-05,3.2905056779167854e-08,9.863981922170624e-08,1.0173732409166121e-07,1.0,1.0,0.8214285714285715
2,fermi,independent,3,0.2,6,0.008324012338568,0.00924011251166135,0.009371649285418384,0.00018682295578435,0.00041472906092615,0.000450500158696565,0.00010975661514265,0.00013217900007135,0.00013692740776459502,1.871615489391299e-06,2.277317906746076e-06,2.4637834766972727e-06,1.0,1.0,0.2
2,fermi,independent,3,0.3,3,0.0089334606046027,0.02908898790274614,0.03362398154482841,0.0019580287550664,0.0024228479510912,0.00252743227019678,0.0001172279765393,0.00124419032096338,0.001497756848458798,1.6129507764814334e-06,5.768019748840953e-05,7.029532799859335e-05,1.0,1.0,1.0
2,fermi,independent,3,0.5,5,0.0585350413001624,0.06763188398499859,0.07223292306535901,0.0060335363090654,0.0100435224513943,0.01019591683721056,0.0056770221895633,0.007177788698953661,0.007932169364009957,0.0006804203988145,0.00087986128276502,0.0009822544750481119,1.0,1.0,0.7999999999999999
2,fermi,independent,3,0.7,8,0.09158102557228559,0.122336502648735,0.13929666674665467,0.014355426813645801,0.02380813229037324,0.03138455688478451,0.01346189772381435,0.02248722881723948,0.028859250904559347,0.0024856745140083,0.004907664040206639,0.006722678518824693,1.0,1.0,0.5714285714285715
2,fermi,independent,3,1.0,14,0.18633809207872126,0.2821569650831602,0.30441761332557066,0.05986404438093455,0.12444550512396667,0.14731060583215125,0.06033996701300785,0.11856384546565123,0.13915856190148324,0.023040758350434648,0.055132750072327576,0.07021109308693022,1.0,1.0,0.5956043956043956
2,fermi,independent,5,0.05,10,0.0005433987177344501,0.00086268919549724,0.0009713477972916441,5.2117536739962435e-06,1.9396421738386966e-05,6.333909265093328e-05,4.14576071313734e-07,9.868326328541224e-07,1.2077692490512612e-06,3.6096461890850806e-10,1.2151504036751703e-09,1.5838697485782035e-09,1.0,1.0,0.9272727272727272
2,fermi,independent,5,0.1,3,0.0022042430193571,0.00361529953785878,0.003932787254521658,3.855335368165277e-05,7.48168917746611e-05,8.297618784558797e-05,6.816331367473449e-06,1.7570045784618216e-05,1.998963152847579e-05,2.4079677064407413e-08,9.23257965874425e-08,1.0768117348012538e-07,1.0,1.0,1.0
2,fermi,independent,5,0.2,6,0.0078581214925127,0.01345022405341395,0.013794440733407085,0.0002268486146232,0.00032090902812265,0.00032398410391262496,9.453665598745657e-05,0.00023872940153975002,0.000247734258913415,1.3704695274870555e-06,4.545423876859514e-06,4.733522886688221e-06,1.0,1.0,0.8857142857142858
2,fermi,independent,5,0.3,10,0.0176810318545268,0.03148425682694116,0.03169566418983193,0.0006370656060457,0.00141925090420057,0.001532569985441707,0.00046187796575350003,0.00124490831042408,0.001330205011868768,1.4293696026150898e-05,5.119547158837219e-05,5.993410461377533e-05,1.0,1.0,0.8909090909090909
2,fermi,independent,5,0.5,2,0.0543216154485663,0.0662301136754219,0.0689095257764644,0.00467410644763695,0.006656706126696991,0.007102791054485499,0.00452124169992195,0.0061202051721223096,0.00647997195336739,0.00043464210662764996,0.00062063139616233,0.000662478986307633,1.0,1.0,0.9999999999999999
2,fermi,independent,5,0.7,11,0.0565275831086996,0.1288375005501102,0.14233663182984277,0.0079300119447682,0.0245798840223458,0.02841793501910012,0.0059250894402365,0.0236941378988766,0.02759549476608393,0.0008101808188124,0.0048773029753604,0.00579799260151193,1.0,1.0,0.5545454545454546
2,fermi,independent,5,1.0,4,0.168794677686433,0.2799581474319211,0.31432324832763675,0.04846602943887115,0.12017514279811947,0.14412929156109355,0.04601100217101325,0.11812857392152559,0.14121321397398703,0.015307027124624648,0.056092664567553074,0.06938762079526682,1.0,1.0,1.0
2,fermi,independent,10,0.05,2,0.00017828426727045,0.00022892443803185003,0.000240318476453165,3.296551923487206e-06,4.943949261455033e-06,5.314613662497794e-06,5.96089810798526e-08,9.062189792607567e-08,9.759980421647586e-08,2.7631348129916556e-11,4.617892379007388e-11,5.0352128313609276e-11,1.0,1.0,0.9999999999999999
2,fermi,independent,10,0.1,7,0.0017271062972625,0.00257783125206154,0.002805584237718214,1.2372746447632091e-05,0.00023472596393266795,0.0004475195160188266,4.2032263981193004e-06,8.595481428290874e-06,9.880348783763332e-06,1.1788857347090034e-08,3.072682963994309e-08,3.650800031317706e-08,1.0,1.0,0.9642857142857145
2,fermi,independent,10,0.2,9,0.0080774595523801,0.01611364922176884,0.016453924736340986,0.0001052508483804,0.00033519179992364,0.000343920447605384,9.130542839476928e-05,0.00032177472140262,0.000333211348441812,1.1640258293366825e-06,6.6559510211021085e-06,6.952167170667611e-06,1.0,1.0,0.13333333333333333
2,fermi,independent,10,0.3,7,0.0098796047677028,0.017281294596515083,0.018031564459936828,0.0002945758610154,0.00053991219749388,0.0006402748003785779,0.0001474896174477,0.00041570232354536004,0.00045052130250008597,2.6744251252965345e-06,1.137853053331903e-05,1.2743817352146485e-05,1.0,1.0,0.14285714285714288
2,fermi,independent,10,0.5,6,0.0381015795268359,0.05839100599950795,0.059291092475116006,0.0027819506930029997,0.0046638955749309,0.00502700861503203,0.0022244563356386498,0.004538202787327,0.00482452853475901,0.0001540217577273734,0.0003854360854919,0.00043575446747693005,1.0,1.0,0.48571428571428577
2,fermi,independent,10,0.7,8,0.057288806061896,0.11095240417765742,0.14479081930670426,0.005116147978477949,0.017744688882164447,0.02841407173561002,0.00520627345996235,0.0173691438454342,0.028097513808312876,0.0005837266531586,0.003076497417646519,0.005885987407515781,1.0,1.0,0.5714285714285715
2,fermi,independent,10,1.0,7,0.0528136648003535,0.16814618518219845,0.1717862233068044,0.011043397550027,0.04082159075257364,0.044102293956081104,0.0054883762839659,0.04073239966943072,0.0438041459028024,0.0007876922488042,0.011324469622051261,0.012969448720315866,1.0,1.0,0.9285714285714288
3,arctan,common,1,0.05,10,0.0036075284314131,0.014187257808782437,0.018374760256689635,0.0008501342110367499,0.01073496265451589,0.011220700425030759,2.9396761801567e-05,0.00024794241695596993,0.000386153721580097,2.634830003031451e-07,5.097432683563932e-06,9.9996741873705e-06,1.0,1.0,0.9515151515151514
3,arctan,common,1,0.1,9,0.0081030649412881,0.028185920296275202,0.03241575427180676,0.0033147007858392,0.01361155992744722,0.01694009866760841,0.0001868711818176,0.0014992318610236,0.00164202537021112,4.985967388921831e-06,8.659085532368907e-05,0.00013154241548049892,1.0,1.0,0.3
3,arctan,common,1,0.2,4,0.05387318177763735,0.1556723750886616,0.19461179837452663,0.041245525195141554,0.13261518818026713,0.15872833311269063,0.0057165014442108,0.03869538416148785,0.05129662129749332,0.0007507242065306,0.011029268074702073,0.014968844675389123,1.0,1.0,0.7999999999999999
3,arctan,common,1,0.3,5,0.1757085987282544,0.3254780315639225,0.4151588954799939,0.076977260130499,0.37168339460746885,0.5178975760767873,0.0575664089086034,0.19238672805088725,0.2409408922636932,0.0225384060836358,0.13094426528267475,0.1527222069282373,1.0,1.0,0.6
3,arctan,common,1,0.5,3,0.0778043431495781,0.3847009903638352,0.4537527359870431,0.6884278619223148,0.8170228906595561,0.8459567721254354,0.1924640967122409,0.4938487629023231,0.5616603127950915,0.4129877481521314,0.8754175560735039,0.9794642628558127,0.3333333333333333,0.0,1.0
3,arctan,common,1,0.7,10,0.572596888533905,0.7664487233766144,0.8543599039774328,1.1483701260783847,1.7630462652572594,3.3591263996287006,0.8132708795271865,1.5137603422796875,1.7612427557048105,2.0332518390231673,4.211255668097759,4.269129296972353,0.1,0.0,0.5151515151515151
3,arctan,common,1,1.0,5,0.7972854385842947,0.8741467962688371,0.901102264333774,2.3130901518012177,3.318016688993985,3.690834948983561,3.0743142643762518,3.9492755281855927,4.466062121277847,19.38254007910091,28.56571455458788,33.87340000938782,0.0,0.0,-0.7
3,arctan,common,2,0.05,11,0.0022888446129227,0.0044916329217324,0.005443622829870331,0.0002712533789557,0.0025486801232377,0.004465134606380981,1.3388671428467734e-05,5.739872468627837e-05,7.277200443762979e-05,1.7172612037509517e-07,9.674638717605665e-07,1.3631392761367656e-06,1.0,1.0,0.7636363636363637
3,arctan,common,2,0.1,5,0.0128539955452082,0.016474018745090382,0.01795887529993059,0.0010088724232374,0.0021515840003237,0.0025770224791614197,0.0003830278038966,0.00063946557511194,0.000739878415236264,1.2665880350597893e-05,3.779161557317125e-05,4.359863511542681e-05,1.0,1.0,0.9999999999999999
3,arctan,common,2,0.2,10,0.04569693954981295,0.07093153554584944,0.07419210853690081,0.00951348222649575,0.016420305459132624,0.029550050917727284,0.0057275912134149495,0.011735781523149498,0.01338147915540308,0.00107015637402695,0.0036036600849876,0.00363806916463524,1.0,1.0,0.6606060606060605
3,arctan,common,2,0.3,3,0.0569414975332494,0.09235957671133203,0.10032864452640063,0.0303994306187235,0.03515091747681022,0.03622000201987973,0.0086588792868476,0.024007735572471524,0.0274612282367369,0.003209744266476,0.01029642032369288,0.011890922436566677,1.0,1.0,0.5
3,arctan,common,2,0.5,8,0.15140925092699853,0.2664785671595134,0.28904628242132385,0.0666895000948466,0.1826538545456706,0.2590111233359649,0.07580679492377695,0.19637819679010604,0.2213161135650658,0.06990393418755685,0.2446110072953161,0.24944688219247818,1.0,0.625,0.19047619047619052
3,arctan,common,2,0.7,8,0.39113257842502097,0.5509123878693934,0.5599442975855313,0.31721992418839173,0.9544557429321383,1.2239271500378164,0.5283262050539077,1.3825228053550853,1.8285542439370686,1.2527129434288016,4.7943056932929835,6.116316699628169,0.375,0.125,-0.19047619047619052
3,arctan,common,2,1.0,10,0.45862336075890464,0.7250254117998017,0.92537038722797,0.7247848473362535,1.7806145429627087,2.688572873497831,0.598687454379929,1.7273346184922482,2.512286136502933,1.9281962219438993,7.206552037557112,10.018414188014354,0.2,0.1,0.4666666666666666
3,arctan,common,3,0.05,4,0.0024312106374981,0.00325564223185014,0.003348415859503614,7.373355423478134e-05,0.00014331413548956351,0.00017013519288240633,1.5183865877454794e-05,3.0718093251767344e-05,3.394854363687454e-05,1.405403997394211e-07,4.616200482446265e-07,5.511700002741014e-07,1.0,1.0,1.0
3,arctan,common,3,0.1,8,0.00586595776438595,0.012672153769321959,0.015516352769144684,0.0004893084777395,0.0017117092438130898,0.0019073407016378088,0.0001105996123998934,0.00039454922973087994,0.0004884608323551879,3.001368372714973e-06,1.778911007125312e-05,1.9575102784925988e-05,1.0,1.0,0.19047619047619052
3,arctan,common,3,0.2,7,0.0403535291027295,0.05766857695610506,0.058619953234351665,0.0070737082797926,0.011733326066254664,0.015698742876255972,0.0040031013502047,0.00848093377663826,0.008936401524368696,0.0007135510190084,0.00196978915525802,0.002116961521903472,1.0,1.0,0.7500000000000002
3,arctan,common,3,0.3,10,0.0597704591730267,0.08597560334633976,0.09878783025527772,0.015492579527718448,0.026193505542498198,0.030472881431302553,0.0113678151249943,0.02141854080984133,0.02439836329702126,0.0034809723396785,0.00844467148287542,0.008614723736351523,1.0,1.0,0.3939393939393939
3,arctan,common,3,0.5,9,0.1812196886391426,0.24241788963265445,0.26770154373802374,0.1079576868236592,0.15237958410541125,0.172803808171991,0.0799518257063634,0.15416315820999393,0.1716529825054732,0.0674729438157861,0.15009036435687778,0.15515558616136527,1.0,1.0,0.9500000000000001
3,arctan,common,3,0.7,6,0.3194140798239459,0.48470402984236816,0.5655176903178244,0.3281481054701543,0.6942320242697159,0.8861475097353244,0.294636118324334,0.6648762601184246,0.8587102182031836,0.4454292114068958,1.2876548390754499,1.7317095601418182,0.5,0.5,0.5428571428571429
3,arctan,common,3,1.0,8,0.5356977895974417,0.656011490376096,0.6995223960283513,0.7405720676619987,1.2623515403541221,1.740874598018946,0.833264046611795,1.6715989896140724,1.7730095297154713,1.9259112748109801,8.164243070995825,8.942152354297544,0.125,0.0,0.023809523809523815
3,arctan,common,5,0.05,4,0.00159901141665755,0.0028390752704250902,0.0032898308026495585,0.00014408658161200002,0.00023557393433667,0.00026514197867255694,6.354550983812078e-06,2.3236192336592913e-05,2.9740890454479154e-05,5.2278960750177385e-08,3.0197138499413117e-07,3.9226675304147966e-07,1.0,1.0,0.7999999999999999
3,arctan,common,5,0.1,3,0.0069791057997086,0.00930072620170932,0.009823090792159482,0.0003752417695968,0.0005663760264516,0.0006093812342439299,0.0001360125018469,0.00025508709073442,0.000281878873234112,4.053352159050224e-06,1.0763336578616364e-05,1.2273083073018746e-05,1.0,1.0,0.5
3,arctan,common,5,0.2,6,0.02624016546732675,0.03441649418671035,0.03919024908549917,0.00234865349770495,0.00333810832584505,0.003436959244737865,0.0018663236061412,0.00326413631792065,0.003438762440574145,0.00024035272801285,0.0004726911510164,0.00052538828786057,1.0,1.0,0.8857142857142858
3,arctan,common,5,0.3,11,0.0550881460356257,0.1043791803023742,0.11312100990502723,0.0050950846519438,0.0214349483859872,0.03734093481160182,0.0088938093039654,0.0212528852240785,0.036595908450273495,0.0017547657311383,0.0054414863282855,0.019350086081084485,1.0,1.0,0.30000000000000004
3,arctan,common,5,0.5,8,0.13450971035140055,0.3268696304491518,0.3318432740099202,0.04104067850167935,0.2658675620588309,0.2731727916108763,0.040885145124075054,0.26094163497685047,0.2649967883944294,0.017734166504305898,0.2938003785278502,0.30999217594770845,1.0,0.75,0.8095238095238096
3,arctan,common,5,0.7,3,0.3047950214151466,0.3622639289629024,0.3751944331611474,0.0995990362769083,0.3727482814787448,0.434206861649158,0.2098117239272016,0.39326264591096877,0.4345391033573164,0.222164407087751,0.7135959396794265,0.8241680345125534,0.6666666666666666,0.3333333333333333,-0.5
3,arctan,common,5,1.0,7,0.5023600071543448,0.7197737025653836,0.928150657046019,0.6570480532367211,1.650439134200226,2.422802250026202,0.6568122092557747,1.6475189200953613,2.412724537945704,1.2215623223553846,5.912364712965269,9.108098672635302,0.0,0.0,-0.21428571428571433
3,arctan,common,10,0.05,9,0.0018515569502945,0.0023605571048000203,0.0024586259810940522,6.670509892540333e-06,2.3172488473458095e-05,2.5326766799925992e-05,7.276956687289888e-06,1.3438136833311303e-05,1.4034241046520002e-05,5.092348486578583e-08,1.1938214303323682e-07,1.3124990217877906e-07,1.0,1.0,0.21666666666666667
3,arctan,common,10,0.1,9,0.0061368694923028,0.00911550707642,0.009771571040938041,0.0001150429753918,0.00019796004677162,0.000251023960247132,9.956257825776145e-05,0.0001870572574676,0.00020374431147092,2.5282229804124103e-06,5.4833549597057424e-06,5.79169951558502e-06,1.0,1.0,0.26666666666666666
3,arctan,common,10,0.2,8,0.01738999538959965,0.031011073755342688,0.037057054039274645,0.001171416210137,0.0028873016813540796,0.004154548509827397,0.0010591536542163,0.0027561631826789994,0.003948486885676979,7.459809399477954e-05,0.00040910783834324993,0.0006610455590137949,1.0,1.0,0.7380952380952381
3,arctan,common,10,0.3,7,0.0254316859536123,0.06445954678767736,0.09750579336466042,0.0017028120016735,0.011642482725774464,0.021355128739483385,0.0023896682038214,0.012233311724700345,0.021293526505243618,0.0003134977088748,0.003335654051017722,0.00605117904374732,1.0,1.0,-0.6071428571428572
3,arctan,common,10,0.5,8,0.11493735955911075,0.18277245266027164,0.18914518090945903,0.0423188205657471,0.07443924670438527,0.07718989715487465,0.04350391198826915,0.07426030637805253,0.07711561100437808,0.020531981168593852,0.0408622876534169,0.041470484679709284,1.0,1.0,-0.07142857142857144
3,arctan,common,10,0.7,5,0.1562653891566256,0.30343981190706576,0.3507635364910355,0.0723893428052811,0.27858356558070874,0.34353185576099043,0.078099286916475,0.27793124547852355,0.34324907610754607,0.0690992933492785,0.3928064984885798,0.47914735212165466,1.0,0.6,-0.8999999999999998
3,arctan,common,10,1.0,6,0.4570290464140262,0.6762596046530019,0.8237171869770348,0.5850271943997711,1.2561441946633827,1.6794041563507331,0.5835310691260882,1.2483354932334354,1.672546049640186,1.0344049416153047,3.4671091908021547,4.630763548145907,0.3333333333333333,0.0,0.7714285714285715
3,arctan,independent,1,0.05,5,0.0036854216763162,0.00473413563958826,0.0048546433590412165,0.0003855848078276,0.0008187839433718,0.00094601955312556,4.331727763130768e-05,5.872780616888775e-05,6.706315604551099e-05,5.478275667555827e-07,1.1306824732762207e-06,1.3222978695945973e-06,1.0,1.0,0.8999999999999998
3,arctan,independent,1,0.1,3,0.016508340341085,0.01706469167437452,0.01718987072436466,0.0019016044314924,0.0044442663180056805,0.005016365242471168,0.0007857410028693,0.00093669092411826,0.000970654656399276,5.8319441106108734e-05,7.301842569480165e-05,7.632569722725755e-05,1.0,1.0,0.5
3,arctan,independent,1,0.2,9,0.0855782766838847,0.15195553300129128,0.17697005371405916,0.0278760350938413,0.0873968891044516,0.09473647842807964,0.0179618704265003,0.027589535305596782,0.03465727024314779,0.0051614895695321,0.0076594583168274,0.00856433195614668,1.0,1.0,0.5499999999999999
3,arctan,independent,1,0.3,5,0.1080687493523055,0.25324195119651716,0.33283796304446794,0.0540171029152849,0.08633007954895364,0.09478829662448297,0.0309066876851601,0.10853903021872338,0.15024114854502474,0.0134663851696509,0.060967490139383254,0.08653477291315523,1.0,1.0,0.0
3,arctan,independent,1,0.5,8,0.3521890209395614,0.4913288914990375,0.5221369981414856,0.321647307829826,0.562869985050053,0.738667988092171,0.3859645832824,0.5240893648830309,0.5981164926577202,0.6921212381835968,0.8219206264113956,0.9237851820726733,0.375,0.125,-0.09523809523809526
3,arctan,independent,1,0.7,12,0.5125339221320437,0.5775964486911838,0.6213490542737603,0.7389018842830695,1.1091142152736104,1.1674914104187037,0.8608804938221912,1.1544836393552138,1.336521243424491,2.212560331026117,3.844029016068614,4.062528600278961,0.0,0.0,-0.4685314685314686
3,arctan,independent,1,1.0,6,0.6509331387487796,1.2555028330410143,1.4343541577391397,1.3202689255609423,2.462035800611,3.411015761085341,2.2677947962827134,5.821344340641051,7.4840432287058904,10.727237975326751,34.68342817095342,41.028847229975696,0.0,0.0,-1.0
3,arctan,independent,2,0.05,8,0.00218308120098645,0.00354124709075826,0.0038889554954952958,0.00056434880318185,0.0009130337932629399,0.0011433631549095339,1.5115281345117271e-05,3.3652537584986166e-05,4.022166177474026e-05,1.805761722835355e-07,4.993692582965284e-07,6.619406615271206e-07,1.0,1.0,0.5952380952380953
3,arctan,independent,2,0.1,5,0.0170220064367126,0.0180963248116108,0.01819386616605358,0.0017724690311825,0.0032948739228791,0.0041166668488133,0.0006276859229476,0.0007995238450482,0.0008023201391109,2.95338275227316e-05,4.858749938108789e-05,4.869428839310288e-05,1.0,1.0,0.7
3,arctan,independent,2,0.2,7,0.0465441211657238,0.05607695714696404,0.06008108798435313,0.0057210157914601,0.009812193384323521,0.010454814239893452,0.0063568190130942,0.007981260705324641,0.008872405154713684,0.0011684185941876,0.00165731228618454,0.0018788335833800338,1.0,1.0,0.0
3,arctan,independent,2,0.3,9,0.0831178601664426,0.12105483153826603,0.13070741785296155,0.0195880732765457,0.03905033995154314,0.04864004931282145,0.0230220698669729,0.04339274336086474,0.04502971596663744,0.0110441716462314,0.02303144521604318,0.02421983545629943,1.0,1.0,-0.21666666666666667
3,arctan,independent,2,0.5,3,0.2144655675440364,0.3878621486031453,0.4268763793414448,0.1252663125200435,0.2615529940141824,0.2922174973503637,0.1318318059865661,0.21828897845365963,0.23774184225875566,0.1362475736019965,0.20255312574329978,0.21747187497509302,1.0,0.6666666666666666,0.5
3,arctan,independent,2,0.7,11,0.3245492545720461,0.4085420462335724,0.4705818968965534,0.3379483771795179,0.5209269238123905,0.6895556378995155,0.347123876660329,0.5372503279591982,0.6715937554760132,0.5820623373721558,1.3052325843439987,1.5325084387542791,0.45454545454545453,0.09090909090909091,0.2545454545454546
3,arctan,independent,2,1.0,6,0.5633215328140242,0.6134388066926215,0.628000299698756,1.023044222563391,1.2889711694548265,1.3914312700650655,0.9780975408681913,1.2268845215707107,1.2830381531715307,2.9868408544487393,4.583007741141763,5.252790703483568,0.0,0.0,0.8857142857142858
3,arctan,independent,3,0.05,8,0.0019985038041152496,0.00362360709232712,0.003653207394916292,0.00011343505699881711,0.00028087866749452,0.0004077126083303319,1.3209803964459429e-05,3.385573494242115e-05,3.5244438203352216e-05,1.3055674790894743e-07,4.736645941317774e-07,5.132644450441743e-07,1.0,1.0,0.6428571428571429
3,arctan,independent,3,0.1,5,0.0069420271601772,0.00949794302325962,0.010410493587318452,0.0003998762289124,0.00045832033111202,0.000486683792585072,0.0001296423658414,0.00025804409579994,0.000314214085639164,3.773483784348477e-06,1.1193892148251836e-05,1.5018584872922797e-05,1.0,1.0,0.6
3,arctan,independent,3,0.2,5,0.0269458666808458,0.03352931898561178,0.03720617120413917,0.0025838588561635,0.00566690246559874,0.005803566617857384,0.0022018486029601,0.0034006511093898403,0.004022520406713664,0.0002831246795339,0.00054496351234518,0.000658002205491648,1.0,1.0,0.19999999999999998
3,arctan,independent,3,0.3,2,0.0676382389527964,0.07285568063657936,0.07402960501543053,0.007848631575100351,0.01157915388852623,0.012418521409047053,0.0147243678735113,0.0172255907524429,0.01778836590020251,0.0054768826856383,0.0068939175565207005,0.00721275040246924,1.0,1.0,0.9999999999999999
3,arctan,independent,3,0.5,5,0.1808794746940268,0.21494250363812925,0.22828857699069582,0.1014262034389394,0.12742552485172137,0.13871286360630697,0.0955993332884002,0.1283562592293287,0.1393454389649302,0.0821661923753795,0.11855983955401657,0.12865888238633266,1.0,1.0,0.0
3,arctan,independent,3,0.7,6,0.34767638138421286,0.43674741999329614,0.45941696480399435,0.35488639999057336,0.5010077399924898,0.5994375438730192,0.3528268119141298,0.4939415597823318,0.5805878128238794,0.4896539309769704,0.9265016152369637,1.0964987658532932,0.6666666666666666,0.0,0.3714285714285715
3,arctan,independent,3,1.0,7,0.601815306048144,0.8044461643687062,0.8778404212299287,1.304837665867016,1.8500510798444192,2.0496888340919854,1.3281517853194658,1.830521981120007,2.002964487475774,5.420747168695269,6.319172795578959,6.353644877538797,0.0,0.0,-0.07142857142857144
3,arctan,independent,5,0.05,8,0.0015364094335128,0.00202382460519347,0.002250621677429687,2.5764665030097857e-05,0.00011561656042603999,0.000116259516065324,5.8209997182086715e-06,1.2689584236562442e-05,1.324876129999864e-05,3.214520124557136e-08,1.0249676074487141e-07,1.1808553137750046e-07,1.0,1.0,0.8095238095238096
3,arctan,independent,5,0.1,5,0.0052908690923255,0.00903974606877488,0.010975483293804787,0.0003687425301635,0.00050994066117816,0.000592374658460976,7.65707642157674e-05,0.00023324768957234276,0.00031773417510652424,1.4875357059133878e-06,9.45511298787846e-06,1.3554443320610754e-05,1.0,1.0,0.7999999999999999
3,arctan,independent,5,0.2,8,0.014980304909686201,0.033309095408373804,0.03454633363068137,0.0028363242918289,0.0036316725185034197,0.003704305304921402,0.0006188628608385499,0.00291344332059658,0.002925138762833968,4.093156017802906e-05,0.00039523646220479997,0.0004743435325526999,1.0,1.0,0.7380952380952381
3,arctan,independent,5,0.3,5,0.0622129690027467,0.09913094313099284,0.10984413905210014,0.0099466680351982,0.024731303990231882,0.02973222672246425,0.0106053029595227,0.0250065207951181,0.03007738099784716,0.0028172410707227,0.00947535941121088,0.012167723992833869,1.0,1.0,-0.7
3,arctan,independent,5,0.5,4,0.0953257929173674,0.11382887852945815,0.11925292566045798,0.027618828984632398,0.0388658412826439,0.041723280612951254,0.02911922831872095,0.037626658787067085,0.03986503167434947,0.01541578206162695,0.0210412370332522,0.021487124535424573,1.0,1.0,-0.39999999999999997
3,arctan,independent,5,0.7,4,0.1719094963099996,0.20552823129326514,0.21106225390876715,0.09152388242341555,0.13025754850655982,0.13779616724175806,0.08539515482424881,0.13070025514060626,0.14181254339735255,0.0703318064263574,0.1454937964170753,0.16728350054885965,1.0,0.75,0.39999999999999997
3,arctan,independent,5,1.0,13,0.4626267077398096,0.6215509515672127,0.6651349706338626,0.7266866660799745,1.236262931228812,1.5809269621491155,0.7309011017448973,1.2254229151843083,1.573553049301844,1.959856675386601,4.651158526053182,5.425603991368084,0.15384615384615385,0.0,-0.18131868131868134
3,arctan,independent,10,0.05,9,0.0007317906610425,0.0021808931809009,0.00262145166749122,1.248149825911948e-05,2.7777991420747394e-05,2.8381561366507046e-05,1.642740652787618e-06,9.956804368543443e-06,1.4057906784540008e-05,5.87466257704676e-09,6.053033765723667e-08,9.90938342320878e-08,1.0,1.0,0.06666666666666667
3,arctan,independent,10,0.2,6,0.02170732818676655,0.0441168702352586,0.04648915387607867,0.0012775945754752499,0.0044035641329376995,0.00466047641521669,0.0014303138059129999,0.0043967624259043,0.004660224790018511,0.00015011424214593763,0.00059883404209385,0.000617958833246555,1.0,1.0,-0.7142857142857143
3,arctan,independent,10,0.3,7,0.0331156346011178,0.056412021323181946,0.07167015561321695,0.0037436825940866,0.008474612431449303,0.012548569892075877,0.0034841047595338,0.008441616831931162,0.012614047085425073,0.0006415663808056,0.0019414660927228608,0.0032172656577165747,1.0,1.0,0.7500000000000002
3,arctan,independent,10,0.5,11,0.1731264296554498,0.3139733775691204,0.3182145567598078,0.0825506866455065,0.1995668534832769,0.2247875681891827,0.0828571392522483,0.1995687846447653,0.22436569913827423,0.0574068082202735,0.1638100820020862,0.21436148433773103,1.0,1.0,0.39090909090909093
3,arctan,independent,10,0.7,5,0.1816580384282444,0.2629571262246248,0.29423445829786354,0.0843251716973052,0.22679855347078956,0.2764676892245624,0.0860514190821095,0.22275532476500925,0.2748492831681901,0.0627292422892914,0.3218006985542544,0.43223397539983704,1.0,0.6,0.39999999999999997
3,arctan,independent,10,1.0,7,0.3574512783167346,0.5185448417052241,0.5637898107095157,0.3957861782713341,0.7672126620112482,0.9809183520909138,0.3921745946738198,0.7660532860012332,0.9807872835732645,0.6903369966059429,1.8332900715707972,2.8064278410308274,0.42857142857142855,0.14285714285714285,0.39285714285714296
3,fermi,common,1,0.05,3,0.0003483219055579,0.00107679001761366,0.001240695342826206,0.0008202222569746,0.00156902840958164,0.001737509793918224,1.9141500319102702e-06,2.348806033327027e-06,2.4466036336457973e-06,4.896589378535342e-09,5.990714584976379e-09,6.236892756425612e-09,1.0,1.0,1.0
3,fermi,common,1,0.1,5,0.0048003001609137,0.0055514023586090205,0.005787147384389692,0.0004142976065127,0.00125446041413546,0.001709735796973076,2.9622759029787704e-05,3.823448149669438e-05,4.140095980890426e-05,1.8807089978171574e-07,2.798663854502125e-07,3.051385288625612e-07,1.0,1.0,0.9999999999999999
3,fermi,common,1,0.2,8,0.021113660201449252,0.03162136103081413,0.03802807748622577,0.00465000311890975,0.01290144461205425,0.013101347713497576,0.0007924911500795,0.0015086116935451698,0.001666383589279007,2.7930257010285408e-05,7.819014918465426e-05,8.671380671730668e-05,1.0,1.0,0.8095238095238096
3,fermi,common,1,0.3,9,0.0298884567954374,0.07296450526116238,0.10554660325947796,0.0038824225889685,0.01959211858549538,0.01976307652942051,0.0013771819588414,0.007197265074496521,0.012600486482652992,6.801145145932657e-05,0.0007604194118213802,0.0015702845146362279,1.0,1.0,0.8666666666666667
3,fermi,common,1,0.5,6,0.06501620094087435,0.14071770858667454,0.1567931195430368,0.01972746308067535,0.05365179474018455,0.057852303704161265,0.0061916365295086005,0.0242500518455151,0.02616496221595638,0.0007819709258880001,0.004860258279929,0.00499923064505978,1.0,1.0,0.942857142857143
3,fermi,common,1,0.7,8,0.15235053837353113,0.2892028992779873,0.3069679305258016,0.0763242234998821,0.2644851687268707,0.27352451235679254,0.028974132786447296,0.10575561176054073,0.13617165502079043,0.006153662793976949,0.03724214427943237,0.06131623256855544,1.0,1.0,0.880952380952381
3,fermi,common,1,1.0,14,0.3486371372443844,0.5686061968567977,0.6942288501929857,0.26210916055986017,0.6401338462221631,0.7706750742344535,0.2710411154448652,0.45538349638213016,0.47210687184131067,0.2140360248240693,0.4253923089180373,0.5921100282202602,0.9285714285714286,0.8571428571428571,0.4153846153846154
3,fermi,common,2,0.05,13,0.0009388172690599,0.0012012896764198601,0.001350582330695368,5.276254455459012e-05,0.00018503057802390007,0.0007114965049283155,1.3355412183811832e-06,2.8687597742537244e-06,3.172575583594426e-06,2.2733627063437223e-09,7.504169652968545e-09,1.0187528326609783e-08,1.0,1.0,0.8186813186813187
3,fermi,common,2,0.1,9,0.0021286893048359,0.0034528784589257203,0.003858137708805952,0.0001604864344117,0.0012825175156365805,0.003408229193761748,5.672162313933071e-06,1.9931902751704576e-05,2.8545071585575983e-05,2.1581290378935263e-08,1.7592027083264975e-07,2.613558236569332e-07,1.0,1.0,0.9666666666666667
3,fermi,common,2,0.2,10,0.0070071056175935,0.01420585528248808,0.014718506799775138,0.00129071715105655,0.00528639420190862,0.006142279353925412,7.16064753037442e-05,0.00028302507844657997,0.000402428562265808,8.70442037962272e-07,6.079169192826931e-06,1.583486325288466e-05,1.0,1.0,0.8787878787878788
3,fermi,common,2,0.3,6,0.01541077112138605,0.041542971354722846,0.043703146791446594,0.002433979850529,0.00409206570277765,0.004678936029022585,0.00042553338342315,0.0032055348010852497,0.004070657733253845,1.476228439239645e-05,0.0003116271205686,0.00046929422917299003,1.0,1.0,0.028571428571428574
3,fermi,common,2,0.5,10,0.0484209810429745,0.07226852569885647,0.10952420299830373,0.00597679644453435,0.026628415131692857,0.03718736655826556,0.00421811044764705,0.009126723619964555,0.018642376189761556,0.0005002096995216001,0.0014342928395871893,0.0033297210438810692,1.0,1.0,0.6969696969696969
3,fermi,common,2,0.7,10,0.13058715104110585,0.18523625596966034,0.19081485099441464,0.043108007923436706,0.0690413690158017,0.07482342654498957,0.0337392161521893,0.058154683980931,0.06103657207439278,0.00945171258586985,0.02173516856175158,0.02449986977351854,1.0,1.0,0.2121212121212121
3,fermi,common,2,1.0,9,0.2164397219261364,0.3029308624291114,0.3085522054292041,0.1359932876519165,0.2474661601832168,0.2555828304659084,0.0815075519570032,0.15329450844636924,0.16383713573056966,0.040466219482679,0.09729428997931094,0.10025362112947721,1.0,0.7777777777777778,0.9
3,fermi,common,3,0.05,8,0.00081032987420915,0.0010833928375642,0.00126794245057189,2.417490634119709e-05,9.99793761914159e-05,0.00011314233652700159,1.1273156174627038e-06,1.9335425867392754e-06,2.2805579711664643e-06,1.7007502210578239e-09,4.431633818755235e-09,4.473935693951511e-09,1.0,1.0,0.880952380952381
3,fermi,common,3,0.1,5,0.0019412189217797,0.00207113873600758,0.002137125142615648,0.0001020771933485,0.0002766445330702,0.00034548070907704004,5.690286857081313e-06,7.1863011419037095e-06,7.948399748337263e-06,1.7015355043347508e-08,3.338231346490375e-08,4.154021235335472e-08,1.0,1.0,0.7
3,fermi,common,3,0.2,10,0.00956299885208525,0.01189616759880208,0.012100470067949847,0.00110305353358515,0.00146519693087283,0.001472843814994683,0.00015870266263915,0.00022556171441683994,0.000339754932678404,3.412645010174433e-06,5.892241972677884e-06,1.3151358194640349e-05,1.0,1.0,0.7939393939393938
3,fermi,common,3,0.3,5,0.0104347290679833,0.02496447903063852,0.026351724531731652,0.0013142536118424,0.0025221395161093003,0.0027156452416205804,0.0001984320032737,0.00131928729198182,0.001593502281216152,4.158878105376083e-06,0.00010090412959763457,0.00013800942170090344,1.0,1.0,-0.19999999999999998
3,fermi,common,3,0.5,5,0.0446947769353572,0.05439206704694678,0.05983928826238746,0.0039084022912914,0.01333064960880514,0.015435565937248803,0.003285153276515,0.006269055465813621,0.008045336872367673,0.0002928464398415,0.0011378749219532,0.00161609992027802,1.0,1.0,0.3
3,fermi,common,3,0.7,7,0.0798376744471207,0.14556956725651168,0.17710678714101002,0.0167690178030013,0.07433095938829017,0.1046222655531648,0.0096564547953266,0.034089734052907286,0.04766986629758564,0.0013072025055014,0.008827779263618843,0.01324634973421294,1.0,1.0,0.6785714285714287
3,fermi,common,3,1.0,5,0.1014244830910671,0.1746171438031068,0.19276312976430737,0.0598296804165821,0.14211771924598232,0.17460468169830703,0.0342502276054085,0.0526965558882712,0.0581592862367908,0.0152232616007988,0.02520442496826238,0.027730450221992425,0.8,1.0,0.6
3,fermi,common,5,0.05,11,0.0004350648870122,0.0007656498308976,0.00080333846863485,1.4983002899565637e-05,0.0001397738256186,0.00022688814538020003,3.992550001283968e-07,9.991856341740169e-07,1.3496166955850178e-06,5.07381607692221e-10,1.6171993975515842e-09,3.061076064014083e-09,1.0,1.0,0.8909090909090911
3,fermi,common,5,0.1,9,0.0017746432817966,0.0023435951051775203,0.0030849022905800718,2.4180636682160022e-05,9.497328321218554e-05,0.00017466867523095855,5.744433564347659e-06,9.908290334815269e-06,1.9812959146976946e-05,2.4436909622456253e-08,6.112331410665776e-08,1.7355992073091717e-07,1.0,1.0,0.7833333333333333
3,fermi,common,5,0.2,9,0.0061134432079411,0.01016570653133406,0.011502928182661475,0.0002426388690012,0.00034672649022504003,0.000416227484455344,7.48215415047417e-05,0.00018719315197174,0.000216433302532084,8.948926326507969e-07,4.482219211655984e-06,5.218200449345686e-06,1.0,1.0,0.8666666666666667
3,fermi,common,5,0.3,7,0.0104770102795982,0.02533294201238648,0.026142322594884665,0.0013454258019315,0.0018456818850798602,0.0022772209826868056,0.0002261118867472,0.00095452818017416,0.001041144202802266,6.537113616225489e-06,3.9982635547316256e-05,4.8041507456402585e-05,1.0,1.0,0.7142857142857144
3,fermi,common,5,0.5,5,0.0340295702049984,0.05281516931121658,0.06355971356046122,0.0068555120993354,0.00792327728457662,0.008039345386920332,0.0024964649591116,0.00484275622870376,0.006099292960596476,0.0002488784984485,0.00056449822084016,0.000719998047637556,1.0,1.0,0.7999999999999999
3,fermi,common,5,0.7,10,0.0848151508528569,0.1504449647985864,0.1570453480821073,0.0175601093229837,0.030721636687547696,0.039722606146857874,0.0161521080947022,0.030517836380473517,0.038547078273113496,0.0030481483983260498,0.007808299622281487,0.01409442268952247,1.0,1.0,0.6848484848484848
3,fermi,common,5,1.0,11,0.1194376795290072,0.2257716784958719,0.23354938812911344,0.0385086763385908,0.073018565565418,0.09043589799169967,0.0270818296131345,0.0815529333948201,0.08961556206918367,0.008344200908492,0.0397124673897104,0.0598030457457042,1.0,1.0,-0.19090909090909092
3,fermi,common,10,0.05,4,0.0002891809167546,0.00041980903942935,0.000435958320600975,2.4208765917662496e-06,8.81657851100984e-06,1.0978858096520759e-05,1.5654555432368292e-07,2.800654123135516e-07,2.912583007797232e-07,1.1460426719782068e-10,2.1949370151789884e-10,2.2460396856866979e-10,1.0,1.0,0.7999999999999999
3,fermi,common,10,0.1,7,0.0012209850140083,0.00209716561783604,0.0022319726629174037,1.1992972736172372e-05,2.1261592791136777e-05,2.4899636097943273e-05,3.30768637386434e-06,6.4261127522855855e-06,6.677274923029731e-06,1.1508292855914902e-08,2.1668005622566967e-08,2.2613186331617143e-08,1.0,1.0,0.5357142857142858
3,fermi,common,10,0.2,6,0.00611890906086285,0.0117340581349314,0.01256455541529882,0.00019523668060095,0.00044663211914860003,0.0006027723478450001,8.936605829427884e-05,0.00017724096687240002,0.00020399096985255,1.2310154138000663e-06,3.568240809573749e-06,3.6440023091742283e-06,1.0,1.0,0.7714285714285715
3,fermi,common,10,0.3,10,0.011128160118061399,0.015111781710944438,0.020995340117011655,0.0002478739044601,0.0006252287672971799,0.0006872421933940679,0.00020854428507035,0.0003991258744395299,0.000599145580520793,4.515017740574123e-06,1.534172500842037e-05,1.905561937290565e-05,1.0,1.0,0.8181818181818182
3,fermi,common,10,0.5,6,0.0314095144483498,0.0582539098306717,0.07628928112571905,0.0014406229792053,0.0065432273441327505,0.010029195485364687,0.0014670465574534,0.00615589525498185,0.009461482561143406,8.014055756669521e-05,0.00090016998729805,0.0015330550378046953,1.0,1.0,0.7714285714285715
3,fermi,common,10,0.7,8,0.04680675305247845,0.08537653721002506,0.12053711746831103,0.0038805310112978,0.014096809661639556,0.027459787253355458,0.00493515405229835,0.014215736974683816,0.027423912324417765,0.0007193958378918001,0.003035862692955659,0.007127254030714895,1.0,1.0,-0.261904761904762
3,fermi,common,10,1.0,5,0.0713126190638948,0.13967793564143025,0.16669094684860708,0.0130610667762156,0.05616554277833625,0.06340530155169977,0.0091074501896892,0.044447045090155665,0.06070126540553978,0.0023329276311638,0.021510842607387524,0.03150438240058187,1.0,1.0,-0.09999999999999999
3,fermi,independent,1,0.05,4,0.0016709750257311,0.0017192707314024201,0.0017318368784586921,0.00027837839881680003,0.0007482230391882901,0.0009198560902390588,3.107900062230521e-06,3.542569353657985e-06,3.6578177147512336e-06,6.074659059526e-09,6.7619093025780156e-09,6.7852057960364395e-09,1.0,1.0,1.0
3,fermi,independent,1,0.1,10,0.00467321533917925,0.008106818556158229,0.009718938583028384,0.00066953180886075,0.0037377650239171097,0.004400328394918511,3.761065495795863e-05,8.629733610444036e-05,8.786758264344215e-05,3.6594871714423306e-07,7.632059829963793e-07,9.712668698621558e-07,1.0,1.0,0.6242424242424242
3,fermi,independent,1,0.2,6,0.0206625177294146,0.023934949467052748,0.025242009623943323,0.0025570203659862,0.0078384132712139,0.00922484985656972,0.0007390417379797001,0.0009502411573448499,0.000951661713381925,3.006746785463269e-05,4.6852932976316786e-05,5.320054779937177e-05,1.0,1.0,0.6571428571428573
3,fermi,independent,1,0.3,5,0.0420008770237939,0.04915699368103852,0.05343732202270595,0.0038889963904079,0.02623427452062224,0.03912319657468552,0.0024337356678093,0.00390543441747402,0.004168272863247852,0.0001865431107175,0.0003600126652489,0.00036933182245816,1.0,1.0,0.6
3,fermi,independent,1,0.5,6,0.0992021806763798,0.1385582815592177,0.15436233898776663,0.03513257823919615,0.06872350143621025,0.0765089274397667,0.0185096272493952,0.032885602176998305,0.038280141992768094,0.0043781214907588,0.00893899651562915,0.011071168543153175,1.0,1.0,0.8285714285714287
3,fermi,independent,1,0.7,10,0.20588498165690755,0.2925936376513793,0.33572006662296294,0.0989175022721327,0.144096625793296,0.15398837600524382,0.07636504789653915,0.14348185103070704,0.16114270515509185,0.032874617929605096,0.0771526298419638,0.08585581731626589,1.0,1.0,-0.2727272727272727
3,fermi,independent,1,1.0,5,0.3303855871358108,0.3622317661025228,0.3716727853786159,0.2180859524772582,0.23566688423821652,0.23968691706610462,0.2040399419318419,0.239576216612658,0.24326404471357205,0.1647724891359681,0.22472501605633735,0.22941801340364765,1.0,1.0,-0.09999999999999999
3,fermi,independent,2,0.05,4,0.00064018359422905,0.00080247675552278,0.000856339439380268,0.00015945772859370002,0.00017161053866046,0.000171881800823196,8.28284842777564e-07,9.840196504662035e-07,1.0150156951459475e-06,1.255782526666665e-09,1.5207609106923555e-09,1.620943321116427e-09,1.0,1.0,1.0
3,fermi,independent,2,0.1,6,0.00255379271100235,0.0030395027772940003,0.00310102950388297,0.00018442603329625,0.00035896590395225,0.00047994234750894503,1.3083334809303362e-05,1.7481338716065027e-05,1.9076820265812344e-05,8.872557806524573e-08,1.3051484913745345e-07,1.5295116008416927e-07,1.0,1.0,0.942857142857143
3,fermi,independent,2,0.2,5,0.0097656813751185,0.011366970153784382,0.012145651775528869,0.0023571481882217,0.0042094280287767,0.00433437111531858,0.0001772739202724,0.00022294776093526,0.000243313075606816,4.184383378499695e-06,5.438109320146521e-06,5.834005128125169e-06,1.0,1.0,0.6
3,fermi,independent,2,0.3,8,0.0202749445406291,0.02185267183937176,0.022614741644642087,0.0013060613446768,0.00562984113839885,0.006438931546144714,0.0008040602236229499,0.00097412565377571,0.000984018265432701,4.312852809528424e-05,5.8633274157927066e-05,6.575610900310648e-05,1.0,1.0,0.7142857142857144
3,fermi,independent,2,0.5,6,0.0600197915146536,0.09299633409220326,0.10335251340179723,0.0068669410702402005,0.01526509117885945,0.019938426636751737,0.0082713399237923,0.0148864745001024,0.01728513371922075,0.0014432666156484,0.00295545221294765,0.0034636295692335654,1.0,1.0,-0.3142857142857143
3,fermi,independent,2,0.7,9,0.1395442143680121,0.2011815422695513,0.2140600242973908,0.0413004864207958,0.07482671877784028,0.08156062955223817,0.0360386440478171,0.06210399660493254,0.07594255885748023,0.0137506262351086,0.02266900426161706,0.03191156012296448,1.0,1.0,0.06666666666666667
3,fermi,independent,2,1.0,6,0.20112835418868857,0.2284436988299429,0.23710732183536531,0.08158486448384294,0.10383310176174054,0.10972173459235532,0.08016748149328845,0.09898037031686804,0.11065150403643145,0.0397847661097007,0.058164871109148905,0.0683565228516799,1.0,1.0,-0.3142857142857143
3,fermi,independent,3,0.05,8,0.0005815370214889,0.00097695962588482,0.0010349110474484919,1.2824813166011341e-05,5.9720458556570994e-05,0.00010144083704497709,6.852824399531985e-07,1.4843966894668758e-06,1.6230286344594343e-06,1.066860622018437e-09,2.62226143733158e-09,2.849519954884122e-09,1.0,1.0,0.880952380952381
3,fermi,independent,3,0.1,6,0.0022767212094628,0.00289116178190345,0.002917012491022025,3.275917609156515e-05,0.0001454930732331,0.00014675930813259,1.0062664311842587e-05,1.4518820138128585e-05,1.4607915892970672e-05,5.7214476685104664e-08,9.656160087245772e-08,9.944913935309392e-08,1.0,1.0,0.8857142857142858
3,fermi,independent,3,0.2,11,0.0070229974645272,0.0079488125281565,0.012312102853216341,0.0004081398769435,0.0008046957202318,0.00095962741335325,8.72071024582141e-05,0.0001276684516725,0.0002978395536207301,1.5108497505056849e-06,2.641806572713824e-06,9.67336642061355e-06,1.0,1.0,0.7454545454545456
3,fermi,independent,3,0.3,6,0.02413588999644345,0.03062050441915385,0.033534893764115344,0.0012956428957274502,0.0018442671838247,0.00226203941855189,0.0010363694725687498,0.00138675939712625,0.0015928480091292952,5.291907465495742e-05,7.420207697179743e-05,8.308503872241943e-05,1.0,1.0,0.6
3,fermi,independent,3,0.5,6,0.049327938281456304,0.0523905780682341,0.05448403053216063,0.0035390663505305998,0.010194905756585,0.013795526277343281,0.004442122747147699,0.0053810821740565,0.00564296021042968,0.0005121626599404,0.0007931677336353,0.0008200469430969299,1.0,1.0,0.14285714285714288
3,fermi,independent,3,0.7,7,0.1149836739509621,0.16203209724638626,0.1628685558198926,0.0242614123540028,0.04656638537333596,0.04691741381536379,0.0256076703542848,0.04257881670346414,0.044305670552753015,0.0075786295437294,0.01307050367234732,0.01426814773724913,1.0,1.0,0.7857142857142859
3,fermi,independent,3,1.0,11,0.1724144024516801,0.2579852136911464,0.32452918189048563,0.0753523451974982,0.1321389376481883,0.17581617959191403,0.0617157414188981,0.1334499936628293,0.17596467029815155,0.0301262075726896,0.0870238188052861,0.11774524858793024,1.0,1.0,0.4000000000000001
3,fermi,independent,5,0.05,10,0.00035792126374004996,0.00051953715862018,0.000535345729983718,4.058845805468257e-06,2.514138965100335e-05,0.00011281686275763035,2.2759649624610423e-07,4.5149525660740366e-07,4.6019756960463994e-07,1.8763515707620443e-10,4.6025243113612415e-10,5.188407498940099e-10,1.0,1.0,0.7939393939393938
3,fermi,independent,5,0.1,10,0.00139500396501915,0.0017397229361260497,0.002476790698362975,3.0378577408743553e-05,8.296034882301589e-05,8.76906902657314e-05,3.3928286395244876e-06,5.6907504421872885e-06,9.800151895280051e-06,1.1582729017018439e-08,2.3545004699786733e-08,4.534143893921882e-08,1.0,1.0,0.8303030303030302
3,fermi,independent,5,0.2,8,0.0061582431198907005,0.00870210133785653,0.008796528112278082,0.0001758904343449,0.00036845527917017993,0.000559010449078248,8.827430140764705e-05,0.00014559580453794,0.00019468900371395398,1.426245266354998e-06,3.534185503720967e-06,5.728911725684418e-06,1.0,1.0,0.9047619047619048
3,fermi,independent,5,0.3,3,0.0094672630446677,0.01875727940200986,0.020847533082411846,0.0001269822787493,0.0008133178275261801,0.0009677433260009781,0.0001653962793848,0.0006257147137868801,0.000729286361527348,3.865326572827634e-06,2.6365869211309875e-05,3.142849130496838e-05,1.0,1.0,0.5
3,fermi,independent,5,0.5,10,0.028728574750453248,0.055869306138410485,0.05865431211606925,0.00267988419386725,0.00545077956033665,0.0061631643822755745,0.0019083590205378,0.0056292468793003704,0.005641806620211497,0.00018392941919982177,0.00066992964918531,0.000750475118224041,1.0,1.0,0.6606060606060605
3,fermi,independent,5,0.7,8,0.07028474614823241,0.11888740378149623,0.11959293216891749,0.0098091541121939,0.021801575789255487,0.024924427406952186,0.00971507286745075,0.021854931123672528,0.025251713864769654,0.00167242568477315,0.004936494663146709,0.006919203878070931,1.0,1.0,-0.11904761904761905
3,fermi,independent,5,1.0,7,0.115247206734608,0.24089725717493243,0.2472834629996308,0.0267347148792898,0.09433087183539952,0.09434332892690159,0.0259989565178215,0.0918471486179399,0.09330112082978502,0.0125654149243848,0.04147259194662216,0.04166324486128827,1.0,1.0,0.25
3,fermi,independent,10,0.05,8,0.00032004136279355,0.00052165738540766,0.0006502924310351959,1.4413246868922535e-06,5.40219979602419e-06,5.6117626271717e-06,1.699994855831916e-07,4.128029554146625e-07,6.394583227085678e-07,1.2237151178887094e-10,3.923914225653054e-10,7.263189164644298e-10,1.0,1.0,0.9761904761904763
3,fermi,independent,10,0.1,1,0.0009244832999186,0.0009244832999186,0.0009244832999186,5.07384934241027e-06,5.07384934241027e-06,5.07384934241027e-06,2.4012586515107886e-06,2.4012586515107886e-06,2.4012586515107886e-06,1.0641144358336404e-08,1.0641144358336404e-08,1.0641144358336404e-08,1.0,1.0,
3,fermi,independent,10,0.2,12,0.006050438751063749,0.01007900537856105,0.012329327236917417,0.00010796526312815,0.00019004967251096,0.00024325813556799603,6.724194716980843e-05,0.00013811326510041,0.00020938790869820604,7.550272002013869e-07,2.253809656651625e-06,3.981273009502417e-06,1.0,1.0,0.37762237762237766
3,fermi,independent,10,0.3,10,0.009410595983442599,0.019759041710333915,0.029279567692099256,0.00029573500698045,0.0005613048508875597,0.0011614442622198062,0.00016203072962435,0.0005693340969254498,0.001144456116236395,3.6749779202115998e-06,1.9095033717968365e-05,4.7290086378148174e-05,1.0,1.0,-0.2121212121212121
3,fermi,independent,10,0.5,9,0.0340796344182944,0.07131319181992486,0.07178601003426104,0.0021950645230725,0.00755855786639866,0.008190632625968957,0.0019416524660553,0.00732779037215056,0.007878634915116376,0.0001457290326197,0.00088991742274944,0.000973337713453824,1.0,1.0,0.65
3,fermi,independent,10,0.7,7,0.0469829093247771,0.09057445383318782,0.09493315065819606,0.0033808961027631,0.01284363762709118,0.013880682110533657,0.0039519956571372,0.0128512048942271,0.013886587243139419,0.0004315615907685,0.00219562982217448,0.0023717598067169977,1.0,1.0,0.0
3,fermi,independent,10,1.0,5,0.0929734714589032,0.21305899802535225,0.26999471142399567,0.0129276097777755,0.08169901108828663,0.11376387883632601,0.0129077748251512,0.08133262949300947,0.11306351189900062,0.0021257017999822,0.03770757233921988,0.05495189101814908,1.0,1.0,-0.39999999999999997
4,arctan,common,1,0.05,5,0.0057304731348879,0.00739387582379774,0.008052586592679404,0.0010761579185818,0.0029204062601676604,0.003686858029109496,7.479844680554171e-05,0.00013546632080711998,0.000137482324693212,1.4284927486215957e-06,3.3618910073558322e-06,3.6926488017253926e-06,1.0,1.0,0.8999999999999998
4,arctan,common,1,0.1,7,0.0164222152552684,0.027125273052387062,0.029170111388704383,0.0026973352835087,0.013816249075949945,0.022160235508352596,0.0007930730155949,0.0013912828701974002,0.0017761907359841297,5.4910863163643975e-05,9.437925182046815e-05,0.00013686309581238676,1.0,1.0,0.7500000000000002
4,arctan,common,1,0.2,8,0.05863141681790425,0.17318470531841468,0.32972433601584117,0.02309406066424915,0.1445280019661812,0.24174977026947003,0.011816294761751799,0.04583293820785886,0.09371410703524095,0.00261989540371385,0.016894572138913655,0.03139467348396016,1.0,1.0,0.8333333333333335
4,arctan,common,1,0.3,2,0.10161851907915476,0.12782640340401463,0.1337231773771081,0.042930469150960854,0.05351809075813601,0.05590030561975042,0.03638702641367635,0.053785271764912074,0.057699876968940106,0.021478621188388898,0.0340327892903213,0.036857477113256085,1.0,1.0,-0.9999999999999999
4,arctan,common,1,0.5,5,0.526795337623648,0.6385093551432229,0.7001601152094189,0.3304752280955797,0.47487282299229416,0.5367503344483349,0.4475002975474031,0.8357689195583611,0.839474570254303,0.5339907685202105,1.6842456876564655,1.9265538265399753,0.6,0.2,-0.39999999999999997
4,arctan,common,1,0.7,3,0.4440306472517732,0.5309456197691566,0.5505014885855678,0.4802039109177313,0.8277988120287152,0.9060076647786866,1.3881894104703991,2.695026836352012,2.989065257175375,8.09469876223238,15.409318432572023,17.055107858398443,0.3333333333333333,0.0,-1.0
4,arctan,common,1,1.0,9,0.6500206137839037,1.5133583880583397,2.574195796322723,2.273646367489523,5.57901315170019,10.75934987482234,1.4959010649153195,6.850071995380697,15.551423624019726,6.53523047719582,72.65949556227709,164.2788623323537,0.0,0.0,-0.016666666666666666
4,arctan,common,2,0.05,7,0.0028656589143586,0.0035702164904893204,0.003858082022620962,0.0002250945197489,0.00030729644332384,0.000314077468983124,2.3732483088282385e-05,4.159555708041487e-05,4.5957000547752294e-05,3.3649184667272706e-07,8.273648209267815e-07,8.293105793164357e-07,1.0,1.0,-0.07142857142857144
4,arctan,common,2,0.1,7,0.0083112640399309,0.0181550568636552,0.019500707647881567,0.0006521566467927,0.0019394611894081601,0.0023393079511871556,0.0001737766713709,0.0008120560399667001,0.0010006519576048999,6.138204391e-06,5.0230090951409177e-05,7.318799544594124e-05,1.0,1.0,0.42857142857142866
4,arctan,common,2,0.2,12,0.0403637239697154,0.051567359661136125,0.06472437093618859,0.0109141620442698,0.01992323284749849,0.045063125360825705,0.0048033549006210995,0.00931258710863318,0.012526659425516916,0.00081368047328045,0.0029871368633907205,0.0036215505737589027,1.0,1.0,0.2867132867132868
4,arctan,common,2,0.3,9,0.0771400569337994,0.14274885243045904,0.18240824909986328,0.0177761463437595,0.03659329333126366,0.05305234460560435,0.015788757782362,0.05518475109337393,0.08973017202311431,0.0047792743178657,0.034588629172579086,0.06598382758695076,1.0,1.0,-0.11666666666666665
4,arctan,common,2,0.5,8,0.1907539460104008,0.2747470535516157,0.3176206163291065,0.128249405859734,0.23679994359481676,0.32309857584629353,0.11291969358284745,0.25314794639597077,0.313810341978669,0.12705330072613136,0.42029360003819377,0.5177459115775049,1.0,0.5,-0.19047619047619052
4,arctan,common,2,0.7,7,0.3523356034234195,0.4863180559106684,0.6130423379315891,0.1517565933299352,0.5914578201945676,0.593000278368154,0.445291968142358,0.7210189479880094,0.8944377012556755,0.7644642693086859,2.217656336960792,2.9604096065419037,0.42857142857142855,0.14285714285714285,0.07142857142857144
4,arctan,common,2,1.0,6,0.6289516483421993,0.8162368757638163,0.8464613993861075,1.7118822722162725,2.5408906916877187,2.807305076315562,1.6435650158822321,2.4368093886253295,2.6501980617365475,7.651834130285559,13.043719597230815,14.086850052530746,0.0,0.0,0.7714285714285715
4,arctan,common,3,0.05,11,0.0016901959651794,0.0023448522528377,0.00315713724941096,0.000128023644246,0.0005044066668069,0.00055695412421988,7.779582744636323e-06,1.7104721924082696e-05,2.3453176260906106e-05,8.41880511968635e-08,2.3472576300999387e-07,2.492840549150841e-07,1.0,1.0,0.8272727272727273
4,arctan,common,3,0.1,8,0.007480876128631851,0.00961781383046205,0.011826069173674604,0.000350155997338,0.0015871119910202997,0.0021876338779633197,0.00017506308145215,0.00028047455572494996,0.0003892163928272049,6.544735620068601e-06,1.365004246488428e-05,1.956830495428056e-05,1.0,1.0,0.5476190476190477
4,arctan,common,3,0.2,11,0.029332259376535,0.0504540463479883,0.07623345347751176,0.0069322218897705,0.0090744249925116,0.018461559047866654,0.0023700528403455,0.0070743617725012,0.014459347958377302,0.0003469515825713,0.001930109910494,0.004012371690549441,1.0,1.0,0.6272727272727273
4,arctan,common,3,0.3,8,0.0713426179930747,0.11557352188548074,0.13300900775202779,0.02875466656519245,0.04352898795711698,0.04410417532065493,0.014991516000263948,0.038445022652832575,0.04185432553193907,0.0062856946950803,0.01947292982256109,0.022087266685657695,1.0,1.0,0.14285714285714288
4,arctan,common,3,0.5,10,0.16356812810168325,0.3566089011188568,0.36382697048726015,0.08032635690051755,0.31479988514109625,0.34160778102675954,0.07241932850676655,0.3107584817667625,0.3331535598269719,0.055384023474230895,0.3929133640399704,0.46073469861571936,1.0,0.5,0.4545454545454545
4,arctan,common,3,0.7,6,0.23733757381990073,0.3182880985730019,0.3529439270612119,0.2546332479236061,0.368223590192577,0.4267176582079099,0.20155445006435146,0.34376870504401225,0.4396993796982486,0.27190476974385436,0.6667624418329863,0.962564140611575,0.8333333333333334,0.16666666666666666,0.8285714285714287
4,arctan,common,3,1.0,4,0.4670357506861521,0.5923971366558949,0.5989267923641753,0.8258477374046673,1.2997606076615094,1.313399582930267,0.7794239729173814,1.2184790445351643,1.2393132907894184,2.2898333958994113,4.41524921173837,4.682744506967849,0.25,0.0,0.7999999999999999
4,arctan,common,5,0.05,10,0.00141545872681115,0.00191800600509554,0.001980372759529544,5.361563697831846e-05,9.707352046100227e-05,0.00021125769021800025,7.240709795408391e-06,1.0128314749131139e-05,1.0806283506158902e-05,5.0025913972608536e-08,9.849669888595642e-08,1.5193421630597933e-07,1.0,1.0,0.4787878787878787
4,arctan,common,5,0.1,9,0.007243122494758,0.01011221413171474,0.010518144751970285,0.0002519537711231,0.0006817709546881603,0.001667385975256096,0.0001501460401075,0.00025343731643172,0.000270386213440632,4.920779986469862e-06,8.530482789623375e-06,1.1267347411457472e-05,1.0,1.0,0.7666666666666667
4,arctan,common,5,0.2,8,0.025225269378693148,0.03168862333742399,0.03441091217623575,0.00243066598618805,0.00297296648910195,0.003305404009404915,0.0022404747606784,0.00260873241136237,0.0031615331297259065,0.00030529574123785,0.00039493999568459,0.00047279646244676897,1.0,1.0,0.1666666666666667
4,arctan,common,5,0.3,9,0.0579129478801446,0.09345890607681567,0.11166599207704703,0.009256430056702,0.029603102042935904,0.040978652986523256,0.0081834022833402,0.030671743489907866,0.04018135686843956,0.0016903496840139,0.019413773714284082,0.03125892870295936,1.0,1.0,0.3666666666666667
4,arctan,common,5,0.5,6,0.1103245323351,0.1652741157284571,0.17271885722124164,0.03750889705934265,0.07644701018794685,0.07672164833350413,0.03411455711353915,0.07577928403699896,0.0781224346983577,0.017674144763514747,0.05565900658328235,0.067433513075375,1.0,1.0,0.2
4,arctan,common,5,0.7,4,0.1766158742525354,0.2837590016843772,0.30559821152386973,0.10818623024727396,0.22011859337750822,0.2434102525911347,0.111597955987077,0.22252090970936428,0.24042065808759866,0.14583344756938815,0.2684297901063733,0.2712651183549476,1.0,0.5,-0.7999999999999999
4,arctan,common,5,1.0,3,0.3547731713078818,0.41433845057623214,0.427740638411611,0.446596025354078,0.5294361634166753,0.5480751944807597,0.4022274359920463,0.5403289588462491,0.5714018014884448,0.7723197689718002,1.2125082758011012,1.3115506898376939,0.3333333333333333,0.0,-1.0
4,arctan,common,10,0.05,7,0.001424420186951,0.0018462379553287,0.00204727839543448,1.3628160245803029e-05,2.6465969745694426e-05,2.8690750914362393e-05,4.976601363890171e-06,7.718525000192547e-06,9.202491339504877e-06,2.5185206617854654e-08,5.4027024404440854e-08,5.611273966759116e-08,1.0,1.0,0.5714285714285715
4,arctan,common,10,0.1,2,0.0059512498298196995,0.00625200066679386,0.0063196696051130465,0.00012546990893855,0.00014167774606075,0.000145324509413245,0.00011621349363868418,0.00013192298577965683,0.00013545762151137566,4.140187118966251e-06,5.766163455763082e-06,6.1320081315423695e-06,1.0,1.0,-0.9999999999999999
4,arctan,common,10,0.2,8,0.019031687532407,0.02888855079336188,0.0342706912349517,0.0010491235393669,0.0019216772253643599,0.0024281299752603757,0.0008909462461341999,0.0019133709451143299,0.0024171253610394327,7.296815297587104e-05,0.00019633909635357,0.00022379886845585697,1.0,1.0,0.5000000000000001
4,arctan,common,10,0.3,5,0.0455111165952584,0.06695575755906272,0.07436522346501405,0.0053007083626465,0.013559219449249961,0.016895994168064817,0.0049109998469372,0.01379929046169594,0.016649398729342343,0.0007428561850526,0.00460979018709772,0.005851527291315471,1.0,1.0,0.0
4,arctan,common,10,0.5,7,0.0794359854795248,0.12018493574962974,0.14045398902442705,0.0182537545342405,0.04322377160385005,0.052336373076064945,0.0206111468486006,0.042431613968968204,0.05206369624680959,0.0091357289152867,0.024558754020904724,0.02851173047792906,1.0,1.0,-0.5
4,arctan,common,10,0.7,5,0.1864468170264445,0.27591121220941955,0.28557704926267513,0.1151411165579201,0.1874742081776345,0.19920529709805135,0.1086573350345159,0.18792963272108176,0.19935708584790746,0.1000056588004193,0.21021797462148942,0.24183560172418617,1.0,0.8,0.09999999999999999
4,arctan,common,10,1.0,4,0.22273964264860585,0.3241230131165546,0.36322775601852814,0.17941594308521955,0.4076218208305462,0.4906864710058672,0.1700762495216011,0.4001231804000427,0.4859752631863236,0.2712140803660361,0.8046121366794292,1.009909866228539,0.75,0.25,0.7999999999999999
4,arctan,independent,1,0.05,8,0.00437184699666175,0.00643132853986087,0.007964270439211206,0.000657239133443,0.002817123645922369,0.006061874442703575,5.5975971049905746e-05,9.337865497430397e-05,0.00012066258573491038,1.1552233500843183e-06,1.8669278754310757e-06,2.527713102350832e-06,1.0,1.0,0.880952380952381
4,arctan,independent,1,0.1,9,0.020298702239481,0.027421521675428582,0.034249544711862825,0.0045093722185998,0.013156686393973242,0.021673347313522863,0.0012685727521922,0.00181457244611564,0.002178576603631184,0.0001091615362903,0.00017420673905444003,0.000227243423224064,1.0,1.0,0.7666666666666667
4,arctan,independent,1,0.2,5,0.061551191046561,0.07266769268197432,0.078656997223999,0.0128082736527339,0.031251940993736765,0.036406914751371755,0.0093889690187216,0.01328112343425518,0.014675707113602048,0.0020759366882938,0.00355247317104438,0.003839250026836488,1.0,1.0,0.0
4,arctan,independent,1,0.3,7,0.1245407113849848,0.1571602732991011,0.1883267919919716,0.0433407972735849,0.057051978588987064,0.062265593953039836,0.0423060563025603,0.07280036962340189,0.09890432082943977,0.0214969114863202,0.048277212805817954,0.06884245183395499,1.0,1.0,-0.3571428571428572
4,arctan,independent,1,0.5,3,0.3694647220766297,0.574234657338869,0.6203078927728729,0.2918929273143147,0.6438672750291868,0.723061503265033,0.4425981369525888,0.9690225668219226,1.0874680635425227,0.865988302962532,2.454185677205661,2.811530086410365,0.3333333333333333,0.0,-1.0
4,arctan,independent,1,0.7,3,0.4924201674437266,0.5861016001216355,0.607179922474165,0.7240176660447668,0.8558511988428241,0.8855137437223871,0.8403519869938865,1.0897391274962365,1.1458512341092653,2.611583640049385,3.3149413143129944,3.4731967910223065,0.0,0.0,-0.5
4,arctan,independent,1,1.0,7,0.9012622106801904,0.9940319295166907,1.0084028209861717,3.356440718279652,3.768016060493671,3.956060495322183,2.9311835327532605,4.328853806294,5.649190533105923,15.31666554986822,34.098936779312936,55.99091631164296,0.0,0.0,0.1785714285714286
4,arctan,independent,2,0.05,9,0.0026301130180324,0.00300755789098986,0.0032303639307342358,0.0002098076673948,0.0007394677301016,0.0009545876000708399,2.300197689053393e-05,2.9206243739966962e-05,3.231653142136144e-05,3.1177214230168813e-07,4.236682565748167e-07,6.151542582586774e-07,1.0,1.0,0.9333333333333332
4,arctan,independent,2,0.1,7,0.0095852890729475,0.01745689941409434,0.017810110500701245,0.0013612331370755,0.00182490385763534,0.001828435562820104,0.0002859293690426,0.00081611376023374,0.0008957040650071538,1.3494941679096084e-05,5.766020917967777e-05,7.547785405508963e-05,1.0,1.0,0.25
4,arctan,independent,2,0.2,5,0.0514962594364655,0.06262247824796932,0.06919408117229135,0.0060640095477551,0.01460232042945532,0.014762021716911652,0.0077799053338191,0.01035723864719232,0.011579356653439031,0.0019062187862538,0.00251109951742004,0.0027048496549454243,1.0,1.0,0.7
4,arctan,independent,2,0.3,4,0.0593251413525057,0.08272229249800549,0.08483391197350183,0.01851556332874775,0.02277309669627886,0.024194484001414364,0.0123582155073631,0.02002113022692176,0.020896108406830465,0.00474884717913335,0.0077386766519465305,0.008205209726091744,1.0,1.0,0.39999999999999997
4,arctan,independent,2,0.5,13,0.2100147768703054,0.24186511971711167,0.2900238258793899,0.1307985847055615,0.19645017629874195,0.26630217882070667,0.138455947109137,0.17789740904075146,0.2579452451382169,0.1444003684652838,0.23776244662453133,0.3842375674416832,1.0,0.38461538461538464,0.1758241758241758
4,arctan,independent,2,0.7,5,0.3559276281122505,0.4024355531463864,0.4188630357030862,0.3610944651975974,0.5172227742247092,0.5514410727762029,0.4015325854646998,0.5224760357064271,0.5343699443530483,0.7706896275425444,1.1512402770454742,1.25125851000115,0.2,0.0,-0.3
4,arctan,independent,2,1.0,8,0.5803958362324693,0.7056365529486536,0.708633815928393,0.9176934052983436,1.6394899515319608,1.8206257454728807,1.2749548681052199,1.5263348955474927,1.6307655341977452,5.212678759956338,6.334365298439654,6.600619979220152,0.0,0.0,-0.5476190476190477
4,arctan,independent,3,0.05,2,0.0017389813292886,0.00216357211527116,0.002259105042117236,0.00020870372013548843,0.0003381870531048577,0.00036732080302296575,9.939247163736137e-06,1.425026738920242e-05,1.5220246939932332e-05,1.0347452053980956e-07,1.628989979841595e-07,1.7626950540913826e-07,1.0,1.0,0.9999999999999999
4,arctan,independent,3,0.1,7,0.0063525896769264,0.009966345118437182,0.012041952209923186,0.000807080622878,0.00223891632477918,0.002775521720173517,0.0001094939309702,0.00030656983530794003,0.0004132809900361039,2.72574298613619e-06,1.4947839517789766e-05,2.232499850333259e-05,1.0,1.0,0.42857142857142866
4,arctan,independent,3,0.2,10,0.02722069700015255,0.03606917072529601,0.03773608399174428,0.00309084252201205,0.00479182623592374,0.005413017649946004,0.0025532454955022,0.0037688091583236,0.00382811734589739,0.0004148951682442,0.00065191298082445,0.0006554095382014751,1.0,1.0,0.12727272727272726
4,arctan,independent,3,0.3,9,0.0794254013461241,0.12056290753013461,0.1549364303204687,0.0172285798210535,0.04118354195926341,0.07350234074234335,0.0216586906153623,0.040897089751147364,0.07023345305388769,0.0108345739499308,0.022232494046555445,0.0490147504090059,1.0,1.0,-0.43333333333333335
4,arctan,independent,3,0.5,6,0.1606811699991899,0.17645730798701414,0.17718594874679247,0.0806427478891148,0.0962842570594714,0.10018723634320213,0.0877707740904271,0.09695796860044385,0.09781575893390208,0.08551912788019106,0.09024699503505271,0.09155178679563057,1.0,0.8333333333333334,-0.14285714285714288
4,arctan,independent,3,0.7,13,0.2600845640139684,0.3253807839483605,0.35805444927182584,0.2057907175600822,0.30762257976468277,0.4022061206195023,0.2136959930706694,0.3142058118239193,0.39464816043963225,0.301970818414759,0.5002629544003635,0.7302970172145489,0.9230769230769231,0.15384615384615385,0.24175824175824176
4,arctan,independent,3,1.0,6,0.39771332278530425,0.5267060399963241,0.608613162895866,0.5045167912708863,1.1814579602175188,1.383929417425173,0.5288531161743011,1.1871255715573885,1.3989330798006925,1.2340286387978092,5.071892322238716,6.002941863036234,0.0,0.0,-0.6571428571428573
4,arctan,independent,5,0.05,6,0.00124472462798995,0.0020207388257944,0.00266139013994206,2.3442626431475726e-05,5.892414664970698e-05,7.622419528294477e-05,4.427129968237811e-06,1.2299740183037538e-05,1.911069008733154e-05,2.8131716758170078e-08,1.2226549150407706e-07,2.0489969783573993e-07,1.0,1.0,1.0
4,arctan,independent,5,0.1,11,0.0057148035302012,0.0076770758509452,0.00783092418140403,0.0001990407918682,0.0008289029526501,0.00202536684153012,8.140683061515345e-05,0.0001500680380584,0.00015843913191453,1.7744222423392078e-06,5.08276767379412e-06,5.359527103383488e-06,1.0,1.0,0.6181818181818182
4,arctan,independent,5,0.2,8,0.02264160951618905,0.03327568710150572,0.03361031032015023,0.0019438697507087,0.00342297711177747,0.003762173653650267,0.00152706176060335,0.0032946118837133696,0.003473943008118537,0.00016916645497745,0.00053638632524411,0.000633503700531161,1.0,1.0,0.07142857142857144
4,arctan,independent,5,0.3,11,0.058866135132308,0.0964817854226428,0.11738962962383918,0.0113848420923429,0.0301452485252085,0.036107118196465414,0.0106817844326843,0.0313938497566419,0.03478288765318359,0.0030478939041176,0.0142378025358605,0.01586122022844869,1.0,1.0,0.02727272727272728
4,arctan,independent,5,0.5,9,0.0957562323227524,0.17732211141599558,0.26533376953028864,0.038673398202213,0.09879165193732714,0.19367313037030634,0.0327102858351594,0.0942530848530665,0.19167564146920024,0.0205676048450566,0.08166806123679585,0.21030774938862276,1.0,0.8888888888888888,0.25
4,arctan,independent,5,0.7,7,0.250592444714537,0.42820467553126434,0.44877150508265484,0.2083268924896673,0.5330990547909797,0.5865470337748708,0.2094663236414916,0.533007345412065,0.5867182267864579,0.3191608209884049,1.0484792353997554,1.195140208161179,0.7142857142857143,0.14285714285714285,-0.8928571428571429
4,arctan,independent,5,1.0,7,0.3387027893715728,0.5177771989777887,0.5235416282172185,0.3926079172853999,0.8281274143909775,0.9231705385943951,0.3991088591586229,0.8577653546123924,0.9756847894907072,0.8218618745180081,2.533404106339655,3.39519616725857,0.0,0.0,-0.7500000000000002
4,arctan,independent,10,0.05,9,0.0010937602546381,0.00219377764441542,0.002194119870580452,1.2586330199788888e-05,4.017010829495853e-05,5.53608941344244e-05,3.1087432060743638e-06,1.0349706966146208e-05,1.0548120463690251e-05,1.2897575752606564e-08,6.635242021233677e-08,6.948081206413264e-08,1.0,1.0,0.9166666666666666
4,arctan,independent,10,0.1,7,0.0051628919897448,0.00730834951680372,0.007394445769226052,8.590664158778995e-05,0.00017879743571844002,0.00020467779014537397,7.810481167132398e-05,0.00013304946514750002,0.00014759853878454997,1.9486138234213368e-06,3.558355318590091e-06,4.354233841797478e-06,1.0,1.0,0.3214285714285715
4,arctan,independent,10,0.2,9,0.0151517205073256,0.029941987146664045,0.051442989808755106,0.0007638244169712,0.0028203897216326013,0.00699073540926296,0.0006404311056886,0.002743175750523061,0.006933420227975915,4.707956108159652e-05,0.00046063934550210023,0.0013826974790080199,1.0,1.0,0.48333333333333334
4,arctan,independent,10,0.3,5,0.0243221438261474,0.04774679699531016,0.056191523126066616,0.0012364788622453,0.00612194707030872,0.00812560995840043,0.0018306909614289,0.006200912974916661,0.008100984357041575,0.0002363460684914,0.00117792938369234,0.001627062476174084,1.0,1.0,-0.7
4,arctan,independent,10,0.5,9,0.104180338269599,0.17103037524194323,0.19674905558703326,0.0336322600666652,0.07489834429478938,0.10392110641053351,0.0339950804832307,0.0744814342560779,0.10374374767579791,0.0166360505241932,0.04783303274792561,0.07890016862731553,1.0,1.0,0.33333333333333337
4,arctan,independent,10,0.7,5,0.2599045232705112,0.30868355916236645,0.3374595942992943,0.1709793027459673,0.26026066815827925,0.313645347895378,0.1705039619317876,0.2614393856555417,0.31396148781534566,0.1685693332109115,0.3373938044217217,0.43562887723402344,1.0,0.8,-0.7
4,arctan,independent,10,1.0,8,0.26297294439167046,0.4860593446317558,0.5209172011874954,0.26110358626193436,0.7905256163199825,1.0843608618638434,0.2624347605295677,0.7872435076975499,1.08190294419412,0.5793480671988012,2.1532684784180782,3.7495600668801607,0.5,0.0,0.261904761904762
4,fermi,common,1,0.05,7,0.0009504889797628,0.00138866231553132,0.001435382888567862,0.0002053561470374,0.00030741359827352,0.000333180877925282,1.8117153688924797e-06,4.46784571895714e-06,5.421529242637129e-06,4.5387043228558525e-09,1.780905817123581e-08,2.3345002624536102e-08,1.0,1.0,0.9285714285714288
4,fermi,common,1,0.1,8,0.0049696925149099,0.00922235200794088,0.010175328571055848,0.0013899236759154,0.0033881319308434795,0.005602117516537277,3.833461143510322e-05,0.00011260686484377999,0.00013404790783829798,3.0130941823438995e-07,1.6139139915858196e-06,1.9644424364776063e-06,1.0,1.0,0.6190476190476191
4,fermi,common,1,0.2,10,0.019890720837725598,0.030685274668191077,0.03544636692301312,0.009616694929661749,0.014817127419003177,0.02191868816966132,0.000605044467548,0.00101011804500652,0.0013947593075060022,2.1895359570498044e-05,3.4235177047784074e-05,6.0366806997958114e-05,1.0,1.0,0.6848484848484848
4,fermi,common,1,0.3,7,0.0337141462964095,0.06412148153381933,0.0774549802395139,0.0075089885678807,0.024192333478442407,0.030786691489316335,0.0021204881658566,0.008090393199668703,0.011426593723402198,0.0001879467199946,0.0012089537226085806,0.0019497567052399075,1.0,1.0,0.9642857142857145
4,fermi,common,1,0.5,9,0.1289056090747975,0.1949559552175519,0.23460002891869142,0.0390801831579354,0.07615013201712466,0.13226512967270324,0.0219483798805484,0.05508768017868666,0.05710174554401272,0.0048196166658207,0.01509205999139724,0.017075581769582904,1.0,1.0,0.7166666666666667
4,fermi,common,1,0.7,12,0.1846844322245536,0.2408423214096567,0.24730942705419118,0.07321060413903904,0.14213675551449634,0.2460906607585034,0.062248867779075304,0.10975501808209104,0.11744734120437536,0.02979616409729495,0.0734679353542645,0.11675754961382655,0.9166666666666666,0.9166666666666666,0.3846153846153847
4,fermi,common,1,1.0,7,0.2786599792605515,0.6821802554187363,0.8622313061968768,0.1661429408438958,0.26784624891348086,0.31580390052973883,0.1866921890770378,0.8687010485832077,1.4321210551692305,0.1578016085561994,1.5563508001716355,3.1445303629440393,0.8571428571428571,0.5714285714285714,-0.7857142857142859
4,fermi,common,2,0.05,3,0.0004455126431883,0.00084679649440366,0.0009370853609271159,7.69942486520463e-05,0.00013346573069352927,0.00014617181415286292,6.471177989221499e-07,1.2723689451963962e-06,1.4130504531081015e-06,1.1378456606344844e-09,2.2376726922718954e-09,2.4851337743903125e-09,1.0,1.0,0.5
4,fermi,common,2,0.1,6,0.00275223841556275,0.00327352504855465,0.003518553335206375,0.00118572311118925,0.00211224241911275,0.002691396910980125,1.678975006151589e-05,2.0410520479672276e-05,2.190453089119964e-05,1.362976011446687e-07,1.6992391327090166e-07,1.7388472139910648e-07,1.0,1.0,0.942857142857143
4,fermi,common,2,0.2,9,0.0091994218115623,0.016957362159836998,0.01698481716844932,0.0020305307201765,0.00815177492381648,0.009899705500864327,0.0001366720960498,0.00043967219850946006,0.000631830518213356,5.224335357540072e-06,1.3390576450513588e-05,2.9175407368415525e-05,1.0,1.0,0.9333333333333332
4,fermi,common,2,0.3,11,0.0223917589778812,0.0419077315648448,0.05156664186361004,0.0040481355749081,0.0063355106129441,0.00646178379507905,0.0009736611419063,0.0035635517468646,0.004650587227157461,5.4471466847651385e-05,0.0003938161491748,0.00051396166448173,1.0,1.0,0.7363636363636363
4,fermi,common,2,0.5,11,0.0634411621376064,0.0920128054116234,0.13013798789236738,0.0112889131822567,0.0186986103951374,0.10282846492764335,0.0094458245349617,0.0247394767318349,0.04094689396837434,0.0015335664630313,0.0086657020212889,0.018362461745087745,1.0,1.0,0.02727272727272728
4,fermi,common,2,0.7,6,0.11778979509176825,0.15880588304316706,0.17898360710910108,0.0362390597701954,0.08232952721310405,0.09540479240235851,0.02602929449595775,0.0512047153504097,0.05951432897990729,0.00922418155447185,0.023153129133189898,0.026629651187956592,1.0,1.0,0.48571428571428577
4,fermi,common,2,1.0,6,0.25513753877095924,0.3733821938967995,0.4577509965698574,0.13217545909460154,0.3522372454059338,0.46363818001136176,0.13454967790760786,0.30186783397782985,0.4075671952850633,0.1007598888777283,0.29784499667662934,0.4052464833246657,1.0,1.0,0.6571428571428573
4,fermi,common,3,0.05,5,0.0004660129942215,0.00056247325549768,0.000597979297923328,3.83897036710754e-05,7.846110395002686e-05,8.60143781981591e-05,5.399003074640927e-07,5.731016727922576e-07,5.870881533118779e-07,7.476793844954394e-10,9.789786066858687e-10,1.0132307622844416e-09,1.0,1.0,0.49999999999999994
4,fermi,common,3,0.1,6,0.00172628144950575,0.00269425355011015,0.003012585425046355,0.0001983729735951,0.00100222625807985,0.0010534824792682049,6.840749157972763e-06,1.3119282297603697e-05,1.322911388279217e-05,5.017086418520896e-08,8.8034568948747e-08,1.1261253524169826e-07,1.0,1.0,0.8857142857142858
4,fermi,common,3,0.2,9,0.0059576766387542,0.01217264461196234,0.016124124838017166,0.0003913056943982,0.0019241619387977802,0.002204061633686188,7.449726373394687e-05,0.00032504258302296004,0.0005253267083444159,2.1330420960770893e-06,1.3032489179040055e-05,2.3929918627911516e-05,1.0,1.0,0.48333333333333334
4,fermi,common,3,0.3,7,0.0106480278367057,0.01776025609034298,0.021066802243399695,0.0009152738963991,0.004665525492274381,0.006939634102712566,0.0002313662162132,0.0006180020206706001,0.0008892788886361098,7.793908208665218e-06,2.8510352992528006e-05,4.711442263347703e-05,1.0,1.0,0.9642857142857145
4,fermi,common,3,0.5,12,0.04970239343887555,0.07289326088265564,0.08539674508152263,0.0057072067272208,0.015076865923343973,0.017939422565759037,0.0048127966592859,0.01055161005327637,0.0136479582258136,0.00052139823791095,0.0021387822970080905,0.002807694483600674,1.0,1.0,0.6223776223776225
4,fermi,common,3,0.7,10,0.07279119393952665,0.09664516153756504,0.10301728507051093,0.01355929103270615,0.01769896833989511,0.019482056811632273,0.01065804042701355,0.02363643129405333,0.023890539853487436,0.0024054336700426,0.00813329392439321,0.009866049585134831,1.0,1.0,-0.006060606060606061
4,fermi,common,3,1.0,8,0.1312173768983923,0.2415702807337991,0.3313810230412671,0.03424985333611455,0.100249283866506,0.10696758327611268,0.041474771529500604,0.12452615023088626,0.21802607725619103,0.0283983123739115,0.09345900393677131,0.19700076575663264,1.0,1.0,-0.6904761904761906
4,fermi,common,5,0.05,7,0.0004630418582257,0.0006143596198772201,0.000641915458323892,1.0975937936267317e-05,3.160468994877152e-05,5.022185741942781e-05,6.275978478701498e-07,7.241057733327326e-07,7.860252960674115e-07,9.202976057363593e-10,1.263787118341331e-09,1.3453557655742456e-09,1.0,1.0,0.6785714285714287
4,fermi,common,5,0.1,4,0.0012400720014848,0.0016702495484818402,0.001827024710679764,9.648582024095054e-05,0.00013334043173724,0.000141799053833244,3.945870228304982e-06,5.266730393916045e-06,5.5924395617023596e-06,1.873664105082471e-08,2.4260246129822982e-08,2.5122328949658632e-08,1.0,1.0,0.7999999999999999
4,fermi,common,5,0.2,5,0.0064805344539467,0.008379472564026241,0.008410160829518124,0.0002312921074617,0.0006022015544610399,0.000657376471445404,9.420936476706285e-05,0.000109091545866,0.000113764648707,1.4198191224088544e-06,2.0765628086634952e-06,2.183525764688864e-06,1.0,1.0,0.7999999999999999
4,fermi,common,5,0.3,5,0.0115739666473133,0.025553215306378742,0.029088076426717943,0.0005899405434672,0.00178697610676064,0.0023227947828248236,0.0003428864849966,0.0011078845241601,0.0014464770047383799,1.361043723888205e-05,6.196564171279302e-05,8.903303215461594e-05,1.0,1.0,0.8999999999999998
4,fermi,common,5,0.5,6,0.037122967606836255,0.0459166373224148,0.04994641426329668,0.00265323465883985,0.00513566123594525,0.005696514740751245,0.0022297446089407,0.0043088481772464,0.00461552565939771,0.00020047758112605002,0.0005542439815021,0.00055748408141434,1.0,1.0,0.14285714285714288
4,fermi,common,5,0.7,6,0.06983543751633264,0.09148207298622035,0.10764455130483608,0.00921824435441095,0.0317613598663222,0.048549396754542076,0.0086865900190264,0.0310395901541944,0.0470112703379068,0.00139037538400695,0.01672503879754985,0.02840386894955821,1.0,1.0,-0.3142857142857143
4,fermi,common,5,1.0,8,0.12839073457343864,0.20208006670278272,0.2471481193919275,0.03133416803582275,0.07579832232061359,0.10264097654217244,0.028406883092300397,0.06873066801988373,0.09507696735864328,0.0081618635962545,0.030781602351527496,0.04495886942125816,1.0,1.0,0.38095238095238104
4,fermi,common,10,0.05,8,0.00033002756195795,0.00039283278534558,0.00043178495453713797,4.41395649535404e-06,6.249529708318867e-06,7.640081107859349e-06,1.7636493751041227e-07,2.8121170936300684e-07,3.086051930170423e-07,1.2435599385943322e-10,2.857170324274022e-10,2.904932761883072e-10,1.0,1.0,0.6428571428571429
4,fermi,common,10,0.1,10,0.00094126024917455,0.0018708962489042897,0.002515569703347749,1.7483474281346606e-05,2.8722276793927568e-05,6.81108108547735e-05,1.5069863481347682e-06,8.849278533544629e-06,1.0569581190581018e-05,2.9681552577332577e-09,5.607022387056083e-08,6.460738769074142e-08,1.0,1.0,0.8666666666666665
4,fermi,common,10,0.2,7,0.0046114316555155,0.00829628286590062,0.010270957953665331,8.049505921435081e-05,0.00019437983582684,0.00022301165435815396,3.752609323085673e-05,0.00010756126785814473,0.00014546954259003444,3.8364628012772323e-07,1.6710697612210458e-06,2.355229067146798e-06,1.0,1.0,0.42857142857142866
4,fermi,common,10,0.3,9,0.0125103742931057,0.01526788857053638,0.01805038074853815,0.0002546237121166,0.00058096353154124,0.000593757805295144,0.0002620442936735,0.00039480270896630003,0.0005392126360821799,6.852386022979786e-06,1.3533377157370389e-05,1.955919006647467e-05,1.0,1.0,0.13333333333333333
4,fermi,common,10,0.5,4,0.027993097145821,0.040645484844909485,0.044266579191179926,0.00148159546213345,0.00269595688085098,0.0031142908160966677,0.0013505920775759,0.0025776165405785104,0.0030348278982805107,8.950750509510786e-05,0.00022482949644843004,0.000266276396384673,1.0,1.0,1.0
4,fermi,common,10,0.7,7,0.0412397583808737,0.09691866078471495,0.11988415497499257,0.0056169721044706,0.016688736626761725,0.023946082944202966,0.0030152761536677,0.016453069116958624,0.023593332740268487,0.000295026007279,0.0034878081434218215,0.00556069118571574,1.0,1.0,0.642857142857143
4,fermi,common,10,1.0,8,0.09135845417412644,0.15185439203013265,0.180506890356279,0.0166104358254154,0.04203278311283407,0.05954988430422894,0.017477257043191502,0.0426227379167643,0.06034759298554109,0.0043403436289448,0.015340565725317546,0.02516819530316702,1.0,1.0,0.023809523809523815
4,fermi,independent,1,0.05,7,0.0007935827696507,0.0010465251971299,0.0012699908401956098,0.0001481964339136,0.00034710380844280004,0.00038846266327825,1.2130333754330686e-06,1.920537921113156e-06,2.7544756893498007e-06,2.4602967586754505e-09,5.225289818682723e-09,7.247288392847949e-09,1.0,1.0,0.8928571428571429
4,fermi,independent,1,0.1,7,0.0055435888612937,0.00710446873721192,0.00826167576036948,0.0004262300885042,0.00085873491064364,0.0009980438198696237,5.4729619921856576e-05,8.704770641141729e-05,0.00010380723939157171,7.21543082368868e-07,1.3130823767140767e-06,1.4480659652335414e-06,1.0,1.0,0.07142857142857144
4,fermi,independent,1,0.2,5,0.0155251946227371,0.02780714584011272,0.028672845779434714,0.0013233312064022,0.00663428424853988,0.009163777482599228,0.0006200960221603,0.00139099877479752,0.001462847981798112,3.6571167953298776e-05,8.938806573430193e-05,9.655078067338896e-05,1.0,1.0,0.3
4,fermi,independent,1,0.3,4,0.043305131020020246,0.04797775759860011,0.04845569844443644,0.00718201434356955,0.009912090237558971,0.010526126462914927,0.00291188661758455,0.0034084602860190902,0.0034417053099969988,0.00022288697482355,0.0002762425492271,0.00028214997086213,1.0,1.0,0.39999999999999997
4,fermi,independent,1,0.5,4,0.148971009936276,0.16428067401851223,0.16529566397548054,0.01285131580096235,0.03493995684658924,0.042317191520873994,0.040638385296107,0.04723834339203029,0.04767665696109963,0.01363707910222965,0.01564741118762688,0.015946223503878497,1.0,1.0,-0.7999999999999999
4,fermi,independent,1,0.7,5,0.1953671927520045,0.28658713908937117,0.3379037903084924,0.095979679553692,0.19169934449392373,0.2491054863972538,0.071443832392385,0.1451269229963396,0.18716245248340824,0.0340222202339066,0.08312531741394714,0.11205557967369253,1.0,1.0,0.09999999999999999
4,fermi,independent,1,1.0,8,0.3659521130825738,0.6059939588025084,0.8266627072289194,0.2877187438547088,0.37195939143389495,0.4569610630639028,0.29031706282413317,0.6164768965919986,0.6667458450255526,0.3176899632145038,0.7233653965667511,0.864211572394083,0.875,0.625,-0.5952380952380953
4,fermi,independent,2,0.05,3,0.0003398359787173,0.00053423269045298,0.0005779719505935079,4.11628367120244e-05,4.297224608376727e-05,4.337936319240942e-05,2.5669952929888373e-07,5.572495841566524e-07,6.248733464996504e-07,2.9219138655035176e-10,7.602486462723483e-10,8.655615297097976e-10,1.0,1.0,1.0
4,fermi,independent,2,0.1,8,0.00257002338303475,0.0034672925908824097,0.0037717300158516607,0.00020632890632775,0.0009218236972548099,0.0012706435907508908,1.3356841321378741e-05,2.2611281931869622e-05,2.6761462842579435e-05,1.0124696289961546e-07,1.990085836994214e-07,2.589355120468253e-07,1.0,1.0,0.880952380952381
4,fermi,independent,2,0.2,7,0.0104223861948279,0.015274296111571741,0.016687614260493235,0.0005546804127771,0.0014600450617730401,0.001486120816199514,0.0002104515273524,0.00042857081434620004,0.00045980674899812995,6.617576027055942e-06,1.540755609198227e-05,1.5976447962634435e-05,1.0,1.0,0.4642857142857144
4,fermi,independent,2,0.3,11,0.0262507601650114,0.0324509073234323,0.03329602926097811,0.0024564837151054,0.0035690262698571,0.012232302088974453,0.001402278264417,0.0019742408181453,0.00220486478472714,0.0001043259840701,0.0001671431577372,0.0001987150714002,1.0,1.0,0.4090909090909091
4,fermi,independent,2,0.5,2,0.040595454409738746,0.04288976418555543,0.043405983885114185,0.0193404175800755,0.028523748951515902,0.03058999851008999,0.0034530216302449002,0.00346756296720482,0.0034708347680208022,0.0004254187857121,0.00046719385710601997,0.00047659324816965197,1.0,1.0,0.9999999999999999
4,fermi,independent,2,0.7,5,0.1563339110760381,0.17917496514537878,0.18223211187508065,0.0534148505265823,0.06086149760027886,0.06385931910528202,0.0499543524793417,0.06371512011793798,0.06377453873487711,0.0217863099157335,0.03163335755809342,0.03314424914319773,1.0,1.0,-0.19999999999999998
4,fermi,independent,2,1.0,5,0.2517564397309922,0.2657078644127904,0.2726119358832058,0.1047515590561149,0.17630732427753903,0.18686193740659685,0.1147849085991039,0.15098831494047338,0.15830065623421932,0.0729521107775221,0.11025212432300575,0.11169860693497499,1.0,1.0,0.0
4,fermi,independent,3,0.05,6,0.00057728428486825,0.0006746957433989001,0.0007064254848275,2.2624067237964788e-05,3.7719489283553576e-05,4.43969490403785e-05,6.901895628200175e-07,8.537925461767502e-07,9.50564392791746e-07,1.070535419062511e-09,1.5529681834308243e-09,1.7551181683846397e-09,1.0,1.0,0.8857142857142858
4,fermi,independent,3,0.1,9,0.0017208753021991,0.00315760520313518,0.003377588068175468,9.882075828295157e-05,0.00023310282439378003,0.000412132427862148,5.807637268715704e-06,1.7182372373260786e-05,1.9515322241516814e-05,2.582520730781609e-08,1.252113194086087e-07,1.4241845134328993e-07,1.0,1.0,0.9166666666666666
4,fermi,independent,3,0.2,1,0.0040332209761581,0.0040332209761581,0.0040332209761581,0.0002369357211174,0.0002369357211174,0.0002369357211174,4.814542108914608e-05,4.814542108914608e-05,4.814542108914608e-05,6.454805787145786e-07,6.454805787145786e-07,6.454805787145786e-07,1.0,1.0,
4,fermi,independent,3,0.3,8,0.01815527390537345,0.034788501969658533,0.035548922589642304,0.00122284915488925,0.00209204106631451,0.002378243292346421,0.0005977648662034,0.00213924519152196,0.002365091872424376,2.5745557613131953e-05,0.00016611859803025,0.000197716553162245,1.0,1.0,0.5952380952380953
4,fermi,independent,3,0.5,4,0.05132956047245435,0.0640794510803034,0.06518022749316352,0.007622380809737251,0.012843960418603622,0.01451189662542304,0.0052435731803424,0.00757423284922205,0.007865488117631554,0.0007318029834933,0.00117677363553,0.0012452100482666698,1.0,1.0,0.7999999999999999
4,fermi,independent,3,0.7,12,0.10680141196194524,0.13156614335884093,0.14075757235038247,0.0266612249240058,0.03716188165916088,0.03800462131783092,0.02203357893982555,0.03449984666657766,0.04074549855002054,0.0061501607147013,0.01184453633856269,0.016347445706737906,1.0,1.0,0.10489510489510491
4,fermi,independent,3,1.0,9,0.1506083435578685,0.1744022448974165,0.18892192251844733,0.0473761311856174,0.0675760961016273,0.0827212209536001,0.0457045336326206,0.06112599041679746,0.07510893420695616,0.0172561592773983,0.02885846409968554,0.039860844757014124,1.0,1.0,0.26666666666666666
4,fermi,independent,5,0.05,13,0.0004656800102844,0.0008205914215735001,0.000898743294792444,7.605184540947773e-06,2.4558581429344288e-05,0.00011786656618931058,3.7083179492699724e-07,1.1687405545399707e-06,1.4681954576883846e-06,4.051848786632253e-10,2.078319276929685e-09,2.774573257032345e-09,1.0,1.0,0.6593406593406593
4,fermi,independent,5,0.1,3,0.0014135376498308,0.0019860986202400797,0.002114924838582168,2.2462601501241535e-05,3.355342189847865e-05,3.6048856487857e-05,4.086275857380423e-06,7.60348984748186e-06,8.394862995254683e-06,1.734836133039828e-08,4.172064153267914e-08,4.720440457819233e-08,1.0,1.0,1.0
4,fermi,independent,5,0.2,9,0.0077762133263195,0.009469834845767081,0.01032662797216857,0.0001566710015579,0.00028615695963202004,0.00048190166767241195,0.0001293153061533,0.00017058797276472,0.000188422751502792,2.3003281874752635e-06,3.810201437067637e-06,5.293157043894438e-06,1.0,1.0,0.7999999999999999
4,fermi,independent,5,0.3,7,0.0157462540794653,0.019712962813756462,0.01992927316208067,0.0006071624098726,0.0007176145319351801,0.0008249092097931879,0.0005182320864207,0.0006164998449713,0.0006317894437136,2.150444401921087e-05,2.4737763725503056e-05,2.4747006885631407e-05,1.0,1.0,0.7857142857142859
4,fermi,independent,5,0.5,11,0.0407835337716221,0.0678689361500045,0.0685969918344734,0.0028891513835538,0.0077836197077023,0.00830545794789241,0.0033184307156723,0.0078825363847775,0.008103708185488369,0.000388177925215,0.0011347506557154,0.00130699489981005,1.0,1.0,-0.08181818181818183
4,fermi,independent,5,0.7,8,0.05806477623563745,0.12955442893074368,0.1451550462293304,0.007574526327526,0.03422461531639047,0.036219018113489425,0.00604840414407675,0.03323127896309265,0.03545899265659357,0.0009139242551675,0.01050114503947954,0.010912616021621703,1.0,1.0,0.5476190476190477
4,fermi,independent,5,1.0,4,0.18164365528569826,0.23318633440187983,0.2338302926597919,0.06164429788194935,0.08869798563250593,0.09087593794052401,0.059556345025029545,0.08844396790799817,0.0912174162941072,0.023882973696227702,0.0408870680907782,0.04403703097550288,1.0,1.0,0.7999999999999999
4,fermi,independent,10,0.05,6,0.00035806103140495,0.00048709278960685,0.000533482519343425,3.5794247837440293e-06,1.0295031079933883e-05,1.0663814922764775e-05,2.526135991825894e-07,4.6688939656826837e-07,5.489814686151336e-07,2.5417894435184996e-10,6.056513295647985e-10,7.308417270447964e-10,1.0,1.0,0.8857142857142858
4,fermi,independent,10,0.1,8,0.0012522352860210501,0.00164621881558728,0.001723902951440898,7.873819331560999e-06,2.5692931493950642e-05,3.566789023271511e-05,2.77483574643657e-06,4.4064410450654015e-06,4.606634455054676e-06,8.593027034229316e-09,1.4143352424530712e-08,1.772874678650468e-08,1.0,1.0,0.523809523809524
4,fermi,independent,10,0.2,10,0.0050964720115058,0.008915400194215559,0.010284549458024617,0.00010351786116714098,0.00017620470619843999,0.000177532846886174,4.185616920686452e-05,0.00013048965957346997,0.00015838493026798698,4.3483538011561154e-07,2.2570878396927734e-06,2.7497985957564644e-06,1.0,1.0,0.9393939393939393
4,fermi,independent,10,0.3,4,0.0087146361599445,0.020852001463603984,0.025149576750683893,0.00024525638533560003,0.0007657739722750502,0.0009645054241283548,0.0001709489200693,0.0007501440282281701,0.0009581302420974869,4.819978131190023e-06,3.346635642702246e-05,4.3947402710928784e-05,1.0,1.0,0.39999999999999997
4,fermi,independent,10,0.5,12,0.02592727176799515,0.038775345720195274,0.04557247000609057,0.0014106392982003498,0.0031957668848442205,0.003677483823068837,0.0012590916308979501,0.0022615632955376003,0.0030442178906675303,8.49939970648901e-05,0.00016562759555826,0.00023776624820207607,1.0,1.0,0.3636363636363637
4,fermi,independent,10,0.7,11,0.0583759799685587,0.0724929441361941,0.09179524963822674,0.0070280237932861,0.0091403047998966,0.014041637213215892,0.0060263375732171,0.008853387737779,0.014013544616381891,0.0008085232350731,0.0017228355255277,0.0027083079555262003,1.0,1.0,0.4727272727272727
4,fermi,independent,10,1.0,4,0.1001574609349027,0.17514603925119276,0.1856253864823344,0.021769323581836798,0.05256438851802324,0.05791851001801528,0.0231047171828444,0.05217070713549529,0.057043217539688086,0.00740146178882935,0.01802680535559357,0.019750282966409693,1.0,1.0,0.19999999999999998
