schema_version,config_hash,profile,case_id,game,state_id,component,m,beta,x,exact,classical,variance_tail,moment_tail,empirical,empirical_se,covers_exact_95,error_classical_l2,error_variance_tail_l2,error_moment_tail_l2,error_empirical_l2,mass_exact,mass_classical,mass_variance_tail,mass_moment_tail,mass_empirical
v3,58ce92bf16755fdc,full_e1_e2,1,coordination_2x2,0,0,1,0.1,0.14999999999999999,-0.24673493816567582,-0.24862499999999996,-0.24585593906249997,-0.24671887499999998,-0.24547574999999999,0.0040317046322270308,1,0.0026729510798249828,0.001243092453025072,2.2716746753425644e-05,0.0017807609814784566,0,2.7755575615628914e-17,0,0,0
v3,58ce92bf16755fdc,full_e1_e2,1,coordination_2x2,0,1,1,0.1,0.84999999999999998,0.24673493816567582,0.24862499999999998,0.24585593906249997,0.24671887499999998,0.24547574999999999,0.0040317046322270308,1,0.0026729510798249828,0.001243092453025072,2.2716746753425644e-05,0.0017807609814784566,0,2.7755575615628914e-17,0,0,0
v3,58ce92bf16755fdc,full_e1_e2,2,coordination_2x2,0,0,1,0.3,0.14999999999999999,-0.23269223811139664,-0.24862499999999996,-0.22370345156249999,-0.23146987499999996,-0.23414950000000004,0.0013362567066842663,1,0.022532327948924003,0.012712063846726488,0.0017286824902817504,0.0020608795267923596,0,2.7755575615628914e-17,0,0,0
v3,58ce92bf16755fdc,full_e1_e2,2,coordination_2x2,0,1,1,0.3,0.84999999999999998,0.23269223811139664,0.24862499999999998,0.22370345156249999,0.23146987499999996,0.23414950000000004,0.0013362567066842663,1,0.022532327948924003,0.012712063846726488,0.0017286824902817504,0.0020608795267923596,0,2.7755575615628914e-17,0,0,0
v3,58ce92bf16755fdc,full_e1_e2,3,coordination_2x2,0,0,1,0.6,0.14999999999999999,-0.19619089040121357,-0.24862499999999996,-0.14893880625,-0.18000449999999998,-0.19630112499999999,0.00066179997234035051,1,0.074153028925561013,0.066824538257041002,0.022891012831261937,0.00015589526464651745,0,2.7755575615628914e-17,0,0,0
v3,58ce92bf16755fdc,full_e1_e2,3,coordination_2x2,0,1,1,0.6,0.84999999999999998,0.19619089040121357,0.24862499999999998,0.14893880625,0.18000449999999998,0.19630112499999999,0.00066179997234035051,1,0.074153028925561013,0.066824538257041002,0.022891012831261937,0.00015589526464651745,0,2.7755575615628914e-17,0,0,0
v3,58ce92bf16755fdc,full_e1_e2,4,coordination_2x2,0,0,1,1,0.14999999999999999,-0.14620655906479499,-0.24862499999999996,0.028281093749999996,-0.058012500000000009,-0.14649877500000003,0.00039914687219571796,1,0.14484154820767467,0.246762805077331,0.12472523445016687,0.00041325573870850069,0,2.7755575615628914e-17,0,0,0
v3,58ce92bf16755fdc,full_e1_e2,4,coordination_2x2,0,1,1,1,0.84999999999999998,0.14620655906479499,0.24862499999999998,-0.028281093749999996,0.058012500000000009,0.14649877500000003,0.00039914687219571796,1,0.14484154820767467,0.246762805077331,0.12472523445016687,0.00041325573870850069,0,2.7755575615628914e-17,0,0,0
v3,58ce92bf16755fdc,full_e1_e2,5,coordination_2x2,0,0,2,0.1,0.14999999999999999,-0.24707567733369756,-0.24862499999999996,-0.24684655429687499,-0.24706228828124999,-0.24580725,0.0040183966366319334,1,0.0021910731271769105,0.00032402890612658926,1.8934979558687509e-05,0.0017938271381998305,0,2.7755575615628914e-17,0,0,0
v3,58ce92bf16755fdc,full_e1_e2,5,coordination_2x2,0,1,2,0.1,0.84999999999999998,0.24707567733369756,0.24862499999999998,0.24684655429687499,0.24706228828124999,0.24580725,0.0040183966366319334,1,0.0021910731271769105,0.00032402890612658926,1.8934979558687509e-05,0.0017938271381998305,0,2.7755575615628914e-17,0,0,0
v3,58ce92bf16755fdc,full_e1_e2,6,coordination_2x2,0,0,2,0.3,0.14999999999999999,-0.23557281562946181,-0.24862499999999996,-0.23261898867187497,-0.23456059453124997,-0.23606625000000001,0.00131147618750919,1,0.018458576155409211,0.0041773421443225605,0.0014314968052113659,0.00069782157895615119,0,2.7755575615628914e-17,0,0,0
v3,58ce92bf16755fdc,full_e1_e2,6,coordination_2x2,0,1,2,0.3,0.84999999999999998,0.23557281562946181,0.24862499999999998,0.23261898867187497,0.23456059453124997,0.23606625000000001,0.00131147618750919,1,0.018458576155409211,0.0041773421443225605,0.0014314968052113659,0.00069782157895615119,0,2.7755575615628914e-17,0,0,0
v3,58ce92bf16755fdc,full_e1_e2,7,coordination_2x2,0,0,2,0.6,0.14999999999999999,-0.20559284215944737,-0.24862499999999996,-0.18460095468749999,-0.19236737812499999,-0.20603149999999998,0.00062138029668321114,1,0.060856661236289203,0.029687011962637854,0.018703630606193077,0.00062035586735079389,0,2.7755575615628914e-17,0,0,0
v3,58ce92bf16755fdc,full_e1_e2,7,coordination_2x2,0,1,2,0.6,0.84999999999999998,0.20559284215944737,0.24862499999999998,0.18460095468749999,0.19236737812499999,0.20603149999999998,0.00062138029668321114,1,0.060856661236289203,0.029687011962637854,0.018703630606193077,0.00062035586735079389,0,2.7755575615628914e-17,0,0,0
v3,58ce92bf16755fdc,full_e1_e2,8,coordination_2x2,0,0,2,1,0.14999999999999999,-0.16357938124248544,-0.24862499999999996,-0.070780429687500021,-0.092353828125000009,-0.16333515000000001,0.00034633241777677344,1,0.12027266746728874,0.13123753586306422,0.10072814320627319,0.00034539513547813004,0,2.7755575615628914e-17,0,0,0
v3,58ce92bf16755fdc,full_e1_e2,8,coordination_2x2,0,1,2,1,0.84999999999999998,0.16357938124248544,0.24862499999999998,0.070780429687500021,0.092353828125000009,0.16333515000000001,0.00034633241777677344,1,0.12027266746728874,0.13123753586306422,0.10072814320627319,0.00034539513547813004,0,2.7755575615628914e-17,0,0,0
v3,58ce92bf16755fdc,full_e1_e2,9,coordination_2x2,0,0,5,0.1,0.14999999999999999,-0.24748322340309789,-0.24862499999999996,-0.24744092343749999,-0.24747544087499998,-0.24939,0.0040241458234323516,1,0.0016147159485391206,5.9821185036469534e-05,1.1006156785614671e-05,0.0026965893237545801,0,2.7755575615628914e-17,0,0,0
v3,58ce92bf16755fdc,full_e1_e2,9,coordination_2x2,0,1,5,0.1,0.84999999999999998,0.24748322340309789,0.24862499999999998,0.24744092343749999,0.24747544087499998,0.24939,0.0040241458234323516,1,0.0016147159485391206,5.9821185036469534e-05,1.1006156785614671e-05,0.0026965893237545801,0,2.7755575615628914e-17,0,0,0
v3,58ce92bf16755fdc,full_e1_e2,10,coordination_2x2,0,0,5,0.3,0.14999999999999999,-0.23887317834588612,-0.24862499999999996,-0.23796831093749998,-0.238278967875,-0.23726475,0.0012979015476064909,1,0.013791158441091442,0.0012796757610890649,0.00084034050683125337,0.0022746611808574751,0,2.7755575615628914e-17,0,0,0
v3,58ce92bf16755fdc,full_e1_e2,10,coordination_2x2,0,1,5,0.3,0.84999999999999998,0.23887317834588612,0.24862499999999998,0.23796831093749998,0.238278967875,0.23726475,0.0012979015476064909,1,0.013791158441091442,0.0012796757610890649,0.00084034050683125337,0.0022746611808574751,0,2.7755575615628914e-17,0,0,0
v3,58ce92bf16755fdc,full_e1_e2,11,coordination_2x2,0,0,5,0.6,0.14999999999999999,-0.21522449041052227,-0.24862499999999996,-0.20599824374999998,-0.20724087150000001,-0.21546862500000002,0.00059267553214172671,1,0.047235453651611976,0.013047883157110109,0.011290542140078902,0.0003452584474838239,0,2.7755575615628914e-17,0,0,0
v3,58ce92bf16755fdc,full_e1_e2,11,coordination_2x2,0,1,5,0.6,0.84999999999999998,0.21522449041052227,0.24862499999999998,0.20599824374999998,0.20724087150000001,0.21546862500000002,0.00059267553214172671,1,0.047235453651611976,0.013047883157110109,0.011290542140078902,0.0003452584474838239,0,2.7755575615628914e-17,0,0,0
v3,58ce92bf16755fdc,full_e1_e2,12,coordination_2x2,0,0,5,1,0.14999999999999999,-0.17862172954348693,-0.24862499999999996,-0.13021734375000002,-0.13366908750000001,-0.17880090000000001,0.00030106635315274772,1,0.098999574490072545,0.068454138867488759,0.063572636042402209,0.00025338528957738167,0,2.7755575615628914e-17,0,0,0
v3,58ce92bf16755fdc,full_e1_e2,12,coordination_2x2,0,1,5,1,0.84999999999999998,0.17862172954348693,0.24862499999999998,0.13021734375000002,0.13366908750000001,0.17880090000000001,0.00030106635315274772,1,0.098999574490072545,0.068454138867488759,0.063572636042402209,0.00025338528957738167,0,2.7755575615628914e-17,0,0,0
v3,58ce92bf16755fdc,full_e1_e2,13,coordination_2x2,0,0,10,0.1,0.14999999999999999,-0.24765311943956883,-0.24862499999999996,-0.24763904648437496,-0.24764767584374997,-0.2416635,0.0040150603348375995,1,0.001374446669568483,1.9902164097843102e-05,7.6984070351097611e-06,0.0084706010448917721,0,2.7755575615628914e-17,0,0,0
v3,58ce92bf16755fdc,full_e1_e2,13,coordination_2x2,0,1,10,0.1,0.84999999999999998,0.24765311943956883,0.24862499999999998,0.24763904648437496,0.24764767584374997,0.2416635,0.0040150603348375995,1,0.001374446669568483,1.9902164097843102e-05,7.6984070351097611e-06,0.0084706010448917721,0,2.7755575615628914e-17,0,0,0
v3,58ce92bf16755fdc,full_e1_e2,14,coordination_2x2,0,0,10,0.3,0.14999999999999999,-0.24024892412668031,-0.24862499999999996,-0.23975141835937497,-0.23982908259374999,-0.24144674999999999,0.0012945978244187739,1,0.011845560099514733,0.0007035794034820444,0.00059374558991756197,0.0016939815954100884,0,2.7755575615628914e-17,0,0,0
v3,58ce92bf16755fdc,full_e1_e2,14,coordination_2x2,0,1,10,0.3,0.84999999999999998,0.24024892412668031,0.24862499999999998,0.23975141835937497,0.23982908259374999,0.24144674999999999,0.0012945978244187739,1,0.011845560099514733,0.0007035794034820444,0.00059374558991756197,0.0016939815954100884,0,2.7755575615628914e-17,0,0,0
v3,58ce92bf16755fdc,full_e1_e2,15,coordination_2x2,0,0,10,0.6,0.14999999999999999,-0.21923715519490189,-0.24862499999999996,-0.2131306734375,-0.21344133037499996,-0.21900250000000002,0.00058288389065653547,1,0.041560688692285408,0.0086358693197016428,0.0081965340654439091,0.00033185255911153034,0,2.7755575615628914e-17,0,0,0
v3,58ce92bf16755fdc,full_e1_e2,15,coordination_2x2,0,1,10,0.6,0.84999999999999998,0.21923715519490189,0.24862499999999998,0.2131306734375,0.21344133037499996,0.21900250000000002,0.00058288389065653547,1,0.041560688692285408,0.0086358693197016428,0.0081965340654439091,0.00033185255911153034,0,2.7755575615628914e-17,0,0,0
v3,58ce92bf16755fdc,full_e1_e2,16,coordination_2x2,0,0,10,1,0.14999999999999999,-0.18485174468992502,-0.24862499999999996,-0.1500296484375,-0.150892584375,-0.184748775,0.00028409835200923805,1,0.090189002576189989,0.049245880790440795,0.048025505084169147,0.00014562113200530748,0,2.7755575615628914e-17,0,0,0
v3,58ce92bf16755fdc,full_e1_e2,16,coordination_2x2,0,1,10,1,0.84999999999999998,0.18485174468992502,0.24862499999999998,0.1500296484375,0.150892584375,0.184748775,0.00028409835200923805,1,0.090189002576189989,0.049245880790440795,0.048025505084169147,0.00014562113200530748,0,2.7755575615628914e-17,0,0,0
v3,58ce92bf16755fdc,full_e1_e2,17,coordination_2x2,0,0,20,0.1,0.14999999999999999,-0.2477444890735411,-0.24862499999999996,-0.24773810800781249,-0.24774026534765622,-0.2467125,0.0040156708144193287,1,0.0012452304940158314,9.0241896958039515e-06,5.9732504301402424e-06,0.0014594529440226701,0,2.7755575615628914e-17,0,0,0
v3,58ce92bf16755fdc,full_e1_e2,17,coordination_2x2,0,1,20,0.1,0.84999999999999998,0.2477444890735411,0.24862499999999998,0.24773810800781249,0.24774026534765622,0.2467125,0.0040156708144193287,1,0.0012452304940158314,9.0241896958039515e-06,5.9732504301402424e-06,0.0014594529440226701,0,2.7755575615628914e-17,0,0,0
v3,58ce92bf16755fdc,full_e1_e2,18,coordination_2x2,0,0,20,0.3,0.14999999999999999,-0.24099068964643833,-0.24862499999999996,-0.24064297207031246,-0.24066238812890622,-0.24032900000000001,0.0012918747340576959,1,0.010796545241372215,0.00049174691203269973,0.00046428845864156931,0.00093577047207491989,0,2.7755575615628914e-17,0,0,0
v3,58ce92bf16755fdc,full_e1_e2,18,coordination_2x2,0,1,20,0.3,0.84999999999999998,0.24099068964643833,0.24862499999999998,0.24064297207031246,0.24066238812890622,0.24032900000000001,0.0012918747340576959,1,0.010796545241372215,0.00049174691203269973,0.00046428845864156931,0.00093577047207491989,0,2.7755575615628914e-17,0,0,0
v3,58ce92bf16755fdc,full_e1_e2,19,coordination_2x2,0,0,20,0.6,0.14999999999999999,-0.22140339999927058,-0.24862499999999996,-0.21669688828124997,-0.216774552515625,-0.22102337499999999,0.00057744476693043223,1,0.038497155910526951,0.0066560127030926451,0.0065461788895281627,0.00053743650800929324,0,2.7755575615628914e-17,0,0,0
v3,58ce92bf16755fdc,full_e1_e2,19,coordination_2x2,0,1,20,0.6,0.84999999999999998,0.22140339999927058,0.24862499999999998,0.21669688828124997,0.216774552515625,0.22102337499999999,0.00057744476693043223,1,0.038497155910526951,0.0066560127030926451,0.0065461788895281627,0.00053743650800929324,0,2.7755575615628914e-17,0,0,0
v3,58ce92bf16755fdc,full_e1_e2,20,coordination_2x2,0,0,20,1,0.14999999999999999,-0.18814300580909776,-0.24862499999999996,-0.15993580078125003,-0.16015153476562502,-0.18827924999999998,0.00027456078473684129,1,0.085534456464144648,0.03989101190702083,0.039585917980452925,0.00019267838256846616,0,2.7755575615628914e-17,0,0,0
v3,58ce92bf16755fdc,full_e1_e2,20,coordination_2x2,0,1,20,1,0.84999999999999998,0.18814300580909776,0.24862499999999998,0.15993580078125003,0.16015153476562502,0.18827924999999998,0.00027456078473684129,1,0.085534456464144648,0.03989101190702083,0.039585917980452925,0.00019267838256846616,0,2.7755575615628914e-17,0,0,0
v3,58ce92bf16755fdc,full_e1_e2,21,coordination_2x2,0,0,inf,0.1,0.14999999999999999,-0.24784015377398505,-0.24862499999999996,-0.24783716953124996,-0.24783716953124996,-0.24458325,0.0040111985808692473,1,0.0011099401772076405,4.2203565493825456e-06,4.2203565493825456e-06,0.0046059574885137728,0,2.7755575615628914e-17,0,0,0
v3,58ce92bf16755fdc,full_e1_e2,21,coordination_2x2,0,1,inf,0.1,0.84999999999999998,0.24784015377398505,0.24862499999999998,0.24783716953124996,0.24783716953124996,0.24458325,0.0040111985808692473,1,0.0011099401772076405,4.2203565493825456e-06,4.2203565493825456e-06,0.0046059574885137728,0,2.7755575615628914e-17,0,0,0
v3,58ce92bf16755fdc,full_e1_e2,22,coordination_2x2,0,0,inf,0.3,0.14999999999999999,-0.24176905802764401,-0.24862499999999996,-0.24153452578124998,-0.24153452578124998,-0.23962349999999999,0.0012911036368091274,1,0.0096957661201487518,0.00033167868366425972,0.00033167868366425972,0.0030342772615526378,0,2.7755575615628914e-17,0,0,0
v3,58ce92bf16755fdc,full_e1_e2,22,coordination_2x2,0,1,inf,0.3,0.84999999999999998,0.24176905802764401,0.24862499999999998,0.24153452578124998,0.24153452578124998,0.23962349999999999,0.0012911036368091274,1,0.0096957661201487518,0.00033167868366425972,0.00033167868366425972,0.0030342772615526378,0,2.7755575615628914e-17,0,0,0
v3,58ce92bf16755fdc,full_e1_e2,23,coordination_2x2,0,0,inf,0.6,0.14999999999999999,-0.22367326336782706,-0.24862499999999996,-0.22026310312499997,-0.22026310312499997,-0.22435325,0.00057097603486516799,1,0.035287084349980506,0.0048226948652715937,0.0048226948652715937,0.00096164631745138606,0,2.7755575615628914e-17,0,0,0
v3,58ce92bf16755fdc,full_e1_e2,23,coordination_2x2,0,1,inf,0.6,0.84999999999999998,0.22367326336782706,0.24862499999999998,0.22026310312499997,0.22026310312499997,0.22435325,0.00057097603486516799,1,0.035287084349980506,0.0048226948652715937,0.0048226948652715937,0.00096164631745138606,0,2.7755575615628914e-17,0,0,0
v3,58ce92bf16755fdc,full_e1_e2,24,coordination_2x2,0,0,inf,1,0.14999999999999999,-0.19147778732441761,-0.24862499999999996,-0.169841953125,-0.169841953125,-0.19148714999999999,0.00026643243159493653,1,0.080818363217628211,0.030597690158072025,0.030597690158072025,1.3240822788702026e-05,0,2.7755575615628914e-17,0,0,0
v3,58ce92bf16755fdc,full_e1_e2,24,coordination_2x2,0,1,inf,1,0.84999999999999998,0.19147778732441761,0.24862499999999998,0.169841953125,0.169841953125,0.19148714999999999,0.00026643243159493653,1,0.080818363217628211,0.030597690158072025,0.030597690158072025,1.3240822788702026e-05,0,2.7755575615628914e-17,0,0,0
v3,58ce92bf16755fdc,full_e1_e2,25,coordination_2x2,1,0,1,0.1,0.31,-0.17638322267683776,-0.17753699999999992,-0.17506163119849993,-0.17638008619999995,-0.17914124999999997,0.0067967310389779479,1,0.001631687538374548,0.00186901259258206,4.4356480820945459e-06,0.0039004396458115682,0,1.3877787807814457e-16,0,0,0
v3,58ce92bf16755fdc,full_e1_e2,25,coordination_2x2,1,1,1,0.1,0.68999999999999995,0.17638322267683776,0.17753700000000006,0.17506163119849993,0.17638008619999995,0.17914124999999997,0.0067967310389779479,1,0.001631687538374548,0.00186901259258206,4.4356480820945459e-06,0.0039004396458115682,0,1.3877787807814457e-16,0,0,0
v3,58ce92bf16755fdc,full_e1_e2,26,coordination_2x2,1,0,1,0.3,0.31,-0.16742543979887947,-0.17753699999999992,-0.15525868078649996,-0.16712477579999996,-0.17062802999999999,0.0023489003310603498,1,0.014299905573176652,0.01720639560543219,0.00042520310493273695,0.0045291464971478094,0,1.3877787807814457e-16,0,0,0
v3,58ce92bf16755fdc,full_e1_e2,26,coordination_2x2,1,1,1,0.3,0.68999999999999995,0.16742543979887947,0.17753700000000006,0.15525868078649996,0.16712477579999996,0.17062802999999999,0.0023489003310603498,1,0.014299905573176652,0.01720639560543219,0.00042520310493273695,0.0045291464971478094,0,1.3877787807814457e-16,0,0,0
v3,58ce92bf16755fdc,full_e1_e2,27,coordination_2x2,1,0,1,0.6,0.31,-0.14160425305118282,-0.17753699999999992,-0.088423723145999986,-0.13588810319999997,-0.142225675,0.0012601333017814675,1,0.050816578068337684,0.075208626646097537,0.0080838566440997357,0.00087882334797356764,0,1.3877787807814457e-16,0,0,0
v3,58ce92bf16755fdc,full_e1_e2,27,coordination_2x2,1,1,1,0.6,0.68999999999999995,0.14160425305118282,0.17753700000000006,0.088423723145999986,0.13588810319999997,0.142225675,0.0012601333017814675,1,0.050816578068337684,0.075208626646097537,0.0080838566440997357,0.00087882334797356764,0,1.3877787807814457e-16,0,0,0
v3,58ce92bf16755fdc,full_e1_e2,28,coordination_2x2,1,0,1,1,0.31,-0.10243721188517138,-0.17753699999999992,0.069999880149999971,-0.061845620000000025,-0.10266772199999999,0.00080250326787504613,1,0.10620713888333638,0.24386287421231695,0.057405179762322997,0.00032599053065479719,0,1.3877787807814457e-16,0,0,0
v3,58ce92bf16755fdc,full_e1_e2,28,coordination_2x2,1,1,1,1,0.68999999999999995,0.10243721188517138,0.17753700000000006,-0.069999880149999971,0.061845620000000025,0.10266772199999999,0.00080250326787504613,1,0.10620713888333638,0.24386287421231695,0.057405179762322997,0.00032599053065479719,0,1.3877787807814457e-16,0,0,0
v3,58ce92bf16755fdc,full_e1_e2,29,coordination_2x2,1,0,2,0.1,0.31,-0.17658539707639589,-0.17753699999999992,-0.17624835508287495,-0.17657796883324994,-0.18714110999999997,0.0067829837663954127,1,0.0013457697605547948,0.00047664935832658146,1.0505122201609719e-05,0.01492803237707784,0,1.3877787807814457e-16,0,0,0
v3,58ce92bf16755fdc,full_e1_e2,29,coordination_2x2,1,1,2,0.1,0.68999999999999995,0.17658539707639589,0.17753700000000006,0.17624835508287495,0.17657796883324994,0.18714110999999997,0.0067829837663954127,1,0.0013457697605547948,0.00047664935832658146,1.0505122201609719e-05,0.01492803237707784,0,1.3877787807814457e-16,0,0,0
v3,58ce92bf16755fdc,full_e1_e2,30,coordination_2x2,1,0,2,0.3,0.31,-0.16947246366631152,-0.17753699999999992,-0.16593919574587496,-0.16890571949924996,-0.17085618999999999,0.002300642235717432,1,0.01140497665735282,0.0049967954125791749,0.00080149728745431109,0.0019568845477150299,0,1.3877787807814457e-16,0,0,0
v3,58ce92bf16755fdc,full_e1_e2,30,coordination_2x2,1,1,2,0.3,0.68999999999999995,0.16947246366631152,0.17753700000000006,0.16593919574587496,0.16890571949924996,0.17085618999999999,0.002300642235717432,1,0.01140497665735282,0.0049967954125791749,0.00080149728745431109,0.0019568845477150299,0,1.3877787807814457e-16,0,0,0
v3,58ce92bf16755fdc,full_e1_e2,31,coordination_2x2,1,0,2,0.6,0.31,-0.15055823956451017,-0.17753699999999992,-0.13114578298349999,-0.14301187799699996,-0.15166935999999998,0.0011930910477483236,1,0.038153728903884368,0.02745335937584344,0.010672166875344023,0.0015713615892995806,0,1.3877787807814457e-16,0,0,0
v3,58ce92bf16755fdc,full_e1_e2,31,coordination_2x2,1,1,2,0.6,0.68999999999999995,0.15055823956451017,0.17753700000000006,0.13114578298349999,0.14301187799699996,0.15166935999999998,0.0011930910477483236,1,0.038153728903884368,0.02745335937584344,0.010672166875344023,0.0015713615892995806,0,1.3877787807814457e-16,0,0,0
v3,58ce92bf16755fdc,full_e1_e2,32,coordination_2x2,1,0,2,1,0.31,-0.12303662368510412,-0.17753699999999992,-0.048672508287500013,-0.081633883325000003,-0.12296041499999998,0.00075056955138041407,1,0.077075171338963133,0.10516674054916963,0.058552316936671171,0.00010777535604490691,0,1.3877787807814457e-16,0,0,0
v3,58ce92bf16755fdc,full_e1_e2,32,coordination_2x2,1,1,2,1,0.68999999999999995,0.12303662368510412,0.17753700000000006,0.048672508287500013,0.081633883325000003,0.12296041499999998,0.00075056955138041407,1,0.077075171338963133,0.10516674054916963,0.058552316936671171,0.00010777535604490691,0,1.3877787807814457e-16,0,0,0
v3,58ce92bf16755fdc,full_e1_e2,33,coordination_2x2,1,0,5,0.1,0.31,-0.1770158069166046,-0.17753699999999992,-0.17696038941349995,-0.17701312761355995,-0.18846728999999998,0.0067642245843682197,1,0.00073707832715281347,7.8372184483439702e-05,3.7891067034520663e-06,0.016194842685823826,0,1.3877787807814457e-16,0,0,0
v3,58ce92bf16755fdc,full_e1_e2,33,coordination_2x2,1,1,5,0.1,0.68999999999999995,0.1770158069166046,0.17753700000000006,0.17696038941349995,0.17701312761355995,0.18846728999999998,0.0067642245843682197,1,0.00073707832715281347,7.8372184483439702e-05,3.7891067034520663e-06,0.016194842685823826,0,1.3877787807814457e-16,0,0,0
v3,58ce92bf16755fdc,full_e1_e2,34,coordination_2x2,1,0,5,0.3,0.31,-0.17302874724414621,-0.17753699999999992,-0.17234750472149996,-0.17282214852203995,-0.17079914999999998,0.0022666032836710999,1,0.006375632189934287,0.00096342241479159866,0.00029217471477163145,0.0031531266613012763,0,1.3877787807814457e-16,0,0,0
v3,58ce92bf16755fdc,full_e1_e2,34,coordination_2x2,1,1,5,0.3,0.68999999999999995,0.17302874724414621,0.17753700000000006,0.17234750472149996,0.17282214852203995,0.17079914999999998,0.0022666032836710999,1,0.006375632189934287,0.00096342241479159866,0.00029217471477163145,0.0031531266613012763,0,1.3877787807814457e-16,0,0,0
v3,58ce92bf16755fdc,full_e1_e2,35,coordination_2x2,1,0,5,0.6,0.31,-0.16153154344207493,-0.17753699999999992,-0.15677901888599996,-0.15867759408815996,-0.16085992999999998,0.0011422614875143541,1,0.022635133736191006,0.0067210846827123983,0.0040360938826324907,0.00094980483845446791,0,1.3877787807814457e-16,0,0,0
v3,58ce92bf16755fdc,full_e1_e2,35,coordination_2x2,1,1,5,0.6,0.68999999999999995,0.16153154344207493,0.17753700000000006,0.15677901888599996,0.15867759408815996,0.16085992999999998,0.0011422614875143541,1,0.022635133736191006,0.0067210846827123983,0.0040360938826324907,0.00094980483845446791,0,1.3877787807814457e-16,0,0,0
v3,58ce92bf16755fdc,full_e1_e2,36,coordination_2x2,1,0,5,1,0.31,-0.14195497394486756,-0.17753699999999992,-0.11987594134999997,-0.12514976135599995,-0.141852063,0.00069403151745360677,1,0.050320583823881118,0.031224467339739367,0.023766159561739643,0.00014553805394832884,0,1.3877787807814457e-16,0,0,0
v3,58ce92bf16755fdc,full_e1_e2,36,coordination_2x2,1,1,5,1,0.68999999999999995,0.14195497394486756,0.17753700000000006,0.11987594134999997,0.12514976135599995,0.141852063,0.00069403151745360677,1,0.050320583823881118,0.031224467339739367,0.023766159561739643,0.00014553805394832884,0,1.3877787807814457e-16,0,0,0
v3,58ce92bf16755fdc,full_e1_e2,37,coordination_2x2,1,0,10,0.1,0.31,-0.17721199044306263,-0.17753699999999992,-0.17719773419037496,-0.17721091874038994,-0.18726944999999998,0.006766555017312539,1,0.00045963292332168297,2.0161385899516015e-05,1.5156164545485463e-06,0.014223395708439697,0,1.3877787807814457e-16,0,0,0
v3,58ce92bf16755fdc,full_e1_e2,37,coordination_2x2,1,1,10,0.1,0.68999999999999995,0.17721199044306263,0.17753700000000006,0.17719773419037496,0.17721091874038994,0.18726944999999998,0.006766555017312539,1,0.00045963292332168297,2.0161385899516015e-05,1.5156164545485463e-06,0.014223395708439697,0,1.3877787807814457e-16,0,0,0
v3,58ce92bf16755fdc,full_e1_e2,38,coordination_2x2,1,0,10,0.3,0.31,-0.17468624589345252,-0.17753699999999992,-0.17448360771337496,-0.17460226866350995,-0.17867067,0.0022481979906315594,1,0.0040315751204702162,0.00028657366252029951,0.00011876173751531754,0.0056348266097257472,0,1.3877787807814457e-16,0,0,0
v3,58ce92bf16755fdc,full_e1_e2,38,coordination_2x2,1,1,10,0.3,0.68999999999999995,0.17468624589345252,0.17753700000000006,0.17448360771337496,0.17460226866350995,0.17867067,0.0022481979906315594,1,0.0040315751204702162,0.00028657366252029951,0.00011876173751531754,0.0056348266097257472,0,1.3877787807814457e-16,0,0,0
v3,58ce92bf16755fdc,full_e1_e2,39,coordination_2x2,1,0,10,0.6,0.31,-0.16701120111307272,-0.17753699999999992,-0.16532343085349996,-0.16579807465403995,-0.16726623499999996,0.0011177769058026202,1,0.014885727540704174,0.0023868675912577524,0.0017156198912377852,0.0003606723817572316,0,1.3877787807814457e-16,0,0,0
v3,58ce92bf16755fdc,full_e1_e2,39,coordination_2x2,1,1,10,0.6,0.68999999999999995,0.16701120111307272,0.17753700000000006,0.16532343085349996,0.16579807465403995,0.16726623499999996,0.0011177769058026202,1,0.014885727540704174,0.0023868675912577524,0.0017156198912377852,0.0003606723817572316,0,1.3877787807814457e-16,0,0,0
v3,58ce92bf16755fdc,full_e1_e2,40,coordination_2x2,1,0,10,1,0.31,-0.15259709382805886,-0.17753699999999992,-0.14361041903749996,-0.14492887403899996,-0.15246578099999999,0.00066312450374257572,1,0.0352703535526716,0.012709077369444785,0.010844500424944859,0.00018570438235441462,0,1.3877787807814457e-16,0,0,0
v3,58ce92bf16755fdc,full_e1_e2,40,coordination_2x2,1,1,10,1,0.68999999999999995,0.15259709382805886,0.17753700000000006,0.14361041903749996,0.14492887403899996,0.15246578099999999,0.00066312450374257572,1,0.0352703535526716,0.012709077369444785,0.010844500424944859,0.00018570438235441462,0,1.3877787807814457e-16,0,0,0
v3,58ce92bf16755fdc,full_e1_e2,41,coordination_2x2,1,0,20,0.1,0.31,-0.17732016956551092,-0.17753699999999992,-0.17731640657881245,-0.1773197027163162,-0.17768672999999999,0.006763316024423799,1,0.00030664454118969496,5.3216668239965273e-06,6.6022446275466046e-07,0.00051839473788381951,0,1.3877787807814457e-16,0,0,0
v3,58ce92bf16755fdc,full_e1_e2,41,coordination_2x2,1,1,20,0.1,0.68999999999999995,0.17732016956551092,0.17753700000000006,0.17731640657881245,0.1773197027163162,0.17768672999999999,0.006763316024423799,1,0.00030664454118969496,5.3216668239965273e-06,6.6022446275466046e-07,0.00051839473788381951,0,1.3877787807814457e-16,0,0,0
v3,58ce92bf16755fdc,full_e1_e2,42,coordination_2x2,1,0,20,0.3,0.31,-0.1756183234216038,-0.17753699999999992,-0.17555165920931246,-0.17558132444684621,-0.17512706,0.0022460070045340693,1,0.0027134184389754914,9.4277433147339602e-05,5.2324451896084296e-05,0.00069475139352990459,0,1.3877787807814457e-16,0,0,0
v3,58ce92bf16755fdc,full_e1_e2,42,coordination_2x2,1,1,20,0.3,0.68999999999999995,0.1756183234216038,0.17753700000000006,0.17555165920931246,0.17558132444684621,0.17512706,0.0022460070045340693,1,0.0027134184389754914,9.4277433147339602e-05,5.2324451896084296e-05,0.00069475139352990459,0,1.3877787807814457e-16,0,0,0
v3,58ce92bf16755fdc,full_e1_e2,43,coordination_2x2,1,0,20,0.6,0.31,-0.17026671294750442,-0.17753699999999992,-0.16959563683724993,-0.16971429778738495,-0.16796853999999997,0.001108645625133186,0,0.01028173855198474,0.00094904493650648598,0.0007812330115014647,0.0032501073510397458,0,1.3877787807814457e-16,0,0,0
v3,58ce92bf16755fdc,full_e1_e2,43,coordination_2x2,1,1,20,0.6,0.68999999999999995,0.17026671294750442,0.17753700000000006,0.16959563683724993,0.16971429778738495,0.16796853999999997,0.001108645625133186,0,0.01028173855198474,0.00094904493650648598,0.0007812330115014647,0.0032501073510397458,0,1.3877787807814457e-16,0,0,0
v3,58ce92bf16755fdc,full_e1_e2,44,coordination_2x2,1,0,20,1,0.31,-0.15950327370251524,-0.17753699999999992,-0.15547765788124995,-0.15580727163162497,-0.15946031099999999,0.00064325845521929787,1,0.025503540310027266,0.0056930804913370757,0.0052269362552120648,6.0758436573264292e-05,0,1.3877787807814457e-16,0,0,0
v3,58ce92bf16755fdc,full_e1_e2,44,coordination_2x2,1,1,20,1,0.68999999999999995,0.15950327370251524,0.17753700000000006,0.15547765788124995,0.15580727163162497,0.15946031099999999,0.00064325845521929787,1,0.025503540310027266,0.0056930804913370757,0.0052269362552120648,6.0758436573264292e-05,0,1.3877787807814457e-16,0,0,0
v3,58ce92bf16755fdc,full_e1_e2,45,coordination_2x2,1,0,inf,0.1,0.31,-0.17743514913173772,-0.17753699999999992,-0.17743507896724994,-0.17743507896724994,-0.17732309999999998,0.0067617738053233423,1,0.0001440388792359751,9.9227570208952899e-08,9.9227570208952899e-08,0.00015846140175563414,0,1.3877787807814457e-16,0,0,0
v3,58ce92bf16755fdc,full_e1_e2,45,coordination_2x2,1,1,inf,0.1,0.68999999999999995,0.17743514913173772,0.17753700000000006,0.17743507896724994,0.17743507896724994,0.17732309999999998,0.0067617738053233423,1,0.0001440388792359751,9.9227570208952899e-08,9.9227570208952899e-08,0.00015846140175563414,0,1.3877787807814457e-16,0,0,0
v3,58ce92bf16755fdc,full_e1_e2,46,coordination_2x2,1,0,inf,0.3,0.31,-0.17662536253180758,-0.17753699999999992,-0.17661971070524995,-0.17661971070524995,-0.17792201999999999,0.0022341258588063836,1,0.0012892500714851748,7.9928897699713238e-06,7.9928897699713238e-06,0.0018337505772700637,0,1.3877787807814457e-16,0,0,0
v3,58ce92bf16755fdc,full_e1_e2,46,coordination_2x2,1,1,inf,0.3,0.68999999999999995,0.17662536253180758,0.17753700000000006,0.17661971070524995,0.17661971070524995,0.17792201999999999,0.0022341258588063836,1,0.0012892500714851748,7.9928897699713238e-06,7.9928897699713238e-06,0.0018337505772700637,0,1.3877787807814457e-16,0,0,0
v3,58ce92bf16755fdc,full_e1_e2,47,coordination_2x2,1,0,inf,0.6,0.31,-0.17395661173797253,-0.17753699999999992,-0.17386784282099993,-0.17386784282099993,-0.17417163999999996,0.0010942861860865451,1,0.0050634336387206675,0.00012553820629981937,0.00012553820629981937,0.00030409588445271207,0,1.3877787807814457e-16,0,0,0
v3,58ce92bf16755fdc,full_e1_e2,47,coordination_2x2,1,1,inf,0.6,0.68999999999999995,0.17395661173797253,0.17753700000000006,0.17386784282099993,0.17386784282099993,0.17417163999999996,0.0010942861860865451,1,0.0050634336387206675,0.00012553820629981937,0.00012553820629981937,0.00030409588445271207,0,1.3877787807814457e-16,0,0,0
v3,58ce92bf16755fdc,full_e1_e2,48,coordination_2x2,1,0,inf,1,0.31,-0.16800127795727243,-0.17753699999999992,-0.16734489672499997,-0.16734489672499997,-0.16810401,0.00062179991250502394,1,0.013485547439845381,0.00092826324076688139,0.00092826324076688139,0.00014528504811561578,0,1.3877787807814457e-16,0,0,0
v3,58ce92bf16755fdc,full_e1_e2,48,coordination_2x2,1,1,inf,1,0.68999999999999995,0.16800127795727243,0.17753700000000006,0.16734489672499997,0.16734489672499997,0.16810401,0.00062179991250502394,1,0.013485547439845381,0.00092826324076688139,0.00092826324076688139,0.00014528504811561578,0,1.3877787807814457e-16,0,0,0
v3,58ce92bf16755fdc,full_e1_e2,49,coordination_2x2,2,0,1,0.1,0.42999999999999999,0.0017977937329461513,0.0024510000000001119,0.0024134535395000018,0.0017756678000000017,-0.01414227,0.0078218719865453621,0,0.00092377316189463238,0.00087067444823645164,3.1290794452602452e-05,0.022542654316223956,0,2.5543803183758484e-16,0,0,0
v3,58ce92bf16755fdc,full_e1_e2,49,coordination_2x2,2,1,1,0.1,0.56999999999999995,-0.0017977937329461513,-0.0024509999999998565,-0.0024134535395000018,-0.0017756678000000017,0.01414227,0.0078218719865453621,0,0.00092377316189463238,0.00087067444823645164,3.1290794452602452e-05,0.022542654316223956,0,2.5543803183758484e-16,0,0,0
v3,58ce92bf16755fdc,full_e1_e2,50,coordination_2x2,2,0,1,0.3,0.42999999999999999,-0.0020960954070533421,0.0024510000000001119,0.0021130818555000017,-0.0036269897999999996,-0.00346408,0.0027260837640858009,1,0.0064305639940592232,0.0059526755711353961,0.0021650116130660893,0.0019346223644626016,0,2.5543803183758484e-16,0,0,0
v3,58ce92bf16755fdc,full_e1_e2,50,coordination_2x2,2,1,1,0.3,0.56999999999999995,0.0020960954070533421,-0.0024509999999998565,-0.0021130818555000017,0.0036269897999999996,0.00346408,0.0027260837640858009,1,0.0064305639940592232,0.0059526755711353961,0.0021650116130660893,0.0019346223644626016,0,2.5543803183758484e-16,0,0,0
v3,58ce92bf16755fdc,full_e1_e2,51,coordination_2x2,2,0,1,0.6,0.42999999999999999,-0.005867465141331395,0.0024510000000001119,0.0010993274220000009,-0.021860959200000005,-0.00292486,0.0014806876551114896,0,0.01176408622099866,0.0098525325293032789,0.022618216207502661,0.0041614720995796573,0,2.5543803183758484e-16,0,0,0
v3,58ce92bf16755fdc,full_e1_e2,51,coordination_2x2,2,1,1,0.6,0.56999999999999995,0.005867465141331395,-0.0024509999999998565,-0.0010993274220000009,0.021860959200000005,0.00292486,0.0014806876551114896,0,0.01176408622099866,0.0098525325293032789,0.022618216207502661,0.0041614720995796573,0,2.5543803183758484e-16,0,0,0
v3,58ce92bf16755fdc,full_e1_e2,52,coordination_2x2,2,0,1,1,0.42999999999999999,-0.001259349686859148,0.0024510000000001119,-0.0013036460500000008,-0.06508222000000001,-0.0014313839999999997,0.0009462099384922255,1,0.0052472268483029511,6.2644517517597656e-05,0.090259168786422983,0.00024329325883733248,0,2.5543803183758484e-16,0,0,0
v3,58ce92bf16755fdc,full_e1_e2,52,coordination_2x2,2,1,1,1,0.56999999999999995,0.001259349686859148,-0.0024509999999998565,0.0013036460500000008,0.06508222000000001,0.0014313839999999997,0.0009462099384922255,1,0.0052472268483029511,6.2644517517597656e-05,0.090259168786422983,0.00024329325883733248,0,2.5543803183758484e-16,0,0,0
v3,58ce92bf16755fdc,full_e1_e2,53,coordination_2x2,2,0,2,0.1,0.42999999999999999,0.0022767462308061572,0.0024510000000001119,0.0024322266676250017,0.0022727802327500018,0.0042402299999999993,0.0077777206440344587,1,0.00024643204368854116,0.000219882542432903,5.6087682393602813e-06,0.0027767853758933754,0,2.5543803183758484e-16,0,0,0
v3,58ce92bf16755fdc,full_e1_e2,53,coordination_2x2,2,1,2,0.1,0.56999999999999995,-0.0022767462308061572,-0.0024509999999998565,-0.0024322266676250017,-0.0022727802327500018,-0.0042402299999999993,0.0077777206440344587,1,0.00024643204368854116,0.000219882542432903,5.6087682393602813e-06,0.0027767853758933754,0,2.5543803183758484e-16,0,0,0
v3,58ce92bf16755fdc,full_e1_e2,54,coordination_2x2,2,0,2,0.3,0.42999999999999999,0.0011240704239012175,0.0024510000000001119,0.0022820400086250017,0.00084702209475000158,0.0032516599999999991,0.0026640431979543843,1,0.0018765618028328578,0.0016376162915319162,0.00039180550451845491,0.003008866033682521,0,2.5543803183758484e-16,0,0,0
v3,58ce92bf16755fdc,full_e1_e2,54,coordination_2x2,2,1,2,0.3,0.56999999999999995,-0.0011240704239012175,-0.0024509999999998565,-0.0022820400086250017,-0.00084702209475000158,-0.0032516599999999991,0.0026640431979543843,1,0.0018765618028328578,0.0016376162915319162,0.00039180550451845491,0.003008866033682521,0,2.5543803183758484e-16,0,0,0
v3,58ce92bf16755fdc,full_e1_e2,55,coordination_2x2,2,0,2,0.6,0.42999999999999999,-0.00096345443647166131,0.0024510000000001119,0.0017751600345000014,-0.0039649116209999995,-0.0011560549999999998,0.0014113258002891314,1,0.0048287677721631844,0.0038729857269593441,0.0042447014572421417,0.00027237832906247718,0,2.5543803183758484e-16,0,0,0
v3,58ce92bf16755fdc,full_e1_e2,55,coordination_2x2,2,1,2,0.6,0.56999999999999995,0.00096345443647166131,-0.0024509999999998565,-0.0017751600345000014,0.0039649116209999995,0.0011560549999999998,0.0014113258002891314,1,0.0048287677721631844,0.0038729857269593441,0.0042447014572421417,0.00027237832906247718,0,2.5543803183758484e-16,0,0,0
v3,58ce92bf16755fdc,full_e1_e2,56,coordination_2x2,2,0,2,1,0.42999999999999999,-0.0023608765042833421,0.0024510000000001119,0.00057366676250000066,-0.015370976725000002,-0.001453443,0.00090494001404423151,1,0.0068050210128219176,0.0041500708872556505,0.0183990601799707,0.0012833047687092465,0,2.5543803183758484e-16,0,0,0
v3,58ce92bf16755fdc,full_e1_e2,56,coordination_2x2,2,1,2,1,0.56999999999999995,0.0023608765042833421,-0.0024509999999998565,-0.00057366676250000066,0.015370976725000002,0.001453443,0.00090494001404423151,1,0.0068050210128219176,0.0041500708872556505,0.0183990601799707,0.0012833047687092465,0,2.5543803183758484e-16,0,0,0
v3,58ce92bf16755fdc,full_e1_e2,57,coordination_2x2,2,0,5,0.1,0.42999999999999999,0.002418303618715441,0.0024510000000001119,0.0024434905445000024,0.0024179791149200021,-0.0038235599999999997,0.0077516872426343511,1,4.6239665853122899e-05,3.5619692039011314e-05,4.5891766855117667e-07,0.0088273281840705806,0,2.5543803183758484e-16,0,0,0
v3,58ce92bf16755fdc,full_e1_e2,57,coordination_2x2,2,1,5,0.1,0.56999999999999995,-0.002418303618715441,-0.0024509999999998565,-0.0024434905445000024,-0.0024179791149200021,0.0038235599999999997,0.0077516872426343511,1,4.6239665853122899e-05,3.5619692039011314e-05,4.5891766855117667e-07,0.0088273281840705806,0,2.5543803183758484e-16,0,0,0
v3,58ce92bf16755fdc,full_e1_e2,58,coordination_2x2,2,0,5,0.3,0.42999999999999999,0.0021780841378239079,0.0024510000000001119,0.0023834149005000018,0.0021538120342800018,0.0021160299999999996,0.0026172984590300953,1,0.00038596131367615345,0.00029038154934894316,3.4325938019116192e-05,8.7757803311940371e-05,0,2.5543803183758484e-16,0,0,0
v3,58ce92bf16755fdc,full_e1_e2,58,coordination_2x2,2,1,5,0.3,0.56999999999999995,-0.0021780841378239079,-0.0024509999999998565,-0.0023834149005000018,-0.0021538120342800018,-0.0021160299999999996,0.0026172984590300953,1,0.00038596131367615345,0.00029038154934894316,3.4325938019116192e-05,8.7757803311940371e-05,0,2.5543803183758484e-16,0,0,0
v3,58ce92bf16755fdc,full_e1_e2,59,coordination_2x2,2,0,5,0.6,0.42999999999999999,0.0015721096551078654,0.0024510000000001119,0.0021806596020000017,0.0012622481371200017,0.0014828549999999999,0.0013499851932263385,1,0.0012429386455852015,0.00086061958827628572,0.0004382103611959517,0.00012622514375847644,0,2.5543803183758484e-16,0,0,0
v3,58ce92bf16755fdc,full_e1_e2,59,coordination_2x2,2,1,5,0.6,0.56999999999999995,-0.0015721096551078654,-0.0024509999999998565,-0.0021806596020000017,-0.0012622481371200017,-0.0014828549999999999,0.0013499851932263385,1,0.0012429386455852015,0.00086061958827628572,0.0004382103611959517,0.00012622514375847644,0,2.5543803183758484e-16,0,0,0
v3,58ce92bf16755fdc,full_e1_e2,60,coordination_2x2,2,0,5,1,0.42999999999999999,0.00077843816886093381,0.0024510000000001119,0.0017000544500000013,-0.00085108850799999922,0.00061275000000000001,0.00084890372542053465,1,0.0023653596255044239,0.0013033622440907246,0.0023044987266654915,0.0002343184555278961,0,2.5543803183758484e-16,0,0,0
v3,58ce92bf16755fdc,full_e1_e2,60,coordination_2x2,2,1,5,1,0.56999999999999995,-0.00077843816886093381,-0.0024509999999998565,-0.0017000544500000013,0.00085108850799999922,-0.00061275000000000001,0.00084890372542053465,1,0.0023653596255044239,0.0013033622440907246,0.0023044987266654915,0.0002343184555278961,0,2.5543803183758484e-16,0,0,0
v3,58ce92bf16755fdc,full_e1_e2,61,coordination_2x2,2,0,10,0.1,0.42999999999999999,0.0024409155154921304,0.0024510000000001119,0.002447245170125002,0.0024408673127300023,0.0038480699999999994,0.007752345890130314,1,1.4261614760548221e-05,8.9514834269446793e-06,6.8168999945482954e-08,0.0019900169563451496,0,2.5543803183758484e-16,0,0,0
v3,58ce92bf16755fdc,full_e1_e2,61,coordination_2x2,2,1,10,0.1,0.56999999999999995,-0.0024409155154921304,-0.0024509999999998565,-0.002447245170125002,-0.0024408673127300023,-0.0038480699999999994,0.007752345890130314,1,1.4261614760548221e-05,8.9514834269446793e-06,6.8168999945482954e-08,0.0019900169563451496,0,2.5543803183758484e-16,0,0,0
v3,58ce92bf16755fdc,full_e1_e2,62,coordination_2x2,2,0,10,0.3,0.42999999999999999,0.0023635461187773944,0.0024510000000001119,0.0024172065311250019,0.0023598058145700021,0.0065605100000000003,0.0025995789982413576,1,0.00012367846490715228,7.5887282904519256e-05,5.2895889374952781e-06,0.0059354032416150324,0,2.5543803183758484e-16,0,0,0
v3,58ce92bf16755fdc,full_e1_e2,62,coordination_2x2,2,1,10,0.3,0.56999999999999995,-0.0023635461187773944,-0.0024509999999998565,-0.0024172065311250019,-0.0023598058145700021,-0.0065605100000000003,0.0025995789982413576,1,0.00012367846490715228,7.5887282904519256e-05,5.2895889374952781e-06,0.0059354032416150324,0,2.5543803183758484e-16,0,0,0
v3,58ce92bf16755fdc,full_e1_e2,63,coordination_2x2,2,0,10,0.6,0.42999999999999999,0.0021387734512420026,0.0024510000000001119,0.0023158261245000019,0.0020862232582800019,0.0010743549999999999,0.0013224248430890118,1,0.00044155501978648207,0.0002503902917758748,7.4317195592184566e-05,0.0015053150097866052,0,2.5543803183758484e-16,0,0,0
v3,58ce92bf16755fdc,full_e1_e2,63,coordination_2x2,2,1,10,0.6,0.56999999999999995,-0.0021387734512420026,-0.0024509999999998565,-0.0023158261245000019,-0.0020862232582800019,-0.0010743549999999999,0.0013224248430890118,1,0.00044155501978648207,0.0002503902917758748,7.4317195592184566e-05,0.0015053150097866052,0,2.5543803183758484e-16,0,0,0
v3,58ce92bf16755fdc,full_e1_e2,64,coordination_2x2,2,0,10,1,0.42999999999999999,0.0017548336519740409,0.0024510000000001119,0.0020755170125000017,0.0014377312730000018,0.0026029619999999995,0.00082088714620139264,1,0.0009845278910460371,0.00045351475768319464,0.00044845048500585907,0.001199434612411399,0,2.5543803183758484e-16,0,0,0
v3,58ce92bf16755fdc,full_e1_e2,64,coordination_2x2,2,1,10,1,0.56999999999999995,-0.0017548336519740409,-0.0024509999999998565,-0.0020755170125000017,-0.0014377312730000018,-0.0026029619999999995,0.00082088714620139264,1,0.0009845278910460371,0.00045351475768319464,0.00044845048500585907,0.001199434612411399,0,2.5543803183758484e-16,0,0,0
v3,58ce92bf16755fdc,full_e1_e2,65,coordination_2x2,2,0,20,0.1,0.42999999999999999,0.0024475356034829488,0.0024510000000001119,0.0024491224829375022,0.0024475280185887521,-0.0045833699999999998,0.0077487009201624851,1,4.8993965398296691e-06,2.2441864464807621e-06,1.0726660242085245e-08,0.0099432020602105761,0,2.5543803183758484e-16,0,0,0
v3,58ce92bf16755fdc,full_e1_e2,65,coordination_2x2,2,1,20,0.1,0.56999999999999995,-0.0024475356034829488,-0.0024509999999998565,-0.0024491224829375022,-0.0024475280185887521,0.0045833699999999998,0.0077487009201624851,1,4.8993965398296691e-06,2.2441864464807621e-06,1.0726660242085245e-08,0.0099432020602105761,0,2.5543803183758484e-16,0,0,0
v3,58ce92bf16755fdc,full_e1_e2,66,coordination_2x2,2,0,20,0.3,0.42999999999999999,0.0024203534382363679,0.0024510000000001119,0.002434102346437502,0.0024197521672987519,0.0020016500000000002,0.0025866947842441562,1,4.3340783286210986e-05,1.9443892445866587e-05,8.5032551463720144e-07,0.00059213608096611667,0,2.5543803183758484e-16,0,0,0
v3,58ce92bf16755fdc,full_e1_e2,66,coordination_2x2,2,1,20,0.3,0.56999999999999995,-0.0024203534382363679,-0.0024509999999998565,-0.002434102346437502,-0.0024197521672987519,-0.0020016500000000002,0.0025866947842441562,1,4.3340783286210986e-05,1.9443892445866587e-05,8.5032551463720144e-07,0.00059213608096611667,0,2.5543803183758484e-16,0,0,0
v3,58ce92bf16755fdc,full_e1_e2,67,coordination_2x2,2,0,20,0.6,0.42999999999999999,0.0023349925133811299,0.0024510000000001119,0.0023834093857500022,0.002326008669195002,0.0039828750000000003,0.0013099847976444313,1,0.00016405936091319918,6.8471797551746463e-05,1.2705074290268691e-05,0.0023304577617735069,0,2.5543803183758484e-16,0,0,0
v3,58ce92bf16755fdc,full_e1_e2,67,coordination_2x2,2,1,20,0.6,0.56999999999999995,-0.0023349925133811299,-0.0024509999999998565,-0.0023834093857500022,-0.002326008669195002,-0.0039828750000000003,0.0013099847976444313,1,0.00016405936091319918,6.8471797551746463e-05,1.2705074290268691e-05,0.0023304577617735069,0,2.5543803183758484e-16,0,0,0
v3,58ce92bf16755fdc,full_e1_e2,68,coordination_2x2,2,0,20,1,0.42999999999999999,0.0021639815865767795,0.0024510000000001119,0.002263248293750002,0.0021038018588750017,0.0018431519999999998,0.00080096229876976404,1,0.00040590533291390415,0.00014038432357648989,8.510698709577401e-05,0.00045372155254743492,0,2.5543803183758484e-16,0,0,0
v3,58ce92bf16755fdc,full_e1_e2,68,coordination_2x2,2,1,20,1,0.56999999999999995,-0.0021639815865767795,-0.0024509999999998565,-0.002263248293750002,-0.0021038018588750017,-0.0018431519999999998,0.00080096229876976404,1,0.00040590533291390415,0.00014038432357648989,8.510698709577401e-05,0.00045372155254743492,0,2.5543803183758484e-16,0,0,0
v3,58ce92bf16755fdc,full_e1_e2,69,coordination_2x2,2,0,inf,0.1,0.42999999999999999,0.0024509997957500224,0.0024510000000001119,0.0024509997957500021,0.0024509997957500021,0.011691269999999998,0.0077681762389211605,1,2.8885306606193814e-10,2.8825916233647431e-17,2.8825916233647431e-17,0.013067715442842326,0,2.5543803183758484e-16,0,0,0
v3,58ce92bf16755fdc,full_e1_e2,69,coordination_2x2,2,1,inf,0.1,0.56999999999999995,-0.0024509997957500224,-0.0024509999999998565,-0.0024509997957500021,-0.0024509997957500021,-0.011691269999999998,0.0077681762389211605,1,2.8885306606193814e-10,2.8825916233647431e-17,2.8825916233647431e-17,0.013067715442842326,0,2.5543803183758484e-16,0,0,0
v3,58ce92bf16755fdc,full_e1_e2,70,coordination_2x2,2,0,inf,0.3,0.42999999999999999,0.0024509981617516566,0.0024510000000001119,0.0024509981617500021,0.0024509981617500021,0.00014705999999999972,0.0025860405296311358,1,2.599675715965847e-09,2.3398057538588287e-15,2.3398057538588287e-15,0.0032582605952181311,0,2.5543803183758484e-16,0,0,0
v3,58ce92bf16755fdc,full_e1_e2,70,coordination_2x2,2,1,inf,0.3,0.56999999999999995,-0.0024509981617516566,-0.0024509999999998565,-0.0024509981617500021,-0.0024509981617500021,-0.00014705999999999972,0.0025860405296311358,1,2.599675715965847e-09,2.3398057538588287e-15,2.3398057538588287e-15,0.0032582605952181311,0,2.5543803183758484e-16,0,0,0
v3,58ce92bf16755fdc,full_e1_e2,71,coordination_2x2,2,0,inf,0.6,0.42999999999999999,0.0024509926470264731,0.0024510000000001119,0.0024509926470000021,0.0024509926470000021,0.0023692999999999995,0.0012914468767869346,1,1.0398674863165649e-08,3.7435665427007916e-14,3.7435665427007916e-14,0.00011553084937099705,0,2.5543803183758484e-16,0,0,0
v3,58ce92bf16755fdc,full_e1_e2,71,coordination_2x2,2,1,inf,0.6,0.56999999999999995,-0.0024509926470264731,-0.0024509999999998565,-0.0024509926470000021,-0.0024509926470000021,-0.0023692999999999995,0.0012914468767869346,1,1.0398674863165649e-08,3.7435665427007916e-14,3.7435665427007916e-14,0.00011553084937099705,0,2.5543803183758484e-16,0,0,0
v3,58ce92bf16755fdc,full_e1_e2,72,coordination_2x2,2,0,inf,1,0.42999999999999999,0.0024509795752042499,0.0024510000000001119,0.0024509795750000023,0.0024509795750000023,0.0029926709999999997,0.00077560130591132796,1,2.888502313611449e-08,2.8884978696058075e-13,2.8884978696058075e-13,0.00076606735956735478,0,2.5543803183758484e-16,0,0,0
v3,58ce92bf16755fdc,full_e1_e2,72,coordination_2x2,2,1,inf,1,0.56999999999999995,-0.0024509795752042499,-0.0024509999999998565,-0.0024509795750000023,-0.0024509795750000023,-0.0029926709999999997,0.00077560130591132796,1,2.888502313611449e-08,2.8884978696058075e-13,2.8884978696058075e-13,0.00076606735956735478,0,2.5543803183758484e-16,0,0,0
v3,58ce92bf16755fdc,full_e1_e2,73,coordination_2x2,3,0,1,0.1,0.56999999999999995,0.23942934937190388,0.24264899999999995,0.23873373706049991,0.2393715227999999,0.24076172999999998,0.0077773998253707673,1,0.0045532735843564903,0.00098374436494119157,8.1779122252150695e-05,0.0018842707544966834,0,2.7755575615628914e-17,0,0,0
v3,58ce92bf16755fdc,full_e1_e2,73,coordination_2x2,3,1,1,0.1,0.42999999999999999,-0.23942934937190388,-0.24264899999999992,-0.23873373706049991,-0.2393715227999999,-0.24076172999999998,0.0077773998253707673,1,0.0045532735843564903,0.00098374436494119157,8.1779122252150695e-05,0.0018842707544966834,0,2.7755575615628914e-17,0,0,0
v3,58ce92bf16755fdc,full_e1_e2,74,coordination_2x2,3,0,1,0.3,0.56999999999999995,0.21727297998040895,0.24264899999999995,0.20741163354449996,0.21315170519999993,0.21602297000000001,0.0027084987674152188,1,0.035887111670756741,0.013946049872922086,0.0058283626887206397,0.0017677810673960566,0,2.7755575615628914e-17,0,0,0
v3,58ce92bf16755fdc,full_e1_e2,74,coordination_2x2,3,1,1,0.3,0.42999999999999999,-0.21727297998040895,-0.24264899999999992,-0.20741163354449996,-0.21315170519999993,-0.21602297000000001,0.0027084987674152188,1,0.035887111670756741,0.013946049872922086,0.0058283626887206397,0.0017677810673960566,0,2.7755575615628914e-17,0,0,0
v3,58ce92bf16755fdc,full_e1_e2,75,coordination_2x2,3,0,1,0.6,0.56999999999999995,0.17141609920208334,0.24264899999999995,0.10169953417799998,0.12465982079999995,0.17043028499999999,0.0014477877336286913,1,0.10073853439559091,0.098594111779124444,0.066123363042318556,0.0013941518145662868,0,2.7755575615628914e-17,0,0,0
v3,58ce92bf16755fdc,full_e1_e2,75,coordination_2x2,3,1,1,0.6,0.42999999999999999,-0.17141609920208334,-0.24264899999999992,-0.10169953417799998,-0.12465982079999995,-0.17043028499999999,0.0014477877336286913,1,0.10073853439559091,0.098594111779124444,0.066123363042318556,0.0013941518145662868,0,2.7755575615628914e-17,0,0,0
v3,58ce92bf16755fdc,full_e1_e2,76,coordination_2x2,3,0,1,1,0.56999999999999995,0.1270184494297239,0.24264899999999995,-0.14887729394999993,-0.085098719999999989,0.12758435399999998,0.00090693819493086771,1,0.16352629284115239,0.39017550208861251,0.29997897781970717,0.00080030991829335393,0,2.7755575615628914e-17,0,0,0
v3,58ce92bf16755fdc,full_e1_e2,76,coordination_2x2,3,1,1,1,0.42999999999999999,-0.1270184494297239,-0.24264899999999992,0.14887729394999993,0.085098719999999989,-0.12758435399999998,0.00090693819493086771,1,0.16352629284115239,0.39017550208861251,0.29997897781970717,0.00080030991829335393,0,2.7755575615628914e-17,0,0,0
v3,58ce92bf16755fdc,full_e1_e2,77,coordination_2x2,3,0,2,0.1,0.56999999999999995,0.24077581658393335,0.24264899999999995,0.24059227674487491,0.24075172317974991,0.23206067999999999,0.0077670904931939171,1,0.0026490813918137279,0.00025956452963222685,3.4073218959956846e-05,0.012325064354932481,0,2.7755575615628914e-17,0,0,0
v3,58ce92bf16755fdc,full_e1_e2,77,coordination_2x2,3,1,2,0.1,0.42999999999999999,-0.24077581658393335,-0.24264899999999992,-0.24059227674487491,-0.24075172317974991,-0.23206067999999999,0.0077670904931939171,1,0.0026490813918137279,0.00025956452963222685,3.4073218959956846e-05,0.012325064354932481,0,2.7755575615628914e-17,0,0,0
v3,58ce92bf16755fdc,full_e1_e2,78,coordination_2x2,3,0,2,0.3,0.56999999999999995,0.2273206704761277,0.24264899999999995,0.22413849070387493,0.22557350861774994,0.22733841999999999,0.0026377473502431836,1,0.021677531501184046,0.0045002817918291926,0.0024708599957788016,2.5101617385857857e-05,0,2.7755575615628914e-17,0,0,0
v3,58ce92bf16755fdc,full_e1_e2,78,coordination_2x2,3,1,2,0.3,0.42999999999999999,-0.2273206704761277,-0.24264899999999992,-0.22413849070387493,-0.22557350861774994,-0.22733841999999999,0.0026377473502431836,1,0.021677531501184046,0.0045002817918291926,0.0024708599957788016,2.5101617385857857e-05,0,2.7755575615628914e-17,0,0,0
v3,58ce92bf16755fdc,full_e1_e2,79,coordination_2x2,3,0,2,0.6,0.56999999999999995,0.19512891093329818,0.24264899999999995,0.16860696281549994,0.17434703447099995,0.19374337999999997,0.0013675386930143011,1,0.067203554443307056,0.03750769872874584,0.029390011544544358,0.001959436636957784,0,2.7755575615628914e-17,0,0,0
v3,58ce92bf16755fdc,full_e1_e2,79,coordination_2x2,3,1,2,0.6,0.42999999999999999,-0.19512891093329818,-0.24264899999999992,-0.16860696281549994,-0.17434703447099995,-0.19374337999999997,0.0013675386930143011,1,0.067203554443307056,0.03750769872874584,0.029390011544544358,0.001959436636957784,0,2.7755575615628914e-17,0,0,0
v3,58ce92bf16755fdc,full_e1_e2,80,coordination_2x2,3,0,2,1,0.56999999999999995,0.1541073799156383,0.24264899999999995,0.036976674487500041,0.052921317975000041,0.15424878299999997,0.00085487842834857568,1,0.12521675995779025,0.16564783218680104,0.14309870111957468,0.00019997415966565879,0,2.7755575615628914e-17,0,0,0
v3,58ce92bf16755fdc,full_e1_e2,80,coordination_2x2,3,1,2,1,0.42999999999999999,-0.1541073799156383,-0.24264899999999992,-0.036976674487500041,-0.052921317975000041,-0.15424878299999997,0.00085487842834857568,1,0.12521675995779025,0.16564783218680104,0.14309870111957468,0.00019997415966565879,0,2.7755575615628914e-17,0,0,0
v3,58ce92bf16755fdc,full_e1_e2,81,coordination_2x2,3,0,5,0.1,0.56999999999999995,0.24173918454899626,0.24264899999999995,0.24170740055549994,0.24173291198507993,0.23926661999999999,0.0077433764528636543,1,0.0012866733500659887,4.4949354668874611e-05,8.8707449613286797e-06,0.0034967343190334477,0,2.7755575615628914e-17,0,0,0
v3,58ce92bf16755fdc,full_e1_e2,81,coordination_2x2,3,1,5,0.1,0.42999999999999999,-0.24173918454899626,-0.24264899999999992,-0.24170740055549994,-0.24173291198507993,-0.23926661999999999,0.0077433764528636543,1,0.0012866733500659887,4.4949354668874611e-05,8.8707449613286797e-06,0.0034967343190334477,0,2.7755575615628914e-17,0,0,0
v3,58ce92bf16755fdc,full_e1_e2,82,coordination_2x2,3,0,5,0.3,0.56999999999999995,0.23487900824549801,0.24264899999999995,0.23417460499949994,0.23440420786571992,0.23770614999999998,0.0025910998540683754,1,0.01098842771874374,0.00099617662387010975,0.00067146913650207858,0.0039981822119679478,0,2.7755575615628914e-17,0,0,0
v3,58ce92bf16755fdc,full_e1_e2,82,coordination_2x2,3,1,5,0.3,0.42999999999999999,-0.23487900824549801,-0.24264899999999992,-0.23417460499949994,-0.23440420786571992,-0.23770614999999998,0.0025910998540683754,1,0.01098842771874374,0.00099617662387010975,0.00067146913650207858,0.0039981822119679478,0,2.7755575615628914e-17,0,0,0
v3,58ce92bf16755fdc,full_e1_e2,83,coordination_2x2,3,0,5,0.6,0.56999999999999995,0.21593596923749622,0.24264899999999995,0.20875141999799995,0.20966983146287996,0.21600662999999998,0.0012996855651437606,1,0.037777930396422452,0.010160486974032929,0.0088616570245606853,9.9929408660434226e-05,0,2.7755575615628914e-17,0,0,0
v3,58ce92bf16755fdc,full_e1_e2,83,coordination_2x2,3,1,5,0.6,0.42999999999999999,-0.21593596923749622,-0.24264899999999992,-0.20875141999799995,-0.20966983146287996,-0.21600662999999998,0.0012996855651437606,1,0.037777930396422452,0.010160486974032929,0.0088616570245606853,9.9929408660434226e-05,0,2.7755575615628914e-17,0,0,0
v3,58ce92bf16755fdc,full_e1_e2,84,coordination_2x2,3,0,5,1,0.56999999999999995,0.18580018947304799,0.24264899999999995,0.14848905554999997,0.15104019850799996,0.18598187999999999,0.00078194059395953494,1,0.08039635885199381,0.052765911621493376,0.049158050650737174,0.00025694920737022453,0,2.7755575615628914e-17,0,0,0
v3,58ce92bf16755fdc,full_e1_e2,84,coordination_2x2,3,1,5,1,0.42999999999999999,-0.18580018947304799,-0.24264899999999992,-0.14848905554999997,-0.15104019850799996,-0.18598187999999999,0.00078194059395953494,1,0.08039635885199381,0.052765911621493376,0.049158050650737174,0.00025694920737022453,0,2.7755575615628914e-17,0,0,0
v3,58ce92bf16755fdc,full_e1_e2,85,coordination_2x2,3,0,10,0.1,0.56999999999999995,0.24208788111030438,0.24264899999999995,0.24207910849237493,0.24208548634976992,0.22617827999999998,0.0077470491959931061,0,0.0007935419439111833,1.2406355253342507e-05,3.3867028264658368e-06,0.022499573662138533,0,2.7755575615628914e-17,0,0,0
v3,58ce92bf16755fdc,full_e1_e2,85,coordination_2x2,3,1,10,0.1,0.42999999999999999,-0.24208788111030438,-0.24264899999999992,-0.24207910849237493,-0.24208548634976992,-0.22617827999999998,0.0077470491959931061,0,0.0007935419439111833,1.2406355253342507e-05,3.3867028264658368e-06,0.022499573662138533,0,2.7755575615628914e-17,0,0,0
v3,58ce92bf16755fdc,full_e1_e2,86,coordination_2x2,3,0,10,0.3,0.56999999999999995,0.23776310460273495,0.24264899999999995,0.23751997643137493,0.23757737714792992,0.23414403,0.002571393823378241,1,0.0069096995351484248,0.00034383515733230822,0.00026265828549030049,0.0051181443864277811,0,2.7755575615628914e-17,0,0,0
v3,58ce92bf16755fdc,full_e1_e2,86,coordination_2x2,3,1,10,0.3,0.42999999999999999,-0.23776310460273495,-0.24264899999999992,-0.23751997643137493,-0.23757737714792992,-0.23414403,0.002571393823378241,1,0.0069096995351484248,0.00034383515733230822,0.00026265828549030049,0.0051181443864277811,0,2.7755575615628914e-17,0,0,0
v3,58ce92bf16755fdc,full_e1_e2,87,coordination_2x2,3,0,10,0.6,0.56999999999999995,0.22497148805278866,0.24264899999999995,0.22213290572549993,0.22236250859171994,0.22480571999999999,0.0012713336394206368,1,0.024999777144758605,0.0040143616251643059,0.0036896541377962355,0.00023443142846192038,0,2.7755575615628914e-17,0,0,0
v3,58ce92bf16755fdc,full_e1_e2,87,coordination_2x2,3,1,10,0.6,0.42999999999999999,-0.22497148805278866,-0.24264899999999992,-0.22213290572549993,-0.22236250859171994,-0.22480571999999999,0.0012713336394206368,1,0.024999777144758605,0.0040143616251643059,0.0036896541377962355,0.00023443142846192038,0,2.7755575615628914e-17,0,0,0
v3,58ce92bf16755fdc,full_e1_e2,88,coordination_2x2,3,0,10,1,0.56999999999999995,0.20209824663871448,0.24264899999999995,0.18565984923749995,0.18629763497699997,0.20161435799999999,0.0007432415202792606,1,0.057347425367976261,0.023247404548476222,0.022345439305787144,0.00068432187554828057,0,2.7755575615628914e-17,0,0,0
v3,58ce92bf16755fdc,full_e1_e2,88,coordination_2x2,3,1,10,1,0.42999999999999999,-0.20209824663871448,-0.24264899999999992,-0.18565984923749995,-0.18629763497699997,-0.20161435799999999,0.0007432415202792606,1,0.057347425367976261,0.023247404548476222,0.022345439305787144,0.00068432187554828057,0,2.7755575615628914e-17,0,0,0
v3,58ce92bf16755fdc,full_e1_e2,89,coordination_2x2,3,0,20,0.1,0.56999999999999995,0.24226761393597993,0.24264899999999995,0.24226496246081242,0.24226655692516119,0.24277155,0.0077274145926133934,1,0.00053936134423719021,3.7497521421864958e-06,1.4948390354280759e-06,0.00071267321630610978,0,2.7755575615628914e-17,0,0,0
v3,58ce92bf16755fdc,full_e1_e2,89,coordination_2x2,3,1,20,0.1,0.42999999999999999,-0.24226761393597993,-0.24264899999999992,-0.24226496246081242,-0.24226655692516119,-0.24277155,0.0077274145926133934,1,0.00053936134423719021,3.7497521421864958e-06,1.4948390354280759e-06,0.00071267321630610978,0,2.7755575615628914e-17,0,0,0
v3,58ce92bf16755fdc,full_e1_e2,90,coordination_2x2,3,0,20,0.3,0.56999999999999995,0.23929025854361799,0.24264899999999995,0.23919266214731244,0.23920701232645117,0.23923393999999995,0.0025687773637367065,1,0.0047499777201201075,0.00013802214729404723,0.00011772792933357471,7.9646448197731644e-05,0,2.7755575615628914e-17,0,0,0
v3,58ce92bf16755fdc,full_e1_e2,90,coordination_2x2,3,1,20,0.3,0.42999999999999999,-0.23929025854361799,-0.24264899999999992,-0.23919266214731244,-0.23920701232645117,-0.23923393999999995,0.0025687773637367065,1,0.0047499777201201075,0.00013802214729404723,0.00011772792933357471,7.9646448197731644e-05,0,2.7755575615628914e-17,0,0,0
v3,58ce92bf16755fdc,full_e1_e2,91,coordination_2x2,3,0,20,0.6,0.56999999999999995,0.23010132313536555,0.24264899999999995,0.22882364858924994,0.22888104930580494,0.22913581999999999,0.0012581197312421934,1,0.017745094798241063,0.0018069046714155751,0.0017257277995735673,0.0013654276285477191,0,2.7755575615628914e-17,0,0,0
v3,58ce92bf16755fdc,full_e1_e2,91,coordination_2x2,3,1,20,0.6,0.42999999999999999,-0.23010132313536555,-0.24264899999999992,-0.22882364858924994,-0.22888104930580494,-0.22913581999999999,0.0012581197312421934,1,0.017745094798241063,0.0018069046714155751,0.0017257277995735673,0.0013654276285477191,0,2.7755575615628914e-17,0,0,0
v3,58ce92bf16755fdc,full_e1_e2,92,coordination_2x2,3,0,20,1,0.56999999999999995,0.2123116856383207,0.24264899999999995,0.20424524608124994,0.20440469251612495,0.21190120500000001,0.00071952233190545961,1,0.042903441416262844,0.011407668221672289,0.011182176911000019,0.0005805072858046888,0,2.7755575615628914e-17,0,0,0
v3,58ce92bf16755fdc,full_e1_e2,92,coordination_2x2,3,1,20,1,0.42999999999999999,-0.2123116856383207,-0.24264899999999992,-0.20424524608124994,-0.20440469251612495,-0.21190120500000001,0.00071952233190545961,1,0.042903441416262844,0.011407668221672289,0.011182176911000019,0.0005805072858046888,0,2.7755575615628914e-17,0,0,0
v3,58ce92bf16755fdc,full_e1_e2,93,coordination_2x2,3,0,inf,0.1,0.56999999999999995,0.24245101047651799,0.24264899999999995,0.24245081642924993,0.24245081642924993,0.25573734000000004,0.0077406661110403048,1,0.00027999946931595704,2.7442427823118393e-07,2.7442427823118393e-07,0.018789707406266374,0,2.7755575615628914e-17,0,0,0
v3,58ce92bf16755fdc,full_e1_e2,93,coordination_2x2,3,1,inf,0.1,0.42999999999999999,-0.24245101047651799,-0.24264899999999992,-0.24245081642924993,-0.24245081642924993,-0.25573734000000004,0.0077406661110403048,1,0.00027999946931595704,2.7442427823118393e-07,2.7442427823118393e-07,0.018789707406266374,0,2.7755575615628914e-17,0,0,0
v3,58ce92bf16755fdc,full_e1_e2,94,coordination_2x2,3,0,inf,0.3,0.56999999999999995,0.24088094208914659,0.24264899999999995,0.24086534786324995,0.24086534786324995,0.24391535,0.0025551978215495219,1,0.002500411476589835,2.2053565757741407e-05,2.2053565757741407e-05,0.0042913008213011014,0,2.7755575615628914e-17,0,0,0
v3,58ce92bf16755fdc,full_e1_e2,94,coordination_2x2,3,1,inf,0.3,0.42999999999999999,-0.24088094208914659,-0.24264899999999992,-0.24086534786324995,-0.24086534786324995,-0.24391535,0.0025551978215495219,1,0.002500411476589835,2.2053565757741407e-05,2.2053565757741407e-05,0.0042913008213011014,0,2.7755575615628914e-17,0,0,0
v3,58ce92bf16755fdc,full_e1_e2,95,coordination_2x2,3,0,inf,0.6,0.56999999999999995,0.23575744846246297,0.24264899999999995,0.23551439145299993,0.23551439145299993,0.23434010999999996,0.001237142562332465,1,0.0097461256501779371,0.00034373451921246621,0.00034373451921246621,0.0020044192760882082,0,2.7755575615628914e-17,0,0,0
v3,58ce92bf16755fdc,full_e1_e2,95,coordination_2x2,3,1,inf,0.6,0.42999999999999999,-0.23575744846246297,-0.24264899999999992,-0.23551439145299993,-0.23551439145299993,-0.23434010999999996,0.001237142562332465,1,0.0097461256501779371,0.00034373451921246621,0.00034373451921246621,0.0020044192760882082,0,2.7755575615628914e-17,0,0,0
v3,58ce92bf16755fdc,full_e1_e2,96,coordination_2x2,3,0,inf,1,0.56999999999999995,0.22459779907126001,0.24264899999999995,0.22283064292499996,0.22283064292499996,0.22522238999999999,0.0006887158851350036,1,0.025528253170545807,0.0024991361888719379,0.0024991361888719379,0.00088330496235928993,0,2.7755575615628914e-17,0,0,0
v3,58ce92bf16755fdc,full_e1_e2,96,coordination_2x2,3,1,inf,1,0.42999999999999999,-0.22459779907126001,-0.24264899999999992,-0.22283064292499996,-0.22283064292499996,-0.22522238999999999,0.0006887158851350036,1,0.025528253170545807,0.0024991361888719379,0.0024991361888719379,0.00088330496235928993,0,2.7755575615628914e-17,0,0,0
v3,58ce92bf16755fdc,full_e1_e2,97,coordination_2x2,4,0,1,0.1,0.80000000000000004,0.41074605949525345,0.4159999999999997,0.40949653333333347,0.41066133333333343,0.40654400000000013,0.005041432431415185,1,0.0074301939177138163,0.0017670968447272332,0.00011982088727510036,0.0059426095280858855,0,4.4408920985006262e-16,0,0,0
v3,58ce92bf16755fdc,full_e1_e2,97,coordination_2x2,4,1,1,0.1,0.20000000000000001,-0.41074605949525345,-0.41600000000000015,-0.40949653333333347,-0.41066133333333343,-0.40654400000000013,0.005041432431415185,1,0.0074301939177138163,0.0017670968447272332,0.00011982088727510036,0.0059426095280858855,0,4.4408920985006262e-16,0,0,0
v3,58ce92bf16755fdc,full_e1_e2,98,coordination_2x2,4,0,1,0.3,0.80000000000000004,0.37403452591837144,0.4159999999999997,0.35746880000000009,0.36795200000000006,0.37417066666666671,0.0016458450023397215,1,0.059348142597655612,0.023427474264316264,0.0086019906472466767,0.00019253209263078686,0,4.4408920985006262e-16,0,0,0
v3,58ce92bf16755fdc,full_e1_e2,98,coordination_2x2,4,1,1,0.3,0.20000000000000001,-0.37403452591837144,-0.41600000000000015,-0.35746880000000009,-0.36795200000000006,-0.37417066666666671,0.0016458450023397215,1,0.059348142597655612,0.023427474264316264,0.0086019906472466767,0.00019253209263078686,0,4.4408920985006262e-16,0,0,0
v3,58ce92bf16755fdc,full_e1_e2,99,coordination_2x2,4,0,1,0.6,0.80000000000000004,0.29413176089177229,0.4159999999999997,0.18187520000000001,0.22380800000000006,0.29323466666666664,0.00078941500174651322,1,0.17234771656938275,0.15875475087850552,0.099452816410226935,0.0012686828198709833,0,4.4408920985006262e-16,0,0,0
v3,58ce92bf16755fdc,full_e1_e2,99,coordination_2x2,4,1,1,0.6,0.20000000000000001,-0.29413176089177229,-0.41600000000000015,-0.18187520000000001,-0.22380800000000006,-0.29323466666666664,0.00078941500174651322,1,0.17234771656938275,0.15875475087850552,0.099452816410226935,0.0012686828198709833,0,4.4408920985006262e-16,0,0,0
v3,58ce92bf16755fdc,full_e1_e2,100,coordination_2x2,4,0,1,1,0.80000000000000004,0.20950734920458558,0.4159999999999997,-0.2343466666666667,-0.11786666666666672,0.20923360000000002,0.00045485085204019141,1,0.29202470728524643,0.62770436895888793,0.46297677321366987,0.00038713983781374676,0,4.4408920985006262e-16,0,0,0
v3,58ce92bf16755fdc,full_e1_e2,100,coordination_2x2,4,1,1,1,0.20000000000000001,-0.20950734920458558,-0.41600000000000015,0.2343466666666667,0.11786666666666672,-0.20923360000000002,0.00045485085204019141,1,0.29202470728524643,0.62770436895888793,0.46297677321366987,0.00038713983781374676,0,4.4408920985006262e-16,0,0,0
v3,58ce92bf16755fdc,full_e1_e2,101,coordination_2x2,4,0,2,0.1,0.80000000000000004,0.41192622441908611,0.4159999999999997,0.41157653333333344,0.41186773333333343,0.41680000000000006,0.0050217442078997277,1,0.0057611886765926565,0.00049453787611239614,8.2718886749362934e-05,0.0068925595264913214,0,4.4408920985006262e-16,0,0,0
v3,58ce92bf16755fdc,full_e1_e2,101,coordination_2x2,4,1,2,0.1,0.20000000000000001,-0.41192622441908611,-0.41600000000000015,-0.41157653333333344,-0.41186773333333343,-0.41680000000000006,0.0050217442078997277,1,0.0057611886765926565,0.00049453787611239614,8.2718886749362934e-05,0.0068925595264913214,0,4.4408920985006262e-16,0,0,0
v3,58ce92bf16755fdc,full_e1_e2,102,coordination_2x2,4,0,2,0.3,0.80000000000000004,0.38303133740160045,0.4159999999999997,0.3761888000000001,0.37880960000000008,0.38072000000000011,0.0016066029318196739,1,0.04662472977995915,0.0096768091943883663,0.0059704382901209895,0.0032687247005633796,0,4.4408920985006262e-16,0,0,0
v3,58ce92bf16755fdc,full_e1_e2,102,coordination_2x2,4,1,2,0.3,0.20000000000000001,-0.38303133740160045,-0.41600000000000015,-0.3761888000000001,-0.37880960000000008,-0.38072000000000011,0.0016066029318196739,1,0.04662472977995915,0.0096768091943883663,0.0059704382901209895,0.0032687247005633796,0,4.4408920985006262e-16,0,0,0
v3,58ce92bf16755fdc,full_e1_e2,103,coordination_2x2,4,0,2,0.6,0.80000000000000004,0.31677836204009735,0.4159999999999997,0.25675520000000002,0.2672384000000001,0.31609600000000004,0.00072074257397211974,1,0.14032058608376732,0.084885569813623579,0.070060086196553836,0.0009650056515541842,0,4.4408920985006262e-16,0,0,0
v3,58ce92bf16755fdc,full_e1_e2,103,coordination_2x2,4,1,2,0.6,0.20000000000000001,-0.31677836204009735,-0.41600000000000015,-0.25675520000000002,-0.2672384000000001,-0.31609600000000004,0.00072074257397211974,1,0.14032058608376732,0.084885569813623579,0.070060086196553836,0.0009650056515541842,0,4.4408920985006262e-16,0,0,0
v3,58ce92bf16755fdc,full_e1_e2,104,coordination_2x2,4,0,2,1,0.80000000000000004,0.23871529479960732,0.4159999999999997,-0.026346666666666685,0.0027733333333333837,0.23895520000000006,0.00037589664597631402,1,0.25071843449571118,0.37485422077481945,0.33367232183851481,0.00033927718807925185,0,4.4408920985006262e-16,0,0,0
v3,58ce92bf16755fdc,full_e1_e2,104,coordination_2x2,4,1,2,1,0.20000000000000001,-0.23871529479960732,-0.41600000000000015,0.026346666666666685,-0.0027733333333333837,-0.23895520000000006,0.00037589664597631402,1,0.25071843449571118,0.37485422077481945,0.33367232183851481,0.00033927718807925185,0,4.4408920985006262e-16,0,0,0
v3,58ce92bf16755fdc,full_e1_e2,105,coordination_2x2,4,0,5,0.1,0.80000000000000004,0.41290514804017953,0.4159999999999997,0.41282453333333347,0.41287112533333342,0.41699200000000003,0.0050168701602304831,1,0.0043767816151149613,0.00011400641174843001,4.8115373450404352e-05,0.005779681468989219,0,4.4408920985006262e-16,0,0,0
v3,58ce92bf16755fdc,full_e1_e2,105,coordination_2x2,4,1,5,0.1,0.20000000000000001,-0.41290514804017953,-0.41600000000000015,-0.41282453333333347,-0.41287112533333342,-0.41699200000000003,0.0050168701602304831,1,0.0043767816151149613,0.00011400641174843001,4.8115373450404352e-05,0.005779681468989219,0,4.4408920985006262e-16,0,0,0
v3,58ce92bf16755fdc,full_e1_e2,106,coordination_2x2,4,0,5,0.3,0.80000000000000004,0.39034961802547841,0.4159999999999997,0.38742080000000007,0.38784012800000006,0.3904800000000001,0.001583714989050622,1,0.036275118068418703,0.0041419741733542594,0.0035489548286714791,0.00018438795665756908,0,4.4408920985006262e-16,0,0,0
v3,58ce92bf16755fdc,full_e1_e2,106,coordination_2x2,4,1,5,0.3,0.20000000000000001,-0.39034961802547841,-0.41600000000000015,-0.38742080000000007,-0.38784012800000006,-0.3904800000000001,0.001583714989050622,1,0.036275118068418703,0.0041419741733542594,0.0035489548286714791,0.00018438795665756908,0,4.4408920985006262e-16,0,0,0
v3,58ce92bf16755fdc,full_e1_e2,107,coordination_2x2,4,0,5,0.6,0.80000000000000004,0.33437834623772461,0.4159999999999997,0.3016832000000001,0.30336051200000008,0.33374666666666669,0.00067474808466436002,1,0.11543044973393071,0.04623791923316168,0.043865841854430564,0.00089332981646412862,0,4.4408920985006262e-16,0,0,0
v3,58ce92bf16755fdc,full_e1_e2,107,coordination_2x2,4,1,5,0.6,0.20000000000000001,-0.33437834623772461,-0.41600000000000015,-0.3016832000000001,-0.30336051200000008,-0.33374666666666669,0.00067474808466436002,1,0.11543044973393071,0.04623791923316168,0.043865841854430564,0.00089332981646412862,0,4.4408920985006262e-16,0,0,0
v3,58ce92bf16755fdc,full_e1_e2,108,coordination_2x2,4,0,5,1,0.80000000000000004,0.26042452648855374,0.4159999999999997,0.098453333333333351,0.10311253333333335,0.26011520000000005,0.0003071162731716219,1,0.2200169446125034,0.22906185807386492,0.22247275424405616,0.00043745371531388308,0,4.4408920985006262e-16,0,0,0
v3,58ce92bf16755fdc,full_e1_e2,108,coordination_2x2,4,1,5,1,0.20000000000000001,-0.26042452648855374,-0.41600000000000015,-0.098453333333333351,-0.10311253333333335,-0.26011520000000005,0.0003071162731716219,1,0.2200169446125034,0.22906185807386492,0.22247275424405616,0.00043745371531388308,0,4.4408920985006262e-16,0,0,0
v3,58ce92bf16755fdc,full_e1_e2,109,coordination_2x2,4,0,10,0.1,0.80000000000000004,0.4132771430574424,0.4159999999999997,0.41324053333333338,0.41325218133333347,0.40350400000000008,0.0050263307620892466,1,0.0038507012165665952,5.1773968349707346e-05,3.5301208775063555e-05,0.013821311458847374,0,4.4408920985006262e-16,0,0,0
v3,58ce92bf16755fdc,full_e1_e2,109,coordination_2x2,4,1,10,0.1,0.20000000000000001,-0.4132771430574424,-0.41600000000000015,-0.41324053333333338,-0.41325218133333347,-0.40350400000000008,0.0050263307620892466,1,0.0038507012165665952,5.1773968349707346e-05,3.5301208775063555e-05,0.013821311458847374,0,4.4408920985006262e-16,0,0,0
v3,58ce92bf16755fdc,full_e1_e2,110,coordination_2x2,4,0,10,0.3,0.80000000000000004,0.39314000715223008,0.4159999999999997,0.39116480000000009,0.39126963200000009,0.39151466666666673,0.0015755196554406465,1,0.032328911921068071,0.0027933647431799837,0.0026451099070092885,0.0022985785581577504,0,4.4408920985006262e-16,0,0,0
v3,58ce92bf16755fdc,full_e1_e2,110,coordination_2x2,4,1,10,0.3,0.20000000000000001,-0.39314000715223008,-0.41600000000000015,-0.39116480000000009,-0.39126963200000009,-0.39151466666666673,0.0015755196554406465,1,0.032328911921068071,0.0027933647431799837,0.0026451099070092885,0.0022985785581577504,0,4.4408920985006262e-16,0,0,0
v3,58ce92bf16755fdc,full_e1_e2,111,coordination_2x2,4,0,10,0.6,0.80000000000000004,0.3410632705674928,0.4159999999999997,0.31665920000000009,0.31707852800000008,0.34070933333333336,0.00065523830086256852,1,0.10597653908333465,0.034512567573658275,0.033919548228975499,0.00050054283677710256,0,4.4408920985006262e-16,0,0,0
v3,58ce92bf16755fdc,full_e1_e2,111,coordination_2x2,4,1,10,0.6,0.20000000000000001,-0.3410632705674928,-0.41600000000000015,-0.31665920000000009,-0.31707852800000008,-0.34070933333333336,0.00065523830086256852,1,0.10597653908333465,0.034512567573658275,0.033919548228975499,0.00050054283677710256,0,4.4408920985006262e-16,0,0,0
v3,58ce92bf16755fdc,full_e1_e2,112,coordination_2x2,4,0,10,1,0.80000000000000004,0.26825038325376555,0.4159999999999997,0.14005333333333336,0.14121813333333338,0.26845600000000008,0.00028012395946645362,1,0.20894951183795163,0.18129800665369589,0.17965073069624368,0.00029078599117591093,0,4.4408920985006262e-16,0,0,0
v3,58ce92bf16755fdc,full_e1_e2,112,coordination_2x2,4,1,10,1,0.20000000000000001,-0.26825038325376555,-0.41600000000000015,-0.14005333333333336,-0.14121813333333338,-0.26845600000000008,0.00028012395946645362,1,0.20894951183795163,0.18129800665369589,0.17965073069624368,0.00029078599117591093,0,4.4408920985006262e-16,0,0,0
v3,58ce92bf16755fdc,full_e1_e2,113,coordination_2x2,4,0,20,0.1,0.80000000000000004,0.41347180122510474,0.4159999999999997,0.41344853333333342,0.41345144533333339,0.40803200000000006,0.0050221839419258372,1,0.0035754129958318142,3.2905768110825755e-05,2.8787578217243309e-05,0.007693040669156815,0,4.4408920985006262e-16,0,0,0
v3,58ce92bf16755fdc,full_e1_e2,113,coordination_2x2,4,1,20,0.1,0.20000000000000001,-0.41347180122510474,-0.41600000000000015,-0.41344853333333342,-0.41345144533333339,-0.40803200000000006,0.0050221839419258372,1,0.0035754129958318142,3.2905768110825755e-05,2.8787578217243309e-05,0.007693040669156815,0,4.4408920985006262e-16,0,0,0
v3,58ce92bf16755fdc,full_e1_e2,114,coordination_2x2,4,0,20,0.3,0.80000000000000004,0.39460496468001571,0.4159999999999997,0.39303680000000007,0.3930630080000001,0.3954186666666667,0.0015724652542154563,1,0.030257149116973064,0.0022177197585125799,0.002180656049469867,0.0011507483852517516,0,4.4408920985006262e-16,0,0,0
v3,58ce92bf16755fdc,full_e1_e2,114,coordination_2x2,4,1,20,0.3,0.20000000000000001,-0.39460496468001571,-0.41600000000000015,-0.39303680000000007,-0.3930630080000001,-0.3954186666666667,0.0015724652542154563,1,0.030257149116973064,0.0022177197585125799,0.002180656049469867,0.0011507483852517516,0,4.4408920985006262e-16,0,0,0
v3,58ce92bf16755fdc,full_e1_e2,115,coordination_2x2,4,0,20,0.6,0.80000000000000004,0.34454729013584595,0.4159999999999997,0.32414720000000008,0.32425203200000002,0.34508000000000011,0.00064566946067261255,1,0.10104939135819638,0.028850084143746825,0.028701829307576209,0.00075336551469673823,0,4.4408920985006262e-16,0,0,0
v3,58ce92bf16755fdc,full_e1_e2,115,coordination_2x2,4,1,20,0.6,0.20000000000000001,-0.34454729013584595,-0.41600000000000015,-0.32414720000000008,-0.32425203200000002,-0.34508000000000011,0.00064566946067261255,1,0.10104939135819638,0.028850084143746825,0.028701829307576209,0.00075336551469673823,0,4.4408920985006262e-16,0,0,0
v3,58ce92bf16755fdc,full_e1_e2,116,coordination_2x2,4,0,20,1,0.80000000000000004,0.2720851332912721,0.4159999999999997,0.1608533333333334,0.1611445333333334,0.27257280000000006,0.00026708451877917007,1,0.20352635632659913,0.15730552006768797,0.15689370107832493,0.0006896648734009349,0,4.4408920985006262e-16,0,0,0
v3,58ce92bf16755fdc,full_e1_e2,116,coordination_2x2,4,1,20,1,0.20000000000000001,-0.2720851332912721,-0.41600000000000015,-0.1608533333333334,-0.1611445333333334,-0.27257280000000006,0.00026708451877917007,1,0.20352635632659913,0.15730552006768797,0.15689370107832493,0.0006896648734009349,0,4.4408920985006262e-16,0,0,0
v3,58ce92bf16755fdc,full_e1_e2,117,coordination_2x2,4,0,inf,0.1,0.80000000000000004,0.41367226753938674,0.4159999999999997,0.41365653333333341,0.41365653333333341,0.41102400000000011,0.0050163985266713906,1,0.0032919108153752633,2.2251527593792891e-05,2.2251527593792891e-05,0.0037452158709929948,0,4.4408920985006262e-16,0,0,0
v3,58ce92bf16755fdc,full_e1_e2,117,coordination_2x2,4,1,inf,0.1,0.20000000000000001,-0.41367226753938674,-0.41600000000000015,-0.41365653333333341,-0.41365653333333341,-0.41102400000000011,0.0050163985266713906,1,0.0032919108153752633,2.2251527593792891e-05,2.2251527593792891e-05,0.0037452158709929948,0,4.4408920985006262e-16,0,0,0
v3,58ce92bf16755fdc,full_e1_e2,118,coordination_2x2,4,0,inf,0.3,0.80000000000000004,0.39611757640160833,0.4159999999999997,0.39490880000000012,0.39490880000000012,0.39655466666666672,0.0015666556128674379,1,0.028117993105692272,0.0017094679810308829,0.0017094679810308829,0.0006181389808268303,0,4.4408920985006262e-16,0,0,0
v3,58ce92bf16755fdc,full_e1_e2,118,coordination_2x2,4,1,inf,0.3,0.20000000000000001,-0.39611757640160833,-0.41600000000000015,-0.39490880000000012,-0.39490880000000012,-0.39655466666666672,0.0015666556128674379,1,0.028117993105692272,0.0017094679810308829,0.0017094679810308829,0.0006181389808268303,0,4.4408920985006262e-16,0,0,0
v3,58ce92bf16755fdc,full_e1_e2,119,coordination_2x2,4,0,inf,0.6,0.80000000000000004,0.34811024317972811,0.4159999999999997,0.33163520000000013,0.33163520000000013,0.34746933333333335,0.00063899662509375775,1,0.096010614841439745,0.023299229505453666,0.023299229505453666,0.00090638339702991955,0,4.4408920985006262e-16,0,0,0
v3,58ce92bf16755fdc,full_e1_e2,119,coordination_2x2,4,1,inf,0.6,0.20000000000000001,-0.34811024317972811,-0.41600000000000015,-0.33163520000000013,-0.33163520000000013,-0.34746933333333335,0.00063899662509375775,1,0.096010614841439745,0.023299229505453666,0.023299229505453666,0.00090638339702991955,0,4.4408920985006262e-16,0,0,0
v3,58ce92bf16755fdc,full_e1_e2,120,coordination_2x2,4,0,inf,1,0.80000000000000004,0.27575141098025807,0.4159999999999997,0.18165333333333339,0.18165333333333339,0.27574080000000006,0.0002567299468860775,1,0.19834145669540929,0.13307477760151745,0.13307477760151745,1.5006192190947915e-05,0,4.4408920985006262e-16,0,0,0
v3,58ce92bf16755fdc,full_e1_e2,120,coordination_2x2,4,1,inf,1,0.20000000000000001,-0.27575141098025807,-0.41600000000000015,-0.18165333333333339,-0.18165333333333339,-0.27574080000000006,0.0002567299468860775,1,0.19834145669540929,0.13307477760151745,0.13307477760151745,1.5006192190947915e-05,0,4.4408920985006262e-16,0,0,0
v3,58ce92bf16755fdc,full_e1_e2,121,asymmetric_rps_3x3,0,0,1,0.1,0.10000000000000001,0.10679522979415462,0.10730000000000001,0.10664210793333333,0.10679182583333333,0.107249,0.0023020412199315399,1,0.00062243242899922115,0.00019083167636897632,4.2748473747957657e-06,0.001204522965325795,0,1.3877787807814457e-17,6.9388939039072284e-18,6.9388939039072284e-18,0
v3,58ce92bf16755fdc,full_e1_e2,121,asymmetric_rps_3x3,0,1,1,0.1,0.20000000000000001,-0.081198765105317802,-0.0814,-0.081097231466666669,-0.081197731666666675,-0.080669999999999992,0.0044726669967582334,1,0.00062243242899922115,0.00019083167636897632,4.2748473747957657e-06,0.001204522965325795,0,1.3877787807814457e-17,6.9388939039072284e-18,6.9388939039072284e-18,0
v3,58ce92bf16755fdc,full_e1_e2,121,asymmetric_rps_3x3,0,2,1,0.1,0.69999999999999996,-0.02559646468883682,-0.025899999999999992,-0.025544876466666651,-0.025594094166666657,-0.026579000000000005,0.0049503193277709101,1,0.00062243242899922115,0.00019083167636897632,4.2748473747957657e-06,0.001204522965325795,0,1.3877787807814457e-17,6.9388939039072284e-18,6.9388939039072284e-18,0
v3,58ce92bf16755fdc,full_e1_e2,122,asymmetric_rps_3x3,0,0,1,0.3,0.10000000000000001,0.10298573075926076,0.10730000000000001,0.10137897139999999,0.10272643249999999,0.10249066666666667,0.00077381471860408287,1,0.0053166377905402703,0.0019844650232603124,0.00032525315698095928,0.0023206907883769096,1.3877787807814457e-17,1.3877787807814457e-17,6.9388939039072284e-18,0,6.9388939039072284e-18
v3,58ce92bf16755fdc,full_e1_e2,122,asymmetric_rps_3x3,0,1,1,0.3,0.20000000000000001,-0.079659553976437258,-0.0814,-0.078675083200000009,-0.079579585000000008,-0.080995999999999999,0.0015012434312903864,1,0.0053166377905402703,0.0019844650232603124,0.00032525315698095928,0.0023206907883769096,1.3877787807814457e-17,1.3877787807814457e-17,6.9388939039072284e-18,0,6.9388939039072284e-18
v3,58ce92bf16755fdc,full_e1_e2,122,asymmetric_rps_3x3,0,2,1,0.3,0.69999999999999996,-0.023326176782823491,-0.025899999999999992,-0.022703888199999973,-0.023146847499999984,-0.021494666666666669,0.0016624588512075332,1,0.0053166377905402703,0.0019844650232603124,0.00032525315698095928,0.0023206907883769096,1.3877787807814457e-17,1.3877787807814457e-17,6.9388939039072284e-18,0,6.9388939039072284e-18
v3,58ce92bf16755fdc,full_e1_e2,123,asymmetric_rps_3x3,0,0,1,0.6,0.10000000000000001,0.09247655897521824,0.10730000000000001,0.083615885599999995,0.089005730000000005,0.092392833333333327,0.00039233193366350837,1,0.01823990827065303,0.010860416604993437,0.0043409278620520735,0.0012915825559692484,0,1.3877787807814457e-17,0,1.3877787807814457e-17,0
v3,58ce92bf16755fdc,full_e1_e2,123,asymmetric_rps_3x3,0,1,1,0.6,0.20000000000000001,-0.075231792253740284,-0.0814,-0.07050033280000001,-0.074118340000000005,-0.076100333333333325,0.00076348323846365065,1,0.01823990827065303,0.010860416604993437,0.0043409278620520735,0.0012915825559692484,0,1.3877787807814457e-17,0,1.3877787807814457e-17,0
v3,58ce92bf16755fdc,full_e1_e2,123,asymmetric_rps_3x3,0,2,1,0.6,0.69999999999999996,-0.017244766721477955,-0.025899999999999992,-0.013115552799999985,-0.014887389999999986,-0.016292500000000001,0.00084550067642994635,1,0.01823990827065303,0.010860416604993437,0.0043409278620520735,0.0012915825559692484,0,1.3877787807814457e-17,0,1.3877787807814457e-17,0
v3,58ce92bf16755fdc,full_e1_e2,124,asymmetric_rps_3x3,0,0,1,1,0.10000000000000001,0.076030223646438341,0.10730000000000001,0.04151079333333333,0.05648258333333335,0.076325400000000002,0.00024090134570460957,1,0.03840288706851968,0.042286219589149548,0.024357379793472262,0.00040811203295322416,6.9388939039072284e-18,1.3877787807814457e-17,0,6.9388939039072284e-18,6.9388939039072284e-18
v3,58ce92bf16755fdc,full_e1_e2,124,asymmetric_rps_3x3,0,1,1,1,0.20000000000000001,-0.067775505490493132,-0.0814,-0.051123146666666675,-0.061173166666666667,-0.068057000000000006,0.00047025650990424958,1,0.03840288706851968,0.042286219589149548,0.024357379793472262,0.00040811203295322416,6.9388939039072284e-18,1.3877787807814457e-17,0,6.9388939039072284e-18,6.9388939039072284e-18
v3,58ce92bf16755fdc,full_e1_e2,124,asymmetric_rps_3x3,0,2,1,1,0.69999999999999996,-0.0082547181559452162,-0.025899999999999992,0.0096123533333333441,0.0046905833333333244,-0.0082684000000000021,0.0005208459740313285,1,0.03840288706851968,0.042286219589149548,0.024357379793472262,0.00040811203295322416,6.9388939039072284e-18,1.3877787807814457e-17,0,6.9388939039072284e-18,6.9388939039072284e-18
v3,58ce92bf16755fdc,full_e1_e2,125,asymmetric_rps_3x3,0,0,2,0.1,0.10000000000000001,0.10694343192518449,0.10730000000000001,0.10690414979583332,0.10694157927083331,0.10741399999999998,0.0023015119617430949,1,0.0004378906037864898,4.8902893522400655e-05,2.2885547146280193e-06,0.0010537223477314096,6.9388939039072284e-18,1.3877787807814457e-17,0,0,6.9388939039072284e-18
v3,58ce92bf16755fdc,full_e1_e2,125,asymmetric_rps_3x3,0,1,2,0.1,0.20000000000000001,-0.081244486479912226,-0.0814,-0.081218646041666676,-0.081243771091666667,-0.080855999999999997,0.0044748384511505909,1,0.0004378906037864898,4.8902893522400655e-05,2.2885547146280193e-06,0.0010537223477314096,6.9388939039072284e-18,1.3877787807814457e-17,0,0,6.9388939039072284e-18
v3,58ce92bf16755fdc,full_e1_e2,125,asymmetric_rps_3x3,0,2,2,0.1,0.69999999999999996,-0.025698945445272271,-0.025899999999999992,-0.025685503754166644,-0.025697808179166642,-0.026557999999999991,0.0049521203920120799,1,0.0004378906037864898,4.8902893522400655e-05,2.2885547146280193e-06,0.0010537223477314096,6.9388939039072284e-18,1.3877787807814457e-17,0,0,6.9388939039072284e-18
v3,58ce92bf16755fdc,full_e1_e2,126,asymmetric_rps_3x3,0,0,2,0.3,0.10000000000000001,0.10421742667345649,0.10730000000000001,0.10373734816249999,0.10407421343749999,0.103883,0.00076542188626599025,1,0.003784975181180207,0.00059088860385784299,0.00017689736028169006,0.00062458386979741102,6.9388939039072284e-18,1.3877787807814457e-17,0,6.9388939039072284e-18,6.9388939039072284e-18
v3,58ce92bf16755fdc,full_e1_e2,126,asymmetric_rps_3x3,0,1,2,0.3,0.20000000000000001,-0.080049304065613253,-0.0814,-0.07976781437500001,-0.079993939825000013,-0.07954866666666667,0.0014909046767976515,1,0.003784975181180207,0.00059088860385784299,0.00017689736028169006,0.00062458386979741102,6.9388939039072284e-18,1.3877787807814457e-17,0,6.9388939039072284e-18,6.9388939039072284e-18
v3,58ce92bf16755fdc,full_e1_e2,126,asymmetric_rps_3x3,0,2,2,0.3,0.69999999999999996,-0.024168122607843241,-0.025899999999999992,-0.023969533787499983,-0.024080273612499987,-0.024334333333333326,0.0016498867629527343,1,0.003784975181180207,0.00059088860385784299,0.00017689736028169006,0.00062458386979741102,6.9388939039072284e-18,1.3877787807814457e-17,0,6.9388939039072284e-18,6.9388939039072284e-18
v3,58ce92bf16755fdc,full_e1_e2,127,asymmetric_rps_3x3,0,0,2,0.6,0.10000000000000001,0.096386917229365598,0.10730000000000001,0.093049392649999993,0.094396853749999995,0.096327166666666658,0.00037866493383548574,1,0.013392986628186112,0.0040876287536406935,0.0024577443757466612,0.0011948967784834058,0,1.3877787807814457e-17,0,6.9388939039072284e-18,6.9388939039072284e-18
v3,58ce92bf16755fdc,full_e1_e2,127,asymmetric_rps_3x3,0,1,2,0.6,0.20000000000000001,-0.076547208349546425,-0.0814,-0.07487125750000001,-0.075775759299999995,-0.077360666666666675,0.00075187206596469443,1,0.013392986628186112,0.0040876287536406935,0.0024577443757466612,0.0011948967784834058,0,1.3877787807814457e-17,0,6.9388939039072284e-18,6.9388939039072284e-18
v3,58ce92bf16755fdc,full_e1_e2,127,asymmetric_rps_3x3,0,2,2,0.6,0.69999999999999996,-0.019839708879819173,-0.025899999999999992,-0.018178135149999983,-0.018621094449999993,-0.01896649999999999,0.00082974159857479904,1,0.013392986628186112,0.0040876287536406935,0.0024577443757466612,0.0011948967784834058,0,1.3877787807814457e-17,0,6.9388939039072284e-18,6.9388939039072284e-18
v3,58ce92bf16755fdc,full_e1_e2,128,asymmetric_rps_3x3,0,0,2,1,0.10000000000000001,0.083246496688522881,0.10730000000000001,0.067714979583333335,0.071457927083333331,0.083059800000000003,0.00022326609056490411,1,0.029492866136832756,0.019045308653649742,0.014555469190993899,0.00032889823344577274,1.3877787807814457e-17,1.3877787807814457e-17,6.9388939039072284e-18,0,6.9388939039072284e-18
v3,58ce92bf16755fdc,full_e1_e2,128,asymmetric_rps_3x3,0,1,2,1,0.20000000000000001,-0.070366379914667765,-0.0814,-0.063264604166666669,-0.065777109166666667,-0.070440199999999994,0.00045694453738561223,1,0.029492866136832756,0.019045308653649742,0.014555469190993899,0.00032889823344577274,1.3877787807814457e-17,1.3877787807814457e-17,6.9388939039072284e-18,0,6.9388939039072284e-18
v3,58ce92bf16755fdc,full_e1_e2,128,asymmetric_rps_3x3,0,2,2,1,0.69999999999999996,-0.01288011677385513,-0.025899999999999992,-0.004450375416666659,-0.0056808179166666639,-0.012619600000000002,0.00050217161370157907,1,0.029492866136832756,0.019045308653649742,0.014555469190993899,0.00032889823344577274,1.3877787807814457e-17,1.3877787807814457e-17,6.9388939039072284e-18,0,6.9388939039072284e-18
v3,58ce92bf16755fdc,full_e1_e2,129,asymmetric_rps_3x3,0,0,5,0.1,0.10000000000000001,0.10706818616506263,0.10730000000000001,0.10706137491333331,0.10706736362933331,0.10892299999999999,0.0022945027388018282,1,0.00028440106341487382,8.4544380422012385e-06,1.0102981487503335e-06,0.0047966834053828639,6.9388939039072284e-18,1.3877787807814457e-17,0,6.9388939039072284e-18,6.9388939039072284e-18
v3,58ce92bf16755fdc,full_e1_e2,129,asymmetric_rps_3x3,0,1,5,0.1,0.20000000000000001,-0.081295871957030891,-0.0814,-0.081291494786666668,-0.081295514794666679,-0.079236000000000001,0.0044663609193636945,1,0.00028440106341487382,8.4544380422012385e-06,1.0102981487503335e-06,0.0047966834053828639,6.9388939039072284e-18,1.3877787807814457e-17,0,6.9388939039072284e-18,6.9388939039072284e-18
v3,58ce92bf16755fdc,full_e1_e2,129,asymmetric_rps_3x3,0,2,5,0.1,0.69999999999999996,-0.025772314208031742,-0.025899999999999992,-0.025769880126666644,-0.025771848834666634,-0.029686999999999984,0.0049412533648558309,1,0.00028440106341487382,8.4544380422012385e-06,1.0102981487503335e-06,0.0047966834053828639,6.9388939039072284e-18,1.3877787807814457e-17,0,6.9388939039072284e-18,6.9388939039072284e-18
v3,58ce92bf16755fdc,full_e1_e2,130,asymmetric_rps_3x3,0,0,5,0.3,0.10000000000000001,0.10527069642041628,0.10730000000000001,0.10515237422,0.10520627266399998,0.10612366666666667,0.00075949855855380157,1,0.0024895766319626895,0.00014508117486497846,7.9138282425331128e-05,0.0013328928082530841,6.9388939039072284e-18,1.3877787807814457e-17,6.9388939039072284e-18,6.9388939039072284e-18,1.3877787807814457e-17
v3,58ce92bf16755fdc,full_e1_e2,130,asymmetric_rps_3x3,0,1,5,0.3,0.20000000000000001,-0.08048753010500298,-0.0814,-0.080423453080000012,-0.080459633152000012,-0.080328666666666659,0.0014911856351007306,1,0.0024895766319626895,0.00014508117486497846,7.9138282425331128e-05,0.0013328928082530841,6.9388939039072284e-18,1.3877787807814457e-17,6.9388939039072284e-18,6.9388939039072284e-18,1.3877787807814457e-17
v3,58ce92bf16755fdc,full_e1_e2,130,asymmetric_rps_3x3,0,2,5,0.3,0.69999999999999996,-0.024783166315413295,-0.025899999999999992,-0.024728921139999992,-0.024746639511999978,-0.025794999999999998,0.0016478129989919159,1,0.0024895766319626895,0.00014508117486497846,7.9138282425331128e-05,0.0013328928082530841,6.9388939039072284e-18,1.3877787807814457e-17,6.9388939039072284e-18,6.9388939039072284e-18,1.3877787807814457e-17
v3,58ce92bf16755fdc,full_e1_e2,131,asymmetric_rps_3x3,0,0,5,0.6,0.10000000000000001,0.099853987669577371,0.10730000000000001,0.098709496879999983,0.098925090655999984,0.099631999999999998,0.00036960753684563971,1,0.0091337190910383559,0.0014022840097524206,0.0011414050564699893,0.0017950887873148746,6.9388939039072284e-18,1.3877787807814457e-17,6.9388939039072284e-18,6.9388939039072284e-18,0
v3,58ce92bf16755fdc,full_e1_e2,131,asymmetric_rps_3x3,0,1,5,0.6,0.20000000000000001,-0.078037670280366775,-0.0814,-0.077493812320000008,-0.077638532608000008,-0.07667199999999999,0.00074428691165401978,1,0.0091337190910383559,0.0014022840097524206,0.0011414050564699893,0.0017950887873148746,6.9388939039072284e-18,1.3877787807814457e-17,6.9388939039072284e-18,6.9388939039072284e-18,0
v3,58ce92bf16755fdc,full_e1_e2,131,asymmetric_rps_3x3,0,2,5,0.6,0.69999999999999996,-0.021816317389210589,-0.025899999999999992,-0.021215684559999969,-0.021286558047999969,-0.022960000000000008,0.00081940889662625381,1,0.0091337190910383559,0.0014022840097524206,0.0011414050564699893,0.0017950887873148746,6.9388939039072284e-18,1.3877787807814457e-17,6.9388939039072284e-18,6.9388939039072284e-18,0
v3,58ce92bf16755fdc,full_e1_e2,132,asymmetric_rps_3x3,0,0,5,1,0.10000000000000001,0.089878014391007302,0.10730000000000001,0.083437491333333322,0.084036362933333317,0.08985159999999999,0.00020913983060274222,1,0.021363358541943593,0.0079024270324810006,0.0071815525603525871,0.00071263937980460665,6.9388939039072284e-18,1.3877787807814457e-17,0,6.9388939039072284e-18,0
v3,58ce92bf16755fdc,full_e1_e2,132,asymmetric_rps_3x3,0,1,5,1,0.20000000000000001,-0.073432214552743624,-0.0814,-0.070549478666666665,-0.070951479466666675,-0.073922399999999999,0.00044649879586609582,1,0.021363358541943593,0.0079024270324810006,0.0071815525603525871,0.00071263937980460665,6.9388939039072284e-18,1.3877787807814457e-17,0,6.9388939039072284e-18,0
v3,58ce92bf16755fdc,full_e1_e2,132,asymmetric_rps_3x3,0,2,5,1,0.69999999999999996,-0.016445799838263685,-0.025899999999999992,-0.012888012666666657,-0.013084883466666648,-0.015929199999999991,0.0004874530078981711,1,0.021363358541943593,0.0079024270324810006,0.0071815525603525871,0.00071263937980460665,6.9388939039072284e-18,1.3877787807814457e-17,0,6.9388939039072284e-18,0
v3,58ce92bf16755fdc,full_e1_e2,133,asymmetric_rps_3x3,0,0,10,0.1,0.10000000000000001,0.10711578158051305,0.10730000000000001,0.10711378328583332,0.10711528046483332,0.105604,0.0022943284446903106,1,0.00022598937597100434,2.4707659393694871e-06,6.1419379879251381e-07,0.0024917665278312261,0,1.3877787807814457e-17,0,0,6.9388939039072284e-18
v3,58ce92bf16755fdc,full_e1_e2,133,asymmetric_rps_3x3,0,1,10,0.1,0.20000000000000001,-0.081317016548700535,-0.0814,-0.081315777701666675,-0.081316782703666671,-0.079382000000000008,0.0044649134193396412,1,0.00022598937597100434,2.4707659393694871e-06,6.1419379879251381e-07,0.0024917665278312261,0,1.3877787807814457e-17,0,0,6.9388939039072284e-18
v3,58ce92bf16755fdc,full_e1_e2,133,asymmetric_rps_3x3,0,2,10,0.1,0.69999999999999996,-0.025798765031812512,-0.025899999999999992,-0.025798005584166644,-0.025798497761166647,-0.026222000000000002,0.0049401465512208982,1,0.00022598937597100434,2.4707659393694871e-06,6.1419379879251381e-07,0.0024917665278312261,0,1.3877787807814457e-17,0,0,6.9388939039072284e-18
v3,58ce92bf16755fdc,full_e1_e2,134,asymmetric_rps_3x3,0,0,10,0.3,0.10000000000000001,0.10567707729103412,0.10730000000000001,0.10562404957249999,0.10563752418349999,0.105795,0.00075922103101218363,1,0.0019909563211520423,6.495863704928039e-05,4.8481841736744995e-05,0.0003486690801483726,6.9388939039072284e-18,1.3877787807814457e-17,6.9388939039072284e-18,0,6.9388939039072284e-18
v3,58ce92bf16755fdc,full_e1_e2,134,asymmetric_rps_3x3,0,1,10,0.3,0.20000000000000001,-0.080669439491679387,-0.0814,-0.080641999315000004,-0.080651044333000008,-0.080503999999999992,0.0014870518561362735,1,0.0019909563211520423,6.495863704928039e-05,4.8481841736744995e-05,0.0003486690801483726,6.9388939039072284e-18,1.3877787807814457e-17,6.9388939039072284e-18,0,6.9388939039072284e-18
v3,58ce92bf16755fdc,full_e1_e2,134,asymmetric_rps_3x3,0,2,10,0.3,0.69999999999999996,-0.025007637799354741,-0.025899999999999992,-0.024982050257499978,-0.024986479850499982,-0.025291000000000001,0.0016441639191411301,1,0.0019909563211520423,6.495863704928039e-05,4.8481841736744995e-05,0.0003486690801483726,6.9388939039072284e-18,1.3877787807814457e-17,6.9388939039072284e-18,0,6.9388939039072284e-18
v3,58ce92bf16755fdc,full_e1_e2,135,asymmetric_rps_3x3,0,0,10,0.6,0.10000000000000001,0.10123335909020552,0.10730000000000001,0.10059619828999999,0.10065009673399999,0.10127616666666665,0.00036505558233032115,1,0.0074426841956373672,0.00078060463906465336,0.00071509192737864019,0.00016217797480202827,0,1.3877787807814457e-17,6.9388939039072284e-18,0,0
v3,58ce92bf16755fdc,full_e1_e2,135,asymmetric_rps_3x3,0,1,10,0.6,0.20000000000000001,-0.078672743381093063,-0.0814,-0.078367997260000002,-0.078404177332000002,-0.078802666666666674,0.00074223614556901329,1,0.0074426841956373672,0.00078060463906465336,0.00071509192737864019,0.00016217797480202827,0,1.3877787807814457e-17,6.9388939039072284e-18,0,0
v3,58ce92bf16755fdc,full_e1_e2,135,asymmetric_rps_3x3,0,2,10,0.6,0.69999999999999996,-0.022560615709112455,-0.025899999999999992,-0.022228201029999985,-0.022245919401999992,-0.02247349999999998,0.00081574590821912143,1,0.0074426841956373672,0.00078060463906465336,0.00071509192737864019,0.00016217797480202827,0,1.3877787807814457e-17,6.9388939039072284e-18,0,0
v3,58ce92bf16755fdc,full_e1_e2,136,asymmetric_rps_3x3,0,0,10,1,0.10000000000000001,0.092640352955329325,0.10730000000000001,0.088678328583333327,0.088828046483333326,0.09231410000000001,0.00020354162405246157,1,0.017984239049050523,0.0048574476233749567,0.0046761226877739389,0.0013027544176414238,6.9388939039072284e-18,1.3877787807814457e-17,6.9388939039072284e-18,6.9388939039072284e-18,0
v3,58ce92bf16755fdc,full_e1_e2,136,asymmetric_rps_3x3,0,1,10,1,0.20000000000000001,-0.074803312536630182,-0.0814,-0.072977770166666664,-0.07307827036666667,-0.073763400000000007,0.00044319663160641385,0,0.017984239049050523,0.0048574476233749567,0.0046761226877739389,0.0013027544176414238,6.9388939039072284e-18,1.3877787807814457e-17,6.9388939039072284e-18,6.9388939039072284e-18,0
v3,58ce92bf16755fdc,full_e1_e2,136,asymmetric_rps_3x3,0,2,10,1,0.69999999999999996,-0.017837040418699136,-0.025899999999999992,-0.015700558416666656,-0.015749776116666649,-0.018550700000000003,0.00048233997529938241,1,0.017984239049050523,0.0048574476233749567,0.0046761226877739389,0.0013027544176414238,6.9388939039072284e-18,1.3877787807814457e-17,6.9388939039072284e-18,6.9388939039072284e-18,0
v3,58ce92bf16755fdc,full_e1_e2,137,asymmetric_rps_3x3,0,0,20,0.1,0.10000000000000001,0.10714071467126038,0.10730000000000001,0.10713998747208334,0.10714036176683332,0.108288,0.0022949015265725636,1,0.00019541069209019519,8.9501224162472327e-07,4.3222364343933653e-07,0.005292437752105114,0,1.3877787807814457e-17,0,6.9388939039072284e-18,6.9388939039072284e-18
v3,58ce92bf16755fdc,full_e1_e2,137,asymmetric_rps_3x3,0,1,20,0.1,0.20000000000000001,-0.08132834528454197,-0.0814,-0.081327919159166678,-0.081328170409666667,-0.085510000000000003,0.0044776825028962223,1,0.00019541069209019519,8.9501224162472327e-07,4.3222364343933653e-07,0.005292437752105114,0,1.3877787807814457e-17,0,6.9388939039072284e-18,6.9388939039072284e-18
v3,58ce92bf16755fdc,full_e1_e2,137,asymmetric_rps_3x3,0,2,20,0.1,0.69999999999999996,-0.025812369386718409,-0.025899999999999992,-0.025812068312916658,-0.025812191357166649,-0.022778,0.0049516770831133233,1,0.00019541069209019519,8.9501224162472327e-07,4.3222364343933653e-07,0.005292437752105114,0,1.3877787807814457e-17,0,6.9388939039072284e-18,6.9388939039072284e-18
v3,58ce92bf16755fdc,full_e1_e2,138,asymmetric_rps_3x3,0,0,20,0.3,0.10000000000000001,0.10589125481744546,0.10730000000000001,0.10585988724874999,0.10586325590149999,0.10570766666666666,0.00075860594776129249,1,0.0017283331720192024,3.8421508216344459e-05,3.4292405049987078e-05,0.00028904609368203961,0,1.3877787807814457e-17,0,0,0
v3,58ce92bf16755fdc,full_e1_e2,138,asymmetric_rps_3x3,0,1,20,0.3,0.20000000000000001,-0.080767359791389229,-0.0814,-0.080751272432500007,-0.080753533687000015,-0.080804000000000001,0.0014878695860433666,1,0.0017283331720192024,3.8421508216344459e-05,3.4292405049987078e-05,0.00028904609368203961,0,1.3877787807814457e-17,0,0,0
v3,58ce92bf16755fdc,full_e1_e2,138,asymmetric_rps_3x3,0,2,20,0.3,0.69999999999999996,-0.025123895026056234,-0.025899999999999992,-0.025108614816249986,-0.025109722214499974,-0.024903666666666657,0.0016445587357261787,1,0.0017283331720192024,3.8421508216344459e-05,3.4292405049987078e-05,0.00028904609368203961,0,1.3877787807814457e-17,0,0,0
v3,58ce92bf16755fdc,full_e1_e2,139,asymmetric_rps_3x3,0,0,20,0.6,0.10000000000000001,0.10197229958718008,0.10730000000000001,0.10153954899499999,0.10155302360599999,0.10231516666666667,0.00036427511055592423,1,0.006537321662468819,0.00053002071025097335,0.00051355081935650006,0.00047751074363201263,0,1.3877787807814457e-17,6.9388939039072284e-18,0,0
v3,58ce92bf16755fdc,full_e1_e2,139,asymmetric_rps_3x3,0,1,20,0.6,0.20000000000000001,-0.079018981002477798,-0.0814,-0.07880508973,-0.078814134748000003,-0.079029666666666679,0.00074016361781201613,1,0.006537321662468819,0.00053002071025097335,0.00051355081935650006,0.00047751074363201263,0,1.3877787807814457e-17,6.9388939039072284e-18,0,0
v3,58ce92bf16755fdc,full_e1_e2,139,asymmetric_rps_3x3,0,2,20,0.6,0.69999999999999996,-0.022953318584702287,-0.025899999999999992,-0.022734459264999986,-0.022738888857999989,-0.023285499999999987,0.00081363783390041018,1,0.006537321662468819,0.00053002071025097335,0.00051355081935650006,0.00047751074363201263,0,1.3877787807814457e-17,6.9388939039072284e-18,0,0
v3,58ce92bf16755fdc,full_e1_e2,140,asymmetric_rps_3x3,0,0,20,1,0.10000000000000001,0.094153114615522671,0.10730000000000001,0.091298747208333322,0.091336176683333326,0.093781599999999993,0.00020055649622523048,1,0.016135489870769903,0.003496682514620519,0.0034510614194124458,0.00078336661271618375,6.9388939039072284e-18,1.3877787807814457e-17,6.9388939039072284e-18,6.9388939039072284e-18,0
v3,58ce92bf16755fdc,full_e1_e2,140,asymmetric_rps_3x3,0,1,20,1,0.20000000000000001,-0.075565861169797355,-0.0814,-0.07419191591666667,-0.074217040966666675,-0.074929200000000001,0.00044049455422656643,1,0.016135489870769903,0.003496682514620519,0.0034510614194124458,0.00078336661271618375,6.9388939039072284e-18,1.3877787807814457e-17,6.9388939039072284e-18,6.9388939039072284e-18,0
v3,58ce92bf16755fdc,full_e1_e2,140,asymmetric_rps_3x3,0,2,20,1,0.69999999999999996,-0.018587253445725323,-0.025899999999999992,-0.017106831291666659,-0.017119135716666657,-0.018852399999999991,0.0004788365325871917,1,0.016135489870769903,0.003496682514620519,0.0034510614194124458,0.00078336661271618375,6.9388939039072284e-18,1.3877787807814457e-17,6.9388939039072284e-18,6.9388939039072284e-18,0
v3,58ce92bf16755fdc,full_e1_e2,141,asymmetric_rps_3x3,0,0,inf,0.1,0.10000000000000001,0.10716640791628142,0.10730000000000001,0.10716619165833331,0.10716619165833331,0.10636499999999999,0.002298522585498211,1,0.00016391334271420767,2.6529800196735941e-07,2.6529800196735941e-07,0.001011716119866019,0,1.3877787807814457e-17,0,0,6.9388939039072284e-18
v3,58ce92bf16755fdc,full_e1_e2,141,asymmetric_rps_3x3,0,1,inf,0.1,0.20000000000000001,-0.081340179510854843,-0.0814,-0.081340060616666668,-0.081340060616666668,-0.080766000000000004,0.0044722743224994673,1,0.00016391334271420767,2.6529800196735941e-07,2.6529800196735941e-07,0.001011716119866019,0,1.3877787807814457e-17,0,0,6.9388939039072284e-18
v3,58ce92bf16755fdc,full_e1_e2,141,asymmetric_rps_3x3,0,2,inf,0.1,0.69999999999999996,-0.025826228405426574,-0.025899999999999992,-0.025826131041666645,-0.025826131041666645,-0.02559899999999999,0.0049483633891394992,1,0.00016391334271420767,2.6529800196735941e-07,2.6529800196735941e-07,0.001011716119866019,0,1.3877787807814457e-17,0,0,6.9388939039072284e-18
v3,58ce92bf16755fdc,full_e1_e2,142,asymmetric_rps_3x3,0,0,inf,0.3,0.10000000000000001,0.10611299710393006,0.10730000000000001,0.10609572492499998,0.10609572492499998,0.104865,0.00075797354200453208,1,0.0014565476736729387,2.1186395804096285e-05,2.1186395804096285e-05,0.0016236632113727657,0,1.3877787807814457e-17,0,0,0
v3,58ce92bf16755fdc,full_e1_e2,142,asymmetric_rps_3x3,0,1,inf,0.3,0.20000000000000001,-0.080870009624875214,-0.0814,-0.08086054555000001,-0.08086054555000001,-0.080633333333333335,0.0014874841333968767,1,0.0014565476736729387,2.1186395804096285e-05,2.1186395804096285e-05,0.0016236632113727657,0,1.3877787807814457e-17,0,0,0
v3,58ce92bf16755fdc,full_e1_e2,142,asymmetric_rps_3x3,0,2,inf,0.3,0.69999999999999996,-0.025242987479054846,-0.025899999999999992,-0.025235179374999972,-0.025235179374999972,-0.024231666666666665,0.001643929362854734,1,0.0014565476736729387,2.1186395804096285e-05,2.1186395804096285e-05,0.0016236632113727657,0,1.3877787807814457e-17,0,0,0
v3,58ce92bf16755fdc,full_e1_e2,143,asymmetric_rps_3x3,0,0,inf,0.6,0.10000000000000001,0.10274686281862333,0.10730000000000001,0.10248289969999999,0.10248289969999999,0.10266149999999997,0.00036287529890912252,1,0.0055887123966648885,0.00032366879997042101,0.00032366879997042101,0.00024253256745370168,0,1.3877787807814457e-17,0,0,0
v3,58ce92bf16755fdc,full_e1_e2,143,asymmetric_rps_3x3,0,1,inf,0.6,0.20000000000000001,-0.079385270065724114,-0.0814,-0.079242182200000011,-0.079242182200000011,-0.079497333333333323,0.00074068776457923105,1,0.0055887123966648885,0.00032366879997042101,0.00032366879997042101,0.00024253256745370168,0,1.3877787807814457e-17,0,0,0
v3,58ce92bf16755fdc,full_e1_e2,143,asymmetric_rps_3x3,0,2,inf,0.6,0.69999999999999996,-0.023361592752899216,-0.025899999999999992,-0.02324071749999998,-0.02324071749999998,-0.023164166666666652,0.00081361749758977341,1,0.0055887123966648885,0.00032366879997042101,0.00032366879997042101,0.00024253256745370168,0,1.3877787807814457e-17,0,0,0
v3,58ce92bf16755fdc,full_e1_e2,144,asymmetric_rps_3x3,0,0,inf,1,0.10000000000000001,0.095761957659641059,0.10730000000000001,0.093919165833333318,0.093919165833333318,0.095589499999999994,0.00019756728890005601,1,0.014171104583104721,0.0022583081615263553,0.0022583081615263553,0.0012394521190502335,0,1.3877787807814457e-17,0,0,0
v3,58ce92bf16755fdc,full_e1_e2,144,asymmetric_rps_3x3,0,1,inf,1,0.20000000000000001,-0.076382834378918268,-0.0814,-0.075406061666666677,-0.075406061666666677,-0.075433,0.0004379784411212205,0,0.014171104583104721,0.0022583081615263553,0.0022583081615263553,0.0012394521190502335,0,1.3877787807814457e-17,0,0,0
v3,58ce92bf16755fdc,full_e1_e2,144,asymmetric_rps_3x3,0,2,inf,1,0.69999999999999996,-0.01937912328072279,-0.025899999999999992,-0.018513104166666641,-0.018513104166666641,-0.020156499999999994,0.0004754259693700079,1,0.014171104583104721,0.0022583081615263553,0.0022583081615263553,0.0012394521190502335,0,1.3877787807814457e-17,0,0,0
v3,58ce92bf16755fdc,full_e1_e2,145,asymmetric_rps_3x3,1,0,1,0.1,0.20000000000000001,-0.011510511569833536,-0.0114,-0.011327013400000002,-0.011511890000000002,-0.0085539999999999991,0.0036996544410302585,1,0.00013810594553290403,0.00027662045715039256,1.881302047511861e-06,0.0051821902140286452,0,2.0816681711721685e-17,0,0,6.9388939039072284e-18
v3,58ce92bf16755fdc,full_e1_e2,145,asymmetric_rps_3x3,1,1,1,0.1,0.5,-0.028425327191741189,-0.028499999999999998,-0.028403033500000008,-0.028425225000000005,-0.032524999999999998,0.0057135734943628211,1,0.00013810594553290403,0.00027662045715039256,1.881302047511861e-06,0.0051821902140286452,0,2.0816681711721685e-17,0,0,6.9388939039072284e-18
v3,58ce92bf16755fdc,full_e1_e2,145,asymmetric_rps_3x3,1,2,1,0.1,0.29999999999999999,0.039935838761574721,0.039900000000000019,0.03973004690000001,0.039937115000000009,0.041079000000000004,0.0051204348298713098,1,0.00013810594553290403,0.00027662045715039256,1.881302047511861e-06,0.0051821902140286452,0,2.0816681711721685e-17,0,0,6.9388939039072284e-18
v3,58ce92bf16755fdc,full_e1_e2,146,asymmetric_rps_3x3,1,0,1,0.3,0.20000000000000001,-0.012304149853340269,-0.0114,-0.010743120600000003,-0.012407010000000001,-0.015068000000000002,0.0012566452412495744,0,0.0011472806544545887,0.002368835190806798,0.00013969585501230088,0.003535313371411461,0,2.0816681711721685e-17,0,0,0
v3,58ce92bf16755fdc,full_e1_e2,146,asymmetric_rps_3x3,1,1,1,0.3,0.5,-0.027835766566379379,-0.028499999999999998,-0.02762730150000001,-0.027827025000000005,-0.027174999999999998,0.0019286300520922302,1,0.0011472806544545887,0.002368835190806798,0.00013969585501230088,0.003535313371411461,0,2.0816681711721685e-17,0,0,0
v3,58ce92bf16755fdc,full_e1_e2,146,asymmetric_rps_3x3,1,2,1,0.3,0.29999999999999999,0.040139916419719646,0.039900000000000019,0.03837042210000001,0.040234035000000008,0.042243000000000003,0.001725994768197372,1,0.0011472806544545887,0.002368835190806798,0.00013969585501230088,0.003535313371411461,0,2.0816681711721685e-17,0,0,0
v3,58ce92bf16755fdc,full_e1_e2,147,asymmetric_rps_3x3,1,0,1,0.6,0.20000000000000001,-0.014128932911100452,-0.0114,-0.0087724824000000017,-0.015428040000000001,-0.013910666666666663,0.00066213662758872363,1,0.0037306994476813964,0.0083322970942497302,0.0017378062463392575,0.001897339397781684,6.9388939039072284e-18,2.0816681711721685e-17,0,0,0
v3,58ce92bf16755fdc,full_e1_e2,147,asymmetric_rps_3x3,1,1,1,0.6,0.5,-0.025963461422308924,-0.028499999999999998,-0.025009206000000006,-0.025808100000000007,-0.027400833333333336,0.0010042140968556017,1,0.0037306994476813964,0.0083322970942497302,0.0017378062463392575,0.001897339397781684,6.9388939039072284e-18,2.0816681711721685e-17,0,0,0
v3,58ce92bf16755fdc,full_e1_e2,147,asymmetric_rps_3x3,1,2,1,0.6,0.29999999999999999,0.04009239433340938,0.039900000000000019,0.033781688400000009,0.041236140000000004,0.041311500000000001,0.00089667228903302228,1,0.0037306994476813964,0.0083322970942497302,0.0017378062463392575,0.001897339397781684,6.9388939039072284e-18,2.0816681711721685e-17,0,0,0
v3,58ce92bf16755fdc,full_e1_e2,148,asymmetric_rps_3x3,1,0,1,1,0.20000000000000001,-0.015925539581018784,-0.0114,-0.0041013400000000011,-0.022588999999999995,-0.015447799999999999,0.00042306916552898785,1,0.0078774527576577127,0.019646404382828483,0.0086726489931622207,0.00061567839023028768,0,2.0816681711721685e-17,0,0,0
v3,58ce92bf16755fdc,full_e1_e2,148,asymmetric_rps_3x3,1,1,1,1,0.5,-0.022279105704117036,-0.028499999999999998,-0.018803350000000003,-0.021022500000000006,-0.0223825,0.00063617397286070158,1,0.0078774527576577127,0.019646404382828483,0.0086726489931622207,0.00061567839023028768,0,2.0816681711721685e-17,0,0,0
v3,58ce92bf16755fdc,full_e1_e2,148,asymmetric_rps_3x3,1,2,1,1,0.29999999999999999,0.03820464528513582,0.039900000000000019,0.022904690000000005,0.043611499999999997,0.037830299999999997,0.00056791384648838695,1,0.0078774527576577127,0.019646404382828483,0.0086726489931622207,0.00061567839023028768,0,2.0816681711721685e-17,0,0,0
v3,58ce92bf16755fdc,full_e1_e2,149,asymmetric_rps_3x3,1,0,2,0.1,0.20000000000000001,-0.011409352050856504,-0.0114,-0.011363335225000003,-0.011409554375000004,-0.0075659999999999989,0.003690776823080446,1,5.5697248281819778e-05,6.9454689774386253e-05,2.5574617584301255e-07,0.0086700789659967092,0,2.0816681711721685e-17,0,0,0
v3,58ce92bf16755fdc,full_e1_e2,149,asymmetric_rps_3x3,1,1,2,0.1,0.5,-0.02845678184059261,-0.028499999999999998,-0.028451088062500008,-0.028456635937500006,-0.025229999999999999,0.0057011299136146207,1,5.5697248281819778e-05,6.9454689774386253e-05,2.5574617584301255e-07,0.0086700789659967092,0,2.0816681711721685e-17,0,0,0
v3,58ce92bf16755fdc,full_e1_e2,149,asymmetric_rps_3x3,1,2,2,0.1,0.29999999999999999,0.039866133891449114,0.039900000000000019,0.039814423287500011,0.039866190312500008,0.032795999999999999,0.0051071730030615185,1,5.5697248281819778e-05,6.9454689774386253e-05,2.5574617584301255e-07,0.0086700789659967092,0,2.0816681711721685e-17,0,0,0
v3,58ce92bf16755fdc,full_e1_e2,150,asymmetric_rps_3x3,1,0,2,0.3,0.20000000000000001,-0.011470747082809502,-0.0114,-0.011070017025000002,-0.011485989375000002,-0.011121333333333334,0.0012442705857443851,1,0.000493479375445979,0.00061467627353896327,1.9410580921149789e-05,0.00061351163204344272,6.9388939039072284e-18,2.0816681711721685e-17,0,0,0
v3,58ce92bf16755fdc,full_e1_e2,150,asymmetric_rps_3x3,1,1,2,0.3,0.5,-0.028121104865823074,-0.028499999999999998,-0.028059792562500008,-0.028109723437500005,-0.028606666666666662,0.0019167814728023368,1,0.000493479375445979,0.00061467627353896327,1.9410580921149789e-05,0.00061351163204344272,6.9388939039072284e-18,2.0816681711721685e-17,0,0,0
v3,58ce92bf16755fdc,full_e1_e2,150,asymmetric_rps_3x3,1,2,2,0.3,0.29999999999999999,0.03959185194863258,0.039900000000000019,0.039129809587500008,0.039595712812500003,0.039727999999999999,0.001716051506640715,1,0.000493479375445979,0.00061467627353896327,1.9410580921149789e-05,0.00061351163204344272,6.9388939039072284e-18,2.0816681711721685e-17,0,0,0
v3,58ce92bf16755fdc,full_e1_e2,151,asymmetric_rps_3x3,1,0,2,0.6,0.20000000000000001,-0.011547611516468511,-0.0114,-0.010080068100000002,-0.011743957500000003,-0.010995333333333334,0.00064018404666788453,1,0.0018825520039071118,0.0023731846662574684,0.0002569999703682429,0.00088344640972218399,0,2.0816681711721685e-17,0,0,0
v3,58ce92bf16755fdc,full_e1_e2,151,asymmetric_rps_3x3,1,1,2,0.6,0.5,-0.02710118135357872,-0.028499999999999998,-0.026739170250000006,-0.026938893750000008,-0.027779166666666667,0.00097874115986558994,1,0.0018825520039071118,0.0023731846662574684,0.0002569999703682429,0.00088344640972218399,0,2.0816681711721685e-17,0,0,0
v3,58ce92bf16755fdc,full_e1_e2,151,asymmetric_rps_3x3,1,2,2,0.6,0.29999999999999999,0.03864879287004723,0.039900000000000019,0.036819238350000005,0.038682851250000011,0.038774500000000003,0.00087571296518307697,1,0.0018825520039071118,0.0023731846662574684,0.0002569999703682429,0.00088344640972218399,0,2.0816681711721685e-17,0,0,0
v3,58ce92bf16755fdc,full_e1_e2,152,asymmetric_rps_3x3,1,0,2,1,0.20000000000000001,-0.011341111356610874,-0.0114,-0.007733522500000002,-0.0123554375,-0.0115906,0.00040267553052565099,1,0.0047538515305410641,0.0064920059271794074,0.0014277553509462503,0.00042847298141639948,0,2.0816681711721685e-17,0,6.9388939039072284e-18,0
v3,58ce92bf16755fdc,full_e1_e2,152,asymmetric_rps_3x3,1,1,2,1,0.5,-0.025168350558799277,-0.028499999999999998,-0.023608806250000006,-0.024163593750000004,-0.025256000000000001,0.00060884744298226646,1,0.0047538515305410641,0.0064920059271794074,0.0014277553509462503,0.00042847298141639948,0,2.0816681711721685e-17,0,6.9388939039072284e-18,0
v3,58ce92bf16755fdc,full_e1_e2,152,asymmetric_rps_3x3,1,2,2,1,0.29999999999999999,0.03650946191541015,0.039900000000000019,0.031342328750000009,0.036519031250000007,0.0368466,0.00054330670996878506,1,0.0047538515305410641,0.0064920059271794074,0.0014277553509462503,0.00042847298141639948,0,2.0816681711721685e-17,0,6.9388939039072284e-18,0
v3,58ce92bf16755fdc,full_e1_e2,153,asymmetric_rps_3x3,1,0,5,0.1,0.20000000000000001,-0.011392527637777584,-0.0114,-0.011385128320000003,-0.011392523384000004,-0.016361999999999998,0.0036891410020202082,1,3.365343375964555e-05,1.1168089090780235e-05,4.2848808162490592e-08,0.009293427045262953,0,2.0816681711721685e-17,0,0,0
v3,58ce92bf16755fdc,full_e1_e2,153,asymmetric_rps_3x3,1,1,5,0.1,0.5,-0.02848083640700709,-0.028499999999999998,-0.028479920800000006,-0.02848080846000001,-0.02103,0.0056985340183199566,1,3.365343375964555e-05,1.1168089090780235e-05,4.2848808162490592e-08,0.009293427045262953,0,2.0816681711721685e-17,0,0,0
v3,58ce92bf16755fdc,full_e1_e2,153,asymmetric_rps_3x3,1,2,5,0.1,0.29999999999999999,0.03987336404478467,0.039900000000000019,0.03986504912000001,0.039873331844000014,0.037391999999999995,0.0051069130102521301,1,3.365343375964555e-05,1.1168089090780235e-05,4.2848808162490592e-08,0.009293427045262953,0,2.0816681711721685e-17,0,0,0
v3,58ce92bf16755fdc,full_e1_e2,154,asymmetric_rps_3x3,1,0,5,0.3,0.20000000000000001,-0.011333067803114863,-0.0114,-0.011266154880000002,-0.011332710456000001,-0.012378666666666666,0.0012353913509559342,1,0.00029987550482593459,0.00010261472577406901,3.4238738072670245e-06,0.003473821383597653,0,2.0816681711721685e-17,0,0,0
v3,58ce92bf16755fdc,full_e1_e2,154,asymmetric_rps_3x3,1,1,5,0.3,0.5,-0.028329498650151431,-0.028499999999999998,-0.028319287200000008,-0.02832727614000001,-0.025523333333333332,0.0019066344441324603,1,0.00029987550482593459,0.00010261472577406901,3.4238738072670245e-06,0.003473821383597653,0,2.0816681711721685e-17,0,0,0
v3,58ce92bf16755fdc,full_e1_e2,154,asymmetric_rps_3x3,1,2,5,0.3,0.29999999999999999,0.039662566453266296,0.039900000000000019,0.039585442080000012,0.039659986596000008,0.037901999999999998,0.0017085212395531201,1,0.00029987550482593459,0.00010261472577406901,3.4238738072670245e-06,0.003473821383597653,0,2.0816681711721685e-17,0,0,0
v3,58ce92bf16755fdc,full_e1_e2,155,asymmetric_rps_3x3,1,0,5,0.6,0.20000000000000001,-0.011137071490834967,-0.0114,-0.010864619520000002,-0.011130841824000003,-0.010742666666666668,0.00062633689488394561,1,0.0011610838869513145,0.00043902429785007646,5.2420339300921943e-05,0.0010584717969746237,0,2.0816681711721685e-17,0,0,6.9388939039072284e-18
v3,58ce92bf16755fdc,full_e1_e2,155,asymmetric_rps_3x3,1,1,5,0.6,0.5,-0.027842661778946086,-0.028499999999999998,-0.027777148800000005,-0.027809104560000006,-0.028705833333333333,0.0009623993559015326,1,0.0011610838869513145,0.00043902429785007646,5.2420339300921943e-05,0.0010584717969746237,0,2.0816681711721685e-17,0,0,6.9388939039072284e-18
v3,58ce92bf16755fdc,full_e1_e2,155,asymmetric_rps_3x3,1,2,5,0.6,0.29999999999999999,0.038979733269781054,0.039900000000000019,0.038641768320000006,0.038939946384000008,0.039448500000000004,0.00086118916934531701,1,0.0011610838869513145,0.00043902429785007646,5.2420339300921943e-05,0.0010584717969746237,0,2.0816681711721685e-17,0,0,6.9388939039072284e-18
v3,58ce92bf16755fdc,full_e1_e2,156,asymmetric_rps_3x3,1,0,5,1,0.20000000000000001,-0.010704688984104874,-0.0114,-0.0099128320000000016,-0.010652338400000003,-0.010626199999999999,0.00038537252019273067,1,0.0030037611792566505,0.0014007352593323793,0.00036788059225176619,0.00063863097523660453,0,2.0816681711721685e-17,0,0,0
v3,58ce92bf16755fdc,full_e1_e2,156,asymmetric_rps_3x3,1,1,5,1,0.5,-0.02681082032699016,-0.028499999999999998,-0.026492080000000008,-0.026580846000000005,-0.027296499999999998,0.0005872161490905872,1,0.0030037611792566505,0.0014007352593323793,0.00036788059225176619,0.00063863097523660453,0,2.0816681711721685e-17,0,0,0
v3,58ce92bf16755fdc,full_e1_e2,156,asymmetric_rps_3x3,1,2,5,1,0.29999999999999999,0.037515509311095034,0.039900000000000019,0.036404912000000011,0.037233184400000008,0.037922699999999997,0.00052456703138054918,1,0.0030037611792566505,0.0014007352593323793,0.00036788059225176619,0.00063863097523660453,0,2.0816681711721685e-17,0,0,0
v3,58ce92bf16755fdc,full_e1_e2,157,asymmetric_rps_3x3,1,0,10,0.1,0.20000000000000001,-0.011394246862584272,-0.0114,-0.011392392685000002,-0.011394241451000002,-0.0063919999999999984,0.0036874020983276527,1,1.9841287060141237e-05,2.7985773462171292e-06,1.5902023772541528e-08,0.0079170894486970764,0,2.0816681711721685e-17,0,0,0
v3,58ce92bf16755fdc,full_e1_e2,157,asymmetric_rps_3x3,1,1,10,0.1,0.5,-0.028489761142923394,-0.028499999999999998,-0.028489531712500005,-0.028489753627500003,-0.027445000000000001,0.0056998840462123175,1,1.9841287060141237e-05,2.7985773462171292e-06,1.5902023772541528e-08,0.0079170894486970764,0,2.0816681711721685e-17,0,0,0
v3,58ce92bf16755fdc,full_e1_e2,157,asymmetric_rps_3x3,1,2,10,0.1,0.29999999999999999,0.039884008005507662,0.039900000000000019,0.039881924397500004,0.039883995078500004,0.033836999999999999,0.0051083406412136935,1,1.9841287060141237e-05,2.7985773462171292e-06,1.5902023772541528e-08,0.0079170894486970764,0,2.0816681711721685e-17,0,0,0
v3,58ce92bf16755fdc,full_e1_e2,158,asymmetric_rps_3x3,1,0,10,0.3,0.20000000000000001,-0.011348607207850797,-0.0114,-0.011331534165000002,-0.011348173059000002,-0.012603333333333333,0.0012319038255623599,1,0.00017744087909451174,2.6178341861809442e-05,1.2763526713735046e-06,0.0015493052766752953,0,2.0816681711721685e-17,0,6.9388939039072284e-18,0
v3,58ce92bf16755fdc,full_e1_e2,158,asymmetric_rps_3x3,1,1,10,0.3,0.5,-0.028408386044982952,-0.028499999999999998,-0.028405785412500009,-0.028407782647500008,-0.027641666666666662,0.0019035204931458815,1,0.00017744087909451174,2.6178341861809442e-05,1.2763526713735046e-06,0.0015493052766752953,0,2.0816681711721685e-17,0,6.9388939039072284e-18,0
v3,58ce92bf16755fdc,full_e1_e2,158,asymmetric_rps_3x3,1,2,10,0.3,0.29999999999999999,0.039756993252833751,0.039900000000000019,0.039737319577500013,0.039755955706500014,0.040244999999999996,0.0017054819839913257,1,0.00017744087909451174,2.6178341861809442e-05,1.2763526713735046e-06,0.0015493052766752953,0,2.0816681711721685e-17,0,6.9388939039072284e-18,0
v3,58ce92bf16755fdc,full_e1_e2,159,asymmetric_rps_3x3,1,0,10,0.6,0.20000000000000001,-0.011199422523802509,-0.0114,-0.011126136660000003,-0.011192692236000001,-0.011849333333333335,0.00062014895396568775,1,0.00069508171732289689,0.00011785934252957053,1.9819949423003528e-05,0.00081657863694853882,6.9388939039072284e-18,2.0816681711721685e-17,0,0,0
v3,58ce92bf16755fdc,full_e1_e2,159,asymmetric_rps_3x3,1,1,10,0.6,0.5,-0.028140510743942925,-0.028499999999999998,-0.028123141650000006,-0.028131130590000004,-0.027686666666666668,0.00095604440271653229,1,0.00069508171732289689,0.00011785934252957053,1.9819949423003528e-05,0.00081657863694853882,6.9388939039072284e-18,2.0816681711721685e-17,0,0,0
v3,58ce92bf16755fdc,full_e1_e2,159,asymmetric_rps_3x3,1,2,10,0.6,0.29999999999999999,0.039339933267745437,0.039900000000000019,0.03924927831000001,0.039323822826000006,0.039536000000000002,0.00085622395882580763,1,0.00069508171732289689,0.00011785934252957053,1.9819949423003528e-05,0.00081657863694853882,6.9388939039072284e-18,2.0816681711721685e-17,0,0,0
v3,58ce92bf16755fdc,full_e1_e2,160,asymmetric_rps_3x3,1,0,10,1,0.20000000000000001,-0.010872551105676476,-0.0114,-0.010639268500000002,-0.010824145100000003,-0.010769599999999999,0.00037770506196868636,1,0.0018428526347737516,0.00040884057759593283,0.00014317681184308919,0.00075129437335441423,0,2.0816681711721685e-17,0,0,0
v3,58ce92bf16755fdc,full_e1_e2,160,asymmetric_rps_3x3,1,1,10,1,0.5,-0.027543314202754611,-0.028499999999999998,-0.027453171250000009,-0.027475362750000006,-0.028118499999999998,0.00057934926802113225,1,0.0018428526347737516,0.00040884057759593283,0.00014317681184308919,0.00075129437335441423,0,2.0816681711721685e-17,0,0,0
v3,58ce92bf16755fdc,full_e1_e2,160,asymmetric_rps_3x3,1,2,10,1,0.29999999999999999,0.038415865308431087,0.039900000000000019,0.038092439750000012,0.038299507850000011,0.038888099999999995,0.00051815621016180113,1,0.0018428526347737516,0.00040884057759593283,0.00014317681184308919,0.00075129437335441423,0,2.0816681711721685e-17,0,0,0
v3,58ce92bf16755fdc,full_e1_e2,161,asymmetric_rps_3x3,1,0,20,0.1,0.20000000000000001,-0.011396489172222307,-0.0114,-0.011396024867500004,-0.011396487059000003,-0.0078359999999999992,0.0036836413301497267,1,1.1262581648845099e-05,7.0095147978073007e-07,5.2410173812921178e-09,0.0045467722137753413,0,2.0816681711721685e-17,0,6.9388939039072284e-18,0
v3,58ce92bf16755fdc,full_e1_e2,161,asymmetric_rps_3x3,1,1,20,0.1,0.5,-0.028494394813442223,-0.028499999999999998,-0.028494337168750009,-0.028494392647500009,-0.031185000000000001,0.0057041212672831699,1,1.1262581648845099e-05,7.0095147978073007e-07,5.2410173812921178e-09,0.0045467722137753413,0,2.0816681711721685e-17,0,6.9388939039072284e-18,0
v3,58ce92bf16755fdc,full_e1_e2,161,asymmetric_rps_3x3,1,2,20,0.1,0.29999999999999999,0.039890883985664531,0.039900000000000019,0.039890362036250016,0.039890879706500008,0.039021,0.0051129359116424663,1,1.1262581648845099e-05,7.0095147978073007e-07,5.2410173812921178e-09,0.0045467722137753413,0,2.0816681711721685e-17,0,6.9388939039072284e-18,0
v3,58ce92bf16755fdc,full_e1_e2,162,asymmetric_rps_3x3,1,0,20,0.3,0.20000000000000001,-0.011368553576539356,-0.0114,-0.011364223807500002,-0.011368383531000004,-0.013575333333333335,0.0012303330026906623,1,0.00010099109292888781,6.6512148572544952e-06,4.2220340252516711e-07,0.0027146574354378491,0,2.0816681711721685e-17,0,0,0
v3,58ce92bf16755fdc,full_e1_e2,162,asymmetric_rps_3x3,1,1,20,0.3,0.5,-0.028449708499247918,-0.028499999999999998,-0.028449034518750006,-0.028449533827500012,-0.027166666666666662,0.0018998932528711174,1,0.00010099109292888781,6.6512148572544952e-06,4.2220340252516711e-07,0.0027146574354378491,0,2.0816681711721685e-17,0,0,0
v3,58ce92bf16755fdc,full_e1_e2,162,asymmetric_rps_3x3,1,2,20,0.3,0.29999999999999999,0.039818262075787272,0.039900000000000019,0.03981325832625001,0.039817917358500016,0.040742,0.0017021625311251602,1,0.00010099109292888781,6.6512148572544952e-06,4.2220340252516711e-07,0.0027146574354378491,0,2.0816681711721685e-17,0,0,0
v3,58ce92bf16755fdc,full_e1_e2,163,asymmetric_rps_3x3,1,0,20,0.6,0.20000000000000001,-0.011276196184357327,-0.0114,-0.011256895230000003,-0.011273534124000003,-0.010969000000000001,0.00061747174321006746,1,0.00039905637894825131,3.1202915065117528e-05,6.6338891343016436e-06,0.00051436807504118677,0,2.0816681711721685e-17,0,6.9388939039072284e-18,0
v3,58ce92bf16755fdc,full_e1_e2,163,asymmetric_rps_3x3,1,1,20,0.6,0.5,-0.028300889536057323,-0.028499999999999998,-0.028296138075000008,-0.028298135310000007,-0.028702500000000002,0.0009530248356478168,1,0.00039905637894825131,3.1202915065117528e-05,6.6338891343016436e-06,0.00051436807504118677,0,2.0816681711721685e-17,0,6.9388939039072284e-18,0
v3,58ce92bf16755fdc,full_e1_e2,163,asymmetric_rps_3x3,1,2,20,0.6,0.29999999999999999,0.03957708572041465,0.039900000000000019,0.039553033305000013,0.039571669434000013,0.039671500000000005,0.00085369945834443161,1,0.00039905637894825131,3.1202915065117528e-05,6.6338891343016436e-06,0.00051436807504118677,0,2.0816681711721685e-17,0,6.9388939039072284e-18,0
v3,58ce92bf16755fdc,full_e1_e2,164,asymmetric_rps_3x3,1,0,20,1,0.20000000000000001,-0.011068263039023805,-0.0114,-0.011002486750000004,-0.011048705900000002,-0.0108676,0.00037292147588377891,1,0.001077998969647538,0.00011597337908641917,4.9133059445122543e-05,0.00025901983255973083,0,2.0816681711721685e-17,0,0,0
v3,58ce92bf16755fdc,full_e1_e2,164,asymmetric_rps_3x3,1,1,20,1,0.5,-0.027959820443296386,-0.028499999999999998,-0.027933716875000007,-0.027939264750000008,-0.028118000000000001,0.00057304191876790598,1,0.001077998969647538,0.00011597337908641917,4.9133059445122543e-05,0.00025901983255973083,0,2.0816681711721685e-17,0,0,0
v3,58ce92bf16755fdc,full_e1_e2,164,asymmetric_rps_3x3,1,2,20,1,0.29999999999999999,0.039028083482320189,0.039900000000000019,0.038936203625000013,0.038987970650000009,0.038985600000000002,0.00051270537190202319,1,0.001077998969647538,0.00011597337908641917,4.9133059445122543e-05,0.00025901983255973083,0,2.0816681711721685e-17,0,0,0
v3,58ce92bf16755fdc,full_e1_e2,165,asymmetric_rps_3x3,1,0,inf,0.1,0.20000000000000001,-0.011399657062380044,-0.0114,-0.011399657050000003,-0.011399657050000003,-0.014888,0.0036877118519447146,1,1.514371525768881e-06,5.4668782740951161e-11,5.4668782740951161e-11,0.0046209304436841542,0,2.0816681711721685e-17,0,0,0
v3,58ce92bf16755fdc,full_e1_e2,165,asymmetric_rps_3x3,1,1,inf,0.1,0.5,-0.028499142655950112,-0.028499999999999998,-0.028499142625000008,-0.028499142625000008,-0.028000000000000001,0.0056977501470127393,1,1.514371525768881e-06,5.4668782740951161e-11,5.4668782740951161e-11,0.0046209304436841542,0,2.0816681711721685e-17,0,0,0
v3,58ce92bf16755fdc,full_e1_e2,165,asymmetric_rps_3x3,1,2,inf,0.1,0.29999999999999999,0.039898799718330158,0.039900000000000019,0.039898799675000013,0.039898799675000013,0.042888000000000003,0.0051073622871916635,1,1.514371525768881e-06,5.4668782740951161e-11,5.4668782740951161e-11,0.0046209304436841542,0,2.0816681711721685e-17,0,0,0
v3,58ce92bf16755fdc,full_e1_e2,166,asymmetric_rps_3x3,1,0,inf,0.3,0.20000000000000001,-0.011396914452490511,-0.0114,-0.011396913450000002,-0.011396913450000002,-0.010918666666666667,0.0012301539466380695,1,1.3625408872762061e-05,4.426878223358969e-09,4.426878223358969e-09,0.00063418977085516405,0,2.0816681711721685e-17,0,0,0
v3,58ce92bf16755fdc,full_e1_e2,166,asymmetric_rps_3x3,1,1,inf,0.3,0.5,-0.028492286131226278,-0.028499999999999998,-0.028492283625000007,-0.028492283625000007,-0.028903333333333333,0.0019013571144974161,1,1.3625408872762061e-05,4.426878223358969e-09,4.426878223358969e-09,0.00063418977085516405,0,2.0816681711721685e-17,0,0,0
v3,58ce92bf16755fdc,full_e1_e2,166,asymmetric_rps_3x3,1,2,inf,0.3,0.29999999999999999,0.03988920058371679,0.039900000000000019,0.039889197075000007,0.039889197075000007,0.039821999999999996,0.001704564309047159,1,1.3625408872762061e-05,4.426878223358969e-09,4.426878223358969e-09,0.00063418977085516405,0,2.0816681711721685e-17,0,0,0
v3,58ce92bf16755fdc,full_e1_e2,167,asymmetric_rps_3x3,1,0,inf,0.6,0.20000000000000001,-0.011387669824048787,-0.0114,-0.011387653800000003,-0.011387653800000003,-0.011330333333333333,0.00061434974060629269,1,5.4448582720445327e-05,7.0760283485745272e-08,7.0760283485745272e-08,0.00022503257462904027,0,2.0816681711721685e-17,0,0,6.9388939039072284e-18
v3,58ce92bf16755fdc,full_e1_e2,167,asymmetric_rps_3x3,1,1,inf,0.6,0.5,-0.028469174560121966,-0.028499999999999998,-0.028469134500000007,-0.028469134500000007,-0.028346666666666666,0.00094858620421600811,1,5.4448582720445327e-05,7.0760283485745272e-08,7.0760283485745272e-08,0.00022503257462904027,0,2.0816681711721685e-17,0,0,6.9388939039072284e-18
v3,58ce92bf16755fdc,full_e1_e2,167,asymmetric_rps_3x3,1,2,inf,0.6,0.29999999999999999,0.039856844384170753,0.039900000000000019,0.039856788300000008,0.039856788300000008,0.039677000000000004,0.00084943835820065359,1,5.4448582720445327e-05,7.0760283485745272e-08,7.0760283485745272e-08,0.00022503257462904027,0,2.0816681711721685e-17,0,0,6.9388939039072284e-18
v3,58ce92bf16755fdc,full_e1_e2,168,asymmetric_rps_3x3,1,0,inf,1,0.20000000000000001,-0.011365828354341429,-0.0114,-0.011365705000000002,-0.011365705000000002,-0.0109216,0.000368495154042211,1,0.00015089790143271262,5.4471802264915323e-07,5.4471802264915323e-07,0.00059217083934951431,0,2.0816681711721685e-17,0,0,0
v3,58ce92bf16755fdc,full_e1_e2,168,asymmetric_rps_3x3,1,1,inf,1,0.5,-0.028414570885853571,-0.028499999999999998,-0.028414262500000006,-0.028414262500000006,-0.028801999999999998,0.00056823970877775969,1,0.00015089790143271262,5.4471802264915323e-07,5.4471802264915323e-07,0.00059217083934951431,0,2.0816681711721685e-17,0,0,0
v3,58ce92bf16755fdc,full_e1_e2,168,asymmetric_rps_3x3,1,2,inf,1,0.29999999999999999,0.039780399240194997,0.039900000000000019,0.039779967500000006,0.039779967500000006,0.039723599999999998,0.00050837224871241372,1,0.00015089790143271262,5.4471802264915323e-07,5.4471802264915323e-07,0.00059217083934951431,0,2.0816681711721685e-17,0,0,0
v3,58ce92bf16755fdc,full_e1_e2,169,asymmetric_rps_3x3,2,0,1,0.1,0.33000000000000002,0.046699492879108309,0.047120700000000001,0.046822848450009509,0.046695121434500005,0.044969100000000005,0.0049648905407469321,1,0.00068074276523733598,0.00016610539617704912,6.7641976246793927e-06,0.0071462421457818585,0,1.3877787807814457e-17,0,0,0
v3,58ce92bf16755fdc,full_e1_e2,169,asymmetric_rps_3x3,2,1,1,0.1,0.34000000000000002,0.029405127491325504,0.029508599999999986,0.029392266236530989,0.029404390023799992,0.035096160000000001,0.0050309530282699362,1,0.00068074276523733598,0.00016610539617704912,6.7641976246793927e-06,0.0071462421457818585,0,1.3877787807814457e-17,0,0,0
v3,58ce92bf16755fdc,full_e1_e2,169,asymmetric_rps_3x3,2,2,1,0.1,0.33000000000000002,-0.076104620370433806,-0.076629299999999997,-0.076215114686540492,-0.07609951145829999,-0.080065259999999999,0.0049595403634641495,1,0.00068074276523733598,0.00016610539617704912,6.7641976246793927e-06,0.0071462421457818585,0,1.3877787807814457e-17,0,0,0
v3,58ce92bf16755fdc,full_e1_e2,170,asymmetric_rps_3x3,2,0,1,0.3,0.33000000000000002,0.043617288850679482,0.047120700000000001,0.044440036050085514,0.043290492910500009,0.042503120000000005,0.0016868487880739927,1,0.005681566172180361,0.0010660407773156356,0.00050661143342299066,0.0014509028084957458,0,1.3877787807814457e-17,0,1.3877787807814457e-17,0
v3,58ce92bf16755fdc,full_e1_e2,170,asymmetric_rps_3x3,2,1,1,0.3,0.34000000000000002,0.028626927549471957,0.029508599999999986,0.02846159612877899,0.028570710214199994,0.028835400000000004,0.0017048080542461988,1,0.005681566172180361,0.0010660407773156356,0.00050661143342299066,0.0014509028084957458,0,1.3877787807814457e-17,0,1.3877787807814457e-17,0
v3,58ce92bf16755fdc,full_e1_e2,170,asymmetric_rps_3x3,2,2,1,0.3,0.33000000000000002,-0.07224421640015144,-0.076629299999999997,-0.072901632178864501,-0.071861203124700013,-0.071338520000000016,0.0016808433194929419,1,0.005681566172180361,0.0010660407773156356,0.00050661143342299066,0.0014509028084957458,0,1.3877787807814457e-17,0,1.3877787807814457e-17,0
v3,58ce92bf16755fdc,full_e1_e2,171,asymmetric_rps_3x3,2,0,1,0.6,0.33000000000000002,0.035952834063704357,0.047120700000000001,0.036398044200342011,0.031799871642000009,0.035864400000000005,0.00088700456141770718,1,0.018289572563782344,0.0014679049691561728,0.0064689181687986406,0.00023874237092677301,0,1.3877787807814457e-17,6.9388939039072284e-18,0,6.9388939039072284e-18
v3,58ce92bf16755fdc,full_e1_e2,171,asymmetric_rps_3x3,2,1,1,0.6,0.34000000000000002,0.026506887383532442,0.029508599999999986,0.025320584515115992,0.025757040856799987,0.026400660000000003,0.00089142182600105021,1,0.018289572563782344,0.0014679049691561728,0.0064689181687986406,0.00023874237092677301,0,1.3877787807814457e-17,6.9388939039072284e-18,0,6.9388939039072284e-18
v3,58ce92bf16755fdc,full_e1_e2,171,asymmetric_rps_3x3,2,2,1,0.6,0.33000000000000002,-0.062459721447236799,-0.076629299999999997,-0.061718628715457996,-0.057556912498799996,-0.062265060000000004,0.00087792995870428594,1,0.018289572563782344,0.0014679049691561728,0.0064689181687986406,0.00023874237092677301,0,1.3877787807814457e-17,6.9388939039072284e-18,0,6.9388939039072284e-18
v3,58ce92bf16755fdc,full_e1_e2,172,asymmetric_rps_3x3,2,0,1,1,0.33000000000000002,0.026149458846522367,0.047120700000000001,0.017335545000950005,0.0045628434500000065,0.026674824,0.00056604603537588956,1,0.034951081217315695,0.017527717514884949,0.033842169375762871,0.00075798230980046234,0,1.3877787807814457e-17,0,0,6.9388939039072284e-18
v3,58ce92bf16755fdc,full_e1_e2,172,asymmetric_rps_3x3,2,1,1,1,0.34000000000000002,0.02323282676561101,0.029508599999999986,0.017875223653099997,0.019087602379999992,0.023253450000000002,0.00056665029301038953,1,0.034951081217315695,0.017527717514884949,0.033842169375762871,0.00075798230980046234,0,1.3877787807814457e-17,0,0,6.9388939039072284e-18
v3,58ce92bf16755fdc,full_e1_e2,172,asymmetric_rps_3x3,2,2,1,1,0.33000000000000002,-0.049382285612133377,-0.076629299999999997,-0.035210768654049998,-0.023650445829999998,-0.049928274000000009,0.00055823649803657881,1,0.034951081217315695,0.017527717514884949,0.033842169375762871,0.00075798230980046234,0,1.3877787807814457e-17,0,0,6.9388939039072284e-18
v3,58ce92bf16755fdc,full_e1_e2,173,asymmetric_rps_3x3,2,0,2,0.1,0.33000000000000002,0.046938601076648587,0.047120700000000001,0.046969373192691136,0.04693744143881376,0.046449150000000008,0.0049528771365439893,1,0.00030537890768249913,4.1429959833910268e-05,1.7881592488189939e-06,0.0011414828101980947,0,1.3877787807814457e-17,0,0,0
v3,58ce92bf16755fdc,full_e1_e2,173,asymmetric_rps_3x3,2,1,2,0.1,0.34000000000000002,0.029452143105153785,0.029508599999999986,0.029448923741080241,0.029451954687897495,0.030383760000000003,0.0050242647885541045,1,0.00030537890768249913,4.1429959833910268e-05,1.7881592488189939e-06,0.0011414828101980947,0,1.3877787807814457e-17,0,0,0
v3,58ce92bf16755fdc,full_e1_e2,173,asymmetric_rps_3x3,2,2,2,0.1,0.33000000000000002,-0.076390744181802375,-0.076629299999999997,-0.076418296933771376,-0.076389396126711251,-0.076832910000000004,0.004948817870668744,1,0.00030537890768249913,4.1429959833910268e-05,1.7881592488189939e-06,0.0011414828101980947,0,1.3877787807814457e-17,0,0,0
v3,58ce92bf16755fdc,full_e1_e2,174,asymmetric_rps_3x3,2,0,2,0.3,0.33000000000000002,0.045559925929683803,0.047120700000000001,0.045758758734220133,0.045471372949323761,0.048242919999999995,0.0016655655650667006,1,0.0026282157477487845,0.00025668532436761641,0.00013686430712855652,0.0032866018911810063,0,1.3877787807814457e-17,0,0,0
v3,58ce92bf16755fdc,full_e1_e2,174,asymmetric_rps_3x3,2,1,2,0.3,0.34000000000000002,0.029013547019152323,0.029508599999999986,0.02897151366972224,0.028998792191077493,0.027717140000000005,0.0016863500964640853,1,0.0026282157477487845,0.00025668532436761641,0.00013686430712855652,0.0032866018911810063,0,1.3877787807814457e-17,0,0,0
v3,58ce92bf16755fdc,full_e1_e2,174,asymmetric_rps_3x3,2,2,2,0.3,0.33000000000000002,-0.074573472948836123,-0.076629299999999997,-0.074730272403942366,-0.074470165140401251,-0.075960059999999996,0.0016605132121216034,1,0.0026282157477487845,0.00025668532436761641,0.00013686430712855652,0.0032866018911810063,0,1.3877787807814457e-17,0,0,0
v3,58ce92bf16755fdc,full_e1_e2,175,asymmetric_rps_3x3,2,0,2,0.6,0.33000000000000002,0.041715726425218078,0.047120700000000001,0.041672934936880512,0.040523391797295014,0.041311600000000004,0.00085852194486410731,1,0.0092108862807953606,0.00048851856171613103,0.0018552019202068932,0.0005629579231193635,0,1.3877787807814457e-17,0,0,0
v3,58ce92bf16755fdc,full_e1_e2,175,asymmetric_rps_3x3,2,1,2,0.6,0.34000000000000002,0.027682300136332647,0.029508599999999986,0.027360254678888994,0.027469368764309991,0.027694699999999996,0.000866506795576748,1,0.0092108862807953606,0.00048851856171613103,0.0018552019202068932,0.0005629579231193635,0,1.3877787807814457e-17,0,0,0
v3,58ce92bf16755fdc,full_e1_e2,175,asymmetric_rps_3x3,2,2,2,0.6,0.33000000000000002,-0.069398026561550724,-0.076629299999999997,-0.069033189615769514,-0.067992760561604998,-0.069006299999999993,0.00085274437809077473,1,0.0092108862807953606,0.00048851856171613103,0.0018552019202068932,0.0005629579231193635,0,1.3877787807814457e-17,0,0,0
v3,58ce92bf16755fdc,full_e1_e2,176,asymmetric_rps_3x3,2,0,2,1,0.33000000000000002,0.035558215253797106,0.047120700000000001,0.03198801926911251,0.028794843881375008,0.036186711000000003,0.00053866440090224055,1,0.020113331755557191,0.0065350788928457606,0.010645065979954047,0.0010662537830879841,0,1.3877787807814457e-17,0,0,0
v3,58ce92bf16755fdc,full_e1_e2,176,asymmetric_rps_3x3,2,1,2,1,0.34000000000000002,0.025190101434596057,0.029508599999999986,0.023540974108024991,0.023844068789749991,0.024354132000000004,0.00054099381124972736,1,0.020113331755557191,0.0065350788928457606,0.010645065979954047,0.0010662537830879841,0,1.3877787807814457e-17,0,0,0
v3,58ce92bf16755fdc,full_e1_e2,176,asymmetric_rps_3x3,2,2,2,1,0.33000000000000002,-0.060748316688393159,-0.076629299999999997,-0.0555289933771375,-0.052638912671124999,-0.060540843000000011,0.00053139052471052207,1,0.020113331755557191,0.0065350788928457606,0.010645065979954047,0.0010662537830879841,0,1.3877787807814457e-17,0,0,0
v3,58ce92bf16755fdc,full_e1_e2,177,asymmetric_rps_3x3,2,0,5,0.1,0.33000000000000002,0.047052368195518578,0.047120700000000001,0.047057288038300109,0.047052178957679727,0.036976500000000002,0.0049422918368881392,0,0.00011849945028874439,6.6175685686007279e-06,3.0031603042142846e-07,0.014064520981963913,1.3877787807814457e-17,1.3877787807814457e-17,0,1.3877787807814457e-17,0
v3,58ce92bf16755fdc,full_e1_e2,177,asymmetric_rps_3x3,2,1,5,0.1,0.34000000000000002,0.029483443619482869,0.029508599999999986,0.029482918243809789,0.029483403195300548,0.039292440000000005,0.0050113194596948952,1,0.00011849945028874439,6.6175685686007279e-06,3.0031603042142846e-07,0.014064520981963913,1.3877787807814457e-17,1.3877787807814457e-17,0,1.3877787807814457e-17,0
v3,58ce92bf16755fdc,full_e1_e2,177,asymmetric_rps_3x3,2,2,5,0.1,0.33000000000000002,-0.076535811815001437,-0.076629299999999997,-0.076540206282109891,-0.076535582152980286,-0.076268940000000007,0.0049378302645400598,1,0.00011849945028874439,6.6175685686007279e-06,3.0031603042142846e-07,0.014064520981963913,1.3877787807814457e-17,1.3877787807814457e-17,0,1.3877787807814457e-17,0
v3,58ce92bf16755fdc,full_e1_e2,178,asymmetric_rps_3x3,2,0,5,0.3,0.33000000000000002,0.046518895997202533,0.047120700000000001,0.046549992344700912,0.046504010619117492,0.047769370000000005,0.0016535084453289926,1,0.0010456364062607171,3.9715583490814207e-05,2.3658556820823651e-05,0.0037349288228606921,0,1.3877787807814457e-17,0,0,1.3877787807814457e-17
v3,58ce92bf16755fdc,full_e1_e2,178,asymmetric_rps_3x3,2,1,5,0.3,0.34000000000000002,0.029285048282075826,0.029508599999999986,0.029277464194288193,0.029281828757705033,0.026251060000000003,0.0016739939634523473,1,0.0010456364062607171,3.9715583490814207e-05,2.3658556820823651e-05,0.0037349288228606921,0,1.3877787807814457e-17,0,0,1.3877787807814457e-17
v3,58ce92bf16755fdc,full_e1_e2,178,asymmetric_rps_3x3,2,2,5,0.3,0.33000000000000002,-0.075803944279278362,-0.076629299999999997,-0.075827456538989105,-0.075785839376822525,-0.074020429999999998,0.0016496592709178866,1,0.0010456364062607171,3.9715583490814207e-05,2.3658556820823651e-05,0.0037349288228606921,0,1.3877787807814457e-17,0,0,1.3877787807814457e-17
v3,58ce92bf16755fdc,full_e1_e2,179,asymmetric_rps_3x3,2,0,5,0.6,0.33000000000000002,0.044871441178005664,0.047120700000000001,0.044837869378803609,0.044653942476469928,0.046302080000000009,0.00083714597575969491,1,0.0039309917349358145,0.00012442346250128995,0.00034727252852402547,0.0017905827040582138,0,1.3877787807814457e-17,1.3877787807814457e-17,0,0
v3,58ce92bf16755fdc,full_e1_e2,179,asymmetric_rps_3x3,2,1,5,0.6,0.34000000000000002,0.028650308819085493,0.029508599999999986,0.028584056777152794,0.028601515030820153,0.027674130000000005,0.00084762641001456676,1,0.0039309917349358145,0.00012442346250128995,0.00034727252852402547,0.0017905827040582138,0,1.3877787807814457e-17,1.3877787807814457e-17,0,0
v3,58ce92bf16755fdc,full_e1_e2,179,asymmetric_rps_3x3,2,2,5,0.6,0.33000000000000002,-0.073521749997091157,-0.076629299999999997,-0.073421926155956413,-0.073255457507290081,-0.073976210000000014,0.00083467450916934144,1,0.0039309917349358145,0.00012442346250128995,0.00034727252852402547,0.0017905827040582138,0,1.3877787807814457e-17,1.3877787807814457e-17,0,0
v3,58ce92bf16755fdc,full_e1_e2,180,asymmetric_rps_3x3,2,0,5,1,0.33000000000000002,0.041671822292202031,0.047120700000000001,0.040779503830010007,0.04026859576797201,0.042194130000000003,0.00051404532582051909,1,0.0096290984143524248,0.0016042128398228387,0.002259606514050703,0.00075372736023532523,0,1.3877787807814457e-17,0,0,0
v3,58ce92bf16755fdc,full_e1_e2,180,asymmetric_rps_3x3,2,1,5,1,0.34000000000000002,0.027324671820889022,0.029508599999999986,0.026940424380979995,0.026988919530055996,0.027345384000000004,0.00051898018422928942,1,0.0096290984143524248,0.0016042128398228387,0.002259606514050703,0.00075372736023532523,0,1.3877787807814457e-17,0,0,0
v3,58ce92bf16755fdc,full_e1_e2,180,asymmetric_rps_3x3,2,2,5,1,0.33000000000000002,-0.068996494113091056,-0.076629299999999997,-0.067719928210990002,-0.067257515298028009,-0.069539514000000011,0.00050855659205969398,1,0.0096290984143524248,0.0016042128398228387,0.002259606514050703,0.00075372736023532523,0,1.3877787807814457e-17,0,0,0
v3,58ce92bf16755fdc,full_e1_e2,181,asymmetric_rps_3x3,2,0,10,0.1,0.33000000000000002,0.047085368008674591,0.047120700000000001,0.047086592986836436,0.047085315716681335,0.048886860000000004,0.0049449442682602792,1,6.2493212945014784e-05,1.6454731613114018e-06,8.5006165316799246e-08,0.0042436354612621682,0,1.3877787807814457e-17,0,1.3877787807814457e-17,0
v3,58ce92bf16755fdc,full_e1_e2,181,asymmetric_rps_3x3,2,1,10,0.1,0.34000000000000002,0.029494384361077382,0.029508599999999986,0.029494249744719647,0.029494370982592329,0.026030400000000002,0.0050235114056152172,1,6.2493212945014784e-05,1.6454731613114018e-06,8.5006165316799246e-08,0.0042436354612621682,0,1.3877787807814457e-17,0,1.3877787807814457e-17,0
v3,58ce92bf16755fdc,full_e1_e2,181,asymmetric_rps_3x3,2,2,10,0.1,0.33000000000000002,-0.07657975236975198,-0.076629299999999997,-0.076580842731556076,-0.076579686699273675,-0.074917260000000013,0.0049401184432229994,1,6.2493212945014784e-05,1.6454731613114018e-06,8.5006165316799246e-08,0.0042436354612621682,0,1.3877787807814457e-17,0,1.3877787807814457e-17,0
v3,58ce92bf16755fdc,full_e1_e2,182,asymmetric_rps_3x3,2,0,10,0.3,0.33000000000000002,0.046806408641382538,0.047120700000000001,0.046813736881527838,0.046802241450131975,0.048479530000000007,0.0016493109382264008,1,0.00055644691732794824,9.2226476467592277e-06,6.7801724134952132e-06,0.0025418886249000613,0,1.3877787807814457e-17,0,1.3877787807814457e-17,0
v3,58ce92bf16755fdc,full_e1_e2,182,asymmetric_rps_3x3,2,1,10,0.3,0.34000000000000002,0.029381611393581569,0.029508599999999986,0.02937944770247684,0.029380538843331052,0.027481519999999999,0.0016737946483172997,1,0.00055644691732794824,9.2226476467592277e-06,6.7801724134952132e-06,0.0025418886249000613,0,1.3877787807814457e-17,0,1.3877787807814457e-17,0
v3,58ce92bf16755fdc,full_e1_e2,182,asymmetric_rps_3x3,2,2,10,0.3,0.33000000000000002,-0.07618802003496411,-0.076629299999999997,-0.076193184584004675,-0.076182780293463037,-0.075961050000000002,0.0016475069336735646,1,0.00055644691732794824,9.2226476467592277e-06,6.7801724134952132e-06,0.0025418886249000613,0,1.3877787807814457e-17,0,1.3877787807814457e-17,0
v3,58ce92bf16755fdc,full_e1_e2,183,asymmetric_rps_3x3,2,0,10,0.6,0.33000000000000002,0.045910148045360491,0.047120700000000001,0.045892847526111308,0.045846865800527895,0.045414490000000016,0.00082988640162017207,1,0.0021499389493531565,4.6927619353707752e-05,0.00010324734242902303,0.00064504844043654721,0,1.3877787807814457e-17,0,0,0
v3,58ce92bf16755fdc,full_e1_e2,183,asymmetric_rps_3x3,2,1,10,0.6,0.34000000000000002,0.029012948315385631,0.029508599999999986,0.028991990809907386,0.028996355373324234,0.029106549999999998,0.00084138562323427088,1,0.0021499389493531565,4.6927619353707752e-05,0.00010324734242902303,0.00064504844043654721,0,1.3877787807814457e-17,0,0,0
v3,58ce92bf16755fdc,full_e1_e2,183,asymmetric_rps_3x3,2,2,10,0.6,0.33000000000000002,-0.074923096360746122,-0.076629299999999997,-0.074884838336018694,-0.074843221173852129,-0.074521040000000011,0.00082656735084788737,1,0.0021499389493531565,4.6927619353707752e-05,0.00010324734242902303,0.00064504844043654721,0,1.3877787807814457e-17,0,0,0
v3,58ce92bf16755fdc,full_e1_e2,184,asymmetric_rps_3x3,2,0,10,1,0.33000000000000002,0.044019678889690647,0.047120700000000001,0.043709998683642511,0.043582271668133013,0.044353386000000002,0.0005037022530916985,1,0.0055426231689564799,0.00055436435470766082,0.00071761852365029776,0.00041821985429725333,0,1.3877787807814457e-17,0,0,0
v3,58ce92bf16755fdc,full_e1_e2,184,asymmetric_rps_3x3,2,1,10,1,0.34000000000000002,0.0282046251634267,0.029508599999999986,0.028073574471964992,0.028085698259233991,0.028100490000000006,0.00051004123338954503,1,0.0055426231689564799,0.00055436435470766082,0.00071761852365029776,0.00041821985429725333,0,1.3877787807814457e-17,0,0,0
v3,58ce92bf16755fdc,full_e1_e2,184,asymmetric_rps_3x3,2,2,10,1,0.33000000000000002,-0.072224304053117347,-0.076629299999999997,-0.071783573155607502,-0.071667969927367001,-0.072453876,0.00049857614477275263,1,0.0055426231689564799,0.00055436435470766082,0.00071761852365029776,0.00041821985429725333,0,1.3877787807814457e-17,0,0,0
v3,58ce92bf16755fdc,full_e1_e2,185,asymmetric_rps_3x3,2,0,20,0.1,0.33000000000000002,0.047100942521871747,0.047120700000000001,0.047101245461104592,0.047100926143565827,0.052772610000000005,0.0049423946390720168,1,3.5666688717038912e-05,4.0581883747263902e-07,2.7299653580020347e-08,0.0070358926753628292,1.3877787807814457e-17,1.3877787807814457e-17,0,0,0
v3,58ce92bf16755fdc,full_e1_e2,185,asymmetric_rps_3x3,2,1,20,0.1,0.34000000000000002,0.029499950709338123,0.029508599999999986,0.02949991549517457,0.029499945804642741,0.027455340000000002,0.0050134082090087222,1,3.5666688717038912e-05,4.0581883747263902e-07,2.7299653580020347e-08,0.0070358926753628292,1.3877787807814457e-17,1.3877787807814457e-17,0,0,0
v3,58ce92bf16755fdc,full_e1_e2,185,asymmetric_rps_3x3,2,2,20,0.1,0.33000000000000002,-0.07660089323120986,-0.076629299999999997,-0.076601160956279168,-0.076600871948208568,-0.080227950000000006,0.0049429664062238888,1,3.5666688717038912e-05,4.0581883747263902e-07,2.7299653580020347e-08,0.0070358926753628292,1.3877787807814457e-17,1.3877787807814457e-17,0,0,0
v3,58ce92bf16755fdc,full_e1_e2,186,asymmetric_rps_3x3,2,0,20,0.3,0.33000000000000002,0.046944049784993433,0.047120700000000001,0.046945609149941295,0.046942735292092336,0.047956150000000017,0.001649468053502726,1,0.00031905986452709776,1.9163903008809468e-06,2.1921494891849924e-06,0.0024064386531377816,0,1.3877787807814457e-17,0,0,1.3877787807814457e-17
v3,58ce92bf16755fdc,full_e1_e2,186,asymmetric_rps_3x3,2,1,20,0.3,0.34000000000000002,0.029431107060446798,0.029508599999999986,0.029430439456571166,0.029430712241784722,0.027466559999999998,0.0016741830587091982,1,0.00031905986452709776,1.9163903008809468e-06,2.1921494891849924e-06,0.0024064386531377816,0,1.3877787807814457e-17,0,0,1.3877787807814457e-17
v3,58ce92bf16755fdc,full_e1_e2,186,asymmetric_rps_3x3,2,2,20,0.3,0.33000000000000002,-0.076375156845440231,-0.076629299999999997,-0.076376048606512453,-0.076373447533877065,-0.075422710000000004,0.001648220181092672,1,0.00031905986452709776,1.9163903008809468e-06,2.1921494891849924e-06,0.0024064386531377816,0,1.3877787807814457e-17,0,0,1.3877787807814457e-17
v3,58ce92bf16755fdc,full_e1_e2,187,asymmetric_rps_3x3,2,0,20,0.6,0.33000000000000002,0.04642924871705268,0.047120700000000001,0.046420336599765161,0.046408841168369304,0.044572495000000011,0.00082587929297232518,0,0.00125099513087466,1.9864394871488621e-05,3.4089857422913992e-05,0.0026250255603644228,0,1.3877787807814457e-17,0,0,0
v3,58ce92bf16755fdc,full_e1_e2,187,asymmetric_rps_3x3,2,1,20,0.6,0.34000000000000002,0.029203237512862072,0.029508599999999986,0.029195957826284695,0.0291970489671389,0.031058830000000003,0.00083716119916826218,0,0.00125099513087466,1.9864394871488621e-05,3.4089857422913992e-05,0.0026250255603644228,0,1.3877787807814457e-17,0,0,0
v3,58ce92bf16755fdc,full_e1_e2,187,asymmetric_rps_3x3,2,2,20,0.6,0.33000000000000002,-0.075632486229914753,-0.076629299999999997,-0.075616294426049863,-0.075605890135508197,-0.075631325000000013,0.00082332743857233979,1,0.00125099513087466,1.9864394871488621e-05,3.4089857422913992e-05,0.0026250255603644228,0,1.3877787807814457e-17,0,0,0
v3,58ce92bf16755fdc,full_e1_e2,188,asymmetric_rps_3x3,2,0,20,1,0.33000000000000002,0.045290652197797397,0.047120700000000001,0.045175246110458755,0.045143314356581379,0.045105356999999999,0.00049690254684833812,1,0.0033231110593012398,0.00020636398562694745,0.00024699502473405591,0.00048638039257988398,0,1.3877787807814457e-17,0,0,0
v3,58ce92bf16755fdc,full_e1_e2,188,asymmetric_rps_3x3,2,1,20,1,0.34000000000000002,0.028688767325627355,0.029508599999999986,0.028640149517457494,0.028643180464274741,0.029085606000000007,0.00050410783209495539,1,0.0033231110593012398,0.00020636398562694745,0.00024699502473405591,0.00048638039257988398,0,1.3877787807814457e-17,0,0,0
v3,58ce92bf16755fdc,full_e1_e2,188,asymmetric_rps_3x3,2,2,20,1,0.33000000000000002,-0.073979419523424753,-0.076629299999999997,-0.073815395627916253,-0.073786494820856113,-0.074190962999999999,0.00049250688508918324,1,0.0033231110593012398,0.00020636398562694745,0.00024699502473405591,0.00048638039257988398,0,1.3877787807814457e-17,0,0,0
v3,58ce92bf16755fdc,full_e1_e2,189,asymmetric_rps_3x3,2,0,inf,0.1,0.33000000000000002,0.047115898608309774,0.047120700000000001,0.047115897935372755,0.047115897935372755,0.0486585,0.004946240730553518,1,9.659929143762128e-06,1.2296159100557378e-09,1.2296159100557378e-09,0.011908816609501226,0,1.3877787807814457e-17,0,0,0
v3,58ce92bf16755fdc,full_e1_e2,189,asymmetric_rps_3x3,2,1,inf,0.1,0.34000000000000002,0.029505581554408591,0.029508599999999986,0.029505581245629492,0.029505581245629492,0.037048440000000009,0.0050163260440283302,1,9.659929143762128e-06,1.2296159100557378e-09,1.2296159100557378e-09,0.011908816609501226,0,1.3877787807814457e-17,0,0,0
v3,58ce92bf16755fdc,full_e1_e2,189,asymmetric_rps_3x3,2,2,inf,0.1,0.33000000000000002,-0.076621480162718358,-0.076629299999999997,-0.076621479181002247,-0.076621479181002247,-0.085706940000000009,0.0049455354499424323,1,9.659929143762128e-06,1.2296159100557378e-09,1.2296159100557378e-09,0.011908816609501226,0,1.3877787807814457e-17,0,0,0
v3,58ce92bf16755fdc,full_e1_e2,190,asymmetric_rps_3x3,2,0,inf,0.3,0.33000000000000002,0.047077535864284828,0.047120700000000001,0.047077481418354765,0.047077481418354765,0.04594854000000001,0.0016449651800133178,1,8.6851218092681961e-05,9.9493892970887768e-08,9.9493892970887768e-08,0.0014914313704127819,0,1.3877787807814457e-17,0,0,0
v3,58ce92bf16755fdc,full_e1_e2,190,asymmetric_rps_3x3,2,1,inf,0.3,0.34000000000000002,0.029481456201184291,0.029508599999999986,0.029481431210665487,0.029481431210665487,0.029650720000000005,0.001670773722169403,1,8.6851218092681961e-05,9.9493892970887768e-08,9.9493892970887768e-08,0.0014914313704127819,0,1.3877787807814457e-17,0,0,0
v3,58ce92bf16755fdc,full_e1_e2,190,asymmetric_rps_3x3,2,2,inf,0.3,0.33000000000000002,-0.076558992065469123,-0.076629299999999997,-0.076558912629020259,-0.076558912629020259,-0.075599260000000015,0.0016444235121602401,1,8.6851218092681961e-05,9.9493892970887768e-08,9.9493892970887768e-08,0.0014914313704127819,0,1.3877787807814457e-17,0,0,0
v3,58ce92bf16755fdc,full_e1_e2,191,asymmetric_rps_3x3,2,0,inf,0.6,0.33000000000000002,0.046948693478665933,0.047120700000000001,0.046947825673419007,0.046947825673419007,0.046939200000000007,0.00082102641680035897,1,0.00034622037954763779,1.5862591962282844e-06,1.5862591962282844e-06,9.6866410447619107e-05,0,1.3877787807814457e-17,0,0,0
v3,58ce92bf16755fdc,full_e1_e2,191,asymmetric_rps_3x3,2,1,inf,0.6,0.34000000000000002,0.029400323583214732,0.029508599999999986,0.02939992484266199,0.02939992484266199,0.029473070000000004,0.00083400955692820031,1,0.00034622037954763779,1.5862591962282844e-06,1.5862591962282844e-06,9.6866410447619107e-05,0,1.3877787807814457e-17,0,0,0
v3,58ce92bf16755fdc,full_e1_e2,191,asymmetric_rps_3x3,2,2,inf,0.6,0.33000000000000002,-0.076349017061880659,-0.076629299999999997,-0.076347750516081003,-0.076347750516081003,-0.076412270000000004,0.00081912669519069005,1,0.00034622037954763779,1.5862591962282844e-06,1.5862591962282844e-06,9.6866410447619107e-05,0,1.3877787807814457e-17,0,0,0
v3,58ce92bf16755fdc,full_e1_e2,192,asymmetric_rps_3x3,2,0,inf,1,0.33000000000000002,0.046647129445163651,0.047120700000000001,0.046640493537275007,0.046640493537275007,0.046646193000000002,0.00049010790494603005,1,0.00095401628793222485,1.2137690643898688e-05,1.2137690643898688e-05,0.00035846337393425747,0,1.3877787807814457e-17,0,0,0
v3,58ce92bf16755fdc,full_e1_e2,192,asymmetric_rps_3x3,2,1,inf,1,0.34000000000000002,0.029209781192282534,0.029508599999999986,0.029206724562949996,0.029206724562949996,0.029463720000000006,0.00049841904416553044,1,0.00095401628793222485,1.2137690643898688e-05,1.2137690643898688e-05,0.00035846337393425747,0,1.3877787807814457e-17,0,0,0
v3,58ce92bf16755fdc,full_e1_e2,192,asymmetric_rps_3x3,2,2,inf,1,0.33000000000000002,-0.075856910637446179,-0.076629299999999997,-0.075847218100225003,-0.075847218100225003,-0.076109913000000001,0.00048702333841392357,1,0.00095401628793222485,1.2137690643898688e-05,1.2137690643898688e-05,0.00035846337393425747,0,1.3877787807814457e-17,0,0,0
v3,58ce92bf16755fdc,full_e1_e2,193,asymmetric_rps_3x3,3,0,1,0.1,0.55000000000000004,0.15249768803824029,0.15344999999999998,0.15256316707500001,0.152488235625,0.14496075000000003,0.0058448047764226314,1,0.0015415240647437924,0.00011163964549982952,1.4432371267352384e-05,0.010154805734394397,2.7755575615628914e-17,2.7755575615628914e-17,2.7755575615628914e-17,0,0
v3,58ce92bf16755fdc,full_e1_e2,193,asymmetric_rps_3x3,3,1,1,0.1,0.14999999999999999,0.06261343256558527,0.062850000000000003,0.062525774225000011,0.062612064875000012,0.063389250000000008,0.0029788516557247985,1,0.0015415240647437924,0.00011163964549982952,1.4432371267352384e-05,0.010154805734394397,2.7755575615628914e-17,2.7755575615628914e-17,2.7755575615628914e-17,0,0
v3,58ce92bf16755fdc,full_e1_e2,193,asymmetric_rps_3x3,3,2,1,0.1,0.29999999999999999,-0.21511112060382559,-0.21630000000000002,-0.21508894130000003,-0.21510030050000001,-0.20835000000000004,0.0054173588076967686,1,0.0015415240647437924,0.00011163964549982952,1.4432371267352384e-05,0.010154805734394397,2.7755575615628914e-17,2.7755575615628914e-17,2.7755575615628914e-17,0,0
v3,58ce92bf16755fdc,full_e1_e2,194,asymmetric_rps_3x3,3,0,1,0.3,0.55000000000000004,0.14550037500397317,0.15344999999999998,0.14546850367499997,0.14479412062499997,0.14334924999999998,0.0019702551589627026,1,0.012925273952274587,0.0012700376668372533,0.0010807840032925368,0.0037454527396993281,2.7755575615628914e-17,2.7755575615628914e-17,2.7755575615628914e-17,2.7755575615628914e-17,0
v3,58ce92bf16755fdc,full_e1_e2,194,asymmetric_rps_3x3,3,1,1,0.3,0.14999999999999999,0.060813660346588298,0.062850000000000003,0.059931968025000011,0.060708583875000006,0.060006749999999991,0.0010068703526630045,1,0.012925273952274587,0.0012700376668372533,0.0010807840032925368,0.0037454527396993281,2.7755575615628914e-17,2.7755575615628914e-17,2.7755575615628914e-17,2.7755575615628914e-17,0
v3,58ce92bf16755fdc,full_e1_e2,194,asymmetric_rps_3x3,3,2,1,0.3,0.29999999999999999,-0.20631403535056145,-0.21630000000000002,-0.2054004717,-0.20550270449999999,-0.20335599999999998,0.0018220345005099672,1,0.012925273952274587,0.0012700376668372533,0.0010807840032925368,0.0037454527396993281,2.7755575615628914e-17,2.7755575615628914e-17,2.7755575615628914e-17,2.7755575615628914e-17,0
v3,58ce92bf16755fdc,full_e1_e2,195,asymmetric_rps_3x3,3,0,1,0.6,0.55000000000000004,0.12779348140061003,0.15344999999999998,0.12152401470000002,0.11882648249999998,0.12694412500000002,0.0010080481480340873,1,0.042238876945268754,0.013296601441749861,0.013808038848566059,0.001103146892465674,0,2.7755575615628914e-17,0,0,0
v3,58ce92bf16755fdc,full_e1_e2,195,asymmetric_rps_3x3,3,1,1,0.6,0.14999999999999999,0.05571908464696583,0.062850000000000003,0.051177872100000014,0.054284335500000017,0.055884125,0.00052301978387857718,1,0.042238876945268754,0.013296601441749861,0.013808038848566059,0.001103146892465674,0,2.7755575615628914e-17,0,0,0
v3,58ce92bf16755fdc,full_e1_e2,195,asymmetric_rps_3x3,3,2,1,0.6,0.29999999999999999,-0.18351256604757588,-0.21630000000000002,-0.17270188680000004,-0.173110818,-0.18282825000000003,0.00092595190526524747,1,0.042238876945268754,0.013296601441749861,0.013808038848566059,0.001103146892465674,0,2.7755575615628914e-17,0,0,0
v3,58ce92bf16755fdc,full_e1_e2,196,asymmetric_rps_3x3,3,0,1,1,0.55000000000000004,0.10390582437214217,0.15344999999999998,0.064766707499999993,0.057273562499999986,0.10346160000000001,0.00062431562072878767,1,0.083243932379032951,0.070410204247295924,0.07250590772952091,0.00067229073858055509,2.7755575615628914e-17,2.7755575615628914e-17,0,0,0
v3,58ce92bf16755fdc,full_e1_e2,196,asymmetric_rps_3x3,3,1,1,1,0.14999999999999999,0.047325597458322412,0.062850000000000003,0.030427422500000009,0.039056487500000008,0.047268449999999997,0.00032996871242110728,1,0.083243932379032951,0.070410204247295924,0.07250590772952091,0.00067229073858055509,2.7755575615628914e-17,2.7755575615628914e-17,0,0,0
v3,58ce92bf16755fdc,full_e1_e2,196,asymmetric_rps_3x3,3,2,1,1,0.29999999999999999,-0.15123142183046456,-0.21630000000000002,-0.095194130000000002,-0.09633005,-0.15073005,0.00056822366978363543,1,0.083243932379032951,0.070410204247295924,0.07250590772952091,0.00067229073858055509,2.7755575615628914e-17,2.7755575615628914e-17,0,0,0
v3,58ce92bf16755fdc,full_e1_e2,197,asymmetric_rps_3x3,3,0,2,0.1,0.55000000000000004,0.15292248283044815,0.15344999999999998,0.15293792786249999,0.15291919500000001,0.14679225000000001,0.0058317743826518569,1,0.0008886005025437807,2.8033380936609677e-05,5.2876839243624665e-06,0.0087313495482962827,0,2.7755575615628914e-17,0,0,0
v3,58ce92bf16755fdc,full_e1_e2,197,asymmetric_rps_3x3,3,1,2,0.1,0.14999999999999999,0.062682365894258879,0.062850000000000003,0.062660013837500014,0.062681586500000011,0.062595749999999992,0.0029781706011799986,1,0.0008886005025437807,2.8033380936609677e-05,5.2876839243624665e-06,0.0087313495482962827,0,2.7755575615628914e-17,0,0,0
v3,58ce92bf16755fdc,full_e1_e2,197,asymmetric_rps_3x3,3,2,2,0.1,0.29999999999999999,-0.21560484872470703,-0.21630000000000002,-0.21559794170000002,-0.2156007815,-0.20938800000000002,0.005401963076954102,1,0.0008886005025437807,2.8033380936609677e-05,5.2876839243624665e-06,0.0087313495482962827,0,2.7755575615628914e-17,0,0,0
v3,58ce92bf16755fdc,full_e1_e2,198,asymmetric_rps_3x3,3,0,2,0.3,0.55000000000000004,0.14892351275212337,0.15344999999999998,0.14884135076249999,0.14867275499999999,0.14771900000000004,0.0019486223858975386,1,0.0076412812192106416,0.00043002135781686961,0.00040415590531902922,0.0014816601710209625,0,2.7755575615628914e-17,0,0,0
v3,58ce92bf16755fdc,full_e1_e2,198,asymmetric_rps_3x3,3,1,2,0.3,0.14999999999999999,0.061394672092874483,0.062850000000000003,0.061140124537500014,0.061334278500000013,0.062094499999999997,0.00099812313771535243,1,0.0076412812192106416,0.00043002135781686961,0.00040415590531902922,0.0014816601710209625,0,2.7755575615628914e-17,0,0,0
v3,58ce92bf16755fdc,full_e1_e2,198,asymmetric_rps_3x3,3,2,2,0.3,0.29999999999999999,-0.21031818484499787,-0.21630000000000002,-0.2099814753,-0.2100070335,-0.20981350000000004,0.0018019049667189159,1,0.0076412812192106416,0.00043002135781686961,0.00040415590531902922,0.0014816601710209625,0,2.7755575615628914e-17,0,0,0
v3,58ce92bf16755fdc,full_e1_e2,199,asymmetric_rps_3x3,3,0,2,0.6,0.55000000000000004,0.13770917903703267,0.15344999999999998,0.13501540305000001,0.13434102000000001,0.13643712500000002,0.00097635396769545026,1,0.026725678690212501,0.0053394634719045649,0.0054598762526868313,0.0015582920850167427,0,2.7755575615628914e-17,0,2.7755575615628914e-17,0
v3,58ce92bf16755fdc,full_e1_e2,199,asymmetric_rps_3x3,3,1,2,0.6,0.14999999999999999,0.057632214758424838,0.062850000000000003,0.056010498150000011,0.05678711400000002,0.058244875000000002,0.00050764928175686739,1,0.026725678690212501,0.0053394634719045649,0.0054598762526868313,0.0015582920850167427,0,2.7755575615628914e-17,0,2.7755575615628914e-17,0
v3,58ce92bf16755fdc,full_e1_e2,199,asymmetric_rps_3x3,3,2,2,0.6,0.29999999999999999,-0.19534139379545751,-0.21630000000000002,-0.19102590120000001,-0.19112813400000001,-0.19468200000000002,0.00089626617543717797,1,0.026725678690212501,0.0053394634719045649,0.0054598762526868313,0.0015582920850167427,0,2.7755575615628914e-17,0,2.7755575615628914e-17,0
v3,58ce92bf16755fdc,full_e1_e2,200,asymmetric_rps_3x3,3,0,2,1,0.55000000000000004,0.11945493909916852,0.15344999999999998,0.10224278624999998,0.1003695,0.11990055000000001,0.00058858535550520728,1,0.058213920442519267,0.030752881809769993,0.031199518113232152,0.00062061730361315248,0,2.7755575615628914e-17,0,0,0
v3,58ce92bf16755fdc,full_e1_e2,200,asymmetric_rps_3x3,3,1,2,1,0.14999999999999999,0.051078064998211894,0.062850000000000003,0.043851383750000014,0.046008650000000012,0.051064199999999997,0.00031338238070444021,1,0.058213920442519267,0.030752881809769993,0.031199518113232152,0.00062061730361315248,0,2.7755575615628914e-17,0,0,0
v3,58ce92bf16755fdc,full_e1_e2,200,asymmetric_rps_3x3,3,2,2,1,0.29999999999999999,-0.17053300409738043,-0.21630000000000002,-0.14609417,-0.14637815000000001,-0.17096475,0.00053372726945939198,1,0.058213920442519267,0.030752881809769993,0.031199518113232152,0.00062061730361315248,0,2.7755575615628914e-17,0,0,0
v3,58ce92bf16755fdc,full_e1_e2,201,asymmetric_rps_3x3,3,0,5,0.1,0.55000000000000004,0.15316075684774458,0.15344999999999998,0.153162784335,0.15315978707700001,0.15398624999999999,0.0058365826632027894,1,0.00050078841653012338,4.6187141546443861e-06,1.6410812318214122e-06,0.0032516888021938955,0,2.7755575615628914e-17,0,0,0
v3,58ce92bf16755fdc,full_e1_e2,201,asymmetric_rps_3x3,3,1,5,0.1,0.14999999999999999,0.062744325115464794,0.062850000000000003,0.062740557605000011,0.062744009231000014,0.060146249999999998,0.0029775575244046491,1,0.00050078841653012338,4.6187141546443861e-06,1.6410812318214122e-06,0.0032516888021938955,0,2.7755575615628914e-17,0,0,0
v3,58ce92bf16755fdc,full_e1_e2,201,asymmetric_rps_3x3,3,2,5,0.1,0.29999999999999999,-0.21590508196320937,-0.21630000000000002,-0.21590334193999999,-0.21590379630800002,-0.2141325,0.0054079626691167079,1,0.00050078841653012338,4.6187141546443861e-06,1.6410812318214122e-06,0.0032516888021938955,0,2.7755575615628914e-17,0,0,0
v3,58ce92bf16755fdc,full_e1_e2,202,asymmetric_rps_3x3,3,0,5,0.3,0.55000000000000004,0.15091401559326767,0.15344999999999998,0.150865059015,0.150838083693,0.1501555,0.001934839556530282,1,0.0043932979485679256,0.00012851989050867158,0.00012859703306666973,0.0016048229092967242,0,2.7755575615628914e-17,0,0,0
v3,58ce92bf16755fdc,full_e1_e2,202,asymmetric_rps_3x3,3,1,5,0.3,0.14999999999999999,0.061920921255705766,0.062850000000000003,0.061865018445000017,0.061896083079000012,0.063225500000000004,0.00099088040724078187,1,0.0043932979485679256,0.00012851989050867158,0.00012859703306666973,0.0016048229092967242,0,2.7755575615628914e-17,0,0,0
v3,58ce92bf16755fdc,full_e1_e2,202,asymmetric_rps_3x3,3,2,5,0.3,0.29999999999999999,-0.21283493684897342,-0.21630000000000002,-0.21273007746,-0.21273416677200002,-0.21338099999999999,0.0017892440889687327,1,0.0043932979485679256,0.00012851989050867158,0.00012859703306666973,0.0016048229092967242,0,2.7755575615628914e-17,0,0,0
v3,58ce92bf16755fdc,full_e1_e2,203,asymmetric_rps_3x3,3,0,5,0.6,0.55000000000000004,0.14409707618752923,0.15344999999999998,0.14311023605999998,0.143002334772,0.14468162500000001,0.00095406802241611906,1,0.016229716081992095,0.001838895988570648,0.001858152013556761,0.00088426990237181131,2.7755575615628914e-17,2.7755575615628914e-17,0,2.7755575615628914e-17,2.7755575615628914e-17
v3,58ce92bf16755fdc,full_e1_e2,203,asymmetric_rps_3x3,3,1,5,0.6,0.14999999999999999,0.059396643078633862,0.062850000000000003,0.058910073780000016,0.05903433231600002,0.059471375,0.00049705784329949455,1,0.016229716081992095,0.001838895988570648,0.001858152013556761,0.00088426990237181131,2.7755575615628914e-17,2.7755575615628914e-17,0,2.7755575615628914e-17,2.7755575615628914e-17
v3,58ce92bf16755fdc,full_e1_e2,203,asymmetric_rps_3x3,3,2,5,0.6,0.29999999999999999,-0.20349371926616308,-0.21630000000000002,-0.20202030984,-0.202036667088,-0.20415300000000003,0.00087570731868104215,1,0.016229716081992095,0.001838895988570648,0.001858152013556761,0.00088426990237181131,2.7755575615628914e-17,2.7755575615628914e-17,0,2.7755575615628914e-17,2.7755575615628914e-17
v3,58ce92bf16755fdc,full_e1_e2,204,asymmetric_rps_3x3,3,0,5,1,0.55000000000000004,0.131329780156271,0.15344999999999998,0.1247284335,0.1244287077,0.13099515,0.00055760400313050037,1,0.038490156569176773,0.011691658016136549,0.011754846304822259,0.00048553883209500904,0,2.7755575615628914e-17,0,0,2.7755575615628914e-17
v3,58ce92bf16755fdc,full_e1_e2,204,asymmetric_rps_3x3,3,1,5,1,0.14999999999999999,0.054577029931632874,0.062850000000000003,0.051905760500000016,0.052250923100000013,0.054560250000000005,0.00029977989318741727,1,0.038490156569176773,0.011691658016136549,0.011754846304822259,0.00048553883209500904,0,2.7755575615628914e-17,0,0,2.7755575615628914e-17
v3,58ce92bf16755fdc,full_e1_e2,204,asymmetric_rps_3x3,3,2,5,1,0.29999999999999999,-0.18590681008790388,-0.21630000000000002,-0.17663419400000002,-0.17667963080000001,-0.18555539999999998,0.00050381498838778871,1,0.038490156569176773,0.011691658016136549,0.011754846304822259,0.00048553883209500904,0,2.7755575615628914e-17,0,0,2.7755575615628914e-17
v3,58ce92bf16755fdc,full_e1_e2,205,asymmetric_rps_3x3,3,0,10,0.1,0.55000000000000004,0.15323746687208956,0.15344999999999998,0.1532377364925,0.15323698717799999,0.15007575000000001,0.0058256323077478991,1,0.00037189537968899342,1.3271510446433728e-06,8.3611889155708854e-07,0.0042742503640635383,2.7755575615628914e-17,2.7755575615628914e-17,0,0,2.7755575615628914e-17
v3,58ce92bf16755fdc,full_e1_e2,205,asymmetric_rps_3x3,3,1,10,0.1,0.14999999999999999,0.062768449262109866,0.062850000000000003,0.062767405527500014,0.062768268434000019,0.063069749999999994,0.0029722477459398055,1,0.00037189537968899342,1.3271510446433728e-06,8.3611889155708854e-07,0.0042742503640635383,2.7755575615628914e-17,2.7755575615628914e-17,0,0,2.7755575615628914e-17
v3,58ce92bf16755fdc,full_e1_e2,205,asymmetric_rps_3x3,3,2,10,0.1,0.29999999999999999,-0.21600591613419945,-0.21630000000000002,-0.21600514202000001,-0.21600525561200001,-0.21314550000000002,0.0053986804868586865,1,0.00037189537968899342,1.3271510446433728e-06,8.3611889155708854e-07,0.0042742503640635383,2.7755575615628914e-17,2.7755575615628914e-17,0,0,2.7755575615628914e-17
v3,58ce92bf16755fdc,full_e1_e2,206,asymmetric_rps_3x3,3,0,10,0.3,0.55000000000000004,0.15157088186759365,0.15344999999999998,0.15153962843249999,0.15153288460199998,0.14930299999999999,0.0019298629684022608,1,0.0032883436538046693,6.5663880566413824e-05,6.6240233682256626e-05,0.0033631046087072274,0,2.7755575615628914e-17,0,2.7755575615628914e-17,0
v3,58ce92bf16755fdc,full_e1_e2,206,asymmetric_rps_3x3,3,1,10,0.3,0.14999999999999999,0.062128749541873252,0.062850000000000003,0.06210664974750002,0.06211441590600001,0.064603499999999994,0.00098806296084096934,0,0.0032883436538046693,6.5663880566413824e-05,6.6240233682256626e-05,0.0033631046087072274,0,2.7755575615628914e-17,0,2.7755575615628914e-17,0
v3,58ce92bf16755fdc,full_e1_e2,206,asymmetric_rps_3x3,3,2,10,0.3,0.29999999999999999,-0.21369963140946691,-0.21630000000000002,-0.21364627818000001,-0.21364730050800002,-0.2139065,0.0017847564553929412,1,0.0032883436538046693,6.5663880566413824e-05,6.6240233682256626e-05,0.0033631046087072274,0,2.7755575615628914e-17,0,2.7755575615628914e-17,0
v3,58ce92bf16755fdc,full_e1_e2,207,asymmetric_rps_3x3,3,0,10,0.6,0.55000000000000004,0.14634795748991861,0.15344999999999998,0.14580851373000001,0.14578153840799998,0.146675375,0.00094669349830245125,1,0.012430493495525595,0.00098319594763827782,0.00098784589194814013,0.00085057183985698642,2.7755575615628914e-17,2.7755575615628914e-17,2.7755575615628914e-17,2.7755575615628914e-17,2.7755575615628914e-17
v3,58ce92bf16755fdc,full_e1_e2,207,asymmetric_rps_3x3,3,1,10,0.6,0.14999999999999999,0.060121743556937238,0.062850000000000003,0.059876598990000016,0.059907663624000018,0.059427624999999991,0.00049383038856979809,1,0.012430493495525595,0.00098319594763827782,0.00098784589194814013,0.00085057183985698642,2.7755575615628914e-17,2.7755575615628914e-17,2.7755575615628914e-17,2.7755575615628914e-17,2.7755575615628914e-17
v3,58ce92bf16755fdc,full_e1_e2,207,asymmetric_rps_3x3,3,2,10,0.6,0.29999999999999999,-0.20646970104685583,-0.21630000000000002,-0.20568511272000004,-0.20568920203200003,-0.20610300000000001,0.0008686080975169472,1,0.012430493495525595,0.00098319594763827782,0.00098784589194814013,0.00085057183985698642,2.7755575615628914e-17,2.7755575615628914e-17,2.7755575615628914e-17,2.7755575615628914e-17,2.7755575615628914e-17
v3,58ce92bf16755fdc,full_e1_e2,208,asymmetric_rps_3x3,3,0,10,1,0.55000000000000004,0.13592676614142829,0.15344999999999998,0.13222364925000002,0.13214871780000001,0.13554337500000002,0.00054583408321470859,1,0.030680016622144389,0.0065789268264401833,0.0065931604114502869,0.00073016096784746709,0,2.7755575615628914e-17,2.7755575615628914e-17,0,2.7755575615628914e-17
v3,58ce92bf16755fdc,full_e1_e2,208,asymmetric_rps_3x3,3,1,10,1,0.14999999999999999,0.056108910187529989,0.062850000000000003,0.054590552750000014,0.054676843400000015,0.055905224999999996,0.00029390194882322057,1,0.030680016622144389,0.0065789268264401833,0.0065931604114502869,0.00073016096784746709,0,2.7755575615628914e-17,2.7755575615628914e-17,0,2.7755575615628914e-17
v3,58ce92bf16755fdc,full_e1_e2,208,asymmetric_rps_3x3,3,2,10,1,0.29999999999999999,-0.19203567632895829,-0.21630000000000002,-0.18681420200000001,-0.18682556120000002,-0.1914486,0.00049279338832485659,1,0.030680016622144389,0.0065789268264401833,0.0065931604114502869,0.00073016096784746709,0,2.7755575615628914e-17,2.7755575615628914e-17,0,2.7755575615628914e-17
v3,58ce92bf16755fdc,full_e1_e2,209,asymmetric_rps_3x3,3,0,20,0.1,0.55000000000000004,0.15327531519855989,0.15344999999999998,0.15327521257124999,0.15327502524262501,0.15297975,0.0058377512957923832,1,0.00030749514913537584,5.6497903404186933e-07,5.1879217453818197e-07,0.00074298894827662507,0,2.7755575615628914e-17,0,0,0
v3,58ce92bf16755fdc,full_e1_e2,209,asymmetric_rps_3x3,3,1,20,0.1,0.14999999999999999,0.062781167663709669,0.062850000000000003,0.062780829488750023,0.062781045215375017,0.063387749999999993,0.0029686783024348989,1,0.00030749514913537584,5.6497903404186933e-07,5.1879217453818197e-07,0.00074298894827662507,0,2.7755575615628914e-17,0,0,0
v3,58ce92bf16755fdc,full_e1_e2,209,asymmetric_rps_3x3,3,2,20,0.1,0.29999999999999999,-0.21605648286226956,-0.21630000000000002,-0.21605604206000001,-0.21605607045800002,-0.21636749999999999,0.005413676434066911,1,0.00030749514913537584,5.6497903404186933e-07,5.1879217453818197e-07,0.00074298894827662507,0,2.7755575615628914e-17,0,0,0
v3,58ce92bf16755fdc,full_e1_e2,210,asymmetric_rps_3x3,3,0,20,0.3,0.55000000000000004,0.15189834752908651,0.15344999999999998,0.15187691314124999,0.15187522718362501,0.1546545,0.0019260107716498403,1,0.002730771979711521,4.1156672653192969e-05,4.1357846559759973e-05,0.003406524038143106,0,2.7755575615628914e-17,0,2.7755575615628914e-17,0
v3,58ce92bf16755fdc,full_e1_e2,210,asymmetric_rps_3x3,3,1,20,0.3,0.14999999999999999,0.062239161618572104,0.062850000000000003,0.062227465398750015,0.062229406938375018,0.061184999999999996,0.00098706247821461627,1,0.002730771979711521,4.1156672653192969e-05,4.1357846559759973e-05,0.003406524038143106,0,2.7755575615628914e-17,0,2.7755575615628914e-17,0
v3,58ce92bf16755fdc,full_e1_e2,210,asymmetric_rps_3x3,3,2,20,0.3,0.29999999999999999,-0.21413750914765861,-0.21630000000000002,-0.21410437854,-0.21410463412200001,-0.21583949999999999,0.0017815915378575945,1,0.002730771979711521,4.1156672653192969e-05,4.1357846559759973e-05,0.003406524038143106,0,2.7755575615628914e-17,0,2.7755575615628914e-17,0
v3,58ce92bf16755fdc,full_e1_e2,211,asymmetric_rps_3x3,3,0,20,0.6,0.55000000000000004,0.14750251330141592,0.15344999999999998,0.14715765256499999,0.14715090873449999,0.14774512500000003,0.00094138033956888442,1,0.010460070014671592,0.00062745245236620376,0.00062850092017929066,0.00032718773998097954,0,2.7755575615628914e-17,0,0,0
v3,58ce92bf16755fdc,full_e1_e2,211,asymmetric_rps_3x3,3,1,20,0.6,0.14999999999999999,0.060515534250778685,0.062850000000000003,0.060359861595000015,0.060367627753500006,0.060297375,0.00049031038512709296,1,0.010460070014671592,0.00062745245236620376,0.00062850092017929066,0.00032718773998097954,0,2.7755575615628914e-17,0,0,0
v3,58ce92bf16755fdc,full_e1_e2,211,asymmetric_rps_3x3,3,2,20,0.6,0.29999999999999999,-0.20801804755219461,-0.21630000000000002,-0.20751751416,-0.207518536488,-0.20804250000000002,0.00086422152303595144,1,0.010460070014671592,0.00062745245236620376,0.00062850092017929066,0.00032718773998097954,0,2.7755575615628914e-17,0,0,0
v3,58ce92bf16755fdc,full_e1_e2,212,asymmetric_rps_3x3,3,0,20,1,0.55000000000000004,0.13838566883117792,0.15344999999999998,0.13597125712499999,0.13595252426249999,0.13844324999999999,0.000538584433418519,1,0.026458978699440926,0.0043397596323268986,0.0043428517786321076,0.00014643648463771272,2.7755575615628914e-17,2.7755575615628914e-17,0,0,2.7755575615628914e-17
v3,58ce92bf16755fdc,full_e1_e2,212,asymmetric_rps_3x3,3,1,20,1,0.14999999999999999,0.056971788194651408,0.062850000000000003,0.055932948875000013,0.05595452153750001,0.05685225,0.00029115379470985494,1,0.026458978699440926,0.0043397596323268986,0.0043428517786321076,0.00014643648463771272,2.7755575615628914e-17,2.7755575615628914e-17,0,0,2.7755575615628914e-17
v3,58ce92bf16755fdc,full_e1_e2,212,asymmetric_rps_3x3,3,2,20,1,0.29999999999999999,-0.19535745702582935,-0.21630000000000002,-0.19190420600000002,-0.19190704580000001,-0.19529550000000001,0.00048554396339278792,1,0.026458978699440926,0.0043397596323268986,0.0043428517786321076,0.00014643648463771272,2.7755575615628914e-17,2.7755575615628914e-17,0,0,2.7755575615628914e-17
v3,58ce92bf16755fdc,full_e1_e2,213,asymmetric_rps_3x3,3,0,inf,0.1,0.55000000000000004,0.15331282600730642,0.15344999999999998,0.15331268864999997,0.15331268864999997,0.15470399999999998,0.0058244597862854644,1,0.00024311903376810482,2.6066168451564213e-07,2.6066168451564213e-07,0.0017242915375799413,0,2.7755575615628914e-17,2.7755575615628914e-17,2.7755575615628914e-17,0
v3,58ce92bf16755fdc,full_e1_e2,213,asymmetric_rps_3x3,3,1,inf,0.1,0.14999999999999999,0.062794325561917011,0.062850000000000003,0.062794253450000018,0.062794253450000018,0.062286000000000001,0.0029692028963640561,1,0.00024311903376810482,2.6066168451564213e-07,2.6066168451564213e-07,0.0017242915375799413,0,2.7755575615628914e-17,2.7755575615628914e-17,2.7755575615628914e-17,0
v3,58ce92bf16755fdc,full_e1_e2,213,asymmetric_rps_3x3,3,2,inf,0.1,0.29999999999999999,-0.21610715156922344,-0.21630000000000002,-0.2161069421,-0.2161069421,-0.21698999999999999,0.0053982372827596518,1,0.00024311903376810482,2.6066168451564213e-07,2.6066168451564213e-07,0.0017242915375799413,0,2.7755575615628914e-17,2.7755575615628914e-17,2.7755575615628914e-17,0
v3,58ce92bf16755fdc,full_e1_e2,214,asymmetric_rps_3x3,3,0,inf,0.3,0.55000000000000004,0.15222523453620246,0.15344999999999998,0.15221419784999998,0.15221419784999998,0.15555375000000002,0.0019259142501042022,1,0.0021695225443255878,2.0929237797296064e-05,2.0929237797296064e-05,0.0042369437166700748,2.7755575615628914e-17,2.7755575615628914e-17,0,0,0
v3,58ce92bf16755fdc,full_e1_e2,214,asymmetric_rps_3x3,3,1,inf,0.3,0.14999999999999999,0.062354061386717216,0.062850000000000003,0.062348281050000023,0.062348281050000023,0.061506249999999998,0.00098565690456852437,1,0.0021695225443255878,2.0929237797296064e-05,2.0929237797296064e-05,0.0042369437166700748,2.7755575615628914e-17,2.7755575615628914e-17,0,0,0
v3,58ce92bf16755fdc,full_e1_e2,214,asymmetric_rps_3x3,3,2,inf,0.3,0.29999999999999999,-0.21457929592291966,-0.21630000000000002,-0.21456247890000002,-0.21456247890000002,-0.21706000000000003,0.0017819375427844076,1,0.0021695225443255878,2.0929237797296064e-05,2.0929237797296064e-05,0.0042369437166700748,2.7755575615628914e-17,2.7755575615628914e-17,0,0,0
v3,58ce92bf16755fdc,full_e1_e2,215,asymmetric_rps_3x3,3,0,inf,0.6,0.55000000000000004,0.14867872345978222,0.15344999999999998,0.14850679139999998,0.14850679139999998,0.14733537499999999,0.00094050288424839419,1,0.0084369459081556041,0.00032528847931752541,0.00032528847931752541,0.0025455868889230041,0,2.7755575615628914e-17,0,0,0
v3,58ce92bf16755fdc,full_e1_e2,215,asymmetric_rps_3x3,3,1,inf,0.6,0.14999999999999999,0.060932474519895877,0.062850000000000003,0.060843124200000015,0.060843124200000015,0.060230625000000003,0.00048872536369987747,1,0.0084369459081556041,0.00032528847931752541,0.00032528847931752541,0.0025455868889230041,0,2.7755575615628914e-17,0,0,0
v3,58ce92bf16755fdc,full_e1_e2,215,asymmetric_rps_3x3,3,2,inf,0.6,0.29999999999999999,-0.20961119797967809,-0.21630000000000002,-0.20934991559999999,-0.20934991559999999,-0.207566,0.0008639838654906116,0,0.0084369459081556041,0.00032528847931752541,0.00032528847931752541,0.0025455868889230041,0,2.7755575615628914e-17,0,0,0
v3,58ce92bf16755fdc,full_e1_e2,216,asymmetric_rps_3x3,3,0,inf,1,0.55000000000000004,0.14096748999359243,0.15344999999999998,0.13971886499999997,0.13971886499999997,0.14086875000000001,0.00053094320820266569,1,0.021990991073268303,0.0023508040927728122,0.0023508040927728122,0.00060653384373467753,0,2.7755575615628914e-17,0,0,0
v3,58ce92bf16755fdc,full_e1_e2,216,asymmetric_rps_3x3,3,1,inf,1,0.14999999999999999,0.057913506922877667,0.062850000000000003,0.057275345000000019,0.057275345000000019,0.058383150000000002,0.00028767814698238506,1,0.021990991073268303,0.0023508040927728122,0.0023508040927728122,0.00060653384373467753,0,2.7755575615628914e-17,0,0,0
v3,58ce92bf16755fdc,full_e1_e2,216,asymmetric_rps_3x3,3,2,inf,1,0.29999999999999999,-0.1988809969164701,-0.21630000000000002,-0.19699421,-0.19699421,-0.19925190000000001,0.00047841363949097674,1,0.021990991073268303,0.0023508040927728122,0.0023508040927728122,0.00060653384373467753,0,2.7755575615628914e-17,0,0,0
v3,58ce92bf16755fdc,full_e1_e2,217,asymmetric_rps_3x3,4,0,1,0.1,0.69999999999999996,-0.080336653732765106,-0.080500000000000016,-0.080241310566666668,-0.080336859166666663,-0.07503300000000003,0.0049504733247948841,1,0.00063683110137909948,0.00018250337862887311,3.7794141125892843e-06,0.0064958114102802366,0,0,0,1.3877787807814457e-17,1.3877787807814457e-17
v3,58ce92bf16755fdc,full_e1_e2,217,asymmetric_rps_3x3,4,1,1,0.1,0.20000000000000001,0.16049081613718719,0.16100000000000003,0.16034396793333336,0.16048825233333339,0.15787400000000007,0.0044721716573826497,1,0.00063683110137909948,0.00018250337862887311,3.7794141125892843e-06,0.0064958114102802366,0,0,0,1.3877787807814457e-17,1.3877787807814457e-17
v3,58ce92bf16755fdc,full_e1_e2,217,asymmetric_rps_3x3,4,2,1,0.1,0.10000000000000001,-0.08015416240442208,-0.080500000000000016,-0.080102657366666691,-0.08015139316666671,-0.082841000000000026,0.0023030380709308271,1,0.00063683110137909948,0.00018250337862887311,3.7794141125892843e-06,0.0064958114102802366,0,0,0,1.3877787807814457e-17,1.3877787807814457e-17
v3,58ce92bf16755fdc,full_e1_e2,218,asymmetric_rps_3x3,4,0,1,0.3,0.69999999999999996,-0.079020980639089536,-0.080500000000000016,-0.078171795099999997,-0.079031732500000007,-0.077466666666666684,0.0016587350960246571,1,0.005494568506581113,0.0018386594638629325,0.00028817154576738559,0.0022163611726286644,1.3877787807814457e-17,0,0,1.3877787807814457e-17,0
v3,58ce92bf16755fdc,full_e1_e2,218,asymmetric_rps_3x3,4,1,1,0.3,0.20000000000000001,0.15659245026601545,0.16100000000000003,0.15509571140000003,0.15639427100000006,0.15501266666666672,0.0014960102861947676,1,0.005494568506581113,0.0018386594638629325,0.00028817154576738559,0.0022163611726286644,1.3877787807814457e-17,0,0,1.3877787807814457e-17,0
v3,58ce92bf16755fdc,full_e1_e2,218,asymmetric_rps_3x3,4,2,1,0.3,0.10000000000000001,-0.077571469626925932,-0.080500000000000016,-0.076923916300000034,-0.077362538500000036,-0.077546000000000032,0.00077472592519417006,1,0.005494568506581113,0.0018386594638629325,0.00028817154576738559,0.0022163611726286644,1.3877787807814457e-17,0,0,1.3877787807814457e-17,0
v3,58ce92bf16755fdc,full_e1_e2,219,asymmetric_rps_3x3,4,0,1,0.6,0.69999999999999996,-0.074657347864207677,-0.080500000000000016,-0.071187180399999994,-0.074626930000000008,-0.074700500000000003,0.00083865177431628583,1,0.019398165539804189,0.0097585751132434652,0.0038711447142554529,0.00069364442704248871,1.3877787807814457e-17,0,0,0,1.3877787807814457e-17
v3,58ce92bf16755fdc,full_e1_e2,219,asymmetric_rps_3x3,4,1,1,0.6,0.20000000000000001,0.14532947885280909,0.16100000000000003,0.13738284560000003,0.14257708400000005,0.14486200000000005,0.00075355837342865788,1,0.019398165539804189,0.0097585751132434652,0.0038711447142554529,0.00069364442704248871,1.3877787807814457e-17,0,0,0,1.3877787807814457e-17
v3,58ce92bf16755fdc,full_e1_e2,219,asymmetric_rps_3x3,4,2,1,0.6,0.10000000000000001,-0.070672130988601395,-0.080500000000000016,-0.066195665200000031,-0.06795015400000004,-0.070161500000000029,0.00039505906870911236,1,0.019398165539804189,0.0097585751132434652,0.0038711447142554529,0.00069364442704248871,1.3877787807814457e-17,0,0,0,1.3877787807814457e-17
v3,58ce92bf16755fdc,full_e1_e2,220,asymmetric_rps_3x3,4,0,1,1,0.69999999999999996,-0.06577950676890626,-0.080500000000000016,-0.054631056666666677,-0.064185916666666676,-0.066122000000000014,0.00051033345273572355,1,0.042901182403632172,0.038087334220322469,0.021993955343917754,0.0007629175322944571,1.3877787807814457e-17,0,6.9388939039072284e-18,0,0
v3,58ce92bf16755fdc,full_e1_e2,220,asymmetric_rps_3x3,4,1,1,1,0.20000000000000001,0.12611274782464241,0.16100000000000003,0.095396793333333368,0.10982523333333337,0.12673460000000003,0.00045568701668961993,1,0.042901182403632172,0.038087334220322469,0.021993955343917754,0.0007629175322944571,1.3877787807814457e-17,0,6.9388939039072284e-18,0,0
v3,58ce92bf16755fdc,full_e1_e2,220,asymmetric_rps_3x3,4,2,1,1,0.10000000000000001,-0.060333241055736161,-0.080500000000000016,-0.040765736666666684,-0.045639316666666693,-0.060612600000000016,0.00024415696838166645,1,0.042901182403632172,0.038087334220322469,0.021993955343917754,0.0007629175322944571,1.3877787807814457e-17,0,6.9388939039072284e-18,0,0
v3,58ce92bf16755fdc,full_e1_e2,221,asymmetric_rps_3x3,4,0,2,0.1,0.69999999999999996,-0.080358999957329272,-0.080500000000000016,-0.080334813329166671,-0.080358700479166656,-0.082432000000000047,0.004955007581606781,1,0.00045827016431999201,4.6630908528875896e-05,1.9269781139181342e-06,0.0034983601904494464,1.3877787807814457e-17,0,1.3877787807814457e-17,0,1.3877787807814457e-17
v3,58ce92bf16755fdc,full_e1_e2,221,asymmetric_rps_3x3,4,1,2,0.1,0.20000000000000001,0.16062934166588944,0.16100000000000003,0.16059178315833336,0.16062785425833337,0.15996400000000008,0.0044784485341272341,1,0.00045827016431999201,4.6630908528875896e-05,1.9269781139181342e-06,0.0034983601904494464,1.3877787807814457e-17,0,1.3877787807814457e-17,0,1.3877787807814457e-17
v3,58ce92bf16755fdc,full_e1_e2,221,asymmetric_rps_3x3,4,2,2,0.1,0.10000000000000001,-0.08027034170856015,-0.080500000000000016,-0.080256969829166705,-0.080269153779166713,-0.077532000000000018,0.0023006831405725059,1,0.00045827016431999201,4.6630908528875896e-05,1.9269781139181342e-06,0.0034983601904494464,1.3877787807814457e-17,0,1.3877787807814457e-17,0,1.3877787807814457e-17
v3,58ce92bf16755fdc,full_e1_e2,222,asymmetric_rps_3x3,4,0,2,0.3,0.69999999999999996,-0.079252520511025173,-0.080500000000000016,-0.079013319962500009,-0.079228304312499997,-0.079209666666666706,0.0016456309007956927,1,0.0039945212298443025,0.00054008562982372761,0.00014960196959833263,0.0012893403268696424,1.3877787807814457e-17,0,1.3877787807814457e-17,0,1.3877787807814457e-17
v3,58ce92bf16755fdc,full_e1_e2,222,asymmetric_rps_3x3,4,1,2,0.3,0.20000000000000001,0.15776648131443757,0.16100000000000003,0.15732604842500006,0.15765068832500004,0.15865600000000007,0.00148462546747488,1,0.0039945212298443025,0.00054008562982372761,0.00014960196959833263,0.0012893403268696424,1.3877787807814457e-17,0,1.3877787807814457e-17,0,1.3877787807814457e-17
v3,58ce92bf16755fdc,full_e1_e2,222,asymmetric_rps_3x3,4,2,2,0.3,0.10000000000000001,-0.078513960803412414,-0.080500000000000016,-0.078312728462500036,-0.07842238401250004,-0.079446333333333355,0.00076759659778494215,1,0.0039945212298443025,0.00054008562982372761,0.00014960196959833263,0.0012893403268696424,1.3877787807814457e-17,0,1.3877787807814457e-17,0,1.3877787807814457e-17
v3,58ce92bf16755fdc,full_e1_e2,223,asymmetric_rps_3x3,4,0,2,0.6,0.69999999999999996,-0.075791626785622429,-0.080500000000000016,-0.074553279850000001,-0.075413217249999998,-0.075338666666666693,0.00081930422446485065,1,0.014491602567833984,0.0036165623269564791,0.0021064236874334952,0.0010305470598859032,1.3877787807814457e-17,0,0,0,0
v3,58ce92bf16755fdc,full_e1_e2,223,asymmetric_rps_3x3,4,1,2,0.6,0.20000000000000001,0.14924492573538095,0.16100000000000003,0.14630419370000003,0.14760275330000003,0.14840433333333339,0.00073631885018200988,1,0.014491602567833984,0.0036165623269564791,0.0021064236874334952,0.0010305470598859032,1.3877787807814457e-17,0,0,0,0
v3,58ce92bf16755fdc,full_e1_e2,223,asymmetric_rps_3x3,4,2,2,0.6,0.10000000000000001,-0.073453298949758536,-0.080500000000000016,-0.071750913850000028,-0.07218953605000003,-0.073065666666666695,0.00038505835495735119,1,0.014491602567833984,0.0036165623269564791,0.0021064236874334952,0.0010305470598859032,1.3877787807814457e-17,0,0,0,0
v3,58ce92bf16755fdc,full_e1_e2,224,asymmetric_rps_3x3,4,0,2,1,0.69999999999999996,-0.069022298401360621,-0.080500000000000016,-0.063981332916666689,-0.066370047916666675,-0.068526500000000032,0.0004862098275007734,1,0.033369620567820286,0.016950235066628266,0.01279298588684722,0.00080489951891270879,0,0,0,0,1.3877787807814457e-17
v3,58ce92bf16755fdc,full_e1_e2,224,asymmetric_rps_3x3,4,1,2,1,0.20000000000000001,0.13386108931923163,0.16100000000000003,0.12017831583333338,0.12378542583333337,0.13323960000000004,0.00043374337419282072,1,0.033369620567820286,0.016950235066628266,0.01279298588684722,0.00080489951891270879,0,0,0,0,1.3877787807814457e-17
v3,58ce92bf16755fdc,full_e1_e2,224,asymmetric_rps_3x3,4,2,2,1,0.10000000000000001,-0.064838790917871009,-0.080500000000000016,-0.056196982916666693,-0.057415377916666691,-0.064713100000000023,0.00023233454591828606,1,0.033369620567820286,0.016950235066628266,0.01279298588684722,0.00080489951891270879,0,0,0,0,1.3877787807814457e-17
v3,58ce92bf16755fdc,full_e1_e2,225,asymmetric_rps_3x3,4,0,5,0.1,0.69999999999999996,-0.080394942460758428,-0.080500000000000016,-0.080390914986666645,-0.080394736930666663,-0.079779000000000017,0.0049498496620052406,1,0.00031138587782519314,8.0282192830374069e-06,9.102158073145776e-07,0.0018223515383089233,0,0,0,1.3877787807814457e-17,1.3877787807814457e-17
v3,58ce92bf16755fdc,full_e1_e2,225,asymmetric_rps_3x3,4,1,5,0.1,0.20000000000000001,0.16074696495232077,0.16100000000000003,0.16074047229333335,0.16074624366933338,0.16161200000000003,0.0044738807659620919,1,0.00031138587782519314,8.0282192830374069e-06,9.102158073145776e-07,0.0018223515383089233,0,0,0,1.3877787807814457e-17,1.3877787807814457e-17
v3,58ce92bf16755fdc,full_e1_e2,225,asymmetric_rps_3x3,4,2,5,0.1,0.10000000000000001,-0.080352022491562342,-0.080500000000000016,-0.080349557306666708,-0.0803515067386667,-0.081833000000000031,0.0022984340757026302,1,0.00031138587782519314,8.0282192830374069e-06,9.102158073145776e-07,0.0018223515383089233,0,0,0,1.3877787807814457e-17,1.3877787807814457e-17
v3,58ce92bf16755fdc,full_e1_e2,226,asymmetric_rps_3x3,4,0,5,0.3,0.69999999999999996,-0.079568993329633964,-0.080500000000000016,-0.079518234879999997,-0.079552632375999993,-0.078535333333333374,0.0016404410559619029,1,0.0027398252981767623,0.00013315673558141438,7.1485289472109949e-05,0.0014064575322549526,1.3877787807814457e-17,0,0,0,0
v3,58ce92bf16755fdc,full_e1_e2,226,asymmetric_rps_3x3,4,1,5,0.3,0.20000000000000001,0.15877289476113243,0.16100000000000003,0.15866425064000003,0.15871619302400003,0.1586893333333334,0.0014799937938403417,1,0.0027398252981767623,0.00013315673558141438,7.1485289472109949e-05,0.0014064575322549526,1.3877787807814457e-17,0,0,0,0
v3,58ce92bf16755fdc,full_e1_e2,226,asymmetric_rps_3x3,4,2,5,0.3,0.10000000000000001,-0.079203901431498455,-0.080500000000000016,-0.079146015760000035,-0.079163560648000036,-0.080154000000000031,0.00076506773435564511,1,0.0027398252981767623,0.00013315673558141438,7.1485289472109949e-05,0.0014064575322549526,1.3877787807814457e-17,0,0,0,0
v3,58ce92bf16755fdc,full_e1_e2,227,asymmetric_rps_3x3,4,0,5,0.6,0.69999999999999996,-0.0769579203794378,-0.080500000000000016,-0.076572939519999994,-0.076710529504000008,-0.078072166666666692,0.00080637874228031009,1,0.010212192633791934,0.001281100452287509,0.001039762969231924,0.0013960385990736545,0,0,0,0,1.3877787807814457e-17
v3,58ce92bf16755fdc,full_e1_e2,227,asymmetric_rps_3x3,4,1,5,0.6,0.20000000000000001,0.15269178242205531,0.16100000000000003,0.15165700256000003,0.15186477209600005,0.15345700000000004,0.00072500765019099236,1,0.010212192633791934,0.001281100452287509,0.001039762969231924,0.0013960385990736545,0,0,0,0,1.3877787807814457e-17
v3,58ce92bf16755fdc,full_e1_e2,227,asymmetric_rps_3x3,4,2,5,0.6,0.10000000000000001,-0.075733862042617506,-0.080500000000000016,-0.075084063040000038,-0.075154242592000042,-0.075384833333333359,0.00037814738482557007,1,0.010212192633791934,0.001281100452287509,0.001039762969231924,0.0013960385990736545,0,0,0,0,1.3877787807814457e-17
v3,58ce92bf16755fdc,full_e1_e2,228,asymmetric_rps_3x3,4,0,5,1,0.69999999999999996,-0.071663718289065204,-0.080500000000000016,-0.069591498666666668,-0.069973693066666662,-0.071782900000000011,0.00046640262941520147,1,0.024621974099080499,0.0073267891187947772,0.0066571980199688898,0.00015216400736900191,0,0,1.3877787807814457e-17,1.3877787807814457e-17,0
v3,58ce92bf16755fdc,full_e1_e2,228,asymmetric_rps_3x3,4,1,5,1,0.20000000000000001,0.14094341617818701,0.16100000000000003,0.13504722933333338,0.13562436693333335,0.14103340000000003,0.00041588544931523493,1,0.024621974099080499,0.0073267891187947772,0.0066571980199688898,0.00015216400736900191,0,0,1.3877787807814457e-17,1.3877787807814457e-17,0
v3,58ce92bf16755fdc,full_e1_e2,228,asymmetric_rps_3x3,4,2,5,1,0.10000000000000001,-0.069279697889121805,-0.080500000000000016,-0.065455730666666698,-0.065650673866666703,-0.06925050000000002,0.00022254960899761731,1,0.024621974099080499,0.0073267891187947772,0.0066571980199688898,0.00015216400736900191,0,0,1.3877787807814457e-17,1.3877787807814457e-17,0
v3,58ce92bf16755fdc,full_e1_e2,229,asymmetric_rps_3x3,4,0,10,0.1,0.69999999999999996,-0.080410711828526465,-0.080500000000000016,-0.080409615539166673,-0.080410571025166661,-0.087472000000000022,0.0049508251981291692,1,0.00025564962739667508,2.3617643364587465e-06,6.0328897384733653e-07,0.010614236876282965,0,0,1.3877787807814457e-17,1.3877787807814457e-17,0
v3,58ce92bf16755fdc,full_e1_e2,229,asymmetric_rps_3x3,4,1,10,0.1,0.20000000000000001,0.16079195737442825,0.16100000000000003,0.16079003533833336,0.16079147818233336,0.16867400000000005,0.0044725507230896624,1,0.00025564962739667508,2.3617643364587465e-06,6.0328897384733653e-07,0.010614236876282965,0,0,1.3877787807814457e-17,1.3877787807814457e-17,0
v3,58ce92bf16755fdc,full_e1_e2,229,asymmetric_rps_3x3,4,2,10,0.1,0.10000000000000001,-0.080381245545901786,-0.080500000000000016,-0.0803804197991667,-0.080380907157166712,-0.081202000000000024,0.0023024062724361269,1,0.00025564962739667508,2.3617643364587465e-06,6.0328897384733653e-07,0.010614236876282965,0,0,1.3877787807814457e-17,1.3877787807814457e-17,0
v3,58ce92bf16755fdc,full_e1_e2,230,asymmetric_rps_3x3,4,0,10,0.3,0.69999999999999996,-0.079706381343099389,-0.080500000000000016,-0.079686539852500002,-0.079695139226500011,-0.078399999999999997,0.0016388381411696113,1,0.0022590985380424996,6.27945368968154e-05,4.765073554094472e-05,0.0023186765189080962,1.3877787807814457e-17,0,1.3877787807814457e-17,0,0
v3,58ce92bf16755fdc,full_e1_e2,230,asymmetric_rps_3x3,4,1,10,0.3,0.20000000000000001,0.15916118159638504,0.16100000000000003,0.15911031804500003,0.15912330364100005,0.15732133333333337,0.0014782679365521801,1,0.0022590985380424996,6.27945368968154e-05,4.765073554094472e-05,0.0023186765189080962,1.3877787807814457e-17,0,1.3877787807814457e-17,0,0
v3,58ce92bf16755fdc,full_e1_e2,230,asymmetric_rps_3x3,4,2,10,0.3,0.10000000000000001,-0.079454800253285635,-0.080500000000000016,-0.079423778192500044,-0.079428164414500041,-0.078921333333333371,0.0007647256130256313,1,0.0022590985380424996,6.27945368968154e-05,4.765073554094472e-05,0.0023186765189080962,1.3877787807814457e-17,0,1.3877787807814457e-17,0,0
v3,58ce92bf16755fdc,full_e1_e2,231,asymmetric_rps_3x3,4,0,10,0.6,0.69999999999999996,-0.077452204440719361,-0.080500000000000016,-0.077246159410000001,-0.077280556905999997,-0.077443333333333336,0.0008019637160641709,1,0.0085276389074736315,0.00076442660596160968,0.0007045324607578209,0.00037574260201005176,1.3877787807814457e-17,0,1.3877787807814457e-17,0,1.3877787807814457e-17
v3,58ce92bf16755fdc,full_e1_e2,231,asymmetric_rps_3x3,4,1,10,0.6,0.20000000000000001,0.15405452317549179,0.16100000000000003,0.15344127218000003,0.15349321456400003,0.15431566666666668,0.00072133905995314443,1,0.0085276389074736315,0.00076442660596160968,0.0007045324607578209,0.00037574260201005176,1.3877787807814457e-17,0,1.3877787807814457e-17,0,1.3877787807814457e-17
v3,58ce92bf16755fdc,full_e1_e2,231,asymmetric_rps_3x3,4,2,10,0.6,0.10000000000000001,-0.07660231873477244,-0.080500000000000016,-0.076195112770000045,-0.076212657658000033,-0.076872333333333362,0.00037533924057733711,1,0.0085276389074736315,0.00076442660596160968,0.0007045324607578209,0.00037574260201005176,1.3877787807814457e-17,0,1.3877787807814457e-17,0,1.3877787807814457e-17
v3,58ce92bf16755fdc,full_e1_e2,232,asymmetric_rps_3x3,4,0,10,1,0.69999999999999996,-0.0727536145416878,-0.080500000000000016,-0.07146155391666667,-0.071557102516666665,-0.072522800000000026,0.00045866882282562569,1,0.021027858580607277,0.004804468443163709,0.0046375177570627379,0.00030982695648044636,1.3877787807814457e-17,0,1.3877787807814457e-17,0,1.3877787807814457e-17
v3,58ce92bf16755fdc,full_e1_e2,232,asymmetric_rps_3x3,4,1,10,1,0.20000000000000001,0.14385727252046754,0.16100000000000003,0.14000353383333336,0.14014781823333336,0.14365220000000004,0.0004091614435222781,1,0.021027858580607277,0.004804468443163709,0.0046375177570627379,0.00030982695648044636,1.3877787807814457e-17,0,1.3877787807814457e-17,0,1.3877787807814457e-17
v3,58ce92bf16755fdc,full_e1_e2,232,asymmetric_rps_3x3,4,2,10,1,0.10000000000000001,-0.071103657978779752,-0.080500000000000016,-0.068541979916666704,-0.068590715716666695,-0.071129400000000023,0.00021829078975289931,1,0.021027858580607277,0.004804468443163709,0.0046375177570627379,0.00030982695648044636,1.3877787807814457e-17,0,1.3877787807814457e-17,0,1.3877787807814457e-17
v3,58ce92bf16755fdc,full_e1_e2,233,asymmetric_rps_3x3,4,0,20,0.1,0.69999999999999996,-0.080419309688514254,-0.080500000000000016,-0.080418965815416688,-0.080419204686916657,-0.073703000000000018,0.0049459280105147545,1,0.0002265019279060406,8.891304335170115e-07,4.6017768074954849e-07,0.009327368705748686,1.3877787807814457e-17,0,1.3877787807814457e-17,0,0
v3,58ce92bf16755fdc,full_e1_e2,233,asymmetric_rps_3x3,4,1,20,0.1,0.20000000000000001,0.1608155425030201,0.16100000000000003,0.16081481686083338,0.16081517757183336,0.15434800000000004,0.0044691234606712921,1,0.0002265019279060406,8.891304335170115e-07,4.6017768074954849e-07,0.009327368705748686,1.3877787807814457e-17,0,1.3877787807814457e-17,0,0
v3,58ce92bf16755fdc,full_e1_e2,233,asymmetric_rps_3x3,4,2,20,0.1,0.10000000000000001,-0.080396232814505836,-0.080500000000000016,-0.080395851045416702,-0.080395972884916705,-0.080645000000000022,0.0022980161133302106,1,0.0002265019279060406,8.891304335170115e-07,4.6017768074954849e-07,0.009327368705748686,1.3877787807814457e-17,0,1.3877787807814457e-17,0,0
v3,58ce92bf16755fdc,full_e1_e2,234,asymmetric_rps_3x3,4,0,20,0.3,0.69999999999999996,-0.079781250121198605,-0.080500000000000016,-0.079770692338750018,-0.079772842182250003,-0.078094333333333349,0.0016401755063502313,1,0.0020066273397569751,4.0200947881034508e-05,3.6477376737577505e-05,0.0021097503872753776,0,0,1.3877787807814457e-17,1.3877787807814457e-17,0
v3,58ce92bf16755fdc,full_e1_e2,234,asymmetric_rps_3x3,4,1,20,0.3,0.20000000000000001,0.15936554639670353,0.16100000000000003,0.15933335174750007,0.15933659814650003,0.15822000000000006,0.0014813524321370913,1,0.0020066273397569751,4.0200947881034508e-05,3.6477376737577505e-05,0.0021097503872753776,0,0,1.3877787807814457e-17,1.3877787807814457e-17,0
v3,58ce92bf16755fdc,full_e1_e2,234,asymmetric_rps_3x3,4,2,20,0.3,0.10000000000000001,-0.079584296275504923,-0.080500000000000016,-0.079562659408750042,-0.079563755964250041,-0.080125666666666706,0.00076149232725035128,1,0.0020066273397569751,4.0200947881034508e-05,3.6477376737577505e-05,0.0021097503872753776,0,0,1.3877787807814457e-17,1.3877787807814457e-17,0
v3,58ce92bf16755fdc,full_e1_e2,235,asymmetric_rps_3x3,4,0,20,0.6,0.69999999999999996,-0.077720921053971145,-0.080500000000000016,-0.077582769354999997,-0.077591368729000007,-0.077669666666666679,0.00079902320091808246,1,0.0076324742163664501,0.00055984758053974869,0.00054499195381818555,0.00088547291020059935,1.3877787807814457e-17,0,0,1.3877787807814457e-17,1.3877787807814457e-17
v3,58ce92bf16755fdc,full_e1_e2,235,asymmetric_rps_3x3,4,1,20,0.6,0.20000000000000001,0.15477984239981454,0.16100000000000003,0.15433340699000003,0.15434639258600003,0.15412966666666669,0.0007181371202691772,1,0.0076324742163664501,0.00055984758053974869,0.00054499195381818555,0.00088547291020059935,1.3877787807814457e-17,0,0,1.3877787807814457e-17,1.3877787807814457e-17
v3,58ce92bf16755fdc,full_e1_e2,235,asymmetric_rps_3x3,4,2,20,0.6,0.10000000000000001,-0.077058921345843384,-0.080500000000000016,-0.076750637635000035,-0.076755023857000032,-0.076460000000000028,0.00037504116900304436,1,0.0076324742163664501,0.00055984758053974869,0.00054499195381818555,0.00088547291020059935,1.3877787807814457e-17,0,0,1.3877787807814457e-17,1.3877787807814457e-17
v3,58ce92bf16755fdc,full_e1_e2,236,asymmetric_rps_3x3,4,0,20,1,0.69999999999999996,-0.073340269267686026,-0.080500000000000016,-0.072396581541666671,-0.07242046869166667,-0.07387450000000001,0.00045465373741393006,1,0.019083931433567874,0.0036942799667448252,0.0036527586487287286,0.00072295357595960794,0,0,2.7755575615628914e-17,0,0
v3,58ce92bf16755fdc,full_e1_e2,236,asymmetric_rps_3x3,4,1,20,1,0.20000000000000001,0.14543464710261891,0.16100000000000003,0.14248168608333339,0.14251775718333337,0.14591920000000003,0.00040558930380548368,1,0.019083931433567874,0.0036942799667448252,0.0036527586487287286,0.00072295357595960794,0,0,2.7755575615628914e-17,0,0
v3,58ce92bf16755fdc,full_e1_e2,236,asymmetric_rps_3x3,4,2,20,1,0.10000000000000001,-0.072094377834932888,-0.080500000000000016,-0.070085104541666693,-0.070097288491666701,-0.072044700000000017,0.00021634270057843523,1,0.019083931433567874,0.0036942799667448252,0.0036527586487287286,0.00072295357595960794,0,0,2.7755575615628914e-17,0,0
v3,58ce92bf16755fdc,full_e1_e2,237,asymmetric_rps_3x3,4,0,inf,0.1,0.69999999999999996,-0.080428383799587708,-0.080500000000000016,-0.080428316091666674,-0.080428316091666674,-0.081431000000000031,0.004940711117726552,1,0.00019650097689605868,3.2580819585528701e-07,3.2580819585528701e-07,0.002112132036799184,1.3877787807814457e-17,0,1.3877787807814457e-17,1.3877787807814457e-17,1.3877787807814457e-17
v3,58ce92bf16755fdc,full_e1_e2,237,asymmetric_rps_3x3,4,1,inf,0.1,0.20000000000000001,0.16083985503141032,0.16100000000000003,0.16083959838333337,0.16083959838333337,0.16012600000000007,0.0044610913719067835,1,0.00019650097689605868,3.2580819585528701e-07,3.2580819585528701e-07,0.002112132036799184,1.3877787807814457e-17,0,1.3877787807814457e-17,1.3877787807814457e-17,1.3877787807814457e-17
v3,58ce92bf16755fdc,full_e1_e2,237,asymmetric_rps_3x3,4,2,inf,0.1,0.10000000000000001,-0.080411471231822601,-0.080500000000000016,-0.080411282291666705,-0.080411282291666705,-0.078695000000000029,0.0023031054885413863,1,0.00019650097689605868,3.2580819585528701e-07,3.2580819585528701e-07,0.002112132036799184,1.3877787807814457e-17,0,1.3877787807814457e-17,1.3877787807814457e-17,1.3877787807814457e-17
v3,58ce92bf16755fdc,full_e1_e2,238,asymmetric_rps_3x3,4,0,inf,0.3,0.69999999999999996,-0.079860289688979819,-0.080500000000000016,-0.079854844825000007,-0.079854844825000007,-0.079508333333333375,0.0016381796511236568,1,0.0017459775904753651,2.5939026798017856e-05,2.5939026798017856e-05,0.00045660183858341587,0,0,1.3877787807814457e-17,1.3877787807814457e-17,0
v3,58ce92bf16755fdc,full_e1_e2,238,asymmetric_rps_3x3,4,1,inf,0.3,0.20000000000000001,0.15957683305188464,0.16100000000000003,0.15955638545000006,0.15955638545000006,0.15950733333333339,0.001479329633685754,1,0.0017459775904753651,2.5939026798017856e-05,2.5939026798017856e-05,0.00045660183858341587,0,0,1.3877787807814457e-17,1.3877787807814457e-17,0
v3,58ce92bf16755fdc,full_e1_e2,238,asymmetric_rps_3x3,4,2,inf,0.3,0.10000000000000001,-0.079716543362904818,-0.080500000000000016,-0.079701540625000039,-0.079701540625000039,-0.079999000000000015,0.00076115010056284076,1,0.0017459775904753651,2.5939026798017856e-05,2.5939026798017856e-05,0.00045660183858341587,0,0,1.3877787807814457e-17,1.3877787807814457e-17,0
v3,58ce92bf16755fdc,full_e1_e2,239,asymmetric_rps_3x3,4,0,inf,0.6,0.69999999999999996,-0.07800442931005222,-0.080500000000000016,-0.07791937929999998,-0.07791937929999998,-0.079299500000000023,0.00079873500763960169,1,0.0067007117181843278,0.00039258381462065582,0.00039258381462065582,0.0015867733330922147,0,0,1.3877787807814457e-17,1.3877787807814457e-17,1.3877787807814457e-17
v3,58ce92bf16755fdc,full_e1_e2,239,asymmetric_rps_3x3,4,1,inf,0.6,0.20000000000000001,0.15553571563762894,0.16100000000000003,0.15522554180000003,0.15522554180000003,0.15615133333333336,0.00071829923542742608,1,0.0067007117181843278,0.00039258381462065582,0.00039258381462065582,0.0015867733330922147,0,0,1.3877787807814457e-17,1.3877787807814457e-17,1.3877787807814457e-17
v3,58ce92bf16755fdc,full_e1_e2,239,asymmetric_rps_3x3,4,2,inf,0.6,0.10000000000000001,-0.077531286327576721,-0.080500000000000016,-0.077306162500000039,-0.077306162500000039,-0.076851833333333355,0.00037388990922219642,1,0.0067007117181843278,0.00039258381462065582,0.00039258381462065582,0.0015867733330922147,0,0,1.3877787807814457e-17,1.3877787807814457e-17,1.3877787807814457e-17
v3,58ce92bf16755fdc,full_e1_e2,240,asymmetric_rps_3x3,4,0,inf,1,0.69999999999999996,-0.073952839702044595,-0.080500000000000016,-0.073331609166666673,-0.073331609166666673,-0.074523400000000017,0.00045051642559827801,1,0.017037862973298665,0.0026921570730421792,0.0026921570730421792,0.00072123260963434077,0,0,0,0,1.3877787807814457e-17
v3,58ce92bf16755fdc,full_e1_e2,240,asymmetric_rps_3x3,4,1,inf,1,0.20000000000000001,0.14709649010651751,0.16100000000000003,0.14495983833333337,0.14495983833333337,0.14750800000000003,0.0004019548363585795,1,0.017037862973298665,0.0026921570730421792,0.0026921570730421792,0.00072123260963434077,0,0,0,0,1.3877787807814457e-17
v3,58ce92bf16755fdc,full_e1_e2,240,asymmetric_rps_3x3,4,2,inf,1,0.10000000000000001,-0.073143650404472918,-0.080500000000000016,-0.071628229166666696,-0.071628229166666696,-0.072984600000000024,0.00021405568888443433,1,0.017037862973298665,0.0026921570730421792,0.0026921570730421792,0.00072123260963434077,0,0,0,0,1.3877787807814457e-17
