schema_version,config_hash,kernel,sampling_mode,m,inverse_m,beta,max_real_eigenvalue,jacobian_step_spread,residual_l2,branch_step_l2,candidate_solution_count,candidate_equilibrium_spread,equilibrium
v3.3,393de51ec9fec163,fermi,independent,1,1.0,0.05,-0.004319852269232309,2.164314699681924e-10,5.896566511236518e-14,0.0,1,0.0,"[0.5948052257085417,0.35456627475877134,0.050628499532687055]"
v3.3,393de51ec9fec163,fermi,independent,1,1.0,0.060000000000000005,-0.004263775265667569,1.4397563696810778e-10,2.1684259455657876e-15,0.00022744937452776268,1,0.0,"[0.5946295056512574,0.35470617760716355,0.05066431674157922]"
v3.3,393de51ec9fec163,fermi,independent,1,1.0,0.07,-0.004197654439785051,1.6049684498087302e-10,1.3262996457195979e-15,0.00026813757916654117,1,0.0,"[0.594422339634666,0.354871084035601,0.05070657632973302]"
v3.3,393de51ec9fec163,fermi,independent,1,1.0,0.08,-0.004121567513199288,1.4718251617473754e-10,5.055554290533558e-15,0.0003084976819102871,1,0.0,"[0.5941839753419017,0.3550607804204266,0.05075524423767169]"
v3.3,393de51ec9fec163,fermi,independent,1,1.0,0.09,-0.00403560535553326,2.1443420650246736e-10,1.6227565061779238e-14,0.00034848295102367095,1,0.0,"[0.5939146956569077,0.35527502253684984,0.05081028180624246]"
v3.3,393de51ec9fec163,fermi,independent,1,1.0,0.1,-0.00393987369671471,2.3163621021282665e-10,1.8945329937135188e-10,0.0003880473804781113,1,0.0,"[0.5936148180715749,0.3555135359314583,0.05087164599696681]"
v3.3,393de51ec9fec163,fermi,independent,1,1.0,0.11,-0.0038344880092025455,1.5575347261931327e-10,1.7037220391513818e-10,0.0004271497727324936,1,0.0,"[0.5932846910884811,0.3557760191101725,0.05093928980134628]"
v3.3,393de51ec9fec163,fermi,independent,1,1.0,0.12000000000000001,-0.0037195821886766636,2.002957175117892e-10,1.4575586319655584e-10,0.0004657458267022179,1,0.0,"[0.5929246964340503,0.3560621412418927,0.0510131623240569]"
v3.3,393de51ec9fec163,fermi,independent,1,1.0,0.13,-0.0035953031133100777,1.290860682234829e-10,1.1502100787783026e-10,0.0005037963729507856,1,0.0,"[0.5925352452181112,0.35637154555539136,0.051093209226497495]"
v3.3,393de51ec9fec163,fermi,independent,1,1.0,0.14,-0.003461812261069702,1.4262254571795197e-10,7.934559604471027e-11,0.0005412633250621461,1,0.0,"[0.5921167770674602,0.35670384993053267,0.051179373002007006]"
v3.3,393de51ec9fec163,fermi,independent,1,1.0,0.15000000000000002,-0.0033192857463880815,1.387030143518153e-10,4.3215634563170204e-11,0.0005781105686758191,1,0.0,"[0.5916697586061291,0.3570586481029611,0.05127159329090962]"
v3.3,393de51ec9fec163,fermi,independent,1,1.0,0.16,-0.003167914207796281,2.371066745721073e-10,4.713585666058698e-12,0.0006143040468279876,1,0.0,"[0.5911946818742014,0.3574355109285876,0.05136980719721088]"
v3.3,393de51ec9fec163,fermi,independent,1,1.0,0.16999999999999998,-0.003007903001945998,1.322702988804103e-10,8.516246627867375e-12,0.0006498115252752742,1,0.0,"[0.590692062920252,0.35783398748591105,0.051473949593836915]"
v3.3,393de51ec9fec163,fermi,independent,1,1.0,0.18,-0.0028394709351858075,8.086163683085346e-11,1.485230971338166e-11,0.0006846033557575124,1,0.0,"[0.5901624398377906,0.35825360671509776,0.051583953447111607]"
v3.3,393de51ec9fec163,fermi,independent,1,1.0,0.19,-0.0026628507533025883,1.2819802164276695e-10,2.5097778119386266e-11,0.0007186514186556069,1,0.0,"[0.5896063715805141,0.3586938783261652,0.051699750093320604]"
v3.3,393de51ec9fec163,fermi,independent,1,1.0,0.2,-0.0024782879608069713,6.46439013429756e-11,1.3249209586236793e-13,0.0007519299560502638,1,0.0,"[0.5890244361697343,0.35915429429110146,0.05182126953916431]"
v3.3,393de51ec9fec163,fermi,independent,1,1.0,0.21000000000000002,-0.0022860411046680892,6.645201056088013e-11,2.5571833250089776e-13,0.0007844146408647224,1,0.0,"[0.5884172295958275,0.3596343297090706,0.0519484406951019]"
v3.3,393de51ec9fec163,fermi,independent,1,1.0,0.22000000000000003,-0.0020863796702291354,1.6195737112534303e-10,1.91234708866978e-12,0.0008160838644039556,1,0.0,"[0.5877853637699145,0.3601334445545497,0.052081191675535696]"
v3.3,393de51ec9fec163,fermi,independent,1,1.0,0.22999999999999998,-0.0018795839682579293,6.833928561933433e-11,8.613293379788456e-13,0.0008469175265808871,1,0.0,"[0.587129465379323,0.36065108461501694,0.052219450005660105]"
v3.3,393de51ec9fec163,fermi,independent,1,1.0,0.24,-0.0016659439450511723,2.1607207689733343e-10,1.5100092484744963e-12,0.000876897461067429,1,0.0,"[0.5864501744315801,0.3611866827230865,0.05236314284533337]"
v3.3,393de51ec9fec163,fermi,independent,1,1.0,0.25,-0.0014457580608016121,1.2822284900515513e-10,2.573529906885406e-12,0.0009060073997794133,1,0.0,"[0.5857481428334619,0.361739659980499,0.052512197186039035]"
v3.3,393de51ec9fec163,fermi,independent,1,1.0,0.26,-0.0012193321758627862,1.530472137911687e-10,4.269756939897215e-12,0.0009342328402568871,1,0.0,"[0.5850240330724125,0.36230942689816154,0.05266654002942591]"
v3.3,393de51ec9fec163,fermi,independent,1,1.0,0.27,-0.0009869783380472494,1.1773185898400484e-10,6.902176279816548e-12,0.0009615610304785514,1,0.0,"[0.584278516916002,0.36289538453796494,0.0528260985460332]"
v3.3,393de51ec9fec163,fermi,independent,1,1.0,0.28,-0.0007490135764326167,7.160688708651719e-11,1.0878177030963323e-11,0.0009879809139559273,1,0.0,"[0.5835122741577895,0.3634969256272299,0.0529908002149806]"
v3.3,393de51ec9fec163,fermi,independent,1,1.0,0.29,-0.0005057586281623158,1.2356864143026058e-10,1.6719436925825645e-11,0.0010134830808039067,1,0.0,"[0.5827259914050733,0.3641134356498293,0.05316057294509746]"
v3.3,393de51ec9fec163,fermi,independent,1,1.0,0.3,-0.0002575367478331661,1.543496719325077e-10,2.5057663561096456e-11,0.0010380597195440656,1,0.0,"[0.5819203609076976,0.36474429391407254,0.053335345178229854]"
v3.3,393de51ec9fec163,fermi,independent,1,1.0,0.31,-4.672225634931582e-06,1.3465772941145815e-10,4.7439817733380495e-12,0.0010617047013476843,1,0.0,"[0.581096079329086,0.36538887468660647,0.053515045984307424]"
v3.3,393de51ec9fec163,fermi,independent,1,1.0,0.32,0.00025251006029122086,2.3118456454751524e-10,6.122911746236527e-12,0.00108441293508859,1,0.0,"[0.5802538470013994,0.3660465478975724,0.05369960510102813]"
v3.3,393de51ec9fec163,fermi,independent,1,1.0,0.33,0.0005136867735333409,6.842581362631606e-11,7.83157670017999e-12,0.0011061814208896293,1,0.0,"[0.5793943664013144,0.36671668056754125,0.053888953031144465]"
v3.3,393de51ec9fec163,fermi,independent,1,1.0,0.33999999999999997,0.0007785366555468007,7.356532744084987e-11,9.93228625393753e-12,0.0011270081904861918,1,0.0,"[0.5785183414174271,0.3673986375232783,0.05408302105929474]"
v3.3,393de51ec9fec163,fermi,independent,1,1.0,0.35,0.0010467417173239194,2.1111441067533931e-10,1.2495210873266216e-11,0.0011468927360421103,1,0.0,"[0.5776264763019671,0.3680917824105192,0.054281741287513716]"
v3.3,393de51ec9fec163,fermi,independent,1,1.0,0.36,0.00131798815550669,6.612285718965438e-11,1.5600091557497555e-11,0.001165835879259018,1,0.0,"[0.5767194747225659,0.3687954786236525,0.0544850466537817]"
v3.3,393de51ec9fec163,fermi,independent,1,1.0,0.37,0.0015919673509957877,1.9414683055662962e-10,1.933535501369783e-11,0.0011838397292484465,1,0.0,"[0.5757980388476059,0.3695090902117568,0.05469287094063719]"
v3.3,393de51ec9fec163,fermi,independent,1,1.0,0.38,0.0018683766525348575,1.3275160137826703e-10,2.3801632940111096e-11,0.001200907640647945,1,0.0,"[0.5748628684645051,0.3702319827604506,0.054905148775044335]"
v3.3,393de51ec9fec163,fermi,independent,1,1.0,0.39,0.0021469201469500737,1.0905603503585937e-10,2.910737185246916e-11,0.001217044171856559,1,0.0,"[0.5739146601303929,0.370963524248937,0.05512181562067002]"
v3.3,393de51ec9fec163,fermi,independent,1,1.0,0.4,0.002427309535752896,1.4717557728083364e-10,1.25091488690342e-12,0.0012322551858571689,1,0.0,"[0.5729541062485847,0.3717030859785258,0.055342807772889524]"
v3.3,393de51ec9fec163,fermi,independent,1,1.0,0.41,0.0027092639364980978,1.309015812411829e-10,2.5886569524995264e-12,0.001246547119491421,1,0.0,"[0.5719818946894987,0.37245004300656276,0.05556806230393858]"
v3.3,393de51ec9fec163,fermi,independent,1,1.0,0.42,0.0029925115398598823,1.3982139057677756e-10,4.197760433976181e-12,0.0012599282711381493,1,0.0,"[0.570998707453033,0.3732037754577541,0.055797517089212954]"
v3.3,393de51ec9fec163,fermi,independent,1,1.0,0.43,0.003276789315053097,1.990415401942336e-10,5.585110443462255e-12,0.0012724074725033408,1,0.0,"[0.5700052203193493,0.3739636689332885,0.05603111074736216]"
v3.3,393de51ec9fec163,fermi,independent,1,1.0,0.44,0.003561843538991666,1.8914586563667513e-10,6.422253829775738e-12,0.0012839946632614125,1,0.0,"[0.5690021020712268,0.3747291153114084,0.05626878261736477]"
v3.3,393de51ec9fec163,fermi,independent,1,1.0,0.45,0.003847430082317277,6.725203727242501e-11,6.689527161872799e-12,0.001294700727822711,1,0.0,"[0.5679900138369504,0.3754995134371065,0.05651047272594318]"
v3.3,393de51ec9fec163,fermi,independent,1,1.0,0.46,0.004133314626088805,2.1487987778012752e-10,6.5417040363792714e-12,0.0013045374513143393,1,0.0,"[0.5669696084647065,0.3762742697816094,0.0567561217536841]"
v3.3,393de51ec9fec163,fermi,independent,1,1.0,0.47,0.004419272812531218,1.3835335654910352e-10,6.155228211862909e-12,0.00131351747380204,1,0.0,"[0.5659415299295392,0.37705279907005934,0.057005671000401416]"
v3.3,393de51ec9fec163,fermi,independent,1,1.0,0.48,0.00470509033345428,1.2065357740675964e-10,5.662095992322603e-12,0.0013216542434534146,1,0.0,"[0.5649064127734272,0.37783452487632735,0.057259062350245485]"
v3.3,393de51ec9fec163,fermi,independent,1,1.0,0.49,0.004990562973655403,6.584249118146701e-11,5.142517308691404e-12,0.0013289619692761314,1,0.0,"[0.5638648815786061,0.37861888018437184,0.05751623823702198]"
v3.3,393de51ec9fec163,fermi,independent,1,1.0,0.5,0.005275496576869924,1.066133362148669e-10,4.638698084849199e-12,0.0013354555735735725,1,0.0,"[0.5628175504741807,0.3794053079156963,0.057777141610123046]"
v3.3,393de51ec9fec163,fermi,independent,1,1.0,0.51,0.005559706995217267,1.3670869991599943e-10,4.168861039838443e-12,0.0013411506441612846,1,0.0,"[0.5617650226760668,0.380193261422524,0.058041715901409247]"
v3.3,393de51ec9fec163,fermi,independent,1,1.0,0.52,0.005843019974928795,1.2089310802432252e-10,3.738592405589546e-12,0.0013460633863957869,1,0.0,"[0.5607078900602932,0.38098220494638496,0.058309904993321886]"
v3.3,393de51ec9fec163,fermi,independent,1,1.0,0.53,0.0061252710234080965,1.7205388502805619e-10,3.347605542026393e-12,0.0013502105751515296,1,0.0,"[0.5596467327696141,0.3817716140419316,0.058581653188454416]"
v3.3,393de51ec9fec163,fermi,independent,1,1.0,0.54,0.006406305203809699,1.1567529573097701e-10,2.9922995927207963e-12,0.0013536095068818316,1,0.0,"[0.5585821188533071,0.38256097596592825,0.05885690518076461]"
v3.3,393de51ec9fec163,fermi,independent,1,1.0,0.55,0.0066859769640743895,1.201884147761234e-10,2.6692599902210897e-12,0.001356277951893962,1,0.0,"[0.5575146039399579,0.38334979003147546,0.05913560602856665]"
v3.3,393de51ec9fec163,fermi,independent,1,1.0,0.56,0.006964149879549384,5.947763462299527e-11,2.6212872160307494e-12,0.0013582341060862277,1,0.0,"[0.5564447309436601,0.38413756792716935,0.05941770112917056]"
v3.3,393de51ec9fec163,fermi,independent,1,1.0,0.5700000000000001,0.0072406964148593045,1.2961180739790024e-10,3.0755985115225095e-12,0.0013594965457625024,1,0.0,"[0.5553730298010418,0.38492383400249736,0.05970313619646086]"
v3.3,393de51ec9fec163,fermi,independent,1,1.0,0.5800000000000001,0.007515497654420972,1.903542358461241e-10,3.5928999344723325e-12,0.0013600841843110958,1,0.0,"[0.5543000172384583,0.38570812552267597,0.059991857238865604]"
v3.3,393de51ec9fec163,fermi,independent,1,1.0,0.5900000000000001,0.007788443015828837,9.881153534285758e-11,4.1793937780860915e-12,0.001360016218226226,1,0.0,"[0.5532261965763958,0.3864899928830305,0.06028381054057367]"
v3.3,393de51ec9fec163,fermi,independent,1,1.0,0.6000000000000001,0.008059429953154708,6.558063120332136e-11,4.841654877874886e-12,0.0013593120899913116,1,0.0,"[0.5521520575592387,0.38726899979645535,0.06057894264430607]"
v3.3,393de51ec9fec163,fermi,independent,1,1.0,0.6100000000000001,0.008328363673784513,7.19642193058867e-11,5.5867024027859336e-12,0.0013579914427892586,1,0.0,"[0.5510780762162831,0.3880447234476029,0.060877200336113976]"
v3.3,393de51ec9fec163,fermi,independent,1,1.0,0.6200000000000001,0.008595156799868667,6.548120379257227e-11,6.421705328654597e-12,0.0013560740784168577,1,0.0,"[0.5500047147517151,0.3888167546161778,0.06117853063210707]"
v3.3,393de51ec9fec163,fermi,independent,1,1.0,0.63,0.008859729087332222,1.8648276672861286e-10,7.354142965147581e-12,0.0013535799164850764,1,0.0,"[0.5489324214626664,0.3895846977702784,0.0614828807670553]"
v3.3,393de51ec9fec163,fermi,independent,1,1.0,0.64,0.009122007110330902,1.1530935928316666e-10,8.391916260182812e-12,0.0013505289550010114,1,0.0,"[0.5478616306844004,0.3903481711308016,0.061790198184797904]"
v3.3,393de51ec9fec163,fermi,independent,1,1.0,0.65,0.00938192393746913,1.7281715294914513e-10,9.542880303858396e-12,0.0013469412324060008,1,0.0,"[0.5467927627616272,0.3911068067079888,0.062100430530383964]"
v3.3,393de51ec9fec163,fermi,independent,1,1.0,0.66,0.009639418829748562,6.277525027575948e-11,1.081530400326374e-11,0.0013428367911392316,1,0.0,"[0.5457262240449007,0.3918602503112377,0.0624135256438617]"
v3.3,393de51ec9fec163,fermi,independent,1,1.0,0.67,0.009894436968778092,1.219095206728138e-10,1.2217572272613044e-11,0.0013382356427822015,1,0.0,"[0.5446624069110138,0.3926081615333566,0.06272943155562968]"
v3.3,393de51ec9fec163,fermi,independent,1,1.0,0.68,0.010146929096623986,1.1584712009127252e-10,1.375813795117211e-11,0.0013331577348303335,1,0.0,"[0.5436016898062753,0.3933502137104657,0.06304809648325888]"
v3.3,393de51ec9fec163,fermi,independent,1,1.0,0.6900000000000001,0.010396851272487514,1.2864059817374596e-10,1.5445797879369198e-11,0.001327622919121359,1,0.0,"[0.5425444373115303,0.39408609385877796,0.06336946882969172]"
v3.3,393de51ec9fec163,fermi,independent,1,1.0,0.7000000000000001,0.010644164581335134,1.866634347091889e-10,1.7289193265835743e-11,0.0013216509219510435,1,0.0,"[0.5414910002277638,0.39481550258951115,0.06369349718272518]"
v3.3,393de51ec9fec163,fermi,independent,1,1.0,0.7100000000000001,0.010888834836844729,1.1060661761486124e-10,1.9297102837120785e-11,0.001315261315880751,1,0.0,"[0.540441715681126,0.3955381540031913,0.06402013031568261]"
v3.3,393de51ec9fec163,fermi,independent,1,1.0,0.7200000000000001,0.011130832438896482,4.3259684029406387e-11,5.567589180374452e-13,0.0013084735841131187,1,0.0,"[0.5393969071772519,0.39625377562710906,0.06434931719563909]"
v3.3,393de51ec9fec163,fermi,independent,1,1.0,0.7300000000000001,0.011370131698042702,1.603985833042998e-10,1.715795348729283e-13,0.0013013066533991092,1,0.0,"[0.5383568850082777,0.3969621080304162,0.0646810069613061]"
v3.3,393de51ec9fec163,fermi,independent,1,1.0,0.7400000000000001,0.01160671116415669,9.487662391838292e-11,1.423546386940052e-13,0.0012937797308514327,1,0.0,"[0.5373219460233253,0.3976629050141484,0.06501514896252633]"
v3.3,393de51ec9fec163,fermi,independent,1,1.0,0.7500000000000001,0.011840553031087858,5.92154797418587e-11,1.1800724783673713e-13,0.0012859114493623015,1,0.0,"[0.5362923740457959,0.3983559332120421,0.06535169274216204]"
v3.3,393de51ec9fec163,fermi,independent,1,1.0,0.76,0.012071642967102319,4.9746890634638774e-11,9.776381105093333e-14,0.001277720247713578,1,0.0,"[0.5352684400009883,0.3990409719525906,0.06569058804642124]"
v3.3,393de51ec9fec163,fermi,independent,1,1.0,0.77,0.012299969929654916,5.784223794380594e-11,8.096611875956859e-14,0.001269224278548525,1,0.0,"[0.5342504021121844,0.39971781305687737,0.06603178483093818]"
v3.3,393de51ec9fec163,fermi,independent,1,1.0,0.78,0.012525525901169867,1.8566058065938584e-10,6.70741430078835e-14,0.001260441390284168,1,0.0,"[0.5332385061092886,0.4003862606234424,0.06637523326726909]"
v3.3,393de51ec9fec163,fermi,independent,1,1.0,0.79,0.0127483057286602,1.2469222876454467e-10,5.5646289795658564e-14,0.001251389112000891,1,0.0,"[0.5322329854478409,0.40104613080226176,0.06672088374989736]"
v3.3,393de51ec9fec163,fermi,independent,1,1.0,0.8,0.012968306920575143,1.9242773346972442e-10,4.6271714876034966e-14,0.0012420846398100483,1,0.0,"[0.5312340615373796,0.40169725155894354,0.06706868690367677]"
v3.3,393de51ec9fec163,fermi,independent,1,1.0,0.81,0.01318552945214077,1.0283659340748486e-10,3.848576371744366e-14,0.0012325448246504104,1,0.0,"[0.5302419439781528,0.4023394624302001,0.06741859359164701]"
v3.3,393de51ec9fec163,fermi,independent,1,1.0,0.8200000000000001,0.013399975601012748,1.1710296621281202e-10,3.213771657903182e-14,0.0012227861614618374,1,0.0,"[0.5292568308052195,0.4029726142716226,0.06777055492315796]"
v3.3,393de51ec9fec163,fermi,independent,1,1.0,0.8300000000000001,0.013611649779975029,1.1261251653404969e-10,2.6927089339971073e-14,0.0012128247796861851,1,0.0,"[0.5282789087390092,0.4035965689987459,0.06812452226224501]"
v3.3,393de51ec9fec163,fermi,independent,1,1.0,0.8400000000000001,0.013820558369494654,8.214637650660883e-11,2.2619223694446028e-14,0.001202676435027198,1,0.0,"[0.5273083534414593,0.4042111993223417,0.06848044723619907]"
v3.3,393de51ec9fec163,fermi,independent,1,1.0,0.8500000000000001,0.014026709586920323,1.5921500229332253e-10,1.907761333743608e-14,0.001192356502425828,1,0.0,"[0.5263453297768732,0.4048163884788457,0.06883828174428097]"
v3.3,393de51ec9fec163,fermi,independent,1,1.0,0.8600000000000001,0.014230113329743718,6.027269308650496e-11,1.6167189449694593e-14,0.001181879970182364,1,0.0,"[0.5253899920766927,0.40541202995677583,0.06919797796653146]"
v3.3,393de51ec9fec163,fermi,independent,1,1.0,0.8700000000000001,0.01443078104879357,4.596114114296945e-11,1.373685311531086e-14,0.0011712614351725894,1,0.0,"[0.5244424844074107,0.4059980272199557,0.06955948837263354]"
v3.3,393de51ec9fec163,fermi,independent,1,1.0,0.8800000000000001,0.01462872563198097,1.8545276772585773e-10,1.274585835568546e-14,0.001160515099089051,1,0.0,"[0.5235029408409003,0.4065742934283161,0.06992276573078372]"
v3.3,393de51ec9fec163,fermi,independent,1,1.0,0.89,0.014823961264130464,1.0359556615324728e-10,1.2623439078381631e-14,0.001149654765676424,1,0.0,"[0.5225714857264492,0.40714075115700704,0.07028776311654368]"
v3.3,393de51ec9fec163,fermi,independent,1,1.0,0.9,0.015016503346686687,1.1654262624394285e-10,1.2561808818179415e-14,0.0011386938388556847,1,0.0,"[0.5216482339638729,0.40769733211450915,0.07065443392161794]"
v3.3,393de51ec9fec163,fermi,independent,1,1.0,0.91,0.015206368366072965,1.4747870633047278e-10,1.2458505006473805e-14,0.0011276453217137308,1,0.0,"[0.5207332912770817,0.40824397686036795,0.07102273186255029]"
v3.3,393de51ec9fec163,fermi,independent,1,1.0,0.92,0.015393573810370695,6.169111749221301e-11,1.2332721575826525e-14,0.0011165218163074826,1,0.0,"[0.5198267544875201,0.4087806345231862,0.07139261098929371]"
v3.3,393de51ec9fec163,fermi,independent,1,1.0,0.93,0.01557813807690987,1.1062492935587365e-10,1.2232571839150826e-14,0.0011053355242027212,1,0.0,"[0.5189287117869487,0.4093072625194179,0.07176402569363344]"
v3.3,393de51ec9fec163,fermi,independent,1,1.0,0.9400000000000001,0.015760080383201095,8.014057126248808e-11,1.2096317682956026e-14,0.0010940982477049498,1,0.0,"[0.5180392430090669,0.4098238262734935,0.07213693071743961]"
v3.3,393de51ec9fec163,fermi,independent,1,1.0,0.9500000000000001,0.015939420683153946,5.3920871240231705e-11,1.1950318290338994e-14,0.0010828213917308724,1,0.0,"[0.5171584198995125,0.4103302989397599,0.07251128116072758]"
v3.3,393de51ec9fec163,fermi,independent,1,1.0,0.9600000000000001,0.016116179607166277,8.579662327812265e-11,1.1827521425142524e-14,0.00107151596626843,1,0.0,"[0.516286306383806,0.4108266611266859,0.07288703248950804]"
v3.3,393de51ec9fec163,fermi,independent,1,1.0,0.9700000000000001,0.016290378368791995,1.5569150829675138e-10,1.1661768032742091e-14,0.0010601925893766555,1,0.0,"[0.5154229588328447,0.4113129006237456,0.07326414054340967]"
v3.3,393de51ec9fec163,fermi,independent,1,1.0,0.9800000000000001,0.016462038710820224,3.9627533893193956e-11,1.1500308872671021e-14,0.0010488614906759026,1,0.0,"[0.5145684263255832,0.41178901213135655,0.07364256154306036]"
v3.3,393de51ec9fec163,fermi,independent,1,1.0,0.9900000000000001,0.016631182881964947,3.8706014088285556e-11,1.1345840618916168e-14,0.0010375325152870423,1,0.0,"[0.5137227509085663,0.4122549969942201,0.0740222520972137]"
v3.3,393de51ec9fec163,fermi,independent,1,1.0,1.0,0.01679783349711145,1.2231608781387848e-10,1.1194382829484362e-14,0.0010262151281734242,1,0.0,"[0.5128859678520135,0.41271086293837633,0.07440316920961028]"
v3.3,393de51ec9fec163,fermi,independent,1,1.0,1.01,0.0169620135410205,1.5921509249894328e-10,1.1027944446768711e-14,0.0010149184188453782,1,0.0,"[0.5120581059021789,0.4131566238122565,0.0747852702855645]"
v3.3,393de51ec9fec163,fermi,independent,1,1.0,1.02,0.017123746321382492,9.170550777093389e-11,1.0874968703109105e-14,0.0010036511063869385,1,0.0,"[0.5112391875297445,0.4135922993319869,0.07516851313826856]"
v3.3,393de51ec9fec163,fermi,independent,1,1.0,1.03,0.017283055413414638,1.7737556562424928e-10,1.0650285329759006e-14,0.0009924215447716222,1,0.0,"[0.5104292291740202,0.4140179148311717,0.07555285599480811]"
v3.3,393de51ec9fec163,fermi,independent,1,1.0,1.04,0.017439964598224424,1.405306010449081e-10,1.0472363446362366e-14,0.0009812377284256744,1,0.0,"[0.5096282414827623,0.4144335010153539,0.0759382575018837]"
v3.3,393de51ec9fec163,fermi,independent,1,1.0,1.05,0.01759449785348477,1.5224012328562964e-10,1.0321101823222659e-14,0.0009701072980127049,1,0.0,"[0.5088362295474337,0.4148390937213313,0.07632467673123498]"
v3.3,393de51ec9fec163,fermi,independent,1,1.0,1.06,0.017746679300887292,1.0027069105578157e-10,1.0092585845969936e-14,0.0009590375464047673,1,0.0,"[0.5080531931337579,0.4152347336814776,0.07671207318476445]"
v3.3,393de51ec9fec163,fermi,independent,1,1.0,1.07,0.017896533175187305,1.3617574082247508e-10,9.883185912795962e-15,0.0009480354248099711,1,0.0,"[0.507279126907441,0.41562046629320026,0.07710040679935877]"
v3.3,393de51ec9fec163,fermi,independent,1,1.0,1.08,0.018044083788986334,3.456791103362278e-11,9.712992760376453e-15,0.0009371075490368176,1,0.0,"[0.5065140206549485,0.4159963413936434,0.077489637951408]"
v3.3,393de51ec9fec163,fermi,independent,1,1.0,1.09,0.018189355522720014,9.277158555254239e-11,9.514004876131996e-15,0.0009262602058610917,1,0.0,"[0.5057578594992516,0.4163624130397267,0.07787972746102172]"
v3.3,393de51ec9fec163,fermi,independent,1,1.0,1.1,0.018332372762860618,1.0343283521341284e-10,1.255465100389172e-13,0.0009154993590080666,1,0.0,"[0.505010624110857,0.41671873929326314,0.07827063659587997]"
v3.3,393de51ec9fec163,fermi,independent,1,1.0,1.11,0.018473159915720194,4.6692944649651125e-11,8.51522436118409e-14,0.0009048306581892978,1,0.0,"[0.5042722909115972,0.41706538201327936,0.07866232707512333]"
v3.3,393de51ec9fec163,fermi,independent,1,1.0,1.12,0.018611741360632737,1.4835509556943016e-10,2.8378408362946317e-14,0.0008942594403650162,1,0.0,"[0.5035428322775943,0.4174024066501717,0.07905476107223394]"
v3.3,393de51ec9fec163,fermi,independent,1,1.0,1.1300000000000001,0.018748141438786343,1.3252553221487773e-10,4.2205165896679767e-14,0.0008837907414739743,1,0.0,"[0.5028222167327554,0.4177298820489349,0.07944790121830972]"
v3.3,393de51ec9fec163,fermi,independent,1,1.0,1.1400000000000001,0.018882384428684038,1.4091013772477012e-10,1.0194674424385028e-13,0.0008734293013802873,1,0.0,"[0.5021104091383852,0.41804788025678874,0.07984171060482603]"
v3.3,393de51ec9fec163,fermi,independent,1,1.0,1.1500000000000001,0.019014494541066435,4.036850020927574e-11,1.9545042135416814e-13,0.000863179569734085,1,0.0,"[0.5014073708781756,0.41835647633581174,0.0802361527860127]"
v3.3,393de51ec9fec163,fermi,independent,1,1.0,1.1600000000000001,0.019144495887830824,4.719897736538137e-11,3.1758754863953105e-13,0.0008530457130832647,1,0.0,"[0.5007130600375278,0.4186557481814557,0.08063119178101652]"
v3.3,393de51ec9fec163,fermi,independent,1,1.0,1.1700000000000002,0.019272412475688894,8.78024215833495e-11,4.672250262802771e-13,0.0008430316214265784,1,0.0,"[0.5000274315776739,0.4189457763465417,0.08102679207578434]"
v3.3,393de51ec9fec163,fermi,independent,1,1.0,1.1800000000000002,0.019398268193734355,2.6020088861322677e-12,6.450774561590141e-13,0.0008331409147383393,1,0.0,"[0.4993504375046222,0.41922664387070535,0.0814229186246725]"
v3.3,393de51ec9fec163,fermi,independent,1,1.0,1.1900000000000002,0.01952208679689148,7.878572794162153e-12,8.530878381975307e-13,0.000823376949454289,1,0.0,"[0.49868202703296577,0.41949843611524695,0.08181953685178732]"
v3.3,393de51ec9fec163,fermi,independent,1,1.0,1.2000000000000002,0.019643891899769738,1.3372324081384335e-12,1.0936507723433177e-12,0.0008137428249128547,1,0.0,"[0.4980221467446008,0.4197612406033357,0.0822166126520635]"
v3.3,393de51ec9fec163,fermi,independent,1,1.0,1.21,0.019763706964775255,8.366165399342762e-12,1.3699441074129276e-12,0.0008042413897461731,1,0.0,"[0.49737074074240756,0.4200151468655067,0.08261411239208577]"
v3.3,393de51ec9fec163,fermi,independent,1,1.0,1.22,0.019881555294014957,3.957480176897121e-12,1.6852640193726906e-12,0.0007948752482207169,1,0.0,"[0.49672775079895176,0.4202602462903879,0.0830120029106604]"
v3.3,393de51ec9fec163,fermi,independent,1,1.0,1.23,0.019997460018616922,4.2645782738492954e-12,2.0429344028455326e-12,0.0007856467665180131,1,0.0,"[0.496093116500277,0.42049663198058035,0.08341025151914261]"
v3.3,393de51ec9fec163,fermi,independent,1,1.0,1.24,0.020111444097266916,1.192611981393199e-12,2.445953504068598e-12,0.0007765580789585191,1,0.0,"[0.49546677538485817,0.42072439861361555,0.08380882600152635]"
v3.3,393de51ec9fec163,fermi,independent,1,1.0,1.25,0.020223530303143635,1.0968413677314715e-11,2.8965969082541096e-12,0.0007676110941688404,1,0.0,"[0.4948486630777918,0.4209436423079052,0.08420769461430302]"
v3.3,393de51ec9fec163,fermi,independent,1,1.0,1.26,0.02033374122160573,1.0354151563918279e-11,3.3955871529107553e-12,0.0007588075011891822,1,0.0,"[0.4942387134203063,0.4211544604935978,0.08460682608609593]"
v3.3,393de51ec9fec163,fermi,independent,1,1.0,1.27,0.020442099250300647,4.1199890721266286e-12,3.941759438721479e-12,0.0007501487755252386,1,0.0,"[0.49363685859467504,0.42135695178824856,0.08500618961707623]"
v3.3,393de51ec9fec163,fermi,independent,1,1.0,1.28,0.02054862658626207,3.3067264204600377e-12,4.5311542246746815e-12,0.0007416361851451807,1,0.0,"[0.4930430292446215,0.42155121587720984,0.08540575487816851]"
v3.3,393de51ec9fec163,fermi,independent,1,1.0,1.29,0.02065334521833861,6.432902821540409e-12,5.156204792134455e-12,0.0007332707964258442,1,0.0,"[0.49245715459130446,0.42173735339864415,0.08580549201005133]"
v3.3,393de51ec9fec163,fermi,independent,1,1.0,1.3,0.020756276946421064,3.632139727871575e-12,5.8057793357887216e-12,0.000725053480045012,1,0.0,"[0.4918791625449818,0.42191546583305833,0.08620537162195997]"
v3.3,393de51ec9fec163,fermi,independent,1,1.0,1.31,0.020857443352203884,2.72868880268895e-12,6.464730030091707e-12,0.0007169849168345651,1,0.0,"[0.4913089798124411,0.4220856553972609,0.08660536479029814]"
v3.3,393de51ec9fec163,fermi,independent,1,1.0,1.32,0.0209568658116186,1.219728484880278e-11,7.115083991343313e-12,0.0007090656035836907,1,0.0,"[0.49074653200030055,0.42224802494263486,0.08700544305706462]"
v3.3,393de51ec9fec163,fermi,independent,1,1.0,1.33,0.021054565483593017,7.87847911909445e-12,7.738975558341941e-12,0.0007012958588031847,1,0.0,"[0.49019174371427904,0.4224026778576199,0.08740557842810101]"
v3.3,393de51ec9fec163,fermi,independent,1,1.0,1.34,0.021150563324328003,3.4695094019987494e-12,8.326144411194575e-12,0.0006936758284476196,1,0.0,"[0.4896445386545409,0.4225497179742933,0.08780574337116591]"
v3.3,393de51ec9fec163,fermi,independent,1,1.0,1.35,0.021244880067274492,1.806981647645145e-12,8.893441684856985e-12,0.0006862054915797794,1,0.0,"[0.4891048397072409,0.4226892494789229,0.08820591081383626]"
v3.3,393de51ec9fec163,fermi,independent,1,1.0,1.36,0.021337536233651075,5.511403833313722e-12,9.543265861568268e-12,0.0006788846659110647,1,0.0,"[0.48857256903246415,0.4228213768263101,0.08860605414122573]"
v3.3,393de51ec9fec163,fermi,independent,1,1.0,1.37,0.021428552128775546,1.275740624251398e-11,1.071516495919547e-11,0.0006717130127689642,1,0.0,"[0.48804764814919194,0.4229462046573842,0.08900614719342385]"
v3.3,393de51ec9fec163,fermi,independent,1,1.0,1.3800000000000001,0.021517947830246985,2.3672210025527107e-12,1.5402131446206085e-11,0.0006646900356922654,1,0.0,"[0.48752999802355684,0.4230638377149508,0.08940616426149231]"
v3.3,393de51ec9fec163,fermi,independent,1,1.0,1.3900000000000001,0.021605743280753806,6.8666253238980346e-12,4.189792345495408e-15,0.0006578151984482752,1,0.0,"[0.48701953904460055,0.42317438085138565,0.0898060801040137]"
v3.3,393de51ec9fec163,fermi,independent,1,1.0,1.4,0.021691958033954135,2.168241280964267e-12,4.067852436371796e-15,0.0006510875195318559,1,0.0,"[0.4865161913958776,0.4232779387163139,0.09020586988780853]"
v3.3,393de51ec9fec163,fermi,independent,2,0.5,0.05,-0.004397125408713329,1.4752778165760816e-10,2.5546173410288425e-16,0.0,1,0.0,"[0.5951059608324729,0.3543267343866671,0.05056730478085996]"
v3.3,393de51ec9fec163,fermi,independent,2,0.5,0.060000000000000005,-0.004374993084599911,8.053153977005678e-11,2.5445360428426968e-17,5.668522781317281e-05,1,0.0,"[0.5950621549012667,0.3543615751967384,0.050576269901994896]"
v3.3,393de51ec9fec163,fermi,independent,2,0.5,0.07,-0.004348942947109455,2.3989274455793463e-10,5.470722201145032e-17,6.674324575553343e-05,1,0.0,"[0.5950105674271432,0.35440258010772463,0.0505868524651321]"
v3.3,393de51ec9fec163,fermi,independent,2,0.5,0.08,-0.004319027798116833,1.4187703789581008e-10,4.4430323325076504e-17,7.66787621020485e-05,1,0.0,"[0.5949512887627987,0.35444966496207014,0.0505990462751312]"
v3.3,393de51ec9fec163,fermi,independent,2,0.5,0.09,-0.004285308280767841,1.3460839387580137e-10,4.4911604008108644e-17,8.647421154609378e-05,1,0.0,"[0.5948844222279134,0.3545027335170224,0.05061284425506423]"
v3.3,393de51ec9fec163,fermi,independent,2,0.5,0.1,-0.004247854260982835,1.4616916010901093e-10,2.0697508195402906e-10,9.611171052798548e-05,1,0.0,"[0.5948100843467523,0.3545616772140578,0.05062823843918994]"
v3.3,393de51ec9fec163,fermi,independent,2,0.5,0.11,-0.004206738662847105,7.228502518774604e-11,1.8789390794440518e-10,0.00010557742900522354,1,0.0,"[0.5947284018730697,0.3546263779747313,0.050645220152198966]"
v3.3,393de51ec9fec163,fermi,independent,2,0.5,0.12000000000000001,-0.0041620464486621725,8.555210012639591e-11,1.617468485449671e-10,0.00011485289032106396,1,0.0,"[0.5946395152105641,0.35469670497127725,0.05066377981815875]"
v3.3,393de51ec9fec163,fermi,independent,2,0.5,0.13,-0.004113868318389578,1.525288367831834e-10,1.2780666542623358e-10,0.0001239238731642203,1,0.0,"[0.594543575290578,0.35477251756018363,0.05068390714923838]"
v3.3,393de51ec9fec163,fermi,independent,2,0.5,0.14,-0.004062302009304498,2.382128036493292e-10,8.761206624698843e-11,0.00013277598132135682,1,0.0,"[0.5944407437070799,0.35485366514778116,0.05070559114513909]"
v3.3,393de51ec9fec163,fermi,independent,2,0.5,0.15000000000000002,-0.004007451774943986,2.356610601106368e-10,2.642720849695487e-15,0.00014139577558315014,1,0.0,"[0.5943311920204264,0.3549399878394436,0.050728820140130026]"
v3.3,393de51ec9fec163,fermi,independent,2,0.5,0.16,-0.0039494296877801705,1.447998734804834e-10,4.989465821513453e-15,0.00014976972223895547,1,0.0,"[0.5942151018343669,0.3550313163574063,0.050753581808226755]"
v3.3,393de51ec9fec163,fermi,independent,2,0.5,0.16999999999999998,-0.0038883525288287077,1.4066559722580863e-10,9.139311760346455e-15,0.00015788676272729572,1,0.0,"[0.5940926629859243,0.35512747374402237,0.050779863270053294]"
v3.3,393de51ec9fec163,fermi,independent,2,0.5,0.18,-0.0038243436892272456,8.449711763613976e-11,1.607468836410126e-14,0.00016573542167582845,1,0.0,"[0.5939640738610108,0.355228275055369,0.050807651083620224]"
v3.3,393de51ec9fec163,fermi,independent,2,0.5,0.19,-0.003757532240224612,1.224063350679927e-10,4.423439157494161e-12,0.00017330544296660885,1,0.0,"[0.5938295405086207,0.3553335281910192,0.050836931300360114]"
v3.3,393de51ec9fec163,fermi,independent,2,0.5,0.2,-0.003688052468730607,2.1852514242581833e-10,4.563397206106498e-14,0.00018058755233955046,1,0.0,"[0.5936892759305478,0.3554430345595181,0.05086768950993418]"
v3.3,393de51ec9fec163,fermi,independent,2,0.5,0.21000000000000002,-0.0036160437993578987,7.357184306222564e-11,7.387088078342573e-14,0.00018757319476989855,1,0.0,"[0.59354349956446,0.3555565895596955,0.05089991087584453]"
v3.3,393de51ec9fec163,fermi,independent,2,0.5,0.22000000000000003,-0.003541650094706056,1.5027471628181743e-10,2.7624609595552028e-12,0.00019425489091069536,1,0.0,"[0.5933924365064618,0.3556739833115517,0.05093358018198663]"
v3.3,393de51ec9fec163,fermi,independent,2,0.5,0.22999999999999998,-0.0034650194006449267,7.129834223018605e-11,1.8095762767534715e-13,0.0002006260288307416,1,0.0,"[0.5932363168877344,0.35579500124248176,0.05096868186978379]"
v3.3,393de51ec9fec163,fermi,independent,2,0.5,0.24,-0.003386303576499862,2.334903034806324e-10,2.7497911955480963e-13,0.00020668081099145202,1,0.0,"[0.5930753752896268,0.3559194246332109,0.05100520007716226]"
v3.3,393de51ec9fec163,fermi,independent,2,0.5,0.25,-0.003305657780968356,1.5578233841795353e-10,4.1041464280853823e-13,0.00021241443913416584,1,0.0,"[0.5929098500258273,0.35604703129770604,0.05104311867646661]"
v3.3,393de51ec9fec163,fermi,independent,2,0.5,0.26,-0.003223240067680856,1.5568801803311771e-10,6.026945539547407e-13,0.00021782294523168362,1,0.0,"[0.5927399825480739,0.3561775961415001,0.051082421310426035]"
v3.3,393de51ec9fec163,fermi,independent,2,0.5,0.27,-0.0031392109495338646,2.1455764248612397e-10,8.717038979338005e-13,0.00022290324028091313,1,0.0,"[0.5925660168175062,0.3563108917556216,0.05112309142687216]"
v3.3,393de51ec9fec163,fermi,independent,2,0.5,0.28,-0.0030537329425532334,1.5866204877701406e-10,1.2432023756201071e-12,0.00022765308643291665,1,0.0,"[0.5923881986972677,0.3564466889908742,0.05116511231185813]"
v3.3,393de51ec9fec163,fermi,independent,2,0.5,0.29,-0.002966970115960442,1.3994484737711588e-10,1.7498336895299466e-12,0.00023207107698023516,1,0.0,"[0.5922067753606868,0.3565847575181534,0.051208467121159854]"
v3.3,393de51ec9fec163,fermi,independent,2,0.5,0.3,-0.0028790876460077497,1.3237688722966823e-10,2.4329514366337663e-12,0.00023615661395567063,1,0.0,"[0.5920219947167961,0.35672486637308126,0.05125313891012268]"
v3.3,393de51ec9fec163,fermi,independent,2,0.5,0.31,-0.002790251370228383,2.203233567810159e-10,3.3441641509647868e-12,0.0002399098836382752,1,0.0,"[0.5918341048547324,0.3568667844834318,0.05129911066183581]"
v3.3,393de51ec9fec163,fermi,independent,2,0.5,0.32,-0.002700627357749945,7.60497081975231e-11,4.5473668418943676e-12,0.0002433318302406729,1,0.0,"[0.5916433535083675,0.35701028117799904,0.05134636531363344]"
v3.3,393de51ec9fec163,fermi,independent,2,0.5,0.33,-0.0026103814137516043,7.435470295025226e-11,6.1210930387757955e-12,0.0002464241280537636,1,0.0,"[0.5914499875423193,0.3571551266757437,0.051394885781937016]"
v3.3,393de51ec9fec163,fermi,independent,2,0.5,0.33999999999999997,-0.0025196787589360156,2.206211949240533e-10,8.161084052121463e-12,0.00024918915231304713,1,0.0,"[0.5912542524603087,0.35730109255422526,0.051444654985466104]"
v3.3,393de51ec9fec163,fermi,independent,2,0.5,0.35,-0.0024286835478631377,1.5463980790331178e-10,1.0783139072521866e-11,0.00025162994903904365,1,0.0,"[0.5910563919366487,0.3574479521964961,0.05149565586685517]"
v3.3,393de51ec9fec163,fermi,independent,2,0.5,0.36,-0.0023375584791901285,8.638886828116199e-11,1.4126551712791502e-11,0.00025375020409398993,1,0.0,"[0.5908566473714839,0.3575954812157923,0.051547871412723836]"
v3.3,393de51ec9fec163,fermi,independent,2,0.5,0.37,-0.0022464644325370653,1.5225522925765844e-10,1.835755322444797e-11,0.000255554211687901,1,0.0,"[0.5906552574702372,0.35774345785750844,0.05160128467225433]"
v3.3,393de51ec9fec163,fermi,independent,2,0.5,0.38,-0.0021555600905836247,2.2433697954848952e-10,2.367330332878603e-11,0.000257046842547072,1,0.0,"[0.5904524578475765,0.357891663378087,0.05165587877433644]"
v3.3,393de51ec9fec163,fermi,independent,2,0.5,0.39,-0.0020650014617434806,1.5428777005999095e-10,9.274745743634858e-12,0.0002582336015651465,1,0.0,"[0.5902484805887177,0.35803988246165636,0.05171163694962594]"
v3.3,393de51ec9fec163,fermi,independent,2,0.5,0.4,-0.0019749422800604405,6.955279407971915e-11,3.847435755879996e-11,0.00025912005697821224,1,0.0,"[0.5900435542400356,0.3581879032443199,0.05176854251564445]"
v3.3,393de51ec9fec163,fermi,independent,2,0.5,0.41,-0.001885531795304582,6.336730445921646e-11,8.471393234213473e-14,0.00025971336920524766,1,0.0,"[0.5898379026544215,0.3583355183893523,0.05182657895622625]"
v3.3,393de51ec9fec163,fermi,independent,2,0.5,0.42,-0.0017969174846669198,1.3136555038206765e-10,1.1342583310641677e-13,0.0002600194586354538,1,0.0,"[0.5896317459587744,0.35848252420084553,0.051885729840380056]"
v3.3,393de51ec9fec163,fermi,independent,2,0.5,0.43,-0.0017092419867764247,7.179583316752058e-11,1.5052450959545843e-13,0.00026004622801318705,1,0.0,"[0.5894252991109472,0.3586287219731381,0.05194597891591468]"
v3.3,393de51ec9fec163,fermi,independent,2,0.5,0.44,-0.001622644234761092,2.1705547775807688e-10,1.9813519302419728e-13,0.00025980117847991725,1,0.0,"[0.5892187722419461,0.35877391767987876,0.05200731007817519]"
v3.3,393de51ec9fec163,fermi,independent,2,0.5,0.45,-0.001537259054318743,1.4674334664066535e-10,2.2483981563598065e-12,0.00025929232856546926,1,0.0,"[0.5890123703120643,0.3589179223006886,0.05206970738724707]"
v3.3,393de51ec9fec163,fermi,independent,2,0.5,0.46,-0.0014532168244039065,5.663307323100497e-11,2.1580973833219563e-12,0.0002585280642680279,1,0.0,"[0.5888062928808537,0.3590605520413668,0.052133155077779415]"
v3.3,393de51ec9fec163,fermi,independent,2,0.5,0.47,-0.0013706433628021403,8.578001503556365e-11,1.9696356533391193e-12,0.00025751702247177804,1,0.0,"[0.5886007339666184,0.3592016284698418,0.0521976375635398]"
v3.3,393de51ec9fec163,fermi,independent,2,0.5,0.48,-0.0012896598398848755,1.86698954907083e-10,1.7400697012956059e-12,0.0002562681546695077,1,0.0,"[0.5883958818601781,0.3593409786941981,0.0522631394456238]"
v3.3,393de51ec9fec163,fermi,independent,2,0.5,0.49,-0.0012103825299006644,1.5484499099605031e-10,1.503942802673995e-12,0.00025479065804513766,1,0.0,"[0.588191918992852,0.3594784354894183,0.05232964551772972]"
v3.3,393de51ec9fec163,fermi,independent,2,0.5,0.5,-0.001132922770467587,1.1568206115253332e-10,1.2828351769037334e-12,0.0002530939607234995,1,0.0,"[0.5879890218182462,0.3596138374105797,0.05239714077117414]"
v3.3,393de51ec9fec163,fermi,independent,2,0.5,0.51,-0.0010573868418191912,2.346059874147599e-10,1.1066068726748659e-12,0.0002511876999311503,1,0.0,"[0.5877873607135085,0.3597470288873067,0.052465610399184896]"
v3.3,393de51ec9fec163,fermi,independent,2,0.5,0.52,-0.0009838759165246638,1.3906072474090259e-10,1.3791244612260308e-12,0.0002490816998121623,1,0.0,"[0.5875870999005698,0.3598778602985075,0.052535039800922695]"
v3.3,393de51ec9fec163,fermi,independent,2,0.5,0.53,-0.0009124859808847634,6.827682169641136e-11,1.7090457346552098e-12,0.00024678595999482296,1,0.0,"[0.5873883973798022,0.36000618803565665,0.052605414584541176]"
v3.3,393de51ec9fec163,fermi,independent,2,0.5,0.54,-0.0008433078126866382,2.192487059959891e-10,2.1063740250782432e-12,0.00024431062739599054,1,0.0,"[0.5871914048889532,0.36013187454112283,0.05267672056992399]"
v3.3,393de51ec9fec163,fermi,independent,2,0.5,0.55,-0.0007764269704265657,7.478164962271272e-11,2.582525965589541e-12,0.00024166598798782102,1,0.0,"[0.5869962678728158,0.36025478833622504,0.05274894379095921]"
v3.3,393de51ec9fec163,fermi,independent,2,0.5,0.56,-0.0007119237774192502,2.0043797524516016e-10,3.1504232014072334e-12,0.00023886245113096153,1,0.0,"[0.5868031254696512,0.3603748040330035,0.05282207049734533]"
v3.3,393de51ec9fec163,fermi,independent,2,0.5,0.5700000000000001,-0.0006498733415525627,1.940633001518144e-10,3.824590323111386e-12,0.00023591053743443502,1,0.0,"[0.5866121105121652,0.3604918023318513,0.05289608715598347]"
v3.3,393de51ec9fec163,fermi,independent,2,0.5,0.5800000000000001,-0.0005903455789872565,7.182602429489648e-11,4.621303113025571e-12,0.0002328208683508282,1,0.0,"[0.5864233495422043,0.3606056700058128,0.052970980451982876]"
v3.3,393de51ec9fec163,fermi,independent,2,0.5,0.5900000000000001,-0.0005334052497160853,2.494738998715107e-10,5.5588237251960815e-12,0.0002296041575096752,1,0.0,"[0.5862369628383465,0.3607162998723479,0.05304673728930574]"
v3.3,393de51ec9fec163,fermi,independent,2,0.5,0.6000000000000001,-0.00047911204162445764,1.0708117725855004e-10,6.6574867285173055e-12,0.00022627120378630974,1,0.0,"[0.5860530644555692,0.36082359075335607,0.05312334479107467]"
v3.3,393de51ec9fec163,fermi,independent,2,0.5,0.6100000000000001,-0.00042752059854920393,1.4334127287907172e-10,7.939758055288169e-12,0.00022283288608360946,1,0.0,"[0.5858717622761913,0.36092744742424404,0.0532007902995646]"
v3.3,393de51ec9fec163,fermi,independent,2,0.5,0.6200000000000001,-0.0003786805678378073,6.67620334016128e-11,2.654620795133321e-12,0.00021930018938350152,1,0.0,"[0.5856931580478535,0.36102778057402674,0.05327906137811968]"
v3.3,393de51ec9fec163,fermi,independent,2,0.5,0.63,-0.00033263686232274173,7.250940126102279e-11,3.015438175304617e-12,0.00021568406088056567,1,0.0,"[0.5855173475436132,0.3611245066542278,0.05335814580215903]"
v3.3,393de51ec9fec163,fermi,independent,2,0.5,0.64,-0.0002894294507666158,1.5213168919059328e-10,3.4163162252408735e-12,0.00021199568230111036,1,0.0,"[0.5853444205150213,0.36121754791463895,0.05343803157033969]"
v3.3,393de51ec9fec163,fermi,independent,2,0.5,0.65,-0.00024909375689668306,1.164139722120705e-10,3.8607874566335425e-12,0.0002082462083944915,1,0.0,"[0.5851744608612862,0.3613068322428727,0.05351870689584117]"
v3.3,393de51ec9fec163,fermi,independent,2,0.5,0.66,-0.00021166059398390266,7.186332431907694e-11,4.352407673341129e-12,0.0002044468956204631,1,0.0,"[0.5850075467057716,0.361392293087349,0.053600160206879355]"
v3.3,393de51ec9fec163,fermi,independent,2,0.5,0.67,-0.00017715629791651213,1.269420332739024e-10,4.894843909412289e-12,0.00020060908091833654,1,0.0,"[0.5848437504986692,0.3614738693561496,0.05368238014518109]"
v3.3,393de51ec9fec163,fermi,independent,2,0.5,0.68,-0.0001456029402236922,1.3442424257048557e-10,5.4921624830443716e-12,0.00019674418560165983,1,0.0,"[0.5846831391258401,0.36155150530990127,0.05376535556425861]"
v3.3,393de51ec9fec163,fermi,independent,2,0.5,0.6900000000000001,-0.00011701837371674156,7.995203110677807e-11,6.1484507968286664e-12,0.00019286371959989805,1,0.0,"[0.5845257740231852,0.3616251504493192,0.053849075527495675]"
v3.3,393de51ec9fec163,fermi,independent,2,0.5,0.7000000000000001,-9.141632668405522e-05,6.991739825989995e-11,6.868112723558822e-12,0.00018897928557403055,1,0.0,"[0.5843717112959407,0.3616947593980019,0.05393352930605738]"
v3.3,393de51ec9fec163,fermi,independent,2,0.5,0.7100000000000001,-6.880664583273216e-05,7.528202367046433e-11,7.65549908155695e-12,0.00018510258235894276,1,0.0,"[0.5842210018423066,0.3617602917810572,0.0540187063766361]"
v3.3,393de51ec9fec163,fermi,independent,2,0.5,0.7200000000000001,-4.9195386335219166e-05,1.316392828076829e-10,8.515432327760905e-12,0.0001812454070218971,1,0.0,"[0.5840736914808566,0.36182171210010045,0.05410459641904282]"
v3.3,393de51ec9fec163,fermi,independent,2,0.5,0.7300000000000001,-3.258490270897918e-05,1.2806472202142594e-10,9.45266500655631e-12,0.00017741965472487236,1,0.0,"[0.5839298210811905,0.36187898960515313,0.0541911893136563]"
v3.3,393de51ec9fec163,fermi,independent,2,0.5,0.7400000000000001,-1.8974052969369937e-05,5.792481425070939e-11,1.047229807376154e-11,0.0001736373153879035,1,0.0,"[0.5837894266973306,0.361932098163931,0.0542784751387383]"
v3.3,393de51ec9fec163,fermi,independent,2,0.5,0.7500000000000001,-8.358258824493064e-06,1.3753985450559725e-10,1.157940628883459e-11,0.00016991046601918088,1,0.0,"[0.5836525397033783,0.3619810161289953,0.05436644416762645]"
v3.3,393de51ec9fec163,fermi,independent,2,0.5,0.76,-7.297792266186542e-07,7.889386019477307e-11,1.2779515528186756e-11,0.00016625125738866712,1,0.0,"[0.5835191869309821,0.3620257262032054,0.05445508686581253]"
v3.3,393de51ec9fec163,fermi,independent,2,0.5,0.77,3.92230863377821e-06,6.521934728387357e-11,1.4077895732186304e-11,0.0001626718935936503,1,0.0,"[0.5833893908081846,0.3620662153038985,0.054544393887916855]"
v3.3,393de51ec9fec163,fermi,independent,2,0.5,0.78,5.611870605371633e-06,1.3028948753213143e-10,1.5480233021377142e-11,0.00015918460290907963,1,0.0,"[0.5832631694992546,0.3621024744261791,0.054634356074566306]"
v3.3,393de51ec9fec163,fermi,independent,2,0.5,0.79,4.355549919565771e-06,1.0929868468623205e-10,1.6992544878040565e-11,0.00015580159828095782,1,0.0,"[0.5831405370451205,0.36213449850569374,0.05472496444918577]"
v3.3,393de51ec9fec163,fermi,independent,2,0.5,0.8,1.7272177370991626e-07,1.4625977512450206e-10,1.8620303663077036e-11,0.0001525350257980368,1,0.0,"[0.583021503504052,0.3621622862812372,0.05481621021471085]"
v3.3,393de51ec9fec163,fermi,independent,2,0.5,0.81,-6.914696883072308e-06,1.0445704370920517e-10,2.036989154045118e-11,0.00014939689959797263,1,0.0,"[0.582906075092273,0.3621858401574974,0.054908084750229555]"
v3.3,393de51ec9fec163,fermi,independent,2,0.5,0.8200000000000001,-1.6882235012335295e-05,2.409729638053193e-10,9.565874782378282e-15,0.0001463991003950391,1,0.0,"[0.5827942542410912,0.36220516614337717,0.05500057961553155]"
v3.3,393de51ec9fec163,fermi,independent,2,0.5,0.8300000000000001,-2.9703546156958915e-05,1.1509925651465025e-10,1.0575746913614548e-14,0.00014355289503937716,1,0.0,"[0.5826860400609799,0.3622202734224819,0.055093686516538266]"
v3.3,393de51ec9fec163,fermi,independent,2,0.5,0.8400000000000001,-4.53497360740282e-05,1.7979681632418476e-10,1.1684149029489252e-14,0.0001408695810570147,1,0.0,"[0.5825814280045842,0.36223117464810695,0.05518739734730889]"
v3.3,393de51ec9fec163,fermi,independent,2,0.5,0.8500000000000001,-6.379001736962764e-05,1.9390506214578274e-10,1.2873099762897877e-14,0.00013835961846383148,1,0.0,"[0.5824804103141674,0.36223788552900327,0.055281704156829224]"
v3.3,393de51ec9fec163,fermi,independent,2,0.5,0.8600000000000001,-8.499170545510012e-05,6.700127258563171e-11,1.4166608696825817e-14,0.00013603285478346017,1,0.0,"[0.5823829760818621,0.3622404247654779,0.05537659915266004]"
v3.3,393de51ec9fec163,fermi,independent,2,0.5,0.8700000000000001,-0.00010892033067435788,1.4149762958548529e-10,1.5563872378649668e-14,0.00013389830445065726,1,0.0,"[0.5822891113841329,0.3622388139185522,0.05547207469731493]"
v3.3,393de51ec9fec163,fermi,independent,2,0.5,0.8800000000000001,-0.00013553977510023102,1.196369947553677e-10,1.7075287643143394e-14,0.00013196399449249521,1,0.0,"[0.5821987994144597,0.3622330772809222,0.05556812330461809]"
v3.3,393de51ec9fec163,fermi,independent,2,0.5,0.89,-0.00016481237339330962,6.454617396123297e-11,1.8701035859749267e-14,0.0001302368108696503,1,0.0,"[0.5821120206140715,0.36222324174987963,0.05566473763604874]"
v3.3,393de51ec9fec163,fermi,independent,2,0.5,0.9,-0.00019669903215478735,1.743826749667221e-10,2.0449043790751467e-14,0.00012872235249190896,1,0.0,"[0.5820287528005822,0.36220933670233957,0.05576191049707828]"
v3.3,393de51ec9fec163,fermi,independent,2,0.5,0.91,-0.000231159342892355,7.7559056399501e-11,2.2325907008930293e-14,0.0001274248006357506,1,0.0,"[0.5819489712943918,0.36219139387210253,0.055859634833505506]"
v3.3,393de51ec9fec163,fermi,independent,2,0.5,0.92,-0.00026815167891923106,1.7943543526022232e-10,2.4317573997167004e-14,0.00012634681161751966,1,0.0,"[0.5818726490427364,0.3621694472294671,0.055957903727796576]"
v3.3,393de51ec9fec163,fermi,independent,2,0.5,0.93,-0.0003076333073577138,1.177670287677568e-10,2.6480192948019482e-14,0.0001254894400177042,1,0.0,"[0.5817997567412772,0.3621435328632893,0.05605671039543362]"
v3.3,393de51ec9fec163,fermi,independent,2,0.5,0.9400000000000001,-0.00034956048364275655,1.7052482342849729e-10,2.877788629017547e-14,0.00012485209844216073,1,0.0,"[0.58173026295314,0.3621136888655815,0.05615604818127856]"
v3.3,393de51ec9fec163,fermi,independent,2,0.5,0.9500000000000001,-0.00039388855876399537,6.295589397020684e-11,3.1197092769204406e-14,0.00012443255783441736,1,0.0,"[0.5816641342253253,0.36207995521871905,0.05625591055595581]"
v3.3,393de51ec9fec163,fermi,independent,2,0.5,0.9600000000000001,-0.0004405720283606959,1.1356819304420007e-10,3.382036611436325e-14,0.0001242269898783444,1,0.0,"[0.5816013352024181,0.36204237368532294,0.05635629111225898]"
v3.3,393de51ec9fec163,fermi,independent,2,0.5,0.9700000000000001,-0.0004895651210362062,9.996135169609843e-11,6.74954438422525e-11,0.00012422999063557558,1,0.0,"[0.581541829010381,0.36200098744539727,0.056457183544221815]"
v3.3,393de51ec9fec163,fermi,independent,2,0.5,0.9800000000000001,-0.0005408197146433112,1.4522438807063054e-10,3.953068030017837e-14,0.00012443504420139135,1,0.0,"[0.5814855760005354,0.36195584226905647,0.056558581730408126]"
v3.3,393de51ec9fec163,fermi,independent,2,0.5,0.9900000000000001,-0.0005942896507884002,6.102008481834176e-11,4.269001252901309e-14,0.0001248338533448475,1,0.0,"[0.5814325365832336,0.3619069838599962,0.056660479556770144]"
v3.3,393de51ec9fec163,fermi,independent,2,0.5,1.0,-0.000649926549127211,6.077644637558777e-11,4.599207928084224e-14,0.00012541755923252212,1,0.0,"[0.5813826686019653,0.36185446031119695,0.056762871086837835]"
v3.3,393de51ec9fec163,fermi,independent,2,0.5,1.01,-0.0007076821396163752,1.0730893951205189e-10,3.517984697188621e-14,0.00012617618460627266,1,0.0,"[0.5813359287970471,0.3617983207314664,0.05686575047148647]"
v3.3,393de51ec9fec163,fermi,independent,2,0.5,1.02,-0.0007675077444952091,1.7958685580299338e-10,3.8971051063368197e-14,0.00012709911322753717,1,0.0,"[0.581292272629412,0.3617386154076392,0.05696911196294885]"
v3.3,393de51ec9fec163,fermi,independent,2,0.5,1.03,-0.0008293544465147427,5.518801388104677e-11,2.7498424339660115e-13,0.00012817523884759875,1,0.0,"[0.581251654374324,0.36167539571415697,0.05707294991151903]"
v3.3,393de51ec9fec163,fermi,independent,2,0.5,1.04,-0.0008931730714463008,5.860095741994087e-11,3.036852481751704e-13,0.0001293931501379307,1,0.0,"[0.5812140272142916,0.3616087140237061,0.05717725876200223]"
v3.3,393de51ec9fec163,fermi,independent,2,0.5,1.05,-0.0009589143401463295,1.2425651133018967e-10,3.348424133068791e-13,0.00013074130109928431,1,0.0,"[0.581179343323009,0.3615386236259573,0.05728203305103368]"
v3.3,393de51ec9fec163,fermi,independent,2,0.5,1.06,-0.0010265289405748008,1.135338698055044e-10,3.6858838958702346e-13,0.00013220816349561148,1,0.0,"[0.5811475539535779,0.3614651786428829,0.0573872674035392]"
v3.3,393de51ec9fec163,fermi,independent,2,0.5,1.07,-0.001095967458171327,2.168516685663313e-10,4.050856708098006e-13,0.00013378235861666413,1,0.0,"[0.5811186095199928,0.361388433950268,0.0574929565297392]"
v3.3,393de51ec9fec163,fermi,independent,2,0.5,1.08,-0.0011671805398471187,1.2712963320948845e-10,4.4451588495094864e-13,0.00013545276775403048,1,0.0,"[0.5810924596766247,0.3613084451012624,0.05759909522211298]"
v3.3,393de51ec9fec163,fermi,independent,2,0.5,1.09,-0.0012401189072156725,1.8846582280906965e-10,1.7060316336033944e-14,0.00013720862208188548,1,0.0,"[0.5810690533967923,0.3612252682510062,0.057705678352201514]"
v3.3,393de51ec9fec163,fermi,independent,2,0.5,1.1,-0.001314733407510267,1.831014853626023e-10,1.3865164095880518e-14,0.00013903956959937272,1,0.0,"[0.5810483390393812,0.3611389600920515,0.057812700868567345]"
v3.3,393de51ec9fec163,fermi,independent,2,0.5,1.11,-0.0013909750594045638,1.229101473376737e-10,1.0461485205405139e-14,0.00014093573122732147,1,0.0,"[0.5810302644307473,0.3610495777765747,0.057920157792677986]"
v3.3,393de51ec9fec163,fermi,independent,2,0.5,1.12,-0.0014687951018475358,1.1811948988360577e-10,6.6995030677436515e-15,0.0001428877311852379,1,0.0,"[0.5810147769263108,0.36095717885673767,0.058028044216951576]"
v3.3,393de51ec9fec163,fermi,independent,2,0.5,1.1300000000000001,-0.0015481450269878919,1.7502414795256271e-10,2.406659073136104e-15,0.0001448867206196446,1,0.0,"[0.5810018234781481,0.3608618212200094,0.05813635530184235]"
v3.3,393de51ec9fec163,fermi,independent,2,0.5,1.1400000000000001,-0.0016289766266662196,5.912074302338866e-11,6.083770348384585e-17,0.00014692438682961068,1,0.0,"[0.5809913506982916,0.36076356302851353,0.058245086273194996]"
v3.3,393de51ec9fec163,fermi,independent,2,0.5,1.1500000000000001,-0.0017112419928569794,6.082140693863813e-11,5.90893043705245e-17,0.0001489929535014994,1,0.0,"[0.5809833049195146,0.36066246266082036,0.058354232419665114]"
v3.3,393de51ec9fec163,fermi,independent,2,0.5,1.1600000000000001,-0.001794893605597675,1.1001725919168592e-10,3.749950713225433e-17,0.00015108517339335373,1,0.0,"[0.5809776322536114,0.36055857865617963,0.058463789090208974]"
v3.3,393de51ec9fec163,fermi,independent,2,0.5,1.1700000000000002,-0.001879884346347751,9.422165131445226e-11,8.421197956045827e-17,0.00015319431520509908,1,0.0,"[0.5809742786472059,0.36045196966115084,0.05857375169164322]"
v3.3,393de51ec9fec163,fermi,independent,2,0.5,1.1800000000000002,-0.0019661674977568266,1.357421154646321e-10,8.804365862760502e-17,0.00015531414616072684,1,0.0,"[0.5809731899352067,0.3603426943785221,0.058684115686271146]"
v3.3,393de51ec9fec163,fermi,independent,2,0.5,1.1900000000000002,-0.0020536967969816376,1.7507163774244106e-10,8.178923976766416e-17,0.0001574389114969878,1,0.0,"[0.5809743118919145,0.36023081151850733,0.058794876589578285]"
v3.3,393de51ec9fec163,fermi,independent,2,0.5,1.2000000000000002,-0.002142426453619572,1.622733301898105e-10,5.817999991685786e-17,0.0001595633119246151,1,0.0,"[0.580977590279851,0.3601163797521525,0.058906029967996584]"
v3.3,393de51ec9fec163,fermi,independent,2,0.5,1.21,-0.0022323111796789114,1.0152672452745648e-10,1.1287859433555284e-16,0.00016168247988590997,1,0.0,"[0.5809829708963613,0.35999945766690195,0.059017571436736645]"
v3.3,393de51ec9fec163,fermi,independent,2,0.5,1.22,-0.0023233062052169483,5.552478268833205e-11,1.0943728028364521e-16,0.0001637919552805872,1,0.0,"[0.5809903996180499,0.35988010372426205,0.05912949665768806]"
v3.3,393de51ec9fec163,fermi,independent,2,0.5,1.23,-0.002415367255654891,1.7017013492770516e-10,9.548771718801037e-17,0.0001658876611649227,1,0.0,"[0.5809998224431,0.3597583762195127,0.05924180133738724]"
v3.3,393de51ec9fec163,fermi,independent,2,0.5,1.24,-0.002508450687892891,9.166030434659689e-11,1.0616445999942504e-16,0.00016796587982183343,1,0.0,"[0.5810111855315412,0.3596343332434067,0.059354481225052144]"
v3.3,393de51ec9fec163,fermi,independent,2,0.5,1.25,-0.0026025133800533264,6.335359320486234e-11,1.2834252089620742e-16,0.00017002322948550617,1,0.0,"[0.5810244352435144,0.3595080326458021,0.05946753211068347]"
v3.3,393de51ec9fec163,fermi,independent,2,0.5,1.26,-0.0026975128137067886,5.274642875252589e-11,1.0437407146169655e-16,0.00017205664192400166,1,0.0,"[0.5810395181755963,0.3593795320011721,0.05958094982323162]"
v3.3,393de51ec9fec163,fermi,independent,2,0.5,1.27,-0.0027934070367160203,5.7449215523641683e-11,1.6226303517584572e-16,0.00017406334101774637,1,0.0,"[0.5810563811952346,0.35924888857593695,0.059694730228828374]"
v3.3,393de51ec9fec163,fermi,independent,2,0.5,1.28,-0.0028901547264411805,2.0528924046803176e-10,1.3713835377228963e-16,0.0001760408224191199,1,0.0,"[0.5810749714733565,0.3591161592975608,0.05980886922908287]"
v3.3,393de51ec9fec163,fermi,independent,2,0.5,1.29,-0.0029877152205574145,1.0275531467374144e-10,1.3273725624685803e-16,0.00017798683433258115,1,0.0,"[0.5810952365151976,0.35898140072536183,0.05992336275944075]"
v3.3,393de51ec9fec163,fermi,independent,2,0.5,1.3,-0.003086048440153602,1.1262146423773878e-10,1.688753561410143e-16,0.00017989935943190348,1,0.0,"[0.5811171241894144,0.3588446690229799,0.06003820678760558]"
v3.3,393de51ec9fec163,fermi,independent,2,0.5,1.31,-0.0031851149512560975,1.6221939416749542e-10,1.6335676327580188e-16,0.00018177659790319823,1,0.0,"[0.5811405827555317,0.35870601993244655,0.060153397312021684]"
v3.3,393de51ec9fec163,fermi,independent,2,0.5,1.32,-0.003284875984823663,1.691898253441959e-10,1.7049974596735122e-16,0.00018361695158175792,1,0.0,"[0.5811655608897747,0.3585655087498083,0.06026893036041702]"
v3.3,393de51ec9fec163,fermi,independent,2,0.5,1.33,-0.0033852934023779133,1.1183535347791818e-10,1.65025952879342e-16,0.00018541900915045395,1,0.0,"[0.5811920077093472,0.3584231903022474,0.06038480198840544]"
v3.3,393de51ec9fec163,fermi,independent,2,0.5,1.34,-0.00348632973730258,1.9778107276935408e-10,2.0345057377808518e-16,0.0001871815323453641,1,0.0,"[0.5812198727952012,0.35827911892665176,0.06050100827814697]"
v3.3,393de51ec9fec163,fermi,independent,2,0.5,1.35,-0.0035879481741575674,1.1252671364148092e-10,1.805974437930838e-16,0.00018890344312233267,1,0.0,"[0.5812491062133537,0.3581333484495814,0.06061754533706502]"
v3.3,393de51ec9fec163,fermi,independent,2,0.5,1.36,-0.003690112565163415,1.3031659432116705e-10,1.672840509359028e-16,0.00019058381172426815,1,0.0,"[0.5812796585347968,0.35798593216858404,0.060734409296619274]"
v3.3,393de51ec9fec163,fermi,independent,2,0.5,1.37,-0.003792787429903778,5.306275904781721e-11,2.0324423098559742e-16,0.0001922218456001634,1,0.0,"[0.5813114808540576,0.35783692283480906,0.06085159631113339]"
v3.3,393de51ec9fec163,fermi,independent,2,0.5,1.3800000000000001,-0.003895937944559006,1.085647786946975e-10,1.8378637191804825e-16,0.0001938168791131356,1,0.0,"[0.5813445248064495,0.3576863726368748,0.06096910255667564]"
v3.3,393de51ec9fec163,fermi,independent,2,0.5,1.3900000000000001,-0.003999529968804566,1.252931473849639e-10,1.4565724567532813e-16,0.00019536836399195517,1,0.0,"[0.5813787425840677,0.3575343331859398,0.061086924229992325]"
v3.3,393de51ec9fec163,fermi,independent,2,0.5,1.4,-0.004103530013148376,1.854120502964296e-10,1.5066751546111956e-16,0.0001968758604658704,1,0.0,"[0.5814140869505728,0.3573808555019359,0.06120505754749134]"
v3.3,393de51ec9fec163,fermi,independent,3,0.3333333333333333,0.05,-0.004416899907681036,2.1340029743299738e-10,2.8178605465733206e-17,0.0,1,0.0,"[0.595161535811076,0.3542824962892118,0.05055596789971227]"
v3.3,393de51ec9fec163,fermi,independent,3,0.3333333333333333,0.060000000000000005,-0.004403395819127576,1.3397884190968767e-10,1.85610718981826e-13,2.5237955620223733e-05,1,0.0,"[0.5951420333580829,0.35429801101702124,0.050559955624895916]"
v3.3,393de51ec9fec163,fermi,independent,3,0.3333333333333333,0.07,-0.004387485586526935,8.847263199829314e-11,7.877004904210342e-14,2.97368465536402e-05,1,0.0,"[0.5951190511021119,0.3543162846190643,0.05056466427882375]"
v3.3,393de51ec9fec163,fermi,independent,3,0.3333333333333333,0.08,-0.004369193517290017,2.346857083668219e-10,1.2012827577053192e-13,3.419146206598923e-05,1,0.0,"[0.5950926216291389,0.35433728654104235,0.05057009182981883]"
v3.3,393de51ec9fec163,fermi,independent,3,0.3333333333333333,0.09,-0.004348547460055127,1.4863576341950235e-10,1.733603531949696e-13,3.859547845878233e-05,1,0.0,"[0.5950627821847193,0.35436098186273474,0.05057623595254604]"
v3.3,393de51ec9fec163,fermi,independent,3,0.3333333333333333,0.1,-0.004325578699132103,1.2913017877203004e-10,2.3985584342723166e-13,4.294277027493954e-05,1,0.0,"[0.5950295745304388,0.35438733143419415,0.050583094035366934]"
v3.3,393de51ec9fec163,fermi,independent,3,0.3333333333333333,0.11,-0.004300323284363666,1.4402543047076222e-10,1.9748207759394394e-10,4.722662819124786e-05,1,0.0,"[0.5949930453753004,0.35441629146985604,0.050590663154843514]"
v3.3,393de51ec9fec163,fermi,independent,3,0.3333333333333333,0.12000000000000001,-0.0042728161460447375,2.090131054344191e-10,1.7508816627898507e-10,5.1443906663333904e-05,1,0.0,"[0.5949532437591357,0.35444781601569364,0.050598940225170516]"
v3.3,393de51ec9fec163,fermi,independent,3,0.3333333333333333,0.13,-0.004243099805900305,2.1031567459806055e-10,1.4545945742183574e-10,5.5586634375174765e-05,1,0.0,"[0.5949102246021598,0.35448185360521245,0.05060792179262784]"
v3.3,393de51ec9fec163,fermi,independent,3,0.3333333333333333,0.14,-0.004211218276067588,1.5336871356241844e-10,1.0887021052288697e-10,5.9650561374983906e-05,1,0.0,"[0.5948640459727655,0.35451834983516356,0.050617604192070814]"
v3.3,393de51ec9fec163,fermi,independent,3,0.3333333333333333,0.15000000000000002,-0.004177218453396074,1.5606418934943633e-10,6.854194967771427e-11,6.363085171398273e-05,1,0.0,"[0.5948147695214085,0.3545572469581055,0.05062798352048599]"
v3.3,393de51ec9fec163,fermi,independent,3,0.3333333333333333,0.16,-0.004141149753247114,1.4814056925605001e-10,3.2060489228346125e-17,6.752310220051182e-05,1,0.0,"[0.5947624601659139,0.3545984841807705,0.05063905565331552]"
v3.3,393de51ec9fec163,fermi,independent,3,0.3333333333333333,0.16999999999999998,-0.004103065009192983,7.631529436169515e-11,1.7087254642728032e-17,7.132261522262429e-05,1,0.0,"[0.5947071863109952,0.3546419974567683,0.050650816232236426]"
v3.3,393de51ec9fec163,fermi,independent,3,0.3333333333333333,0.18,-0.004063018270275019,7.791126077627553e-11,6.584513215004736e-17,7.502619763845833e-05,1,0.0,"[0.5946490187465917,0.35468772052995756,0.05066326072345065]"
v3.3,393de51ec9fec163,fermi,independent,3,0.3333333333333333,0.19,-0.004021066314275103,1.440786934203686e-10,5.003349693494615e-17,7.863002926931478e-05,1,0.0,"[0.5945880311120716,0.3547355844962721,0.05067638439165631]"
v3.3,393de51ec9fec163,fermi,independent,3,0.3333333333333333,0.2,-0.003977267969740232,1.401965141201167e-10,8.066178922054094e-16,8.21309100750991e-05,1,0.0,"[0.594524299444255,0.35478551823218557,0.05069018232355954]"
v3.3,393de51ec9fec163,fermi,independent,3,0.3333333333333333,0.21000000000000002,-0.00393168442259003,2.2881316286138542e-10,6.820528079014364e-11,8.552570205906383e-05,1,0.0,"[0.5944579021345429,0.35483744843272247,0.05070464943273461]"
v3.3,393de51ec9fec163,fermi,independent,3,0.3333333333333333,0.22000000000000003,-0.0038843765980295167,2.3986315017543447e-10,2.107982665063009e-15,8.881300807847888e-05,1,0.0,"[0.5943889186584971,0.35489130083257425,0.050719780508928745]"
v3.3,393de51ec9fec163,fermi,independent,3,0.3333333333333333,0.22999999999999998,-0.0038354098858785976,7.844592336825329e-11,4.970017904279315e-12,9.198895741953757e-05,1,0.0,"[0.5943174313870773,0.354946998456915,0.050735570156007714]"
v3.3,393de51ec9fec163,fermi,independent,3,0.3333333333333333,0.24,-0.0037848488753834605,1.68535664590852e-10,8.587799212019694e-15,9.505291316036554e-05,1,0.0,"[0.5942435232249822,0.3550044638965702,0.050752012878447675]"
v3.3,393de51ec9fec163,fermi,independent,3,0.3333333333333333,0.25,-0.0037327600068660927,6.097037458241417e-11,2.3394253423125952e-14,9.800297960185164e-05,1,0.0,"[0.5941672785324396,0.355063618412243,0.05076910305531737]"
v3.3,393de51ec9fec163,fermi,independent,3,0.3333333333333333,0.26,-0.003679210478981315,1.5338510322981946e-10,1.0924460604928758e-14,0.00010083806728124802,1,0.0,"[0.5940887825393429,0.35512438250061434,0.05078683496004279]"
v3.3,393de51ec9fec163,fermi,independent,3,0.3333333333333333,0.27,-0.003624268270723492,1.3354399530651762e-10,1.5866674047448016e-14,0.0001035573111500151,1,0.0,"[0.5940081211829137,0.3551866760459131,0.05080520277117333]"
v3.3,393de51ec9fec163,fermi,independent,3,0.3333333333333333,0.28,-0.0035680018988119983,1.3854366959220599e-10,2.2701114531853375e-14,0.00010616018090686078,1,0.0,"[0.593925380865306,0.3552504185511903,0.05082420058350381]"
v3.3,393de51ec9fec163,fermi,independent,3,0.3333333333333333,0.29,-0.0035104802362375884,1.4312692003803917e-10,3.204683052978821e-14,0.00010864645126963222,1,0.0,"[0.5938406482327656,0.35531552934863336,0.0508438224186011]"
v3.3,393de51ec9fec163,fermi,independent,3,0.3333333333333333,0.3,-0.0034517723359350078,7.971746873725039e-11,4.473347887829102e-14,0.00011101619167266062,1,0.0,"[0.593754009962185,0.3553819278028012,0.05086406223501376]"
v3.3,393de51ec9fec163,fermi,independent,3,0.3333333333333333,0.31,-0.003391947194585347,2.2137053995452405e-10,6.169374979858258e-14,0.00011326975474293322,1,0.0,"[0.5936655525559528,0.3554495335059764,0.05088491393807085]"
v3.3,393de51ec9fec163,fermi,independent,3,0.3333333333333333,0.32,-0.0033310736857624854,1.3781657065559116e-10,8.420732023098568e-14,0.00011540776400409492,1,0.0,"[0.5935753621456431,0.3555182664650927,0.05090637138926422]"
v3.3,393de51ec9fec163,fermi,independent,3,0.3333333333333333,0.33,-0.0032692202799933998,7.352699699092469e-11,1.1377166307472943e-13,0.00011743110089310985,1,0.0,"[0.5934835243050345,0.35558804727976323,0.05092842841520227]"
v3.3,393de51ec9fec163,fermi,independent,3,0.3333333333333333,0.33999999999999997,-0.0032064549366799533,1.4310622825641772e-10,1.523331354727353e-13,0.00011934089120095932,1,0.0,"[0.5933901238728649,0.35565879731100797,0.05095107881612699]"
v3.3,393de51ec9fec163,fermi,independent,3,0.3333333333333333,0.35,-0.0031428449293787603,1.4386311586456202e-10,2.0205459555190117e-13,0.00012113849106091766,1,0.0,"[0.5932952447856427,0.3557304388403673,0.05097431637399002]"
v3.3,393de51ec9fec163,fermi,independent,3,0.3333333333333333,0.36,-0.0030784567065354138,2.2690919282419841e-10,2.6572393245809653e-13,0.0001228254725855413,1,0.0,"[0.5931989699207573,0.35580289521915653,0.0509981348600862]"
v3.3,393de51ec9fec163,fermi,independent,3,0.3333333333333333,0.37,-0.0030133557380635986,1.2440184299356005e-10,3.467374790437343e-13,0.0001244036092652827,1,0.0,"[0.593101380950057,0.3558760910076966,0.05102252804224626]"
v3.3,393de51ec9fec163,fermi,independent,3,0.3333333333333333,0.38,-0.0029476063880905165,1.349837047692759e-10,4.4906017838526675e-13,0.00012587486122558243,1,0.0,"[0.5930025582039858,0.35594995210442165,0.05104748969159246]"
v3.3,393de51ec9fec163,fermi,independent,3,0.3333333333333333,0.39,-0.002881271814859962,1.5891193916317548e-10,3.6281480185412527e-12,0.00012724134733942667,1,0.0,"[0.592902580556047,0.3560244058557534,0.05107301358819957]"
v3.3,393de51ec9fec163,fermi,independent,3,0.3333333333333333,0.4,-0.002814413888748528,1.6593097035277893e-10,2.1953477945039917e-11,0.00012850531785208412,1,0.0,"[0.5928015253272697,0.3560993811471422,0.05109909352558813]"
v3.3,393de51ec9fec163,fermi,independent,3,0.3333333333333333,0.41,-0.0027470925589946,1.437828328620938e-10,9.351540427158476e-13,0.00012966949036606878,1,0.0,"[0.5926994679399689,0.35617480872681,0.05112572333322119]"
v3.3,393de51ec9fec163,fermi,independent,3,0.3333333333333333,0.42,-0.002679367031983071,1.3854310060290587e-10,1.1788897451911626e-12,0.000130735929868649,1,0.0,"[0.592596482405146,0.35625062075391906,0.05115289684093509]"
v3.3,393de51ec9fec163,fermi,independent,3,0.3333333333333333,0.43,-0.0026112942917045356,1.2909190383325608e-10,1.4773771966314086e-12,0.00013170766112923567,1,0.0,"[0.5924926406086541,0.35632675146373144,0.051180607927614426]"
v3.3,393de51ec9fec163,fermi,independent,3,0.3333333333333333,0.44,-0.0025429297677687646,2.3473716026511937e-10,1.840874231154619e-12,0.00013258736630689393,1,0.0,"[0.5923880125668982,0.35640313693057424,0.051208850502527596]"
v3.3,393de51ec9fec163,fermi,independent,3,0.3333333333333333,0.45,-0.0024743271063946692,7.096498388925454e-11,2.281318706186043e-12,0.000133377905127337,1,0.0,"[0.5922826662946682,0.3564797151913178,0.051237618514014004]"
v3.3,393de51ec9fec163,fermi,independent,3,0.3333333333333333,0.46,-0.002405538066049491,1.3569624590648033e-10,3.824033671431476e-12,0.00013408220615752255,1,0.0,"[0.5921766677534996,0.3565564262934771,0.051266905953023155]"
v3.3,393de51ec9fec163,fermi,independent,3,0.3333333333333333,0.47,-0.002336612548096549,2.341744576028759e-10,3.496855940406334e-12,0.00013470328097006765,1,0.0,"[0.5920700807892,0.35663321235388223,0.05129670685691792]"
v3.3,393de51ec9fec163,fermi,independent,3,0.3333333333333333,0.48,-0.0022675985126492312,1.4646110713112392e-10,4.211589000102565e-12,0.0001352441462547695,1,0.0,"[0.5919629671268197,0.35671001756236437,0.05132701531081591]"
v3.3,393de51ec9fec163,fermi,independent,3,0.3333333333333333,0.49,-0.0021985419239312215,1.4048291696600046e-10,5.11770613382004e-12,0.00013570789740849576,1,0.0,"[0.5918553863102572,0.3567867882369698,0.05135782545277293]"
v3.3,393de51ec9fec163,fermi,independent,3,0.3333333333333333,0.5,-0.002129486760796398,7.672733282060307e-11,6.191142729762746e-12,0.00013609763660333717,1,0.0,"[0.591747395695611,0.3568634728304374,0.05138913147395163]"
v3.3,393de51ec9fec163,fermi,independent,3,0.3333333333333333,0.51,-0.0020604749862624845,1.5173086398423408e-10,7.45789885957677e-12,0.0001364164841577275,1,0.0,"[0.5916390504351053,0.3569400219431988,0.05142092762169577]"
v3.3,393de51ec9fec163,fermi,independent,3,0.3333333333333333,0.52,-0.0019915465228312577,1.4460848143937888e-10,8.946958810158874e-12,0.00013666756615022865,1,0.0,"[0.5915304034701485,0.35701638832868393,0.05145320820116753]"
v3.3,393de51ec9fec163,fermi,independent,3,0.3333333333333333,0.53,-0.001922739281522149,1.3068511203750965e-10,1.0690803647394886e-11,0.0001368540046896959,1,0.0,"[0.5914215055312342,0.3570925268918432,0.05148596757692262]"
v3.3,393de51ec9fec163,fermi,independent,3,0.3333333333333333,0.54,-0.0018540891393863425,2.0801131303538334e-10,1.2725840579670129e-11,0.00013697890911258169,1,0.0,"[0.5913124051440628,0.3571683946816847,0.05151920017425249]"
v3.3,393de51ec9fec163,fermi,independent,3,0.3333333333333333,0.55,-0.0017856299641468842,1.6042063163967946e-10,1.509255115526502e-11,0.00013704536776494784,1,0.0,"[0.5912031486414603,0.35724395087823196,0.051552900480307605]"
v3.3,393de51ec9fec163,fermi,independent,3,0.3333333333333333,0.56,-0.0017173936244294467,2.355352718419468e-10,1.7835727817615615e-11,0.0001370564403558961,1,0.0,"[0.5910937801806853,0.3573191567742996,0.05158706304501512]"
v3.3,393de51ec9fec163,fermi,independent,3,0.3333333333333333,0.5700000000000001,-0.001649410034964792,6.784795988923342e-11,2.1005213277359666e-11,0.00013701515088329527,1,0.0,"[0.5909843417657134,0.35739397575248344,0.05162168248180335]"
v3.3,393de51ec9fec163,fermi,independent,3,0.3333333333333333,0.5800000000000001,-0.001581707102358252,7.305451382721984e-11,2.4655791104873146e-11,0.00013692448112174595,1,0.0,"[0.5908748732740976,0.3574683732577557,0.05165675346814668]"
v3.3,393de51ec9fec163,fermi,independent,3,0.3333333333333333,0.5900000000000001,-0.0015143106811546028,7.810294425092401e-11,3.1983998395922943e-13,0.000136787491394514,1,0.0,"[0.5907654123917326,0.35754231685393456,0.0516922707543328]"
v3.3,393de51ec9fec163,fermi,independent,3,0.3333333333333333,0.6000000000000001,-0.0014472453015570187,1.5364682096064008e-10,2.0052537368745196e-13,0.00013660670377818723,1,0.0,"[0.5906559950158525,0.35761577585254406,0.05172822913160351]"
v3.3,393de51ec9fec163,fermi,independent,3,0.3333333333333333,0.6100000000000001,-0.0013805331103148542,2.2247735251279543e-10,1.0948872019245779e-13,0.00013638527831992864,1,0.0,"[0.5905466547642216,0.3576887217574447,0.05176462347833378]"
v3.3,393de51ec9fec163,fermi,independent,3,0.3333333333333333,0.6200000000000001,-0.001314194642558792,7.023888415336188e-11,6.283500378301893e-14,0.00013612586640002672,1,0.0,"[0.5904374233551016,0.35776112791443937,0.05180144873045892]"
v3.3,393de51ec9fec163,fermi,independent,3,0.3333333333333333,0.63,-0.0012482486652619917,1.7571359298140798e-10,7.190726418274601e-14,0.00013583115974066427,1,0.0,"[0.5903283305699037,0.3578329695416875,0.0518386998884088]"
v3.3,393de51ec9fec163,fermi,independent,3,0.3333333333333333,0.64,-0.0011827122760963843,2.3843452906513463e-10,8.217564402584904e-14,0.00013550378006935837,1,0.0,"[0.5902194042994517,0.35790422368375074,0.05187637201679743]"
v3.3,393de51ec9fec163,fermi,independent,3,0.3333333333333333,0.65,-0.0011176009262365873,6.965840057548967e-11,1.1540336370020627e-12,0.00013514627042033141,1,0.0,"[0.5901106705966588,0.357974869159535,0.05191446024380617]"
v3.3,393de51ec9fec163,fermi,independent,3,0.3333333333333333,0.66,-0.0010529284548995155,1.3209014090853621e-10,1.3033967891898857e-13,0.0001347611222911492,1,0.0,"[0.590002153708356,0.35804488652989935,0.051952959761744806]"
v3.3,393de51ec9fec163,fermi,independent,3,0.3333333333333333,0.67,-0.000988707200040441,2.0030807915127902e-10,1.2852951782328913e-13,0.0001343507013020444,1,0.0,"[0.5898938761636032,0.3581142580120452,0.051991865824351516]"
v3.3,393de51ec9fec163,fermi,independent,3,0.3333333333333333,0.68,-0.0009249480261061468,6.921074130472604e-11,7.809345586266752e-13,0.00013391733814724913,1,0.0,"[0.5897858587926025,0.35818296745942335,0.052031173747974155]"
v3.3,393de51ec9fec163,fermi,independent,3,0.3333333333333333,0.6900000000000001,-0.0008616603223718516,1.8027075665560943e-10,1.7845722418043357e-13,0.00013346327128009616,1,0.0,"[0.5896781207889703,0.3582510002997167,0.05207087891131295]"
v3.3,393de51ec9fec163,fermi,independent,3,0.3333333333333333,0.7000000000000001,-0.000798852209086983,1.454587283955533e-10,2.0927698232597204e-13,0.00013299063689216204,1,0.0,"[0.5895706797801895,0.3583183434681128,0.05211097675169767]"
v3.3,393de51ec9fec163,fermi,independent,3,0.3333333333333333,0.7100000000000001,-0.0007365304534829795,2.1247600207052741e-10,2.447085366111498e-13,0.00013250151248910772,1,0.0,"[0.5894635518639497,0.3583849853686375,0.05215146276741272]"
v3.3,393de51ec9fec163,fermi,independent,3,0.3333333333333333,0.7200000000000001,-0.000674700596690659,1.4313892779393989e-10,2.853249638857239e-13,0.00013199787995008734,1,0.0,"[0.5893567516732742,0.3584509158115125,0.05219233251521338]"
v3.3,393de51ec9fec163,fermi,independent,3,0.3333333333333333,0.7300000000000001,-0.0006133670101588773,2.1378379969072547e-10,3.317755854751558e-13,0.0001314816399213253,1,0.0,"[0.5892502924304154,0.35851612595987725,0.05223358160970746]"
v3.3,393de51ec9fec163,fermi,independent,3,0.3333333333333333,0.7400000000000001,-0.0005525329461824359,7.365612633702945e-11,3.847395664523159e-13,0.00013095460949802295,1,0.0,"[0.5891441860025906,0.35858060827502647,0.05227520572238307]"
v3.3,393de51ec9fec163,fermi,independent,3,0.3333333333333333,0.7500000000000001,-0.0004922005742461835,1.4040809487303463e-10,4.450040630488003e-13,0.0001304185225736932,1,0.0,"[0.5890384429575023,0.35864435646189147,0.05231720058060634]"
v3.3,393de51ec9fec163,fermi,independent,3,0.3333333333333333,0.76,-0.000432371107461766,2.0626153909852896e-10,5.134024146146074e-13,0.00012987503042096775,1,0.0,"[0.5889330726184923,0.35870736541491366,0.05235956196659411]"
v3.3,393de51ec9fec163,fermi,independent,3,0.3333333333333333,0.77,-0.0003730447920196889,1.271599353591668e-10,5.908698049084414e-13,0.00012932570247892278,1,0.0,"[0.5888280831191935,0.35876963116443955,0.05240228571636694]"
v3.3,393de51ec9fec163,fermi,independent,3,0.3333333333333333,0.78,-0.0003142209910979611,2.2898165655260705e-10,6.783693037621037e-13,0.0001287720273352152,1,0.0,"[0.5887234814575553,0.3588311508237577,0.05244536771868703]"
v3.3,393de51ec9fec163,fermi,independent,3,0.3333333333333333,0.79,-0.00025589824301065073,1.130015421513253e-10,7.770283588069812e-13,0.00012821541388216256,1,0.0,"[0.5886192735491294,0.3588919225368857,0.052488803913985006]"
v3.3,393de51ec9fec163,fermi,independent,3,0.3333333333333333,0.8,-0.0001980743140415145,1.2323386755497268e-10,8.880684950279859e-13,0.00012765719263481328,1,0.0,"[0.5885154642795165,0.35895194542720305,0.05253259029328039]"
v3.3,393de51ec9fec163,fermi,independent,3,0.3333333333333333,0.81,-0.00014074624399281269,1.988035847055869e-10,1.0126934766178722e-12,0.0001270986171935346,1,0.0,"[0.5884120575558822,0.35901121954701865,0.05257672289709906]"
v3.3,393de51ec9fec163,fermi,independent,3,0.3333333333333333,0.8200000000000001,-8.391041111503739e-05,1.3814772242826123e-10,1.1523546938594743e-12,0.00012654086583362332,1,0.0,"[0.5883090563574649,0.35906974582814427,0.05262119781439096]"
v3.3,393de51ec9fec163,fermi,independent,3,0.3333333333333333,0.8300000000000001,-2.756257222977232e-05,1.4069836962171678e-10,1.3085964890686805e-12,0.00012598504321700623,1,0.0,"[0.5882064627850018,0.3591275260335464,0.052666011181451824]"
v3.3,393de51ec9fec163,fermi,independent,3,0.3333333333333333,0.8400000000000001,2.830208019957356e-05,9.134256892529002e-11,1.4829763392489002e-12,0.00012543218220028996,1,0.0,"[0.5881042781090178,0.3591845627101306,0.05271115918085161]"
v3.3,393de51ec9fec163,fermi,independent,3,0.3333333333333333,0.8500000000000001,8.368887597151944e-05,1.1566729865575276e-10,1.6772746223654726e-12,0.00012488324573710049,1,0.0,"[0.5880025028169199,0.35924085914270804,0.05275663804037206]"
v3.3,393de51ec9fec163,fermi,independent,3,0.3333333333333333,0.8600000000000001,0.00013860345903112664,1.3330811801659515e-10,2.58867593245047e-11,0.00012433901510045445,1,0.0,"[0.5879011367493251,0.3592964192241111,0.05280244402656383]"
v3.3,393de51ec9fec163,fermi,independent,3,0.3333333333333333,0.8700000000000001,0.00019305254944414554,1.2323442613593194e-10,2.133380505163941e-12,0.00012380077417325247,1,0.0,"[0.5878001786923016,0.35935124783702604,0.05284857347067237]"
v3.3,393de51ec9fec163,fermi,independent,3,0.3333333333333333,0.8800000000000001,0.00024704228387302865,2.25310919227395e-10,2.3994008803641816e-12,0.00012326860666520318,1,0.0,"[0.5876996273253425,0.35940534996096474,0.05289502271369272]"
v3.3,393de51ec9fec163,fermi,independent,3,0.3333333333333333,0.89,0.0003005797977934724,1.351424458451156e-10,2.6938082613955297e-12,0.0001227436704624383,1,0.0,"[0.5875994803586352,0.35945873148207313,0.05294178815929161]"
v3.3,393de51ec9fec163,fermi,independent,3,0.3333333333333333,0.9,0.0003536723623378535,2.0955429752556043e-10,3.019069020651209e-12,0.00012222649638564864,1,0.0,"[0.5874997350260229,0.35951139872811544,0.0529888662458617]"
v3.3,393de51ec9fec163,fermi,independent,3,0.3333333333333333,0.91,0.00040632753203002914,1.3968387557738993e-10,3.377907814047844e-12,0.00012171767147342213,1,0.0,"[0.5874003880337999,0.3595633585152486,0.05303625345095152]"
v3.3,393de51ec9fec163,fermi,independent,3,0.3333333333333333,0.92,0.0004585530827110433,2.1267132846447545e-10,3.7732268437473485e-12,0.00012121772774174266,1,0.0,"[0.5873014355986164,0.359614618111059,0.053083946290324695]"
v3.3,393de51ec9fec163,fermi,independent,3,0.3333333333333333,0.93,0.0005103569972535783,1.8419671690694805e-10,4.207968987957778e-12,0.0001207271444173666,1,0.0,"[0.5872028734840223,0.3596651851989354,0.0531319413170423]"
v3.3,393de51ec9fec163,fermi,independent,3,0.3333333333333333,0.9400000000000001,0.0005617474271443282,1.3596391373882355e-10,4.685487108879066e-12,0.00012024635017110864,1,0.0,"[0.5871046970356547,0.35971506784377644,0.053180235120568804]"
v3.3,393de51ec9fec163,fermi,independent,3,0.3333333333333333,0.9500000000000001,0.0006127326619533961,2.027113719937912e-10,5.209233829743302e-12,0.00011977572534624013,1,0.0,"[0.5870069012150736,0.3597642744590238,0.053228824325902716]"
v3.3,393de51ec9fec163,fermi,independent,3,0.3333333333333333,0.9600000000000001,0.0006633211123881801,1.9841107576357153e-10,2.1275648608931155e-12,0.00011931562126194826,1,0.0,"[0.5869094806182924,0.3598128137876443,0.05327770559406337]"
v3.3,393de51ec9fec163,fermi,independent,3,0.3333333333333333,0.9700000000000001,0.0007135212229526164,6.76271781629989e-11,2.3006328703105197e-12,0.00011886627916139932,1,0.0,"[0.5868124295610144,0.3598606948228653,0.05332687561612017]"
v3.3,393de51ec9fec163,fermi,independent,3,0.3333333333333333,0.9800000000000001,0.0007633415211144093,6.10746002382978e-11,2.4850852810382678e-12,0.00011842799473681428,1,0.0,"[0.5867157420298855,0.35990792685022754,0.05337633111988703]"
v3.3,393de51ec9fec163,fermi,independent,3,0.3333333333333333,0.9900000000000001,0.0008127906146352844,2.2664682630679778e-10,2.681428953526885e-12,0.00011800096185469456,1,0.0,"[0.5866194117619131,0.35995451937377365,0.05342606886431321]"
v3.3,393de51ec9fec163,fermi,independent,3,0.3333333333333333,1.0,0.000861877025941947,2.1014191428636586e-10,2.8904241877150558e-12,0.0001175853519998158,1,0.0,"[0.5865234322594158,0.3600004821006664,0.053476085639917785]"
v3.3,393de51ec9fec163,fermi,independent,3,0.3333333333333333,1.01,0.0009106093287183994,1.9883589566505044e-10,3.1125137592685686e-12,0.00011718130123640418,1,0.0,"[0.5864277968160725,0.3600458249158526,0.05352637826807509]"
v3.3,393de51ec9fec163,fermi,independent,3,0.3333333333333333,1.02,0.0009589960247829432,7.489908346314245e-11,3.348410350681635e-12,0.0001167889122298469,1,0.0,"[0.5863324985417536,0.36009055785792066,0.05357694360032566]"
v3.3,393de51ec9fec163,fermi,independent,3,0.3333333333333333,1.03,0.0010070456311365474,2.13044689528763e-10,3.598597360631768e-12,0.00011640825622946175,1,0.0,"[0.5862375303861558,0.36013469109613083,0.05362777851771334]"
v3.3,393de51ec9fec163,fermi,independent,3,0.3333333333333333,1.04,0.001054766497849597,2.1714538847583675e-10,3.863862645892826e-12,0.00011603937499436674,1,0.0,"[0.5861428851612707,0.3601782349085817,0.05367887993014757]"
v3.3,393de51ec9fec163,fermi,independent,3,0.3333333333333333,1.05,0.0011021669466365833,1.335739643892886e-10,5.149804393068728e-12,0.00011568227746291952,1,0.0,"[0.5860485555671208,0.3602211996568309,0.053730244776048285]"
v3.3,393de51ec9fec163,fermi,independent,3,0.3333333333333333,1.06,0.0011492551787333702,2.1897371069168337e-10,9.057421799048917e-12,0.00011533695012495126,1,0.0,"[0.5859545342090989,0.3602635957709803,0.05378187001992069]"
v3.3,393de51ec9fec163,fermi,independent,3,0.3333333333333333,1.07,0.001196039366043164,1.4691730124138935e-10,4.7565893555753545e-12,0.00011500341680588542,1,0.0,"[0.5858608135654333,0.36030543377744156,0.05383375265712502]"
v3.3,393de51ec9fec163,fermi,independent,3,0.3333333333333333,1.08,0.0012425273907324952,2.0689503929527397e-10,5.0888504122406735e-12,0.00011468150436717711,1,0.0,"[0.5857673861527097,0.3603467241420485,0.05388588970524177]"
v3.3,393de51ec9fec163,fermi,independent,3,0.3333333333333333,1.09,0.0012887271036720258,7.07996682114409e-11,5.439641141567412e-12,0.0001143712195108718,1,0.0,"[0.5856742443734992,0.36038747741613464,0.05393827821036615]"
v3.3,393de51ec9fec163,fermi,independent,3,0.3333333333333333,1.1,0.0013346462377362561,2.1481890918884083e-10,5.809664493235221e-12,0.00011407244186997398,1,0.0,"[0.5855813806237968,0.3604277041326077,0.053990915243595436]"
v3.3,393de51ec9fec163,fermi,independent,3,0.3333333333333333,1.11,0.0013802922643450545,6.60042576150488e-11,6.199850620311717e-12,0.00011378505613050919,1,0.0,"[0.5854887872890234,0.36046741480986644,0.054043797901110135]"
v3.3,393de51ec9fec163,fermi,independent,3,0.3333333333333333,1.12,0.001425672583235886,6.82865743117933e-11,6.6107744633569214e-12,0.00011350893087579642,1,0.0,"[0.5853964567582548,0.36050661993802025,0.05409692330372502]"
v3.3,393de51ec9fec163,fermi,independent,3,0.3333333333333333,1.1300000000000001,0.0014707943626259788,2.0795900418368873e-10,7.043411951548247e-12,0.00011324391997930618,1,0.0,"[0.585304381437568,0.3605453299659719,0.05415028859646]"
v3.3,393de51ec9fec163,fermi,independent,3,0.3333333333333333,1.1400000000000001,0.0015156646189934259,1.877272226558091e-10,7.49853891955646e-12,0.00011298986394518609,1,0.0,"[0.585212553762529,0.3605835552893387,0.05420389094813212]"
v3.3,393de51ec9fec163,fermi,independent,3,0.3333333333333333,1.1500000000000001,0.0015602901681676835,6.490982057405503e-11,7.976900601133104e-12,0.00011274659117959967,1,0.0,"[0.5851209662098579,0.36062130623917577,0.05425772755096637]"
v3.3,393de51ec9fec163,fermi,independent,3,0.3333333333333333,1.1600000000000001,0.0016046776719914474,1.3659820843892057e-10,8.479498086929224e-12,0.00011251391920200265,1,0.0,"[0.5850296113083029,0.3606585930714716,0.05431179562022557]"
v3.3,393de51ec9fec163,fermi,independent,3,0.3333333333333333,1.1700000000000002,0.0016488335399509856,6.979890276870293e-11,9.0070625424329e-12,0.00011229165580005428,1,0.0,"[0.5849384816487502,0.36069542595739135,0.0543660923938585]"
v3.3,393de51ec9fec163,fermi,independent,3,0.3333333333333333,1.1800000000000002,0.0016927640060319799,7.37145622320412e-11,9.56062310997068e-12,0.00011207960011615193,1,0.0,"[0.5848475698936062,0.3607318149742289,0.05442061513216496]"
v3.3,393de51ec9fec163,fermi,independent,3,0.3333333333333333,1.1900000000000002,0.0017364751680017387,1.1922149378840174e-10,1.014091005093145e-11,0.00011187754368560004,1,0.0,"[0.5847568687854745,0.3607677700970476,0.054475361117478034]"
v3.3,393de51ec9fec163,fermi,independent,3,0.3333333333333333,1.2000000000000002,0.00177997280609107,1.296027694885904e-10,1.0748990628621949e-11,0.00011168527140645505,1,0.0,"[0.5846663711551653,0.360803301190973,0.05453032765386168]"
v3.3,393de51ec9fec163,fermi,independent,3,0.3333333333333333,1.21,0.0018232625729823378,1.1768681515422763e-10,1.1385737465622235e-11,0.00011150256246322345,1,0.0,"[0.5845760699290583,0.36083841800411737,0.05458551206682424]"
v3.3,393de51ec9fec163,fermi,independent,3,0.3333333333333333,1.22,0.0018663499000056809,1.054588014137714e-10,1.2052115186842241e-11,0.00011132919118835285,1,0.0,"[0.5844859581358529,0.3608731301611013,0.05464091170304584]"
v3.3,393de51ec9fec163,fermi,independent,3,0.3333333333333333,1.23,0.0019092400046102492,1.4468008041612634e-10,1.2749095214313416e-11,0.00011116492787522786,1,0.0,"[0.5843960289127298,0.36090744715715023,0.05469652393012005]"
v3.3,393de51ec9fec163,fermi,independent,3,0.3333333333333333,1.24,0.0019519379081262035,1.9851837188000765e-10,1.3477604341601866e-11,0.00011100953953760695,1,0.0,"[0.5843062755109528,0.36094137835273843,0.0547523461363087]"
v3.3,393de51ec9fec163,fermi,independent,3,0.3333333333333333,1.25,0.0019944484168977587,1.101132067471422e-10,1.4238711409686787e-11,0.00011086279061846891,1,0.0,"[0.5842166913009379,0.36097493296875355,0.054808375730308605]"
v3.3,393de51ec9fec163,fermi,independent,3,0.3333333333333333,1.26,0.002036776139357533,1.8181951777496153e-10,1.5033294329395686e-11,0.00011072444365649577,1,0.0,"[0.5841272697768092,0.36100812008215966,0.05486461014103111]"
v3.3,393de51ec9fec163,fermi,independent,3,0.3333333333333333,1.27,0.002078925465264062,6.643447597598495e-11,1.5862551805360926e-11,0.00011059425989606228,1,0.0,"[0.5840380045604777,0.36104094862213054,0.05492104681739175]"
v3.3,393de51ec9fec163,fermi,independent,3,0.3333333333333333,1.28,0.002120900630249365,1.3701361920026578e-10,1.6727316167243927e-11,0.00011047199986731784,1,0.0,"[0.5839488894052525,0.36107342736663633,0.054977683228111286]"
v3.3,393de51ec9fec163,fermi,independent,3,0.3333333333333333,1.29,0.0021627055968286464,1.4387494667866818e-10,1.7628782115772857e-11,0.00011035742390829397,1,0.0,"[0.5838599181990222,0.36110556493945184,0.055034516861526085]"
v3.3,393de51ec9fec163,fermi,independent,3,0.3333333333333333,1.3,0.002204344291132046,1.3217326885750502e-10,1.6316450534201095e-14,0.00011025038232503513,1,0.0,"[0.5837710848866221,0.36113736988056483,0.055091545232813094]"
v3.3,393de51ec9fec163,fermi,independent,3,0.3333333333333333,1.31,0.0022458201064092624,9.54719636681034e-11,1.194750863782114e-14,0.00011015037256860106,1,0.0,"[0.5836823837892496,0.36116885035612795,0.05514876585462238]"
v3.3,393de51ec9fec163,fermi,independent,3,0.3333333333333333,1.32,0.002287136544889719,6.068592156571739e-11,8.27144295680988e-15,0.00011005741629365362,1,0.0,"[0.5835938091375149,0.3612000145823927,0.055206176280092195]"
v3.3,393de51ec9fec163,fermi,independent,3,0.3333333333333333,1.33,0.002328296867791582,1.0767465044581037e-10,6.8130290695611255e-15,0.00010997119278206324,1,0.0,"[0.5835053553814504,0.36123087054424446,0.055263774074305154]"
v3.3,393de51ec9fec163,fermi,independent,3,0.3333333333333333,1.34,0.002369304079355438,2.0789813620636366e-10,7.243548246367819e-15,0.00010989146803641194,1,0.0,"[0.5834170171157709,0.3612614260630841,0.05532155682114508]"
v3.3,393de51ec9fec163,fermi,independent,3,0.3333333333333333,1.35,0.0024101610424104823,1.9088633104735742e-10,7.708417289429081e-15,0.00010981801026733564,1,0.0,"[0.5833287890808792,0.3612916887959722,0.05537952212314866]"
v3.3,393de51ec9fec163,fermi,independent,3,0.3333333333333333,1.36,0.0024508704318785893,6.666052085324559e-11,8.130764530115352e-15,0.00010975059015836788,1,0.0,"[0.5832406661635997,0.3613216662350268,0.0554376676013735]"
v3.3,393de51ec9fec163,fermi,independent,3,0.3333333333333333,1.37,0.0024914347487740296,1.0492020099950317e-10,8.647179944421798e-15,0.00010968898115173607,1,0.0,"[0.583152643397609,0.3613513657071236,0.05549599089526726]"
v3.3,393de51ec9fec163,fermi,independent,3,0.3333333333333333,1.3800000000000001,0.002531856313219054,9.788861041193364e-11,9.170123215784252e-15,0.00010963295967156769,1,0.0,"[0.5830647159636152,0.36138079437384135,0.055554489662543456]"
v3.3,393de51ec9fec163,fermi,independent,3,0.3333333333333333,1.3900000000000001,0.0025721372863242373,6.85103258846187e-11,9.725281798699855e-15,0.00010958230532911785,1,0.0,"[0.582976879189296,0.3614099592316429,0.055613161579061106]"
v3.3,393de51ec9fec163,fermi,independent,3,0.3333333333333333,1.4,0.002612279665101497,1.400777341342696e-10,1.0263610777552447e-14,0.00010953680110706425,1,0.0,"[0.5828891285490093,0.36143886711228107,0.05567200433870967]"
v3.3,393de51ec9fec163,fermi,independent,5,0.2,0.05,-0.00443062391644089,7.305880900254635e-11,2.6542451274051613e-14,0.0,1,0.0,"[0.5951900107409966,0.3542598282559595,0.05055016100304381]"
v3.3,393de51ec9fec163,fermi,independent,5,0.2,0.060000000000000005,-0.0044231177214933415,1.5035231393234483e-10,7.917990871719415e-14,9.10755848877152e-06,1,0.0,"[0.595182973702951,0.3542654285728763,0.050551597724172705]"
v3.3,393de51ec9fec163,fermi,independent,5,0.2,0.07,-0.004414264081387766,1.439067545683237e-10,1.9922889025192528e-13,1.0741190250950377e-05,1,0.0,"[0.595174673581505,0.3542720317075871,0.05055329471090786]"
v3.3,393de51ec9fec163,fermi,independent,5,0.2,0.08,-0.004404071545272378,1.4583707158566384e-10,3.404535236287086e-14,1.236380474430384e-05,1,0.0,"[0.5951651184740023,0.35427963003682345,0.050555251489174204]"
v3.3,393de51ec9fec163,fermi,independent,5,0.2,0.09,-0.004392549940767182,1.4215653654225946e-10,6.027124300875424e-14,1.3973798990201342e-05,1,0.0,"[0.595154317657121,0.3542882148282705,0.05055746751460849]"
v3.3,393de51ec9fec163,fermi,independent,5,0.2,0.1,-0.004379710333739219,1.4407243453806728e-10,1.0095982141654723e-13,1.5569614930517306e-05,1,0.0,"[0.5951422815541951,0.3542977762713729,0.050559942174432]"
v3.3,393de51ec9fec163,fermi,independent,5,0.2,0.11,-0.004365564980587058,1.599393464890575e-10,1.617865433072873e-13,1.7149735545593385e-05,1,0.0,"[0.5951290217056421,0.35430830350586345,0.05056267478849447]"
v3.3,393de51ec9fec163,fermi,independent,5,0.2,0.12000000000000001,-0.004350128651713921,2.1775264924528415e-10,1.871220341257515e-10,1.8711928282062764e-05,1,0.0,"[0.5951145512952735,0.3543197841259673,0.050565664578759294]"
v3.3,393de51ec9fec163,fermi,independent,5,0.2,0.13,-0.004333413095798468,1.3645224533620492e-10,1.6274492262133825e-10,2.0257170277667782e-05,1,0.0,"[0.5950988827923274,0.35433220640374813,0.050568910803924456]"
v3.3,393de51ec9fec163,fermi,independent,5,0.2,0.14,-0.004315435443976376,2.272751917220539e-10,1.3173116951290189e-10,2.178163605230829e-05,1,0.0,"[0.5950820314813767,0.35434555596255224,0.050572412556070985]"
v3.3,393de51ec9fec163,fermi,independent,5,0.2,0.15000000000000002,-0.00429621244843717,2.2142421923776467e-10,9.513271658825986e-11,2.3284856984811795e-05,1,0.0,"[0.5950640129960842,0.35435981810184936,0.05057616890206642]"
v3.3,393de51ec9fec163,fermi,independent,5,0.2,0.16,-0.004275761499080516,1.5847984730088527e-10,4.698101616083837e-14,2.476581509853872e-05,1,0.0,"[0.5950448437237764,0.3543749774171993,0.050580178859024286]"
v3.3,393de51ec9fec163,fermi,independent,5,0.2,0.16999999999999998,-0.004254102434583122,2.264841994503719e-10,5.61117583953727e-14,2.622248915365731e-05,1,0.0,"[0.5950245415429491,0.3543910171032817,0.05058444135376906]"
v3.3,393de51ec9fec163,fermi,independent,5,0.2,0.18,-0.004231254256386499,1.6158219900974657e-10,6.621797543700443e-14,2.765479039084571e-05,1,0.0,"[0.5950031244046554,0.35440792029560203,0.05058895529974241]"
v3.3,393de51ec9fec163,fermi,independent,5,0.2,0.19,-0.0042072375364385,2.1791588672437356e-10,7.731689769173758e-14,2.9061289783998133e-05,1,0.0,"[0.5949806113177547,0.3544256691399238,0.050593719542321496]"
v3.3,393de51ec9fec163,fermi,independent,5,0.2,0.2,-0.0041820736835139,1.4796799896465984e-10,8.945685935291116e-14,3.0441017937687707e-05,1,0.0,"[0.5949570220120413,0.35444424511112643,0.050598732876832475]"
v3.3,393de51ec9fec163,fermi,independent,5,0.2,0.21000000000000002,-0.00415578489361159,7.63166335682186e-11,1.0261366725058403e-13,3.179307660700436e-05,1,0.0,"[0.5949323768867639,0.3544636290624471,0.05060399405078903]"
v3.3,393de51ec9fec163,fermi,independent,5,0.2,0.22000000000000003,-0.004128394488811131,1.5054156532468e-10,5.3467545879570906e-11,3.3116421567664694e-05,1,0.0,"[0.5949066971177859,0.3544838011217601,0.05060950176045411]"
v3.3,393de51ec9fec163,fermi,independent,5,0.2,0.22999999999999998,-0.004099924948276379,1.4510631585196165e-10,1.3208965784931209e-13,3.441117041089282e-05,1,0.0,"[0.5948800038092147,0.3545047415091636,0.05061525468162175]"
v3.3,393de51ec9fec163,fermi,independent,5,0.2,0.24,-0.004070401733960068,7.742749497108292e-11,5.844736751651559e-12,3.567531184477312e-05,1,0.0,"[0.5948523195492457,0.35452642903589315,0.05062125141486119]"
v3.3,393de51ec9fec163,fermi,independent,5,0.2,0.25,-0.004039849165954214,7.282027064681174e-11,1.6560403216711257e-13,3.690919804647707e-05,1,0.0,"[0.5948236666845355,0.35454884277052656,0.05062749054493802]"
v3.3,393de51ec9fec163,fermi,independent,5,0.2,0.26,-0.0040082927682930855,6.520622236605433e-11,1.8391812482974904e-13,3.811193864486712e-05,1,0.0,"[0.5947940682269229,0.35457196115877687,0.05063397061430013]"
v3.3,393de51ec9fec163,fermi,independent,5,0.2,0.27,-0.003975758365365144,6.252344475488059e-11,2.03208182443038e-13,3.928315697319187e-05,1,0.0,"[0.5947635474802382,0.35459576238847235,0.050640690131289405]"
v3.3,393de51ec9fec163,fermi,independent,5,0.2,0.28,-0.003942272215591555,2.3708684321332996e-10,2.2342790258037315e-13,4.0422433764644795e-05,1,0.0,"[0.5947321280710299,0.354620224356754,0.05064764757221612]"
v3.3,393de51ec9fec163,fermi,independent,5,0.2,0.29,-0.003907861019750054,7.231814452834939e-11,2.445907581713801e-13,4.152944078525204e-05,1,0.0,"[0.5946998338826519,0.35464532473378907,0.05065484138355906]"
v3.3,393de51ec9fec163,fermi,independent,5,0.2,0.3,-0.0038725517386975286,1.452131401236123e-10,1.2413208681777922e-17,4.26039177758006e-05,1,0.0,"[0.5946666890059779,0.35467104100981167,0.05066226998421049]"
v3.3,393de51ec9fec163,fermi,independent,5,0.2,0.31,-0.003836371652983374,1.4483864801961843e-10,2.995459318673141e-17,4.3645665935089116e-05,1,0.0,"[0.594632717694997,0.3546973505378957,0.0506699317671073]"
v3.3,393de51ec9fec163,fermi,independent,5,0.2,0.32,-0.0037993482460466424,2.3481470934338944e-10,4.531090162305294e-17,4.4654555363006034e-05,1,0.0,"[0.5945979443166657,0.354724230581416,0.05067782510191832]"
v3.3,393de51ec9fec163,fermi,independent,5,0.2,0.33,-0.003761509179313699,1.6021507731611706e-10,1.5359333947097995e-17,4.5630513753238175e-05,1,0.0,"[0.594562393309269,0.3547516583541482,0.05068594833658284]"
v3.3,393de51ec9fec163,fermi,independent,5,0.2,0.33999999999999997,-0.003722882247412816,1.462733614787659e-10,9.84871852013974e-16,4.6573528673997344e-05,1,0.0,"[0.5945260891389524,0.35477961106172523,0.05069429979932228]"
v3.3,393de51ec9fec163,fermi,independent,5,0.2,0.35,-0.0036834953231559553,1.4408407106314414e-10,1.2975323772878457e-15,4.748364433508811e-05,1,0.0,"[0.5944890562586121,0.3548080659409049,0.05070287780048294]"
v3.3,393de51ec9fec163,fermi,independent,5,0.2,0.36,-0.0036433763164480035,7.004186119985434e-11,1.6992829414252815e-15,4.8360959084264045e-05,1,0.0,"[0.5944513190685832,0.3548370002971084,0.05071168063430827]"
v3.3,393de51ec9fec163,fermi,independent,5,0.2,0.37,-0.0036025531376831024,2.2711330038838184e-10,2.264687164826756e-15,4.920562288882966e-05,1,0.0,"[0.5944129018791365,0.35486639154022015,0.05072070658064343]"
v3.3,393de51ec9fec163,fermi,independent,5,0.2,0.38,-0.003561053642374752,1.5209222076206785e-10,3.068635282037347e-14,5.001783458674264e-05,1,0.0,"[0.5943738288749516,0.354896217218487,0.050729953906561355]"
v3.3,393de51ec9fec163,fermi,independent,5,0.2,0.39,-0.003518905609583997,2.0928720562141123e-10,4.641615973459031e-13,5.0797837977862476e-05,1,0.0,"[0.5943341240824277,0.3549264550497224,0.05073942086784985]"
v3.3,393de51ec9fec163,fermi,independent,5,0.2,0.4,-0.0034761367258159606,7.433739734885592e-11,4.3140700467466765e-12,5.154591080323854e-05,1,0.0,"[0.5942938113451085,0.35495708294490125,0.05074910570999023]"
v3.3,393de51ec9fec163,fermi,independent,5,0.2,0.41,-0.003432774534206609,7.487374609205233e-11,2.806181700019978e-11,5.226232565002316e-05,1,0.0,"[0.5942529143280694,0.35498807900475515,0.05075900666717543]"
v3.3,393de51ec9fec163,fermi,independent,5,0.2,0.42,-0.0033888458828750037,1.477043973241443e-10,7.734865044277731e-15,5.294782465079165e-05,1,0.0,"[0.594211456169811,0.35501942184396224,0.050769121986226816]"
v3.3,393de51ec9fec163,fermi,independent,5,0.2,0.43,-0.0033443783713560035,1.6226039262212666e-10,9.735233917392074e-15,5.3602168556220745e-05,1,0.0,"[0.5941694602113224,0.35505108991411233,0.050779449874565105]"
v3.3,393de51ec9fec163,fermi,independent,5,0.2,0.44,-0.0032993986044408743,1.9418804064752493e-10,1.2221878737535438e-14,5.4226251249998866e-05,1,0.0,"[0.594126949155092,0.35508306228579,0.050789988559117996]"
v3.3,393de51ec9fec163,fermi,independent,5,0.2,0.45,-0.003253933098345846,1.4025169220444056e-10,1.522913068794877e-14,5.482042029455677e-05,1,0.0,"[0.5940839454710791,0.35511531827172454,0.050800736257196305]"
v3.3,393de51ec9fec163,fermi,independent,5,0.2,0.46,-0.003208008052346757,1.4859013325319026e-10,1.882048608563427e-14,5.538516976820396e-05,1,0.0,"[0.5940404712881512,0.35514783752805407,0.05081169118379468]"
v3.3,393de51ec9fec163,fermi,independent,5,0.2,0.47,-0.003161649358109052,1.4141655901855898e-10,4.413040103901444e-12,5.592099994791416e-05,1,0.0,"[0.593996548389673,0.3551806000586993,0.050822851551627725]"
v3.3,393de51ec9fec163,fermi,independent,5,0.2,0.48,-0.003114882444536324,1.444539210471163e-10,3.929565089829754e-12,5.642851108479327e-05,1,0.0,"[0.5939521981393089,0.35521358628470895,0.05083421557598217]"
v3.3,393de51ec9fec163,fermi,independent,5,0.2,0.49,-0.003067732469658545,7.678453012305297e-11,3.393237254985813e-12,5.690820462278668e-05,1,0.0,"[0.5939074415545644,0.35524677697589935,0.05084578146953628]"
v3.3,393de51ec9fec163,fermi,independent,5,0.2,0.5,-0.0030202241097993868,1.5282702187091601e-10,2.8759941281420323e-12,5.73606805600871e-05,1,0.0,"[0.5938622992335192,0.35528015331921287,0.05085754744726797]"
v3.3,393de51ec9fec163,fermi,independent,5,0.2,0.51,-0.002972381681562372,1.5579872808535455e-10,2.4157914967800074e-12,5.7786534267473e-05,1,0.0,"[0.5938167913582237,0.3553136969156084,0.050869511726167875]"
v3.3,393de51ec9fec163,fermi,independent,5,0.2,0.52,-0.0029242290284163183,7.350548641982257e-11,2.0264011121052347e-12,5.8186374482204864e-05,1,0.0,"[0.5937709376846605,0.3553473897894166,0.050881672525922905]"
v3.3,393de51ec9fec163,fermi,independent,5,0.2,0.53,-0.0028757895426046454,1.439463895303028e-10,1.7034968061486931e-12,5.856082124901438e-05,1,0.0,"[0.5937247575341817,0.3553812143962713,0.05089402806954691]"
v3.3,393de51ec9fec163,fermi,independent,5,0.2,0.54,-0.00282708616224487,1.4805871806355952e-10,1.430421751320787e-12,5.891050393590274e-05,1,0.0,"[0.5936782697863718,0.3554151536296682,0.05090657658395999]"
v3.3,393de51ec9fec163,fermi,independent,5,0.2,0.55,-0.002778141341964864,1.2350784284187455e-10,1.1883245421691097e-12,5.923605932419081e-05,1,0.0,"[0.5936314928732801,0.35544919082620224,0.05091931630051764]"
v3.3,393de51ec9fec163,fermi,independent,5,0.2,0.56,-0.002728977057831497,7.472154145427012e-11,9.61251082901878e-13,5.953812983227676e-05,1,0.0,"[0.5935844447749284,0.35548330976957676,0.050932245455494844]"
v3.3,393de51ec9fec163,fermi,independent,5,0.2,0.5700000000000001,-0.002679614790971528,1.4678563919900967e-10,7.403929120540938e-13,5.9817361816845514e-05,1,0.0,"[0.5935371430160373,0.35551749469343646,0.05094536229052622]"
v3.3,393de51ec9fec163,fermi,independent,5,0.2,0.5800000000000001,-0.002630075523595718,2.313548103094476e-10,5.276288300346716e-13,6.00744039684286e-05,1,0.0,"[0.5934896046639038,0.3555517302830914,0.05095866505300501]"
v3.3,393de51ec9fec163,fermi,independent,5,0.2,0.5900000000000001,-0.002580379729598556,1.3602113185795517e-10,3.3492233317582185e-13,6.030990581603953e-05,1,0.0,"[0.5934418463273512,0.3555860016762051,0.05097215199644369]"
v3.3,393de51ec9fec163,fermi,independent,5,0.2,0.6000000000000001,-0.002530547387275449,1.4342413021117828e-10,2.4181576760267974e-13,6.052451606050612e-05,1,0.0,"[0.5933938841568884,0.3556202944623415,0.05098582138077]"
v3.3,393de51ec9fec163,fermi,independent,5,0.2,0.6100000000000001,-0.0024805979617614424,7.163298079704283e-11,2.8274336923709224e-13,6.0718881945492206e-05,1,0.0,"[0.593345733845278,0.3556545946820203,0.05099967147270161]"
v3.3,393de51ec9fec163,fermi,independent,5,0.2,0.6200000000000001,-0.0024305503679991763,2.155161674122219e-10,3.296635433459258e-13,6.089364814421303e-05,1,0.0,"[0.5932974106289386,0.3556888888251205,0.051013700545940774]"
v3.3,393de51ec9fec163,fermi,independent,5,0.2,0.63,-0.0023804230717577174,1.3804960993790694e-10,3.8333549533603545e-13,6.104945370843166e-05,1,0.0,"[0.5932489292915588,0.3557231638270442,0.05102790688139702]"
v3.3,393de51ec9fec163,fermi,independent,5,0.2,0.64,-0.00233023398766918,1.8522421790789778e-10,6.829923649295981e-13,6.118693181989027e-05,1,0.0,"[0.5932003041678747,0.35575740706473424,0.051042288767390996]"
v3.3,393de51ec9fec163,fermi,independent,5,0.2,0.65,-0.0022800005419953175,6.943072852760857e-11,5.141112285857925e-13,6.130671472361512e-05,1,0.0,"[0.5931515491437734,0.35579160635634677,0.05105684449987985]"
v3.3,393de51ec9fec163,fermi,independent,5,0.2,0.66,-0.0022297395880455408,1.3480980221025618e-10,5.930495916595813e-13,6.140941660695624e-05,1,0.0,"[0.5931026776690591,0.3558257499484329,0.05107157238250799]"
v3.3,393de51ec9fec163,fermi,independent,5,0.2,0.67,-0.002179467576424836,2.3180529371003011e-10,6.82445003512012e-13,6.149565440408328e-05,1,0.0,"[0.5930537027547882,0.35585982651837467,0.051086470726837065]"
v3.3,393de51ec9fec163,fermi,independent,5,0.2,0.68,-0.0021292003879210437,1.4772922815597944e-10,7.834682806143492e-13,6.156603083199544e-05,1,0.0,"[0.5930046369831591,0.3558938251644351,0.05110153785240585]"
v3.3,393de51ec9fec163,fermi,independent,5,0.2,0.6900000000000001,-0.0020789534256602446,1.2173229091416715e-10,8.972906899219134e-13,6.162114020299343e-05,1,0.0,"[0.5929554925130802,0.3559277354000881,0.05111677208683167]"
v3.3,393de51ec9fec163,fermi,independent,5,0.2,0.7000000000000001,-0.002028741606558127,7.107766111791314e-11,1.0253594270790751e-12,6.16615667355391e-05,1,0.0,"[0.5929062810869788,0.35596154714713524,0.051132171765885824]"
v3.3,393de51ec9fec163,fermi,independent,5,0.2,0.7100000000000001,-0.001978579341742101,7.794791895276987e-11,1.1690486117234066e-12,6.168788401818248e-05,1,0.0,"[0.5928570140379968,0.3559952507284493,0.05114773523355382]"
v3.3,393de51ec9fec163,fermi,independent,5,0.2,0.7200000000000001,-0.001928480608153333,7.585834044254725e-11,1.3300708723561429e-12,6.17006545289057e-05,1,0.0,"[0.5928077022975345,0.35602883686038334,0.051163460842082044]"
v3.3,393de51ec9fec163,fermi,independent,5,0.2,0.7300000000000001,-0.0018784588520010456,1.4941429343773294e-10,1.5100999515968433e-12,6.170042922092708e-05,1,0.0,"[0.5927583564030957,0.3560622966448918,0.05117934695201257]"
v3.3,393de51ec9fec163,fermi,independent,5,0.2,0.7400000000000001,-0.0018285271191489441,7.379301336651878e-11,1.7110172736696861e-12,6.168774715959177e-05,1,0.0,"[0.5927089865063963,0.35609562156139696,0.05119539193220686]"
v3.3,393de51ec9fec163,fermi,independent,5,0.2,0.7500000000000001,-0.001778697944127678,1.4795627223396224e-10,1.9347995245335585e-12,6.166313521634399e-05,1,0.0,"[0.5926596023816976,0.3561288034584423,0.05121159415986012]"
v3.3,393de51ec9fec163,fermi,independent,5,0.2,0.76,-0.0017289834608743802,1.627100294776529e-10,2.1836165840225428e-12,6.162710781048963e-05,1,0.0,"[0.5926102134343294,0.356161834545164,0.051227952020506715]"
v3.3,393de51ec9fec163,fermi,independent,5,0.2,0.77,-0.0016793953487124064,7.166231844046855e-11,2.4597798209265072e-12,6.158016670086572e-05,1,0.0,"[0.5925608287093667,0.3561947073826146,0.05124446390801861]"
v3.3,393de51ec9fec163,fermi,independent,5,0.2,0.78,-0.00162994481290607,1.4337272688513814e-10,2.765761601901812e-12,6.152280082032017e-05,1,0.0,"[0.5925114569004318,0.3562274148749713,0.05126112822459678]"
v3.3,393de51ec9fec163,fermi,independent,5,0.2,0.79,-0.0015806427223110722,7.056820752748827e-11,3.1042940966862574e-12,6.145548615210531e-05,1,0.0,"[0.5924621063585902,0.3562599502606525,0.05127794338075734]"
v3.3,393de51ec9fec163,fermi,independent,5,0.2,0.8,-0.0015314994668044583,2.2784039238610276e-10,3.4780753283576915e-12,6.137868564767703e-05,1,0.0,"[0.5924127851013111,0.3562923071033761,0.0512949077953127]"
v3.3,393de51ec9fec163,fermi,independent,5,0.2,0.81,-0.001482525298313702,1.3108870933198347e-10,3.7728519247075585e-11,6.129269296464377e-05,1,0.0,"[0.5923635009403312,0.3563244791714362,0.05131201988823255]"
v3.3,393de51ec9fec163,fermi,independent,5,0.2,0.8200000000000001,-0.0014337291332675584,1.495939622175868e-10,4.344054974635706e-12,6.1198569545371e-05,1,0.0,"[0.5923142608963812,0.3563564609874214,0.051329278116197495]"
v3.3,393de51ec9fec163,fermi,independent,5,0.2,0.8300000000000001,-0.0013851209066089755,7.652674674507587e-11,4.842878486117145e-12,6.109580234969098e-05,1,0.0,"[0.5922650723967837,0.356388246701806,0.05134668090141032]"
v3.3,393de51ec9fec163,fermi,independent,5,0.2,0.8400000000000001,-0.0013367092484220418,1.9775228329854677e-10,5.390396527271178e-12,6.098542635917272e-05,1,0.0,"[0.5922159420958599,0.35641983120141585,0.05136422670272415]"
v3.3,393de51ec9fec163,fermi,independent,5,0.2,0.8500000000000001,-0.0012885026564464046,2.0468714570509583e-10,5.990461361636809e-12,6.086768324673551e-05,1,0.0,"[0.5921668764781652,0.3564512095418051,0.051381913980029614]"
v3.3,393de51ec9fec163,fermi,independent,5,0.2,0.8600000000000001,-0.0012405092758802812,2.1191659885233527e-10,6.647209732581365e-12,6.074295785936094e-05,1,0.0,"[0.5921178817485141,0.3564823770501493,0.05139974120133665]"
v3.3,393de51ec9fec163,fermi,independent,5,0.2,0.8700000000000001,-0.0011927369078974584,2.1469663893936008e-10,7.365046111576852e-12,6.06116223043072e-05,1,0.0,"[0.5920689638407849,0.35651332931647595,0.051417706842739073]"
v3.3,393de51ec9fec163,fermi,independent,5,0.2,0.8800000000000001,-0.0011451930253988558,6.257640933204911e-11,8.148585422500502e-12,6.047403608866181e-05,1,0.0,"[0.592020128426634,0.3565440621849869,0.051435809388379126]"
v3.3,393de51ec9fec163,fermi,independent,5,0.2,0.89,-0.0010978847497359334,1.532545652882522e-10,9.00267600698755e-12,6.033054627928684e-05,1,0.0,"[0.5919713809241033,0.3565745717454852,0.051454047330411576]"
v3.3,393de51ec9fec163,fermi,independent,5,0.2,0.9,-0.001050818925753129,1.310486441585823e-10,9.932466069636124e-12,6.0181487677664255e-05,1,0.0,"[0.5919227265061129,0.3566048543249191,0.051472419168967894]"
v3.3,393de51ec9fec163,fermi,independent,5,0.2,0.91,-0.0010040020742393234,6.643847624832055e-11,1.0943453363569104e-11,6.002718301119055e-05,1,0.0,"[0.5918741701088259,0.35663490647905327,0.05149092341212094]"
v3.3,393de51ec9fec163,fermi,independent,5,0.2,0.92,-0.000957440407860749,7.254756517749428e-11,1.2041269283472232e-11,5.986794313951693e-05,1,0.0,"[0.5918257164398745,0.3566647249842755,0.051509558575850094]"
v3.3,393de51ec9fec163,fermi,independent,5,0.2,0.93,-0.0009111398628714809,1.456955632528345e-10,1.3232046394441761e-11,5.970406726706879e-05,1,0.0,"[0.5917773699864449,0.356694306829548,0.05152832318400715]"
v3.3,393de51ec9fec163,fermi,independent,5,0.2,0.9400000000000001,-0.0008651061047963218,1.3822351249692666e-10,1.4522072329026242e-11,5.9535843174437624e-05,1,0.0,"[0.591729135023206,0.356723649208511,0.05154721576828307]"
v3.3,393de51ec9fec163,fermi,independent,5,0.2,0.9500000000000001,-0.0008193445223917024,2.2351901926565e-10,1.5918015770038032e-11,5.936354745120614e-05,1,0.0,"[0.5916810156200814,0.35675274951174296,0.051566234868175735]"
v3.3,393de51ec9fec163,fermi,independent,5,0.2,0.9600000000000001,-0.000773860240701054,7.250162623040346e-11,1.7426841389333836e-11,5.918744574163771e-05,1,0.0,"[0.5916330156498562,0.356781605319185,0.051585379030958854]"
v3.3,393de51ec9fec163,fermi,independent,5,0.2,0.9700000000000001,-0.0007286581359391003,1.6276482592281205e-10,1.9055878044140802e-11,5.9007792994830526e-05,1,0.0,"[0.5915851387956151,0.3568102143927329,0.05160464681165192]"
v3.3,393de51ec9fec163,fermi,independent,5,0.2,0.9800000000000001,-0.0006837428412941188,1.1632910260073182e-10,2.081281344306667e-11,5.882483372106761e-05,1,0.0,"[0.5915373885580076,0.35683857466900065,0.05162403677299165]"
v3.3,393de51ec9fec163,fermi,independent,5,0.2,0.9900000000000001,-0.0006391186185207079,7.852580738432202e-11,2.6888715664793886e-14,5.863890860616578e-05,1,0.0,"[0.5914897681791588,0.35686668432815727,0.05164354749268395]"
v3.3,393de51ec9fec163,fermi,independent,5,0.2,1.0,-0.000594789888090471,1.1606862693192e-10,2.9152454531199484e-14,5.844993288398953e-05,1,0.0,"[0.5914422809745544,0.35689454149050165,0.05166317753494388]"
v3.3,393de51ec9fec163,fermi,independent,5,0.2,1.01,-0.0005507604977889012,1.4286550067965642e-10,3.159868845670131e-14,5.825842140178605e-05,1,0.0,"[0.5913949298633002,0.35692214464455,0.05168292549214968]"
v3.3,393de51ec9fec163,fermi,independent,5,0.2,1.02,-0.0005070341754388023,1.4444587539963472e-10,3.424258026842262e-14,5.806448236082155e-05,1,0.0,"[0.5913477176853558,0.35694949235699586,0.05170278995764843]"
v3.3,393de51ec9fec163,fermi,independent,5,0.2,1.03,-0.0004636144582991254,1.167229889131871e-10,3.703175767507682e-14,5.786831205256223e-05,1,0.0,"[0.5913006471318831,0.3569765833357366,0.051722769532380135]"
v3.3,393de51ec9fec163,fermi,independent,5,0.2,1.04,-0.0004205046869782368,1.293897350373996e-10,4.001970575006517e-14,5.7670097930029756e-05,1,0.0,"[0.5912537207514306,0.3570034164237125,0.051742862824856926]"
v3.3,393de51ec9fec163,fermi,independent,5,0.2,1.05,-0.00037770801161745096,1.3731656783866342e-10,4.3216717951887615e-14,5.747001888087457e-05,1,0.0,"[0.5912069409559297,0.35702999059292734,0.05176306845114297]"
v3.3,393de51ec9fec163,fermi,independent,5,0.2,1.06,-0.0003352273963846096,6.53254082771948e-11,4.6633478564347404e-14,5.726824549409799e-05,1,0.0,"[0.5911603100265138,0.35705630493865004,0.05178338503483624]"
v3.3,393de51ec9fec163,fermi,independent,5,0.2,1.07,-0.00029306563397379914,1.4880064194700005e-10,5.0237701075657566e-14,5.7064940328862e-05,1,0.0,"[0.5911138301191525,0.3570823586737965,0.05180381120705084]"
v3.3,393de51ec9fec163,fermi,independent,5,0.2,1.08,-0.00025122535260373516,1.3942134599598255e-10,5.4044769408551097e-14,5.686025817849296e-05,1,0.0,"[0.5910675032701093,0.35710815112348987,0.05182434560640078]"
v3.3,393de51ec9fec163,fermi,independent,5,0.2,1.09,-0.00020970900656552133,1.2772834873109318e-10,5.815536513152513e-14,5.665434633460129e-05,1,0.0,"[0.591021331401218,0.35713368171979726,0.05184498687898466]"
v3.3,393de51ec9fec163,fermi,independent,5,0.2,1.1,-0.00016851890012744772,1.3563763306967402e-10,6.251319015085552e-14,5.6447344846871257e-05,1,0.0,"[0.5909753163249853,0.35715894999664327,0.051865733678371405]"
v3.3,393de51ec9fec163,fermi,independent,5,0.2,1.11,-0.0001276572001600619,7.006478036641894e-11,6.712104508832077e-14,5.62393867794962e-05,1,0.0,"[0.5909294597495176,0.3571839555848957,0.05188658466558679]"
v3.3,393de51ec9fec163,fermi,independent,5,0.2,1.12,-8.712588858979589e-05,6.938377303256082e-11,7.203534978291638e-14,5.6030598462886544e-05,1,0.0,"[0.5908837632832782,0.3572086982076208,0.05190753850910108]"
v3.3,393de51ec9fec163,fermi,independent,5,0.2,1.1300000000000001,-4.6926831834128574e-05,7.100145124616652e-11,7.719687991862174e-14,5.582109974515634e-05,1,0.0,"[0.5908382284396735,0.35723317767550944,0.05192859388481711]"
v3.3,393de51ec9fec163,fermi,independent,5,0.2,1.1400000000000001,-7.061790415499591e-06,1.3988731700775858e-10,8.266387822513094e-14,5.561100423339857e-05,1,0.0,"[0.5907928566414755,0.35725739388246497,0.05194974947605954]"
v3.3,393de51ec9fec163,fermi,independent,5,0.2,1.1500000000000001,3.246764172041769e-05,1.3058553890998859e-10,8.847448531858374e-14,5.5400419536944686e-05,1,0.0,"[0.5907476492250789,0.35728134680135676,0.05197100397356429]"
v3.3,393de51ec9fec163,fermi,independent,5,0.2,1.1600000000000001,7.165998392203235e-05,2.126978905503396e-10,9.460614551929341e-14,5.51894475005227e-05,1,0.0,"[0.5907026074446,0.35730503647993095,0.051992356075469086]"
v3.3,393de51ec9fec163,fermi,independent,5,0.2,1.1700000000000002,0.00011051387596123022,1.2360197587657495e-10,1.0112576705879405e-13,5.497818443518918e-05,1,0.0,"[0.5906577324758182,0.35732846303687765,0.052013804487304104]"
v3.3,393de51ec9fec163,fermi,independent,5,0.2,1.1800000000000002,0.00014902806298145582,1.3139334412159975e-10,1.0795920180943787e-13,5.476672134424373e-05,1,0.0,"[0.5906130254199645,0.35735162665805204,0.052035347921983444]"
v3.3,393de51ec9fec163,fermi,independent,5,0.2,1.1900000000000002,0.00018720141077425284,1.2421775066884244e-10,1.1517353560154108e-13,5.455514414164263e-05,1,0.0,"[0.5905684873073607,0.35737452759284244,0.05205698509979682]"
v3.3,393de51ec9fec163,fermi,independent,5,0.2,1.2000000000000002,0.00022503288806440674,1.3563604059352308e-10,1.227805753327404e-13,5.434353386810216e-05,1,0.0,"[0.5905241191009115,0.3573971661506868,0.052078714748401596]"
v3.3,393de51ec9fec163,fermi,independent,5,0.2,1.21,0.0002625215562152318,1.4914682336386598e-10,1.3079278722187704e-13,5.4131966899730116e-05,1,0.0,"[0.5904799216994548,0.35741954269772963,0.052100535602815454]"
v3.3,393de51ec9fec163,fermi,independent,5,0.2,1.22,0.00029966658476844946,7.501833876322195e-11,1.3924081592687994e-13,5.3920515151141314e-05,1,0.0,"[0.5904358959409728,0.35744165765361835,0.052122446405408786]"
v3.3,393de51ec9fec163,fermi,independent,5,0.2,1.23,0.0003364672354124916,1.7289457712732492e-10,1.4813464319652885e-13,5.370924627436833e-05,1,0.0,"[0.5903920426056674,0.3574635114884348,0.05214444590589778]"
v3.3,393de51ec9fec163,fermi,independent,5,0.2,1.24,0.00037292284605514384,6.712115238616256e-11,1.5747885008614012e-13,5.349822385082599e-05,1,0.0,"[0.5903483624189046,0.35748510471975814,0.052166532861337246]"
v3.3,393de51ec9fec163,fermi,independent,5,0.2,1.25,0.0004090328660409509,1.204332814030984e-10,1.6730133201764824e-13,5.328750757769866e-05,1,0.0,"[0.5903048560540315,0.3575064379098544,0.05218870603611405]"
v3.3,393de51ec9fec163,fermi,independent,5,0.2,1.26,0.0004447967944193887,6.590370957293423e-11,1.7762007630982222e-13,5.307715344953801e-05,1,0.0,"[0.5902615241350679,0.3575275116629921,0.05221096420193995]"
v3.3,393de51ec9fec163,fermi,independent,5,0.2,1.27,0.0004802142521797559,1.450618375420376e-10,1.8845261407309132e-13,5.28672139338841e-05,1,0.0,"[0.5902183672392787,0.35754832662287633,0.05223330613784498]"
v3.3,393de51ec9fec163,fermi,independent,5,0.2,1.28,0.0005152848931529591,2.1446503600808242e-10,1.9977375228263758e-13,5.265773814061739e-05,1,0.0,"[0.5901753858996287,0.35756888347020066,0.052255730630170645]"
v3.3,393de51ec9fec163,fermi,independent,5,0.2,1.29,0.0005500084695045926,1.888673731298418e-10,2.116846423098883e-13,5.244877198624449e-05,1,0.0,"[0.5901325806071256,0.3575891829203116,0.052278236472562814]"
v3.3,393de51ec9fec163,fermi,independent,5,0.2,1.3,0.0005843847987792097,7.743702207241299e-11,2.2635928574527593e-13,5.224035834624636e-05,1,0.0,"[0.5900899518130578,0.35760922572098,0.05230082246596221]"
v3.3,393de51ec9fec163,fermi,independent,5,0.2,1.31,0.0006184137649125759,1.424577227016055e-10,2.4361456329654905e-13,5.203253722285643e-05,1,0.0,"[0.5900474999311156,0.3576290126502784,0.05232348741860618]"
v3.3,393de51ec9fec163,fermi,independent,5,0.2,1.32,0.0006520953200075119,2.0967626593315636e-10,2.6196593384095366e-13,5.1825345900280396e-05,1,0.0,"[0.5900052253394024,0.3576485445145875,0.052346230146010204]"
v3.3,393de51ec9fec163,fermi,independent,5,0.2,1.33,0.000685429476588343,2.0804545239339056e-10,2.814526066269215e-13,5.161881904422061e-05,1,0.0,"[0.5899631283823845,0.35766782214664905,0.05236904947096641]"
v3.3,393de51ec9fec163,fermi,independent,5,0.2,1.34,0.0007184163054735383,1.2581359912222645e-10,3.021589366803664e-13,5.141298887767724e-05,1,0.0,"[0.589921209372713,0.3576868464037524,0.05239194422353459]"
v3.3,393de51ec9fec163,fermi,independent,5,0.2,1.35,0.0007510559389840923,1.7337813129625346e-10,3.241639081676671e-13,5.120788530164802e-05,1,0.0,"[0.5898794685929626,0.3577056181660032,0.05241491324103417]"
v3.3,393de51ec9fec163,fermi,independent,5,0.2,1.36,0.0007833485649181259,2.0945881834544267e-10,3.474961557421573e-13,5.100353602253864e-05,1,0.0,"[0.5898379062972828,0.3577241383346812,0.05243795536803604]"
v3.3,393de51ec9fec163,fermi,independent,5,0.2,1.37,0.0008152944218331633,2.1127240582008433e-10,3.7223381003573323e-13,5.0799966672999696e-05,1,0.0,"[0.5897965227129639,0.3577424078306821,0.05246106945635395]"
v3.3,393de51ec9fec163,fermi,independent,5,0.2,1.3800000000000001,0.000846893800544625,2.069544743910079e-10,3.984176259989342e-13,5.059720093023442e-05,1,0.0,"[0.5897553180419203,0.3577604275930444,0.052484254365035427]"
v3.3,393de51ec9fec163,fermi,independent,5,0.2,1.3900000000000001,0.0008781470452110043,1.5550465429226001e-10,4.2613254741504764e-13,5.039526062667449e-05,1,0.0,"[0.5897142924620961,0.35777819857755117,0.05250750896035285]"
v3.3,393de51ec9fec163,fermi,independent,5,0.2,1.4,0.0009090545449727781,1.8271157156690698e-10,4.554844353746065e-13,5.019416585869995e-05,1,0.0,"[0.5896734461287944,0.35779572175541197,0.052530832115793645]"
v3.3,393de51ec9fec163,fermi,independent,10,0.1,0.05,-0.004439700228626144,1.5383710971761388e-10,4.1658936966897064e-16,0.0,1,0.0,"[0.5952020375660395,0.3542502522359576,0.050547710198002964]"
v3.3,393de51ec9fec163,fermi,independent,10,0.1,0.060000000000000005,-0.004436170812009532,1.5439417105911346e-10,1.248663192013958e-15,2.2823361492224104e-06,1,0.0,"[0.5952002743007091,0.35425165607612935,0.05054806962316168]"
v3.3,393de51ec9fec163,fermi,independent,10,0.1,0.07,-0.004432003793753775,1.297230864394372e-10,3.152839605849141e-15,2.6942410312444946e-06,1,0.0,"[0.5951981926922835,0.354253313035468,0.050548494272248494]"
v3.3,393de51ec9fec163,fermi,independent,10,0.1,0.08,-0.004427201213054913,1.4354493288459835e-10,6.95078835682677e-15,3.104623496400684e-06,1,0.0,"[0.5951957938586604,0.35425522205883514,0.050548984082504446]"
v3.3,393de51ec9fec163,fermi,independent,10,0.1,0.09,-0.004421765420264248,1.4525852048974386e-10,1.4047398175844349e-14,3.5132571450832216e-06,1,0.0,"[0.5951930790840728,0.3542573819341897,0.050549538981737516]"
v3.3,393de51ec9fec163,fermi,independent,10,0.1,0.1,-0.00441569906726786,1.4633399353369825e-10,2.6432880372201643e-14,3.919918865125275e-06,1,0.0,"[0.5951900498167139,0.3542597912948698,0.05055015888841632]"
v3.3,393de51ec9fec163,fermi,independent,10,0.1,0.11,-0.004409005103650172,1.6043547046429296e-10,4.6736545269336123e-14,4.324389229383273e-06,1,0.0,"[0.5951867076660744,0.35426244862215067,0.050550843711775005]"
v3.3,393de51ec9fec163,fermi,independent,10,0.1,0.12000000000000001,-0.004401686777073019,2.324079470539253e-10,7.862374823829262e-14,4.726452877051918e-06,1,0.0,"[0.5951830544000044,0.35426535224806677,0.050551593351928825]"
v3.3,393de51ec9fec163,fermi,independent,10,0.1,0.13,-0.004393748865249361,1.4568141137871748e-10,1.759313958486591e-10,5.125180762560067e-06,1,0.0,"[0.5951790924690776,0.35426849986104464,0.05055240766987772]"
v3.3,393de51ec9fec163,fermi,independent,10,0.1,0.14,-0.004385192511507145,1.5521687407593632e-10,1.5039063974312355e-10,5.522625445565705e-06,1,0.0,"[0.5951748228161086,0.35427189057110214,0.05055328661278922]"
v3.3,393de51ec9fec163,fermi,independent,10,0.1,0.15000000000000002,-0.004376023204767696,7.679054614406766e-11,1.1909706734920926e-10,5.916246518060808e-06,1,0.0,"[0.5951702482507494,0.35427552172887344,0.05055423002037714]"
v3.3,393de51ec9fec163,fermi,independent,10,0.1,0.16,-0.0043662453132100945,1.2830194545676576e-10,8.366504528355748e-11,6.306640612114262e-06,1,0.0,"[0.5951653711446219,0.3542793910980578,0.05055523775732033]"
v3.3,393de51ec9fec163,fermi,independent,10,0.1,0.16999999999999998,-0.004355863173102319,1.4590080532617122e-10,2.3579222761878505e-14,6.69380463503551e-06,1,0.0,"[0.5951601938721761,0.35428349644050233,0.050556309687321506]"
v3.3,393de51ec9fec163,fermi,independent,10,0.1,0.18,-0.004344882625607643,7.589054384915528e-11,3.174786203675846e-14,7.076835267136018e-06,1,0.0,"[0.5951547194716319,0.3542878348911328,0.050557445637235306]"
v3.3,393de51ec9fec163,fermi,independent,10,0.1,0.19,-0.004333308193275938,1.3293614820053534e-10,4.207672878788895e-14,7.4564359359487615e-06,1,0.0,"[0.5951489504653918,0.3542924040733573,0.050558645461250835]"
v3.3,393de51ec9fec163,fermi,independent,10,0.1,0.2,-0.004321145304315613,2.2245667807840874e-10,5.507214306856854e-14,7.832093472151086e-06,1,0.0,"[0.5951428897534251,0.35429720125471986,0.05055990899185501]"
v3.3,393de51ec9fec163,fermi,independent,10,0.1,0.21000000000000002,-0.0043083995852174,7.297585452592514e-11,7.11393599918597e-14,8.203643297543023e-06,1,0.0,"[0.5951365403573585,0.35430222358877494,0.050561236053866414]"
v3.3,393de51ec9fec163,fermi,independent,10,0.1,0.22000000000000003,-0.004295076898364364,1.4795178970850031e-10,9.090860631487303e-14,8.570927667566463e-06,1,0.0,"[0.5951299054155368,0.3543074681198322,0.05056262646463096]"
v3.3,393de51ec9fec163,fermi,independent,10,0.1,0.22999999999999998,-0.0042811833345914735,1.4790672853148834e-10,1.1500619795463153e-13,8.93379582882121e-06,1,0.0,"[0.5951229881779678,0.3543129317878097,0.050564080034222476]"
v3.3,393de51ec9fec163,fermi,independent,10,0.1,0.24,-0.00426672520082802,2.310772129199279e-10,1.440855014248564e-13,9.292104151056926e-06,1,0.0,"[0.595115792001173,0.3543186114331798,0.0505655965656473]"
v3.3,393de51ec9fec163,fermi,independent,10,0.1,0.25,-0.004251709048776663,2.273833343835463e-10,6.0700548917272584e-12,9.645693045146277e-06,1,0.0,"[0.5951083203597104,0.35432450378528135,0.050567175855008355]"
v3.3,393de51ec9fec163,fermi,independent,10,0.1,0.26,-0.004236141461522611,1.4252757307708919e-10,2.2034745347542666e-13,9.994526205681534e-06,1,0.0,"[0.5951005767571093,0.3543306055509549,0.05056881769193589]"
v3.3,393de51ec9fec163,fermi,independent,10,0.1,0.27,-0.004220029466995158,2.229394793773487e-10,3.5238461232643594e-15,1.033834376551451e-05,1,0.0,"[0.5950925648873341,0.35433691325319305,0.05057052185947303]"
v3.3,393de51ec9fec163,fermi,independent,10,0.1,0.28,-0.004203380110863179,1.500757643158046e-10,3.89707438208175e-15,1.0677121549865728e-05,1,0.0,"[0.5950842884646393,0.354343423401055,0.050572288134305546]"
v3.3,393de51ec9fec163,fermi,independent,10,0.1,0.29,-0.0041862006398453305,1.5866670477482359e-10,4.2740607234475325e-15,1.1010732088370262e-05,1,0.0,"[0.5950757512979985,0.3543501324146388,0.050574116287362816]"
v3.3,393de51ec9fec163,fermi,independent,10,0.1,0.3,-0.004168498478687749,2.2001522825831898e-10,4.7075163017147504e-15,1.1339075261768756e-05,1,0.0,"[0.5950669572714566,0.3543570366448493,0.050576006083694086]"
v3.3,393de51ec9fec163,fermi,independent,10,0.1,0.31,-0.004150281208274639,7.664797962991798e-11,5.171787101780461e-15,1.1662059183118778e-05,1,0.0,"[0.595057910338147,0.3543641323790765,0.050577957282776476]"
v3.3,393de51ec9fec163,fermi,independent,10,0.1,0.32,-0.004131556528538624,1.554306752749035e-10,5.6380496082278826e-15,1.1979599375940302e-05,1,0.0,"[0.5950486145149277,0.3543714158463412,0.05057996963873103]"
v3.3,393de51ec9fec163,fermi,independent,10,0.1,0.33,-0.004112332316526766,1.4258093317121023e-10,6.137412603388402e-15,1.2291618720805045e-05,1,0.0,"[0.5950390738770572,0.35437888322240535,0.050582042900537416]"
v3.3,393de51ec9fec163,fermi,independent,10,0.1,0.33999999999999997,-0.004092616558686979,1.4328879749392343e-10,6.602570916594312e-15,1.25980473873241e-05,1,0.0,"[0.5950292925529177,0.35438653063483466,0.05058417681224754]"
v3.3,393de51ec9fec163,fermi,independent,10,0.1,0.35,-0.004072417359419579,1.4032150441600777e-10,7.160612174844677e-15,1.2898822745310222e-05,1,0.0,"[0.5950192747188024,0.3543943541680005,0.050586371113197026]"
v3.3,393de51ec9fec163,fermi,independent,10,0.1,0.36,-0.004051742942283318,7.536776758243491e-11,7.697949717598272e-15,1.3193889268384155e-05,1,0.0,"[0.5950090245937711,0.3544023498680142,0.05058862553821461]"
v3.3,393de51ec9fec163,fermi,independent,10,0.1,0.37,-0.004030601619860935,2.187051512114735e-10,8.272091414574117e-15,1.3483198414497314e-05,1,0.0,"[0.5949985464345915,0.3544105137475796,0.05059093981782882]"
v3.3,393de51ec9fec163,fermi,independent,10,0.1,0.38,-0.00400900181610217,1.482714090395021e-10,8.89045912849059e-15,1.3766708501136725e-05,1,0.0,"[0.5949878445307697,0.3544188417907587,0.050593313678471495]"
v3.3,393de51ec9fec163,fermi,independent,10,0.1,0.39,-0.003986952031458921,1.5040771406127362e-10,2.607581647960118e-14,1.4044384490814536e-05,1,0.0,"[0.5949769231997355,0.3544273299575878,0.050595746842676606]"
v3.3,393de51ec9fec163,fermi,independent,10,0.1,0.4,-0.00396446084315244,1.40407491189265e-10,4.257247809005184e-13,1.4316196546860874e-05,1,0.0,"[0.5949657867830969,0.3544359741877084,0.050598239029194775]"
v3.3,393de51ec9fec163,fermi,independent,10,0.1,0.41,-0.0039415369228174985,7.60791846188269e-11,4.204380269895898e-12,1.4582111697222352e-05,1,0.0,"[0.5949544396490556,0.3544447703982505,0.0506007899526939]"
v3.3,393de51ec9fec163,fermi,independent,10,0.1,0.42,-0.003918189106027058,7.367049331685749e-11,2.8675581321268953e-11,1.4842054398488038e-05,1,0.0,"[0.5949428862240247,0.35445371445459406,0.05060339932138125]"
v3.3,393de51ec9fec163,fermi,independent,10,0.1,0.43,-0.003894425610217689,2.1413672918191295e-10,1.2166241151720984e-14,1.5096395292268845e-05,1,0.0,"[0.5949311306623424,0.3544628024772579,0.05060606686039969]"
v3.3,393de51ec9fec163,fermi,independent,10,0.1,0.44,-0.0038702558453154734,7.395865170289895e-11,1.2852481416897183e-14,1.5344481259140836e-05,1,0.0,"[0.594919177604428,0.35447203013793005,0.050608792257642]"
v3.3,393de51ec9fec163,fermi,independent,10,0.1,0.45,-0.0038456884252421747,2.286923705963062e-10,1.3589890632238484e-14,1.558677497856094e-05,1,0.0,"[0.5949070313506134,0.35448139342681206,0.05061157522257439]"
v3.3,393de51ec9fec163,fermi,independent,10,0.1,0.46,-0.0038207322403328164,2.3008693561532567e-10,1.4305689310542518e-14,1.5823164231595534e-05,1,0.0,"[0.5948946962869492,0.3544908882573158,0.05061441545573503]"
v3.3,393de51ec9fec163,fermi,independent,10,0.1,0.47,-0.0037953962059898705,1.437098356982247e-10,4.22218203875275e-12,1.60536439830089e-05,1,0.0,"[0.5948821768059028,0.3545005105397812,0.05061731265431594]"
v3.3,393de51ec9fec163,fermi,independent,10,0.1,0.48,-0.0037696891705212288,1.4664981035084068e-10,3.852729591586117e-12,1.627828649556127e-05,1,0.0,"[0.5948694772491818,0.35451025623479754,0.05062026651602059]"
v3.3,393de51ec9fec163,fermi,independent,10,0.1,0.49,-0.003743620079730614,2.2379141595418872e-10,3.347811862002118e-12,1.6497058865575203e-05,1,0.0,"[0.5948566019856857,0.3545201212807365,0.05062327673357772]"
v3.3,393de51ec9fec163,fermi,independent,10,0.1,0.5,-0.0037171978524373275,1.3962809380929642e-10,2.8262573555664637e-12,1.6710006485646046e-05,1,0.0,"[0.5948435553535769,0.35453010164775073,0.0506263429986723]"
v3.3,393de51ec9fec163,fermi,independent,10,0.1,0.51,-0.0036904314024392634,1.3104073381953185e-10,2.349386243462612e-12,1.6917161319700563e-05,1,0.0,"[0.594830341670282,0.3545401933285473,0.05062946500117062]"
v3.3,393de51ec9fec163,fermi,independent,10,0.1,0.52,-0.0036633296275506086,1.3115940278307647e-10,1.9462207323632352e-12,1.7118559476790106e-05,1,0.0,"[0.594816965229472,0.35455039234127345,0.050632642429254575]"
v3.3,393de51ec9fec163,fermi,independent,10,0.1,0.53,-0.0036359014129195358,1.4918929286400484e-10,1.6179487193120751e-12,1.731424108928891e-05,1,0.0,"[0.5948034302981278,0.3545606947323166,0.050635874969555635]"
v3.3,393de51ec9fec163,fermi,independent,10,0.1,0.54,-0.0036081556175771856,1.5969600641874138e-10,1.3489058461963438e-12,1.750425007680887e-05,1,0.0,"[0.5947897411137762,0.35457109657894187,0.05063916230728184]"
v3.3,393de51ec9fec163,fermi,independent,10,0.1,0.55,-0.0035801010669447644,1.523045231599518e-10,1.115620884445689e-12,1.7688633947449322e-05,1,0.0,"[0.5947759018818688,0.3545815939917906,0.05064250412634059]"
v3.3,393de51ec9fec163,fermi,independent,10,0.1,0.56,-0.003551746560013891,1.175742558867654e-10,8.969399160693772e-13,1.786744358822077e-05,1,0.0,"[0.59476191677331,0.3545921831172341,0.05064590010945593]"
v3.3,393de51ec9fec163,fermi,independent,10,0.1,0.5700000000000001,-0.003523100847999741,2.2446305231182961e-10,6.796654862700309e-13,1.8040733081497548e-05,1,0.0,"[0.5947477899221183,0.35460286013959974,0.0506493499382819]"
v3.3,393de51ec9fec163,fermi,independent,10,0.1,0.5800000000000001,-0.0034941726420148755,1.5718323170821336e-10,4.655570079041939e-13,1.820855950014607e-05,1,0.0,"[0.5947335254232337,0.3546136212832555,0.05065285329351083]"
v3.3,393de51ec9fec163,fermi,independent,10,0.1,0.5900000000000001,-0.003464970598317768,1.5400453828862126e-10,2.7227213055879344e-13,1.837098273693627e-05,1,0.0,"[0.594719127330447,0.3546244628145753,0.05065640985497779]"
v3.3,393de51ec9fec163,fermi,independent,10,0.1,0.6000000000000001,-0.0034355033213592165,1.3787033320555864e-10,1.2520850336875665e-13,1.852806535147253e-05,1,0.0,"[0.5947045996544387,0.3546353810437987,0.05066001930176256]"
v3.3,393de51ec9fec163,fermi,independent,10,0.1,0.6100000000000001,-0.003405779360500634,1.470128463409992e-10,3.9928406399961696e-14,1.8679872422513818e-05,1,0.0,"[0.5946899463609226,0.3546463723267885,0.05066368131228873]"
v3.3,393de51ec9fec163,fermi,independent,10,0.1,0.6200000000000001,-0.0033758071921176566,1.3797714359942148e-10,2.7875202795306627e-14,1.8826471282099252e-05,1,0.0,"[0.5946751713689847,0.35465743306660896,0.05066739556440641]"
v3.3,393de51ec9fec163,fermi,independent,10,0.1,0.63,-0.0033455952389197657,1.6250041590115671e-10,9.275175101222803e-13,1.8967927689703112e-05,1,0.0,"[0.5946602785522417,0.3546685597124069,0.05067116173535139]"
v3.3,393de51ec9fec163,fermi,independent,10,0.1,0.64,-0.0033151518269862526,2.2160178553276566e-10,2.9669862617257854e-14,1.9104328284749793e-05,1,0.0,"[0.5946452717233754,0.35467974877402064,0.05067497950260398]"
v3.3,393de51ec9fec163,fermi,independent,10,0.1,0.65,-0.0032844852400175997,1.5108028716959154e-10,3.061264674584311e-14,1.9235722762620188e-05,1,0.0,"[0.5946301546615076,0.3546909967961746,0.05067884854231789]"
v3.3,393de51ec9fec163,fermi,independent,10,0.1,0.66,-0.00325360366747076,6.785505490825017e-11,3.150748080346619e-14,1.9362201222740556e-05,1,0.0,"[0.594614931082237,0.35470230038668993,0.05068276853107328]"
v3.3,393de51ec9fec163,fermi,independent,10,0.1,0.67,-0.003222515217465652,1.3566438250567359e-10,3.2457304128521554e-14,1.948383580023024e-05,1,0.0,"[0.5945996046509466,0.3547136562039482,0.05068673914510522]"
v3.3,393de51ec9fec163,fermi,independent,10,0.1,0.68,-0.003191227917523652,7.618688319110944e-11,3.334661276875788e-14,1.9600703766261595e-05,1,0.0,"[0.5945841789789799,0.3547250609604815,0.05069076006053852]"
v3.3,393de51ec9fec163,fermi,independent,10,0.1,0.6900000000000001,-0.0031597496984641926,2.2759669149330364e-10,3.4299604495066636e-14,1.9712883503826367e-05,1,0.0,"[0.594568657622796,0.35473651142375384,0.0506948309534501]"
v3.3,393de51ec9fec163,fermi,independent,10,0.1,0.7000000000000001,-0.0031280884194667125,1.3124402953312853e-10,3.519997366415934e-14,1.9820454365439648e-05,1,0.0,"[0.5945530440832285,0.354748004416843,0.050698951499928396]"
v3.3,393de51ec9fec163,fermi,independent,10,0.1,0.7100000000000001,-0.003096251836090705,1.1057797039137895e-10,3.614912346685707e-14,1.9923496535859404e-05,1,0.0,"[0.5945373418048424,0.35475953681902866,0.05070312137612898]"
v3.3,393de51ec9fec163,fermi,independent,10,0.1,0.7200000000000001,-0.0030642476106325853,1.393339610356037e-10,3.7041075434385426e-14,2.0022090899731866e-05,1,0.0,"[0.5945215541753857,0.35477110556628716,0.050707340258327196]"
v3.3,393de51ec9fec163,fermi,independent,10,0.1,0.7300000000000001,-0.003032083313504415,1.38122104031968e-10,3.798581195473652e-14,2.0116318916508834e-05,1,0.0,"[0.5945056845253315,0.354782707651701,0.05071160782296742]"
v3.3,393de51ec9fec163,fermi,independent,10,0.1,0.7400000000000001,-0.0029997664117335024,7.670860474595642e-11,3.885389742459111e-14,2.0206262498524005e-05,1,0.0,"[0.5944897361275076,0.3547943401257826,0.05071592374670981]"
v3.3,393de51ec9fec163,fermi,independent,10,0.1,0.7500000000000001,-0.0029673042795669985,1.4642029255718114e-10,3.9823537305811505e-14,2.0292003895823603e-05,1,0.0,"[0.594473712196808,0.3548060000967184,0.05072028770647358]"
v3.3,393de51ec9fec163,fermi,independent,10,0.1,0.76,-0.0029347041835586854,1.6634835175999285e-10,4.0698686918247444e-14,2.037362558793212e-05,1,0.0,"[0.5944576158899834,0.35481768473053826,0.05072469937947828]"
v3.3,393de51ec9fec163,fermi,independent,10,0.1,0.77,-0.0029019732908727794,1.3100132784105156e-10,4.162597355261166e-14,2.0451210176386316e-05,1,0.0,"[0.594441450305508,0.3548293912512103,0.050729158443281706]"
v3.3,393de51ec9fec163,fermi,independent,10,0.1,0.78,-0.00286911878560904,7.456320977317077e-11,1.6142810953502322e-11,2.0524769536265523e-05,1,0.0,"[0.5944252185363244,0.3548411168912142,0.05073366457246148]"
v3.3,393de51ec9fec163,fermi,independent,10,0.1,0.79,-0.002836147277321392,7.074855284949777e-11,4.344267970165872e-14,2.0594669197227495e-05,1,0.0,"[0.5944089234058101,0.3548528591387681,0.05073821745542181]"
v3.3,393de51ec9fec163,fermi,independent,10,0.1,0.8,-0.0028030659527630113,1.4477248913569163e-10,4.430292278513714e-14,2.0660567140657363e-05,1,0.0,"[0.5943925679959243,0.35486461524319785,0.050742816760877926]"
v3.3,393de51ec9fec163,fermi,independent,10,0.1,0.81,-0.0027698814593140574,2.2453898809726702e-10,4.517465564251755e-14,2.072282843225373e-05,1,0.0,"[0.5943761551192606,0.3548763827093072,0.05074746217143218]"
v3.3,393de51ec9fec163,fermi,independent,10,0.1,0.8200000000000001,-0.0027366004406814207,7.401151219665891e-11,4.607585039873182e-14,2.078146418033525e-05,1,0.0,"[0.594359687583273,0.354888159049899,0.050752153366827965]"
v3.3,393de51ec9fec163,fermi,independent,10,0.1,0.8300000000000001,-0.002703229390649514,7.903004292653115e-11,4.692798176046639e-14,2.0836555815973303e-05,1,0.0,"[0.594343168137709,0.3548999418349613,0.050756890027329686]"
v3.3,393de51ec9fec163,fermi,independent,10,0.1,0.8400000000000001,-0.002669774769717727,1.5229543667838463e-10,4.775270173193285e-14,2.0888184301721905e-05,1,0.0,"[0.5943265994749014,0.3549117286913524,0.050761671833746254]"
v3.3,393de51ec9fec163,fermi,independent,10,0.1,0.8500000000000001,-0.002636242879101497,1.4777446974423292e-10,4.864969189649109e-14,2.0936430065087e-05,1,0.0,"[0.5943099842301074,0.3549235173024396,0.050766498467453104]"
v3.3,393de51ec9fec163,fermi,independent,10,0.1,0.8600000000000001,-0.00260263992246303,1.375698686911786e-10,1.503349456609151e-13,2.098137245201122e-05,1,0.0,"[0.5942933249822521,0.3549353054073426,0.05077136961040534]"
v3.3,393de51ec9fec163,fermi,independent,10,0.1,0.8700000000000001,-0.002568971999954088,1.9651174437695929e-10,7.449848636350216e-13,2.1023089451173202e-05,1,0.0,"[0.5942766242548957,0.35494709080003983,0.050776284945064504]"
v3.3,393de51ec9fec163,fermi,independent,10,0.1,0.8800000000000001,-0.0025352451020342753,1.3506931337281536e-10,2.5217642453700855e-12,2.1061658084445485e-05,1,0.0,"[0.5942598845168711,0.35495887132863396,0.050781244154495024]"
v3.3,393de51ec9fec163,fermi,independent,10,0.1,0.89,-0.0025014650820791816,6.997588966606294e-11,5.1994010222098637e-14,2.109718348207549e-05,1,0.0,"[0.5942431081611613,0.354970644915218,0.05078624692362068]"
v3.3,393de51ec9fec163,fermi,independent,10,0.1,0.9,-0.0024676377116536266,1.569027859027461e-10,5.2802911186582315e-14,2.112968820054075e-05,1,0.0,"[0.5942262975667135,0.35498240949770216,0.05079129293558434]"
v3.3,393de51ec9fec163,fermi,independent,10,0.1,0.91,-0.002433768686912568,7.320677050670632e-11,5.363124968844081e-14,2.1159289438720745e-05,1,0.0,"[0.5942094550274382,0.35499416309653187,0.050796381876030014]"
v3.3,393de51ec9fec163,fermi,independent,10,0.1,0.92,-0.002399863518133899,7.769265439327988e-11,5.439404926050824e-14,2.118605131679992e-05,1,0.0,"[0.5941925827919177,0.3550059037772897,0.05080151343079266]"
v3.3,393de51ec9fec163,fermi,independent,10,0.1,0.93,-0.002365927688035726,7.23883973596795e-11,5.515475775036337e-14,2.1210048099746034e-05,1,0.0,"[0.5941756830557308,0.35501762965786887,0.05080668728640036]"
v3.3,393de51ec9fec163,fermi,independent,10,0.1,0.9400000000000001,-0.0023319664827569746,1.318363578028947e-10,5.5921916438447426e-14,2.123135310201046e-05,1,0.0,"[0.5941587579620914,0.35502933890782334,0.05081190313008516]"
v3.3,393de51ec9fec163,fermi,independent,10,0.1,0.9500000000000001,-0.0022979851710272364,1.3738250814743225e-10,5.668583053172654e-14,2.1250038657464252e-05,1,0.0,"[0.5941418096025096,0.35504102974769686,0.050817160649793414]"
v3.3,393de51ec9fec163,fermi,independent,10,0.1,0.9600000000000001,-0.0022639888640264005,1.337937503842479e-10,5.750589400221514e-14,2.1266176092043256e-05,1,0.0,"[0.5941248400174722,0.35505270044833287,0.050822459534194994]"
v3.3,393de51ec9fec163,fermi,independent,10,0.1,0.9700000000000001,-0.0022299825783190126,1.5501048014621155e-10,5.821639542911365e-14,2.1279835703137027e-05,1,0.0,"[0.594107851197138,0.3550643493301699,0.05082779947269205]"
v3.3,393de51ec9fec163,fermi,independent,10,0.1,0.9800000000000001,-0.002195971223565841,1.4682075000216344e-10,5.896884092840994e-14,2.1291086733992902e-05,1,0.0,"[0.5940908450820529,0.35507597476252023,0.05083318015542687]"
v3.3,393de51ec9fec163,fermi,independent,10,0.1,0.9900000000000001,-0.0021619596103873533,2.1454854559621594e-10,5.964665964572595e-14,2.129999736011974e-05,1,0.0,"[0.5940738235638732,0.3550875751628374,0.05083860127328943]"
v3.3,393de51ec9fec163,fermi,independent,10,0.1,1.0,-0.0021279524414052516,2.356763707800358e-10,6.040616761385365e-14,2.1306634668654663e-05,1,0.0,"[0.5940567884861054,0.3550991489959704,0.05084406251792416]"
v3.3,393de51ec9fec163,fermi,independent,10,0.1,1.01,-0.0020939543179500225,2.127540782437265e-10,6.104295267537012e-14,2.1311064650150654e-05,1,0.0,"[0.5940397416448517,0.35511069477341184,0.05084956358173643]"
v3.3,393de51ec9fec163,fermi,independent,10,0.1,1.02,-0.002059969739170213,1.384200011556036e-10,6.173601159997957e-14,2.1313352179623413e-05,1,0.0,"[0.594022684789569,0.3551222110525328,0.05085510415789823]"
v3.3,393de51ec9fec163,fermi,independent,10,0.1,1.03,-0.002026003107838653,8.325897263294912e-11,6.246301779690718e-14,2.131356101444465e-05,1,0.0,"[0.59400561962383,0.35513369643581616,0.05086068394035385]"
v3.3,393de51ec9fec163,fermi,independent,10,0.1,1.04,-0.0019920587214992402,2.0130203060020335e-10,6.314879161487167e-14,2.131175378142061e-05,1,0.0,"[0.5939885478060942,0.3551451495700809,0.05086630262382498]"
v3.3,393de51ec9fec163,fermi,independent,10,0.1,1.05,-0.0019581407815531422,1.442582373001322e-10,5.480653892843121e-14,2.1307991959108212e-05,1,0.0,"[0.5939714709504883,0.35515656914568045,0.05087195990383136]"
v3.3,393de51ec9fec163,fermi,independent,10,0.1,1.06,-0.0019242533926497642,7.704025264954062e-11,5.973523975562857e-14,2.130233592324307e-05,1,0.0,"[0.5939543906275698,0.3551679538957996,0.050877655476630666]"
v3.3,393de51ec9fec163,fermi,independent,10,0.1,1.07,-0.0018904005581361245,1.996027440553938e-10,6.50773293339125e-14,2.129484488366134e-05,1,0.0,"[0.5939373083651048,0.35517930259557406,0.050883389039321075]"
v3.3,393de51ec9fec163,fermi,independent,10,0.1,1.08,-0.0018565861954114686,1.4646869481160785e-10,7.080733706271422e-14,2.1285576906137025e-05,1,0.0,"[0.593920225648863,0.35519061406135805,0.05088916028977894]"
v3.3,393de51ec9fec163,fermi,independent,10,0.1,1.09,-0.001822814116753179,1.5081614776479846e-10,7.693093358794747e-14,2.1274588920331707e-05,1,0.0,"[0.5939031439233903,0.35520188714993056,0.050894968926679135]"
v3.3,393de51ec9fec163,fermi,independent,10,0.1,1.1,-0.0017890880495198408,1.457309967145548e-10,8.35959489416815e-14,2.1261936714235592e-05,1,0.0,"[0.5938860645927894,0.35521312075771166,0.05090081464949888]"
v3.3,393de51ec9fec163,fermi,independent,10,0.1,1.11,-0.0017554117934134167,1.369397095718483e-10,2.391124314834999e-11,2.124756451833209e-05,1,0.0,"[0.5938689891053925,0.3552243137408721,0.05090669715373533]"
v3.3,393de51ec9fec163,fermi,independent,10,0.1,1.12,-0.0017217886880927825,6.463252849586709e-11,4.132955523465115e-11,2.12317760273723e-05,1,0.0,"[0.5938519186806056,0.35523546517283455,0.05091261614655986]"
v3.3,393de51ec9fec163,fermi,independent,10,0.1,1.1300000000000001,-0.0016882220382686067,2.1689999449292507e-10,3.6398405574020973e-11,2.1214558164610408e-05,1,0.0,"[0.5938348545492965,0.35524657411762095,0.05091857133308244]"
v3.3,393de51ec9fec163,fermi,independent,10,0.1,1.1400000000000001,-0.001654715462455665,1.4661355809963972e-10,3.9994259249786837e-11,2.1195744687175358e-05,1,0.0,"[0.5938177980704872,0.3552576395196911,0.05092456240982179]"
v3.3,393de51ec9fec163,fermi,independent,10,0.1,1.1500000000000001,-0.00162127185869489,1.4355029318013912e-10,1.2466986525804393e-13,2.117577130293579e-05,1,0.0,"[0.5938007502730503,0.35526866063627177,0.050930589090677936]"
v3.3,393de51ec9fec163,fermi,independent,10,0.1,1.1600000000000001,-0.0015878950031839173,1.570919401505666e-10,1.3469924167276133e-13,2.1154056461982125e-05,1,0.0,"[0.5937837126305088,0.355279636306107,0.05093665106338414]"
v3.3,393de51ec9fec163,fermi,independent,10,0.1,1.1700000000000002,-0.001554587723714338,8.499808495932015e-11,1.454160339513321e-13,2.113122199864752e-05,1,0.0,"[0.5937666861439911,0.35529056581491913,0.050942748041089864]"
v3.3,393de51ec9fec163,fermi,independent,10,0.1,1.1800000000000002,-0.00152135304549849,1.446315359143746e-10,1.5687135156436594e-13,2.110712919307341e-05,1,0.0,"[0.5937496719217165,0.3553014483484776,0.050948879729806]"
v3.3,393de51ec9fec163,fermi,independent,10,0.1,1.1900000000000002,-0.0014881939061305548,2.1767978045095226e-10,1.6906802241253815e-13,2.108182383985605e-05,1,0.0,"[0.5937326710383016,0.3553122831253248,0.050955045836373454]"
v3.3,393de51ec9fec163,fermi,independent,10,0.1,1.2000000000000002,-0.0014551131682016515,1.612299911635251e-10,1.8212382526721362e-13,2.1055350668101162e-05,1,0.0,"[0.5937156845354907,0.35532306939604313,0.05096124606846613]"
v3.3,393de51ec9fec163,fermi,independent,10,0.1,1.21,-0.0014221136134412518,1.3847044344483805e-10,1.9598404143259604e-13,2.1027753355183206e-05,1,0.0,"[0.5936987134228754,0.35533380644253093,0.05096748013459369]"
v3.3,393de51ec9fec163,fermi,independent,10,0.1,1.22,-0.0013891979494314345,7.313968528044335e-11,2.1074846122642318e-13,2.099907453560074e-05,1,0.0,"[0.59368175867861,0.3553444935772857,0.05097374774410439]"
v3.3,393de51ec9fec163,fermi,independent,10,0.1,1.23,-0.0013563688323861914,7.32524665925105e-11,6.094417142666516e-12,2.0969328091392137e-05,1,0.0,"[0.5936648212713778,0.35535513012256814,0.050980048606054165]"
v3.3,393de51ec9fec163,fermi,independent,10,0.1,1.24,-0.001323628691763938,2.1182728141000418e-10,2.431909430245674e-13,2.0938665490098506e-05,1,0.0,"[0.5936479020547738,0.35536571551034724,0.05098638243487887]"
v3.3,393de51ec9fec163,fermi,independent,10,0.1,1.25,-0.0012909801370798828,1.5211768997214214e-10,2.6096603655222796e-13,2.090696004516867e-05,1,0.0,"[0.593631001980619,0.35537624908032256,0.05099274893905842]"
v3.3,393de51ec9fec163,fermi,independent,10,0.1,1.26,-0.0012584255231293008,1.498931014032312e-10,2.7981821783523275e-13,2.0874361184129938e-05,1,0.0,"[0.5936141218870095,0.3553867302805321,0.05099914783245852]"
v3.3,393de51ec9fec163,fermi,independent,10,0.1,1.27,-0.0012259671858122698,1.4462704991946573e-10,9.424550477827106e-13,2.0840875761579016e-05,1,0.0,"[0.5935972626076588,0.35539715856376924,0.051005578828571915]"
v3.3,393de51ec9fec163,fermi,independent,10,0.1,1.28,-0.0011936073749974213,6.645157688001113e-11,3.210784092228798e-13,2.0806552734310636e-05,1,0.0,"[0.593580424939491,0.3554075334183918,0.05101204164211706]"
v3.3,393de51ec9fec163,fermi,independent,10,0.1,1.29,-0.001161348292804655,1.3307189031253053e-10,3.4359192927677444e-13,2.0771409397719147e-05,1,0.0,"[0.5935636096668927,0.35541785434498957,0.05101853598811763]"
v3.3,393de51ec9fec163,fermi,independent,10,0.1,1.3,-0.001129192061028992,1.3992719483102434e-10,3.674189074499392e-13,2.0735492827577156e-05,1,0.0,"[0.5935468175387462,0.3554281208784246,0.051025061582829205]"
v3.3,393de51ec9fec163,fermi,independent,10,0.1,1.31,-0.0010971407338883979,1.2929444667686418e-10,3.9263546828016973e-13,2.0698833832066278e-05,1,0.0,"[0.5935300492808597,0.35543833257585994,0.05103161814328047]"
v3.3,393de51ec9fec163,fermi,independent,10,0.1,1.32,-0.001065196303952222,1.5269716394095134e-10,5.784784080971442e-13,2.0661464600919515e-05,1,0.0,"[0.5935133055948267,0.35544848901778087,0.05103820538739242]"
v3.3,393de51ec9fec163,fermi,independent,10,0.1,1.33,-0.001033360817682235,1.2009788649680608e-10,1.7603853602624445e-11,2.0623338156718212e-05,1,0.0,"[0.5934965872192703,0.35545858975011196,0.05104482303061772]"
v3.3,393de51ec9fec163,fermi,independent,10,0.1,1.34,-0.0010016357764200748,1.466788947246389e-10,4.77365487183455e-13,2.0584809808267588e-05,1,0.0,"[0.5934798946182125,0.355468634579376,0.05105147080241151]"
v3.3,393de51ec9fec163,fermi,independent,10,0.1,1.35,-0.0009700233597153968,7.286093603453558e-11,5.240423981768496e-13,2.054541987558337e-05,1,0.0,"[0.5934632286122176,0.35547862297418964,0.051058148413592755]"
v3.3,393de51ec9fec163,fermi,independent,10,0.1,1.36,-0.0009385251486708664,2.1676063721720595e-10,1.6339548568780921e-12,2.0505520888533347e-05,1,0.0,"[0.593446589749193,0.35548855466231644,0.05106485558849061]"
v3.3,393de51ec9fec163,fermi,independent,10,0.1,1.37,-0.0009071428629016838,2.0059541527839286e-10,2.753843256886276e-12,2.0465069397836413e-05,1,0.0,"[0.5934299786110382,0.3554984293393034,0.05107159204965833]"
v3.3,393de51ec9fec163,fermi,independent,10,0.1,1.3800000000000001,-0.0008758780979170218,2.206829788353737e-10,2.1579647271480238e-12,2.0424096615748828e-05,1,0.0,"[0.5934133957557376,0.35550824672365144,0.05107835752061106]"
v3.3,393de51ec9fec163,fermi,independent,10,0.1,1.3900000000000001,-0.0008447324243045576,1.37810228506563e-10,6.530961359517005e-13,2.0382617515970804e-05,1,0.0,"[0.5933968417299292,0.3555180065448889,0.051085151725181965]"
v3.3,393de51ec9fec163,fermi,independent,10,0.1,1.4,-0.0008137078699383647,1.4993879055014148e-10,7.195786209586851e-11,2.0340305417271523e-05,1,0.0,"[0.5933803173353119,0.35552770829043695,0.05109197437425111]"
v3.3,393de51ec9fec163,fermi,independent,20,0.05,0.05,-0.004443847397797587,1.4003630199876937e-10,3.08809093235627e-17,0.0,1,0.0,"[0.595205047474281,0.3542478552267286,0.050547097298990394]"
v3.3,393de51ec9fec163,fermi,independent,20,0.05,0.060000000000000005,-0.004442138765419969,2.327661258183511e-10,3.313553859133243e-17,5.713743928546306e-07,1,0.0,"[0.5952046060774674,0.35424820673411095,0.05054718718842162]"
v3.3,393de51ec9fec163,fermi,independent,20,0.05,0.07,-0.0044401204621654575,7.690561382167616e-11,2.62838089230406e-17,6.748595680088777e-07,1,0.0,"[0.5952040847210488,0.3542486218737454,0.05054729340520578]"
v3.3,393de51ec9fec163,fermi,independent,20,0.05,0.08,-0.004437792981580889,7.277559804785838e-11,1.2748742487211226e-16,7.781449292355313e-07,1,0.0,"[0.5952034835516822,0.3542491005070454,0.050547415941272586]"
v3.3,393de51ec9fec163,fermi,independent,20,0.05,0.09,-0.004435156879356694,2.2155206835794417e-10,2.2178617047029052e-16,8.812002925103142e-07,1,0.0,"[0.5952028027381848,0.35424964247449,0.05054755478732526]"
v3.3,393de51ec9fec163,fermi,independent,20,0.05,0.1,-0.004432212811597343,7.210105429367175e-11,4.0767377190838833e-16,9.839957082886097e-07,1,0.0,"[0.5952020424713657,0.3542502475957875,0.05054770993284695]"
v3.3,393de51ec9fec163,fermi,independent,20,0.05,0.11,-0.0044289614886389925,2.2143734762503087e-10,7.592947220634108e-16,1.0865014929987768e-06,1,0.0,"[0.5952012029638325,0.3542509156700596,0.05054788136610797]"
v3.3,393de51ec9fec163,fermi,independent,20,0.05,0.12000000000000001,-0.004425403699647688,2.3261015336117907e-10,1.2057181843027698e-15,1.188688257991219e-06,1,0.0,"[0.5952002844497793,0.3542516464760468,0.05054806907417378]"
v3.3,393de51ec9fec163,fermi,independent,20,0.05,0.13,-0.004421541598278483,2.2242679226236461e-10,1.8210091865586344e-10,1.2897840362725932e-06,1,0.0,"[0.5951992877305033,0.35425243925790495,0.050548273011591725]"
v3.3,393de51ec9fec163,fermi,independent,20,0.05,0.14,-0.0044173733737474935,1.484943001894834e-10,1.5950227058680934e-10,1.3920809125334457e-06,1,0.0,"[0.5951982119234145,0.354253294846772,0.05054849322981353]"
v3.3,393de51ec9fec163,fermi,independent,20,0.05,0.15000000000000002,-0.0044129014427043145,1.4952372673349146e-10,1.3149486309290156e-10,1.493159755437413e-06,1,0.0,"[0.5951970579232491,0.3542542123989671,0.05054872967778391]"
v3.3,393de51ec9fec163,fermi,independent,20,0.05,0.16,-0.004408126887852047,2.2183301723321946e-10,9.879997861738332e-11,1.5938025937517657e-06,1,0.0,"[0.595195826050183,0.35425519161213814,0.05054898233767881]"
v3.3,393de51ec9fec163,fermi,independent,20,0.05,0.16999999999999998,-0.004403050415860685,2.3686766437158724e-10,9.959627907972918e-15,1.694235485350405e-06,1,0.0,"[0.595194516458494,0.3542562323408084,0.05054925120069766]"
v3.3,393de51ec9fec163,fermi,independent,20,0.05,0.18,-0.004397674413177191,1.5700245270533486e-10,1.3971381993254269e-14,1.7935077896976105e-06,1,0.0,"[0.5951931300003523,0.3542573337799501,0.050549536219697544]"
v3.3,393de51ec9fec163,fermi,independent,20,0.05,0.19,-0.004391999458889892,1.3955073902005566e-10,1.92677973467466e-14,1.8926690641251852e-06,1,0.0,"[0.5951916667574093,0.35425849585253427,0.05054983739005648]"
v3.3,393de51ec9fec163,fermi,independent,20,0.05,0.2,-0.004386026902586576,1.5341809767033254e-10,2.6146428397772743e-14,1.991290068862615e-06,1,0.0,"[0.5951901271265371,0.3542597181838841,0.05055015468957884]"
v3.3,393de51ec9fec163,fermi,independent,20,0.05,0.21000000000000002,-0.004379758158111653,7.783949873552132e-11,3.496409411429809e-14,2.0893452518258846e-06,1,0.0,"[0.5951885115234228,0.35426100038160846,0.050550488094968725]"
v3.3,393de51ec9fec163,fermi,independent,20,0.05,0.22000000000000003,-0.004373194703749375,1.5161020355813903e-10,4.615790196582831e-14,2.1868096018390407e-06,1,0.0,"[0.5951868203821775,0.3542623420359778,0.05055083758184478]"
v3.3,393de51ec9fec163,fermi,independent,20,0.05,0.22999999999999998,-0.004366338085288274,2.3513158087240527e-10,6.009648323887563e-14,2.283658668084335e-06,1,0.0,"[0.5951850541549313,0.35426374272031314,0.05055120312475563]"
v3.3,393de51ec9fec163,fermi,independent,20,0.05,0.24,-0.004359189906145228,1.384835093820591e-10,7.742801867638205e-14,2.3798685779117383e-06,1,0.0,"[0.5951832133114158,0.35426520199138894,0.050551584697195465]"
v3.3,393de51ec9fec163,fermi,independent,20,0.05,0.25,-0.004351751845511689,7.232767162967946e-11,8.555609366152797e-13,2.4754129990635125e-06,1,0.0,"[0.59518129834074,0.3542667193876493,0.05055198227161083]"
v3.3,393de51ec9fec163,fermi,independent,20,0.05,0.26,-0.004344025619538026,2.29176989885449e-10,2.651366781282886e-12,2.570271624721101e-06,1,0.0,"[0.5951793097470188,0.3542682944334846,0.05055239581949654]"
v3.3,393de51ec9fec163,fermi,independent,20,0.05,0.27,-0.004336012989339194,1.3844434626486546e-10,1.5565606792098175e-13,2.664443519519234e-06,1,0.0,"[0.5951772480354804,0.35426992665335627,0.050552825311163285]"
v3.3,393de51ec9fec163,fermi,independent,20,0.05,0.28,-0.004327715844790608,2.2432518342885288e-10,1.930769845277924e-13,2.757860349403198e-06,1,0.0,"[0.5951751137609483,0.35427161552289554,0.050553270716156215]"
v3.3,393de51ec9fec163,fermi,independent,20,0.05,0.29,-0.004319136070309808,2.2916732400624085e-10,2.3765889421908945e-13,2.8505377400710967e-06,1,0.0,"[0.5951729074673959,0.35427336052968317,0.050553732002920945]"
v3.3,393de51ec9fec163,fermi,independent,20,0.05,0.3,-0.004310275618772723,2.1658962817694416e-10,7.736847472731661e-15,2.942446767231517e-06,1,0.0,"[0.5951706297199882,0.35427516114090984,0.05055420913910186]"
v3.3,393de51ec9fec163,fermi,independent,20,0.05,0.31,-0.004301136505128242,2.3208797383933444e-10,9.22784251168802e-15,3.033565159972932e-06,1,0.0,"[0.5951682811004383,0.35427701680848145,0.05055470209108033]"
v3.3,393de51ec9fec163,fermi,independent,20,0.05,0.32,-0.004291720796099116,7.251139272357321e-11,1.0940779508600151e-14,3.123876849104486e-06,1,0.0,"[0.5951658622023234,0.3542789269730421,0.050555210824634655]"
v3.3,393de51ec9fec163,fermi,independent,20,0.05,0.33,-0.004282030589724206,1.5379725964992375e-10,1.296189099852062e-14,3.21336294661131e-06,1,0.0,"[0.5951633736332503,0.3542808910621979,0.05055573530455172]"
v3.3,393de51ec9fec163,fermi,independent,20,0.05,0.33999999999999997,-0.004272068073483959,7.652004724301165e-11,1.52299134619385e-14,3.30200609484493e-06,1,0.0,"[0.595160816013719,0.3542829084915373,0.050556275494743716]"
v3.3,393de51ec9fec163,fermi,independent,20,0.05,0.35,-0.00426183543249023,1.5139450804113608e-10,1.7906898132192485e-14,3.3897896354125854e-06,1,0.0,"[0.595158189976616,0.3542849786651168,0.05055683135826723]"
v3.3,393de51ec9fec163,fermi,independent,20,0.05,0.36,-0.004251334948054339,1.504877472635613e-10,2.0839887459721826e-14,3.47669761299838e-06,1,0.0,"[0.5951554961667069,0.35428710097595,0.050557402857342996]"
v3.3,393de51ec9fec163,fermi,independent,20,0.05,0.37,-0.004240568918028605,1.3696303813315325e-10,2.4143508861042913e-14,3.5627147770443095e-06,1,0.0,"[0.5951527352401268,0.3542892748064978,0.05055798995337531]"
v3.3,393de51ec9fec163,fermi,independent,20,0.05,0.38,-0.004229539692775265,7.185017164568208e-11,2.794258728545899e-14,3.6478265844973463e-06,1,0.0,"[0.595149907863868,0.35429149952916017,0.0505585926069718]"
v3.3,393de51ec9fec163,fermi,independent,20,0.05,0.39,-0.004218249657067699,1.5767286781764867e-10,3.2177956502230135e-14,3.7320192017187694e-06,1,0.0,"[0.5951470147152673,0.3542937745067692,0.05055921077796334]"
v3.3,393de51ec9fec163,fermi,independent,20,0.05,0.4,-0.004206701249393513,2.2414361339206934e-10,7.61373170685252e-14,3.815279322275313e-06,1,0.0,"[0.5951440564816253,0.35429609909295257,0.050559844425422176]"
v3.3,393de51ec9fec163,fermi,independent,20,0.05,0.41,-0.004194896945881994,2.1817554707315168e-10,1.023890814187572e-12,3.897591177964728e-06,1,0.0,"[0.5951410338620474,0.354298472630473,0.050560493507479626]"
v3.3,393de51ec9fec163,fermi,independent,20,0.05,0.42,-0.004182839298577684,1.5150489196535943e-10,8.911543920874761e-12,3.978921664635952e-06,1,0.0,"[0.5951379475802584,0.35430089443930574,0.05056115798043593]"
v3.3,393de51ec9fec163,fermi,independent,20,0.05,0.43,-0.004170530687891062,1.4672594389475435e-10,5.484258299835155e-14,4.059382385055983e-06,1,0.0,"[0.5951347982776288,0.354303363915958,0.050561837806413185]"
v3.3,393de51ec9fec163,fermi,independent,20,0.05,0.44,-0.004157973882362748,7.561238440922935e-11,6.218644652758983e-14,4.138759670943157e-06,1,0.0,"[0.5951315867536849,0.3543058803102791,0.05056253293603596]"
v3.3,393de51ec9fec163,fermi,independent,20,0.05,0.45,-0.0041451714173081425,7.661028755823196e-11,7.026571418339117e-14,4.217186116791562e-06,1,0.0,"[0.5951283137100972,0.3543084429630715,0.0505632433268313]"
v3.3,393de51ec9fec163,fermi,independent,20,0.05,0.46,-0.004132125943530851,1.5193115515677036e-10,7.923345599695308e-14,4.294616212319102e-06,1,0.0,"[0.5951249798823793,0.35431105118387624,0.050563968933744416]"
v3.3,393de51ec9fec163,fermi,independent,20,0.05,0.47,-0.004118840156264493,7.602867641010036e-11,8.905727311123212e-14,4.371041699187205e-06,1,0.0,"[0.5951215860123552,0.35431370427654396,0.050564709711100865]"
v3.3,393de51ec9fec163,fermi,independent,20,0.05,0.48,-0.004105316763434216,1.1439705432936265e-10,3.4415996792652898e-12,4.446441096345476e-06,1,0.0,"[0.5951181328579359,0.3543164015301307,0.0505654656119333]"
v3.3,393de51ec9fec163,fermi,independent,20,0.05,0.49,-0.004091558463653604,2.3140229316043204e-10,3.014802497926503e-12,4.5208509632617724e-06,1,0.0,"[0.5951146211502536,0.3543191422588784,0.05056623659086795]"
v3.3,393de51ec9fec163,fermi,independent,20,0.05,0.5,-0.004077568039110378,2.37574043771005e-10,2.5396297765206266e-12,4.594219959013557e-06,1,0.0,"[0.5951110516586093,0.3543219257416864,0.05056702259970428]"
v3.3,393de51ec9fec163,fermi,independent,20,0.05,0.51,-0.004063348274286949,1.4904337486409958e-10,2.0928441696299877e-12,4.666557632211029e-06,1,0.0,"[0.5951074251454961,0.35432475126404167,0.0505678235904621]"
v3.3,393de51ec9fec163,fermi,independent,20,0.05,0.52,-0.004048901983176333,7.313450539614408e-11,1.7130091687523207e-12,4.737859157160972e-06,1,0.0,"[0.5951037423772287,0.3543276181081274,0.050568639514643764]"
v3.3,393de51ec9fec163,fermi,independent,20,0.05,0.53,-0.004034231986481916,7.286074521495323e-11,1.4079932300533467e-12,4.808120303887432e-06,1,0.0,"[0.5951000041235123,0.3543305255532373,0.05056947032325045]"
v3.3,393de51ec9fec163,fermi,independent,20,0.05,0.54,-0.004019341130331547,1.4087359057057824e-10,1.1643848583759595e-12,4.877337418789064e-06,1,0.0,"[0.5950962111570248,0.3543334728761773,0.050570315966797855]"
v3.3,393de51ec9fec163,fermi,independent,20,0.05,0.55,-0.004004232298018655,1.3606623466833057e-10,9.584243461126832e-13,4.945507406824268e-06,1,0.0,"[0.5950923642530136,0.35433645935165475,0.050571176395331666]"
v3.3,393de51ec9fec163,fermi,independent,20,0.05,0.56,-0.003988908369292214,2.3362164286444553e-10,7.670153429866552e-13,5.012627719064452e-06,1,0.0,"[0.595088464188899,0.3543394842526584,0.050572051558442535]"
v3.3,393de51ec9fec163,fermi,independent,20,0.05,0.5700000000000001,-0.003973372245754024,2.278880695261165e-10,5.755422736534815e-13,5.078696353649556e-06,1,0.0,"[0.595084511743879,0.35434254685083955,0.050572941405281464]"
v3.3,393de51ec9fec163,fermi,independent,20,0.05,0.5800000000000001,-0.003957626846416359,1.5416528470479918e-10,3.846863385408112e-13,5.143711847166483e-06,1,0.0,"[0.5950805076985379,0.35434564641688665,0.050573845884575315]"
v3.3,393de51ec9fec163,fermi,independent,20,0.05,0.5900000000000001,-0.003941675099864879,2.3689714079289104e-10,2.126643727229413e-13,5.207673280104199e-06,1,0.0,"[0.5950764528344529,0.35434878222090416,0.05057476494464289]"
v3.3,393de51ec9fec163,fermi,independent,20,0.05,0.6000000000000001,-0.003925519950899632,1.473687352704367e-10,8.730070501728323e-14,5.270580307244287e-06,1,0.0,"[0.5950723479337756,0.3543519535328115,0.05057569853341275]"
v3.3,393de51ec9fec163,fermi,independent,20,0.05,0.6100000000000001,-0.003909164352799165,1.4811489534860556e-10,2.2297704603133e-14,5.332433208949291e-06,1,0.0,"[0.5950681937787775,0.35435515962277847,0.050576646598443964]"
v3.3,393de51ec9fec163,fermi,independent,20,0.05,0.6200000000000001,-0.0038926112699134915,7.222675235674103e-11,2.527202459402288e-15,5.393232841836905e-06,1,0.0,"[0.5950639911514298,0.35435839976162564,0.050577609086944586]"
v3.3,393de51ec9fec163,fermi,independent,20,0.05,0.63,-0.0038758636689632878,2.201702709037079e-10,1.9710292099310115e-13,5.452979668112717e-06,1,0.0,"[0.5950597408337011,0.3543616732205527,0.05057858594574624]"
v3.3,393de51ec9fec163,fermi,independent,20,0.05,0.64,-0.0038589245301207456,1.2044416158873972e-10,6.318196194858085e-16,5.511678658468239e-06,1,0.0,"[0.5950554436042333,0.35436497927426697,0.05057957712149972]"
v3.3,393de51ec9fec163,fermi,independent,20,0.05,0.65,-0.0038417968396217417,2.197115753221901e-10,6.073063151774604e-16,5.569326999822481e-06,1,0.0,"[0.595051100244096,0.3543683171955858,0.05058058256031816]"
v3.3,393de51ec9fec163,fermi,independent,20,0.05,0.66,-0.003824483586578678,7.337651319883065e-11,6.583707740702298e-16,5.625930630781804e-06,1,0.0,"[0.5950467115303274,0.35437168626150817,0.050581602208164385]"
v3.3,393de51ec9fec163,fermi,independent,20,0.05,0.67,-0.0038069877549116657,1.8134248963574962e-10,1.4891791453151409e-15,5.681491815124493e-06,1,0.0,"[0.5950422782386534,0.35437508575066645,0.05058263601068004]"
v3.3,393de51ec9fec163,fermi,independent,20,0.05,0.68,-0.0037893123472472964,1.530290894002917e-10,1.0609366594886798e-14,5.7360140457914945e-06,1,0.0,"[0.5950378011425846,0.3543785149441812,0.05058368391323414]"
v3.3,393de51ec9fec163,fermi,independent,20,0.05,0.6900000000000001,-0.0037714603555814297,1.505454927386296e-10,2.443826414101961e-14,5.789501301873752e-06,1,0.0,"[0.5950332810130607,0.35438197312599823,0.05058474586094096]"
v3.3,393de51ec9fec163,fermi,independent,20,0.05,0.7000000000000001,-0.0037534347746814925,1.4683033261464473e-10,2.3221332408151124e-14,5.841957985055707e-06,1,0.0,"[0.5950287186181428,0.35438545958318396,0.05058582179867321]"
v3.3,393de51ec9fec163,fermi,independent,20,0.05,0.7100000000000001,-0.0037352385991060444,2.224237460879408e-10,3.713329414380714e-15,5.893388744391546e-06,1,0.0,"[0.5950241147228339,0.354388973606098,0.05058691167106805]"
v3.3,393de51ec9fec163,fermi,independent,20,0.05,0.7200000000000001,-0.0037168748197079146,1.5908949851928256e-10,8.032458640011381e-16,5.943798508039629e-06,1,0.0,"[0.5950194700888771,0.3543925144885886,0.0505880154225344]"
v3.3,393de51ec9fec163,fermi,independent,20,0.05,0.7300000000000001,-0.003698346439255644,7.606346802413455e-11,8.392068229605923e-16,5.99319292478374e-06,1,0.0,"[0.5950147854742246,0.3543960815284918,0.05058913299728365]"
v3.3,393de51ec9fec163,fermi,independent,20,0.05,0.7400000000000001,-0.003679656403142356,2.0929694088955841e-10,8.597709664916172e-16,6.041577738187805e-06,1,0.0,"[0.5950100616329719,0.35439967402770056,0.05059026433932768]"
v3.3,393de51ec9fec163,fermi,independent,20,0.05,0.7500000000000001,-0.0036608077297365996,1.483433653692856e-10,8.904421672206779e-16,6.088959051410602e-06,1,0.0,"[0.5950052993150937,0.35440329129241405,0.05059140939249225]"
v3.3,393de51ec9fec163,fermi,independent,20,0.05,0.76,-0.0036418033775451747,1.5461504992986264e-10,9.181867132600054e-16,6.1353432943276875e-06,1,0.0,"[0.5950004992662056,0.35440693263336615,0.050592568100428385]"
v3.3,393de51ec9fec163,fermi,independent,20,0.05,0.77,-0.0036226463140924536,1.4524727254272563e-10,9.20541121288512e-16,6.180737197743992e-06,1,0.0,"[0.5949956622273426,0.3544105973660347,0.05059374040662278]"
v3.3,393de51ec9fec163,fermi,independent,20,0.05,0.78,-0.0036033394972565594,2.3017802941449617e-10,9.32149644532173e-16,6.2251477789405795e-06,1,0.0,"[0.59499078893475,0.35441428481084203,0.05059492625440798]"
v3.3,393de51ec9fec163,fermi,independent,20,0.05,0.79,-0.003583885875737332,2.2864932169852636e-10,9.918679954675502e-16,6.26858232887412e-06,1,0.0,"[0.5949858801196821,0.35441799429334553,0.05059612558697217]"
v3.3,393de51ec9fec163,fermi,independent,20,0.05,0.8,-0.003564288391012256,1.5106683265431187e-10,1.0239733331434574e-15,6.311048398565624e-06,1,0.0,"[0.5949809365082115,0.35442172514441955,0.050597338347368924]"
v3.3,393de51ec9fec163,fermi,independent,20,0.05,0.81,-0.0035445499700980584,1.5104145711930528e-10,1.0544594793742829e-15,6.352553786703758e-06,1,0.0,"[0.5949759588210461,0.35442547670042773,0.05059856447852604]"
v3.3,393de51ec9fec163,fermi,independent,20,0.05,0.8200000000000001,-0.0035246735343887337,7.511338079302377e-11,3.132147394423996e-15,6.393106515917977e-06,1,0.0,"[0.5949709477733653,0.35442924830337996,0.050599803923254666]"
v3.3,393de51ec9fec163,fermi,independent,20,0.05,0.8300000000000001,-0.003504661983239829,1.36022804131386e-10,2.997812114307658e-14,6.4327147548257066e-06,1,0.0,"[0.5949659040747121,0.35443303930103504,0.050601056624252926]"
v3.3,393de51ec9fec163,fermi,independent,20,0.05,0.8400000000000001,-0.0034845182158990337,2.1635122166019372e-10,2.4186436931578284e-13,6.471386375439451e-06,1,0.0,"[0.5949608284292133,0.35443684904669404,0.0506023225240928]"
v3.3,393de51ec9fec163,fermi,independent,20,0.05,0.8500000000000001,-0.0034642451136558394,1.2632103002507833e-10,7.782118984885708e-13,6.50913012583324e-06,1,0.0,"[0.5949557215349309,0.35444067689981024,0.05060360156525897]"
v3.3,393de51ec9fec163,fermi,independent,20,0.05,0.8600000000000001,-0.003443845528273086,1.5378246592812062e-10,1.1683289486599728e-15,6.545962472118931e-06,1,0.0,"[0.5949505840781373,0.3544445222313613,0.05060489369050142]"
v3.3,393de51ec9fec163,fermi,independent,20,0.05,0.8700000000000001,-0.003423322332828521,7.22233245431525e-11,1.1819574227216353e-15,6.58187645706919e-06,1,0.0,"[0.5949454167506885,0.35444838440755166,0.05060619884175986]"
v3.3,393de51ec9fec163,fermi,independent,20,0.05,0.8800000000000001,-0.003402678334343344,1.5088383320538412e-10,1.2250741408292463e-15,6.616893548141198e-06,1,0.0,"[0.59494022022894,0.3544522628095908,0.050607516961469146]"
v3.3,393de51ec9fec163,fermi,independent,20,0.05,0.89,-0.0033819163735150787,2.179507546662407e-10,1.2146820559121406e-15,6.651019750371554e-06,1,0.0,"[0.5949349951852158,0.3544561568229354,0.05060884799184881]"
v3.3,393de51ec9fec163,fermi,independent,20,0.05,0.9,-0.0033610392457850066,1.3894028288996552e-10,1.2664119766574917e-15,6.684264535984137e-06,1,0.0,"[0.5949297422852349,0.3544600658397025,0.05061019187506261]"
v3.3,393de51ec9fec163,fermi,independent,20,0.05,0.91,-0.0033400497349355684,2.1897785668079095e-10,1.3424908525402377e-15,6.7166375087773275e-06,1,0.0,"[0.594924462188013,0.3544639892587619,0.05061154855322501]"
v3.3,393de51ec9fec163,fermi,independent,20,0.05,0.92,-0.0033189506168626315,7.513988736773669e-11,1.3433958197716885e-15,6.748148390822305e-06,1,0.0,"[0.5949191555457732,0.3544679264858194,0.05061291796840736]"
v3.3,393de51ec9fec163,fermi,independent,20,0.05,0.93,-0.003297744617331705,1.4571541889774053e-10,1.3728199429534018e-15,6.77880701334113e-06,1,0.0,"[0.5949138230038632,0.3544718769334932,0.05061430006264373]"
v3.3,393de51ec9fec163,fermi,independent,20,0.05,0.9400000000000001,-0.003276434489544948,7.524259687530233e-11,1.4310466896090374e-15,6.8086233077652835e-06,1,0.0,"[0.5949084652006787,0.35447584002138466,0.05061569477793664]"
v3.3,393de51ec9fec163,fermi,independent,20,0.05,0.9500000000000001,-0.0032550229310976397,1.5008828901930116e-10,1.3908757003464088e-15,6.837607295188014e-06,1,0.0,"[0.5949030827675956,0.35447981517614163,0.05061710205626271]"
v3.3,393de51ec9fec163,fermi,independent,20,0.05,0.9600000000000001,-0.003233512637238832,2.2024670975895333e-10,1.4304752903817724e-15,6.865769076551225e-06,1,0.0,"[0.5948976763289077,0.35448380183151484,0.050618521839577546]"
v3.3,393de51ec9fec163,fermi,independent,20,0.05,0.9700000000000001,-0.003211906277103979,1.4535991854636165e-10,1.4812367351438314e-15,6.893118826804844e-06,1,0.0,"[0.5948922465017691,0.35448779942840986,0.05061995406982111]"
v3.3,393de51ec9fec163,fermi,independent,20,0.05,0.9800000000000001,-0.0031902065003366065,2.256534195610449e-10,1.527376343252172e-15,6.919666781767658e-06,1,0.0,"[0.5948867938961468,0.3544918074149307,0.05062139868892241]"
v3.3,393de51ec9fec163,fermi,independent,20,0.05,0.9900000000000001,-0.0031684159433727627,7.39042299580106e-11,1.536769424377537e-15,6.945423233218055e-06,1,0.0,"[0.5948813191147762,0.35449582524641965,0.05062285563880417]"
v3.3,393de51ec9fec163,fermi,independent,20,0.05,1.0,-0.0031465371874426426,2.2835872082183073e-10,1.6068528719258816e-15,6.9703985192239085e-06,1,0.0,"[0.5948758227531227,0.3544998523854901,0.05062432486138714]"
v3.3,393de51ec9fec163,fermi,independent,20,0.05,1.01,-0.0031245728456882754,6.730026258505717e-11,1.6303341366181612e-15,6.994603016759327e-06,1,0.0,"[0.5948703053993507,0.3545038883020548,0.05062580629859458]"
v3.3,393de51ec9fec163,fermi,independent,20,0.05,1.02,-0.0031025254678791955,1.3443099411425408e-10,1.645707171676534e-15,7.0180471340823744e-06,1,0.0,"[0.5948647676342959,0.35450793247334805,0.050627299892356085]"
v3.3,393de51ec9fec163,fermi,independent,20,0.05,1.03,-0.003080397597835058,2.337348439795939e-10,1.657455130380091e-15,7.040741302411467e-06,1,0.0,"[0.594859210031445,0.35451198438394327,0.05062880558461166]"
v3.3,393de51ec9fec163,fermi,independent,20,0.05,1.04,-0.003058191756675023,1.4975067713640655e-10,2.914069634941291e-13,7.062694702624484e-06,1,0.0,"[0.5948536331578628,0.3545160435248766,0.05063032331726048]"
v3.3,393de51ec9fec163,fermi,independent,20,0.05,1.05,-0.0030359104298933112,1.494332504958784e-10,1.6794305545107736e-15,7.083922866336242e-06,1,0.0,"[0.5948480375694601,0.35452010939810114,0.0506318530324387]"
v3.3,393de51ec9fec163,fermi,independent,20,0.05,1.06,-0.003013556098607248,7.554099706874595e-11,1.5466518887600373e-13,7.104427974282439e-06,1,0.0,"[0.594842423820929,0.3545241815071246,0.05063339467194643]"
v3.3,393de51ec9fec163,fermi,independent,20,0.05,1.07,-0.002991131637058095,2.2571962354778208e-10,6.10982103644862e-11,7.123960102001071e-06,1,0.0,"[0.5948367926535381,0.3545282591800122,0.050634948166449825]"
v3.3,393de51ec9fec163,fermi,independent,20,0.05,1.08,-0.002968638176451259,7.243906169351888e-11,1.7579113773470187e-15,7.1435968934395925e-06,1,0.0,"[0.5948311440061572,0.35453234250146404,0.050636513492378736]"
v3.3,393de51ec9fec163,fermi,independent,20,0.05,1.09,-0.0029460794129090306,1.365024551724936e-10,1.8115702653332325e-15,7.16174285433534e-06,1,0.0,"[0.5948254790067176,0.35453643043591626,0.05063809055736618]"
v3.3,393de51ec9fec163,fermi,independent,20,0.05,1.1,-0.0029234572890636176,1.8562013731626692e-10,1.877161816515986e-15,7.179480057894151e-06,1,0.0,"[0.5948197979773236,0.35454052270766634,0.050639679315009976]"
v3.3,393de51ec9fec163,fermi,independent,20,0.05,1.11,-0.0029007741656310593,1.4540428583398324e-10,1.0673833595684216e-12,7.196546132284783e-06,1,0.0,"[0.5948141014359709,0.35454461885677396,0.05064127970725525]"
v3.3,393de51ec9fec163,fermi,independent,20,0.05,1.12,-0.0028780323951438855,1.8895512585159757e-10,6.731471019693117e-12,7.212940524987697e-06,1,0.0,"[0.5948083899014612,0.35454871842291413,0.05064289167562471]"
v3.3,393de51ec9fec163,fermi,independent,20,0.05,1.1300000000000001,-0.0028552342979314173,7.167435742139183e-11,1.9151945138818602e-11,7.2286795554837824e-06,1,0.0,"[0.5948026638808175,0.35455282095723684,0.05064451516194565]"
v3.3,393de51ec9fec163,fermi,independent,20,0.05,1.1400000000000001,-0.0028323818744371773,7.58841947612332e-11,1.880616936042781e-14,7.243952499922956e-06,1,0.0,"[0.5947969237401932,0.35455692614419154,0.05064615011561524]"
v3.3,393de51ec9fec163,fermi,independent,20,0.05,1.1500000000000001,-0.0028094777406367857,1.5118917229273166e-10,5.4043770837886186e-14,7.258376079374944e-06,1,0.0,"[0.5947911701321527,0.3545610333983495,0.050647796469498]"
v3.3,393de51ec9fec163,fermi,independent,20,0.05,1.1600000000000001,-0.002786523992071393,1.4838664325056428e-10,1.4003692090339402e-13,7.272269075367396e-06,1,0.0,"[0.594785403471724,0.3545651423587602,0.05064945416951575]"
v3.3,393de51ec9fec163,fermi,independent,20,0.05,1.1700000000000002,-0.0027635228295865844,1.4373222750885262e-10,3.114440318427833e-13,7.28555701325669e-06,1,0.0,"[0.5947796242298896,0.3545692526120386,0.05065112315807175]"
v3.3,393de51ec9fec163,fermi,independent,20,0.05,1.1800000000000002,-0.0027404764273896987,2.2106275143762844e-10,2.0790231427355257e-15,7.298252643791531e-06,1,0.0,"[0.5947738328684758,0.3545733637537929,0.050652803377731134]"
v3.3,393de51ec9fec163,fermi,independent,20,0.05,1.1900000000000002,-0.0027173869618353705,7.103120175377953e-11,2.236443783667375e-12,7.310350013231658e-06,1,0.0,"[0.5947680298541249,0.3545774753754216,0.050654494770453425]"
v3.3,393de51ec9fec163,fermi,independent,20,0.05,1.2000000000000002,-0.002694256536862706,1.380397636474573e-10,4.2195651907504264e-12,7.32188494478506e-06,1,0.0,"[0.5947622156270694,0.3545815870936076,0.05065619727932302]"
v3.3,393de51ec9fec163,fermi,independent,20,0.05,1.21,-0.002671087270120418,1.5084789320440883e-10,7.574098986949507e-12,7.332847677235897e-06,1,0.0,"[0.5947563906351939,0.3545856985181364,0.050657910846669665]"
v3.3,393de51ec9fec163,fermi,independent,20,0.05,1.22,-0.0026478811498310377,1.4906902448541537e-10,2.1588131692307307e-15,7.343310156628339e-06,1,0.0,"[0.594750555272919,0.3545898093096495,0.050659635417431514]"
v3.3,393de51ec9fec163,fermi,independent,20,0.05,1.23,-0.002624640365724004,6.634527996429718e-11,2.1911797015219264e-15,7.353144717422873e-06,1,0.0,"[0.5947447100305221,0.35459391903851323,0.05066137093096466]"
v3.3,393de51ec9fec163,fermi,independent,20,0.05,1.24,-0.0026013668792900686,6.64341984202288e-11,2.24067430072599e-15,7.362477304653063e-06,1,0.0,"[0.5947388553044013,0.3545980273641338,0.05066311733146487]"
v3.3,393de51ec9fec163,fermi,independent,20,0.05,1.25,-0.002578062690137946,2.2487570486284802e-10,2.258234926794838e-15,7.3712837460165055e-06,1,0.0,"[0.5947329915093773,0.3546021339288198,0.05066487456180291]"
v3.3,393de51ec9fec163,fermi,independent,20,0.05,1.26,-0.0025547297877536596,1.4284887508986266e-10,2.2739066456556512e-15,7.379573548956406e-06,1,0.0,"[0.5947271190534889,0.35460623838159716,0.050666642564914016]"
v3.3,393de51ec9fec163,fermi,independent,20,0.05,1.27,-0.0025313701222867274,1.3576999247089105e-10,8.305132236638111e-13,7.3873524155366696e-06,1,0.0,"[0.5947212383408391,0.3546103403755179,0.05066842128364296]"
v3.3,393de51ec9fec163,fermi,independent,20,0.05,1.28,-0.0025079856021040584,2.2216043241152228e-10,2.319798660010741e-15,7.394644577738889e-06,1,0.0,"[0.5947153497576948,0.3546144395807793,0.050670210661526036]"
v3.3,393de51ec9fec163,fermi,independent,20,0.05,1.29,-0.002484578143851033,2.2714988223704324e-10,2.349675157420734e-15,7.401436951526347e-06,1,0.0,"[0.5947094537004618,0.35461853565830725,0.05067201064123084]"
v3.3,393de51ec9fec163,fermi,independent,20,0.05,1.3,-0.0024611496209433308,1.4837999232075738e-10,2.749826531076149e-13,7.407752359438256e-06,1,0.0,"[0.5947035505487511,0.35462262828517793,0.05067382116607103]"
v3.3,393de51ec9fec163,fermi,independent,20,0.05,1.31,-0.002437701880118697,1.482072346792318e-10,5.521551832941694e-13,7.413598590712821e-06,1,0.0,"[0.5946976406766465,0.3546267171439846,0.050675642179368895]"
v3.3,393de51ec9fec163,fermi,independent,20,0.05,1.32,-0.002414236745442267,1.4731840053405776e-10,6.155210678488984e-13,7.418984401261343e-06,1,0.0,"[0.5946917244519716,0.35463080192351776,0.05067747362451062]"
v3.3,393de51ec9fec163,fermi,independent,20,0.05,1.33,-0.0023907560179975904,1.4503859571690647e-10,4.092137462976451e-13,7.423917949605503e-06,1,0.0,"[0.5946858022367315,0.35463488231834345,0.05067931544492503]"
v3.3,393de51ec9fec163,fermi,independent,20,0.05,1.34,-0.002367261473309089,1.5251820986716957e-10,9.906124170713943e-14,7.428407024595813e-06,1,0.0,"[0.5946798743873843,0.35463895802854023,0.05068116758407537]"
v3.3,393de51ec9fec163,fermi,independent,20,0.05,1.35,-0.002343754864668833,1.3763750209005998e-10,2.511011453336005e-15,7.4324596324790874e-06,1,0.0,"[0.594673941254672,0.3546430287598557,0.050683029985472285]"
v3.3,393de51ec9fec163,fermi,independent,20,0.05,1.36,-0.0023202379210109335,7.272294572091553e-11,2.498309316362829e-15,7.436086328668869e-06,1,0.0,"[0.5946680031816964,0.3546470942255233,0.05068490259278026]"
v3.3,393de51ec9fec163,fermi,independent,20,0.05,1.37,-0.002296712334457173,1.4718673849167807e-10,9.909812646485733e-15,7.439295492481739e-06,1,0.0,"[0.5946620605055479,0.35465115414471887,0.05068678534973324]"
v3.3,393de51ec9fec163,fermi,independent,20,0.05,1.3800000000000001,-0.0022731797904366087,2.353222720852255e-10,2.5668954966319008e-15,7.442095228029465e-06,1,0.0,"[0.594656113557505,0.3546552082423672,0.05068867820012777]"
v3.3,393de51ec9fec163,fermi,independent,20,0.05,1.3900000000000001,-0.0022496419398408928,2.2465194635112873e-10,2.5907394074258637e-15,7.444493621097376e-06,1,0.0,"[0.5946501626630398,0.354659256249125,0.05069058108783529]"
v3.3,393de51ec9fec163,fermi,independent,20,0.05,1.4,-0.002226100411280081,1.4774214143753461e-10,3.126959744869743e-14,7.4464988806730345e-06,1,0.0,"[0.5946442081417195,0.35466329790147727,0.050692493956803246]"
v3.3,393de51ec9fec163,fermi,independent,inf,0.0,0.05,-0.004447733507838961,2.258761372386786e-10,2.3707893225071155e-17,0.0,1,0.0,"[0.5952060514993919,0.3542470555425059,0.05054689295810218]"
v3.3,393de51ec9fec163,fermi,independent,inf,0.0,0.060000000000000005,-0.00444773350784014,2.2587667847240311e-10,2.3707893225071152e-17,0.0,1,0.0,"[0.5952060514993919,0.3542470555425059,0.05054689295810218]"
v3.3,393de51ec9fec163,fermi,independent,inf,0.0,0.07,-0.004447733507841271,2.2587673398355435e-10,2.3707893225071158e-17,0.0,1,0.0,"[0.5952060514993919,0.3542470555425059,0.05054689295810218]"
v3.3,393de51ec9fec163,fermi,independent,inf,0.0,0.08,-0.004447733507842874,2.2587644255001038e-10,2.3707893225071155e-17,0.0,1,0.0,"[0.5952060514993919,0.3542470555425059,0.05054689295810218]"
v3.3,393de51ec9fec163,fermi,independent,inf,0.0,0.09,-0.004447733507844602,2.2587677561691777e-10,2.3707893225071152e-17,0.0,1,0.0,"[0.5952060514993919,0.3542470555425059,0.05054689295810218]"
v3.3,393de51ec9fec163,fermi,independent,inf,0.0,0.1,-0.004447733507846302,2.258770184782044e-10,2.3707893225071155e-17,0.0,1,0.0,"[0.5952060514993919,0.3542470555425059,0.05054689295810218]"
v3.3,393de51ec9fec163,fermi,independent,inf,0.0,0.11,-0.004447733507848564,2.25877191950552e-10,2.3707893225071155e-17,0.0,1,0.0,"[0.5952060514993919,0.3542470555425059,0.05054689295810218]"
v3.3,393de51ec9fec163,fermi,independent,inf,0.0,0.12000000000000001,-0.004447733507850722,2.2587749032298987e-10,2.3707893225071152e-17,0.0,1,0.0,"[0.5952060514993919,0.3542470555425059,0.05054689295810218]"
v3.3,393de51ec9fec163,fermi,independent,inf,0.0,0.13,-0.004447733507853338,2.2587786502326068e-10,2.3707893225071155e-17,0.0,1,0.0,"[0.5952060514993919,0.3542470555425059,0.05054689295810218]"
v3.3,393de51ec9fec163,fermi,independent,inf,0.0,0.14,-0.004447733507855982,2.2587845482924251e-10,2.3707893225071158e-17,0.0,1,0.0,"[0.5952060514993919,0.3542470555425059,0.05054689295810218]"
v3.3,393de51ec9fec163,fermi,independent,inf,0.0,0.15000000000000002,-0.004447733507858757,2.2587802461782047e-10,2.3707893225071155e-17,0.0,1,0.0,"[0.5952060514993919,0.3542470555425059,0.05054689295810218]"
v3.3,393de51ec9fec163,fermi,independent,inf,0.0,0.16,-0.004447733507861949,2.2587870462942305e-10,2.3707893225071155e-17,0.0,1,0.0,"[0.5952060514993919,0.3542470555425059,0.05054689295810218]"
v3.3,393de51ec9fec163,fermi,independent,inf,0.0,0.16999999999999998,-0.00444773350786519,2.2587891973513408e-10,2.3707893225071155e-17,0.0,1,0.0,"[0.5952060514993919,0.3542470555425059,0.05054689295810218]"
v3.3,393de51ec9fec163,fermi,independent,inf,0.0,0.18,-0.004447733507868756,2.2587934300766221e-10,2.3707893225071152e-17,0.0,1,0.0,"[0.5952060514993919,0.3542470555425059,0.05054689295810218]"
v3.3,393de51ec9fec163,fermi,independent,inf,0.0,0.19,-0.004447733507872337,2.2587962750231227e-10,2.3707893225071158e-17,0.0,1,0.0,"[0.5952060514993919,0.3542470555425059,0.05054689295810218]"
v3.3,393de51ec9fec163,fermi,independent,inf,0.0,0.2,-0.004447733507876132,2.2588023812497582e-10,2.3707893225071155e-17,0.0,1,0.0,"[0.5952060514993919,0.3542470555425059,0.05054689295810218]"
v3.3,393de51ec9fec163,fermi,independent,inf,0.0,0.21000000000000002,-0.004447733507880115,2.2588076548091252e-10,2.3707893225071158e-17,0.0,1,0.0,"[0.5952060514993919,0.3542470555425059,0.05054689295810218]"
v3.3,393de51ec9fec163,fermi,independent,inf,0.0,0.22000000000000003,-0.004447733507884334,2.258812720201675e-10,2.3707893225071155e-17,0.0,1,0.0,"[0.5952060514993919,0.3542470555425059,0.05054689295810218]"
v3.3,393de51ec9fec163,fermi,independent,inf,0.0,0.22999999999999998,-0.004447733507888921,2.2588124426459188e-10,2.3707893225071158e-17,0.0,1,0.0,"[0.5952060514993919,0.3542470555425059,0.05054689295810218]"
v3.3,393de51ec9fec163,fermi,independent,inf,0.0,0.24,-0.004447733507893632,2.258816328426505e-10,2.3707893225071158e-17,0.0,1,0.0,"[0.5952060514993919,0.3542470555425059,0.05054689295810218]"
v3.3,393de51ec9fec163,fermi,independent,inf,0.0,0.25,-0.004447733507898559,2.2588211162632987e-10,2.3707893225071155e-17,0.0,1,0.0,"[0.5952060514993919,0.3542470555425059,0.05054689295810218]"
v3.3,393de51ec9fec163,fermi,independent,inf,0.0,0.26,-0.004447733507903631,2.258828540879776e-10,2.3707893225071155e-17,0.0,1,0.0,"[0.5952060514993919,0.3542470555425059,0.05054689295810218]"
v3.3,393de51ec9fec163,fermi,independent,inf,0.0,0.27,-0.004447733507908724,2.2588324960493011e-10,2.3707893225071155e-17,0.0,1,0.0,"[0.5952060514993919,0.3542470555425059,0.05054689295810218]"
v3.3,393de51ec9fec163,fermi,independent,inf,0.0,0.28,-0.004447733507914248,2.2588406839441078e-10,2.3707893225071158e-17,0.0,1,0.0,"[0.5952060514993919,0.3542470555425059,0.05054689295810218]"
v3.3,393de51ec9fec163,fermi,independent,inf,0.0,0.29,-0.00444773350791991,2.2588404063883516e-10,2.3707893225071155e-17,0.0,1,0.0,"[0.5952060514993919,0.3542470555425059,0.05054689295810218]"
v3.3,393de51ec9fec163,fermi,independent,inf,0.0,0.3,-0.004447733507925711,2.2588544229540375e-10,2.3707893225071155e-17,0.0,1,0.0,"[0.5952060514993919,0.3542470555425059,0.05054689295810218]"
v3.3,393de51ec9fec163,fermi,independent,inf,0.0,0.31,-0.004447733507931831,2.2588558107328183e-10,2.3707893225071158e-17,0.0,1,0.0,"[0.5952060514993919,0.3542470555425059,0.05054689295810218]"
v3.3,393de51ec9fec163,fermi,independent,inf,0.0,0.32,-0.004447733507937944,2.2588626802377831e-10,2.3707893225071155e-17,0.0,1,0.0,"[0.5952060514993919,0.3542470555425059,0.05054689295810218]"
v3.3,393de51ec9fec163,fermi,independent,inf,0.0,0.33,-0.0044477335079443625,2.258867884408211e-10,2.3707893225071155e-17,0.0,1,0.0,"[0.5952060514993919,0.3542470555425059,0.05054689295810218]"
v3.3,393de51ec9fec163,fermi,independent,inf,0.0,0.33999999999999997,-0.004447733507951239,2.258876558025591e-10,2.3707893225071155e-17,0.0,1,0.0,"[0.5952060514993919,0.3542470555425059,0.05054689295810218]"
v3.3,393de51ec9fec163,fermi,independent,inf,0.0,0.35,-0.004447733507957907,2.2588841214199462e-10,2.3707893225071155e-17,0.0,1,0.0,"[0.5952060514993919,0.3542470555425059,0.05054689295810218]"
v3.3,393de51ec9fec163,fermi,independent,inf,0.0,0.36,-0.004447733507965117,2.258889048034618e-10,2.3707893225071152e-17,0.0,1,0.0,"[0.5952060514993919,0.3542470555425059,0.05054689295810218]"
v3.3,393de51ec9fec163,fermi,independent,inf,0.0,0.37,-0.004447733507972597,2.2588989012639615e-10,2.3707893225071155e-17,0.0,1,0.0,"[0.5952060514993919,0.3542470555425059,0.05054689295810218]"
v3.3,393de51ec9fec163,fermi,independent,inf,0.0,0.38,-0.004447733507979813,2.2589012604878889e-10,2.3707893225071158e-17,0.0,1,0.0,"[0.5952060514993919,0.3542470555425059,0.05054689295810218]"
v3.3,393de51ec9fec163,fermi,independent,inf,0.0,0.39,-0.004447733507987252,2.2589135423300988e-10,2.3707893225071155e-17,0.0,1,0.0,"[0.5952060514993919,0.3542470555425059,0.05054689295810218]"
v3.3,393de51ec9fec163,fermi,independent,inf,0.0,0.4,-0.004447733507995155,2.258920897557637e-10,2.3707893225071155e-17,0.0,1,0.0,"[0.5952060514993919,0.3542470555425059,0.05054689295810218]"
v3.3,393de51ec9fec163,fermi,independent,inf,0.0,0.41,-0.004447733508003288,2.2589304732312243e-10,2.3707893225071155e-17,0.0,1,0.0,"[0.5952060514993919,0.3542470555425059,0.05054689295810218]"
v3.3,393de51ec9fec163,fermi,independent,inf,0.0,0.42,-0.0044477335080114755,2.258938591737092e-10,2.3707893225071155e-17,0.0,1,0.0,"[0.5952060514993919,0.3542470555425059,0.05054689295810218]"
v3.3,393de51ec9fec163,fermi,independent,inf,0.0,0.43,-0.004447733508019892,2.2589448367416054e-10,2.3707893225071155e-17,0.0,1,0.0,"[0.5952060514993919,0.3542470555425059,0.05054689295810218]"
v3.3,393de51ec9fec163,fermi,independent,inf,0.0,0.44,-0.004447733508028379,2.258958436973657e-10,2.3707893225071155e-17,0.0,1,0.0,"[0.5952060514993919,0.3542470555425059,0.05054689295810218]"
v3.3,393de51ec9fec163,fermi,independent,inf,0.0,0.45,-0.004447733508037427,2.2589632248104508e-10,2.3707893225071158e-17,0.0,1,0.0,"[0.5952060514993919,0.3542470555425059,0.05054689295810218]"
v3.3,393de51ec9fec163,fermi,independent,inf,0.0,0.46,-0.004447733508046461,2.258972522928282e-10,2.3707893225071155e-17,0.0,1,0.0,"[0.5952060514993919,0.3542470555425059,0.05054689295810218]"
v3.3,393de51ec9fec163,fermi,independent,inf,0.0,0.47,-0.004447733508055621,2.2589841108811015e-10,2.3707893225071152e-17,0.0,1,0.0,"[0.5952060514993919,0.3542470555425059,0.05054689295810218]"
v3.3,393de51ec9fec163,fermi,independent,inf,0.0,0.48,-0.0044477335080651825,2.258992298775908e-10,2.3707893225071158e-17,0.0,1,0.0,"[0.5952060514993919,0.3542470555425059,0.05054689295810218]"
v3.3,393de51ec9fec163,fermi,independent,inf,0.0,0.49,-0.004447733508074772,2.2590033316172153e-10,2.3707893225071155e-17,0.0,1,0.0,"[0.5952060514993919,0.3542470555425059,0.05054689295810218]"
v3.3,393de51ec9fec163,fermi,independent,inf,0.0,0.5,-0.004447733508084563,2.259013531791254e-10,2.3707893225071155e-17,0.0,1,0.0,"[0.5952060514993919,0.3542470555425059,0.05054689295810218]"
v3.3,393de51ec9fec163,fermi,independent,inf,0.0,0.51,-0.004447733508094534,2.2590217890749997e-10,2.3707893225071155e-17,0.0,1,0.0,"[0.5952060514993919,0.3542470555425059,0.05054689295810218]"
v3.3,393de51ec9fec163,fermi,independent,inf,0.0,0.52,-0.004447733508104956,2.2590316423043433e-10,2.3707893225071155e-17,0.0,1,0.0,"[0.5952060514993919,0.3542470555425059,0.05054689295810218]"
v3.3,393de51ec9fec163,fermi,independent,inf,0.0,0.53,-0.004447733508115309,2.259043715979736e-10,2.3707893225071155e-17,0.0,1,0.0,"[0.5952060514993919,0.3542470555425059,0.05054689295810218]"
v3.3,393de51ec9fec163,fermi,independent,inf,0.0,0.54,-0.004447733508125648,2.2590548875989214e-10,2.3707893225071155e-17,0.0,1,0.0,"[0.5952060514993919,0.3542470555425059,0.05054689295810218]"
v3.3,393de51ec9fec163,fermi,independent,inf,0.0,0.55,-0.0044477335081367295,2.2590658510512895e-10,2.3707893225071155e-17,0.0,1,0.0,"[0.5952060514993919,0.3542470555425059,0.05054689295810218]"
v3.3,393de51ec9fec163,fermi,independent,inf,0.0,0.56,-0.004447733508147526,2.259075426724877e-10,2.3707893225071158e-17,0.0,1,0.0,"[0.5952060514993919,0.3542470555425059,0.05054689295810218]"
v3.3,393de51ec9fec163,fermi,independent,inf,0.0,0.5700000000000001,-0.004447733508158802,2.259084308509074e-10,2.3707893225071158e-17,0.0,1,0.0,"[0.5952060514993919,0.3542470555425059,0.05054689295810218]"
v3.3,393de51ec9fec163,fermi,independent,inf,0.0,0.5800000000000001,-0.004447733508170251,2.2590972148517352e-10,2.3707893225071155e-17,0.0,1,0.0,"[0.5952060514993919,0.3542470555425059,0.05054689295810218]"
v3.3,393de51ec9fec163,fermi,independent,inf,0.0,0.5900000000000001,-0.004447733508181957,2.259111023250604e-10,2.3707893225071155e-17,0.0,1,0.0,"[0.5952060514993919,0.3542470555425059,0.05054689295810218]"
v3.3,393de51ec9fec163,fermi,independent,inf,0.0,0.6000000000000001,-0.004447733508193663,2.2591205989241914e-10,2.3707893225071155e-17,0.0,1,0.0,"[0.5952060514993919,0.3542470555425059,0.05054689295810218]"
v3.3,393de51ec9fec163,fermi,independent,inf,0.0,0.6100000000000001,-0.0044477335082056466,2.2591344767119992e-10,2.3707893225071158e-17,0.0,1,0.0,"[0.5952060514993919,0.3542470555425059,0.05054689295810218]"
v3.3,393de51ec9fec163,fermi,independent,inf,0.0,0.6200000000000001,-0.004447733508217901,2.2591452319975502e-10,2.3707893225071158e-17,0.0,1,0.0,"[0.5952060514993919,0.3542470555425059,0.05054689295810218]"
v3.3,393de51ec9fec163,fermi,independent,inf,0.0,0.63,-0.004447733508230245,2.259162371065493e-10,2.3707893225071155e-17,0.0,1,0.0,"[0.5952060514993919,0.3542470555425059,0.05054689295810218]"
v3.3,393de51ec9fec163,fermi,independent,inf,0.0,0.64,-0.004447733508242777,2.259171391627568e-10,2.3707893225071155e-17,0.0,1,0.0,"[0.5952060514993919,0.3542470555425059,0.05054689295810218]"
v3.3,393de51ec9fec163,fermi,independent,inf,0.0,0.65,-0.00444773350825578,2.2591852694153758e-10,2.3707893225071155e-17,0.0,1,0.0,"[0.5952060514993919,0.3542470555425059,0.05054689295810218]"
v3.3,393de51ec9fec163,fermi,independent,inf,0.0,0.66,-0.004447733508268846,2.2591969961460734e-10,2.3707893225071155e-17,0.0,1,0.0,"[0.5952060514993919,0.3542470555425059,0.05054689295810218]"
v3.3,393de51ec9fec163,fermi,independent,inf,0.0,0.67,-0.004447733508281974,2.2592112902675154e-10,2.3707893225071155e-17,0.0,1,0.0,"[0.5952060514993919,0.3542470555425059,0.05054689295810218]"
v3.3,393de51ec9fec163,fermi,independent,inf,0.0,0.68,-0.004447733508295276,2.259228359946519e-10,2.3707893225071155e-17,0.0,1,0.0,"[0.5952060514993919,0.3542470555425059,0.05054689295810218]"
v3.3,393de51ec9fec163,fermi,independent,inf,0.0,0.6900000000000001,-0.004447733508308779,2.2592376580643503e-10,2.3707893225071152e-17,0.0,1,0.0,"[0.5952060514993919,0.3542470555425059,0.05054689295810218]"
v3.3,393de51ec9fec163,fermi,independent,inf,0.0,0.7000000000000001,-0.0044477335083224975,2.2592517440189752e-10,2.3707893225071155e-17,0.0,1,0.0,"[0.5952060514993919,0.3542470555425059,0.05054689295810218]"
v3.3,393de51ec9fec163,fermi,independent,inf,0.0,0.7100000000000001,-0.004447733508336625,2.2592688136979788e-10,2.3707893225071155e-17,0.0,1,0.0,"[0.5952060514993919,0.3542470555425059,0.05054689295810218]"
v3.3,393de51ec9fec163,fermi,independent,inf,0.0,0.7200000000000001,-0.004447733508350697,2.2592810261512497e-10,2.3707893225071155e-17,0.0,1,0.0,"[0.5952060514993919,0.3542470555425059,0.05054689295810218]"
v3.3,393de51ec9fec163,fermi,independent,inf,0.0,0.7300000000000001,-0.004447733508365262,2.2592951121058746e-10,2.3707893225071158e-17,0.0,1,0.0,"[0.5952060514993919,0.3542470555425059,0.05054689295810218]"
v3.3,393de51ec9fec163,fermi,independent,inf,0.0,0.7400000000000001,-0.0044477335083800695,2.2593104470614023e-10,2.3707893225071155e-17,0.0,1,0.0,"[0.5952060514993919,0.3542470555425059,0.05054689295810218]"
v3.3,393de51ec9fec163,fermi,independent,inf,0.0,0.7500000000000001,-0.004447733508394648,2.2593253656832957e-10,2.3707893225071155e-17,0.0,1,0.0,"[0.5952060514993919,0.3542470555425059,0.05054689295810218]"
v3.3,393de51ec9fec163,fermi,independent,inf,0.0,0.76,-0.0044477335084094835,2.2593375087476275e-10,2.3707893225071158e-17,0.0,1,0.0,"[0.5952060514993919,0.3542470555425059,0.05054689295810218]"
v3.3,393de51ec9fec163,fermi,independent,inf,0.0,0.77,-0.004447733508424957,2.2593540233151188e-10,2.3707893225071155e-17,0.0,1,0.0,"[0.5952060514993919,0.3542470555425059,0.05054689295810218]"
v3.3,393de51ec9fec163,fermi,independent,inf,0.0,0.78,-0.004447733508440056,2.259372064439269e-10,2.3707893225071155e-17,0.0,1,0.0,"[0.5952060514993919,0.3542470555425059,0.05054689295810218]"
v3.3,393de51ec9fec163,fermi,independent,inf,0.0,0.79,-0.004447733508455835,2.259384762615113e-10,2.3707893225071152e-17,0.0,1,0.0,"[0.5952060514993919,0.3542470555425059,0.05054689295810218]"
v3.3,393de51ec9fec163,fermi,independent,inf,0.0,0.8,-0.0044477335084715935,2.259403983351227e-10,2.3707893225071155e-17,0.0,1,0.0,"[0.5952060514993919,0.3542470555425059,0.05054689295810218]"
v3.3,393de51ec9fec163,fermi,independent,inf,0.0,0.81,-0.004447733508487553,2.2594160570266197e-10,2.3707893225071155e-17,0.0,1,0.0,"[0.5952060514993919,0.3542470555425059,0.05054689295810218]"
v3.3,393de51ec9fec163,fermi,independent,inf,0.0,0.8200000000000001,-0.0044477335085036235,2.259437914542417e-10,2.3707893225071155e-17,0.0,1,0.0,"[0.5952060514993919,0.3542470555425059,0.05054689295810218]"
v3.3,393de51ec9fec163,fermi,independent,inf,0.0,0.8300000000000001,-0.0044477335085199785,2.259453804609457e-10,2.3707893225071155e-17,0.0,1,0.0,"[0.5952060514993919,0.3542470555425059,0.05054689295810218]"
v3.3,393de51ec9fec163,fermi,independent,inf,0.0,0.8400000000000001,-0.004447733508536653,2.2594692089539237e-10,2.3707893225071158e-17,0.0,1,0.0,"[0.5952060514993919,0.3542470555425059,0.05054689295810218]"
v3.3,393de51ec9fec163,fermi,independent,inf,0.0,0.8500000000000001,-0.004447733508553285,2.2594862092439882e-10,2.3707893225071155e-17,0.0,1,0.0,"[0.5952060514993919,0.3542470555425059,0.05054689295810218]"
v3.3,393de51ec9fec163,fermi,independent,inf,0.0,0.8600000000000001,-0.00444773350857023,2.2595028625893576e-10,2.3707893225071155e-17,0.0,1,0.0,"[0.5952060514993919,0.3542470555425059,0.05054689295810218]"
v3.3,393de51ec9fec163,fermi,independent,inf,0.0,0.8700000000000001,-0.004447733508587584,2.2595191689900318e-10,2.3707893225071158e-17,0.0,1,0.0,"[0.5952060514993919,0.3542470555425059,0.05054689295810218]"
v3.3,393de51ec9fec163,fermi,independent,inf,0.0,0.8800000000000001,-0.004447733508604987,2.259539014226597e-10,2.3707893225071155e-17,0.0,1,0.0,"[0.5952060514993919,0.3542470555425059,0.05054689295810218]"
v3.3,393de51ec9fec163,fermi,independent,inf,0.0,0.89,-0.004447733508622431,2.2595545573489417e-10,2.3707893225071158e-17,0.0,1,0.0,"[0.5952060514993919,0.3542470555425059,0.05054689295810218]"
v3.3,393de51ec9fec163,fermi,independent,inf,0.0,0.9,-0.004447733508640181,2.2595725290841528e-10,2.3707893225071158e-17,0.0,1,0.0,"[0.5952060514993919,0.3542470555425059,0.05054689295810218]"
v3.3,393de51ec9fec163,fermi,independent,inf,0.0,0.91,-0.004447733508658194,2.2595937620994988e-10,2.3707893225071152e-17,0.0,1,0.0,"[0.5952060514993919,0.3542470555425059,0.05054689295810218]"
v3.3,393de51ec9fec163,fermi,independent,inf,0.0,0.92,-0.004447733508676138,2.25961173383471e-10,2.3707893225071155e-17,0.0,1,0.0,"[0.5952060514993919,0.3542470555425059,0.05054689295810218]"
v3.3,393de51ec9fec163,fermi,independent,inf,0.0,0.93,-0.004447733508694492,2.2596304688482505e-10,2.3707893225071155e-17,0.0,1,0.0,"[0.5952060514993919,0.3542470555425059,0.05054689295810218]"
v3.3,393de51ec9fec163,fermi,independent,inf,0.0,0.9400000000000001,-0.004447733508713254,2.2596485099724006e-10,2.3707893225071155e-17,0.0,1,0.0,"[0.5952060514993919,0.3542470555425059,0.05054689295810218]"
v3.3,393de51ec9fec163,fermi,independent,inf,0.0,0.9500000000000001,-0.004447733508732017,2.2596656490403433e-10,2.3707893225071155e-17,0.0,1,0.0,"[0.5952060514993919,0.3542470555425059,0.05054689295810218]"
v3.3,393de51ec9fec163,fermi,independent,inf,0.0,0.9600000000000001,-0.0044477335087509395,2.259684800387518e-10,2.3707893225071152e-17,0.0,1,0.0,"[0.5952060514993919,0.3542470555425059,0.05054689295810218]"
v3.3,393de51ec9fec163,fermi,independent,inf,0.0,0.9700000000000001,-0.004447733508770098,2.2597082538489133e-10,2.3707893225071155e-17,0.0,1,0.0,"[0.5952060514993919,0.3542470555425059,0.05054689295810218]"
v3.3,393de51ec9fec163,fermi,independent,inf,0.0,0.9800000000000001,-0.004447733508789499,2.2597235194155019e-10,2.3707893225071155e-17,0.0,1,0.0,"[0.5952060514993919,0.3542470555425059,0.05054689295810218]"
v3.3,393de51ec9fec163,fermi,independent,inf,0.0,0.9900000000000001,-0.0044477335088089764,2.2597446136529697e-10,2.3707893225071155e-17,0.0,1,0.0,"[0.5952060514993919,0.3542470555425059,0.05054689295810218]"
v3.3,393de51ec9fec163,fermi,independent,inf,0.0,1.0,-0.004447733508828697,2.2597639731669616e-10,2.3707893225071155e-17,0.0,1,0.0,"[0.5952060514993919,0.3542470555425059,0.05054689295810218]"
v3.3,393de51ec9fec163,fermi,independent,inf,0.0,1.01,-0.004447733508848584,2.2597847204597343e-10,2.3707893225071155e-17,0.0,1,0.0,"[0.5952060514993919,0.3542470555425059,0.05054689295810218]"
v3.3,393de51ec9fec163,fermi,independent,inf,0.0,1.02,-0.004447733508868713,2.2598029697507016e-10,2.3707893225071155e-17,0.0,1,0.0,"[0.5952060514993919,0.3542470555425059,0.05054689295810218]"
v3.3,393de51ec9fec163,fermi,independent,inf,0.0,1.03,-0.004447733508889044,2.2598264232120968e-10,2.3707893225071155e-17,0.0,1,0.0,"[0.5952060514993919,0.3542470555425059,0.05054689295810218]"
v3.3,393de51ec9fec163,fermi,independent,inf,0.0,1.04,-0.004447733508909653,2.2598468929491133e-10,2.3707893225071155e-17,0.0,1,0.0,"[0.5952060514993919,0.3542470555425059,0.05054689295810218]"
v3.3,393de51ec9fec163,fermi,independent,inf,0.0,1.05,-0.004447733508930421,2.2598670157414347e-10,2.3707893225071155e-17,0.0,1,0.0,"[0.5952060514993919,0.3542470555425059,0.05054689295810218]"
v3.3,393de51ec9fec163,fermi,independent,inf,0.0,1.06,-0.0044477335089513695,2.2598879018120854e-10,2.3707893225071155e-17,0.0,1,0.0,"[0.5952060514993919,0.3542470555425059,0.05054689295810218]"
v3.3,393de51ec9fec163,fermi,independent,inf,0.0,1.07,-0.004447733508972526,2.2599115634402978e-10,2.3707893225071155e-17,0.0,1,0.0,"[0.5952060514993919,0.3542470555425059,0.05054689295810218]"
v3.3,393de51ec9fec163,fermi,independent,inf,0.0,1.08,-0.004447733508993967,2.259931755621558e-10,2.3707893225071155e-17,0.0,1,0.0,"[0.5952060514993919,0.3542470555425059,0.05054689295810218]"
v3.3,393de51ec9fec163,fermi,independent,inf,0.0,1.09,-0.004447733509015367,2.2599552784718924e-10,2.3707893225071155e-17,0.0,1,0.0,"[0.5952060514993919,0.3542470555425059,0.05054689295810218]"
v3.3,393de51ec9fec163,fermi,independent,inf,0.0,1.1,-0.004447733509037093,2.2599766502651164e-10,2.3707893225071155e-17,0.0,1,0.0,"[0.5952060514993919,0.3542470555425059,0.05054689295810218]"
v3.3,393de51ec9fec163,fermi,independent,inf,0.0,1.11,-0.0044477335090590195,2.259999132281365e-10,2.3707893225071155e-17,0.0,1,0.0,"[0.5952060514993919,0.3542470555425059,0.05054689295810218]"
v3.3,393de51ec9fec163,fermi,independent,inf,0.0,1.12,-0.004447733509081037,2.2600206428524672e-10,2.3707893225071158e-17,0.0,1,0.0,"[0.5952060514993919,0.3542470555425059,0.05054689295810218]"
v3.3,393de51ec9fec163,fermi,independent,inf,0.0,1.1300000000000001,-0.004447733509103553,2.2600411125894837e-10,2.3707893225071155e-17,0.0,1,0.0,"[0.5952060514993919,0.3542470555425059,0.05054689295810218]"
v3.3,393de51ec9fec163,fermi,independent,inf,0.0,1.1400000000000001,-0.00444773350912591,2.2600637333836104e-10,2.3707893225071158e-17,0.0,1,0.0,"[0.5952060514993919,0.3542470555425059,0.05054689295810218]"
v3.3,393de51ec9fec163,fermi,independent,inf,0.0,1.1500000000000001,-0.004447733509148628,2.260087880734396e-10,2.3707893225071155e-17,0.0,1,0.0,"[0.5952060514993919,0.3542470555425059,0.05054689295810218]"
v3.3,393de51ec9fec163,fermi,independent,inf,0.0,1.1600000000000001,-0.004447733509171499,2.2601112648068522e-10,2.3707893225071155e-17,0.0,1,0.0,"[0.5952060514993919,0.3542470555425059,0.05054689295810218]"
v3.3,393de51ec9fec163,fermi,independent,inf,0.0,1.1700000000000002,-0.004447733509194696,2.2601333304894666e-10,2.3707893225071155e-17,0.0,1,0.0,"[0.5952060514993919,0.3542470555425059,0.05054689295810218]"
v3.3,393de51ec9fec163,fermi,independent,inf,0.0,1.1800000000000002,-0.004447733509217906,2.2601547716716297e-10,2.3707893225071155e-17,0.0,1,0.0,"[0.5952060514993919,0.3542470555425059,0.05054689295810218]"
v3.3,393de51ec9fec163,fermi,independent,inf,0.0,1.1900000000000002,-0.004447733509241429,2.2601808619127084e-10,2.3707893225071155e-17,0.0,1,0.0,"[0.5952060514993919,0.3542470555425059,0.05054689295810218]"
v3.3,393de51ec9fec163,fermi,independent,inf,0.0,1.2000000000000002,-0.004447733509265361,2.2602036214847132e-10,2.3707893225071155e-17,0.0,1,0.0,"[0.5952060514993919,0.3542470555425059,0.05054689295810218]"
v3.3,393de51ec9fec163,fermi,independent,inf,0.0,1.21,-0.004447733509289252,2.2602277688354988e-10,2.3707893225071155e-17,0.0,1,0.0,"[0.5952060514993919,0.3542470555425059,0.05054689295810218]"
v3.3,393de51ec9fec163,fermi,independent,inf,0.0,1.22,-0.0044477335093132744,2.2602553162442973e-10,2.3707893225071155e-17,0.0,1,0.0,"[0.5952060514993919,0.3542470555425059,0.05054689295810218]"
v3.3,393de51ec9fec163,fermi,independent,inf,0.0,1.23,-0.004447733509337581,2.2602791166503877e-10,2.3707893225071155e-17,0.0,1,0.0,"[0.5952060514993919,0.3542470555425059,0.05054689295810218]"
v3.3,393de51ec9fec163,fermi,independent,inf,0.0,1.24,-0.004447733509362083,2.2603072885596376e-10,2.3707893225071158e-17,0.0,1,0.0,"[0.5952060514993919,0.3542470555425059,0.05054689295810218]"
v3.3,393de51ec9fec163,fermi,independent,inf,0.0,1.25,-0.004447733509387049,2.2603272031851418e-10,2.3707893225071155e-17,0.0,1,0.0,"[0.5952060514993919,0.3542470555425059,0.05054689295810218]"
v3.3,393de51ec9fec163,fermi,independent,inf,0.0,1.26,-0.00444773350941173,2.260352530147891e-10,2.3707893225071155e-17,0.0,1,0.0,"[0.5952060514993919,0.3542470555425059,0.05054689295810218]"
v3.3,393de51ec9fec163,fermi,independent,inf,0.0,1.27,-0.004447733509436884,2.2603777183327622e-10,2.3707893225071155e-17,0.0,1,0.0,"[0.5952060514993919,0.3542470555425059,0.05054689295810218]"
v3.3,393de51ec9fec163,fermi,independent,inf,0.0,1.28,-0.004447733509462176,2.2604024207950602e-10,2.3707893225071155e-17,0.0,1,0.0,"[0.5952060514993919,0.3542470555425059,0.05054689295810218]"
v3.3,393de51ec9fec163,fermi,independent,inf,0.0,1.29,-0.004447733509487614,2.2604272620352361e-10,2.3707893225071152e-17,0.0,1,0.0,"[0.5952060514993919,0.3542470555425059,0.05054689295810218]"
v3.3,393de51ec9fec163,fermi,independent,inf,0.0,1.3,-0.004447733509513212,2.260455295166608e-10,2.3707893225071155e-17,0.0,1,0.0,"[0.5952060514993919,0.3542470555425059,0.05054689295810218]"
v3.3,393de51ec9fec163,fermi,independent,inf,0.0,1.31,-0.004447733509539226,2.2604827037975284e-10,2.3707893225071155e-17,0.0,1,0.0,"[0.5952060514993919,0.3542470555425059,0.05054689295810218]"
v3.3,393de51ec9fec163,fermi,independent,inf,0.0,1.32,-0.004447733509565316,2.2605064348146797e-10,2.3707893225071155e-17,0.0,1,0.0,"[0.5952060514993919,0.3542470555425059,0.05054689295810218]"
v3.3,393de51ec9fec163,fermi,independent,inf,0.0,1.33,-0.004447733509591517,2.2605344679460515e-10,2.3707893225071155e-17,0.0,1,0.0,"[0.5952060514993919,0.3542470555425059,0.05054689295810218]"
v3.3,393de51ec9fec163,fermi,independent,inf,0.0,1.34,-0.004447733509617961,2.260561945965911e-10,2.3707893225071155e-17,0.0,1,0.0,"[0.5952060514993919,0.3542470555425059,0.05054689295810218]"
v3.3,393de51ec9fec163,fermi,independent,inf,0.0,1.35,-0.004447733509644669,2.2605901178751608e-10,2.3707893225071155e-17,0.0,1,0.0,"[0.5952060514993919,0.3542470555425059,0.05054689295810218]"
v3.3,393de51ec9fec163,fermi,independent,inf,0.0,1.36,-0.0044477335096717655,2.2606184285622888e-10,2.3707893225071155e-17,0.0,1,0.0,"[0.5952060514993919,0.3542470555425059,0.05054689295810218]"
v3.3,393de51ec9fec163,fermi,independent,inf,0.0,1.37,-0.004447733509698772,2.2606429228577696e-10,2.3707893225071158e-17,0.0,1,0.0,"[0.5952060514993919,0.3542470555425059,0.05054689295810218]"
v3.3,393de51ec9fec163,fermi,independent,inf,0.0,1.3800000000000001,-0.004447733509726097,2.2606708866002023e-10,2.3707893225071152e-17,0.0,1,0.0,"[0.5952060514993919,0.3542470555425059,0.05054689295810218]"
v3.3,393de51ec9fec163,fermi,independent,inf,0.0,1.3900000000000001,-0.004447733509753693,2.260698711564757e-10,2.3707893225071155e-17,0.0,1,0.0,"[0.5952060514993919,0.3542470555425059,0.05054689295810218]"
v3.3,393de51ec9fec163,fermi,independent,inf,0.0,1.4,-0.004447733509781289,2.2607261201956774e-10,2.3707893225071155e-17,0.0,1,0.0,"[0.5952060514993919,0.3542470555425059,0.05054689295810218]"
v3.3,393de51ec9fec163,fermi,common,1,1.0,0.05,-0.004461504026220378,1.640655111767586e-10,3.587303894604287e-14,0.0,1,0.0,"[0.5945552921588512,0.3546139253296227,0.05083078251152605]"
v3.3,393de51ec9fec163,fermi,common,1,1.0,0.060000000000000005,-0.0044673092495341946,7.263695200876441e-11,2.206437312409477e-13,0.00035011849711739294,1,0.0,"[0.5942701820575803,0.3547745262558769,0.05095529168654282]"
v3.3,393de51ec9fec163,fermi,common,1,1.0,0.07,-0.004473972189956987,1.6818216264091745e-10,1.022906356936533e-12,0.00041258789640725687,1,0.0,"[0.5939341929417327,0.35496368379220217,0.05110212326606522]"
v3.3,393de51ec9fec163,fermi,common,1,1.0,0.08,-0.004481396272111596,2.396491824430136e-10,3.853616988774861e-12,0.0004744700008148497,1,0.0,"[0.5935477988845801,0.35518108031012263,0.05127112080529723]"
v3.3,393de51ec9fec163,fermi,common,1,1.0,0.09,-0.004489471853275702,1.203576543984397e-10,1.2387538405700587e-11,0.0005356797496359921,1,0.0,"[0.5931115426951465,0.35542635246442406,0.051462104840429325]"
v3.3,393de51ec9fec163,fermi,common,1,1.0,0.1,-0.004498076697810008,2.020863407170559e-10,3.0640688870736545e-13,0.0005961344163390819,1,0.0,"[0.5926260340651422,0.3556990925896615,0.05167487334519628]"
v3.3,393de51ec9fec163,fermi,common,1,1.0,0.11,-0.004507077385065582,1.3948024679688587e-10,6.596205393394644e-13,0.0006557534171217706,1,0.0,"[0.5920919478664616,0.3559988499262327,0.05190920220730556]"
v3.3,393de51ec9fec163,fermi,common,1,1.0,0.12000000000000001,-0.004516329509723818,2.181097177866853e-10,1.331768525143395e-12,0.0007144592732890168,1,0.0,"[0.5915100216843582,0.3563251324953558,0.05216484582028595]"
v3.3,393de51ec9fec163,fermi,common,1,1.0,0.13,-0.004525678966463595,1.88775363396676e-10,2.54549666432214e-12,0.0007721772420657653,1,0.0,"[0.5908810536415691,0.3566774086779041,0.05244153768052677]"
v3.3,393de51ec9fec163,fermi,common,1,1.0,0.14,-0.004534962903985182,2.2100561658522366e-10,4.639856361417102e-12,0.0008288357893873194,1,0.0,"[0.5902058998456928,0.3570551090953795,0.05273899105892765]"
v3.3,393de51ec9fec163,fermi,common,1,1.0,0.15000000000000002,-0.004544010743412555,2.1071040745557212e-10,8.112611825469712e-12,0.0008843667424817289,1,0.0,"[0.5894854717134147,0.3574576285662625,0.05305689972032283]"
v3.3,393de51ec9fec163,fermi,common,1,1.0,0.16,-0.004552645293089519,6.499779187096877e-11,1.367149343461584e-11,0.000938705470145769,1,0.0,"[0.5887207331494039,0.35788432815817883,0.05339493869241731]"
v3.3,393de51ec9fec163,fermi,common,1,1.0,0.16999999999999998,-0.004560683814805823,1.4150215721375758e-10,2.2293909286362392e-11,0.0009917910445675594,1,0.0,"[0.5879126975943149,0.3583345373237328,0.053752765081952196]"
v3.3,393de51ec9fec163,fermi,common,1,1.0,0.18,-0.004567939052200591,1.3785626112872151e-10,1.1153405034366851e-13,0.0010435665106261344,1,0.0,"[0.5870624248562634,0.35880755619734,0.054130018946396574]"
v3.3,393de51ec9fec163,fermi,common,1,1.0,0.19,-0.004574221051607742,2.2029629509479065e-10,1.3799829778751764e-13,0.001093978443901882,1,0.0,"[0.5861710182909295,0.35930265755001756,0.05452632415905294]"
v3.3,393de51ec9fec163,fermi,common,1,1.0,0.2,-0.0045793373605820045,7.830666670649578e-11,1.6778233463562044e-13,0.001142978077230559,1,0.0,"[0.585239621083535,0.3598190895160919,0.05494128940037313]"
v3.3,393de51ec9fec163,fermi,common,1,1.0,0.21000000000000002,-0.004583094805647815,1.276557540230705e-10,2.006733656033698e-13,0.0011905204471220163,1,0.0,"[0.5842694132063433,0.36035607768913475,0.055374509104522004]"
v3.3,393de51ec9fec163,fermi,common,1,1.0,0.22000000000000003,-0.0045853005004940495,1.3008622651300428e-10,2.364209923833887e-13,0.0012365648881075095,1,0.0,"[0.5832616079803574,0.3609128275452616,0.055825564474380994]"
v3.3,393de51ec9fec163,fermi,common,1,1.0,0.22999999999999998,-0.004585762977393298,6.092329418727616e-11,2.8103224165462145e-13,0.0012810749947410427,1,0.0,"[0.5822174486643167,0.361488526818344,0.05629402451733933]"
v3.3,393de51ec9fec163,fermi,common,1,1.0,0.24,-0.004584293277163663,6.413963110629695e-11,4.458197349401528e-13,0.0013240186433950345,1,0.0,"[0.581138205023521,0.36208234787194993,0.05677944710452908]"
v3.3,393de51ec9fec163,fermi,common,1,1.0,0.25,-0.004580706089415666,5.7236888839629074e-11,6.915403697070413e-13,0.0013653679958980014,1,0.0,"[0.5800251698930106,0.3626934500577359,0.05728138004925355]"
v3.3,393de51ec9fec163,fermi,common,1,1.0,0.26,-0.004574820701842723,5.142742481867302e-11,1.050508572728195e-12,0.001405099480943061,1,0.0,"[0.5788796557529143,0.3633209820472538,0.057799362199831866]"
v3.3,393de51ec9fec163,fermi,common,1,1.0,0.27,-0.004566462015053105,1.3319416403145823e-10,1.5647459966852634e-12,0.0014431937595286177,1,0.0,"[0.5777029913288355,0.36396408412876197,0.058332924542402534]"
v3.3,393de51ec9fec163,fermi,common,1,1.0,0.28,-0.004555461507509781,5.722762541626736e-11,2.288563142131936e-12,0.001479635671214712,1,0.0,"[0.5764965182327425,0.3646218904584494,0.05888159130880808]"
v3.3,393de51ec9fec163,fermi,common,1,1.0,0.29,-0.004541658017203673,1.1891870127511694e-10,3.2902986973230596e-12,0.0015144141635028109,1,0.0,"[0.5752615876580288,0.3652935312572196,0.05944488108475167]"
v3.3,393de51ec9fec163,fermi,common,1,1.0,0.3,-0.004524898630790301,1.0115604187621585e-10,4.654930063171124e-12,0.001547522205040218,1,0.0,"[0.5739995571418759,0.3659781349447409,0.060022307913383255]"
v3.3,393de51ec9fec163,fermi,common,1,1.0,0.31,-0.0045050393553609375,1.3762142120343768e-10,6.4866869018733285e-12,0.0015789566836920815,1,0.0,"[0.5727117874072466,0.3666748302032448,0.060613382389508606]"
v3.3,393de51ec9fec163,fermi,common,1,1.0,0.32,-0.004481945761085966,1.2040067554064393e-10,6.558855613674737e-13,0.001608718318314823,1,0.0,"[0.5713996392737546,0.3673827479838901,0.06121761274235542]"
v3.3,393de51ec9fec163,fermi,common,1,1.0,0.33,-0.004455493717098295,9.962019403841893e-11,6.924977794093551e-13,0.0016368114016844105,1,0.0,"[0.5700644707729414,0.36810102333972267,0.06183450588733597]"
v3.3,393de51ec9fec163,fermi,common,1,1.0,0.33999999999999997,-0.004425569675410468,1.9076535490158975e-10,7.261829245419946e-13,0.0016632438989667968,1,0.0,"[0.5687076341833471,0.36882879733914287,0.0624635684775099]"
v3.3,393de51ec9fec163,fermi,common,1,1.0,0.35,-0.004392071242939201,1.438014429755441e-10,7.566967441298959e-13,0.0016880270734980786,1,0.0,"[0.567330473364368,0.36956521872931586,0.06310430790631617]"
v3.3,393de51ec9fec163,fermi,common,1,1.0,0.36,-0.0043549074994301135,6.346195097206575e-11,7.836977006659714e-13,0.0017111754320379177,1,0.0,"[0.5659343211331965,0.3703094455778456,0.0637562332889578]"
v3.3,393de51ec9fec163,fermi,common,1,1.0,0.37,-0.004313999236523883,1.0558305618690866e-10,8.070215094495351e-13,0.0017327065375115245,1,0.0,"[0.5645204967912814,0.3710606468018934,0.0644188564068253]"
v3.3,393de51ec9fec163,fermi,common,1,1.0,0.38,-0.004269279215127625,1.5486018023480597e-10,8.265151437672817e-13,0.001752640835176404,1,0.0,"[0.5630903037898043,0.3718180035967441,0.06509169261345163]"
v3.3,393de51ec9fec163,fermi,common,1,1.0,0.39,-0.004220692230160604,9.577131449001186e-11,8.42195283145006e-13,0.0017710014737086347,1,0.0,"[0.5616450275384904,0.37258071076257276,0.06577426169893671]"
v3.3,393de51ec9fec163,fermi,common,1,1.0,0.4,-0.004168195167383662,1.172023728068794e-10,8.539531945826756e-13,0.0017878141225014014,1,0.0,"[0.5601859333610144,0.37334797792884683,0.06646608871013877]"
v3.3,393de51ec9fec163,fermi,common,1,1.0,0.41,-0.004111756990190736,1.6570198685395e-10,8.618358520123603e-13,0.0018031067864191896,1,0.0,"[0.5587142645992518,0.37411903067644914,0.0671667047242991]"
v3.3,393de51ec9fec163,fermi,common,1,1.0,0.42,-0.0040513586197494025,1.7892948928066588e-10,8.660508360659043e-13,0.0018169096192173536,1,0.0,"[0.5572312408676359,0.37489311155821226,0.0678756475741519]"
v3.3,393de51ec9fec163,fermi,common,1,1.0,0.43,-0.0039869928066142354,6.129349111594351e-11,8.666905124832036e-13,0.0018292547367757474,1,0.0,"[0.5557380564579348,0.37566948101910813,0.06859246252295706]"
v3.3,393de51ec9fec163,fermi,common,1,1.0,0.44,-0.00391866389442444,1.9056659028571232e-10,8.638722355969695e-13,0.001840176031233623,1,0.0,"[0.5542358788938705,0.3764474182178461,0.06931670288828348]"
v3.3,393de51ec9fec163,fermi,common,1,1.0,0.45,-0.0038463875404687806,1.0003561867755195e-10,8.577806385696365e-13,0.0018497089870452735,1,0.0,"[0.5527258476341574,0.37722622175208925,0.07004793061375336]"
v3.3,393de51ec9fec163,fermi,common,1,1.0,0.46,-0.003770190414566721,4.723516022764329e-11,8.488467121351199e-13,0.0018578904999007114,1,0.0,"[0.5512090729217598,0.37800521028990697,0.07078571678833309]"
v3.3,393de51ec9fec163,fermi,common,1,1.0,0.47,-0.003690109758195649,5.287289356337155e-11,8.371148055996175e-13,0.0018647586993785067,1,0.0,"[0.5496866347764423,0.3787837231104382,0.07152964211311952]"
v3.3,393de51ec9fec163,fermi,common,1,1.0,0.48,-0.0036061930900572817,1.1900932322950197e-10,8.230198466096413e-13,0.0018703527761048673,1,0.0,"[0.5481595821270471,0.37956112055704044,0.07227929731591241]"
v3.3,393de51ec9fec163,fermi,common,1,1.0,0.49,-0.0035184976406669316,1.2934541632203533e-10,8.066842196749763e-13,0.0018747128141291865,1,0.0,"[0.5466289320793372,0.38033678440647056,0.07303428351419226]"
v3.3,393de51ec9fec163,fermi,common,1,1.0,0.5,-0.0034270899255024884,1.320197215437524e-10,7.884329889056374e-13,0.0018778796291169966,1,0.0,"[0.54509566931474,0.381110118157837,0.07379421252742299]"
v3.3,393de51ec9fec163,fermi,common,1,1.0,0.51,-0.003332045211216078,5.84385179136504e-11,7.685755138966814e-13,0.0018798946128978282,1,0.0,"[0.5435607456148761,0.38188054724524756,0.0745587071398764]"
v3.3,393de51ec9fec163,fermi,common,1,1.0,0.52,-0.0032334470073597243,1.6779837241909235e-10,7.47289735352803e-13,0.0018807995848074779,1,0.0,"[0.542025079506385,0.3826475191781872,0.07532740131542781]"
v3.3,393de51ec9fec163,fermi,common,1,1.0,0.53,-0.003131386486590046,6.93166912757448e-11,7.248697583423378e-13,0.0018806366501873887,1,0.0,"[0.5404895560202531,0.38341050361375434,0.07609994036599256]"
v3.3,393de51ec9fec163,fermi,common,1,1.0,0.54,-0.0030259619499764315,1.07480503663826e-10,7.01606358185908e-13,0.0018794480663310124,1,0.0,"[0.5389550265596007,0.384168992364928,0.07687598107547136]"
v3.3,393de51ec9fec163,fermi,common,1,1.0,0.55,-0.002917278229424579,9.241005183291406e-11,6.77629721947657e-13,0.0018772761160819873,1,0.0,"[0.5374223088697093,0.38492249934905615,0.07765519178123459]"
v3.3,393de51ec9fec163,fermi,common,1,1.0,0.56,-0.0028054461363955716,1.2967078105718954e-10,3.115424771877679e-12,0.0018741629820701606,1,0.0,"[0.535892187109813,0.38567056047606385,0.07843725241412305]"
v3.3,393de51ec9fec163,fermi,common,1,1.0,0.5700000000000001,-0.0026905818388154104,1.5037883438484556e-10,5.591732141376747e-12,0.0018701506644996006,1,0.0,"[0.5343654119909834,0.3864127335037557,0.0792218545052609]"
v3.3,393de51ec9fec163,fermi,common,1,1.0,0.5800000000000001,-0.002572806335742854,4.8572305899607926e-11,8.162403858620171e-12,0.0018652808354863277,1,0.0,"[0.5328427010321488,0.3871485978180347,0.08000870114981644]"
v3.3,393de51ec9fec163,fermi,common,1,1.0,0.5900000000000001,-0.002452244816352332,5.1174460502512176e-11,5.788136770008216e-13,0.0018595948022745218,1,0.0,"[0.5313247388449407,0.38787775420748494,0.08079750694757443]"
v3.3,393de51ec9fec163,fermi,common,1,1.0,0.6000000000000001,-0.002329026247974153,9.280796964272753e-11,5.541874043611283e-13,0.001853133272949168,1,0.0,"[0.5298121776098452,0.3885998245017281,0.08158799788842662]"
v3.3,393de51ec9fec163,fermi,common,1,1.0,0.6100000000000001,-0.002203282655714074,8.745895674344695e-11,5.299090849888302e-13,0.001845936540353278,1,0.0,"[0.5283056373995,0.38931445134791015,0.08237991125258978]"
v3.3,393de51ec9fec163,fermi,common,1,1.0,0.6200000000000001,-0.002075148665750551,1.3140528248856143e-10,5.059540109558425e-13,0.0018380441617210786,1,0.0,"[0.5268057067642627,0.39002129779116945,0.08317299544456781]"
v3.3,393de51ec9fec163,fermi,common,1,1.0,0.63,-0.0019447609857139864,4.568114636560594e-11,4.825637456453001e-13,0.0018294950100999341,1,0.0,"[0.5253129432740583,0.3907200469032909,0.08396700982265094]"
v3.3,393de51ec9fec163,fermi,common,1,1.0,0.64,-0.001812257905229868,4.3801830218459514e-11,4.597065464088042e-13,0.001820327194460846,1,0.0,"[0.5238278741246302,0.3914104013715517,0.0847617245038182]"
v3.3,393de51ec9fec163,fermi,common,1,1.0,0.65,-0.0016777787777434508,7.8207072762293e-11,4.375182844602572e-13,0.0018105780083057183,1,0.0,"[0.5223509967847735,0.39209208306531346,0.08555692014991308]"
v3.3,393de51ec9fec163,fermi,common,1,1.0,0.66,-0.001541463641481354,4.4596978887589955e-11,4.15957312043133e-13,0.0018002838846929393,1,0.0,"[0.5208827796792999,0.3927648325833575,0.08635238773734281]"
v3.3,393de51ec9fec163,fermi,common,1,1.0,0.67,-0.0014034526751108486,1.303210386827125e-10,3.951458874044122e-13,0.001789480357366956,1,0.0,"[0.5194236629027437,0.3934284087847939,0.08714792831246243]"
v3.3,393de51ec9fec163,fermi,common,1,1.0,0.68,-0.001263885892789883,1.3906700790933257e-10,3.7501265222019113e-13,0.0017782020276890529,1,0.0,"[0.51797405895907,0.3940825883062128,0.08794335273471723]"
v3.3,393de51ec9fec163,fermi,common,1,1.0,0.6900000000000001,-0.0011229026786821542,4.3801899607398553e-11,3.557040217476949e-13,0.0017664825370383773,1,0.0,"[0.5165343535229148,0.39472716506757366,0.08873848140951153]"
v3.3,393de51ec9fec163,fermi,common,1,1.0,0.7000000000000001,-0.0009806414165944577,1.0784212411962812e-10,3.3714230616533994e-13,0.001754354544366511,1,0.0,"[0.515104906218153,0.39536194976917544,0.08953314401267151]"
v3.3,393de51ec9fec163,fermi,common,1,1.0,0.7100000000000001,-0.0008372392268045092,6.42571204578779e-11,3.1932934676095125e-13,0.0017418497085707229,1,0.0,"[0.5136860514098649,0.3959867693818799,0.09032717920825518]"
v3.3,393de51ec9fec163,fermi,common,1,1.0,0.7200000000000001,-0.0006928315755307321,3.7079665726746924e-11,3.023117875215529e-13,0.0017289986753675271,1,0.0,"[0.5122780990060354,0.3966014666326112,0.0911204343613533]"
v3.3,393de51ec9fec163,fermi,common,1,1.0,0.7300000000000001,-0.0005475519797408859,1.2685173744753087e-10,3.95809678528838e-12,0.0017158310582688788,1,0.0,"[0.5108813352740588,0.3972058994803185,0.09191276524562282]"
v3.3,393de51ec9fec163,fermi,common,1,1.0,0.7400000000000001,-0.0004015317874202576,4.2934281130335705e-11,5.317831457121405e-13,0.001702375493219747,1,0.0,"[0.509496023610224,0.39779994063031676,0.09270403575945933]"
v3.3,393de51ec9fec163,fermi,common,1,1.0,0.7500000000000001,-0.00025489992350660046,3.6646151391206416e-11,4.644239249554862e-13,0.0016886594896499388,1,0.0,"[0.508122405433479,0.398383476951808,0.09349411761471302]"
v3.3,393de51ec9fec163,fermi,common,1,1.0,0.76,-0.00010778260973275111,8.420638492045995e-11,4.0363683087010506e-13,0.0016747096260002156,1,0.0,"[0.5067607009138984,0.39895640902477386,0.0942828900613277]"
v3.3,393de51ec9fec163,fermi,common,1,1.0,0.77,3.969674827561387e-05,4.864460917408664e-11,3.493654275737167e-13,0.0016605514112834614,1,0.0,"[0.505411109816813,0.3995186505962269,0.0950702395869601]"
v3.3,393de51ec9fec163,fermi,common,1,1.0,0.78,0.00018741781058234652,1.0899846303313865e-10,3.0084546827088495e-13,0.001646209348759521,1,0.0,"[0.5040738122927192,0.400070128077616,0.09585605962966483]"
v3.3,393de51ec9fec163,fermi,common,1,1.0,0.79,0.00033526342169769296,8.283310842793767e-11,2.581115518112818e-13,0.001631706936535154,1,0.0,"[0.5027489696661114,0.400610780041695,0.09664025029219364]"
v3.3,393de51ec9fec163,fermi,common,1,1.0,0.8,0.0004831197601262577,5.6812110571513585e-11,2.205779233834779e-13,0.0016170666795652182,1,0.0,"[0.5014367252137424,0.40114055672581256,0.097422718060445]"
v3.3,393de51ec9fec163,fermi,common,1,1.0,0.81,0.0006308764423049937,8.904915693719317e-11,1.8807971787275535e-13,0.0016023101035826585,1,0.0,"[0.5001372049307788,0.4016594195424699,0.09820337552675133]"
v3.3,393de51ec9fec163,fermi,common,1,1.0,0.8200000000000001,0.0007784266341324189,1.0769676817012908e-11,1.717520659284973e-13,0.0015874577707169326,1,0.0,"[0.49885051828351723,0.40216734059790316,0.09898214111857973]"
v3.3,393de51ec9fec163,fermi,common,1,1.0,0.8300000000000001,0.0009256671270064798,1.3443961222048273e-11,1.6215797393168347e-13,0.001572529296826911,1,0.0,"[0.4975767589473189,0.4026643022193634,0.0997589388333177]"
v3.3,393de51ec9fec163,fermi,common,1,1.0,0.8400000000000001,0.0010724983949983863,2.009382243928215e-11,1.5309830703730583e-13,0.001557543369715352,1,0.0,"[0.49631600552906635,0.40315029649172685,0.10053369797920672]"
v3.3,393de51ec9fec163,fermi,common,1,1.0,0.8500000000000001,0.0012188246592547691,1.8070128726677126e-12,4.068523194936965e-13,0.0015425177682122306,1,0.0,"[0.49506832227356207,0.40362532480328783,0.10130635292315013]"
v3.3,393de51ec9fec163,fermi,common,1,1.0,0.8600000000000001,0.00136455389717665,1.301146690391164e-12,1.7347329355173922e-12,0.0015274693826637078,1,0.0,"[0.49383375975272986,0.4040893974017267,0.10207684284554344]"
v3.3,393de51ec9fec163,fermi,common,1,1.0,0.8700000000000001,0.001509597881667421,1.1853899806180124e-11,3.3453666197040726e-12,0.0015124142426713681,1,0.0,"[0.49261235553139704,0.404542532965181,0.10284511150342202]"
v3.3,393de51ec9fec163,fermi,common,1,1.0,0.8800000000000001,0.001653872200866137,4.336801751048114e-12,1.2164076935901015e-13,0.0014973675405434235,1,0.0,"[0.491404134813457,0.4049847581849569,0.10361110700158616]"
v3.3,393de51ec9fec163,fermi,common,1,1.0,0.89,0.0017972961953351754,2.746705640710445e-12,1.1486914617590544e-13,0.0014823436010056384,1,0.0,"[0.4902091111153857,0.4054161073230516,0.10437478156156259]"
v3.3,393de51ec9fec163,fermi,common,1,1.0,0.9,0.0019397930059103438,5.927001944794341e-12,1.0847073660647302e-13,0.0014673560138471961,1,0.0,"[0.4890272868252301,0.40583662185639297,0.10513609131837681]"
v3.3,393de51ec9fec163,fermi,common,1,1.0,0.91,0.0020812895266461504,9.685488522315211e-12,1.0249615409120575e-13,0.0014524175552923066,1,0.0,"[0.48785865383117794,0.4062463500623739,0.10589499610644812]"
v3.3,393de51ec9fec163,fermi,common,1,1.0,0.92,0.002221716352629563,3.830824546469103e-12,9.681999901428631e-14,0.0014375402577396193,1,0.0,"[0.48670319409055096,0.4066453466477243,0.10665145926172476]"
v3.3,393de51ec9fec163,fermi,common,1,1.0,0.93,0.0023610077579349215,4.62596627670564e-12,9.144460146417561e-14,0.0014227354248560937,1,0.0,"[0.4855608801868979,0.40703367238309435,0.10740544743000771]"
v3.3,393de51ec9fec163,fermi,common,1,1.0,0.9400000000000001,0.0024991016357028967,4.770475681148412e-12,8.644147752628038e-14,0.0014080136551024261,1,0.0,"[0.4844316758679077,0.4074113937491468,0.10815693038294556]"
v3.3,393de51ec9fec163,fermi,common,1,1.0,0.9500000000000001,0.002635939435908341,1.4166917639002463e-11,8.168005895022256e-14,0.0013933848651971911,1,0.0,"[0.4833155365642606,0.40777858259412747,0.10890588084161187]"
v3.3,393de51ec9fec163,fermi,common,1,1.0,0.9600000000000001,0.0027714661150525163,4.7704964978301234e-12,7.719327995131226e-14,0.0013788583134515915,1,0.0,"[0.4822124098895923,0.40813531580285306,0.10965227430755475]"
v3.3,393de51ec9fec163,fermi,common,1,1.0,0.9700000000000001,0.002905630052101732,2.1684251616527206e-12,7.298634854286117e-14,0.001364442622923809,1,0.0,"[0.48112223612178456,0.4084816749770295,0.11039608890118607]"
v3.3,393de51ec9fec163,fermi,common,1,1.0,0.9800000000000001,0.003038382978375047,5.059543062291283e-12,6.900186057363919e-14,0.0013501458043328515,1,0.0,"[0.4800449486658494,0.40881774612678773,0.11113730520736297]"
v3.3,393de51ec9fec163,fermi,common,1,1.0,0.9900000000000001,0.0031696799085896496,1.5467939429303357e-11,6.527816546136318e-14,0.0013359752786925218,1,0.0,"[0.478980474498702,0.40914361937330207,0.11187590612799578]"
v3.3,393de51ec9fec163,fermi,common,1,1.0,1.0,0.0032994790428488505,1.2143078209625457e-11,6.173450996028258e-14,0.0013219378996254642,1,0.0,"[0.47792873459615287,0.4094593886623396,0.11261187674150751]"
v3.3,393de51ec9fec163,fermi,common,1,1.0,1.01,0.0034277416998546584,1.0697394359215906e-11,5.844813891166062e-14,0.001308039975321443,1,0.0,"[0.47688964434247616,0.4097651514885658,0.113345204168958]"
v3.3,393de51ec9fec163,fermi,common,1,1.0,1.02,0.0035544322142706322,4.626084237902006e-12,5.5290798271524136e-14,0.0012942872901128822,1,0.0,"[0.47586311392293557,0.4100610086304264,0.11407587744663801]"
v3.3,393de51ec9fec163,fermi,common,1,1.0,1.03,0.0036795178605386475,3.180386509704647e-12,5.231416582028142e-14,0.0012806851256437323,1,0.0,"[0.4748490486996643,0.41034706389540293,0.11480388740493264]"
v3.3,393de51ec9fec163,fermi,common,1,1.0,1.04,0.003802968747204663,7.083444941713424e-12,4.954463585080767e-14,0.0012672382816092012,1,0.0,"[0.4738473495713166,0.4106234238754344,0.11552922655324895]"
v3.3,393de51ec9fec163,fermi,common,1,1.0,1.05,0.003924757740157686,3.1802754874021844e-12,4.690511123964802e-14,0.0012539510960536849,1,0.0,"[0.4728579133169141,0.410890197712287,0.11625188897079894]"
v3.3,393de51ec9fec163,fermi,common,1,1.0,1.06,0.004044860360714886,1.4889686705821248e-11,4.4443392011830206e-14,0.0012408274652088045,1,0.0,"[0.47188063292432764,0.41114749687264435,0.11697187020302789]"
v3.3,393de51ec9fec163,fermi,common,1,1.0,1.07,0.004163254697583954,1.734806742703654e-12,4.208738914559499e-14,0.0012278708628667304,1,0.0,"[0.47091539790383385,0.4113954349326877,0.1176891671634783]"
v3.3,393de51ec9fec163,fermi,common,1,1.0,1.08,0.004279921311453556,7.950799740807923e-12,3.9913381167053193e-14,0.0012150843592760021,1,0.0,"[0.4699620945871969,0.41163412737192606,0.11840377804087704]"
v3.3,393de51ec9fec163,fermi,common,1,1.0,1.09,0.0043948431395837775,1.3444093061032447e-11,3.78168800268176e-14,0.0012024706395615816,1,0.0,"[0.46902060641272186,0.4118636913760377,0.11911570221124039]"
v3.3,393de51ec9fec163,fermi,common,1,1.0,1.1,0.004508005414562637,1.3588637159944739e-11,3.5808886900193804e-14,0.001190032021656347,1,0.0,"[0.46809081419673526,0.41208424564847734,0.11982494015478742]"
v3.3,393de51ec9fec163,fermi,common,1,1.0,1.11,0.004619395551838663,4.481387483323829e-12,2.474885862297474e-13,0.0011777704732324717,1,0.0,"[0.4671725963924226,0.4122959102302471,0.12053149337733028]"
v3.3,393de51ec9fec163,fermi,common,1,1.0,1.12,0.004729003078741703,4.337155634637213e-13,2.2779630405813676e-12,0.001165687626354139,1,0.0,"[0.46626582933818395,0.4124988063262885,0.12123536433552765]"
v3.3,393de51ec9fec163,fermi,common,1,1.0,1.1300000000000001,0.0048368195486141186,3.6139216619268666e-12,3.0551782512590924e-14,0.0011537848187697288,1,0.0,"[0.46537038747034637,0.41269305615730906,0.12193655637234461]"
v3.3,393de51ec9fec163,fermi,common,1,1.0,1.1400000000000001,0.004942838422704807,7.37254007843191e-12,2.900062529198078e-14,0.0011420630388428415,1,0.0,"[0.4644861435911021,0.4128787827696341,0.12263507363926378]"
v3.3,393de51ec9fec163,fermi,common,1,1.0,1.1500000000000001,0.005047055011333394,1.691354001298606e-11,3.82564949373886e-13,0.0011305230410083127,1,0.0,"[0.4636129690308426,0.4130561099224553,0.12333092104670212]"
v3.3,393de51ec9fec163,fermi,common,1,1.0,1.1600000000000001,0.005149466372842491,5.6378166024551035e-12,3.82742666675157e-12,0.0011191652785921679,1,0.0,"[0.4627507338772143,0.4132251619248632,0.1240241041979225]"
v3.3,393de51ec9fec163,fermi,common,1,1.0,1.1700000000000002,0.005250071260978033,3.6139286008207705e-12,6.9798438071908265e-12,0.001107989975454764,1,0.0,"[0.461899307139304,0.41338606352041574,0.1247146293402803]"
v3.3,393de51ec9fec163,fermi,common,1,1.0,1.1800000000000002,0.005348870002301588,6.938900842801132e-12,7.0948293794653665e-12,0.001096997098451535,1,0.0,"[0.461058556941782,0.413538939748094,0.1254025033101241]"
v3.3,393de51ec9fec163,fermi,common,1,1.0,1.1900000000000002,0.0054458644523890515,1.6479907716249187e-11,2.2343589757068877e-14,0.0010861863919584378,1,0.0,"[0.46022835068913104,0.41368391582545483,0.12608773348541413]"
v3.3,393de51ec9fec163,fermi,common,1,1.0,1.2000000000000002,0.005541057843753021,9.251883981153952e-12,2.121225782180743e-14,0.0010755573397472303,1,0.0,"[0.4594085552707148,0.4138211170009485,0.12677032772833668]"
v3.3,393de51ec9fec163,fermi,common,1,1.0,1.21,0.005634454819380949,1.1998457782880223e-11,2.01532870386612e-14,0.0010651093178808816,1,0.0,"[0.4585990371202663,0.4139506685134329,0.12745029436630073]"
v3.3,393de51ec9fec163,fermi,common,1,1.0,1.22,0.005726061316219347,3.035724449595989e-12,1.914957277215846e-14,0.0010548414467892954,1,0.0,"[0.4577996624230702,0.4140726954416535,0.12812764213527633]"
v3.3,393de51ec9fec163,fermi,common,1,1.0,1.23,0.005815884428130774,2.1105867054060923e-11,1.8168163860714433e-14,0.0010447526866384053,1,0.0,"[0.4570102972335687,0.41418732261988545,0.12880238014654588]"
v3.3,393de51ec9fec163,fermi,common,1,1.0,1.24,0.005903932453164826,9.541006873448055e-12,1.7311757387322396e-14,0.0010348418322510195,1,0.0,"[0.4562308076013028,0.4142946745469776,0.12947451785171965]"
v3.3,393de51ec9fec163,fermi,common,1,1.0,1.25,0.005990214710689848,5.059633267912034e-12,1.6478268233127036e-14,0.0010251075242409659,1,0.0,"[0.4554610596893099,0.4143948753006619,0.13014406501002823]"
v3.3,393de51ec9fec163,fermi,common,1,1.0,1.26,0.006074741569581779,7.372630284052661e-12,1.5608410051567173e-14,0.001015548259744108,1,0.0,"[0.4547009198853088,0.4144880484569252,0.1308110316577659]"
v3.3,393de51ec9fec163,fermi,common,1,1.0,1.27,0.00615752433011834,4.770434047784988e-12,1.488689738660805e-14,0.0010061624027609495,1,0.0,"[0.4539502549059879,0.41457431701424424,0.13147542807976778]"
v3.3,393de51ec9fec163,fermi,common,1,1.0,1.28,0.006238575182490623,2.3129276272015886e-12,1.4161217658005305e-14,0.0009969481941160898,1,0.0,"[0.4532089318947012,0.41465380332249213,0.13213726478280657]"
v3.3,393de51ec9fec163,fermi,common,1,1.0,1.29,0.006317907145798232,2.0238324904831018e-12,1.3463441581824226e-14,0.0009879037610368224,1,0.0,"[0.4524768185128745,0.41472662901632623,0.13279655247079916]"
v3.3,393de51ec9fec163,fermi,common,1,1.0,1.3,0.006395534009647139,4.4813319721725975e-12,1.2786629443600906e-14,0.0009790271263678217,1,0.0,"[0.451753783025403,0.41479291495287557,0.13345330202172143]"
v3.3,393de51ec9fec163,fermi,common,1,1.0,1.31,0.0064714702874569055,5.926967250324822e-12,1.218781925433075e-14,0.0009703162174217778,1,0.0,"[0.45103969438031866,0.41485278115354945,0.13410752446613175]"
v3.3,393de51ec9fec163,fermi,common,1,1.0,1.32,0.006545731152709053,7.950799740807923e-12,1.1571033666028003e-14,0.0009617688744761077,1,0.0,"[0.45033442228299536,0.41490634674979504,0.13475923096720957]"
v3.3,393de51ec9fec163,fermi,common,1,1.0,1.33,0.006618332395290576,4.915033657848511e-12,1.0094771617669093e-13,0.0009533828587363814,1,0.0,"[0.4496378372652819,0.41495372993262647,0.13540843280209164]"
v3.3,393de51ec9fec163,fermi,common,1,1.0,1.34,0.0066892903759566,2.457617442885862e-12,2.0758863974869531e-13,0.0009451558608144632,1,0.0,"[0.44894981074930546,0.414995047905549,0.13605514134514549]"
v3.3,393de51ec9fec163,fermi,common,1,1.0,1.35,0.0067586219728438535,4.4813250332786936e-12,3.6716033899675345e-13,0.0009370855074006526,1,0.0,"[0.4482702151064588,0.4150304168424063,0.13669936805113475]"
v3.3,393de51ec9fec163,fermi,common,1,1.0,1.36,0.006826344545185513,6.216090142618924e-12,5.929852203474563e-13,0.0009291693687135858,1,0.0,"[0.447598923713221,0.4150599518451555,0.13734112444162344]"
v3.3,393de51ec9fec163,fermi,common,1,1.0,1.37,0.006892475883438179,7.517195199646665e-12,7.753953191758897e-13,0.0009214049654636482,1,0.0,"[0.4469358110009814,0.4150837669084007,0.13798042209061795]"
v3.3,393de51ec9fec163,fermi,common,1,1.0,1.3800000000000001,0.006957034179213395,4.915089168999742e-12,9.421580994110773e-13,0.0009137897751000354,1,0.0,"[0.44628075250271576,0.4151019748853485,0.1386172726119358]"
v3.3,393de51ec9fec163,fermi,common,1,1.0,1.3900000000000001,0.0070200379615262196,1.1420309142806673e-11,1.12085802660891e-12,0.0009063212383847951,1,0.0,"[0.44563362489553254,0.41511468745669267,0.1392516876477747]"
v3.3,393de51ec9fec163,fermi,common,1,1.0,1.4,0.007081506115010065,8.384501426483837e-12,1.329702223966387e-12,0.0008989967650977906,1,0.0,"[0.44499430603968326,0.4151220151023012,0.13988367885801556]"
v3.3,393de51ec9fec163,fermi,common,2,0.5,0.05,-0.004431919777333121,1.5209643267066753e-10,3.876625302935212e-14,0.0,1,0.0,"[0.5950434564966333,0.3543386046296871,0.050617938873679595]"
v3.3,393de51ec9fec163,fermi,common,2,0.5,0.060000000000000005,-0.004424989819365004,1.3087134154154967e-10,1.4034166857118048e-15,8.739269859957078e-05,1,0.0,"[0.5949722802673084,0.35437857454404537,0.05064914518864635]"
v3.3,393de51ec9fec163,fermi,common,2,0.5,0.07,-0.004416822011059383,2.3746794114432035e-10,2.7330509130835685e-15,0.00010292259612559216,1,0.0,"[0.5948884490887812,0.3544255675860837,0.05068598332513508]"
v3.3,393de51ec9fec163,fermi,common,2,0.5,0.08,-0.004407427397594525,1.4306867496260978e-10,3.800188442900579e-15,0.00011827529230321213,1,0.0,"[0.5947921040972328,0.35447946322237284,0.05072843268039439]"
v3.3,393de51ec9fec163,fermi,common,2,0.5,0.09,-0.0043968187450284316,1.5060331454153086e-10,1.2316706213701497e-14,0.00013342552755314706,1,0.0,"[0.5946834066614494,0.35454012354006176,0.0507764697984888]"
v3.3,393de51ec9fec163,fermi,common,2,0.5,0.1,-0.00438501051470349,6.161556681538727e-11,3.5000176886629633e-14,0.00014834887105025918,1,0.0,"[0.5945625377719554,0.35460739373168226,0.05083006849636229]"
v3.3,393de51ec9fec163,fermi,common,2,0.5,0.11,-0.004372018815228418,1.3080954375244147e-10,9.005019561444616e-14,0.00016302181294673978,1,0.0,"[0.5944296973634309,0.35468110263579306,0.05088920000077621]"
v3.3,393de51ec9fec163,fermi,common,2,0.5,0.12000000000000001,-0.004357863084711783,1.5280132714678984e-10,2.288096383053101e-10,0.00017742098502951826,1,0.0,"[0.5942851042618393,0.3547610626840622,0.05095383305409862]"
v3.3,393de51ec9fec163,fermi,common,2,0.5,0.13,-0.0043425595021457375,8.279588126214321e-11,2.1801360439410952e-10,0.00019152760465612577,1,0.0,"[0.5941289926127693,0.3548470731576243,0.05102393422960638]"
v3.3,393de51ec9fec163,fermi,common,2,0.5,0.14,-0.004326130795216369,6.683381625904872e-11,2.0303839466225072e-10,0.0002053187491842066,1,0.0,"[0.5939616152381281,0.354938916918638,0.05109946784323395]"
v3.3,393de51ec9fec163,fermi,common,2,0.5,0.15000000000000002,-0.0043085996460111575,1.499936980176031e-10,1.830243417802117e-10,0.00021877627047993723,1,0.0,"[0.5937832399275498,0.35503636379269315,0.05118039627975712]"
v3.3,393de51ec9fec163,fermi,common,2,0.5,0.16,-0.004289990411094326,1.931583087921851e-10,1.574551778162467e-10,0.00023188240254718465,1,0.0,"[0.5935941492205964,0.3551391706662137,0.05126668011318989]"
v3.3,393de51ec9fec163,fermi,common,2,0.5,0.16999999999999998,-0.004270328903162812,1.444267622163764e-10,1.2661793054965067e-10,0.0002446207028299823,1,0.0,"[0.5933946394485247,0.3552470822833614,0.05135827826811396]"
v3.3,393de51ec9fec163,fermi,common,2,0.5,0.18,-0.004249642490465305,1.544478850368236e-10,9.219265764647131e-11,0.00025697609239937636,1,0.0,"[0.5931850197503135,0.3553598320709939,0.0514551481786926]"
v3.3,393de51ec9fec163,fermi,common,2,0.5,0.19,-0.004227960004021383,1.1711210473608347e-10,5.776432364838081e-11,0.0002689348891637261,1,0.0,"[0.5929656110682938,0.35547714298781324,0.05155724594389302]"
v3.3,393de51ec9fec163,fermi,common,2,0.5,0.2,-0.004205311705665307,6.86807277716639e-11,3.2024739484148275e-11,0.00028048482435505254,1,0.0,"[0.592736745136691,0.35559872839099094,0.05166452647231804]"
v3.3,393de51ec9fec163,fermi,common,2,0.5,0.21000000000000002,-0.004181729080904882,7.684972103128018e-11,1.5750520694665027e-13,0.0002916151717246078,1,0.0,"[0.5924987633708606,0.35572429297447583,0.05177694365466358]"
v3.3,393de51ec9fec163,fermi,common,2,0.5,0.22000000000000003,-0.004157245213025448,2.2512991471046462e-10,2.334294266041206e-13,0.0003023163842939028,1,0.0,"[0.5922520160563352,0.3558535335037448,0.05189445043991995]"
v3.3,393de51ec9fec163,fermi,common,2,0.5,0.22999999999999998,-0.004131893935138332,2.3633813656109837e-10,3.399123915701495e-13,0.00031258081749202944,1,0.0,"[0.5919968609575833,0.3559861400110311,0.052016999031385736]"
v3.3,393de51ec9fec163,fermi,common,2,0.5,0.24,-0.004105710441765199,7.409160784899171e-11,4.868515774963983e-13,0.0003224019049332431,1,0.0,"[0.591733662596628,0.3561217964375142,0.05214454096585771]"
v3.3,393de51ec9fec163,fermi,common,2,0.5,0.25,-0.004078730911323339,2.406590066117431e-10,6.86764177785805e-13,0.0003317746417922069,1,0.0,"[0.5914627911457626,0.3562601816201404,0.05227702723409694]"
v3.3,393de51ec9fec163,fermi,common,2,0.5,0.26,-0.0040509925916141845,1.531299878565484e-10,9.551581417450948e-13,0.0003406954514297791,1,0.0,"[0.5911846214309339,0.3564009701871916,0.052414408381874604]"
v3.3,393de51ec9fec163,fermi,common,2,0.5,0.27,-0.004022533530140433,1.3834858952899154e-10,1.3111008445567622e-12,0.00034916216462448557,1,0.0,"[0.5908995319545736,0.3565438334439293,0.05255663460149727]"
v3.3,393de51ec9fec163,fermi,common,2,0.5,0.28,-0.003993392562296659,1.4357316030499945e-10,1.7775638368233248e-12,0.0003571739937128939,1,0.0,"[0.5906079039414092,0.3566884402447377,0.05270365581385303]"
v3.3,393de51ec9fec163,fermi,common,2,0.5,0.29,-0.003963609217648913,1.4038165074836684e-10,2.382326278994576e-12,0.00036473150205130225,1,0.0,"[0.5903101204104382,0.35683445784841245,0.052855421741149454]"
v3.3,393de51ec9fec163,fermi,common,2,0.5,0.3,-0.003933223595227249,1.2022911138886982e-10,3.390859664619772e-12,0.00037183656841215,1,0.0,"[0.5900065652765624,0.35698155275291316,0.05301188197052449]"
v3.3,393de51ec9fec163,fermi,common,2,0.5,0.31,-0.003902276272714049,1.5800906416618687e-10,5.182341620303926e-12,0.0003784923495208746,1,0.0,"[0.5896976224827517,0.35712939150801554,0.05317298600923263]"
v3.3,393de51ec9fec163,fermi,common,2,0.5,0.32,-0.0038708082149267256,6.090947884951348e-11,5.3878026292292234e-12,0.00038470324810284124,1,0.0,"[0.5893836751574505,0.3572776415101627,0.053338683332386776]"
v3.3,393de51ec9fec163,fermi,common,2,0.5,0.33,-0.0038388606116092003,2.0564140668088982e-10,6.939877987629707e-12,0.0003904748283031433,1,0.0,"[0.5890651048401168,0.35742597174050494,0.05350892341937829]"
v3.3,393de51ec9fec163,fermi,common,2,0.5,0.33999999999999997,-0.0038064749046186203,1.353670994741485e-10,8.862598718475227e-12,0.0003958138300550042,1,0.0,"[0.5887422906923057,0.35757405351849875,0.05368365578919567]"
v3.3,393de51ec9fec163,fermi,common,2,0.5,0.35,-0.00377369254610347,1.2683836619897804e-10,1.1226230945200553e-11,0.0004007280682134676,1,0.0,"[0.5884156087889876,0.357721561186846,0.05386283002416635]"
v3.3,393de51ec9fec163,fermi,common,2,0.5,0.36,-0.003740554981005749,2.081171901480161e-10,1.4110743550691681e-11,0.0004052264020182083,1,0.0,"[0.5880854314311782,0.3578681727788917,0.05404639578993018]"
v3.3,393de51ec9fec163,fermi,common,2,0.5,0.37,-0.0037071034965574026,2.0885342066900847e-10,1.7606775897910294e-11,0.00040931867774634026,1,0.0,"[0.5877521265013779,0.3580135706488977,0.054234302849724456]"
v3.3,393de51ec9fec163,fermi,common,2,0.5,0.38,-0.003673379327786462,1.2157985729288612e-10,4.266257874872708e-11,0.00041301559814230275,1,0.0,"[0.5874160569236927,0.35815744200730665,0.054426501069000606]"
v3.3,393de51ec9fec163,fermi,common,2,0.5,0.39,-0.003639422988251456,1.8141413371530746e-10,5.289988236546925e-11,0.00041632902519836846,1,0.0,"[0.5870775798579642,0.3582994797020743,0.05462294043996149]"
v3.3,393de51ec9fec163,fermi,common,2,0.5,0.4,-0.003605274764709454,5.869604108310611e-11,3.284003144697379e-11,0.0004192713561256927,1,0.0,"[0.5867370464166569,0.3584393825206843,0.05482357106265879]"
v3.3,393de51ec9fec163,fermi,common,2,0.5,0.41,-0.003570974586962518,1.8846125354743393e-10,7.450681821238846e-14,0.00042185570299218265,1,0.0,"[0.5863948012241169,0.3585768556264536,0.055028343149429504]"
v3.3,393de51ec9fec163,fermi,common,2,0.5,0.42,-0.0035365620733747924,6.548147440943453e-11,2.5230110187539528e-14,0.00042409591395715435,1,0.0,"[0.5860511819437787,0.3587116110529288,0.055237207003292446]"
v3.3,393de51ec9fec163,fermi,common,2,0.5,0.43,-0.0035020756429355385,1.9419391789066154e-10,3.249636144028504e-14,0.00042600684300270723,1,0.0,"[0.5857065185602373,0.35884336837869235,0.05545011306107037]"
v3.3,393de51ec9fec163,fermi,common,2,0.5,0.44,-0.003467553222287291,1.7489088649513818e-10,4.1519929492446233e-14,0.0004276035449485367,1,0.0,"[0.5853611333460034,0.3589718548078725,0.0556670118461239]"
v3.3,393de51ec9fec163,fermi,common,2,0.5,0.45,-0.0034330319497462014,2.005231883317471e-10,5.271207569803439e-14,0.00042890171585054966,1,0.0,"[0.5850153404334474,0.35909680559542756,0.05588785397112493]"
v3.3,393de51ec9fec163,fermi,common,2,0.5,0.46,-0.0033985480993825312,1.2633653151405966e-10,6.635133292630991e-14,0.0004299175203358015,1,0.0,"[0.5846694455217039,0.3592179643491699,0.05611259012912631]"
v3.3,393de51ec9fec163,fermi,common,2,0.5,0.47,-0.003364137056248606,2.1239526110106155e-10,8.308064818133129e-14,0.000430667532439053,1,0.0,"[0.5843237456191553,0.35933508329666664,0.05634117108417802]"
v3.3,393de51ec9fec163,fermi,common,2,0.5,0.48,-0.003329833234773552,2.2993204562560265e-10,1.0336640626572818e-13,0.0004311686766083176,1,0.0,"[0.5839785288201668,0.3594479235180379,0.05657354766179533]"
v3.3,393de51ec9fec163,fermi,common,2,0.5,0.49,-0.0032956700513965403,1.3929289666148037e-10,1.277891848794164e-13,0.0004314381686783307,1,0.0,"[0.5836340741148458,0.3595562551456229,0.05680967073953138]"
v3.3,393de51ec9fec163,fermi,common,2,0.5,0.5,-0.00326167987149472,2.1905403879696195e-10,1.5709971262141795e-13,0.00043149345680529137,1,0.0,"[0.583290651230542,0.35965985753158336,0.05704949123787452]"
v3.3,393de51ec9fec163,fermi,common,2,0.5,0.51,-0.0032278939729186162,1.1827728380042757e-10,1.9197150091120273e-13,0.00043135216233847955,1,0.0,"[0.5829485205037508,0.3597585193845945,0.057292960111654696]"
v3.3,393de51ec9fec163,fermi,common,2,0.5,0.52,-0.003194342535845114,1.1666919513819707e-10,2.3337101232105643e-13,0.00043103202060161484,1,0.0,"[0.5826079327810527,0.359852038876832,0.05754002834211523]"
v3.3,393de51ec9fec163,fermi,common,2,0.5,0.53,-0.0031610545732081025,1.866454976684473e-10,2.8222169359338786e-13,0.0004305508215629534,1,0.0,"[0.5822691293476926,0.359940223722532,0.05779064692977543]"
v3.3,393de51ec9fec163,fermi,common,2,0.5,0.54,-0.003128057949220428,1.1637109331719131e-10,3.395574432518391e-13,0.0004299263503761078,1,0.0,"[0.5819323418823841,0.3600228912294315,0.058044766888184454]"
v3.3,393de51ec9fec163,fermi,common,2,0.5,0.55,-0.003095379351689777,5.752610887643783e-11,4.0653834969147436e-13,0.00042917632778964837,1,0.0,"[0.5815977924369217,0.36009986832443575,0.05830233923864255]"
v3.3,393de51ec9fec163,fermi,common,2,0.5,0.56,-0.0030630442528715163,1.477677702421687e-10,4.845056260946292e-13,0.0004283183504484314,1,0.0,"[0.5812656934391768,0.36017099155487803,0.05856331500594511]"
v3.3,393de51ec9fec163,fermi,common,2,0.5,0.5700000000000001,-0.0030310769396439466,1.3713374880097717e-10,5.747547855468339e-13,0.0004273698311316515,1,0.0,"[0.5809362477180653,0.3602361070667504,0.058827645215184285]"
v3.3,393de51ec9fec163,fermi,common,2,0.5,0.5800000000000001,-0.00299950048441653,5.810432690545042e-11,6.787978594019228e-13,0.0004263479390118977,1,0.0,"[0.5806096485490874,0.36029507056128474,0.05909528088962796]"
v3.3,393de51ec9fec163,fermi,common,2,0.5,0.5900000000000001,-0.002968336743783828,2.0140861201056737e-10,7.982866777186264e-13,0.00042526954006090017,1,0.0,"[0.5802860797190583,0.3603477472312623,0.05936617304967938]"
v3.3,393de51ec9fec163,fermi,common,2,0.5,0.6000000000000001,-0.0029376063734411345,1.3463979237071655e-10,9.349242688038278e-13,0.0004241511377743876,1,0.0,"[0.579965715608674,0.36039401167841717,0.05964027271290875]"
v3.3,393de51ec9fec163,fermi,common,2,0.5,0.6100000000000001,-0.00290732882037973,1.3318527530836732e-10,1.090574401789939e-12,0.0004230088144389318,1,0.0,"[0.579648721291585,0.360433747813278,0.0599175308951371]"
v3.3,393de51ec9fec163,fermi,common,2,0.5,0.6200000000000001,-0.002877522335499108,1.7476408514793818e-10,1.2672282046219995e-12,0.00042185817322218106,1,0.0,"[0.579335252648684,0.36046684873877255,0.06019789861254338]"
v3.3,393de51ec9fec163,fermi,common,2,0.5,0.63,-0.002848203992434954,1.2132220922334014e-10,1.4669000757616661e-12,0.0004207142814210099,1,0.0,"[0.5790254564963523,0.3604932166188905,0.06048132688475724]"
v3.3,393de51ec9fec163,fermi,common,2,0.5,0.64,-0.0028193896861970283,1.908375610315538e-10,1.6918999544925313e-12,0.00041959161526204306,1,0.0,"[0.5787194707274426,0.36051276253366205,0.06076776673889538]"
v3.3,393de51ec9fec163,fermi,common,2,0.5,0.65,-0.0027910941655215765,1.200662208544756e-10,1.9444615157752936e-12,0.00041850400669829496,1,0.0,"[0.5784174244638252,0.36052540632168234,0.061057169214492585]"
v3.3,393de51ec9fec163,fermi,common,2,0.5,0.66,-0.002763331044653851,2.0109242049315412e-10,2.22708244902049e-12,0.000417464592692883,1,0.0,"[0.5781194382193641,0.36053107641136006,0.06134948536927582]"
v3.3,393de51ec9fec163,fermi,common,2,0.5,0.67,-0.002736112815057652,1.1900928159613855e-10,2.542242809411734e-12,0.00041648576752330914,1,0.0,"[0.5778256240722327,0.36052970964204095,0.06164466628572635]"
v3.3,393de51ec9fec163,fermi,common,2,0.5,0.68,-0.0027094508864882808,1.3572403617656548e-10,2.8925490752162327e-12,0.0004155791386577784,1,0.0,"[0.5775360858455303,0.3605212510760966,0.06194266307837307]"
v3.3,393de51ec9fec163,fermi,common,2,0.5,0.6900000000000001,-0.002683355599794726,2.0244773218935919e-10,3.566653249923902e-12,0.0004147554863305433,1,0.0,"[0.5772509192963019,0.36050565380158583,0.06224342690211238]"
v3.3,393de51ec9fec163,fermi,common,2,0.5,0.7000000000000001,-0.0026578362461558078,1.7215340264442602e-10,4.56429933923513e-12,0.0004140247292733969,1,0.0,"[0.5769702123072635,0.36048287873345053,0.06254690895928604]"
v3.3,393de51ec9fec163,fermi,common,2,0.5,0.7100000000000001,-0.0026329010994892432,1.4580714413625628e-10,5.672499662150383e-12,0.0004133958950302632,1,0.0,"[0.576694045087822,0.36045289440097694,0.06285306051120093]"
v3.3,393de51ec9fec163,fermi,common,2,0.5,0.7200000000000001,-0.002608557455544752,9.824660529567097e-11,6.861714146512786e-12,0.0004128770931645849,1,0.0,"[0.5764224903790024,0.360415676734885,0.06316183288611266]"
v3.3,393de51ec9fec163,fermi,common,2,0.5,0.7300000000000001,-0.0025848116441475263,1.106066488398838e-10,8.096264822199591e-12,0.00041247549939507037,1,0.0,"[0.5761556136611433,0.36037120884912593,0.06347317748973073]"
v3.3,393de51ec9fec163,fermi,common,2,0.5,0.7400000000000001,-0.00256166906733505,1.4215691124253027e-10,9.33671712844746e-12,0.0004121973434327011,1,0.0,"[0.5758934733650818,0.36031948081923343,0.06378704581568477]"
v3.3,393de51ec9fec163,fermi,common,2,0.5,0.7500000000000001,-0.0025391342208959874,9.802988976126414e-11,1.054282138917735e-11,0.00041204790424664677,1,0.0,"[0.5756361210856621,0.36026048945801376,0.06410338945632417]"
v3.3,393de51ec9fec163,fermi,common,2,0.5,0.76,-0.0025172107368355984,1.6993059043235448e-10,1.1677669248378226e-11,0.00041203151228814174,1,0.0,"[0.5753836017969051,0.36019423808929574,0.06442216011379924]"
v3.3,393de51ec9fec163,fermi,common,2,0.5,0.77,-0.0024959014041192953,7.741211838219186e-11,1.2709216061930911e-11,0.0004121515587175077,1,0.0,"[0.5751359540681996,0.36012073632042535,0.0647433096113751]"
v3.3,393de51ec9fec163,fermi,common,2,0.5,0.78,-0.002475208209041478,6.942512537078116e-11,1.3611519461228426e-11,0.0004124105115307492,1,0.0,"[0.5748932102809388,0.3600399998141308,0.06506678990493046]"
v3.3,393de51ec9fec163,fermi,common,2,0.5,0.79,-0.002455132365854519,5.11743217246341e-11,1.436669263535705e-11,0.0004128099383677658,1,0.0,"[0.5746553968450643,0.3599520500603399,0.06539255309459574]"
v3.3,393de51ec9fec163,fermi,common,2,0.5,0.8,-0.0024356742899161662,9.553623864233529e-11,1.496415821525529e-11,0.00041335053566961467,1,0.0,"[0.5744225344150042,0.359856914148507,0.06572055143648882]"
v3.3,393de51ec9fec163,fermi,common,2,0.5,0.81,-0.002416833773547525,1.763635279483644e-10,1.5399962045251278e-11,0.0004140321637166375,1,0.0,"[0.57419463810455,0.359754624540943,0.06605073735450714]"
v3.3,393de51ec9fec163,fermi,common,2,0.5,0.8200000000000001,-0.0023986098612416643,9.855394972335674e-11,1.5676788943817003e-11,0.0004148538869932866,1,0.0,"[0.5739717177002478,0.3596452188476143,0.06638306345213787]"
v3.3,393de51ec9fec163,fermi,common,2,0.5,0.8300000000000001,-0.002381000947167887,5.53846551953896e-11,1.5801716397704482e-11,0.00041581401924241785,1,0.0,"[0.5737537778729039,0.3595287396028441,0.06671748252425193]"
v3.3,393de51ec9fec163,fermi,common,2,0.5,0.8400000000000001,-0.0023640048303060143,1.2255100406699526e-10,1.5785884289513256e-11,0.00041691017248685937,1,0.0,"[0.5735408183868588,0.35940523404429503,0.06705394756884629]"
v3.3,393de51ec9fec163,fermi,common,2,0.5,0.8500000000000001,-0.0023476187017225716,4.989126473065042e-11,1.564259416346409e-11,0.00041813930927489,1,0.0,"[0.5733328343066947,0.3592747538945994,0.06739241179870609]"
v3.3,393de51ec9fec163,fermi,common,2,0.5,0.8600000000000001,-0.002331839142007283,1.7180983719056186e-10,1.5387346221792006e-11,0.0004194977973585568,1,0.0,"[0.5731298162010944,0.35913735514595047,0.06773282865295518]"
v3.3,393de51ec9fec163,fermi,common,2,0.5,0.8700000000000001,-0.0023166622960437908,1.3053796932283035e-10,1.5035349857519566e-11,0.0004209814660332124,1,0.0,"[0.5729317503435705,0.35899309784795796,0.06807515180847157]"
v3.3,393de51ec9fec163,fermi,common,2,0.5,0.8800000000000001,-0.0023020837221995466,1.4996320157889542e-10,1.4602072213002928e-11,0.00042258566335983625,1,0.0,"[0.572738618909847,0.3588420458990129,0.06841933519114002]"
v3.3,393de51ec9fec163,fermi,common,2,0.5,0.89,-0.0022880985195370684,5.6812110571513585e-11,1.4102894751487097e-11,0.00042430531354846213,1,0.0,"[0.5725504001716702,0.3586842668414079,0.06876533298692185]"
v3.3,393de51ec9fec163,fermi,common,2,0.5,0.9,-0.0022747013534564695,1.2504467600260583e-10,1.3551632812939254e-11,0.0004261349738177415,1,0.0,"[0.5723670686868615,0.35851983166041745,0.06911309965272106]"
v3.3,393de51ec9fec163,fermi,common,2,0.5,0.91,-0.0022618864449977932,1.0144523415744899e-10,1.2961444368601655e-11,0.00042806889010733846,1,0.0,"[0.5721885954854615,0.3583488145875115,0.06946258992702702]"
v3.3,393de51ec9fec163,fermi,common,2,0.5,0.92,-0.0022496476158708756,9.942140166696589e-11,1.2343630783503172e-11,0.000430101051102842,1,0.0,"[0.5720149482518111,0.35817129290787003,0.06981375884031889]"
v3.3,393de51ec9fec163,fermi,common,2,0.5,0.93,-0.002237978325318926,1.1221504975233998e-10,1.1708491175988329e-11,0.00043222524009346155,1,0.0,"[0.5718460915024624,0.35798734677232324,0.07016656172521445]"
v3.3,393de51ec9fec163,fermi,common,2,0.5,0.9400000000000001,-0.0022268716832913663,6.413037462182913e-11,1.1065054827267557e-11,0.00043443508427923756,1,0.0,"[0.5716819867598092,0.35779705901383896,0.07052095422635192]"
v3.3,393de51ec9fec163,fermi,common,2,0.5,0.9500000000000001,-0.0022163204673574036,5.233091043832516e-11,1.042089042044638e-11,0.00043672410121040436,1,0.0,"[0.5715225927213596,0.35760051496864875,0.07087689230999154]"
v3.3,393de51ec9fec163,fermi,common,2,0.5,0.9600000000000001,-0.0022063171358066014,1.27321528320401e-10,9.782440133143911e-12,0.00043908574212896085,1,0.0,"[0.5713678654245858,0.35739780230208695,0.07123433227332723]"
v3.3,393de51ec9fec163,fermi,common,2,0.5,0.9700000000000001,-0.002196853872824568,1.797787543833529e-10,4.038712893455926e-15,0.0004415134317709337,1,0.0,"[0.5712177583770587,0.35718901086653454,0.07159323075640676]"
v3.3,393de51ec9fec163,fermi,common,2,0.5,0.9800000000000001,-0.002187922687316969,1.4210288501459445e-10,4.401816928577477e-15,0.00044400060657643356,1,0.0,"[0.5710722228352609,0.356974232425712,0.0719535447390271]"
v3.3,393de51ec9fec163,fermi,common,2,0.5,0.9900000000000001,-0.0021795152500994966,4.8572285082926214e-11,4.769063600248237e-15,0.00044654074494549927,1,0.0,"[0.570931207768463,0.3567535606644312,0.07231523156710584]"
v3.3,393de51ec9fec163,fermi,common,2,0.5,1.0,-0.002171623030958608,4.0133528445007727e-11,5.083671363788512e-15,0.0004491274003973363,1,0.0,"[0.5707946601325475,0.3565270909188658,0.07267824894858657]"
v3.3,393de51ec9fec163,fermi,common,2,0.5,1.01,-0.00216423731538435,1.2654451098104147e-10,1.804455130827765e-14,0.00045175422664581465,1,0.0,"[0.5706625249799189,0.3562949200557965,0.07304255496428465]"
v3.3,393de51ec9fec163,fermi,common,2,0.5,1.02,-0.0021573492260377747,6.740125818582854e-11,1.8357837940716558e-14,0.00045441500141648754,1,0.0,"[0.5705347455975357,0.35605714632720614,0.07340810807525809]"
v3.3,393de51ec9fec163,fermi,common,2,0.5,1.03,-0.002150949709631901,5.79504985664947e-11,1.8602509901980716e-14,0.0004571036468780563,1,0.0,"[0.5704112636396954,0.3558138692303332,0.07377486712997143]"
v3.3,393de51ec9fec163,fermi,common,2,0.5,1.04,-0.0021450295645793274,7.19548032268591e-11,1.8795555811838282e-14,0.00045981424718272005,1,0.0,"[0.5702920192570897,0.35556518937190423,0.07414279137100611]"
v3.3,393de51ec9fec163,fermi,common,2,0.5,1.05,-0.002139579465421898,8.789249883456307e-11,1.895760733235172e-14,0.00046254106327321253,1,0.0,"[0.5701769512210592,0.35531120833744206,0.07451184044149879]"
v3.3,393de51ec9fec163,fermi,common,2,0.5,1.06,-0.0021345899884009714,8.886848895661714e-11,1.9042040634349322e-14,0.0004652785451557264,1,0.0,"[0.570065997043536,0.3550520285652285,0.07488197439123552]"
v3.3,393de51ec9fec163,fermi,common,2,0.5,1.07,-0.0021300516002531883,6.214291581319031e-11,1.908524009715941e-14,0.0004680213418235353,1,0.0,"[0.5699590930926538,0.35478775322493256,0.07525315368241371]"
v3.3,393de51ec9fec163,fermi,common,2,0.5,1.08,-0.00212595469053857,9.846358450804615e-11,1.912175676893787e-14,0.00047076430902956293,1,0.0,"[0.569856174704084,0.35451848610084197,0.07562533919507408]"
v3.3,393de51ec9fec163,fermi,common,2,0.5,1.09,-0.0021222895832222824,6.443774680509051e-11,1.9069010388528327e-14,0.0004735025150966864,1,0.0,"[0.5697571762881627,0.35424433147963436,0.07599849223220291]"
v3.3,393de51ec9fec163,fermi,common,2,0.5,1.1,-0.0021190465469753186,4.356694172091835e-11,1.89903588892042e-14,0.00047623124495920215,1,0.0,"[0.5696620314328761,0.35396539404261496,0.07637257452450893]"
v3.3,393de51ec9fec163,fermi,common,2,0.5,1.11,-0.0021162158123957386,1.1347978806641734e-10,1.8890498627250645e-14,0.0004789460026120322,1,0.0,"[0.5695706730027776,0.35368177876234663,0.07674754823487583]"
v3.3,393de51ec9fec163,fermi,common,2,0.5,1.12,-0.0021137875761991394,8.01768339220299e-11,1.8721659996634113e-14,0.00048164251214514764,1,0.0,"[0.5694830332339142,0.35339359080359095,0.07712337596249487]"
v3.3,393de51ec9fec163,fermi,common,2,0.5,1.1300000000000001,-0.00211175201679736,5.4372645275080345e-11,1.8513583076391125e-14,0.00048431671752372125,1,0.0,"[0.5693990438248386,0.35310093542848014,0.07750002074668129]"
v3.3,393de51ec9fec163,fermi,common,2,0.5,1.1400000000000001,-0.0021100993178597358,1.0144520987132033e-10,3.505676640171748e-15,0.0004869647812811006,1,0.0,"[0.5693186360238415,0.35280391790578886,0.07787744607036967]"
v3.3,393de51ec9fec163,fermi,common,2,0.5,1.1500000000000001,-0.0021088196527199662,5.592663138154208e-11,3.491223912313261e-15,0.0004895830821934792,1,0.0,"[0.5692417407121918,0.3525026434244637,0.0782556158633445]"
v3.3,393de51ec9fec163,fermi,common,2,0.5,1.1600000000000001,-0.002107903214859711,1.056373842567293e-10,3.4244592056810735e-15,0.0004921682122804232,1,0.0,"[0.5691682884842092,0.3521972170107091,0.07863449450508181]"
v3.3,393de51ec9fec163,fermi,common,2,0.5,1.1700000000000002,-0.002107340220402442,8.561580958077464e-11,3.252034413164247e-15,0.0004947169729005384,1,0.0,"[0.56909820972327,0.35188774344935086,0.0790140468273792]"
v3.3,393de51ec9fec163,fermi,common,2,0.5,1.1800000000000002,-0.0021071209177809663,1.3550702226972078e-10,2.9050592832043826e-15,0.0004972263704034622,1,0.0,"[0.5690314346745787,0.351574327208771,0.07939423811665038]"
v3.3,393de51ec9fec163,fermi,common,2,0.5,1.1900000000000002,-0.0021072355932486367,1.1369669442040653e-10,4.181669050217159e-15,0.0004996936112260875,1,0.0,"[0.5689678935144886,0.35125707236956855,0.07977503411594289]"
v3.3,393de51ec9fec163,fermi,common,2,0.5,1.2000000000000002,-0.0021076745807450045,8.90491048954889e-11,1.1589600105441679e-15,0.0005021160965983971,1,0.0,"[0.5689075164165546,0.35093608255677994,0.08015640102666563]"
v3.3,393de51ec9fec163,fermi,common,2,0.5,1.21,-0.0021084282745827063,7.032854160149427e-11,6.481404477388899e-16,0.000504491416909395,1,0.0,"[0.5688502336142843,0.3506114608756509,0.08053830551006468]"
v3.3,393de51ec9fec163,fermi,common,2,0.5,1.22,-0.0021094871257592157,1.191539297784594e-10,2.1364921031876356e-15,0.0005068173458413259,1,0.0,"[0.5687959754608662,0.35028330985073086,0.08092071468840277]"
v3.3,393de51ec9fec163,fermi,common,2,0.5,1.23,-0.002110841298121526,5.377637571357674e-11,1.0372507706032903e-10,0.0005090917304668447,1,0.0,"[0.5687446721383561,0.3499517316534363,0.08130359620820757]"
v3.3,393de51ec9fec163,fermi,common,2,0.5,1.24,-0.0021124824526011048,6.085985881920664e-11,2.2312907489213178e-14,0.0005113131113970598,1,0.0,"[0.5686962554487466,0.3496168266218977,0.08168691792935565]"
v3.3,393de51ec9fec163,fermi,common,2,0.5,1.25,-0.0021144002059919655,6.613631170493406e-11,9.330712642083272e-15,0.0005134791423532627,1,0.0,"[0.5686506553901891,0.34927869606115863,0.08207064854865216]"
v3.3,393de51ec9fec163,fermi,common,2,0.5,1.26,-0.0021165856720290616,1.2555053177654152e-10,9.55458268205625e-15,0.0005155886936828834,1,0.0,"[0.5686078036795075,0.34893743934358545,0.08245475697690707]"
v3.3,393de51ec9fec163,fermi,common,2,0.5,1.27,-0.0021190297066593367,7.311132602105808e-11,9.454203236328997e-15,0.0005176402554623355,1,0.0,"[0.5685676320606352,0.34859315528898854,0.0828392126503762]"
v3.3,393de51ec9fec163,fermi,common,2,0.5,1.28,-0.0021217232573371055,1.0914313550158816e-10,9.398469263367366e-15,0.0005196325706650407,1,0.0,"[0.5685300726947106,0.3482459418370816,0.0832239854682079]"
v3.3,393de51ec9fec163,fermi,common,2,0.5,1.29,-0.002124657376394449,4.423546251519639e-11,9.278104150154405e-15,0.0005215645218248,1,0.0,"[0.5684950582004489,0.3478958960076277,0.08360904579192341]"
v3.3,393de51ec9fec163,fermi,common,2,0.5,1.3,-0.0021278232203558907,4.315120483155965e-11,9.20695376101442e-15,0.0005234351248589705,1,0.0,"[0.5684625216920501,0.347543113863258,0.08399436444469179]"
v3.3,393de51ec9fec163,fermi,common,2,0.5,1.31,-0.002131211999268915,1.0397487731905741e-10,9.107404066395526e-15,0.0005252435230053642,1,0.0,"[0.5684323968147735,0.34718769047483095,0.08437991271039558]"
v3.3,393de51ec9fec163,fermi,common,2,0.5,1.32,-0.002134815150213576,6.179954811780242e-11,8.986809451605177e-15,0.0005269889808715147,1,0.0,"[0.568404617778257,0.34682971988924954,0.08476566233249354]"
v3.3,393de51ec9fec163,fermi,common,2,0.5,1.33,-0.002138624123135067,1.2988748271380857e-10,8.868088783188253e-15,0.0005286708786139439,1,0.0,"[0.5683791193876663,0.3464692950996462,0.0851515855126876]"
v3.3,393de51ec9fec163,fermi,common,2,0.5,1.34,-0.002142630526272539,6.577486472147953e-11,8.742442278967957e-15,0.0005302887062581007,1,0.0,"[0.5683558370727496,0.34610650801784953,0.08553765490940078]"
v3.3,393de51ec9fec163,fermi,common,2,0.5,1.35,-0.0021468260758877,6.104048516641924e-11,8.607652352059232e-15,0.0005318420581649888,1,0.0,"[0.5683347069148764,0.3457414494490511,0.08592384363607243]"
v3.3,393de51ec9fec163,fermi,common,2,0.5,1.36,-0.002151202607360056,6.295606744255444e-11,8.409132684382259e-15,0.0005333306276550965,1,0.0,"[0.5683156656721359,0.34537420906858646,0.08631012525927764]"
v3.3,393de51ec9fec163,fermi,common,2,0.5,1.37,-0.002155752090835076,4.633153929956002e-11,8.181013732020194e-15,0.0005347542017907638,1,0.0,"[0.5682986508025696,0.34500487540075286,0.08669647379667762]"
v3.3,393de51ec9fec163,fermi,common,2,0.5,1.3800000000000001,-0.0021604666087459805,4.557276431227386e-11,7.952879459042578e-15,0.0005361126563239566,1,0.0,"[0.5682836004856112,0.34463353579958167,0.08708286371480722]"
v3.3,393de51ec9fec163,fermi,common,2,0.5,1.3900000000000001,-0.0021653383747502856,1.0776956757552192e-10,7.674813861475197e-15,0.000537405950808225,1,0.0,"[0.5682704536418037,0.34426027643149026,0.08746926992670605]"
v3.3,393de51ec9fec163,fermi,common,2,0.5,1.4,-0.0021703597392955,5.139118644525986e-11,7.397839085248711e-15,0.0005386341238791371,1,0.0,"[0.568259149950863,0.34388518225973674,0.08785566778940032]"
v3.3,393de51ec9fec163,fermi,common,3,0.3333333333333333,0.05,-0.004432107329183033,8.480616209283198e-11,1.5172568684280453e-15,0.0,1,0.0,"[0.5951337344553574,0.35428778460928967,0.05057848093535291]"
v3.3,393de51ec9fec163,fermi,common,3,0.3333333333333333,0.060000000000000005,-0.004425260095335934,2.1314774945047077e-10,6.637651454742245e-17,3.8911583977828436e-05,1,0.0,"[0.5951020442269984,0.3543055925667502,0.050592363206251434]"
v3.3,393de51ec9fec163,fermi,common,3,0.3333333333333333,0.07,-0.004417190084011882,1.6700538174596602e-10,1.1725276478663955e-16,4.585905665672695e-05,1,0.0,"[0.5950646932983104,0.3543265500550486,0.05060875664664102]"
v3.3,393de51ec9fec163,fermi,common,3,0.3333333333333333,0.08,-0.004407908267915303,1.4212024612714202e-10,1.8014610071975251e-16,5.274383635816216e-05,1,0.0,"[0.5950217315155617,0.35435061359122705,0.050627654893211076]"
v3.3,393de51ec9fec163,fermi,common,3,0.3333333333333333,0.09,-0.004397427212938683,1.296612955892229e-10,3.2129559797248397e-16,5.955702630098692e-05,1,0.0,"[0.594973215837782,0.3543777335007106,0.05064905066150743]"
v3.3,393de51ec9fec163,fermi,common,3,0.3333333333333333,0.1,-0.004385761054834986,2.3244529911981004e-10,4.91895145036799e-16,6.62900393146094e-05,1,0.0,"[0.5949192101066665,0.35440785412366405,0.05067293576966949]"
v3.3,393de51ec9fec163,fermi,common,3,0.3333333333333333,0.11,-0.004372927047567539,1.4886358118415544e-10,2.2653061144748655e-10,7.293377259376898e-05,1,0.0,"[0.5948597854716282,0.3544409134032845,0.050699301125087255]"
v3.3,393de51ec9fec163,fermi,common,3,0.3333333333333333,0.12000000000000001,-0.004358939021349671,1.449327186042737e-10,2.132752499075097e-10,7.948298596833016e-05,1,0.0,"[0.5947950173489106,0.35447684573731447,0.05072813691377486]"
v3.3,393de51ec9fec163,fermi,common,3,0.3333333333333333,0.13,-0.0043438171830601086,2.187920122853626e-10,1.9448515740249045e-10,8.592755883769775e-05,1,0.0,"[0.5947249893061266,0.3545155783070505,0.050759432386822775]"
v3.3,393de51ec9fec163,fermi,common,3,0.3333333333333333,0.14,-0.004327581469330315,6.488203724286379e-11,1.6908339287879068e-10,9.226135001008102e-05,1,0.0,"[0.5946497899312786,0.35455703401181005,0.05079317605691125]"
v3.3,393de51ec9fec163,fermi,common,3,0.3333333333333333,0.15000000000000002,-0.004310253075349872,1.6315351847318027e-10,1.3676518906564561e-10,9.847777647898469e-05,1,0.0,"[0.5945695132041459,0.35460113110506714,0.05082935569078691]"
v3.3,393de51ec9fec163,fermi,common,3,0.3333333333333333,0.16,-0.0042918545462926685,1.3781667473899972e-10,9.898373556813627e-11,0.00010457072492138736,1,0.0,"[0.5944842581465477,0.35464778350911125,0.0508679583443411]"
v3.3,393de51ec9fec163,fermi,common,3,0.3333333333333333,0.16999999999999998,-0.004272409165464258,1.2973220414602693e-10,1.173980725832356e-13,0.0001105347949066252,1,0.0,"[0.5943941282795516,0.3546969013118371,0.050908970408611275]"
v3.3,393de51ec9fec163,fermi,common,3,0.3333333333333333,0.18,-0.004251942879779508,8.589345207310473e-11,2.0593661374573783e-13,0.00011636405813949151,1,0.0,"[0.5942992320692613,0.35474839032872896,0.05095237760200975]"
v3.3,393de51ec9fec163,fermi,common,3,0.3333333333333333,0.19,-0.0042304808773573,7.711391247777755e-11,3.5011627991077384e-13,0.00012205489597898092,1,0.0,"[0.5941996811126452,0.35480215380074787,0.050998165086606935]"
v3.3,393de51ec9fec163,fermi,common,3,0.3333333333333333,0.2,-0.004208050000129936,2.3173552660127328e-10,5.786108459761854e-13,0.00012760285788592835,1,0.0,"[0.5940955908255078,0.3548580917277768,0.05104631744671532]"
v3.3,393de51ec9fec163,fermi,common,3,0.3333333333333333,0.21000000000000002,-0.004184678064688543,1.630040269429145e-10,9.321523310061558e-13,0.00013300439327522203,1,0.0,"[0.5939870797508363,0.3549161015054462,0.05109681874371747]"
v3.3,393de51ec9fec163,fermi,common,3,0.3333333333333333,0.22000000000000003,-0.004160393698103643,7.586369726864106e-11,1.4673930136741885e-12,0.00013825647851740852,1,0.0,"[0.5938742691636539,0.3549760782820196,0.051149652554326484]"
v3.3,393de51ec9fec163,fermi,common,3,0.3333333333333333,0.22999999999999998,-0.004135226305611132,2.3355314904272007e-10,2.261596383626583e-12,0.00014335661510344238,1,0.0,"[0.5937572826765681,0.35503791531479867,0.05120480200863313]"
v3.3,393de51ec9fec163,fermi,common,3,0.3333333333333333,0.24,-0.004109206011687586,1.1708591041159622e-10,3.418714717056046e-12,0.0001483028249785117,1,0.0,"[0.5936362458480468,0.3551015043241827,0.0512622498277706]"
v3.3,393de51ec9fec163,fermi,common,3,0.3333333333333333,0.25,-0.004082363591257056,7.250158112759308e-11,5.076763469443341e-12,0.00015309364318262072,1,0.0,"[0.5935112857953508,0.35516673584360703,0.05132197836104202]"
v3.3,393de51ec9fec163,fermi,common,3,0.3333333333333333,0.26,-0.004054730253655131,7.022023240654818e-11,7.415935958885317e-12,0.00015772810795467479,1,0.0,"[0.5933825308139387,0.35523349956368966,0.05138396962237165]"
v3.3,393de51ec9fec163,fermi,common,3,0.3333333333333333,0.27,-0.0040263378689197465,8.324097661160934e-11,1.0669235672561862e-11,0.00016220574846311528,1,0.0,"[0.5932501100050316,0.35530168466901446,0.05144820532595401]"
v3.3,393de51ec9fec163,fermi,common,3,0.3333333333333333,0.28,-0.003997218598111828,2.3774411606058976e-10,1.5134210051456086e-11,0.00016652657034907324,1,0.0,"[0.5931141529128998,0.3553711801661096,0.051514666920990555]"
v3.3,393de51ec9fec163,fermi,common,3,0.3333333333333333,0.29,-0.003967404973815168,1.3961588135602554e-10,2.1187072265462592e-11,0.00017069103926550274,1,0.0,"[0.5929747891732893,0.35544187520129406,0.05158333562541672]"
v3.3,393de51ec9fec163,fermi,common,3,0.3333333333333333,0.3,-0.003936929797992643,1.3829106609852815e-10,2.929845764397714e-11,0.00017470006261240389,1,0.0,"[0.5928321481742655,0.35551365936719875,0.05165419245853575]"
v3.3,393de51ec9fec163,fermi,common,3,0.3333333333333333,0.31,-0.003905825808065623,2.1430954233458976e-10,8.555343191973824e-14,0.00017855511809554802,1,0.0,"[0.5926863586093603,0.35558642310535393,0.05172721828528577]"
v3.3,393de51ec9fec163,fermi,common,3,0.3333333333333333,0.32,-0.003874126568930901,1.4641007156646069e-10,1.1234428062734009e-13,0.00018225754274163753,1,0.0,"[0.5925375486085718,0.35566005759155833,0.051802393799869756]"
v3.3,393de51ec9fec163,fermi,common,3,0.3333333333333333,0.33,-0.0038418654670385882,1.3725984931989288e-10,5.7775827055750236e-11,0.00018580958418851762,1,0.0,"[0.5923858450086938,0.3557344553879847,0.05187969960332129]"
v3.3,393de51ec9fec163,fermi,common,3,0.3333333333333333,0.33999999999999997,-0.0038090745591823835,1.40074528365286e-10,1.8867943309905142e-13,0.00018921446222170557,1,0.0,"[0.5922313725644809,0.3558095111649375,0.051959116270581626]"
v3.3,393de51ec9fec163,fermi,common,3,0.3333333333333333,0.35,-0.0037757881312471125,6.998518431444722e-11,2.4151861649963184e-13,0.0001924736738618802,1,0.0,"[0.5920742553732606,0.35588512039922116,0.05204062422751827]"
v3.3,393de51ec9fec163,fermi,common,3,0.3333333333333333,0.36,-0.003742038841118789,1.6091585702815436e-10,3.069750473652327e-13,0.00019559118210891468,1,0.0,"[0.5919146148528444,0.3559611812126208,0.052124203934534756]"
v3.3,393de51ec9fec163,fermi,common,3,0.3333333333333333,0.37,-0.003707859550106919,7.454800665662731e-11,3.872390663567146e-13,0.00019857015040962913,1,0.0,"[0.5917525704011025,0.3560375937680472,0.05220983583085031]"
v3.3,393de51ec9fec163,fermi,common,3,0.3333333333333333,0.38,-0.0036732828805925016,1.905012120273497e-10,4.85274612610447e-13,0.00020141421255755488,1,0.0,"[0.5915882390074088,0.3561142606200062,0.05229750037258498]"
v3.3,393de51ec9fec163,fermi,common,3,0.3333333333333333,0.39,-0.003638341218378194,1.5662680874495294e-10,6.041749882785693e-13,0.00020412723116148136,1,0.0,"[0.5914217350593454,0.35619108688704987,0.05238717805360477]"
v3.3,393de51ec9fec163,fermi,common,3,0.3333333333333333,0.4,-0.003603066597577316,1.5242294926220978e-10,7.476799502630163e-13,0.00020671327200272687,1,0.0,"[0.591253170167014,0.35626798040798796,0.052478849424998]"
v3.3,393de51ec9fec163,fermi,common,3,0.3333333333333333,0.41,-0.0035674906996843794,7.002357027552364e-11,9.1975466847395e-13,0.00020917657861033116,1,0.0,"[0.5910826530048118,0.35634485188199283,0.052572495113195374]"
v3.3,393de51ec9fec163,fermi,common,3,0.3333333333333333,0.42,-0.0035316447985129854,1.4279636501024484e-10,1.125090360174387e-12,0.00021152154718612017,1,0.0,"[0.5909102891704437,0.3564216149928053,0.052668095836750986]"
v3.3,393de51ec9fec163,fermi,common,3,0.3333333333333333,0.43,-0.003495559718766632,1.233145460743934e-10,1.4125558677964789e-12,0.00021375270186815363,1,0.0,"[0.5907361810609773,0.3564981865172397,0.05276563242178311]"
v3.3,393de51ec9fec163,fermi,common,3,0.3333333333333333,0.44,-0.003459265805324123,1.3711093371782113e-10,1.8858283554982664e-12,0.00021587467079942188,1,0.0,"[0.5905604277653815,0.35657448641843864,0.05286508581617985]"
v3.3,393de51ec9fec163,fermi,common,3,0.3333333333333333,0.45,-0.0034227928805281443,1.5950410436893492e-10,2.4985560932097608e-12,0.00021789216373721703,1,0.0,"[0.5903831249723712,0.3566504379250978,0.05296643710253098]"
v3.3,393de51ec9fec163,fermi,common,3,0.3333333333333333,0.46,-0.0033861702396882493,2.110852673209429e-10,3.286216086357984e-12,0.00021980994786411303,1,0.0,"[0.5902043648952566,0.3567259675949773,0.05306966750976597]"
v3.3,393de51ec9fec163,fermi,common,3,0.3333333333333333,0.47,-0.0033494266167306275,7.001458440791808e-11,4.292048002465392e-12,0.000221632827352235,1,0.0,"[0.5900242362107965,0.35680100536554094,0.05317475842366266]"
v3.3,393de51ec9fec163,fermi,common,3,0.3333333333333333,0.48,-0.0033125900076094936,1.9733814582423292e-10,3.418971618295426e-12,0.00022336563000020522,1,0.0,"[0.5898428240062121,0.3568754845964902,0.05328169139729775]"
v3.3,393de51ec9fec163,fermi,common,3,0.3333333333333333,0.49,-0.0032756880868904104,5.6518498214863655e-11,1.1424752002943837e-11,0.00022501312618240587,1,0.0,"[0.5896602097927808,0.35694934205372997,0.053390448153489284]"
v3.3,393de51ec9fec163,fermi,common,3,0.3333333333333333,0.5,-0.0032387476685510064,1.4983685819869308e-10,3.3218388111692546e-11,0.00022658013127923227,1,0.0,"[0.5894764714286947,0.35702251797181245,0.053501010599492846]"
v3.3,393de51ec9fec163,fermi,common,3,0.3333333333333333,0.51,-0.0032017945580123316,1.832212090380203e-10,5.55708913015281e-12,0.00022807165013747128,1,0.0,"[0.5892916829102967,0.3570949562444561,0.05361336084524724]"
v3.3,393de51ec9fec163,fermi,common,3,0.3333333333333333,0.52,-0.003164854776953524,1.4725744235111193e-10,6.499989486043672e-12,0.0002294918647166088,1,0.0,"[0.5891059150483035,0.35716660378985127,0.05372748116184523]"
v3.3,393de51ec9fec163,fermi,common,3,0.3333333333333333,0.53,-0.0031279529695832087,1.8831233100646827e-10,7.575627850720813e-12,0.00023084579312717567,1,0.0,"[0.5889192346884333,0.3572374112706288,0.05384335404093785]"
v3.3,393de51ec9fec163,fermi,common,3,0.3333333333333333,0.54,-0.0030911132722294954,2.1803304994794104e-10,8.798830015628716e-12,0.00023213787476305774,1,0.0,"[0.5887317051698657,0.35730733266188086,0.05396096216825349]"
v3.3,393de51ec9fec163,fermi,common,3,0.3333333333333333,0.55,-0.0030543591166701245,2.3890414646565716e-10,1.0185471628186558e-11,0.00023337255566169195,1,0.0,"[0.5885433862688276,0.35737632529889674,0.054080288432275574]"
v3.3,393de51ec9fec163,fermi,common,3,0.3333333333333333,0.56,-0.003017713219741376,2.0856876642438849e-10,1.1752723973870064e-11,0.0002345541728678076,1,0.0,"[0.5883543342423271,0.35744434983177586,0.05420131592589712]"
v3.3,393de51ec9fec163,fermi,common,3,0.3333333333333333,0.5700000000000001,-0.0029811975890526796,1.082620937342682e-10,1.3519014171764332e-11,0.00023568694414502448,1,0.0,"[0.5881646018799429,0.35751137017273443,0.05432402794732264]"
v3.3,393de51ec9fec163,fermi,common,3,0.3333333333333333,0.5800000000000001,-0.002944833510768727,1.299100826912536e-10,1.5504187604255846e-11,0.0002367749588652706,1,0.0,"[0.5879742385629805,0.3575773534367543,0.05444840800026522]"
v3.3,393de51ec9fec163,fermi,common,3,0.3333333333333333,0.5900000000000001,-0.0029086415476414426,2.0664908673140303e-10,1.772915359242094e-11,0.0002378221700693431,1,0.0,"[0.5877832903303034,0.35764226987621184,0.05457443979348483]"
v3.3,393de51ec9fec163,fermi,common,3,0.3333333333333333,0.6000000000000001,-0.0028726415569873195,1.2849625530275688e-10,2.0216624318299677e-11,0.00023883238766001224,1,0.0,"[0.5875917999501838,0.35770609281010196,0.0547021072397141]"
v3.3,393de51ec9fec163,fermi,common,3,0.3333333333333333,0.6100000000000001,-0.0028368526586622436,1.648213232563478e-10,2.2990602132194223e-11,0.00023980927270913406,1,0.0,"[0.5873998069975218,0.35776879854846094,0.05483139445401719]"
v3.3,393de51ec9fec163,fermi,common,3,0.3333333333333333,0.6200000000000001,-0.0028012932722220815,2.2361666685011272e-10,2.60764962320399e-11,0.00024075633283057008,1,0.0,"[0.5872073479358166,0.35783036631255716,0.05496228575162624]"
v3.3,393de51ec9fec163,fermi,common,3,0.3333333333333333,0.63,-0.002765981107345543,1.1586059889268085e-10,2.9501394020249574e-11,0.0002416769185844279,1,0.0,"[0.5870144562032937,0.3578907781514073,0.05509476564529891]"
v3.3,393de51ec9fec163,fermi,common,3,0.3333333333333333,0.64,-0.0027309329998537572,1.4161942452073362e-10,5.236254961181421e-12,0.0002425743181642851,1,0.0,"[0.5868211622123385,0.3579500189346753,0.0552288188529862]"
v3.3,393de51ec9fec163,fermi,common,3,0.3333333333333333,0.65,-0.0026961655640747317,1.0251586385345846e-10,4.762653472832627e-12,0.0002434512856109394,1,0.0,"[0.5866274937880314,0.3580080759589139,0.05536443025305485]"
v3.3,393de51ec9fec163,fermi,common,3,0.3333333333333333,0.66,-0.002661694267159391,1.274524895344964e-10,4.307651941614909e-12,0.0002443109488900744,1,0.0,"[0.5864334757663249,0.3580649392936161,0.055501584940059016]"
v3.3,393de51ec9fec163,fermi,common,3,0.3333333333333333,0.67,-0.002627534050602332,1.0104307668346024e-10,3.87880161400474e-12,0.00024515593109854787,1,0.0,"[0.5862391304092016,0.3581206014084635,0.05564026818233486]"
v3.3,393de51ec9fec163,fermi,common,3,0.3333333333333333,0.68,-0.0025936991714448597,1.9897360495346739e-10,3.4802509049111542e-12,0.0002459887763087691,1,0.0,"[0.5860444774272762,0.3581750571459271,0.05578046542679677]"
v3.3,393de51ec9fec163,fermi,common,3,0.3333333333333333,0.6900000000000001,-0.0025602032474108354,6.641621280722987e-11,3.1142561551453525e-12,0.000246811868835789,1,0.0,"[0.5858495340798231,0.35822830362590663,0.05592216229427026]"
v3.3,393de51ec9fec163,fermi,common,3,0.3333333333333333,0.7000000000000001,-0.0025270592026736503,1.16890597895436e-10,2.780717661742922e-12,0.00024762743542750806,1,0.0,"[0.5856543152755355,0.35828034014984883,0.05606534457461571]"
v3.3,393de51ec9fec163,fermi,common,3,0.3333333333333333,0.7100000000000001,-0.002494279370584128,2.2152530851360375e-10,2.4788135745001422e-12,0.00024843754803903246,1,0.0,"[0.5854588336736489,0.3583311681046759,0.05620999822167522]"
v3.3,393de51ec9fec163,fermi,common,3,0.3333333333333333,0.7200000000000001,-0.0024618754231343423,1.8960438774584532e-10,2.207123338298417e-12,0.0002492441271547353,1,0.0,"[0.5852630997850718,0.3583807908668547,0.05635610934807348]"
v3.3,393de51ec9fec163,fermi,common,3,0.3333333333333333,0.7300000000000001,-0.002429858435196608,1.5266905448174661e-10,1.9633322472469385e-12,0.0002500489455856675,1,0.0,"[0.5850671220732008,0.35842921370689645,0.05650366421990282]"
v3.3,393de51ec9fec163,fermi,common,3,0.3333333333333333,0.7400000000000001,-0.002398238861434098,1.4325027969386284e-10,1.7450039144048002e-12,0.00025085363268213687,1,0.0,"[0.5848709070541278,0.3584764436945536,0.05665264925131848]"
v3.3,393de51ec9fec163,fermi,common,3,0.3333333333333333,0.7500000000000001,-0.002367026584412936,7.421363523718583e-11,1.5496099717492895e-12,0.00025165967891245885,1,0.0,"[0.5846744593959649,0.3585224896049638,0.05680305099907132]"
v3.3,393de51ec9fec163,fermi,common,3,0.3333333333333333,0.76,-0.002336230888124933,1.0937778807673659e-10,1.374960210773486e-12,0.0002524684407478702,1,0.0,"[0.5844777820170365,0.358567361825962,0.056954856157001535]"
v3.3,393de51ec9fec163,fermi,common,3,0.3333333333333333,0.77,-0.0023058605134436243,7.293968207200408e-11,1.218578868044797e-12,0.00025328114580317124,1,0.0,"[0.5842808761827156,0.35861107226676725,0.05710805155051708]"
v3.3,393de51ec9fec163,fermi,common,3,0.3333333333333333,0.78,-0.0022759236378648746,1.0282741325084999e-10,1.0784667261245024e-12,0.0002540988981717936,1,0.0,"[0.5840837416007064,0.35865363426821734,0.05726262413107631]"
v3.3,393de51ec9fec163,fermi,common,3,0.3333333333333333,0.79,-0.0022464279204368123,6.421188580851833e-11,9.527950883375058e-13,0.00025492268392347047,1,0.0,"[0.5838863765145845,0.3586950625147194,0.0574185609706961]"
v3.3,393de51ec9fec163,fermi,common,3,0.3333333333333333,0.8,-0.002217380439047869,1.318841910680213e-10,8.401340128736439e-13,0.0002557533767024312,1,0.0,"[0.5836887777954415,0.3587353729480561,0.057575849256502554]"
v3.3,393de51ec9fec163,fermi,common,3,0.3333333333333333,0.81,-0.0021887878494074933,1.181597597543771e-10,7.389446033541393e-13,0.000256591743395047,1,0.0,"[0.5834909410314859,0.358774582683173,0.05773447628534113]"
v3.3,393de51ec9fec163,fermi,common,3,0.3333333333333333,0.8200000000000001,-0.0021606562515896835,1.4320497565556423e-10,6.479925523004871e-13,0.0002574384498161039,1,0.0,"[0.5832928606154856,0.35881270992605324,0.05789442945846129]"
v3.3,393de51ec9fec163,fermi,common,3,0.3333333333333333,0.8300000000000001,-0.002132991308354752,6.229644577970816e-11,5.665553811668386e-13,0.00025829406638727047,1,0.0,"[0.5830945298299391,0.3588497738937716,0.05805569627628932]"
v3.3,393de51ec9fec163,fermi,common,3,0.3333333333333333,0.8400000000000001,-0.0021057980985396928,1.8667227832946942e-10,4.934661064483352e-13,0.0002591590737712253,1,0.0,"[0.5828959409298875,0.35888579473681015,0.05821826433330247]"
v3.3,393de51ec9fec163,fermi,common,3,0.3333333333333333,0.8500000000000001,-0.002079081424618146,1.0846546924514477e-10,4.2811039514306637e-13,0.0002600338684236463,1,0.0,"[0.5826970852232962,0.3589207934636894,0.05838212131301429]"
v3.3,393de51ec9fec163,fermi,common,3,0.3333333333333333,0.8600000000000001,-0.0020528455227484844,1.7127668033856125e-10,3.69930243681119e-13,0.0002609187680487518,1,0.0,"[0.5824979531489435,0.3589547918679743,0.05854725498308231]"
v3.3,393de51ec9fec163,fermi,common,3,0.3333333333333333,0.8700000000000001,-0.0020270942362015758,1.9358441585848318e-10,3.1808548347856864e-13,0.0002618140169297858,1,0.0,"[0.582298534351764,0.3589878124576895,0.05871365319054644]"
v3.3,393de51ec9fec163,fermi,common,3,0.3333333333333333,0.8800000000000001,-0.0020018309971004677,1.103175259475897e-10,3.208307182937745e-13,0.000262719790946832,1,0.0,"[0.5820988177557679,0.359019878387088,0.05888130385714418]"
v3.3,393de51ec9fec163,fermi,common,3,0.3333333333333333,0.89,-0.0019770588308576365,1.3379048216521916e-10,3.560747112208003e-13,0.00026363620314154014,1,0.0,"[0.5818987916339048,0.3590510133910438,0.05905019497505146]"
v3.3,393de51ec9fec163,fermi,common,3,0.3333333333333333,0.9,-0.0019527803743971915,1.0092114297033383e-10,3.9458604155925337e-13,0.00026456330796223763,1,0.0,"[0.5816984436756873,0.3590812417220495,0.05922031460226311]"
v3.3,393de51ec9fec163,fermi,common,3,0.3333333333333333,0.91,-0.0019289978949662105,1.2683369285393375e-10,4.364733990840213e-13,0.00026550110600662196,1,0.0,"[0.5814977610523665,0.35911058808904367,0.05939165085858981]"
v3.3,393de51ec9fec163,fermi,common,3,0.3333333333333333,0.92,-0.0019057132914907862,1.791462984901404e-10,4.820650773004904e-13,0.0002664495486789564,1,0.0,"[0.58129673047914,0.35913907759925157,0.059564191921608306]"
v3.3,393de51ec9fec163,fermi,common,3,0.3333333333333333,0.93,-0.0018829281185543563,1.2218048447976138e-10,5.315563745943501e-13,0.00026740854234267534,1,0.0,"[0.5810953382748888,0.3591667357023011,0.059737926022810056]"
v3.3,393de51ec9fec163,fermi,common,3,0.3333333333333333,0.9400000000000001,-0.0018606435871746964,6.467254162756397e-11,5.852394841790218e-13,0.00026837795235421397,1,0.0,"[0.5808935704193368,0.3591935881367494,0.05991284144391401]"
v3.3,393de51ec9fec163,fermi,common,3,0.3333333333333333,0.9500000000000001,-0.0018388605845902559,1.3466693038477473e-10,6.433417910005146e-13,0.00026935760688574697,1,0.0,"[0.5806914126076589,0.3592196608789959,0.06008892651334518]"
v3.3,393de51ec9fec163,fermi,common,3,0.3333333333333333,0.9600000000000001,-0.0018175796821664966,1.5458014035463208e-10,7.062438218481499e-13,0.0002703473005327433,1,0.0,"[0.5804888503025739,0.3592449800945459,0.06026616960288024]"
v3.3,393de51ec9fec163,fermi,common,3,0.3333333333333333,0.9700000000000001,-0.001796801155065253,1.1216967632510233e-10,7.741136684911182e-13,0.00027134679771495686,1,0.0,"[0.5802858687839515,0.3592695720915889,0.060444559124459674]"
v3.3,393de51ec9fec163,fermi,common,3,0.3333333333333333,0.9800000000000001,-0.0017765249760997755,1.1671429447912551e-10,8.473206012569925e-13,0.00027235583586113807,1,0.0,"[0.5800824531959862,0.35929346327684714,0.060624083527166646]"
v3.3,393de51ec9fec163,fermi,common,3,0.3333333333333333,0.9900000000000001,-0.0017567508485785768,1.974061261678095e-10,9.261687024143059e-13,0.0002733741283936019,1,0.0,"[0.5798785885919775,0.3593166801136508,0.06080473129437172]"
v3.3,393de51ec9fec163,fermi,common,3,0.3333333333333333,1.0,-0.0017374782014428075,7.504497023802514e-11,1.0109904510230594e-12,0.0002744013675112639,1,0.0,"[0.579674259976768,0.35933924908218995,0.06098649094104202]"
v3.3,393de51ec9fec163,fermi,common,3,0.3333333333333333,1.01,-0.0017187062018180765,1.0514035128639243e-10,1.10211838423594e-12,0.000275437226776657,1,0.0,"[0.5794694523468942,0.35936119664189264,0.06116935101121309]"
v3.3,393de51ec9fec163,fermi,common,3,0.3333333333333333,1.02,-0.0017004337740306706,1.3220951070036513e-10,1.1998880603271586e-12,0.00027648136351691966,1,0.0,"[0.5792641507285032,0.3593825491958755,0.06135330007562127]"
v3.3,393de51ec9fec163,fermi,common,3,0.3333333333333333,1.03,-0.0016826595994830218,6.122133008878983e-11,1.3046717425434423e-12,0.00027753342104365394,1,0.0,"[0.5790583402130954,0.3594033330574101,0.06153832672949438]"
v3.3,393de51ec9fec163,fermi,common,3,0.3333333333333333,1.04,-0.0016653821371446949,1.750715267201386e-10,1.4168553206100297e-12,0.00027859303069955514,1,0.0,"[0.5788520059911514,0.35942357441835093,0.06172441959049762]"
v3.3,393de51ec9fec163,fermi,common,3,0.3333333333333333,1.05,-0.0016485996191694732,7.128630324926277e-11,1.5368269941846825e-12,0.00027965981374179717,1,0.0,"[0.5786451333837042,0.35944329931946406,0.06191156729683184]"
v3.3,393de51ec9fec163,fermi,common,3,0.3333333333333333,1.06,-0.0016323100715327325,1.1750939110655167e-10,1.6649549558361436e-12,0.0002807333830686169,1,0.0,"[0.5784377078719192,0.3594625336226001,0.0620997585054808]"
v3.3,393de51ec9fec163,fermi,common,3,0.3333333333333333,1.07,-0.0016165113243569972,1.0985669318674951e-10,1.8016399165602331e-12,0.00028181334479685703,1,0.0,"[0.5782297151247464,0.3594813029846499,0.06228898189060369]"
v3.3,393de51ec9fec163,fermi,common,3,0.3333333333333333,1.08,-0.0016012010107389618,5.5429740658530235e-11,1.947320214482721e-12,0.0002828992997031025,1,0.0,"[0.5780211410247056,0.3594996328332245,0.06247922614206979]"
v3.3,393de51ec9fec163,fermi,common,3,0.3333333333333333,1.09,-0.0015863765833183906,1.20490933203099e-10,2.102386230422171e-12,0.00028399084453250396,1,0.0,"[0.5778119716918696,0.3595175483439998,0.06267047996413067]"
v3.3,393de51ec9fec163,fermi,common,3,0.3333333333333333,1.1,-0.0015720353191035,1.19885521648877e-10,2.7726694131114846e-12,0.0002850875717054809,1,0.0,"[0.5776021935081894,0.35953507441729443,0.06286273207451608]"
v3.3,393de51ec9fec163,fermi,common,3,0.3333333333333333,1.11,-0.001558174330303412,5.915221090724287e-11,2.4426063189372166e-12,0.00028618907926726474,1,0.0,"[0.5773917931276696,0.3595522356704085,0.06305597120192181]"
v3.3,393de51ec9fec163,fermi,common,3,0.3333333333333333,1.12,-0.001544790558284985,1.61997883857401e-10,2.628562057802986e-12,0.0002872949496786526,1,0.0,"[0.5771807575161194,0.3595690563959125,0.06325018608796817]"
v3.3,393de51ec9fec163,fermi,common,3,0.3333333333333333,1.1300000000000001,-0.0015318808195050847,1.2882120370427685e-10,1.5318924464511345e-12,0.00028840478433033654,1,0.0,"[0.5769690739432872,0.35958556057234775,0.06344536548436498]"
v3.3,393de51ec9fec163,fermi,common,3,0.3333333333333333,1.1400000000000001,-0.0015194417753797845,1.231111809718577e-10,1.2549297207523807e-12,0.0002895181632191979,1,0.0,"[0.5767567300253408,0.35960177182434133,0.06364149815031783]"
v3.3,393de51ec9fec163,fermi,common,3,0.3333333333333333,1.1500000000000001,-0.0015074699460991686,1.7014727474173874e-10,1.0278995073069694e-12,0.000290634689261236,1,0.0,"[0.5765437137158572,0.35961771342774385,0.06383857285639889]"
v3.3,393de51ec9fec163,fermi,common,3,0.3333333333333333,1.1600000000000001,-0.0014959617284076646,1.5699236702304553e-10,8.421879427956241e-13,0.0002917539559562809,1,0.0,"[0.5763300133312506,0.3596334082876619,0.06403657838108762]"
v3.3,393de51ec9fec163,fermi,common,3,0.3333333333333333,1.1700000000000002,-0.0014849133977907145,1.1077826850280914e-10,6.904554148772605e-13,0.00029287556194811944,1,0.0,"[0.5761156175600688,0.35964887892883884,0.06423550351109229]"
v3.3,393de51ec9fec163,fermi,common,3,0.3333333333333333,1.1800000000000002,-0.0014743211135885802,1.3271531443259654e-10,5.667225351730356e-13,0.0002939991090746398,1,0.0,"[0.5759005154735766,0.35966414748534803,0.06443533704107537]"
v3.3,393de51ec9fec163,fermi,common,3,0.3333333333333333,1.1900000000000002,-0.0014641809259080436,1.5514936210769825e-10,4.659023228810585e-13,0.00029512420279856566,1,0.0,"[0.5756846965351428,0.3596792356913828,0.06463606777347439]"
v3.3,393de51ec9fec163,fermi,common,3,0.3333333333333333,1.2000000000000002,-0.0014544887847302707,1.5367663044885127e-10,3.838531528944702e-13,0.0002962504525783091,1,0.0,"[0.5754681506084974,0.35969416487308936,0.06483768451841325]"
v3.3,393de51ec9fec163,fermi,common,3,0.3333333333333333,1.21,-0.0014452405439935902,5.4083577893937473e-11,3.170314532667572e-13,0.0002973774721986782,1,0.0,"[0.575250867964904,0.3597089559413946,0.06504017609370148]"
v3.3,393de51ec9fec163,fermi,common,3,0.3333333333333333,1.22,-0.0014364319633565666,1.105885244490068e-10,2.6260563720396283e-13,0.0002985048800524215,1,0.0,"[0.5750328392893063,0.3597236293857781,0.06524353132491557]"
v3.3,393de51ec9fec163,fermi,common,3,0.3333333333333333,1.23,-0.0014280587238090156,8.458577935299694e-11,2.1834630926434446e-13,0.00029963229938676693,1,0.0,"[0.574814055685498,0.3597382052689427,0.06544773904555919]"
v3.3,393de51ec9fec163,fermi,common,3,0.3333333333333333,1.24,-0.0014201164250173919,1.6365111696337031e-10,1.8221847150230104e-13,0.00030075935851607956,1,0.0,"[0.5745945086803641,0.35975270322233766,0.06565278809729823]"
v3.3,393de51ec9fec163,fermi,common,3,0.3333333333333333,1.25,-0.0014126006042516834,4.524733018818061e-11,1.5283903162950455e-13,0.0003018856909991906,1,0.0,"[0.5743741902272466,0.3597671424424873,0.06585866733026606]"
v3.3,393de51ec9fec163,fermi,common,3,0.3333333333333333,1.26,-0.0014055066887269825,1.1031757451984703e-10,1.2876047910275325e-13,0.000303010935795679,1,0.0,"[0.5741530927084764,0.35978154168808724,0.06606536560343637]"
v3.3,393de51ec9fec163,fermi,common,3,0.3333333333333333,1.27,-0.001398830097300175,1.8234475387957083e-10,1.0909850758202695e-13,0.0003041347373906241,1,0.0,"[0.5739312089371231,0.35979591927781873,0.06627287178505813]"
v3.3,393de51ec9fec163,fermi,common,3,0.3333333333333333,1.28,-0.0013925661632040766,1.0317992640840323e-10,9.301419838821919e-14,0.00030525674590499424,1,0.0,"[0.5737085321579996,0.35981029308885,0.0664811747531505]"
v3.3,393de51ec9fec163,fermi,common,3,0.3333333333333333,1.29,-0.0013867101628406153,1.495115281580084e-10,7.977888282762816e-14,0.00030637661718132484,1,0.0,"[0.5734850560479694,0.3598246805559774,0.06669026339605327]"
v3.3,393de51ec9fec163,fermi,common,3,0.3333333333333333,1.3,-0.001381257328060416,8.691683830996944e-11,6.88901126221855e-14,0.0003074940128556024,1,0.0,"[0.5732607747155966,0.35983909867137415,0.06690012661302926]"
v3.3,393de51ec9fec163,fermi,common,3,0.3333333333333333,1.31,-0.001376202848294407,5.6215809784987414e-11,5.991138877838984e-14,0.00030860860041385,1,0.0,"[0.5730356827001759,0.3598535639849083,0.06711075331491585]"
v3.3,393de51ec9fec163,fermi,common,3,0.3333333333333333,1.32,-0.0013715418778278768,5.395721716650037e-11,5.252014077272091e-14,0.0003097200532362279,1,0.0,"[0.572809774970183,0.3598680926049955,0.06732213242482145]"
v3.3,393de51ec9fec163,fermi,common,3,0.3333333333333333,1.33,-0.0013672695112238627,5.758921811649387e-11,4.638257957247579e-14,0.00031082805062932595,1,0.0,"[0.5725830469211816,0.3598827001999537,0.06753425287886478]"
v3.3,393de51ec9fec163,fermi,common,3,0.3333333333333333,1.34,-0.001363380815163906,9.045849486133406e-11,4.1328383118102935e-14,0.0003119322778495109,1,0.0,"[0.572355494373221,0.3598974019998265,0.06774710362695256]"
v3.3,393de51ec9fec163,fermi,common,3,0.3333333333333333,1.35,-0.0013598708612984275,1.0323413998647446e-10,3.7122083952735185e-14,0.00031303242611808573,1,0.0,"[0.5721271135677601,0.359912212798646,0.06796067363359386]"
v3.3,393de51ec9fec163,fermi,common,3,0.3333333333333333,1.36,-0.0013567346635985356,7.574967042511815e-11,3.361860915804699e-14,0.0003141281926281476,1,0.0,"[0.5718979011641493,0.35992714695710376,0.06817495187874703]"
v3.3,393de51ec9fec163,fermi,common,3,0.3333333333333333,1.37,-0.0013539672172424265,1.4347595680974656e-10,3.0679167627323396e-14,0.0003152192805476148,1,0.0,"[0.5716678542356995,0.3599422184056029,0.06838992735869749]"
v3.3,393de51ec9fec163,fermi,common,3,0.3333333333333333,1.3800000000000001,-0.0013515635000072163,9.855399135672016e-11,2.8264848337722677e-14,0.00031630539901329,1,0.0,"[0.5714369702653738,0.35995744064766394,0.06860558908696238]"
v3.3,393de51ec9fec163,fermi,common,3,0.3333333333333333,1.3900000000000001,-0.0013495184959033436,5.569199615362841e-11,2.629849049994082e-14,0.0003173862631259697,1,0.0,"[0.5712052471411211,0.35997282676365794,0.06882192609522093]"
v3.3,393de51ec9fec163,fermi,common,3,0.3333333333333333,1.4,-0.0013478271267811162,4.5283513050442536e-11,2.4602346208416166e-14,0.00031846159393582416,1,0.0,"[0.5709726831508893,0.3599883894148438,0.0690389274342668]"
v3.3,393de51ec9fec163,fermi,common,5,0.2,0.05,-0.004435907275057556,1.4772772588544925e-10,2.8025792551490913e-17,0.0,1,0.0,"[0.5951799936294646,0.3542617381057089,0.05055826826482647]"
v3.3,393de51ec9fec163,fermi,common,5,0.2,0.060000000000000005,-0.004430718795473493,7.305100274690446e-11,1.4391917546790275e-13,1.4040058150206993e-05,1,0.0,"[0.5951685597743039,0.3542681704587247,0.05056326976697139]"
v3.3,393de51ec9fec163,fermi,common,5,0.2,0.07,-0.004424598771600077,2.2161229795703008e-10,6.129773454402624e-14,1.6561572966247885e-05,1,0.0,"[0.5951550718044701,0.35427575041725334,0.05056917777827665]"
v3.3,393de51ec9fec163,fermi,common,5,0.2,0.08,-0.004417553059525965,1.3838484524963945e-10,9.379052830921694e-14,1.9067666528814362e-05,1,0.0,"[0.5951395419626089,0.35428446715867695,0.05057599087871421]"
v3.3,393de51ec9fec163,fermi,common,5,0.2,0.09,-0.004409588370371434,1.4348899846083896e-10,1.357751952516901e-13,2.1556113188632866e-05,1,0.0,"[0.5951219842655341,0.35429430829859315,0.05058370743587274]"
v3.3,393de51ec9fec163,fermi,common,5,0.2,0.1,-0.004400712263954373,1.4702214445883044e-10,1.885890258315463e-13,2.402474603113133e-05,1,0.0,"[0.5951024144605888,0.35430525993228196,0.050592325607129354]"
v3.3,393de51ec9fec163,fermi,common,5,0.2,0.11,-0.004390933120873117,2.349279382141134e-10,4.3037145388079397e-17,2.6471466302592935e-05,1,0.0,"[0.595080849974814,0.3543173066826064,0.05060184334257961]"
v3.3,393de51ec9fec163,fermi,common,5,0.2,0.12000000000000001,-0.004380261581272242,7.693740783354386e-11,2.053076863415835e-10,2.8893466583331046e-05,1,0.0,"[0.5950573104792184,0.3543304311687293,0.05061225835205224]"
v3.3,393de51ec9fec163,fermi,common,5,0.2,0.13,-0.004368704552297507,7.714717059625897e-11,1.846244799994282e-10,3.129121822302335e-05,1,0.0,"[0.5950318152973868,0.35434461644753523,0.05062356825507805]"
v3.3,393de51ec9fec163,fermi,common,5,0.2,0.14,-0.0043562743029069775,1.4038713247455092e-10,1.5719894612830123e-10,3.36603896566311e-05,1,0.0,"[0.5950043872105835,0.35435984242898105,0.05063577036043558]"
v3.3,393de51ec9fec163,fermi,common,5,0.2,0.15000000000000002,-0.00434298228772001,7.410658892093025e-11,1.2307644110203995e-10,3.600003990534728e-05,1,0.0,"[0.5949750497782355,0.3543760884003705,0.05064886182139401]"
v3.3,393de51ec9fec163,fermi,common,5,0.2,0.16,-0.004328840672255724,2.3109168745261144e-10,8.444743953378327e-11,3.830848173079593e-05,1,0.0,"[0.5949438279326722,0.3543933324661269,0.05066283960120094]"
v3.3,393de51ec9fec163,fermi,common,5,0.2,0.16999999999999998,-0.004313861990221449,7.12536835090205e-11,5.925663912309607e-17,4.058429829911069e-05,1,0.0,"[0.5949107477688814,0.3544115517463121,0.05067770048480656]"
v3.3,393de51ec9fec163,fermi,common,5,0.2,0.18,-0.00429806062827532,1.2043462060962185e-10,7.471771852229562e-17,4.2825357852866105e-05,1,0.0,"[0.5948758371167013,0.3544307218350344,0.050693441048264315]"
v3.3,393de51ec9fec163,fermi,common,5,0.2,0.19,-0.004281450075117196,2.389695663573832e-10,1.2896438461556713e-16,4.5031095893233786e-05,1,0.0,"[0.5948391243007771,0.3544508179725322,0.05071005772669081]"
v3.3,393de51ec9fec163,fermi,common,5,0.2,0.2,-0.0042640449959096965,1.5008096848623254e-10,3.638193076319669e-15,4.719991885723991e-05,1,0.0,"[0.5948006389621823,0.35447181426807167,0.050727546769746064]"
v3.3,393de51ec9fec163,fermi,common,5,0.2,0.21000000000000002,-0.004245860622408969,7.168839133431248e-11,5.8741360604331205e-15,4.9330659581583114e-05,1,0.0,"[0.594760411724286,0.35449368401509096,0.05074590426062307]"
v3.3,393de51ec9fec163,fermi,common,5,0.2,0.22000000000000003,-0.00422691262304075,7.435550786194511e-11,9.323279846051257e-15,5.1422257944799936e-05,1,0.0,"[0.594718474112094,0.3545163997667501,0.050765126121155794]"
v3.3,393de51ec9fec163,fermi,common,5,0.2,0.22999999999999998,-0.0042072175683847204,7.088662989929162e-11,4.179490451238442e-11,5.34736049950021e-05,1,0.0,"[0.5946748585958264,0.35453993329170164,0.050785208112471995]"
v3.3,393de51ec9fec163,fermi,common,5,0.2,0.24,-0.0041867911788110584,1.4120272312512228e-10,2.1822567349434143e-14,5.548448005253617e-05,1,0.0,"[0.5946295978865155,0.35456425625022586,0.05080614586325868]"
v3.3,393de51ec9fec163,fermi,common,5,0.2,0.25,-0.004165651476485684,8.353799596516609e-11,3.17425411296375e-12,5.745319570977831e-05,1,0.0,"[0.5945827261111057,0.35458933905963075,0.05082793482926359]"
v3.3,393de51ec9fec163,fermi,common,5,0.2,0.26,-0.004143815544842694,7.31345539684014e-11,4.7818034932123055e-14,5.937978771646547e-05,1,0.0,"[0.5945342774407086,0.3546151522142632,0.05085057034502811]"
v3.3,393de51ec9fec163,fermi,common,5,0.2,0.27,-0.004121301247660303,7.883989294743543e-11,6.912080309457922e-14,6.12635020292576e-05,1,0.0,"[0.5944842867252772,0.3546416656689567,0.05087404760576605]"
v3.3,393de51ec9fec163,fermi,common,5,0.2,0.28,-0.004098126652417995,1.5732398717105411e-10,9.85107500980704e-14,6.310395502148562e-05,1,0.0,"[0.5944327892012488,0.3546688491204428,0.05089836167830848]"
v3.3,393de51ec9fec163,fermi,common,5,0.2,0.29,-0.004074310182560485,1.8799474477138034e-10,1.3856408133718872e-13,6.49008058059258e-05,1,0.0,"[0.5943798204607575,0.35469667203288446,0.05092350750635799]"
v3.3,393de51ec9fec163,fermi,common,5,0.2,0.3,-0.004049870461033639,1.4378002954895663e-10,1.9254374640408475e-13,6.66538211235417e-05,1,0.0,"[0.5943254163686323,0.3547251037151569,0.050949479916210745]"
v3.3,393de51ec9fec163,fermi,common,5,0.2,0.31,-0.004024826338930851,1.5092277427797285e-10,2.645676105291304e-13,6.836286099212436e-05,1,0.0,"[0.5942696129905326,0.35475411338706325,0.05097627362240405]"
v3.3,393de51ec9fec163,fermi,common,5,0.2,0.32,-0.0039991968397857375,2.2010933353744377e-10,3.5962508201771326e-13,7.002787535761612e-05,1,0.0,"[0.5942124465234089,0.3547836702432393,0.05100388323335171]"
v3.3,393de51ec9fec163,fermi,common,5,0.2,0.33,-0.003973001148937255,1.5058200519835196e-10,4.839366731582274e-13,7.16489005034056e-05,1,0.0,"[0.5941539532284694,0.3548137435145751,0.05103230325695543]"
v3.3,393de51ec9fec163,fermi,common,5,0.2,0.33999999999999997,-0.003946258556687607,1.4434568124110925e-10,6.450704450728808e-13,7.322605525675464e-05,1,0.0,"[0.594094169366808,0.3548443025270119,0.05106152810618014]"
v3.3,393de51ec9fec163,fermi,common,5,0.2,0.35,-0.003918988450409701,2.3144303834543578e-10,8.52302495069798e-13,7.47595370235063e-05,1,0.0,"[0.594033131137825,0.3548753167575922,0.05109155210458292]"
v3.3,393de51ec9fec163,fermi,common,5,0.2,0.36,-0.003891210270685466,2.1576350428542668e-10,1.11658361125141e-12,7.624961768581831e-05,1,0.0,"[0.5939708746205482,0.3549067558876666,0.051122369491785044]"
v3.3,393de51ec9fec163,fermi,common,5,0.2,0.37,-0.0038629434906383986,2.300585555392587e-10,1.451239981100752e-12,7.769663939006429e-05,1,0.0,"[0.5939074357179437,0.3549385898531784,0.05115397442887785]"
v3.3,393de51ec9fec163,fermi,common,5,0.2,0.38,-0.0038342075842421677,2.103622762095192e-10,1.8719641865690292e-12,7.910101026420145e-05,1,0.0,"[0.5938428501042725,0.35497078889197387,0.051186361003753594]"
v3.3,393de51ec9fec163,fermi,common,5,0.2,0.39,-0.0038050220147451894,8.005594798188298e-11,2.3973941615566334e-12,8.046320008076874e-05,1,0.0,"[0.5937771531755456,0.3550033235881007,0.05121952323635364]"
v3.3,393de51ec9fec163,fermi,common,5,0.2,0.4,-0.0037754061527813104,1.4579468188280487e-10,3.049365588295358e-12,8.178373590473129e-05,1,0.0,"[0.593710380003094,0.3550361649130796,0.05125345508382635]"
v3.3,393de51ec9fec163,fermi,common,5,0.2,0.41,-0.0037453793603999183,7.771806115330904e-11,3.85363230611673e-12,8.30631977416987e-05,1,0.0,"[0.5936425652902645,0.3550692842641473,0.051288150445588244]"
v3.3,393de51ec9fec163,fermi,common,5,0.2,0.42,-0.0037149608629502284,2.1957262397176436e-10,4.839949108641959e-12,8.430221421847596e-05,1,0.0,"[0.593573743332226,0.3551026534994908,0.05132360316828312]"
v3.3,393de51ec9fec163,fermi,common,5,0.2,0.43,-0.0036841697718693264,1.2627024426059563e-10,6.04298864898429e-12,8.550145830688965e-05,1,0.0,"[0.5935039479788654,0.3551362449705017,0.05135980705063286]"
v3.3,393de51ec9fec163,fermi,common,5,0.2,0.44,-0.0036530250854448776,7.432651022432069e-11,7.502578557244398e-12,8.666164312232332e-05,1,0.0,"[0.5934332126007267,0.3551700315510964,0.05139675584817692]"
v3.3,393de51ec9fec163,fermi,common,5,0.2,0.45,-0.0036215456797109927,1.4425304700749209e-10,2.581198727796322e-11,8.77834542533946e-05,1,0.0,"[0.5933615701106739,0.3552039866142979,0.0514344432750283]"
v3.3,393de51ec9fec163,fermi,common,5,0.2,0.46,-0.0035897498960106716,1.219762069126773e-10,1.1381964760172868e-11,8.886792689106901e-05,1,0.0,"[0.5932890526721165,0.3552380843051712,0.051472863022712284]"
v3.3,393de51ec9fec163,fermi,common,5,0.2,0.47,-0.0035576565110914324,2.1318451171037367e-10,1.391406431785704e-11,8.99154894502527e-05,1,0.0,"[0.5932156922010012,0.3552722990631195,0.051512008735879355]"
v3.3,393de51ec9fec163,fermi,common,5,0.2,0.48,-0.003525283640492316,2.4568916345835135e-10,1.692918492794527e-11,9.092722925386399e-05,1,0.0,"[0.5931415198160291,0.3553066061387382,0.0515518740452326]"
v3.3,393de51ec9fec163,fermi,common,5,0.2,0.49,-0.0034926492852035557,2.1306038183732667e-10,2.0504310439524884e-11,9.190393718569011e-05,1,0.0,"[0.5930665660824643,0.35534098136020986,0.05159245255732585]"
v3.3,393de51ec9fec163,fermi,common,5,0.2,0.5,-0.0034597712051042118,2.113381275536952e-10,2.4726254414082108e-11,9.284648473134375e-05,1,0.0,"[0.5929908609421629,0.3553754011964003,0.05163373786143678]"
v3.3,393de51ec9fec163,fermi,common,5,0.2,0.51,-0.003426666909829755,1.4504039635987453e-10,2.969276814865771e-11,9.375575724276719e-05,1,0.0,"[0.5929144336988147,0.3554098427677396,0.05167572353344565]"
v3.3,393de51ec9fec163,fermi,common,5,0.2,0.52,-0.003393353411883633,7.331470847082855e-11,5.4271955129166545e-14,9.463278292539716e-05,1,0.0,"[0.5928373128943192,0.35544428395433725,0.051718403151343635]"
v3.3,393de51ec9fec163,fermi,common,5,0.2,0.53,-0.0033598481476625197,7.297261406247202e-11,9.84397832584292e-12,9.547805745665483e-05,1,0.0,"[0.5927595267534637,0.3554787029945955,0.05176177025194078]"
v3.3,393de51ec9fec163,fermi,common,5,0.2,0.54,-0.003326167446150205,2.2484553108270688e-10,8.992357300136674e-12,9.629295336611619e-05,1,0.0,"[0.5926811024413811,0.3555130791512815,0.051805818407337334]"
v3.3,393de51ec9fec163,fermi,common,5,0.2,0.55,-0.0032923277653651092,1.3706798196455594e-10,8.069433196984975e-12,9.707815376190185e-05,1,0.0,"[0.5926020666407349,0.35554739218550874,0.05185054117375623]"
v3.3,393de51ec9fec163,fermi,common,5,0.2,0.56,-0.003258345178300537,6.935728380508266e-11,7.159064385919739e-12,9.783460863791235e-05,1,0.0,"[0.5925224453220642,0.3555816225640701,0.0518959321138657]"
v3.3,393de51ec9fec163,fermi,common,5,0.2,0.5700000000000001,-0.0032242354058531347,1.5164827726898977e-10,6.301614271071466e-12,9.856322575123998e-05,1,0.0,"[0.592442263775042,0.3556157514273927,0.05194198479756524]"
v3.3,393de51ec9fec163,fermi,common,5,0.2,0.5800000000000001,-0.003190013908244277,1.3640172324969058e-10,5.518044854554693e-12,9.926490784191471e-05,1,0.0,"[0.5923615466080945,0.35564976058692416,0.051988692804981376]"
v3.3,393de51ec9fec163,fermi,common,5,0.2,0.5900000000000001,-0.0031556957808279162,2.1627124396905728e-10,4.8175867353148e-12,9.99405506691435e-05,1,0.0,"[0.592280317749562,0.35568363252109125,0.05203604972934673]"
v3.3,393de51ec9fec163,fermi,common,5,0.2,0.6000000000000001,-0.003121295796109029,1.3339547522139839e-10,4.200985272978189e-12,0.00010059104116179196,1,0.0,"[0.5921986004503332,0.3557173503699053,0.05208404917976148]"
v3.3,393de51ec9fec163,fermi,common,5,0.2,0.6100000000000001,-0.0030868283975758123,1.2312677960535368e-10,3.662336128450357e-12,0.00010121725571292224,1,0.0,"[0.5921164172878529,0.355750897928308,0.05213268478383922]"
v3.3,393de51ec9fec163,fermi,common,5,0.2,0.6200000000000001,-0.00305230768428659,7.601162060888456e-11,3.191405038321782e-12,0.00010182005861934741,1,0.0,"[0.5920337901714062,0.35578425963835547,0.05218195019023825]"
v3.3,393de51ec9fec163,fermi,common,5,0.2,0.63,-0.0030177474083581957,2.0314786658426343e-10,2.775738746258565e-12,0.00010240030067053252,1,0.0,"[0.5919507403485759,0.3558174205803426,0.05223183907108145]"
v3.3,393de51ec9fec163,fermi,common,5,0.2,0.64,-0.0029831610080093655,7.169060484146783e-11,2.4027937429793407e-12,0.00010295881787924596,1,0.0,"[0.5918672884127728,0.355850366462961,0.05228234512426629]"
v3.3,393de51ec9fec163,fermi,common,5,0.2,0.65,-0.002948561521911596,1.228173500400498e-10,2.062223689438666e-12,0.00010349643034877234,1,0.0,"[0.591783454311747,0.3558830836125853,0.052333462075667796]"
v3.3,393de51ec9fec163,fermi,common,5,0.2,0.66,-0.002913961711639844,2.1315403261890076e-10,1.746025996845683e-12,0.00010401394127904765,1,0.0,"[0.5916992573569793,0.3559155589617832,0.052385183681237665]"
v3.3,393de51ec9fec163,fermi,common,5,0.2,0.67,-0.002879373949029134,7.303264243363472e-11,1.4496144424796712e-12,0.00010451213608795263,1,0.0,"[0.5916147162338755,0.3559477800371239,0.05243750372900056]"
v3.3,393de51ec9fec163,fermi,common,5,0.2,0.68,-0.002844810273124134,1.2591418879770444e-10,1.17181674377691e-12,0.00010499178165894072,1,0.0,"[0.5915298490126729,0.35597973494637586,0.05249041604095125]"
v3.3,393de51ec9fec163,fermi,common,5,0.2,0.6900000000000001,-0.0028102823885784826,1.1890990622709374e-10,9.150893379622006e-13,0.00010545362569865835,1,0.0,"[0.5914446731599811,0.3560114123651645,0.05254391447485448]"
v3.3,393de51ec9fec163,fermi,common,5,0.2,0.7000000000000001,-0.0027758016470402075,1.2141265770537757e-10,6.8372531053598e-13,0.00010589839620847713,1,0.0,"[0.5913592055508763,0.3560428015231733,0.052597992925950444]"
v3.3,393de51ec9fec163,fermi,common,5,0.2,0.7100000000000001,-0.002741379067649659,2.255638072157229e-10,7.568872971452261e-13,0.00010632680007551627,1,0.0,"[0.5912734624823368,0.35607389218925667,0.052652645328406564]"
v3.3,393de51ec9fec163,fermi,common,5,0.2,0.7200000000000001,-0.0027070253309770635,1.9416478147515903e-10,8.93219848109129e-13,0.00010673952648684542,1,0.0,"[0.5911874596838295,0.35610467465876994,0.052707865657400564]"
v3.3,393de51ec9fec163,fermi,common,5,0.2,0.7300000000000001,-0.0026727507817092995,1.874379991495534e-10,1.0509961711378051e-12,0.00010713724147407012,1,0.0,"[0.5911012123327198,0.35613513973743327,0.05276364792984695]"
v3.3,393de51ec9fec163,fermi,common,5,0.2,0.7400000000000001,-0.0026385654398487397,2.1912619288522173e-10,1.2332182038269134e-12,0.00010752059058671872,1,0.0,"[0.5910147350676227,0.35616527872624426,0.052819986206133034]"
v3.3,393de51ec9fec163,fermi,common,5,0.2,0.7500000000000001,-0.002604478987045019,2.076900595948672e-10,1.4430871444361615e-12,0.00010789019859581614,1,0.0,"[0.5909280420020802,0.3561950834066071,0.0528768745913127]"
v3.3,393de51ec9fec163,fermi,common,5,0.2,0.76,-0.0025705007965942314,1.8324372574873848e-10,1.6842901891047072e-12,0.00010824666927428117,1,0.0,"[0.5908411467386201,0.3562245460250858,0.05293430723629411]"
v3.3,393de51ec9fec163,fermi,common,5,0.2,0.77,-0.0025366399087164045,2.3680785110613556e-10,1.96073682677642e-12,0.00010859058544936125,1,0.0,"[0.5907540623829433,0.35625365927810726,0.0529922783389496]"
v3.3,393de51ec9fec163,fermi,common,5,0.2,0.78,-0.002502905061430402,9.941435175075952e-11,2.535833389755095e-12,0.00010892250803614696,1,0.0,"[0.5906668015592806,0.3562824162952776,0.05305078214544174]"
v3.3,393de51ec9fec163,fermi,common,5,0.2,0.79,-0.0024693046662478887,1.476931112132096e-10,2.6374843301816923e-12,0.00010924298266783626,1,0.0,"[0.5905793764192666,0.3563108106310123,0.053109812949721204]"
v3.3,393de51ec9fec163,fermi,common,5,0.2,0.8,-0.002435846847536078,2.3065940824018583e-10,3.0479402509862527e-12,0.00010955252378236592,1,0.0,"[0.5904917986671162,0.35633883623554374,0.05316936509734003]"
v3.3,393de51ec9fec163,fermi,common,5,0.2,0.81,-0.002402539425096443,1.3274026322562804e-10,3.5142428607373846e-12,0.00010985163637261918,1,0.0,"[0.5904040795630234,0.3563664874536306,0.05322943298334592]"
v3.3,393de51ec9fec163,fermi,common,5,0.2,0.8200000000000001,-0.0023693899183791986,1.4635822762065764e-10,4.042636356875066e-12,0.00011014080020127949,1,0.0,"[0.5903162299427894,0.35639375900271436,0.05329001105449622]"
v3.3,393de51ec9fec163,fermi,common,5,0.2,0.8300000000000001,-0.002336405547251369,1.446684438910495e-10,2.527794230149234e-12,0.0001104204841418886,1,0.0,"[0.5902282602237907,0.3564206459657486,0.05335109381046067]"
v3.3,393de51ec9fec163,fermi,common,5,0.2,0.8400000000000001,-0.0023035932845380837,6.218362283427759e-11,2.7745226018305984e-12,0.00011069110918818601,1,0.0,"[0.5901401804456358,0.35644714375299114,0.053412675801373065]"
v3.3,393de51ec9fec163,fermi,common,5,0.2,0.8500000000000001,-0.0022709597934659695,1.3179376340266558e-10,3.0409779809954603e-12,0.00011095311859605283,1,0.0,"[0.5900520002458549,0.35647324812136866,0.05347475163277635]"
v3.3,393de51ec9fec163,fermi,common,5,0.2,0.8600000000000001,-0.0022385114721691426,1.4968756442690356e-10,3.328441393148009e-12,0.00011120691123465043,1,0.0,"[0.589963728897747,0.3564989551389178,0.05353731596333526]"
v3.3,393de51ec9fec163,fermi,common,5,0.2,0.8700000000000001,-0.00220625445651609,1.2495867188211385e-10,3.638143107390165e-12,0.0001114528743444098,1,0.0,"[0.5898753753179968,0.3565242611760567,0.053600363505946325]"
v3.3,393de51ec9fec163,fermi,common,5,0.2,0.8800000000000001,-0.002174194619128586,2.1132690042335867e-10,3.971427697896904e-12,0.00011169137777659883,1,0.0,"[0.5897869480798628,0.3565491628920122,0.05366388902812509]"
v3.3,393de51ec9fec163,fermi,common,5,0.2,0.89,-0.0021423375815358622,1.4134828030254454e-10,4.329662602170456e-12,0.00011192277448132964,1,0.0,"[0.5896984554261204,0.3565736572215403,0.05372788735233916]"
v3.3,393de51ec9fec163,fermi,common,5,0.2,0.9,-0.0021106887130147127,1.405125356346293e-10,4.714261995655853e-12,0.00011214740100425481,1,0.0,"[0.5896099052817545,0.35659774136195715,0.053792353356288236]"
v3.3,393de51ec9fec163,fermi,common,5,0.2,0.91,-0.0020792531432143567,1.9095494976917315e-10,5.126637077074202e-12,0.00011236557799618947,1,0.0,"[0.5895213052663788,0.35662141276048753,0.053857281973133664]"
v3.3,393de51ec9fec163,fermi,common,5,0.2,0.92,-0.0020480357799118713,6.267602062348665e-11,5.568476694891469e-12,0.00011257761072580683,1,0.0,"[0.5894326627063792,0.35664466910194237,0.053922668191678395]"
v3.3,393de51ec9fec163,fermi,common,5,0.2,0.93,-0.0020170412437189346,1.4686867694235772e-10,6.0411729489906356e-12,0.0001127837896013751,1,0.0,"[0.5893439846467642,0.35666750829673627,0.05398850705649952]"
v3.3,393de51ec9fec163,fermi,common,5,0.2,0.9400000000000001,-0.001986274017951775,1.2817078995364106e-10,6.546445871413015e-12,0.00011298439068907482,1,0.0,"[0.589255277862721,0.35668992846924436,0.05405479366803465]"
v3.3,393de51ec9fec163,fermi,common,5,0.2,0.9500000000000001,-0.001955738307336332,1.84806753233957e-10,7.085935636203799e-12,0.00011317967623759113,1,0.0,"[0.5891665488708644,0.35671192794651174,0.05412152318262387]"
v3.3,393de51ec9fec163,fermi,common,5,0.2,0.9600000000000001,-0.001925438123343684,1.5437243150451252e-10,7.661471436970316e-12,0.00011336989519626715,1,0.0,"[0.5890778039401778,0.35673350524731323,0.054188690812508905]"
v3.3,393de51ec9fec163,fermi,common,5,0.2,0.9700000000000001,-0.0018953772683520526,1.0706050282416335e-10,8.274732132025403e-12,0.00011355528373414571,1,0.0,"[0.5889890491026392,0.35675465907156984,0.05425629182579086]"
v3.3,393de51ec9fec163,fermi,common,5,0.2,0.9800000000000001,-0.0018655593496241657,1.2452958456088403e-10,8.92765405728454e-12,0.00011373606574924792,1,0.0,"[0.5889002901635325,0.3567753882901195,0.05432432154634812]"
v3.3,393de51ec9fec163,fermi,common,5,0.2,0.9900000000000001,-0.0018359877709449197,7.136784913042149e-11,9.622099843842305e-12,0.00011391245337873389,1,0.0,"[0.5888115327114375,0.3567956919348466,0.05439277535371599]"
v3.3,393de51ec9fec163,fermi,common,5,0.2,1.0,-0.0018066657684591252,7.163869150672575e-11,1.0359983231992601e-11,0.00011408464749419251,1,0.0,"[0.5887227821279035,0.35681556918916724,0.05446164868292932]"
v3.3,393de51ec9fec163,fermi,common,5,0.2,1.01,-0.0017775963475030222,1.7822918835230794e-10,1.1143355053321748e-11,0.00011425283819397025,1,0.0,"[0.5886340435968025,0.35683501937886775,0.054530937024329755]"
v3.3,393de51ec9fec163,fermi,common,5,0.2,1.02,-0.001748782396919498,1.1626282575560865e-10,1.1974240973319683e-11,0.00011441720528401734,1,0.0,"[0.588545322113364,0.3568540419632969,0.05460063592333905]"
v3.3,393de51ec9fec163,fermi,common,5,0.2,1.03,-0.001720226599684422,1.2668455867670403e-10,1.2854841187932158e-11,0.00011457791874823306,1,0.0,"[0.5884566224928944,0.3568726365269059,0.05467074098019966]"
v3.3,393de51ec9fec163,fermi,common,5,0.2,1.04,-0.0016919314776654773,1.1987213305308941e-10,1.3787175636046332e-11,0.00011473513921025489,1,0.0,"[0.5883679493791807,0.3568908027711352,0.05474124784968417]"
v3.3,393de51ec9fec163,fermi,common,5,0.2,1.05,-0.001663899395747407,2.1701188415712558e-10,1.477355045623436e-11,0.00011488901837862732,1,0.0,"[0.5882793072525858,0.35690854050663956,0.054812152240774716]"
v3.3,393de51ec9fec163,fermi,common,5,0.2,1.06,-0.0016361325540919895,1.3104396040519717e-10,1.581628503506414e-11,0.00011503969948604634,1,0.0,"[0.5881907004378351,0.3569258496458509,0.05488344991631416]"
v3.3,393de51ec9fec163,fermi,common,5,0.2,1.07,-0.0016086330362561074,6.790714171533985e-11,1.6917602272497857e-11,0.000115187317712565,1,0.0,"[0.5881021331114992,0.35694273019587086,0.054955136692629955]"
v3.3,393de51ec9fec163,fermi,common,5,0.2,1.08,-0.001581402694545226,1.1663747398471536e-10,1.807990145933775e-11,0.00011533200059484042,1,0.0,"[0.5880136093091813,0.3569591822516868,0.05502720843913183]"
v3.3,393de51ec9fec163,fermi,common,5,0.2,1.09,-0.001554443351227331,1.4727542796411086e-10,1.9305672895575423e-11,0.0001154738684259004,1,0.0,"[0.5879251329324088,0.35697520598970595,0.05509966107788527]"
v3.3,393de51ec9fec163,fermi,common,5,0.2,1.1,-0.0015277573111667983,7.822053421646658e-11,1.2564432099828331e-10,0.00011561267133393297,1,0.0,"[0.5878367081466234,0.3569908012927643,0.055172490560612325]"
v3.3,393de51ec9fec163,fermi,common,5,0.2,1.11,-0.0015013440320643529,1.1118945694721383e-10,2.195737800410575e-11,0.00011574996757895552,1,0.0,"[0.5877483374305759,0.35700596958845904,0.05524569298096505]"
v3.3,393de51ec9fec163,fermi,common,5,0.2,1.12,-0.0014752069366513083,1.8561083919843568e-10,2.3388492167909995e-11,0.00011588368385311535,1,0.0,"[0.5876600254962312,0.35702071015522774,0.0553192643485411]"
v3.3,393de51ec9fec163,fermi,common,5,0.2,1.1300000000000001,-0.001449346600286349,2.0845605103181342e-10,2.489310904738258e-11,0.00011601536269173874,1,0.0,"[0.5875717753806868,0.3570350238054508,0.0553932008138623]"
v3.3,393de51ec9fec163,fermi,common,5,0.2,1.1400000000000001,-0.0014237641608895943,1.1263040500253396e-10,2.6474066030641275e-11,0.00011614473225857422,1,0.0,"[0.5874835904086193,0.35704891103628306,0.055467498555097666]"
v3.3,393de51ec9fec163,fermi,common,5,0.2,1.1500000000000001,-0.0013984606497044506,1.2714987396300614e-10,2.8134053858553086e-11,0.00011627187698126754,1,0.0,"[0.5873954738061538,0.3570623723937823,0.0555421538000638]"
v3.3,393de51ec9fec163,fermi,common,5,0.2,1.1600000000000001,-0.0013734369780342252,1.3372279325518655e-10,2.9875777020978486e-11,0.00011639687644826413,1,0.0,"[0.587307428705876,0.3570754084684639,0.055617162825660024]"
v3.3,393de51ec9fec163,fermi,common,5,0.2,1.1700000000000002,-0.0013486937844335856,1.6726540291722714e-10,1.0925023439610895e-14,0.00011651991248674674,1,0.0,"[0.5872194580359269,0.3570880199939076,0.055692521970165526]"
v3.3,393de51ec9fec163,fermi,common,5,0.2,1.1800000000000002,-0.00132423214483764,6.286110174058557e-11,1.177977070853572e-14,0.00011664074220718332,1,0.0,"[0.587131564979946,0.3571002074380938,0.0557682275819601]"
v3.3,393de51ec9fec163,fermi,common,5,0.2,1.1900000000000002,-0.0013000524563128238,1.1124798651729328e-10,1.2733880480634748e-14,0.00011675973965340687,1,0.0,"[0.5870437523088038,0.3571119715974456,0.05584427609375057]"
v3.3,393de51ec9fec163,fermi,common,5,0.2,1.2000000000000002,-0.0012761552934409982,1.4396400044303093e-10,1.3760708272312036e-14,0.00011687686745530389,1,0.0,"[0.5869560228262645,0.3571233132009037,0.05592066397283192]"
v3.3,393de51ec9fec163,fermi,common,5,0.2,1.21,-0.0012525410680656775,1.2833358681296758e-10,1.4802289973119046e-14,0.00011699218511748558,1,0.0,"[0.5868683792641061,0.35713423300334296,0.05599738773255104]"
v3.3,393de51ec9fec163,fermi,common,5,0.2,1.22,-0.0012292101281838573,1.3915297039646113e-10,1.595251973708039e-14,0.0001171057488604295,1,0.0,"[0.5867808242857828,0.35714473178255063,0.05607444393166654]"
v3.3,393de51ec9fec163,fermi,common,5,0.2,1.23,-0.001206162738218837,1.3278767668767344e-10,1.7198138039534338e-14,0.00011721761183697929,1,0.0,"[0.5866933604898882,0.3571548103364122,0.05615182917369966]"
v3.3,393de51ec9fec163,fermi,common,5,0.2,1.24,-0.0011833990969413108,5.641010228374377e-11,1.8468047106007855e-14,0.00011732782433807177,1,0.0,"[0.5866059904134245,0.35716446948029856,0.056229540106276905]"
v3.3,393de51ec9fec163,fermi,common,5,0.2,1.25,-0.001160919270686081,7.792253300942242e-11,1.9817014652841307e-14,0.00011743643398514581,1,0.0,"[0.5865187165348902,0.35717371004464415,0.05630757342046574]"
v3.3,393de51ec9fec163,fermi,common,5,0.2,1.26,-0.0011387233361470663,1.0074934289616699e-10,2.1278531553699495e-14,0.00011754348591589824,1,0.0,"[0.5864315412771848,0.3571825328727117,0.056385925850103547]"
v3.3,393de51ec9fec163,fermi,common,5,0.2,1.27,-0.0011168112507738866,7.186003528336649e-11,2.2835012987980756e-14,0.00011764902295572524,1,0.0,"[0.5863444670103461,0.35719093881853237,0.05646459417112168]"
v3.3,393de51ec9fec163,fermi,common,5,0.2,1.28,-0.0010951828957018739,1.1076472031246176e-10,2.4434383822443357e-14,0.00011775308578250025,1,0.0,"[0.5862574960541201,0.3571989287450154,0.05654357520086446]"
v3.3,393de51ec9fec163,fermi,common,5,0.2,1.29,-0.0010738381228514483,1.0579103565389048e-10,2.7868006475926964e-14,0.00011785571307286553,1,0.0,"[0.5861706306803852,0.35720650352220623,0.056622865797408536]"
v3.3,393de51ec9fec163,fermi,common,5,0.2,1.3,-0.0010527766935626917,1.9830495232020517e-10,4.0811796921136607e-14,0.00011795694164053766,1,0.0,"[0.5860838731154162,0.3572136640257273,0.05670246285885657]"
v3.3,393de51ec9fec163,fermi,common,5,0.2,1.31,-0.0010319983300449698,1.637191181236286e-10,5.845134215683506e-14,0.0001180568066443644,1,0.0,"[0.5859972255419494,0.35722041113537306,0.05678236332267759]"
v3.3,393de51ec9fec163,fermi,common,5,0.2,1.32,-0.0010115026777549746,1.2973395621673767e-10,8.249699180824167e-14,0.00011815534159378865,1,0.0,"[0.5859106901012221,0.35722674573378405,0.05686256416499387]"
v3.3,393de51ec9fec163,fermi,common,5,0.2,1.33,-0.0009912893607998165,5.574609177050327e-11,1.1544437321190286e-13,0.00011825257854807767,1,0.0,"[0.5858242688947992,0.3572326687053069,0.05694306239989391]"
v3.3,393de51ec9fec163,fermi,common,5,0.2,1.34,-0.0009713578801711503,1.2357644074700858e-10,1.6047940535889283e-13,0.00011834854820927295,1,0.0,"[0.5857379639862927,0.35723818093496745,0.05702385507873984]"
v3.3,393de51ec9fec163,fermi,common,5,0.2,1.35,-0.0009517077808565526,1.1621301490571945e-10,2.219746288478325e-13,0.00011844328002359995,1,0.0,"[0.5856517774029627,0.35724328330756233,0.057104939289475014]"
v3.3,393de51ec9fec163,fermi,common,5,0.2,1.36,-0.0009323385066913638,6.89191516356491e-11,3.0591163671270823e-13,0.00011853680227794294,1,0.0,"[0.5855657111372036,0.3572479767068636,0.057186312155932804]"
v3.3,393de51ec9fec163,fermi,common,5,0.2,1.37,-0.0009132494584057592,1.727858307820629e-10,4.200775564829399e-13,0.00011862914218990333,1,0.0,"[0.5854797671479208,0.3572522620149322,0.05726797083714697]"
v3.3,393de51ec9fec163,fermi,common,5,0.2,1.3800000000000001,-0.0008944400009465586,1.0575482850549989e-10,5.748894171036173e-13,0.00011872032598934315,1,0.0,"[0.5853939473618057,0.35725614011153,0.057349912526664285]"
v3.3,393de51ec9fec163,fermi,common,5,0.2,1.3900000000000001,-0.0008759094607483815,1.2903356508275898e-10,7.834531431283098e-13,0.00011881037899671109,1,0.0,"[0.5853082536745097,0.3572596118736305,0.05743213445185986]"
v3.3,393de51ec9fec163,fermi,common,5,0.2,1.4,-0.0008576571159314844,9.160611158520737e-11,1.0619016140490248e-12,0.00011889932569375346,1,0.0,"[0.5852226879517259,0.35726267817501783,0.057514633873256185]"
v3.3,393de51ec9fec163,fermi,common,10,0.1,0.05,-0.00444089814265948,1.4023178451783025e-10,6.912300475495828e-15,0.0,1,0.0,"[0.5951995313191756,0.3542507311887719,0.05054973749205259]"
v3.3,393de51ec9fec163,fermi,common,10,0.1,0.060000000000000005,-0.004437895313240438,7.326064754842321e-11,2.0564342120267847e-14,3.5177159875374694e-06,1,0.0,"[0.5951966667433596,0.35425234463111777,0.05055098862552263]"
v3.3,393de51ec9fec163,fermi,common,10,0.1,0.07,-0.004434350248831487,6.971021676571709e-11,5.1729242548442836e-14,4.153036048833767e-06,1,0.0,"[0.5951932847153185,0.3542542484101696,0.05055246687451184]"
v3.3,393de51ec9fec163,fermi,common,10,0.1,0.08,-0.004430264753324413,7.276557134616723e-11,1.1513040403242702e-13,4.7862393699661495e-06,1,0.0,"[0.5951893869133269,0.3542564410289919,0.05055417205768117]"
v3.3,393de51ec9fec163,fermi,common,10,0.1,0.09,-0.0044256409975107144,2.349722985628411e-10,1.5738391073675087e-14,5.417012817413136e-06,1,0.0,"[0.5951849752645069,0.3542589207693535,0.05055610396613959]"
v3.3,393de51ec9fec163,fermi,common,10,0.1,0.1,-0.004420481367788262,2.1886867318521297e-10,2.644173700572271e-14,6.045046284639394e-06,1,0.0,"[0.5951800519426836,0.35426168569411165,0.050558262363204584]"
v3.3,393de51ec9fec163,fermi,common,10,0.1,0.11,-0.004414788529463608,1.4830433409107613e-10,4.243513124125632e-14,6.670037714670378e-06,1,0.0,"[0.5951746193622556,0.3542647336527997,0.050560646984944745]"
v3.3,393de51ec9fec163,fermi,common,10,0.1,0.12000000000000001,-0.004408566865585016,1.4608465132015525e-10,2.0332390764632392e-10,7.290918115549022e-06,1,0.0,"[0.5951686807846064,0.35426806171050834,0.05056325750488532]"
v3.3,393de51ec9fec163,fermi,common,10,0.1,0.13,-0.004401816551175768,1.567526386470064e-10,1.8438428755476405e-10,7.909784101015656e-06,1,0.0,"[0.5951622378165417,0.3542716685050004,0.05056609367845784]"
v3.3,393de51ec9fec163,fermi,common,10,0.1,0.14,-0.004394542573320358,1.5019729904253154e-10,1.595373176517265e-10,8.523916389826235e-06,1,0.0,"[0.595155294216767,0.3542755506607553,0.05056915512247756]"
v3.3,393de51ec9fec163,fermi,common,10,0.1,0.15000000000000002,-0.004386748636976613,1.3076834753933397e-10,1.2854724199617562e-10,9.133861582107204e-06,1,0.0,"[0.5951478533150879,0.35427970522028046,0.050572441464631704]"
v3.3,393de51ec9fec163,fermi,common,10,0.1,0.16,-0.004378438703749883,1.4735947184707499e-10,9.273294025410145e-11,9.739346603454192e-06,1,0.0,"[0.5951399186605922,0.3542841290337356,0.050575952305672106]"
v3.3,393de51ec9fec163,fermi,common,10,0.1,0.16999999999999998,-0.004369616589324055,7.26136720197168e-11,1.5182701460317413e-14,1.0340315402748458e-05,1,0.0,"[0.5951314938502463,0.35428881892115016,0.05057968722860334]"
v3.3,393de51ec9fec163,fermi,common,10,0.1,0.18,-0.004360287797285527,7.473119345569046e-11,1.8015510269367927e-14,1.0935753379543295e-05,1,0.0,"[0.5951225832881291,0.3542937709547167,0.050583645757154246]"
v3.3,393de51ec9fec163,fermi,common,10,0.1,0.19,-0.004350456295975788,1.376859251611684e-10,2.123964014962397e-14,1.1526339374673788e-05,1,0.0,"[0.5951131908451823,0.3542989817258088,0.05058782742900868]"
v3.3,393de51ec9fec163,fermi,common,10,0.1,0.2,-0.004340126999532512,7.544069535736497e-11,2.4684969825889235e-14,1.21114910990696e-05,1,0.0,"[0.5951033208580168,0.3543044474013439,0.05059223174063926]"
v3.3,393de51ec9fec163,fermi,common,10,0.1,0.21000000000000002,-0.0043293049468648495,1.5261641256314462e-10,2.8500403474784994e-14,1.2690987821986717e-05,1,0.0,"[0.5950929778431019,0.35431016399393417,0.05059685816296388]"
v3.3,393de51ec9fec163,fermi,common,10,0.1,0.22000000000000003,-0.0043179954887862596,7.74105848866391e-11,3.265403505020963e-14,1.326461896587299e-05,1,0.0,"[0.595082166489149,0.3543161273692468,0.050601706141604155]"
v3.3,393de51ec9fec163,fermi,common,10,0.1,0.22999999999999998,-0.004306204081948449,7.707766369602354e-11,3.720627720391023e-14,1.3832184311862633e-05,1,0.0,"[0.5950708916493309,0.3543223332535136,0.05060677509715538]"
v3.3,393de51ec9fec163,fermi,common,10,0.1,0.24,-0.004293936432634281,1.589808840130047e-10,4.204152625335508e-14,1.4393494164456912e-05,1,0.0,"[0.5950591583333696,0.354328777241162,0.050612064425468326]"
v3.3,393de51ec9fec163,fermi,common,10,0.1,0.25,-0.004281198425594962,1.5828765381753485e-10,4.7325820864557385e-14,1.4948369483615373e-05,1,0.0,"[0.5950469716995151,0.35433545480254264,0.05061757349794228]"
v3.3,393de51ec9fec163,fermi,common,10,0.1,0.26,-0.004267996115647196,2.2233184737707745e-10,1.2669582441286475e-12,1.5496637661850733e-05,1,0.0,"[0.5950343370498649,0.35434236128827346,0.050623301661861644]"
v3.3,393de51ec9fec163,fermi,common,10,0.1,0.27,-0.004254335702342293,6.480519593177192e-11,5.902862222720079e-14,1.6038158486753792e-05,1,0.0,"[0.5950212598050947,0.3543494919543556,0.05062924824054959]"
v3.3,393de51ec9fec163,fermi,common,10,0.1,0.28,-0.004240223597548248,2.304892179894047e-10,6.539962463829641e-14,1.6572759424249912e-05,1,0.0,"[0.595007745530486,0.3543568419354979,0.050635412534016204]"
v3.3,393de51ec9fec163,fermi,common,10,0.1,0.29,-0.004225666333202753,2.201367144127886e-10,7.222704768811459e-14,1.7100321925167068e-05,1,0.0,"[0.5949937998935075,0.3543644062875212,0.050641793818971256]"
v3.3,393de51ec9fec163,fermi,common,10,0.1,0.3,-0.004210670596393816,1.5334918057607894e-10,7.939453175758984e-14,1.7620716663526626e-05,1,0.0,"[0.5949794286727403,0.3543721799779284,0.050648391349331134]"
v3.3,393de51ec9fec163,fermi,common,10,0.1,0.31,-0.004195243210813535,2.2306312352782243e-10,8.699864456121095e-14,1.813382935729471e-05,1,0.0,"[0.5949646377463065,0.3543801578971525,0.050655204356541]"
v3.3,393de51ec9fec163,fermi,common,10,0.1,0.32,-0.004179391132011594,2.2393092241612678e-10,9.498214767768396e-14,1.8639556357856336e-05,1,0.0,"[0.594949433083779,0.3543883348662825,0.05066223204993856]"
v3.3,393de51ec9fec163,fermi,common,10,0.1,0.33,-0.004163121435336113,7.33584790135744e-11,1.0330982855664394e-13,1.9137804530075342e-05,1,0.0,"[0.5949338207381678,0.35439670564470593,0.050669473617126246]"
v3.3,393de51ec9fec163,fermi,common,10,0.1,0.33999999999999997,-0.0041464413135177194,1.540822330836633e-10,1.1208018430190544e-13,1.962849110292958e-05,1,0.0,"[0.5949178068380033,0.3544052649376452,0.05067692822435131]"
v3.3,393de51ec9fec163,fermi,common,10,0.1,0.35,-0.0041293580598371765,7.500632059898038e-11,1.2122056018841365e-13,2.011154350093421e-05,1,0.0,"[0.594901397579532,0.3544140074035741,0.05068459501689397]"
v3.3,393de51ec9fec163,fermi,common,10,0.1,0.36,-0.004111879072050677,7.329822165891287e-11,1.307513375289599e-13,2.0586899149802322e-05,1,0.0,"[0.5948845992190422,0.3544229276614953,0.0506924731194625]"
v3.3,393de51ec9fec163,fermi,common,10,0.1,0.37,-0.004094011830490338,7.760074527407568e-11,1.4067849387600724e-13,2.1054505264948118e-05,1,0.0,"[0.5948674180653358,0.3544320202980692,0.05070056163659504]"
v3.3,393de51ec9fec163,fermi,common,10,0.1,0.38,-0.004075763911395976,7.646874106148616e-11,1.5095196544136247e-13,2.1514318619565174e-05,1,0.0,"[0.594849860472357,0.3544412798745752,0.05070885965306787]"
v3.3,393de51ec9fec163,fermi,common,10,0.1,0.39,-0.004057142935275315,1.3941064275213577e-10,1.6166775116838933e-13,2.1966305296767646e-05,1,0.0,"[0.5948319328319936,0.35445070093369696,0.05071736623430932]"
v3.3,393de51ec9fec163,fermi,common,10,0.1,0.4,-0.004038156628001194,1.534945573422597e-10,1.7260825252390996e-13,2.241044042750445e-05,1,0.0,"[0.5948136415670605,0.3544602780061203,0.050726080426819184]"
v3.3,393de51ec9fec163,fermi,common,10,0.1,0.41,-0.004018812750378131,1.518751027718146e-10,1.4097508965503992e-13,2.2846707891422866e-05,1,0.0,"[0.5947949931244914,0.35447000561685177,0.050735001258656945]"
v3.3,393de51ec9fec163,fermi,common,10,0.1,0.42,-0.0039991191282001196,1.4401604908620413e-10,1.4266210657221676e-12,2.327509525495242e-05,1,0.0,"[0.5947759939725986,0.35447987828807076,0.050744127739330534]"
v3.3,393de51ec9fec163,fermi,common,10,0.1,0.43,-0.003979083667848882,2.112079608429518e-10,1.02383651980533e-11,2.3695583996530902e-05,1,0.0,"[0.5947566506062082,0.3544898905340075,0.05075345885978443]"
v3.3,393de51ec9fec163,fermi,common,10,0.1,0.44,-0.003958714084873326,1.5431909222707318e-10,8.499937589815669e-15,2.4108308116439084e-05,1,0.0,"[0.5947369694234589,0.35450003697552496,0.05076299360101626]"
v3.3,393de51ec9fec163,fermi,common,10,0.1,0.45,-0.00393801851420509,2.1553525630935155e-10,1.0524559818799415e-14,2.451307011176157e-05,1,0.0,"[0.594716956994139,0.35451031209107486,0.05077273091478624]"
v3.3,393de51ec9fec163,fermi,common,10,0.1,0.46,-0.003917004838760188,2.0091892038998083e-10,1.3037606514313973e-14,2.4910044265050335e-05,1,0.0,"[0.5946966197589755,0.3545207104956749,0.050782669745349535]"
v3.3,393de51ec9fec163,fermi,common,10,0.1,0.47,-0.0038956810294049835,2.3227939016656762e-10,1.6046954438773874e-14,2.5299221676674006e-05,1,0.0,"[0.5946759641779689,0.3545312268032407,0.05079280901879032]"
v3.3,393de51ec9fec163,fermi,common,10,0.1,0.48,-0.0038740550657058934,1.4357084271443554e-10,1.965572012302579e-14,2.5680639150099774e-05,1,0.0,"[0.594654996693455,0.3545418556607934,0.05080314764575153]"
v3.3,393de51ec9fec163,fermi,common,10,0.1,0.49,-0.0038521349432101212,7.40754263484078e-11,2.391344696043154e-14,2.605433976727356e-05,1,0.0,"[0.5946337237250495,0.35455259175306997,0.05081368452188046]"
v3.3,393de51ec9fec163,fermi,common,10,0.1,0.5,-0.0038299286647407726,2.2549222211676323e-10,6.944907595567968e-12,2.642034607040307e-05,1,0.0,"[0.5946121516864272,0.3545634297868001,0.0508244185267725]"
v3.3,393de51ec9fec163,fermi,common,10,0.1,0.51,-0.003807444134885783,1.3936893306087939e-10,6.2234467639296454e-12,2.6778794944555214e-05,1,0.0,"[0.5945902868920884,0.3545743645773232,0.0508353485305885]"
v3.3,393de51ec9fec163,fermi,common,10,0.1,0.52,-0.00378468935787786,1.4675168719113785e-10,5.434364741619794e-12,2.712966165256229e-05,1,0.0,"[0.594568135689116,0.35458539092587,0.05084647338501389]"
v3.3,393de51ec9fec163,fermi,common,10,0.1,0.53,-0.0037616722746869266,1.4526811698001296e-10,4.670428450228154e-12,2.747303976343264e-05,1,0.0,"[0.5945457043606537,0.3545965037091943,0.050857791930152]"
v3.3,393de51ec9fec163,fermi,common,10,0.1,0.54,-0.003738400806476999,1.2651464598167905e-10,3.9772931006610474e-12,2.7808999077644517e-05,1,0.0,"[0.5945229991451966,0.3546076978614559,0.05086930299334752]"
v3.3,393de51ec9fec163,fermi,common,10,0.1,0.55,-0.0037148828407331594,1.9122444600006006e-10,3.3766990563506103e-12,2.8137613664184082e-05,1,0.0,"[0.594500026232997,0.3546189683773793,0.05088100538962383]"
v3.3,393de51ec9fec163,fermi,common,10,0.1,0.56,-0.0036911262308795684,2.3083825129166513e-10,2.8705111982099516e-12,2.845896162872185e-05,1,0.0,"[0.5944767917626314,0.35463031031524617,0.05089289792212264]"
v3.3,393de51ec9fec163,fermi,common,10,0.1,0.5700000000000001,-0.0036671388089155946,7.190945755519706e-11,2.446049198755836e-12,2.8773124807834735e-05,1,0.0,"[0.5944533018177915,0.35464171879966755,0.05090497938254087]"
v3.3,393de51ec9fec163,fermi,common,10,0.1,0.5800000000000001,-0.0036429282983142103,1.4813197196650307e-10,2.082498340371357e-12,2.9080188472629718e-05,1,0.0,"[0.5944295624242946,0.3546531890241405,0.05091724855156486]"
v3.3,393de51ec9fec163,fermi,common,10,0.1,0.5900000000000001,-0.003618502465563979,1.3765175110869166e-10,1.7568566649925579e-12,2.938024104394345e-05,1,0.0,"[0.5944055795473006,0.3546647162533975,0.0509297041993018]"
v3.3,393de51ec9fec163,fermi,common,10,0.1,0.6000000000000001,-0.003593868966196005,2.1680198608597934e-10,1.4500464225581715e-12,2.9673373813416838e-05,1,0.0,"[0.5943813590887376,0.3546762958255547,0.050942345085707656]"
v3.3,393de51ec9fec163,fermi,common,10,0.1,0.6100000000000001,-0.0035690354127785456,2.1719841897249736e-10,1.1505999191176708e-12,2.9959680682604946e-05,1,0.0,"[0.594356906884918,0.3546879231540696,0.050955169961012264]"
v3.3,393de51ec9fec163,fermi,common,10,0.1,0.6200000000000001,-0.003544009360335318,1.44062706208814e-10,8.58295445185787e-13,3.0239257900613327e-05,1,0.0,"[0.5943322287043505,0.35469959372950915,0.05096817756614031]"
v3.3,393de51ec9fec163,fermi,common,10,0.1,0.63,-0.003518798303065035,7.839286164657011e-11,5.846615828206959e-13,3.05122038235823e-05,1,0.0,"[0.594307330245729,0.35471130312114185,0.05098136663312915]"
v3.3,393de51ec9fec163,fermi,common,10,0.1,0.64,-0.003493409647941717,2.312788016656242e-10,3.5047172884623547e-13,3.077861868118001e-05,1,0.0,"[0.5942822171360961,0.3547230469783613,0.0509947358855426]"
v3.3,393de51ec9fec163,fermi,common,10,0.1,0.65,-0.003467850763720859,1.5712572215553777e-10,3.4682723286861637e-13,3.103860373623483e-05,1,0.0,"[0.594256894929685,0.35473482103150894,0.05100828403880599]"
v3.3,393de51ec9fec163,fermi,common,10,0.1,0.66,-0.0034421289259616017,1.4459011071776828e-10,3.9977669859073465e-13,3.129226362145761e-05,1,0.0,"[0.5942313691048047,0.3547466210943196,0.05102200980087579]"
v3.3,393de51ec9fec163,fermi,common,10,0.1,0.67,-0.0034162513341129824,2.2512664649143588e-10,4.597272918192506e-13,3.153970240316121e-05,1,0.0,"[0.5942056450639682,0.35475844306371784,0.05103591187231394]"
v3.3,393de51ec9fec163,fermi,common,10,0.1,0.68,-0.0033902251239322154,7.34083904774252e-11,5.274289493321393e-13,3.178102532998067e-05,1,0.0,"[0.5941797281325705,0.3547702829205903,0.05104998894683915]"
v3.3,393de51ec9fec163,fermi,common,10,0.1,0.6900000000000001,-0.0033640573117406716,1.4047626950564052e-10,6.037173323123073e-13,3.201633864170458e-05,1,0.0,"[0.5941536235576996,0.3547821367306094,0.05106423971169108]"
v3.3,393de51ec9fec163,fermi,common,10,0.1,0.7000000000000001,-0.0033377548845683544,1.2956500455851838e-10,6.894930248790707e-13,3.224574916918843e-05,1,0.0,"[0.5941273365072716,0.3547940006447157,0.05107866284801269]"
v3.3,393de51ec9fec163,fermi,common,10,0.1,0.7100000000000001,-0.003311324709186471,7.399238860505974e-11,1.192574469267469e-12,3.246936315316053e-05,1,0.0,"[0.5941008720701297,0.3548058708989479,0.0510932570309224]"
v3.3,393de51ec9fec163,fermi,common,10,0.1,0.7200000000000001,-0.003284773566733956,7.130350476725056e-11,8.935968728504062e-13,3.2687292074874513e-05,1,0.0,"[0.5940742352513224,0.3548177438172708,0.05110802093140671]"
v3.3,393de51ec9fec163,fermi,common,10,0.1,0.7300000000000001,-0.0032581081535894216,1.4988436186635923e-10,1.0141782151475176e-12,3.2899637495495755e-05,1,0.0,"[0.5940474309798891,0.3548296158064704,0.05112295321364052]"
v3.3,393de51ec9fec163,fermi,common,10,0.1,0.7400000000000001,-0.0032313350844545563,1.3343090521367174e-10,1.1487719019255838e-12,3.3106510898519824e-05,1,0.0,"[0.594020464100257,0.3548414833613534,0.05113805253838965]"
v3.3,393de51ec9fec163,fermi,common,10,0.1,0.7500000000000001,-0.003204460867686977,1.3797728931619346e-10,1.2987431360002119e-12,3.330801855114923e-05,1,0.0,"[0.5939933393761332,0.3548533430620259,0.051153317561840966]"
v3.3,393de51ec9fec163,fermi,common,10,0.1,0.76,-0.0031774919252279127,1.3756347450044615e-10,1.4654887231477117e-12,3.350426736568251e-05,1,0.0,"[0.5939660614895519,0.354865191574196,0.051168746936252285]"
v3.3,393de51ec9fec163,fermi,common,10,0.1,0.77,-0.0031504345808502157,1.366953078507649e-10,1.6506425985190216e-12,3.3695363772848665e-05,1,0.0,"[0.5939386350408489,0.3548770256488593,0.05118433931029181]"
v3.3,393de51ec9fec163,fermi,common,10,0.1,0.78,-0.00312329506326834,7.122644141155376e-11,1.855843667159645e-12,3.388141360271866e-05,1,0.0,"[0.5939110645487325,0.35488884212189664,0.05120009332937077]"
v3.3,393de51ec9fec163,fermi,common,10,0.1,0.79,-0.003096079515431477,6.741715519176239e-11,2.0829234661723727e-12,3.4062521973564496e-05,1,0.0,"[0.5938833544504449,0.3549006379135855,0.05121600763596965]"
v3.3,393de51ec9fec163,fermi,common,10,0.1,0.8,-0.003068793936572549,1.5111575532578136e-10,2.3338345647726337e-12,3.4238793188097234e-05,1,0.0,"[0.5938555091020083,0.3549124100280339,0.051232080869957744]"
v3.3,393de51ec9fec163,fermi,common,10,0.1,0.81,-0.0030414442951211436,1.4603187062367518e-10,2.610687709657248e-12,3.441033063714771e-05,1,0.0,"[0.5938275327785526,0.35492415555254136,0.05124831166890611]"
v3.3,393de51ec9fec163,fermi,common,10,0.1,0.8200000000000001,-0.0030140364148570145,1.4332711753550775e-10,2.915597999728602e-12,3.457723671221846e-05,1,0.0,"[0.593799429674715,0.35493587165689106,0.05126469866839389]"
v3.3,393de51ec9fec163,fermi,common,10,0.1,0.8300000000000001,-0.002986576046579075,7.255350487067602e-11,3.251014567867758e-12,3.4739612720426345e-05,1,0.0,"[0.5937712039051137,0.3549475555925785,0.05128124050230773]"
v3.3,393de51ec9fec163,fermi,common,10,0.1,0.8400000000000001,-0.002959068780145839,1.526477104440982e-10,3.619461158912668e-12,3.489755881259762e-05,1,0.0,"[0.5937428595048828,0.35495920469198233,0.05129793580313485]"
v3.3,393de51ec9fec163,fermi,common,10,0.1,0.8500000000000001,-0.002931520197573142,1.513229819227746e-10,4.023545614293153e-12,3.505117391281788e-05,1,0.0,"[0.5937144004302694,0.35497081636748123,0.05131478320224926]"
v3.3,393de51ec9fec163,fermi,common,10,0.1,0.8600000000000001,-0.0029039357157520096,2.2659239415356858e-10,4.46616094796332e-12,3.520055565472102e-05,1,0.0,"[0.5936858305592879,0.35498238811052096,0.051331781330191124]"
v3.3,393de51ec9fec163,fermi,common,10,0.1,0.8700000000000001,-0.0028763206699958417,2.1362636312693972e-10,4.950386773819013e-12,3.5345800327029395e-05,1,0.0,"[0.5936571536924241,0.354993917490636,0.0513489288169398]"
v3.3,393de51ec9fec163,fermi,common,10,0.1,0.8800000000000001,-0.00284868029140763,1.5382462664748076e-10,5.479382262228645e-12,3.548700282088529e-05,1,0.0,"[0.5936283735533883,0.3550054021544316,0.05136622429218015]"
v3.3,393de51ec9fec163,fermi,common,10,0.1,0.89,-0.002821019713814526,1.4340487131114799e-10,6.0566216727850254e-12,3.562425658460054e-05,1,0.0,"[0.5935994937899116,0.3550168398245264,0.05138366638556197]"
v3.3,393de51ec9fec163,fermi,common,10,0.1,0.9,-0.0027933439713974315,6.930543985927962e-11,6.68559472699657e-12,3.575765358358994e-05,1,0.0,"[0.5935705179745828,0.3550282282984637,0.05140125372695332]"
v3.3,393de51ec9fec163,fermi,common,10,0.1,0.91,-0.0027656579897501303,1.3479450541864502e-10,7.37020256260285e-12,3.588728426313608e-05,1,0.0,"[0.5935414496057223,0.3550395654475907,0.05141898494668701]"
v3.3,393de51ec9fec163,fermi,common,10,0.1,0.92,-0.0027379666108948812,6.86073836630996e-11,8.114516024954116e-12,3.601323752009227e-05,1,0.0,"[0.5935122921082867,0.3550508492159128,0.05143685867580057]"
v3.3,393de51ec9fec163,fermi,common,10,0.1,0.93,-0.0027102745537074015,1.4783985841093639e-10,8.922704546082979e-12,3.61356006748346e-05,1,0.0,"[0.5934830488348054,0.35506207761892433,0.05145487354627024]"
v3.3,393de51ec9fec163,fermi,common,10,0.1,0.9400000000000001,-0.0026825864620718537,1.332359327033128e-10,9.799310997896482e-12,3.625445944827871e-05,1,0.0,"[0.5934537230663438,0.35507324874241813,0.05147302819123813]"
v3.3,393de51ec9fec163,fermi,common,10,0.1,0.9500000000000001,-0.002654906870051682,1.4277590915101612e-10,1.0749049224388456e-11,3.636989794539444e-05,1,0.0,"[0.5934243180134885,0.3550843607412783,0.05149132124523319]"
v3.3,393de51ec9fec163,fermi,common,10,0.1,0.9600000000000001,-0.0026272402141997928,1.2297461313148794e-10,1.1776914955718018e-11,3.6481998639212826e-05,1,0.0,"[0.5933948368173552,0.3550954118382585,0.05150975134438632]"
v3.3,393de51ec9fec163,fermi,common,10,0.1,0.9700000000000001,-0.0025995908437965176,7.457503017893607e-11,1.2888085790846748e-11,3.6590842361267965e-05,1,0.0,"[0.5933652825506128,0.3551064003227482,0.05152831712663887]"
v3.3,393de51ec9fec163,fermi,common,10,0.1,0.9800000000000001,-0.002571962976861842,2.0160149591386123e-10,1.4088159458881234e-11,3.669650829129955e-05,1,0.0,"[0.5933356582185265,0.3551173245495284,0.05154701723194523]"
v3.3,393de51ec9fec163,fermi,common,10,0.1,0.9900000000000001,-0.002544360794679082,6.462965232434392e-11,1.5382785332680053e-11,3.679907395692758e-05,1,0.0,"[0.5933059667600089,0.35512818293752146,0.0515658503024696]"
v3.3,393de51ec9fec163,fermi,common,10,0.1,1.0,-0.0025167883281274825,7.27444667003585e-11,1.677812670776337e-11,3.689861522683407e-05,1,0.0,"[0.5932762110486886,0.3551389739685348,0.05158481498277662]"
v3.3,393de51ec9fec163,fermi,common,10,0.1,1.01,-0.0024892495348680793,1.4349871291230443e-10,1.82804819872883e-11,3.699520631667247e-05,1,0.0,"[0.5932463938939817,0.35514969618600206,0.05160390992001625]"
v3.3,393de51ec9fec163,fermi,common,10,0.1,1.02,-0.0024617483087736904,6.914274708336166e-11,1.9896510550372406e-11,3.708891978971335e-05,1,0.0,"[0.5932165180421743,0.3551603481937228,0.05162313376410296]"
v3.3,393de51ec9fec163,fermi,common,10,0.1,1.03,-0.0024342883894549194,7.196151660671113e-11,2.1633127112289936e-11,3.71798265640462e-05,1,0.0,"[0.5931865861775081,0.35517092865460276,0.05164248516788925]"
v3.3,393de51ec9fec163,fermi,common,10,0.1,1.04,-0.0024068734705198803,2.1434003183440353e-10,2.3497654559942583e-11,3.7267995920211745e-05,1,0.0,"[0.5931566009232698,0.3551814362893967,0.05166196278733347]"
v3.3,393de51ec9fec163,fermi,common,10,0.1,1.05,-0.002379507154743974,1.399216957576055e-10,2.5497622103506344e-11,3.735349551254339e-05,1,0.0,"[0.5931265648428823,0.3551918698754551,0.051681565281662525]"
v3.3,393de51ec9fec163,fermi,common,10,0.1,1.06,-0.002352192938667459,1.450459093110812e-10,2.7641026702395734e-11,3.7436391380017396e-05,1,0.0,"[0.5930964804409955,0.3552022282454758,0.05170129131352871]"
v3.3,393de51ec9fec163,fermi,common,10,0.1,1.07,-0.0023249342485525994,7.249003827758393e-11,2.993603552478475e-11,3.75167479620739e-05,1,0.0,"[0.5930663501645753,0.355212510286263,0.051721139549161736]"
v3.3,393de51ec9fec163,fermi,common,10,0.1,1.08,-0.002297734171477713,1.9000298903670831e-10,3.752319933083405e-14,3.7594749101039445e-05,1,0.0,"[0.5930361762941473,0.3552227150357441,0.0517411086701086]"
v3.3,393de51ec9fec163,fermi,common,10,0.1,1.09,-0.002270596375902073,2.260754465577275e-10,4.0446970641310024e-14,3.767010315518809e-05,1,0.0,"[0.5930059613751203,0.35523284129690724,0.05176119732797244]"
v3.3,393de51ec9fec163,fermi,common,10,0.1,1.1,-0.0022435238182923686,6.463639692921852e-11,4.34922044480638e-14,3.774321342834392e-05,1,0.0,"[0.592975707586563,0.3552428882021704,0.051781404211266584]"
v3.3,393de51ec9fec163,fermi,common,10,0.1,1.11,-0.002216519569812909,1.196021545690762e-10,4.6804999917825605e-14,3.781402653190566e-05,1,0.0,"[0.5929454171554954,0.35525285484255437,0.05180172800195019]"
v3.3,393de51ec9fec163,fermi,common,10,0.1,1.12,-0.0021895866189910913,1.885812478397142e-10,5.0274317713086375e-14,3.7882599163022535e-05,1,0.0,"[0.5929150922566362,0.35526274035712035,0.051822167386243484]"
v3.3,393de51ec9fec163,fermi,common,10,0.1,1.1300000000000001,-0.0021627278749596843,1.91934277499195e-10,5.39667541271959e-14,3.794898653040834e-05,1,0.0,"[0.5928847350134594,0.35527254393179086,0.05184272105474986]"
v3.3,393de51ec9fec163,fermi,common,10,0.1,1.1400000000000001,-0.0021359461663012225,1.4708984724665086e-10,5.788664641613562e-14,3.8013242377850155e-05,1,0.0,"[0.5928543474992413,0.3552822647981854,0.05186338770257332]"
v3.3,393de51ec9fec163,fermi,common,10,0.1,1.1500000000000001,-0.002109244236818731,1.3727014316899933e-10,6.20243528222769e-14,3.807541900647499e-05,1,0.0,"[0.5928239317380986,0.3552919022324695,0.05188416602943206]"
v3.3,393de51ec9fec163,fermi,common,10,0.1,1.1600000000000001,-0.002082624759557318,7.490132125642646e-11,6.644007088345004e-14,3.813556729945147e-05,1,0.0,"[0.5927934897060151,0.3553014555542181,0.051905054739766775]"
v3.3,393de51ec9fec163,fermi,common,10,0.1,1.1700000000000002,-0.0020560903253333783,1.4693534583498646e-10,7.109673274350522e-14,3.81937367461292e-05,1,0.0,"[0.5927630233318586,0.35531092412529613,0.05192605254284542]"
v3.3,393de51ec9fec163,fermi,common,10,0.1,1.1800000000000002,-0.0020296434524931274,1.1203429503559015e-10,7.599326145077832e-14,3.824997546809228e-05,1,0.0,"[0.5927325344983839,0.3553203073487526,0.05194715815286337]"
v3.3,393de51ec9fec163,fermi,common,10,0.1,1.1900000000000002,-0.0020032865830361193,1.1215164907873998e-10,8.120171055475369e-14,3.830433024191881e-05,1,0.0,"[0.592702025043228,0.3553296046677324,0.051968370289039584]"
v3.3,393de51ec9fec163,fermi,common,10,0.1,1.2000000000000002,-0.0019770220854075267,1.2014543179783566e-10,8.671417352345301e-14,3.8356846529435285e-05,1,0.0,"[0.5926714967598866,0.35533881556440455,0.05198968767570882]"
v3.3,393de51ec9fec163,fermi,common,10,0.1,1.21,-0.001950852269542936,7.577348817844332e-11,9.25048552280122e-14,3.840756850003678e-05,1,0.0,"[0.592640951398683,0.355347939558907,0.05201110904240998]"
v3.3,393de51ec9fec163,fermi,common,10,0.1,1.22,-0.001924779334601178,5.986026951898538e-11,9.86162860457191e-14,3.845653905859037e-05,1,0.0,"[0.5926103906677209,0.35535697620830864,0.0520326331239704]"
v3.3,393de51ec9fec163,fermi,common,10,0.1,1.23,-0.001898805446724952,1.497362095426169e-10,1.0512091916336969e-13,3.8503799872209476e-05,1,0.0,"[0.592579816233824,0.35536592510558934,0.05205425866058674]"
v3.3,393de51ec9fec163,fermi,common,10,0.1,1.24,-0.0018729327062444803,7.405333637966471e-11,1.1190531981133144e-13,3.854939139719475e-05,1,0.0,"[0.5925492297234609,0.3553747858786369,0.05207598439790217]"
v3.3,393de51ec9fec163,fermi,common,10,0.1,1.25,-0.0018471631268973804,2.146610666997617e-10,1.1907101468165688e-13,3.859335290381221e-05,1,0.0,"[0.5925186327236578,0.35538355818926226,0.052097809087079755]"
v3.3,393de51ec9fec163,fermi,common,10,0.1,1.26,-0.0018214986687097312,6.71775239602379e-11,1.2662818384307538e-13,3.8635722505347724e-05,1,0.0,"[0.5924880267828947,0.3553922417322324,0.05211973148487293]"
v3.3,393de51ec9fec163,fermi,common,10,0.1,1.27,-0.0017959411974849994,2.2047835085414746e-10,1.3450543200436674e-13,3.867653718418993e-05,1,0.0,"[0.592457413411987,0.35540083623432084,0.052141750353692166]"
v3.3,393de51ec9fec163,fermi,common,10,0.1,1.28,-0.0017704925654041803,1.3996260053716902e-10,1.4287695580989647e-13,3.871583281679775e-05,1,0.0,"[0.5924267940849546,0.35540934145337694,0.052163864461668485]"
v3.3,393de51ec9fec163,fermi,common,10,0.1,1.29,-0.0017451545231171872,1.2046396866138842e-10,1.5163951324219002e-13,3.875364420313282e-05,1,0.0,"[0.5923961702398728,0.35541775717741314,0.052186072582714085]"
v3.3,393de51ec9fec163,fermi,common,10,0.1,1.3,-0.0017199287871105876,7.486085015773192e-11,1.608411170287125e-13,3.879000509018434e-05,1,0.0,"[0.5923655432797112,0.3554260832237093,0.052208373496579544]"
v3.3,393de51ec9fec163,fermi,common,10,0.1,1.31,-0.001694816964589417,2.2187966394748848e-10,1.704696477316284e-13,3.8824948199622924e-05,1,0.0,"[0.5923349145731562,0.3554343194379356,0.0522307659889082]"
v3.3,393de51ec9fec163,fermi,common,10,0.1,1.32,-0.0016698206693311728,1.3707042792465707e-10,1.8059848095264504e-13,3.8858505253368596e-05,1,0.0,"[0.5923042854554185,0.355442465693294,0.05225324885128751]"
v3.3,393de51ec9fec163,fermi,common,10,0.1,1.33,-0.0016449414149368145,1.289813637839199e-10,1.9116712971730023e-13,3.8890706999538465e-05,1,0.0,"[0.5922736572290255,0.3554505218896766,0.05227582088129788]"
v3.3,393de51ec9fec163,fermi,common,10,0.1,1.34,-0.0016201807257577583,1.3768467962971265e-10,8.36847714266437e-12,3.892155260393895e-05,1,0.0,"[0.5922430311948491,0.3554584879242875,0.05229848088086334]"
v3.3,393de51ec9fec163,fermi,common,10,0.1,1.35,-0.0015955399687551351,2.1200685651479034e-10,1.8420111295127896e-11,3.8951125146558474e-05,1,0.0,"[0.5922124085691898,0.3554663637698564,0.05232122766095385]"
v3.3,393de51ec9fec163,fermi,common,10,0.1,1.36,-0.0015710204300842662,7.454110245719292e-11,1.84578567225609e-11,3.897947354208386e-05,1,0.0,"[0.5921817905169953,0.355474149443066,0.05234406003993866]"
v3.3,393de51ec9fec163,fermi,common,10,0.1,1.37,-0.0015466234363884432,2.1561852303619844e-10,1.5854638326843227e-11,3.90065528247557e-05,1,0.0,"[0.5921511782449117,0.3554818449168471,0.052366976838241146]"
v3.3,393de51ec9fec163,fermi,common,10,0.1,1.3800000000000001,-0.0015223503058021705,6.392065002303049e-11,1.4770460652106025e-11,3.903240125637848e-05,1,0.0,"[0.5921205729188909,0.3554894501979463,0.05238997688316282]"
v3.3,393de51ec9fec163,fermi,common,10,0.1,1.3900000000000001,-0.0014982022146893328,2.0594400837459226e-10,1.8561088524211218e-11,3.9057047266443725e-05,1,0.0,"[0.5920899756737753,0.3554969653178164,0.05241305900840834]"
v3.3,393de51ec9fec163,fermi,common,10,0.1,1.4,-0.0014741804154573337,1.155646273121036e-10,3.659039654262067e-11,3.908049303854543e-05,1,0.0,"[0.5920593876395177,0.35550439030779674,0.05243622205268546]"
v3.3,393de51ec9fec163,fermi,common,20,0.05,0.05,-0.00444408469762856,2.181184260985347e-10,1.1551446449309e-16,0.0,1,0.0,"[0.5952044206377768,0.35424797518019613,0.05054760418202709]"
v3.3,393de51ec9fec163,fermi,common,20,0.05,0.060000000000000005,-0.00444248052999284,2.2344304184684916e-10,3.51576240419588e-16,8.80532747386339e-07,1,0.0,"[0.5952037036189903,0.3542483793185772,0.05054791706243238]"
v3.3,393de51ec9fec163,fermi,common,20,0.05,0.07,-0.004440585723939697,1.405758495720555e-10,8.181352527729726e-16,1.0400732467380979e-06,1,0.0,"[0.5952028566738505,0.35424885654174615,0.05054828678440332]"
v3.3,393de51ec9fec163,fermi,common,20,0.05,0.08,-0.004438400794043215,1.507836355774117e-10,1.7884390024885955e-15,1.1993366682758993e-06,1,0.0,"[0.5952018800218853,0.354249406653052,0.050548713325062514]"
v3.3,393de51ec9fec163,fermi,common,20,0.05,0.09,-0.004435926334609298,7.325659523438333e-11,3.652194448929264e-15,1.358281229610131e-06,1,0.0,"[0.595200773915768,0.3542500294262091,0.05054919665802294]"
v3.3,393de51ec9fec163,fermi,common,20,0.05,0.1,-0.004433163013373223,7.196659934649574e-11,6.866150700847024e-15,1.516865506662171e-06,1,0.0,"[0.5951995386410496,0.3542507246055582,0.05054973675339228]"
v3.3,393de51ec9fec163,fermi,common,20,0.05,0.11,-0.004430111553724747,7.243790289823693e-11,1.2177709553320392e-14,1.6750484781057732e-06,1,0.0,"[0.59519817451586,0.3542514919063623,0.050550333577777794]"
v3.3,393de51ec9fec163,fermi,common,20,0.05,0.12000000000000001,-0.004426772800896116,1.4740812043223528e-10,2.04935787940841e-14,1.8327895693640802e-06,1,0.0,"[0.5951966818905748,0.35425233101513326,0.050550987094291885]"
v3.3,393de51ec9fec163,fermi,common,20,0.05,0.13,-0.0044231489690058495,1.4281382326730707e-10,1.8586244017584987e-10,1.9893434277214123e-06,1,0.0,"[0.5951950617044616,0.354253241064958,0.05055169723058043]"
v3.3,393de51ec9fec163,fermi,common,20,0.05,0.14,-0.004419238225776605,1.479160890993647e-10,1.6338198565301707e-10,2.1468716324403412e-06,1,0.0,"[0.5951933131898203,0.35425422279932245,0.05055246401085728]"
v3.3,393de51ec9fec163,fermi,common,20,0.05,0.15000000000000002,-0.0044150430557465675,1.523331391584115e-10,1.352866332285741e-10,2.303070071147245e-06,1,0.0,"[0.5951914373990215,0.35425527524835826,0.050553287352620324]"
v3.3,393de51ec9fec163,fermi,common,20,0.05,0.16,-0.004410564583289575,1.391832066266474e-10,1.0224393049787172e-10,2.4586670992697796e-06,1,0.0,"[0.5951894348094725,0.3542563979856141,0.05055416720491348]"
v3.3,393de51ec9fec163,fermi,common,20,0.05,0.16999999999999998,-0.004405803540949257,1.4230112227453517e-10,1.644422204827588e-13,2.6138706813994937e-06,1,0.0,"[0.5951873057345585,0.3542575907415462,0.050555103523895376]"
v3.3,393de51ec9fec163,fermi,common,20,0.05,0.18,-0.004400762408575308,1.5387272012112874e-10,8.419530611931953e-15,2.767751925660876e-06,1,0.0,"[0.5951850512220624,0.35425885255415773,0.050556096223779885]"
v3.3,393de51ec9fec163,fermi,common,20,0.05,0.19,-0.0043954418000846235,7.665643814158685e-11,1.1135000524341551e-14,2.9213095656793765e-06,1,0.0,"[0.595182671530884,0.3542601832088762,0.05055714526023968]"
v3.3,393de51ec9fec163,fermi,common,20,0.05,0.2,-0.004389843094402511,1.4968518091684757e-10,1.4601039546659808e-14,3.0741221474804217e-06,1,0.0,"[0.5951801672533762,0.35426158217784337,0.0505582505687805]"
v3.3,393de51ec9fec163,fermi,common,20,0.05,0.21000000000000002,-0.004383967781562102,1.5357332766585685e-10,1.8906606512936158e-14,3.226154423233088e-06,1,0.0,"[0.5951775390101897,0.3542630489083998,0.05055941208141055]"
v3.3,393de51ec9fec163,fermi,common,20,0.05,0.22000000000000003,-0.004377817399819239,7.426324832859876e-11,2.4236163140116706e-14,3.377372414609817e-06,1,0.0,"[0.5951747874493002,0.35426458282396756,0.0505606297267323]"
v3.3,393de51ec9fec163,fermi,common,20,0.05,0.22999999999999998,-0.004371393525650573,1.5183825724518485e-10,3.076792891341593e-14,3.5277429810547125e-06,1,0.0,"[0.5951719132453819,0.35426618332466336,0.05056190342995482]"
v3.3,393de51ec9fec163,fermi,common,20,0.05,0.24,-0.004364697851225431,1.5595448543681556e-10,3.858926935650681e-14,3.677233845220191e-06,1,0.0,"[0.5951689170991614,0.35426784978793174,0.05056323311290696]"
v3.3,393de51ec9fec163,fermi,common,20,0.05,0.25,-0.004357732115148075,2.333761378592314e-10,2.634360394821089e-12,3.8258040674446045e-06,1,0.0,"[0.5951657997442988,0.3542695815618013,0.050564618693899846]"
v3.3,393de51ec9fec163,fermi,common,20,0.05,0.26,-0.004350498089254161,1.3580544327984612e-10,5.1578611968123394e-12,3.973443109674709e-06,1,0.0,"[0.59516256192339,0.3542713779881554,0.05056606008845464]"
v3.3,393de51ec9fec163,fermi,common,20,0.05,0.27,-0.004342997573040651,1.3651786645585418e-10,7.27574236596594e-14,4.120137108087573e-06,1,0.0,"[0.5951592043906965,0.35427323840128505,0.05056755720801842]"
v3.3,393de51ec9fec163,fermi,common,20,0.05,0.28,-0.004335232568754607,1.4754377580805667e-10,8.858037003074895e-14,4.2657861900012375e-06,1,0.0,"[0.5951557279800267,0.35427516205890613,0.05056910996106727]"
v3.3,393de51ec9fec163,fermi,common,20,0.05,0.29,-0.004327205013323683,7.100732501985618e-11,1.0712421268669267e-13,4.410426117401776e-06,1,0.0,"[0.5951521334977036,0.3542771482495056,0.05057071825279091]"
v3.3,393de51ec9fec163,fermi,common,20,0.05,0.3,-0.004318916917265436,1.4820561444750524e-10,1.2876317359071755e-13,4.554011978885583e-06,1,0.0,"[0.595148421786304,0.35427919622864684,0.0505723819850492]"
v3.3,393de51ec9fec163,fermi,common,20,0.05,0.31,-0.004310370375315814,1.428911086676088e-10,1.5392980332119137e-13,4.696518087057444e-06,1,0.0,"[0.5951445937095136,0.35428130523405416,0.05057410105643237]"
v3.3,393de51ec9fec163,fermi,common,20,0.05,0.32,-0.00430156751655264,1.5736326824944413e-10,1.8292897565037144e-13,4.837919752160492e-06,1,0.0,"[0.5951406501513755,0.35428347448634495,0.050575875362279483]"
v3.3,393de51ec9fec163,fermi,common,20,0.05,0.33,-0.0042925105247318684,2.2877542915633597e-10,1.7419151551709442e-15,4.978193909074312e-06,1,0.0,"[0.5951365920150367,0.3542857031901564,0.050577704794806916]"
v3.3,393de51ec9fec163,fermi,common,20,0.05,0.33999999999999997,-0.0042832016382848975,2.0929274285874655e-10,1.914074823327919e-15,5.117316132664318e-06,1,0.0,"[0.5951324202238887,0.35428799053340043,0.05057958924271101]"
v3.3,393de51ec9fec163,fermi,common,20,0.05,0.35,-0.004273643144524962,7.620346020864588e-11,2.0562432190885488e-15,5.255266423526046e-06,1,0.0,"[0.5951281357180634,0.35429033569014845,0.05058152859178815]"
v3.3,393de51ec9fec163,fermi,common,20,0.05,0.36,-0.004263837362665952,2.33705950425378e-10,2.229691017108251e-15,5.392023618321877e-06,1,0.0,"[0.5951237394554164,0.35429273782001114,0.0505835227245725]"
v3.3,393de51ec9fec163,fermi,common,20,0.05,0.37,-0.004253786684099793,2.1922205023505725e-10,3.605919353658741e-15,5.527568093042129e-06,1,0.0,"[0.5951192324103377,0.35429519606921156,0.05058557152045066]"
v3.3,393de51ec9fec163,fermi,common,20,0.05,0.38,-0.004243493529637432,7.666324519650658e-11,2.6624752614677517e-15,5.661881276079331e-06,1,0.0,"[0.5951146155729546,0.3542977095713634,0.05058767485568199]"
v3.3,393de51ec9fec163,fermi,common,20,0.05,0.39,-0.004232960345748382,1.5030988259612243e-10,2.834177146827824e-15,5.794945546303902e-06,1,0.0,"[0.5951098899484129,0.35430027744816045,0.050589832603426726]"
v3.3,393de51ec9fec163,fermi,common,20,0.05,0.4,-0.0042221896604010475,7.39317426723396e-11,3.00397566347076e-15,5.926744363941813e-06,1,0.0,"[0.595105056556054,0.35430289881018096,0.05059204463376509]"
v3.3,393de51ec9fec163,fermi,common,20,0.05,0.41,-0.004211184000105651,1.4940012421638116e-10,2.0942602927480052e-13,6.057261373476275e-06,1,0.0,"[0.5951001164293068,0.35430557275701396,0.050594310813679225]"
v3.3,393de51ec9fec163,fermi,common,20,0.05,0.42,-0.004199945969105202,2.1037868669360194e-10,2.1950200107933354e-12,6.186476806274979e-06,1,0.0,"[0.5950950706184548,0.3543082983747271,0.050596631006818146]"
v3.3,393de51ec9fec163,fermi,common,20,0.05,0.43,-0.004188478252179315,2.2513767239384919e-10,1.6073073993795192e-11,6.314344459899682e-06,1,0.0,"[0.5950899202118157,0.35431107471622925,0.050599005071955]"
v3.3,393de51ec9fec163,fermi,common,20,0.05,0.44,-0.004176783207402952,1.4698783856736952e-10,3.9242242048335824e-15,6.441050204549922e-06,1,0.0,"[0.5950846661501871,0.35431390097347276,0.0506014328763403]"
v3.3,393de51ec9fec163,fermi,common,20,0.05,0.45,-0.0041648638480613065,7.660141271292886e-11,4.205053250684922e-15,6.566246908513552e-06,1,0.0,"[0.5950793096531495,0.35431677608195855,0.05060391426489206]"
v3.3,393de51ec9fec163,fermi,common,20,0.05,0.46,-0.004152722760395737,1.5659804702972124e-10,4.454710819379794e-15,6.690161003445436e-06,1,0.0,"[0.5950738517603527,0.35431969914633604,0.05060644909331139]"
v3.3,393de51ec9fec163,fermi,common,20,0.05,0.47,-0.004140362705866568,1.458402149046023e-10,4.692732634273251e-15,6.812721444972655e-06,1,0.0,"[0.5950682935694968,0.3543226692196432,0.05060903721086013]"
v3.3,393de51ec9fec163,fermi,common,20,0.05,0.48,-0.004127786454015479,7.543891206163167e-11,5.007973950157648e-15,6.933919474936521e-06,1,0.0,"[0.5950626361865343,0.35432568534952824,0.05061167846393737]"
v3.3,393de51ec9fec163,fermi,common,20,0.05,0.49,-0.0041149968319828464,1.4276135829049963e-10,4.742594989959349e-12,7.053729135565588e-06,1,0.0,"[0.5950568807395012,0.35432874656540486,0.05061437269509377]"
v3.3,393de51ec9fec163,fermi,common,20,0.05,0.5,-0.004101996607344803,7.528495882258568e-11,4.208147504425941e-12,7.172199886958028e-06,1,0.0,"[0.5950510283180298,0.3543318519347284,0.050617119747241736]"
v3.3,393de51ec9fec163,fermi,common,20,0.05,0.51,-0.004088788640161961,1.5179409812438038e-10,3.6059944027914435e-12,7.289267521123264e-06,1,0.0,"[0.5950450800645822,0.3543350004781653,0.050619919457252395]"
v3.3,393de51ec9fec163,fermi,common,20,0.05,0.52,-0.004075375822043946,1.5572983874667656e-10,3.026722275334175e-12,7.404946406723203e-06,1,0.0,"[0.5950390371114262,0.3543381912282168,0.05062277166035699]"
v3.3,393de51ec9fec163,fermi,common,20,0.05,0.53,-0.004061761032673347,1.5109517109701542e-10,2.515830566056305e-12,7.5192323922861325e-06,1,0.0,"[0.5950329005955173,0.35434142321539513,0.05062567618908765]"
v3.3,393de51ec9fec163,fermi,common,20,0.05,0.54,-0.0040479471831968705,1.546913708239117e-10,2.0913495667454355e-12,7.632122092173545e-06,1,0.0,"[0.5950266716579043,0.3543446954687895,0.050628632873306025]"
v3.3,393de51ec9fec163,fermi,common,20,0.05,0.55,-0.004033937197093322,1.4946825027672972e-10,1.7475887867735875e-12,7.743612919485131e-06,1,0.0,"[0.5950203514431076,0.3543480070166572,0.05063164154023505]"
v3.3,393de51ec9fec163,fermi,common,20,0.05,0.56,-0.004019734015398464,1.969872043261489e-10,1.4638877880346195e-12,7.853703047969101e-06,1,0.0,"[0.595013941098524,0.3543513568869855,0.05063470201449059]"
v3.3,393de51ec9fec163,fermi,common,20,0.05,0.5700000000000001,-0.004005340594633262,7.690295622531096e-11,1.2150729128940817e-12,7.962391384438685e-06,1,0.0,"[0.5950074417738535,0.3543547441080338,0.05063781411811282]"
v3.3,393de51ec9fec163,fermi,common,20,0.05,0.5800000000000001,-0.003990759892684492,1.459124834846115e-10,9.793261132153735e-13,8.069677556626468e-06,1,0.0,"[0.5950008546205332,0.3543581677088679,0.0506409776705989]"
v3.3,393de51ec9fec163,fermi,common,20,0.05,0.5900000000000001,-0.003975994897010893,1.582462008653529e-10,7.440988435243523e-13,8.175561901309751e-06,1,0.0,"[0.5949941807911792,0.3543616267198844,0.050644192488936375]"
v3.3,393de51ec9fec163,fermi,common,20,0.05,0.6000000000000001,-0.003961048593400962,1.3899172091047518e-10,5.118803475862679e-13,8.28004544176294e-06,1,0.0,"[0.5949874214390436,0.3543651201733193,0.050647458387637116]"
v3.3,393de51ec9fec163,fermi,common,20,0.05,0.6100000000000001,-0.003945923978356358,1.4335634762607796e-10,3.016550878520287e-13,8.383129883586233e-06,1,0.0,"[0.594980577717474,0.35436864710375343,0.05065077517877255]"
v3.3,393de51ec9fec163,fermi,common,20,0.05,0.6200000000000001,-0.003930624055829647,2.1066510341727351e-10,1.407585197365869e-13,8.484817628278532e-06,1,0.0,"[0.5949736507793593,0.3543722065486298,0.05065414267201108]"
v3.3,393de51ec9fec163,fermi,common,20,0.05,0.63,-0.003915151835002538,1.5072641745828008e-10,4.6028282663279646e-14,8.585111793390598e-06,1,0.0,"[0.5949666417765563,0.3543757975487853,0.05065756067465834]"
v3.3,393de51ec9fec163,fermi,common,20,0.05,0.64,-0.0038995103317867735,2.283304448291723e-10,8.654543069244862e-15,8.684016175382477e-06,1,0.0,"[0.594959551859346,0.35437941914895743,0.050661028991696645]"
v3.3,393de51ec9fec163,fermi,common,20,0.05,0.65,-0.0038837025704186873,1.511116440311433e-10,1.1508680035322585e-12,8.781530738128745e-06,1,0.0,"[0.5949523821795488,0.35438307039485556,0.050664547425595674]"
v3.3,393de51ec9fec163,fermi,common,20,0.05,0.66,-0.0038677315508913943,7.127667900341805e-11,3.113106061272918e-14,8.8776778391315e-06,1,0.0,"[0.5949451338723374,0.3543867503502004,0.050668115777462296]"
v3.3,393de51ec9fec163,fermi,common,20,0.05,0.67,-0.0038516002998151624,2.2665586074666066e-10,1.1728905843043289e-14,8.972436860007685e-06,1,0.0,"[0.5949378080911518,0.35439045806399727,0.05067173384485091]"
v3.3,393de51ec9fec163,fermi,common,20,0.05,0.68,-0.0038353118457875313,1.3570797263717793e-10,1.218614158302988e-14,9.065830737853922e-06,1,0.0,"[0.594930405972306,0.3543941926036756,0.050675401424018426]"
v3.3,393de51ec9fec163,fermi,common,20,0.05,0.6900000000000001,-0.003818869202113162,1.3220576716710397e-10,1.2573251241191437e-14,9.157861919527239e-06,1,0.0,"[0.5949229286516364,0.3543979530395042,0.050679118308859405]"
v3.3,393de51ec9fec163,fermi,common,20,0.05,0.7000000000000001,-0.0038022753840554965,1.392353940476987e-10,1.3055427606868681e-14,9.248537276605096e-06,1,0.0,"[0.5949153772609005,0.3544017384479346,0.05068288429116488]"
v3.3,393de51ec9fec163,fermi,common,20,0.05,0.7100000000000001,-0.0037855334006192468,1.5355854088294763e-10,1.1748000583507743e-14,9.337864228753364e-06,1,0.0,"[0.5949077529273232,0.35440554791201156,0.05068669916066509]"
v3.3,393de51ec9fec163,fermi,common,20,0.05,0.7200000000000001,-0.0037686462583515837,1.4852668400733293e-10,2.739281855584784e-14,9.425850612552717e-06,1,0.0,"[0.5949000567732494,0.35440938052170473,0.05069056270504586]"
v3.3,393de51ec9fec163,fermi,common,20,0.05,0.7300000000000001,-0.0037516169588031056,2.0200558586980222e-10,3.1285416393410244e-14,9.51250486425115e-06,1,0.0,"[0.5948922899156439,0.3544132353743289,0.050694474710027214]"
v3.3,393de51ec9fec163,fermi,common,20,0.05,0.7400000000000001,-0.0037344484930154423,2.0341184292504977e-10,1.416989459867433e-14,9.597835623072612e-06,1,0.0,"[0.5948844534659149,0.35441711157471434,0.05069843495937088]"
v3.3,393de51ec9fec163,fermi,common,20,0.05,0.7500000000000001,-0.0037171438518509986,7.593967121799494e-11,1.5322908556266238e-14,9.681851802589446e-06,1,0.0,"[0.5948765485296769,0.3544210082354108,0.050702443234912395]"
v3.3,393de51ec9fec163,fermi,common,20,0.05,0.76,-0.0036997059951790826,1.5096223576760437e-10,1.5806118534259244e-14,9.764563021282374e-06,1,0.0,"[0.5948685762061597,0.35442492447719803,0.05070649931664218]"
v3.3,393de51ec9fec163,fermi,common,20,0.05,0.77,-0.003682137903729482,1.4301795164817221e-10,1.6305505887685496e-14,9.845979041024409e-06,1,0.0,"[0.5948605375880752,0.35442885942922625,0.05071060298269867]"
v3.3,393de51ec9fec163,fermi,common,20,0.05,0.78,-0.0036644425342703263,7.21329315722663e-11,1.6749065446398494e-14,9.926109959785961e-06,1,0.0,"[0.594852433761324,0.3544328122292447,0.05071475400943121]"
v3.3,393de51ec9fec163,fermi,common,20,0.05,0.79,-0.0036466228122445307,2.2784886477555943e-10,1.725356655523456e-14,1.0004966190735792e-05,1,0.0,"[0.5948442658047194,0.35443678202384654,0.05071895217143403]"
v3.3,393de51ec9fec163,fermi,common,20,0.05,0.8,-0.0036286816845353953,7.106208677054582e-11,1.7750830151996857e-14,1.0082558434628435e-05,1,0.0,"[0.5948360347897304,0.35444076796868407,0.050723197241585416]"
v3.3,393de51ec9fec163,fermi,common,20,0.05,0.81,-0.0036106220621459004,7.035161342372476e-11,1.81899015651649e-14,1.0158897656730974e-05,1,0.0,"[0.5948277417802437,0.3544447692286694,0.050727488991086894]"
v3.3,393de51ec9fec163,fermi,common,20,0.05,0.8200000000000001,-0.0035924468560313907,7.52718512520012e-11,1.8736145037492688e-14,1.0233995071482346e-05,1,0.0,"[0.5948193878323359,0.354448784978162,0.05073182718950214]"
v3.3,393de51ec9fec163,fermi,common,20,0.05,0.8300000000000001,-0.003574158926327342,1.5002953046572287e-10,1.9224640174108796e-14,1.0307862124538927e-05,1,0.0,"[0.5948109739940597,0.3544528144011441,0.050736211604796286]"
v3.3,393de51ec9fec163,fermi,common,20,0.05,0.8400000000000001,-0.0035557611741084127,2.1525998344928965e-10,1.970457653303505e-14,1.0380510475267374e-05,1,0.0,"[0.5948025013052426,0.3544568566913826,0.050740642003374706]"
v3.3,393de51ec9fec163,fermi,common,20,0.05,0.8500000000000001,-0.003537256443773125,2.2940782606895027e-10,2.0258007222972165e-14,1.0451951979353812e-05,1,0.0,"[0.5947939707972995,0.3544609110525785,0.05074511815012209]"
v3.3,393de51ec9fec163,fermi,common,20,0.05,0.8600000000000001,-0.003518647573337162,1.4969273737230893e-10,2.077676381307844e-14,1.052219867442546e-05,1,0.0,"[0.5947853834930545,0.35446497669850413,0.05074963980844141]"
v3.3,393de51ec9fec163,fermi,common,20,0.05,0.8700000000000001,-0.0034999373839296535,1.4458673841533098e-10,2.125179439385387e-14,1.0591262762843931e-05,1,0.0,"[0.5947767404065777,0.35446905285312985,0.05075420674029249]"
v3.3,393de51ec9fec163,fermi,common,20,0.05,0.8800000000000001,-0.0034811286758760565,2.334809290349682e-10,4.624532539291523e-14,1.065915647662605e-05,1,0.0,"[0.5947680425431314,0.35447313875063513,0.05075881870623336]"
v3.3,393de51ec9fec163,fermi,common,20,0.05,0.89,-0.003462224241412973,7.023610859580032e-11,2.762572760125896e-13,1.0725891777513356e-05,1,0.0,"[0.5947592908993656,0.3544772336352314,0.05076347546540285]"
v3.3,393de51ec9fec163,fermi,common,20,0.05,0.9,-0.003443226827353915,7.530662204935368e-11,1.097211074720272e-12,1.0791480406955204e-05,1,0.0,"[0.594750486463475,0.3544813367609314,0.050768176775593706]"
v3.3,393de51ec9fec163,fermi,common,20,0.05,0.91,-0.003424139165498323,1.494744258923042e-10,2.3306998587390325e-14,1.0855946180369344e-05,1,0.0,"[0.5947416302050913,0.3544854474010413,0.05077292239386743]"
v3.3,393de51ec9fec163,fermi,common,20,0.05,0.92,-0.003404964007588697,1.3303858709123872e-10,2.389814670525976e-14,1.0919280841989473e-05,1,0.0,"[0.5947327231020103,0.354489564823021,0.05077771207496871]"
v3.3,393de51ec9fec163,fermi,common,20,0.05,0.93,-0.0033857040420455023,1.3990503894278916e-10,2.4406300134713515e-14,1.0981512907391882e-05,1,0.0,"[0.5947237661094745,0.35449368831731193,0.05078254557321346]"
v3.3,393de51ec9fec163,fermi,common,20,0.05,0.9400000000000001,-0.003366361946034742,1.482481498671362e-10,2.490358171607297e-14,1.1042651173770333e-05,1,0.0,"[0.5947147601765964,0.3544978171818684,0.050787422641535185]"
v3.3,393de51ec9fec163,fermi,common,20,0.05,0.9500000000000001,-0.003346940376643258,2.3028155771154246e-10,2.542616003447585e-14,1.1102708651737837e-05,1,0.0,"[0.594705706242806,0.3545019507254644,0.05079234303172957]"
v3.3,393de51ec9fec163,fermi,common,20,0.05,0.9600000000000001,-0.003327441967509344,1.482144060260815e-10,2.5920693996516257e-14,1.1161698394217917e-05,1,0.0,"[0.5946966052377807,0.3545060882677277,0.05079730649449168]"
v3.3,393de51ec9fec163,fermi,common,20,0.05,0.9700000000000001,-0.003307869329129985,1.1001476118988052e-10,2.6486374982260268e-14,1.1219633487239745e-05,1,0.0,"[0.5946874580813808,0.35451022913916613,0.050802312779453074]"
v3.3,393de51ec9fec163,fermi,common,20,0.05,0.9800000000000001,-0.0032882250496850535,1.4975409801110118e-10,1.945971349890074e-14,1.1276527035806144e-05,1,0.0,"[0.5946782656835985,0.3545143726811742,0.050807361635227276]"
v3.3,393de51ec9fec163,fermi,common,20,0.05,0.9900000000000001,-0.003268511691198815,2.2384668424413334e-10,2.1327244555856278e-14,1.1332392160734791e-05,1,0.0,"[0.5946690289445046,0.3545185182460837,0.05081245280941173]"
v3.3,393de51ec9fec163,fermi,common,20,0.05,1.0,-0.003248731793474381,1.4666267506013853e-10,2.3377354647454954e-14,1.1387241985860176e-05,1,0.0,"[0.5946597487542119,0.3545226651971117,0.05081758604867637]"
v3.3,393de51ec9fec163,fermi,common,20,0.05,1.01,-0.0032288878731214915,1.258263770953505e-10,2.5631416550759054e-14,1.1441089620548807e-05,1,0.0,"[0.5946504259928475,0.3545268129083878,0.050822761098764734]"
v3.3,393de51ec9fec163,fermi,common,20,0.05,1.02,-0.003208982424914325,7.198668744434755e-11,2.8032353520151222e-14,1.1493948160465242e-05,1,0.0,"[0.5946410615305258,0.35453096076493584,0.05082797770453839]"
v3.3,393de51ec9fec163,fermi,common,20,0.05,1.03,-0.003189017895701904,7.771330107209096e-11,3.066416978666547e-14,1.1545830674582551e-05,1,0.0,"[0.5946316562273327,0.35453510816265454,0.05083323561001262]"
v3.3,393de51ec9fec163,fermi,common,20,0.05,1.04,-0.003168996740554743,1.5317338369902345e-10,3.3495163780824434e-14,1.1596750198518679e-05,1,0.0,"[0.5946222109333148,0.35453925450829366,0.05083853455839159]"
v3.3,393de51ec9fec163,fermi,common,20,0.05,1.05,-0.0031489213764261635,6.676509345382442e-11,3.653064040551694e-14,1.1646719725750823e-05,1,0.0,"[0.5946127264884749,0.354543399219422,0.05084387429210317]"
v3.3,393de51ec9fec163,fermi,common,20,0.05,1.06,-0.003128794180406007,7.611450358879779e-11,3.983776809620778e-14,1.1695752199905982e-05,1,0.0,"[0.5946032037227751,0.3545475417243913,0.050849254552833706]"
v3.3,393de51ec9fec163,fermi,common,20,0.05,1.07,-0.0031086175162227635,1.4507747780889702e-10,4.3399605509351146e-14,1.1743860508927924e-05,1,0.0,"[0.5945936434561441,0.3545516814622938,0.050854675081562106]"
v3.3,393de51ec9fec163,fermi,common,20,0.05,1.08,-0.003088393728780319,1.4366080200445275e-10,4.7251983945502475e-14,1.1791057476448005e-05,1,0.0,"[0.5945840464984915,0.3545558178829144,0.05086013561859406]"
v3.3,393de51ec9fec163,fermi,common,20,0.05,1.09,-0.0030681251231638104,1.550699638142028e-10,5.1333216848005066e-14,1.18373558576681e-05,1,0.0,"[0.594574413649726,0.3545599504466786,0.05086563590359542]"
v3.3,393de51ec9fec163,fermi,common,20,0.05,1.1,-0.003047813981750188,2.0517620241689016e-10,5.5737982746586987e-14,1.1882768330601201e-05,1,0.0,"[0.5945647456997804,0.35456407862459405,0.05087117567562559]"
v3.3,393de51ec9fec163,fermi,common,20,0.05,1.11,-0.003027462563513869,1.4461210354199672e-10,6.049024335210152e-14,1.1927307492611839e-05,1,0.0,"[0.5945550434286403,0.3545682018981892,0.05087675467317063]"
v3.3,393de51ec9fec163,fermi,common,20,0.05,1.12,-0.0030070730980494287,1.344887465282163e-10,1.1598796068679264e-13,1.1970985656676263e-05,1,0.0,"[0.5945453076065482,0.3545723197592768,0.05088237263417507]"
v3.3,393de51ec9fec163,fermi,common,20,0.05,1.1300000000000001,-0.002986647799811202,1.489996216685885e-10,1.9753533421308418e-12,1.201380869355099e-05,1,0.0,"[0.5945355389995002,0.354576431704776,0.05088802929572387]"
v3.3,393de51ec9fec163,fermi,common,20,0.05,1.1400000000000001,-0.002966188807595388,1.3335492432542395e-10,7.692684016669034e-14,1.2055817083443164e-05,1,0.0,"[0.5945257383394341,0.354580537264731,0.050893724395834915]"
v3.3,393de51ec9fec163,fermi,common,20,0.05,1.1500000000000001,-0.002945698495232449,1.5035715728028975e-10,2.6310573672556702e-11,1.2096878801693326e-05,1,0.0,"[0.5945159064728432,0.3545846358621862,0.050899457664970615]"
v3.3,393de51ec9fec163,fermi,common,20,0.05,1.1600000000000001,-0.002925178418209537,2.0158541502723892e-10,8.993319300823019e-14,1.2137439079724332e-05,1,0.0,"[0.5945060438628026,0.3545887272826329,0.050905228854564465]"
v3.3,393de51ec9fec163,fermi,common,20,0.05,1.1700000000000002,-0.0029046312232479284,1.4663254638280776e-10,9.713200246771311e-14,1.2176896836085967e-05,1,0.0,"[0.5944961514919185,0.35459281082272703,0.05091103768535452]"
v3.3,393de51ec9fec163,fermi,common,20,0.05,1.1800000000000002,-0.002884058796688453,1.817926364999778e-10,1.0478540285690942e-13,1.221566765450747e-05,1,0.0,"[0.5944862299845688,0.3545968861177323,0.050916883897698884]"
v3.3,393de51ec9fec163,fermi,common,20,0.05,1.1900000000000002,-0.0028634631890963567,7.37885273716099e-11,8.963705753950549e-13,1.2253659403449677e-05,1,0.0,"[0.5944762800453421,0.3546009527281505,0.05092276722650734]"
v3.3,393de51ec9fec163,fermi,common,20,0.05,1.2000000000000002,-0.0028428464150065218,1.4812346488257688e-10,4.446097710273867e-12,1.2290879168963444e-05,1,0.0,"[0.5944663023733039,0.35460501022057295,0.05092868740612328]"
v3.3,393de51ec9fec163,fermi,common,20,0.05,1.21,-0.002822210481973581,1.2402858601268107e-10,1.1995414100135955e-11,1.2327341281839277e-05,1,0.0,"[0.5944562976556866,0.35460905817349814,0.05093464417081508]"
v3.3,393de51ec9fec163,fermi,common,20,0.05,1.22,-0.002801557181634086,1.4968575337559464e-10,1.4100469792698625e-13,1.2363152086887253e-05,1,0.0,"[0.5944462664875966,0.35461309625315846,0.05094063725924504]"
v3.3,393de51ec9fec163,fermi,common,20,0.05,1.23,-0.0027808886663254415,1.4764476793938108e-10,1.5158423930096747e-13,1.2398112396652793e-05,1,0.0,"[0.5944362096382788,0.35461712396214845,0.05094666639957279]"
v3.3,393de51ec9fec163,fermi,common,20,0.05,1.24,-0.002760206765564953,6.716074571477826e-11,1.6282627706465073e-13,1.2432399347706066e-05,1,0.0,"[0.5944261277230677,0.35462114094903774,0.05095273132789453]"
v3.3,393de51ec9fec163,fermi,common,20,0.05,1.25,-0.0027395133394593277,1.442214611624415e-10,1.748103905537577e-13,1.2465978327788046e-05,1,0.0,"[0.5944160213879414,0.35462514683413177,0.050958831777926844]"
v3.3,393de51ec9fec163,fermi,common,20,0.05,1.26,-0.002718810258738033,7.543668120724156e-11,1.8755189049526696e-13,1.2498860230313358e-05,1,0.0,"[0.5944058912698047,0.3546291412469318,0.05096496748326341]"
v3.3,393de51ec9fec163,fermi,common,20,0.05,1.27,-0.0026980993464315074,7.34806659963283e-11,2.0147254283294375e-13,1.2531055800525251e-05,1,0.0,"[0.5943957379965858,0.354633123825981,0.050971138177433116]"
v3.3,393de51ec9fec163,fermi,common,20,0.05,1.28,-0.0026773823802937573,1.4099760942132278e-10,4.0322863152850895e-13,1.2562574977240539e-05,1,0.0,"[0.5943855621878884,0.3546370942183415,0.05097734359377012]"
v3.3,393de51ec9fec163,fermi,common,20,0.05,1.29,-0.0026566611576295217,1.4452926008767797e-10,7.705857979528801e-13,1.259342901826539e-05,1,0.0,"[0.5943753644538224,0.3546410520804844,0.050983583465693136]"
v3.3,393de51ec9fec163,fermi,common,20,0.05,1.3,-0.002635937415459772,1.438346004800639e-10,1.3478888290378106e-12,1.2623628026403517e-05,1,0.0,"[0.5943651453959641,0.35464499707747327,0.05098985752656265]"
v3.3,393de51ec9fec163,fermi,common,20,0.05,1.31,-0.0026152128680397534,7.413033728531637e-11,1.1503383854519178e-12,1.2653186173046705e-05,1,0.0,"[0.5943549056037243,0.3546489288863366,0.05099616550993912]"
v3.3,393de51ec9fec163,fermi,common,20,0.05,1.32,-0.002594489246475609,2.139391511168931e-10,7.444554763646231e-12,1.2682081772668254e-05,1,0.0,"[0.5943446456860655,0.35465284716605405,0.05100250714788047]"
v3.3,393de51ec9fec163,fermi,common,20,0.05,1.33,-0.00257376815945164,1.347657888062237e-10,1.0062971914905414e-11,1.2710391822582037e-05,1,0.0,"[0.5943343661840531,0.3546567516401982,0.05100888217574853]"
v3.3,393de51ec9fec163,fermi,common,20,0.05,1.34,-0.0025530511797074197,1.376265178210101e-10,3.2135757662063657e-13,1.2738120473251886e-05,1,0.0,"[0.5943240676351844,0.35466064203616604,0.051015290328649626]"
v3.3,393de51ec9fec163,fermi,common,20,0.05,1.35,-0.0025323400851599183,6.923895831678628e-11,3.428030341073889e-13,1.2765158816098141e-05,1,0.0,"[0.5943137506741228,0.35466451798964405,0.05102173133623311]"
v3.3,393de51ec9fec163,fermi,common,20,0.05,1.36,-0.0025116363789918494,6.938717309057374e-11,3.6541723611493745e-13,1.2791638989120295e-05,1,0.0,"[0.5943034158182625,0.35466837924768724,0.051028204934050254]"
v3.3,393de51ec9fec163,fermi,common,20,0.05,1.37,-0.0024909416365102716,5.602444549945851e-11,3.8930137055399165e-13,1.2817532836207803e-05,1,0.0,"[0.5942930636102441,0.3546722255337156,0.05103471085604024]"
v3.3,393de51ec9fec163,fermi,common,20,0.05,1.3800000000000001,-0.0024702573808701445,1.2751743064254306e-10,4.1458174496516607e-13,1.2842849587449437e-05,1,0.0,"[0.5942826945846702,0.3546760565790121,0.05104124883631774]"
v3.3,393de51ec9fec163,fermi,common,20,0.05,1.3900000000000001,-0.0024495851465917255,7.404349355866202e-11,4.4119309945334765e-13,1.2867598333717793e-05,1,0.0,"[0.5942723092681957,0.3546798721226089,0.05104781860919541]"
v3.3,393de51ec9fec163,fermi,common,20,0.05,1.4,-0.0024289263994934397,1.4715626633909906e-10,4.692074142484801e-13,1.2891788025253536e-05,1,0.0,"[0.5942619081796214,0.3546836719111727,0.051054419909205825]"
v3.3,393de51ec9fec163,fermi,common,inf,0.0,0.05,-0.004447733509459442,7.686387637484415e-11,7.705193982742313e-18,0.0,1,0.0,"[0.5952060514993919,0.354247055542506,0.05054689295810217]"
v3.3,393de51ec9fec163,fermi,common,inf,0.0,0.060000000000000005,-0.004447733509459477,7.686278002960734e-11,7.705193982742313e-18,0.0,1,0.0,"[0.5952060514993919,0.354247055542506,0.05054689295810217]"
v3.3,393de51ec9fec163,fermi,common,inf,0.0,0.07,-0.004447733509459331,7.686137143414484e-11,7.705193982742313e-18,0.0,1,0.0,"[0.5952060514993919,0.354247055542506,0.05054689295810217]"
v3.3,393de51ec9fec163,fermi,common,inf,0.0,0.08,-0.00444773350945963,7.686049713351295e-11,7.705193982742313e-18,0.0,1,0.0,"[0.5952060514993919,0.354247055542506,0.05054689295810217]"
v3.3,393de51ec9fec163,fermi,common,inf,0.0,0.09,-0.004447733509459484,7.685875547114307e-11,7.705193982742313e-18,0.0,1,0.0,"[0.5952060514993919,0.354247055542506,0.05054689295810217]"
v3.3,393de51ec9fec163,fermi,common,inf,0.0,0.1,-0.004447733509459477,7.685696523651586e-11,7.705193982742313e-18,0.0,1,0.0,"[0.5952060514993919,0.354247055542506,0.05054689295810217]"
v3.3,393de51ec9fec163,fermi,common,inf,0.0,0.11,-0.004447733509459602,7.6855438679857e-11,7.705193982742314e-18,0.0,1,0.0,"[0.5952060514993919,0.354247055542506,0.05054689295810217]"
v3.3,393de51ec9fec163,fermi,common,inf,0.0,0.12000000000000001,-0.004447733509459678,7.685339170615535e-11,7.705193982742313e-18,0.0,1,0.0,"[0.5952060514993919,0.354247055542506,0.05054689295810217]"
v3.3,393de51ec9fec163,fermi,common,inf,0.0,0.13,-0.0044477335094596435,7.685110881006096e-11,7.705193982742313e-18,0.0,1,0.0,"[0.5952060514993919,0.354247055542506,0.05054689295810217]"
v3.3,393de51ec9fec163,fermi,common,inf,0.0,0.14,-0.004447733509459685,7.684883285286048e-11,7.705193982742313e-18,0.0,1,0.0,"[0.5952060514993919,0.354247055542506,0.05054689295810217]"
v3.3,393de51ec9fec163,fermi,common,inf,0.0,0.15000000000000002,-0.004447733509459685,7.684639730110021e-11,7.705193982742313e-18,0.0,1,0.0,"[0.5952060514993919,0.354247055542506,0.05054689295810217]"
v3.3,393de51ec9fec163,fermi,common,inf,0.0,0.16,-0.004447733509459539,7.684351072123619e-11,7.705193982742313e-18,0.0,1,0.0,"[0.5952060514993919,0.354247055542506,0.05054689295810217]"
v3.3,393de51ec9fec163,fermi,common,inf,0.0,0.16999999999999998,-0.00444773350945965,7.684045760791847e-11,7.705193982742313e-18,0.0,1,0.0,"[0.5952060514993919,0.354247055542506,0.05054689295810217]"
v3.3,393de51ec9fec163,fermi,common,inf,0.0,0.18,-0.004447733509459859,7.683744612796417e-11,7.705193982742313e-18,0.0,1,0.0,"[0.5952060514993919,0.354247055542506,0.05054689295810217]"
v3.3,393de51ec9fec163,fermi,common,inf,0.0,0.19,-0.004447733509459671,7.683423342008666e-11,7.705193982742313e-18,0.0,1,0.0,"[0.5952060514993919,0.354247055542506,0.05054689295810217]"
v3.3,393de51ec9fec163,fermi,common,inf,0.0,0.2,-0.004447733509459782,7.6830743156453e-11,7.705193982742313e-18,0.0,1,0.0,"[0.5952060514993919,0.354247055542506,0.05054689295810217]"
v3.3,393de51ec9fec163,fermi,common,inf,0.0,0.21000000000000002,-0.004447733509459942,7.682693370369975e-11,7.705193982742313e-18,0.0,1,0.0,"[0.5952060514993919,0.354247055542506,0.05054689295810217]"
v3.3,393de51ec9fec163,fermi,common,inf,0.0,0.22000000000000003,-0.004447733509459942,7.682369324024663e-11,7.705193982742313e-18,0.0,1,0.0,"[0.5952060514993919,0.354247055542506,0.05054689295810217]"
v3.3,393de51ec9fec163,fermi,common,inf,0.0,0.22999999999999998,-0.004447733509459907,7.681914132584566e-11,7.705193982742313e-18,0.0,1,0.0,"[0.5952060514993919,0.354247055542506,0.05054689295810217]"
v3.3,393de51ec9fec163,fermi,common,inf,0.0,0.24,-0.004447733509459879,7.681525554525948e-11,7.705193982742313e-18,0.0,1,0.0,"[0.5952060514993919,0.354247055542506,0.05054689295810217]"
v3.3,393de51ec9fec163,fermi,common,inf,0.0,0.25,-0.004447733509459997,7.681113384228055e-11,7.705193982742313e-18,0.0,1,0.0,"[0.5952060514993919,0.354247055542506,0.05054689295810217]"
v3.3,393de51ec9fec163,fermi,common,inf,0.0,0.26,-0.004447733509460122,7.680656111119788e-11,7.705193982742313e-18,0.0,1,0.0,"[0.5952060514993919,0.354247055542506,0.05054689295810217]"
v3.3,393de51ec9fec163,fermi,common,inf,0.0,0.27,-0.004447733509460129,7.680171082435905e-11,7.705193982742313e-18,0.0,1,0.0,"[0.5952060514993919,0.354247055542506,0.05054689295810217]"
v3.3,393de51ec9fec163,fermi,common,inf,0.0,0.28,-0.004447733509460199,7.679708952101905e-11,7.705193982742313e-18,0.0,1,0.0,"[0.5952060514993919,0.354247055542506,0.05054689295810217]"
v3.3,393de51ec9fec163,fermi,common,inf,0.0,0.29,-0.00444773350946033,7.67916841226679e-11,7.705193982742313e-18,0.0,1,0.0,"[0.5952060514993919,0.354247055542506,0.05054689295810217]"
v3.3,393de51ec9fec163,fermi,common,inf,0.0,0.3,-0.00444773350946033,7.67868754691925e-11,7.705193982742313e-18,0.0,1,0.0,"[0.5952060514993919,0.354247055542506,0.05054689295810217]"
v3.3,393de51ec9fec163,fermi,common,inf,0.0,0.31,-0.004447733509460414,7.678135210964498e-11,7.705193982742314e-18,0.0,1,0.0,"[0.5952060514993919,0.354247055542506,0.05054689295810217]"
v3.3,393de51ec9fec163,fermi,common,inf,0.0,0.32,-0.004447733509460497,7.677578017784015e-11,7.705193982742313e-18,0.0,1,0.0,"[0.5952060514993919,0.354247055542506,0.05054689295810217]"
v3.3,393de51ec9fec163,fermi,common,inf,0.0,0.33,-0.004447733509460539,7.677005559036942e-11,7.705193982742313e-18,0.0,1,0.0,"[0.5952060514993919,0.354247055542506,0.05054689295810217]"
v3.3,393de51ec9fec163,fermi,common,inf,0.0,0.33999999999999997,-0.004447733509460539,7.676444896409507e-11,7.705193982742313e-18,0.0,1,0.0,"[0.5952060514993919,0.354247055542506,0.05054689295810217]"
v3.3,393de51ec9fec163,fermi,common,inf,0.0,0.35,-0.004447733509460407,7.675814844843032e-11,7.705193982742313e-18,0.0,1,0.0,"[0.5952060514993919,0.354247055542506,0.05054689295810217]"
v3.3,393de51ec9fec163,fermi,common,inf,0.0,0.36,-0.004447733509460636,7.675156343811551e-11,7.705193982742313e-18,0.0,1,0.0,"[0.5952060514993919,0.354247055542506,0.05054689295810217]"
v3.3,393de51ec9fec163,fermi,common,inf,0.0,0.37,-0.004447733509460913,7.674540863922275e-11,7.705193982742313e-18,0.0,1,0.0,"[0.5952060514993919,0.354247055542506,0.05054689295810217]"
v3.3,393de51ec9fec163,fermi,common,inf,0.0,0.38,-0.004447733509460879,7.673872648439328e-11,7.705193982742313e-18,0.0,1,0.0,"[0.5952060514993919,0.354247055542506,0.05054689295810217]"
v3.3,393de51ec9fec163,fermi,common,inf,0.0,0.39,-0.004447733509460851,7.673180146827718e-11,7.705193982742313e-18,0.0,1,0.0,"[0.5952060514993919,0.354247055542506,0.05054689295810217]"
v3.3,393de51ec9fec163,fermi,common,inf,0.0,0.4,-0.00444773350946108,7.672477930764643e-11,7.705193982742313e-18,0.0,1,0.0,"[0.5952060514993919,0.354247055542506,0.05054689295810217]"
v3.3,393de51ec9fec163,fermi,common,inf,0.0,0.41,-0.004447733509461371,7.671788898599985e-11,7.705193982742313e-18,0.0,1,0.0,"[0.5952060514993919,0.354247055542506,0.05054689295810217]"
v3.3,393de51ec9fec163,fermi,common,inf,0.0,0.42,-0.00444773350946126,7.671037416390192e-11,7.705193982742313e-18,0.0,1,0.0,"[0.5952060514993919,0.354247055542506,0.05054689295810217]"
v3.3,393de51ec9fec163,fermi,common,inf,0.0,0.43,-0.0044477335094613435,7.670292179184912e-11,7.705193982742313e-18,0.0,1,0.0,"[0.5952060514993919,0.354247055542506,0.05054689295810217]"
v3.3,393de51ec9fec163,fermi,common,inf,0.0,0.44,-0.004447733509461399,7.669537227528167e-11,7.705193982742314e-18,0.0,1,0.0,"[0.5952060514993919,0.354247055542506,0.05054689295810217]"
v3.3,393de51ec9fec163,fermi,common,inf,0.0,0.45,-0.004447733509461517,7.668723295273239e-11,7.705193982742313e-18,0.0,1,0.0,"[0.5952060514993919,0.354247055542506,0.05054689295810217]"
v3.3,393de51ec9fec163,fermi,common,inf,0.0,0.46,-0.004447733509461524,7.667937812483316e-11,7.705193982742313e-18,0.0,1,0.0,"[0.5952060514993919,0.354247055542506,0.05054689295810217]"
v3.3,393de51ec9fec163,fermi,common,inf,0.0,0.47,-0.004447733509461649,7.667115553555703e-11,7.705193982742313e-18,0.0,1,0.0,"[0.5952060514993919,0.354247055542506,0.05054689295810217]"
v3.3,393de51ec9fec163,fermi,common,inf,0.0,0.48,-0.00444773350946185,7.666289131291748e-11,7.705193982742313e-18,0.0,1,0.0,"[0.5952060514993919,0.354247055542506,0.05054689295810217]"
v3.3,393de51ec9fec163,fermi,common,inf,0.0,0.49,-0.004447733509461781,7.665437035120348e-11,7.705193982742314e-18,0.0,1,0.0,"[0.5952060514993919,0.354247055542506,0.05054689295810217]"
v3.3,393de51ec9fec163,fermi,common,inf,0.0,0.5,-0.0044477335094620235,7.6645523261476e-11,7.705193982742313e-18,0.0,1,0.0,"[0.5952060514993919,0.354247055542506,0.05054689295810217]"
v3.3,393de51ec9fec163,fermi,common,inf,0.0,0.51,-0.004447733509462072,7.663666923285462e-11,7.705193982742313e-18,0.0,1,0.0,"[0.5952060514993919,0.354247055542506,0.05054689295810217]"
v3.3,393de51ec9fec163,fermi,common,inf,0.0,0.52,-0.004447733509462155,7.662750989290146e-11,7.705193982742313e-18,0.0,1,0.0,"[0.5952060514993919,0.354247055542506,0.05054689295810217]"
v3.3,393de51ec9fec163,fermi,common,inf,0.0,0.53,-0.004447733509462176,7.661819095838851e-11,7.705193982742313e-18,0.0,1,0.0,"[0.5952060514993919,0.354247055542506,0.05054689295810217]"
v3.3,393de51ec9fec163,fermi,common,inf,0.0,0.54,-0.0044477335094621,7.660866385705845e-11,7.705193982742313e-18,0.0,1,0.0,"[0.5952060514993919,0.354247055542506,0.05054689295810217]"
v3.3,393de51ec9fec163,fermi,common,inf,0.0,0.55,-0.004447733509462461,7.659919226687961e-11,7.705193982742313e-18,0.0,1,0.0,"[0.5952060514993919,0.354247055542506,0.05054689295810217]"
v3.3,393de51ec9fec163,fermi,common,inf,0.0,0.56,-0.004447733509462627,7.658947781541414e-11,7.705193982742313e-18,0.0,1,0.0,"[0.5952060514993919,0.354247055542506,0.05054689295810217]"
v3.3,393de51ec9fec163,fermi,common,inf,0.0,0.5700000000000001,-0.0044477335094628215,7.657936090810225e-11,7.705193982742314e-18,0.0,1,0.0,"[0.5952060514993919,0.354247055542506,0.05054689295810217]"
v3.3,393de51ec9fec163,fermi,common,inf,0.0,0.5800000000000001,-0.00444773350946287,7.656957706769774e-11,7.705193982742313e-18,0.0,1,0.0,"[0.5952060514993919,0.354247055542506,0.05054689295810217]"
v3.3,393de51ec9fec163,fermi,common,inf,0.0,0.5900000000000001,-0.004447733509462773,7.655907158232722e-11,7.705193982742313e-18,0.0,1,0.0,"[0.5952060514993919,0.354247055542506,0.05054689295810217]"
v3.3,393de51ec9fec163,fermi,common,inf,0.0,0.6000000000000001,-0.00444773350946321,7.654882283603115e-11,7.705193982742313e-18,0.0,1,0.0,"[0.5952060514993919,0.354247055542506,0.05054689295810217]"
v3.3,393de51ec9fec163,fermi,common,inf,0.0,0.6100000000000001,-0.004447733509462953,7.653806755048009e-11,7.705193982742314e-18,0.0,1,0.0,"[0.5952060514993919,0.354247055542506,0.05054689295810217]"
v3.3,393de51ec9fec163,fermi,common,inf,0.0,0.6200000000000001,-0.004447733509463078,7.652700001470336e-11,7.705193982742313e-18,0.0,1,0.0,"[0.5952060514993919,0.354247055542506,0.05054689295810217]"
v3.3,393de51ec9fec163,fermi,common,inf,0.0,0.63,-0.004447733509463314,7.651578676215465e-11,7.705193982742313e-18,0.0,1,0.0,"[0.5952060514993919,0.354247055542506,0.05054689295810217]"
v3.3,393de51ec9fec163,fermi,common,inf,0.0,0.64,-0.004447733509463488,7.650498290434626e-11,7.705193982742313e-18,0.0,1,0.0,"[0.5952060514993919,0.354247055542506,0.05054689295810217]"
v3.3,393de51ec9fec163,fermi,common,inf,0.0,0.65,-0.004447733509463536,7.649321454028524e-11,7.705193982742313e-18,0.0,1,0.0,"[0.5952060514993919,0.354247055542506,0.05054689295810217]"
v3.3,393de51ec9fec163,fermi,common,inf,0.0,0.66,-0.004447733509463696,7.64817931209194e-11,7.705193982742313e-18,0.0,1,0.0,"[0.5952060514993919,0.354247055542506,0.05054689295810217]"
v3.3,393de51ec9fec163,fermi,common,inf,0.0,0.67,-0.004447733509463862,7.647027455703892e-11,7.705193982742313e-18,0.0,1,0.0,"[0.5952060514993919,0.354247055542506,0.05054689295810217]"
v3.3,393de51ec9fec163,fermi,common,inf,0.0,0.68,-0.0044477335094641884,7.645831190394858e-11,7.705193982742313e-18,0.0,1,0.0,"[0.5952060514993919,0.354247055542506,0.05054689295810217]"
v3.3,393de51ec9fec163,fermi,common,inf,0.0,0.6900000000000001,-0.004447733509464279,7.64462590452375e-11,7.705193982742313e-18,0.0,1,0.0,"[0.5952060514993919,0.354247055542506,0.05054689295810217]"
v3.3,393de51ec9fec163,fermi,common,inf,0.0,0.7000000000000001,-0.0044477335094642925,7.643397026413368e-11,7.705193982742313e-18,0.0,1,0.0,"[0.5952060514993919,0.354247055542506,0.05054689295810217]"
v3.3,393de51ec9fec163,fermi,common,inf,0.0,0.7100000000000001,-0.004447733509464501,7.64215704607274e-11,7.705193982742313e-18,0.0,1,0.0,"[0.5952060514993919,0.354247055542506,0.05054689295810217]"
v3.3,393de51ec9fec163,fermi,common,inf,0.0,0.7200000000000001,-0.00444773350946432,7.640903881833694e-11,7.705193982742313e-18,0.0,1,0.0,"[0.5952060514993919,0.354247055542506,0.05054689295810217]"
v3.3,393de51ec9fec163,fermi,common,inf,0.0,0.7300000000000001,-0.0044477335094647505,7.639607002563054e-11,7.705193982742313e-18,0.0,1,0.0,"[0.5952060514993919,0.354247055542506,0.05054689295810217]"
v3.3,393de51ec9fec163,fermi,common,inf,0.0,0.7400000000000001,-0.004447733509464931,7.638270571597161e-11,7.705193982742313e-18,0.0,1,0.0,"[0.5952060514993919,0.354247055542506,0.05054689295810217]"
v3.3,393de51ec9fec163,fermi,common,inf,0.0,0.7500000000000001,-0.0044477335094649725,7.637018101247506e-11,7.705193982742313e-18,0.0,1,0.0,"[0.5952060514993919,0.354247055542506,0.05054689295810217]"
v3.3,393de51ec9fec163,fermi,common,inf,0.0,0.76,-0.004447733509465181,7.635660159710511e-11,7.705193982742313e-18,0.0,1,0.0,"[0.5952060514993919,0.354247055542506,0.05054689295810217]"
v3.3,393de51ec9fec163,fermi,common,inf,0.0,0.77,-0.004447733509465507,7.634284177049366e-11,7.705193982742313e-18,0.0,1,0.0,"[0.5952060514993919,0.354247055542506,0.05054689295810217]"
v3.3,393de51ec9fec163,fermi,common,inf,0.0,0.78,-0.004447733509465299,7.632947052194083e-11,7.705193982742313e-18,0.0,1,0.0,"[0.5952060514993919,0.354247055542506,0.05054689295810217]"
v3.3,393de51ec9fec163,fermi,common,inf,0.0,0.79,-0.004447733509465535,7.6315738450905e-11,7.705193982742313e-18,0.0,1,0.0,"[0.5952060514993919,0.354247055542506,0.05054689295810217]"
v3.3,393de51ec9fec163,fermi,common,inf,0.0,0.8,-0.004447733509465715,7.630127779600926e-11,7.705193982742313e-18,0.0,1,0.0,"[0.5952060514993919,0.354247055542506,0.05054689295810217]"
v3.3,393de51ec9fec163,fermi,common,inf,0.0,0.81,-0.004447733509465916,7.628753184718562e-11,7.705193982742314e-18,0.0,1,0.0,"[0.5952060514993919,0.354247055542506,0.05054689295810217]"
v3.3,393de51ec9fec163,fermi,common,inf,0.0,0.8200000000000001,-0.004447733509466235,7.62729393533057e-11,7.705193982742314e-18,0.0,1,0.0,"[0.5952060514993919,0.354247055542506,0.05054689295810217]"
v3.3,393de51ec9fec163,fermi,common,inf,0.0,0.8300000000000001,-0.004447733509466284,7.625860359850023e-11,7.705193982742313e-18,0.0,1,0.0,"[0.5952060514993919,0.354247055542506,0.05054689295810217]"
v3.3,393de51ec9fec163,fermi,common,inf,0.0,0.8400000000000001,-0.004447733509466381,7.624378212112148e-11,7.705193982742313e-18,0.0,1,0.0,"[0.5952060514993919,0.354247055542506,0.05054689295810217]"
v3.3,393de51ec9fec163,fermi,common,inf,0.0,0.8500000000000001,-0.004447733509466818,7.622864839351706e-11,7.705193982742313e-18,0.0,1,0.0,"[0.5952060514993919,0.354247055542506,0.05054689295810217]"
v3.3,393de51ec9fec163,fermi,common,inf,0.0,0.8600000000000001,-0.0044477335094665615,7.621374364941147e-11,7.705193982742313e-18,0.0,1,0.0,"[0.5952060514993919,0.354247055542506,0.05054689295810217]"
v3.3,393de51ec9fec163,fermi,common,inf,0.0,0.8700000000000001,-0.004447733509467054,7.619829767158137e-11,7.705193982742313e-18,0.0,1,0.0,"[0.5952060514993919,0.354247055542506,0.05054689295810217]"
v3.3,393de51ec9fec163,fermi,common,inf,0.0,0.8800000000000001,-0.004447733509466992,7.61830737383562e-11,7.705193982742313e-18,0.0,1,0.0,"[0.5952060514993919,0.354247055542506,0.05054689295810217]"
v3.3,393de51ec9fec163,fermi,common,inf,0.0,0.89,-0.004447733509467429,7.61674473492846e-11,7.705193982742314e-18,0.0,1,0.0,"[0.5952060514993919,0.354247055542506,0.05054689295810217]"
v3.3,393de51ec9fec163,fermi,common,inf,0.0,0.9,-0.004447733509467207,7.615154340445685e-11,7.705193982742313e-18,0.0,1,0.0,"[0.5952060514993919,0.354247055542506,0.05054689295810217]"
v3.3,393de51ec9fec163,fermi,common,inf,0.0,0.91,-0.004447733509467658,7.613538965944855e-11,7.705193982742313e-18,0.0,1,0.0,"[0.5952060514993919,0.354247055542506,0.05054689295810217]"
v3.3,393de51ec9fec163,fermi,common,inf,0.0,0.92,-0.0044477335094680465,7.611955510355983e-11,7.705193982742313e-18,0.0,1,0.0,"[0.5952060514993919,0.354247055542506,0.05054689295810217]"
v3.3,393de51ec9fec163,fermi,common,inf,0.0,0.93,-0.00444773350946788,7.610323482509784e-11,7.705193982742313e-18,0.0,1,0.0,"[0.5952060514993919,0.354247055542506,0.05054689295810217]"
v3.3,393de51ec9fec163,fermi,common,inf,0.0,0.9400000000000001,-0.004447733509468137,7.608709495787735e-11,7.705193982742313e-18,0.0,1,0.0,"[0.5952060514993919,0.354247055542506,0.05054689295810217]"
v3.3,393de51ec9fec163,fermi,common,inf,0.0,0.9500000000000001,-0.004447733509468456,7.607014324007011e-11,7.705193982742313e-18,0.0,1,0.0,"[0.5952060514993919,0.354247055542506,0.05054689295810217]"
v3.3,393de51ec9fec163,fermi,common,inf,0.0,0.9600000000000001,-0.004447733509468449,7.60529070276128e-11,7.705193982742313e-18,0.0,1,0.0,"[0.5952060514993919,0.354247055542506,0.05054689295810217]"
v3.3,393de51ec9fec163,fermi,common,inf,0.0,0.9700000000000001,-0.004447733509468997,7.603644797127274e-11,7.705193982742313e-18,0.0,1,0.0,"[0.5952060514993919,0.354247055542506,0.05054689295810217]"
v3.3,393de51ec9fec163,fermi,common,inf,0.0,0.9800000000000001,-0.004447733509468713,7.601878848628729e-11,7.705193982742313e-18,0.0,1,0.0,"[0.5952060514993919,0.354247055542506,0.05054689295810217]"
v3.3,393de51ec9fec163,fermi,common,inf,0.0,0.9900000000000001,-0.004447733509469032,7.600135798480068e-11,7.705193982742313e-18,0.0,1,0.0,"[0.5952060514993919,0.354247055542506,0.05054689295810217]"
v3.3,393de51ec9fec163,fermi,common,inf,0.0,1.0,-0.004447733509469552,7.598439238920562e-11,7.705193982742313e-18,0.0,1,0.0,"[0.5952060514993919,0.354247055542506,0.05054689295810217]"
v3.3,393de51ec9fec163,fermi,common,inf,0.0,1.01,-0.004447733509469642,7.596644840957012e-11,7.705193982742313e-18,0.0,1,0.0,"[0.5952060514993919,0.354247055542506,0.05054689295810217]"
v3.3,393de51ec9fec163,fermi,common,inf,0.0,1.02,-0.004447733509469552,7.594837952984435e-11,7.705193982742313e-18,0.0,1,0.0,"[0.5952060514993919,0.354247055542506,0.05054689295810217]"
v3.3,393de51ec9fec163,fermi,common,inf,0.0,1.03,-0.004447733509469989,7.59301857500283e-11,7.705193982742313e-18,0.0,1,0.0,"[0.5952060514993919,0.354247055542506,0.05054689295810217]"
v3.3,393de51ec9fec163,fermi,common,inf,0.0,1.04,-0.004447733509470322,7.591223483149889e-11,7.705193982742313e-18,0.0,1,0.0,"[0.5952060514993919,0.354247055542506,0.05054689295810217]"
v3.3,393de51ec9fec163,fermi,common,inf,0.0,1.05,-0.004447733509470572,7.589336104008026e-11,7.705193982742313e-18,0.0,1,0.0,"[0.5952060514993919,0.354247055542506,0.05054689295810217]"
v3.3,393de51ec9fec163,fermi,common,inf,0.0,1.06,-0.004447733509470406,7.587492439897758e-11,7.705193982742313e-18,0.0,1,0.0,"[0.5952060514993919,0.354247055542506,0.05054689295810217]"
v3.3,393de51ec9fec163,fermi,common,inf,0.0,1.07,-0.004447733509470919,7.585644612451148e-11,7.705193982742314e-18,0.0,1,0.0,"[0.5952060514993919,0.354247055542506,0.05054689295810217]"
v3.3,393de51ec9fec163,fermi,common,inf,0.0,1.08,-0.004447733509471134,7.58373155940184e-11,7.705193982742313e-18,0.0,1,0.0,"[0.5952060514993919,0.354247055542506,0.05054689295810217]"
v3.3,393de51ec9fec163,fermi,common,inf,0.0,1.09,-0.004447733509471155,7.581799771338993e-11,7.705193982742313e-18,0.0,1,0.0,"[0.5952060514993919,0.354247055542506,0.05054689295810217]"
v3.3,393de51ec9fec163,fermi,common,inf,0.0,1.1,-0.004447733509471363,7.579917249422863e-11,7.705193982742313e-18,0.0,1,0.0,"[0.5952060514993919,0.354247055542506,0.05054689295810217]"
v3.3,393de51ec9fec163,fermi,common,inf,0.0,1.11,-0.004447733509471509,7.577932725766345e-11,7.705193982742313e-18,0.0,1,0.0,"[0.5952060514993919,0.354247055542506,0.05054689295810217]"
v3.3,393de51ec9fec163,fermi,common,inf,0.0,1.12,-0.004447733509471828,7.575976651574834e-11,7.705193982742313e-18,0.0,1,0.0,"[0.5952060514993919,0.354247055542506,0.05054689295810217]"
v3.3,393de51ec9fec163,fermi,common,inf,0.0,1.1300000000000001,-0.004447733509472314,7.574001842369782e-11,7.705193982742313e-18,0.0,1,0.0,"[0.5952060514993919,0.354247055542506,0.05054689295810217]"
v3.3,393de51ec9fec163,fermi,common,inf,0.0,1.1400000000000001,-0.0044477335094723,7.571993726473991e-11,7.705193982742314e-18,0.0,1,0.0,"[0.5952060514993919,0.354247055542506,0.05054689295810217]"
v3.3,393de51ec9fec163,fermi,common,inf,0.0,1.1500000000000001,-0.0044477335094724735,7.569953691666242e-11,7.705193982742313e-18,0.0,1,0.0,"[0.5952060514993919,0.354247055542506,0.05054689295810217]"
v3.3,393de51ec9fec163,fermi,common,inf,0.0,1.1600000000000001,-0.004447733509472848,7.56790741185398e-11,7.705193982742313e-18,0.0,1,0.0,"[0.5952060514993919,0.354247055542506,0.05054689295810217]"
v3.3,393de51ec9fec163,fermi,common,inf,0.0,1.1700000000000002,-0.004447733509472945,7.56588333650221e-11,7.705193982742313e-18,0.0,1,0.0,"[0.5952060514993919,0.354247055542506,0.05054689295810217]"
v3.3,393de51ec9fec163,fermi,common,inf,0.0,1.1800000000000002,-0.004447733509473202,7.563790566100792e-11,7.705193982742313e-18,0.0,1,0.0,"[0.5952060514993919,0.354247055542506,0.05054689295810217]"
v3.3,393de51ec9fec163,fermi,common,inf,0.0,1.1900000000000002,-0.0044477335094736045,7.561723469606818e-11,7.705193982742313e-18,0.0,1,0.0,"[0.5952060514993919,0.354247055542506,0.05054689295810217]"
v3.3,393de51ec9fec163,fermi,common,inf,0.0,1.2000000000000002,-0.004447733509474076,7.559604331408565e-11,7.705193982742313e-18,0.0,1,0.0,"[0.5952060514993919,0.354247055542506,0.05054689295810217]"
v3.3,393de51ec9fec163,fermi,common,inf,0.0,1.21,-0.004447733509474,7.557477560427017e-11,7.705193982742313e-18,0.0,1,0.0,"[0.5952060514993919,0.354247055542506,0.05054689295810217]"
v3.3,393de51ec9fec163,fermi,common,inf,0.0,1.22,-0.004447733509474139,7.555336911657662e-11,7.705193982742313e-18,0.0,1,0.0,"[0.5952060514993919,0.354247055542506,0.05054689295810217]"
v3.3,393de51ec9fec163,fermi,common,inf,0.0,1.23,-0.004447733509474465,7.55313103728561e-11,7.705193982742313e-18,0.0,1,0.0,"[0.5952060514993919,0.354247055542506,0.05054689295810217]"
v3.3,393de51ec9fec163,fermi,common,inf,0.0,1.24,-0.004447733509474791,7.551007041861624e-11,7.705193982742314e-18,0.0,1,0.0,"[0.5952060514993919,0.354247055542506,0.05054689295810217]"
v3.3,393de51ec9fec163,fermi,common,inf,0.0,1.25,-0.004447733509475013,7.548800473600181e-11,7.705193982742313e-18,0.0,1,0.0,"[0.5952060514993919,0.354247055542506,0.05054689295810217]"
v3.3,393de51ec9fec163,fermi,common,inf,0.0,1.26,-0.0044477335094750825,7.546571700878246e-11,7.705193982742313e-18,0.0,1,0.0,"[0.5952060514993919,0.354247055542506,0.05054689295810217]"
v3.3,393de51ec9fec163,fermi,common,inf,0.0,1.27,-0.004447733509475631,7.544374153178879e-11,7.705193982742313e-18,0.0,1,0.0,"[0.5952060514993919,0.354247055542506,0.05054689295810217]"
v3.3,393de51ec9fec163,fermi,common,inf,0.0,1.28,-0.004447733509475818,7.542091257084493e-11,7.705193982742313e-18,0.0,1,0.0,"[0.5952060514993919,0.354247055542506,0.05054689295810217]"
v3.3,393de51ec9fec163,fermi,common,inf,0.0,1.29,-0.004447733509487274,7.540956747931205e-11,7.705193982742313e-18,0.0,1,0.0,"[0.5952060514993919,0.354247055542506,0.05054689295810217]"
v3.3,393de51ec9fec163,fermi,common,inf,0.0,1.3,-0.004447733509512948,7.541216262563211e-11,7.705193982742313e-18,0.0,1,0.0,"[0.5952060514993919,0.354247055542506,0.05054689295810217]"
v3.3,393de51ec9fec163,fermi,common,inf,0.0,1.31,-0.004447733509538913,7.541504920549613e-11,7.705193982742313e-18,0.0,1,0.0,"[0.5952060514993919,0.354247055542506,0.05054689295810217]"
v3.3,393de51ec9fec163,fermi,common,inf,0.0,1.32,-0.0044477335095647885,7.54176651684979e-11,7.705193982742313e-18,0.0,1,0.0,"[0.5952060514993919,0.354247055542506,0.05054689295810217]"
v3.3,393de51ec9fec163,fermi,common,inf,0.0,1.33,-0.0044477335095911355,7.541989949233496e-11,7.705193982742313e-18,0.0,1,0.0,"[0.5952060514993919,0.354247055542506,0.05054689295810217]"
v3.3,393de51ec9fec163,fermi,common,inf,0.0,1.34,-0.004447733509617635,7.542242524971599e-11,7.705193982742313e-18,0.0,1,0.0,"[0.5952060514993919,0.354247055542506,0.05054689295810217]"
v3.3,393de51ec9fec163,fermi,common,inf,0.0,1.35,-0.00444773350964444,7.542545060745809e-11,7.705193982742313e-18,0.0,1,0.0,"[0.5952060514993919,0.354247055542506,0.05054689295810217]"
v3.3,393de51ec9fec163,fermi,common,inf,0.0,1.36,-0.004447733509671127,7.542864249865389e-11,7.705193982742313e-18,0.0,1,0.0,"[0.5952060514993919,0.354247055542506,0.05054689295810217]"
v3.3,393de51ec9fec163,fermi,common,inf,0.0,1.37,-0.004447733509698321,7.543113356156539e-11,7.705193982742313e-18,0.0,1,0.0,"[0.5952060514993919,0.354247055542506,0.05054689295810217]"
v3.3,393de51ec9fec163,fermi,common,inf,0.0,1.3800000000000001,-0.004447733509725653,7.543368013562812e-11,7.705193982742313e-18,0.0,1,0.0,"[0.5952060514993919,0.354247055542506,0.05054689295810217]"
v3.3,393de51ec9fec163,fermi,common,inf,0.0,1.3900000000000001,-0.004447733509753304,7.543617813743353e-11,7.705193982742314e-18,0.0,1,0.0,"[0.5952060514993919,0.354247055542506,0.05054689295810217]"
v3.3,393de51ec9fec163,fermi,common,inf,0.0,1.4,-0.004447733509780796,7.543962676770377e-11,7.705193982742313e-18,0.0,1,0.0,"[0.5952060514993919,0.354247055542506,0.05054689295810217]"
v3.3,393de51ec9fec163,arctan,independent,1,1.0,0.05,-0.003941164197779137,1.4144262844295596e-10,1.9075750823170033e-10,0.0,1,0.0,"[0.5936291558070121,0.3555015764938277,0.05086926769916009]"
v3.3,393de51ec9fec163,arctan,independent,1,1.0,0.060000000000000005,-0.003722526275652671,2.435837712089217e-10,1.492473982861843e-10,0.0008735000044175859,1,0.0,"[0.5929538137918312,0.3560378324977227,0.05100835371044603]"
v3.3,393de51ec9fec163,arctan,independent,1,1.0,0.07,-0.003467767921931632,1.5722897983572182e-10,8.652639998237552e-11,0.0010141415173156427,1,0.0,"[0.5921694463475992,0.3566598363514489,0.05117071730095183]"
v3.3,393de51ec9fec163,arctan,independent,1,1.0,0.08,-0.0031788928762747845,2.336682861092676e-10,4.369726400459171e-12,0.001146693064385435,1,0.0,"[0.591282167380723,0.3573623281444367,0.051355504474840226]"
v3.3,393de51ec9fec163,arctan,independent,1,1.0,0.09,-0.0028582500591908255,1.273185029626589e-10,1.354244881681237e-11,0.001270547264916674,1,0.0,"[0.5902985430124951,0.35813963551741507,0.05156182147008986]"
v3.3,393de51ec9fec163,arctan,independent,1,1.0,0.1,-0.002508481683802216,7.004941765531569e-11,2.979649062476246e-13,0.0013852736524309446,1,0.0,"[0.5892254576761952,0.35898578671552384,0.051788755608281056]"
v3.3,393de51ec9fec163,arctan,independent,1,1.0,0.11,-0.0021324584563744003,2.3345261140894635e-10,7.105212016559958e-13,0.001490600826872575,1,0.0,"[0.5880699945376211,0.3598946136095801,0.05203539185279887]"
v3.3,393de51ec9fec163,arctan,independent,1,1.0,0.12000000000000001,-0.0017332012120558696,2.2618754091929816e-10,1.1727696934088862e-12,0.0015864021140429372,1,0.0,"[0.586839327591687,0.360859847046621,0.052300825361692005]"
v3.3,393de51ec9fec163,arctan,independent,1,1.0,0.13,-0.0013138017484387726,1.3858215269779706e-10,3.232929827523322e-12,0.0016726774693202298,1,0.0,"[0.5855406280351293,0.3618752016807875,0.05258417028408329]"
v3.3,393de51ec9fec163,arctan,independent,1,1.0,0.14,-0.0008773477116532438,6.156113813160502e-11,8.093586322634407e-12,0.0017495372075695358,1,0.0,"[0.584180983342906,0.36293445116551337,0.05288456549158052]"
v3.3,393de51ec9fec163,arctan,independent,1,1.0,0.15000000000000002,-0.00042685636213632416,1.8615639585384258e-10,1.857611487390483e-11,0.001817186080627313,1,0.0,"[0.5827673285567606,0.36403149354422726,0.05320117789901207]"
v3.3,393de51ec9fec163,arctan,independent,1,1.0,0.16,3.478013121954726e-05,1.905766863763425e-10,9.715167117024847e-12,0.0018759084016638566,1,0.0,"[0.5813063887957003,0.3651604071806769,0.053533204023622986]"
v3.3,393de51ec9fec163,arctan,independent,1,1.0,0.16999999999999998,0.000504836128739479,1.9785344196332488e-10,1.504588493971144e-11,0.001926053436811072,1,0.0,"[0.579804632612997,0.3663154970933675,0.05387987029363555]"
v3.3,393de51ec9fec163,arctan,independent,1,1.0,0.18,0.000980782722775568,7.492074322046349e-11,2.2638214211552965e-11,0.0019680229474720898,1,0.0,"[0.5782682344651087,0.3674913329042018,0.0542404326306896]"
v3.3,393de51ec9fec163,arctan,independent,1,1.0,0.19,0.0014603059876148183,2.0248386994881074e-10,7.349948231168144e-14,0.002002258361812341,1,0.0,"[0.5767030464793308,0.3686827779709626,0.05461417554970657]"
v3.3,393de51ec9fec163,arctan,independent,1,1.0,0.2,0.00194131488845619,7.106729094097375e-11,1.1836337864316834e-13,0.002029229141586393,1,0.0,"[0.5751145785804698,0.3698850103949586,0.055000411024571656]"
v3.3,393de51ec9fec163,arctan,independent,1,1.0,0.21000000000000002,0.002421943323639493,2.1765129282202977e-10,1.8487469394352697e-13,0.0020494236651058704,1,0.0,"[0.5735079850838355,0.3710935375493132,0.055398477366851426]"
v3.3,393de51ec9fec163,arctan,independent,1,1.0,0.22000000000000003,0.002900544236146309,1.9538670681384929e-10,6.717609407701666e-13,0.002063339064790766,1,0.0,"[0.5718880585418992,0.37230420338727277,0.055807738070828075]"
v3.3,393de51ec9fec163,arctan,independent,1,1.0,0.22999999999999998,0.0033756801544857704,2.235263918404229e-10,2.220624356264748e-12,0.002071473802307576,1,0.0,"[0.570259228829331,0.37351319039464537,0.05622758077602367]"
v3.3,393de51ec9fec163,arctan,independent,1,1.0,0.24,0.003846110505414377,2.0810804468585076e-10,4.3086747382662814e-12,0.0020743208180222317,1,0.0,"[0.5686255670745256,0.37471701659657386,0.05665741632890058]"
v3.3,393de51ec9fec163,arctan,independent,1,1.0,0.25,0.004310777037883906,6.287945858440835e-11,5.7503800689707815e-12,0.0020723618946742483,1,0.0,"[0.5669907935743744,0.3759125284762713,0.05709667794935421]"
v3.3,393de51ec9fec163,arctan,independent,1,1.0,0.26,0.004768788248768682,1.0699715419226763e-10,6.1382560080197405e-12,0.0020660631007356958,1,0.0,"[0.5653582889307819,0.3770968905773418,0.05754482049187644]"
v3.3,393de51ec9fec163,arctan,independent,1,1.0,0.27,0.005219403551846968,6.183093620437674e-11,5.817328404211655e-12,0.0020558712399537716,1,0.0,"[0.5637311077008604,0.37826757251308485,0.05800131978605475]"
v3.3,393de51ec9fec163,arctan,independent,1,1.0,0.28,0.0056620177229373195,6.17496956345498e-11,5.1951611042882154e-12,0.0020422111986880664,1,0.0,"[0.5621119939302186,0.37942233403092396,0.05846567203885735]"
v3.3,393de51ec9fec163,arctan,independent,1,1.0,0.29,0.0060961459293930945,1.326927595579619e-10,4.5094716055671496e-12,0.0020254840862836505,1,0.0,"[0.5605033980124736,0.3805592087056903,0.05893739328183605]"
v3.3,393de51ec9fec163,arctan,independent,1,1.0,0.3,0.006521409615804913,1.9899622227814717e-10,3.862892253341604e-12,0.0020060660678982004,1,0.0,"[0.5589074943882024,0.3816764867630905,0.05941601884870711]"
v3.3,393de51ec9fec163,arctan,independent,1,1.0,0.31,0.00693752342874928,1.205452855590483e-10,4.770378982342574e-12,0.0019843077796100404,1,0.0,"[0.5573261996738199,0.38277269745546777,0.05990110287071222]"
v3.3,393de51ec9fec163,arctan,independent,1,1.0,0.32,0.007344283210634562,1.0491457702599405e-10,6.046126664251967e-12,0.0019605342612723344,1,0.0,"[0.5557611908534156,0.3838465913624843,0.06039221778410023]"
v3.3,393de51ec9fec163,arctan,independent,1,1.0,0.33,0.0077415550742879514,1.2415013461719582e-10,7.573181825622788e-12,0.0019350452316418251,1,0.0,"[0.5542139232951987,0.38489712286949446,0.060888953835306764]"
v3.3,393de51ec9fec163,arctan,independent,1,1.0,0.33999999999999997,0.00812926557346889,1.0991085819256341e-10,9.381952092287381e-12,0.0019081157279294254,1,0.0,"[0.5526856483306068,0.385923433081183,0.06139091858821007]"
v3.3,393de51ec9fec163,arctan,independent,1,1.0,0.35,0.008507392931706024,1.1984043618573637e-10,1.1503158781000726e-11,0.0018799969667624811,1,0.0,"[0.5511774302402855,0.38692483333431243,0.061897736425402035]"
v3.3,393de51ec9fec163,arctan,independent,1,1.0,0.36,0.008875959200934931,5.999258034794508e-11,1.3967852359969564e-11,0.0018509173857401164,1,0.0,"[0.54969016251726,0.38790078943852346,0.06240904804421651]"
v3.3,393de51ec9fec163,arctan,independent,1,1.0,0.37,0.009235023479109521,6.344392719515035e-11,1.1765768807539542e-12,0.0018210838773196265,1,0.0,"[0.5482245832655697,0.388850906782062,0.06292450995236834]"
v3.3,393de51ec9fec163,arctan,independent,1,1.0,0.38,0.009584675493491845,1.2903810311937214e-10,9.817033296050652e-13,0.0017906827207117264,1,0.0,"[0.5467812899690532,0.38977491609560394,0.06344379393534288]"
v3.3,393de51ec9fec163,arctan,independent,1,1.0,0.39,0.009925030741049164,1.7333676161079836e-10,8.168090983761778e-13,0.0017598814782317283,1,0.0,"[0.5453607528909835,0.39067266054264693,0.06396658656636964]"
v3.3,393de51ec9fec163,arctan,independent,1,1.0,0.4,0.01025622557008905,1.0678481363046721e-10,6.782868500542565e-13,0.0017288297220718275,1,0.0,"[0.5439633280009276,0.39154408332740215,0.06449258867167025]"
v3.3,393de51ec9fec163,arctan,independent,1,1.0,0.41,0.01057841321564771,5.6423612310174676e-11,5.623663530233265e-13,0.001697660606522938,1,0.0,"[0.5425892687777594,0.39238921640476,0.06502151481748059]"
v3.3,393de51ec9fec163,arctan,independent,1,1.0,0.42,0.010891760332275513,5.7914416318194384e-11,4.65613158866721e-13,0.0016664920818987526,1,0.0,"[0.5412387371604647,0.39320817004355,0.0655530927959853]"
v3.3,393de51ec9fec163,arctan,independent,1,1.0,0.43,0.011196443988058153,4.78315234642146e-11,3.8512109217188086e-13,0.0016354281193718412,1,0.0,"[0.5399118136343888,0.39400112324945513,0.06608706311615606]"
v3.3,393de51ec9fec163,arctan,independent,1,1.0,0.44,0.011492649043577385,7.9201048497346e-11,5.523104129253688e-13,0.0016045598827545775,1,0.0,"[0.5386085064892656,0.39476831500953874,0.0666231785011956]"
v3.3,393de51ec9fec163,arctan,independent,1,1.0,0.45,0.011780565999948912,1.415426664763686e-10,9.023070513867023e-13,0.001573966845034762,1,0.0,"[0.5373287602866792,0.3955100363182712,0.06716120339504954]"
v3.3,393de51ec9fec163,arctan,independent,1,1.0,0.46,0.012060389119874046,8.237222015594625e-11,2.1826510036019403e-13,0.0015437178405077862,1,0.0,"[0.5360724635817494,0.39622662293981653,0.067700913478434]"
v3.3,393de51ec9fec163,arctan,independent,1,1.0,0.47,0.012332314795390903,1.6160937518772123e-10,1.808497027560846e-13,0.0015138720289560568,1,0.0,"[0.5348394559622972,0.3969184488432951,0.06824209519440784]"
v3.3,393de51ec9fec163,arctan,independent,1,1.0,0.48,0.012596540248594253,1.663615842306676e-10,1.502386378591171e-13,0.001484479851871326,1,0.0,"[0.5336295344056717,0.3975859203040215,0.06878454529030666]"
v3.3,393de51ec9fec163,arctan,independent,1,1.0,0.49,0.01285326238003082,1.1215171846767902e-10,1.2489382257474915e-13,0.0014555838519345057,1,0.0,"[0.5324424590555182,0.39822947057550856,0.06932807036897312]"
v3.3,393de51ec9fec163,arctan,independent,1,1.0,0.5,0.013102676856931415,1.1675050509696305e-10,1.1785199981267844e-13,0.0014272194759366785,1,0.0,"[0.5312779584258233,0.39884955511859427,0.06987248645558258]"
v3.3,393de51ec9fec163,arctan,independent,1,1.0,0.51,0.01334497730985379,4.067576137023465e-11,1.1297528276707738e-13,0.0013994157989752592,1,0.0,"[0.5301357340891572,0.39944664733228097,0.07041761857856191]"
v3.3,393de51ec9fec163,arctan,independent,1,1.0,0.52,0.01358035472129928,1.0867328217867289e-10,1.0817457390787394e-13,0.0013721961914743943,1,0.0,"[0.5290154648892877,0.4000212347456576,0.07096330036505469]"
v3.3,393de51ec9fec163,arctan,independent,1,1.0,0.53,0.013808996903851681,5.034314978780152e-11,1.0343247389505305e-13,0.0013455789306371444,1,0.0,"[0.5279168107173875,0.40057381563122396,0.07150937365138856]"
v3.3,393de51ec9fec163,arctan,independent,1,1.0,0.54,0.014031088091721912,1.1638921770806832e-10,9.875082053703885e-14,0.0013195777588446821,1,0.0,"[0.5268394158894352,0.4011048960021409,0.07205568810842394]"
v3.3,393de51ec9fec163,arctan,independent,1,1.0,0.55,0.014246808626671839,1.635158675128423e-10,9.417154738247624e-14,0.00129420239260994,1,0.0,"[0.5257829121598838,0.4016149869583029,0.07260210088181336]"
v3.3,393de51ec9fec163,arctan,independent,1,1.0,0.56,0.01445633470561341,1.5171599740404496e-10,8.969297665143604e-14,0.0012694589854703754,1,0.0,"[0.5247469214043206,0.4021046023486571,0.07314847624702234]"
v3.3,393de51ec9fec163,arctan,independent,1,1.0,0.5700000000000001,0.014659838202327833,9.971035455635935e-11,8.535971564243551e-14,0.0012453505481409978,1,0.0,"[0.5237310580015286,0.4025742567195743,0.073694685278897]"
v3.3,393de51ec9fec163,arctan,independent,1,1.0,0.5800000000000001,0.014857486552000431,3.995281883106827e-11,8.108483697911485e-14,0.0012218773291717052,1,0.0,"[0.5227349309430892,0.4030244635214145,0.07424060553549625]"
v3.3,393de51ec9fec163,arctan,independent,1,1.0,0.5900000000000001,0.01504944266323522,1.096488871921153e-10,7.700528405657099e-14,0.0011990371592210014,1,0.0,"[0.5217581456964749,0.40345573354767067,0.07478612075585449]"
v3.3,393de51ec9fec163,arctan,independent,1,1.0,0.6000000000000001,0.015235864877923014,1.3722406544403043e-10,7.307138764159241e-14,0.0011768257619150626,1,0.0,"[0.5208003058454925,0.40386857358320993,0.07533112057129748]"
v3.3,393de51ec9fec163,arctan,independent,1,1.0,0.6100000000000001,0.015416906972505674,4.34404109905806e-11,6.923887902533399e-14,0.0011552370340847243,1,0.0,"[0.5198610145299578,0.40426348524013966,0.07587550022990253]"
v3.3,393de51ec9fec163,arctan,independent,1,1.0,0.6200000000000001,0.015592718171058641,7.977931162916896e-11,6.558737077067333e-14,0.001134263298017308,1,0.0,"[0.518939875704613,0.4046409639617193,0.07641916033366779]"
v3.3,393de51ec9fec163,arctan,independent,1,1.0,0.63,0.015763443186184174,8.406187204657023e-11,6.206330357817902e-14,0.0011138955281690798,1,0.0,"[0.5180364952355587,0.40500149817649983,0.07696200658794147]"
v3.3,393de51ec9fec163,arctan,independent,1,1.0,0.64,0.01592922229522993,1.1422067111577228e-10,5.872393984737546e-14,0.001094123554618629,1,0.0,"[0.5171504818508439,0.4053455685865072,0.07750394956264897]"
v3.3,393de51ec9fec163,arctan,independent,1,1.0,0.65,0.0160901914002276,1.5473376746566458e-10,5.55111876951672e-14,0.0010749362453706575,1,0.0,"[0.516281447960346,0.4056736475748026,0.07804490446485135]"
v3.3,393de51ec9fec163,arctan,independent,1,1.0,0.66,0.01624648211332837,1.005237143525406e-10,5.2458322115179035e-14,0.0010563216694487766,1,0.0,"[0.5154290103586865,0.4059861987191455,0.07858479092216802]"
v3.3,393de51ec9fec163,arctan,independent,1,1.0,0.67,0.016398221871456554,8.120679476086856e-11,4.9510386155644114e-14,0.0010382672425678157,1,0.0,"[0.5145927908236332,0.4062836763997671,0.07912353277659981]"
v3.3,393de51ec9fec163,arctan,independent,1,1.0,0.68,0.016545534022233816,8.26342605453334e-11,4.6726146890119154e-14,0.0010207598570172454,1,0.0,"[0.5137724166212694,0.40656652549043754,0.07966105788829295]"
v3.3,393de51ec9fec163,arctan,independent,1,1.0,0.6900000000000001,0.01668853794591405,7.578581512346361e-11,4.4102000469171403e-14,0.0010037859972564778,1,0.0,"[0.5129675209281217,0.40683518112308165,0.08019729794879672]"
v3.3,393de51ec9fec163,arctan,independent,1,1.0,0.7000000000000001,0.016827349163931797,7.549655692273838e-11,4.1577701670838405e-14,0.000987331842587456,1,0.0,"[0.5121777431794488,0.40709006851717816,0.08073218830337317]"
v3.3,393de51ec9fec163,arctan,independent,1,1.0,0.7100000000000001,0.016962079448839252,1.295079356256057e-10,3.916739419554686e-14,0.0009713833581436222,1,0.0,"[0.5114027293519984,0.4073316028660676,0.0812656677819341]"
v3.3,393de51ec9fec163,arctan,independent,1,1.0,0.7200000000000001,0.017092836948249212,9.60603194211096e-11,3.689440671703082e-14,0.0009559263753369824,1,0.0,"[0.510642132188705,0.4075601892731036,0.08179767853819132]"
v3.3,393de51ec9fec163,arctan,independent,1,1.0,0.7300000000000001,0.017219726302705546,4.2862127042075926e-11,3.474398804678767e-14,0.0009409466627832217,1,0.0,"[0.5098956113720619,0.4077762227313173,0.08232816589662084]"
v3.3,393de51ec9fec163,arctan,independent,1,1.0,0.7400000000000001,0.01734284875809704,1.2938148469254784e-10,3.2721487852917044e-14,0.0009264299886438267,1,0.0,"[0.5091628336522149,0.4079800881409289,0.08285707820685614]"
v3.3,393de51ec9fec163,arctan,independent,1,1.0,0.7500000000000001,0.017462302281721232,9.145242896302364e-11,3.0808787630079494e-14,0.0009123621752288137,1,0.0,"[0.5084434729352157,0.40817216035964127,0.08338436670514297]"
v3.3,393de51ec9fec163,arctan,independent,1,1.0,0.76,0.017578181676903015,7.824320358285064e-11,7.322555341025751e-14,0.0008987291464736624,1,0.0,"[0.5077372103364495,0.4083528042810846,0.08390998538246595]"
v3.3,393de51ec9fec163,arctan,independent,1,1.0,0.77,0.01769057869923837,4.027801703276879e-11,1.9231877068313147e-13,0.000885516969645137,1,0.0,"[0.5070437342031511,0.4085223749377118,0.0844338908591371]"
v3.3,393de51ec9fec163,arctan,independent,1,1.0,0.78,0.01779958215699215,1.1176307102012117e-10,3.093659683283621e-13,0.0008727118912381515,1,0.0,"[0.5063627401100195,0.4086812176245881,0.08495604226539229]"
v3.3,393de51ec9fec163,arctan,independent,1,1.0,0.79,0.01790527802192141,1.117810496942262e-10,4.113935973673456e-13,0.0008603003665814183,1,0.0,"[0.5056939308326557,0.4088296680397254,0.08547640112761892]"
v3.3,393de51ec9fec163,arctan,independent,1,1.0,0.8,0.01800774954548385,1.1188955664764855e-10,4.906710744805801e-13,0.0008482690867902218,1,0.0,"[0.5050370163000892,0.40896805243977263,0.08599493126013824]"
v3.3,393de51ec9fec163,arctan,independent,1,1.0,0.81,0.01810707733581614,1.19081459970527e-10,5.402075313255548e-13,0.0008366050005411389,1,0.0,"[0.50439171353023,0.4090966878076462,0.08651159866212382]"
v3.3,393de51ec9fec163,arctan,independent,1,1.0,0.8200000000000001,0.018203339480104126,8.747702909261967e-11,5.527772669963511e-13,0.0008252953323710177,1,0.0,"[0.5037577465505447,0.4092158820300393,0.08702637141941598]"
v3.3,393de51ec9fec163,arctan,independent,1,1.0,0.8300000000000001,0.018296611623530884,7.544237110024277e-11,5.211419878744953e-13,0.0008143275976965938,1,0.0,"[0.5031348463061637,0.4093259340828557,0.08753921961098071]"
v3.3,393de51ec9fec163,arctan,independent,1,1.0,0.8400000000000001,0.018386967067125965,1.1038987779432574e-10,4.3991080294156245e-13,0.0008036896148899772,1,0.0,"[0.5025227505573912,0.40942713422283417,0.08805011521977467]"
v3.3,393de51ec9fec163,arctan,independent,1,1.0,0.8500000000000001,0.018474476857103947,8.13513353903339e-11,3.101668403421059e-13,0.0007933695147239861,1,0.0,"[0.5019212037683698,0.4095197641838422,0.08855903204778796]"
v3.3,393de51ec9fec163,arctan,independent,1,1.0,0.8600000000000001,0.01855920986841952,3.966364042762294e-11,1.477367725332378e-13,0.0007833557474695383,1,0.0,"[0.5013299569884545,0.40960409737649617,0.0890659456350493]"
v3.3,393de51ec9fec163,arctan,independent,1,1.0,0.8700000000000001,0.018641232884023442,3.288749828023185e-11,1.4697239450163316e-14,0.0007736370878421181,1,0.0,"[0.5007487677277402,0.4096803990898794,0.0895708331823804]"
v3.3,393de51ec9fec163,arctan,independent,1,1.0,0.8800000000000001,0.01872061068730868,6.082379044869413e-11,1.381211333139812e-14,0.0007642026383044846,1,0.0,"[0.5001773998277248,0.40974892669455104,0.09007367347772421]"
v3.3,393de51ec9fec163,arctan,independent,1,1.0,0.89,0.018797406116500496,3.7224598403717835e-12,1.629679138934739e-13,0.0007550418309867364,1,0.0,"[0.4996156233279323,0.4098099298460878,0.09057444682597997]"
v3.3,393de51ec9fec163,arctan,independent,1,1.0,0.9,0.018871680153797164,5.420247584098092e-13,8.684656087369445e-13,0.0007461444257798806,1,0.0,"[0.4990632143319302,0.40986365068645714,0.09107313498161265]"
v3.3,393de51ec9fec163,arctan,independent,1,1.0,0.91,0.018943491992969064,1.2106635138842137e-12,2.3089576931497726e-12,0.0007375005127670288,1,0.0,"[0.4985199548676011,0.4099103240473441,0.09156972108505496]"
v3.3,393de51ec9fec163,arctan,independent,1,1.0,0.92,0.019012899107537153,5.927102558755948e-12,4.616312621246708e-12,0.000729100507240396,1,0.0,"[0.4979856327491036,0.4099501776494066,0.09206418960148975]"
v3.3,393de51ec9fec163,arctan,independent,1,1.0,0.93,0.019079957305507406,3.144248750253098e-12,7.786267626012205e-12,0.0007209351473063992,1,0.0,"[0.49746004143734096,0.40998343230010464,0.09255652626255437]"
v3.3,393de51ec9fec163,arctan,independent,1,1.0,0.9400000000000001,0.0191447208393263,4.69863731256126e-13,9.485310683649503e-15,0.0007129955268972919,1,0.0,"[0.4969429798589766,0.4100103021218747,0.09304671801914863]"
v3.3,393de51ec9fec163,arctan,independent,1,1.0,0.9500000000000001,0.019207242337685237,8.420677349851857e-12,8.90488067010214e-15,0.0007052729176193531,1,0.0,"[0.49643425241929423,0.41003099462344283,0.09353475295726307]"
v3.3,393de51ec9fec163,arctan,independent,1,1.0,0.9600000000000001,0.019267573022523424,1.6805584701629073e-12,8.370869718261989e-15,0.0006977590819911904,1,0.0,"[0.495933668660473,0.41004571105091936,0.09402062028860768]"
v3.3,393de51ec9fec163,arctan,independent,1,1.0,0.9700000000000001,0.019325762673049918,2.927418724096853e-12,7.881098110337506e-15,0.0006904459747591621,1,0.0,"[0.49544104324765964,0.41005464647530765,0.0945043102770327]"
v3.3,393de51ec9fec163,arctan,independent,1,1.0,0.9800000000000001,0.019381859686586077,1.1817869599584085e-11,7.392732808069661e-15,0.0006833258710888671,1,0.0,"[0.49495619580629213,0.4100579899960599,0.0949858141976478]"
v3.3,393de51ec9fec163,arctan,independent,1,1.0,0.9900000000000001,0.019435911144321937,2.168397406077105e-12,6.9294523669525074e-15,0.0006763913348646613,1,0.0,"[0.4944789507890551,0.4100559249186218,0.09546512429232308]"
v3.3,393de51ec9fec163,arctan,independent,1,1.0,1.0,0.019487962855136744,9.88433640491948e-12,6.520028274283734e-15,0.0006696352115674819,1,0.0,"[0.4940091373448887,0.4100486289279913,0.09594223372712]"
v3.3,393de51ec9fec163,arctan,independent,1,1.0,1.01,0.019538059390852867,3.8488656706192614e-12,6.133187780683157e-15,0.0006630506209188501,1,0.0,"[0.49354658919023386,0.4100362742582066,0.09641713655155967]"
v3.3,393de51ec9fec163,arctan,independent,1,1.0,1.02,0.019586244146101935,4.860944979867554e-12,5.75771176390028e-15,0.0006566309493499651,1,0.0,"[0.4930911444826609,0.41001902785769995,0.09688982765963933]"
v3.3,393de51ec9fec163,arctan,independent,1,1.0,1.03,0.019632559364725372,3.361078776409343e-12,5.403466736098719e-15,0.0006503698423455546,1,0.0,"[0.4926426456970019,0.4099970515504833,0.09736030275251471]"
v3.3,393de51ec9fec163,arctan,independent,1,1.0,1.04,0.019677046192701934,1.5358998795012013e-12,5.088774911700073e-15,0.0006442611967071043,1,0.0,"[0.4922009395040817,0.40997050219314957,0.09782855830276864]"
v3.3,393de51ec9fec163,arctan,independent,1,1.0,1.05,0.0197197447122809,3.794742298168785e-12,4.7685494971885296e-15,0.000638299152776648,1,0.0,"[0.4917658766521201,0.4099395318276883,0.09829459152019163]"
v3.3,393de51ec9fec163,arctan,independent,1,1.0,1.06,0.01976069397094949,4.680089649156116e-12,4.497506150053491e-15,0.0006324780866541358,1,0.0,"[0.49133731185086,0.40990428783013666,0.09875840031900329]"
v3.3,393de51ec9fec163,arctan,independent,1,1.0,1.07,0.01979993203350987,1.8792883915708103e-12,4.22263538506724e-15,0.000626792602442965,1,0.0,"[0.49091510365845686,0.40986491305509476,0.09921998328644827]"
v3.3,393de51ec9fec163,arctan,independent,1,1.0,1.08,0.01983749599532507,6.48715803297506e-12,3.998516080895274e-15,0.0006212375245483895,1,0.0,"[0.49049911437115273,0.4098215459761446,0.09967933965270277]"
v3.3,393de51ec9fec163,arctan,independent,1,1.0,1.09,0.019873422036348017,1.319163528412659e-12,3.7491088314518726e-15,0.0006158078900551731,1,0.0,"[0.49008920991574056,0.40977432082222787,0.10013646926203146]"
v3.3,393de51ec9fec163,arctan,independent,1,1.0,1.1,0.019907745436680224,2.9633448472843327e-12,3.504991880241189e-15,0.0006104989412014758,1,0.0,"[0.48968525974482235,0.40972336771003914,0.10059137254513849]"
v3.3,393de51ec9fec163,arctan,independent,1,1.0,1.11,0.019940500608609413,7.55334336743907e-12,1.011620930478315e-14,0.000605306118011211,1,0.0,"[0.48928713673479013,0.409668812772542,0.10104405049266782]"
v3.3,393de51ec9fec163,arctan,independent,1,1.0,1.12,0.019971721133075108,2.9815455659942813e-12,1.3669152519274208e-14,0.0006002250508399444,1,0.0,"[0.48889471708680954,0.40961077828344555,0.10149450462974496]"
v3.3,393de51ec9fec163,arctan,independent,1,1.0,1.1300000000000001,0.02000143977146877,8.456842864879022e-12,1.8208364841968596e-14,0.000595251553584957,1,0.0,"[0.4885078802300677,0.4095493827782841,0.10194273699164821]"
v3.3,393de51ec9fec163,arctan,independent,1,1.0,1.1400000000000001,0.020029688510266107,1.2287532102916998e-12,3.738724366297152e-14,0.0005903816164143563,1,0.0,"[0.48812650872810043,0.40948474117151806,0.10238875010038154]"
v3.3,393de51ec9fec163,arctan,independent,1,1.0,1.1500000000000001,0.020056498581229952,9.46861339334859e-12,3.2150221387660195e-14,0.0005856113989432321,1,0.0,"[0.4877504881879227,0.4094169648698142,0.10283254694226311]"
v3.3,393de51ec9fec163,arctan,independent,1,1.0,1.1600000000000001,0.020081900468240058,5.637941502545374e-12,2.7610481808383282e-14,0.0005809372239755772,1,0.0,"[0.4873797071709963,0.40934616188262324,0.10327413094638047]"
v3.3,393de51ec9fec163,arctan,independent,1,1.0,1.1700000000000002,0.020105923951005567,7.065407287010217e-12,4.1900975697171893e-13,0.0005763555693860532,1,0.0,"[0.4870140571093535,0.40927243692709386,0.10371350596355274]"
v3.3,393de51ec9fec163,arctan,independent,1,1.0,1.1800000000000002,0.020128598124380715,1.535931104523769e-12,2.0349574166274174e-14,0.000571863069244238,1,0.0,"[0.486653432213647,0.4091958915379434,0.10415067624840967]"
v3.3,393de51ec9fec163,arctan,independent,1,1.0,1.1900000000000002,0.020149951403497384,2.4755267280518467e-12,1.5303812883072408e-15,0.0005674564898240362,1,0.0,"[0.4862977294090653,0.40911662415439537,0.10458564643653936]"
v3.3,393de51ec9fec163,arctan,independent,1,1.0,1.2000000000000002,0.020170011567530677,7.35451283206956e-12,1.0243950185140822e-15,0.000563132747586705,1,0.0,"[0.48594684823968093,0.40903473023026515,0.10501842153005396]"
v3.3,393de51ec9fec163,arctan,independent,1,1.0,1.21,0.020188805758452142,9.288098068438444e-12,7.48259252503886e-16,0.0005588888853357749,1,0.0,"[0.4856006908010771,0.4089503023208166,0.10544900687810617]"
v3.3,393de51ec9fec163,arctan,independent,1,1.0,1.22,0.020206360508857168,3.1803032429778e-12,5.818384469485927e-16,0.0005547220741729494,1,0.0,"[0.4852591616644655,0.4088634301750824,0.10587740816045206]"
v3.3,393de51ec9fec163,arctan,independent,1,1.0,1.23,0.020222701767823845,2.240634761063731e-12,5.161199562842608e-16,0.0005506296067748117,1,0.0,"[0.4849221678050904,0.40877420082363797,0.10630363137127155]"
v3.3,393de51ec9fec163,arctan,independent,1,1.0,1.24,0.020237854907742915,7.119558415036309e-12,4.644278686553971e-16,0.0005466088922794231,1,0.0,"[0.4845896185327419,0.4086826986636206,0.10672768280363747]"
v3.3,393de51ec9fec163,arctan,independent,1,1.0,1.25,0.02025184472720928,6.577433042664893e-12,4.4038236965333605e-16,0.0005426574513166032,1,0.0,"[0.48426142542438994,0.4085890055410106,0.10714956903459942]"
v3.3,393de51ec9fec163,arctan,independent,1,1.0,1.26,0.020264695507797952,2.276782928856136e-12,4.3620103860040902e-16,0.0005387729112159305,1,0.0,"[0.48393750225888804,0.4084932008302543,0.10756929691085763]"
v3.3,393de51ec9fec163,arctan,independent,1,1.0,1.27,0.020276430988766046,3.180306712424752e-12,4.747266590170145e-16,0.000534953001396014,1,0.0,"[0.48361776495368297,0.40839536151131456,0.10798687353500248]"
v3.3,393de51ec9fec163,arctan,independent,1,1.0,1.28,0.020287074401855548,9.75702157957059e-13,5.244734968898581e-16,0.0005311955489258152,1,0.0,"[0.48330213150347795,0.4082955622442251,0.10840230625229696]"
v3.3,393de51ec9fec163,arctan,independent,1,1.0,1.29,0.020296648483544982,2.963473216821555e-12,5.79407054631218e-16,0.0005274984742580154,1,0.0,"[0.4829905219207914,0.4081938754412285,0.10881560263798014]"
v3.3,393de51ec9fec163,arctan,independent,1,1.0,1.3,0.020305175480145054,5.131863684004756e-12,4.0325651838835515e-16,0.0005238597871282542,1,0.0,"[0.4826828581783562,0.40809037133657383,0.10922677048506996]"
v3.3,393de51ec9fec163,arctan,independent,1,1.0,1.31,0.020312677179493664,5.167991035115449e-12,3.2121673701377565e-17,0.0005202775826194263,1,0.0,"[0.48237906415330245,0.4079851180540504,0.10963581779264696]"
v3.3,393de51ec9fec163,arctan,independent,1,1.0,1.32,0.02031917489187339,1.0083156531948134e-11,3.9965568650647693e-16,0.0005167500373808966,1,0.0,"[0.4820790655730745,0.40787818167232726,0.1100427527545983]"
v3.3,393de51ec9fec163,arctan,independent,1,1.0,1.33,0.020324689503897042,5.023384486158022e-12,3.996778042273548e-16,0.0005132754060037603,1,0.0,"[0.4817827899630264,0.4077696262881699,0.11044758374880378]"
v3.3,393de51ec9fec163,arctan,independent,1,1.0,1.34,0.020329241457762968,3.1080173157338464e-12,3.416585118179729e-16,0.000509852017542322,1,0.0,"[0.48149016659564986,0.4076595140776031,0.11085031932674702]"
v3.3,393de51ec9fec163,arctan,independent,1,1.0,1.35,0.020332850767879433,8.34834978924448e-12,3.247624044905249e-16,0.0005064782721877212,1,0.0,"[0.48120112644137186,0.4075479053550918,0.11125096820353642]"
v3.3,393de51ec9fec163,arctan,independent,1,1.0,1.36,0.02033553704898149,3.4693706241206712e-12,4.0879293332520653e-16,0.0005031526380740405,1,0.0,"[0.48091560212088424,0.40743485863079854,0.11164953924831704]"
v3.3,393de51ec9fec163,arctan,independent,1,1.0,1.37,0.02033731950341004,1.8791877776092036e-12,6.865396910121714e-16,0.0004998736482225852,1,0.0,"[0.4806335278589549,0.4073204306659842,0.11204604147506089]"
v3.3,393de51ec9fec163,arctan,independent,1,1.0,1.3800000000000001,0.020338216953709878,3.650166974233926e-12,1.0432528407113678e-15,0.0004966398976184382,1,0.0,"[0.4803548394396689,0.40720467652661224,0.11244048403371876]"
v3.3,393de51ec9fec163,arctan,independent,1,1.0,1.3900000000000001,0.02033824783392005,8.672750018146047e-13,1.5768679335270615e-15,0.0004934500404094336,1,0.0,"[0.48007947416306235,0.40708764963521643,0.11283287620172126]"
v3.3,393de51ec9fec163,arctan,independent,1,1.0,1.4,0.020337430211402285,3.2887893797184375e-12,2.3855888607073325e-15,0.0004903027872320278,1,0.0,"[0.47980737080309493,0.4069694018210901,0.1132232273758149]"
v3.3,393de51ec9fec163,arctan,independent,2,0.5,0.05,-0.004249525614053722,1.352289391576278e-10,2.079552974641327e-10,0.0,1,0.0,"[0.5948141233051577,0.35455796006592694,0.050627916628915415]"
v3.3,393de51ec9fec163,arctan,independent,2,0.5,0.060000000000000005,-0.004165485868234779,8.02225577634097e-11,1.647176516524715e-10,0.0002147979434686569,1,0.0,"[0.5946477264297523,0.3546891495251927,0.05066312404505506]"
v3.3,393de51ec9fec163,arctan,independent,2,0.5,0.07,-0.004068611987555072,1.5520094931442685e-10,9.39686304278373e-11,0.00024772089064232193,1,0.0,"[0.5944556093364916,0.35483999024673524,0.05070440041677307]"
v3.3,393de51ec9fec163,arctan,independent,2,0.5,0.08,-0.00396006391218149,7.663649576050702e-11,4.968794407515495e-15,0.00027789744529689656,1,0.0,"[0.5942398061862407,0.3550085980431862,0.05075159577057317]"
v3.3,393de51ec9fec163,arctan,independent,2,0.5,0.09,-0.0038411275899703917,1.327693302521915e-10,1.5745560011318463e-14,0.00030512109625038054,1,0.0,"[0.5940025068090569,0.35519294549338104,0.05080454769756209]"
v3.3,393de51ec9fec163,arctan,independent,2,0.5,0.1,-0.0037131882151506396,1.37615766004906e-10,4.4478151709778945e-14,0.00032925474596396607,1,0.0,"[0.5937460063109846,0.3553909091897312,0.050863084499284304]"
v3.3,393de51ec9fec163,arctan,independent,2,0.5,0.11,-0.0035777053457510255,2.336529789093156e-10,8.369655720785745e-13,0.00035022500619432567,1,0.0,"[0.5934726589259047,0.35560031308771844,0.05092702798637683]"
v3.3,393de51ec9fec163,arctan,independent,2,0.5,0.12000000000000001,-0.003436184262451153,7.461834622413122e-11,2.645408678240013e-13,0.0003680188260254997,1,0.0,"[0.593184834375965,0.3558189695898474,0.05099619603418749]"
v3.3,393de51ec9fec163,arctan,independent,2,0.5,0.13,-0.0032901480587247123,7.400086099451642e-11,5.753227365437255e-13,0.0003826766945297862,1,0.0,"[0.5928848792402963,0.3560447159751965,0.05107040478450721]"
v3.3,393de51ec9fec163,arctan,independent,2,0.5,0.14,-0.0031411109139244733,1.426691334516228e-10,1.1765805057525035e-12,0.0003942855284881444,1,0.0,"[0.592575083548229,0.35627544594417265,0.051149470507598487]"
v3.3,393de51ec9fec163,arctan,independent,2,0.5,0.15000000000000002,-0.002990553673808835,2.1871488647962067e-10,2.281074529698424e-12,0.00040297112234718974,1,0.0,"[0.592257652907224,0.35650913595264555,0.051233211140130484]"
v3.3,393de51ec9fec163,arctan,independent,2,0.5,0.16,-0.0028399021476636505,1.3583101310388201e-10,4.220301831497199e-12,0.000408890705456503,1,0.0,"[0.5919346860818113,0.3567438663910015,0.05132144752718718]"
v3.3,393de51ec9fec163,arctan,independent,2,0.5,0.16999999999999998,-0.0026905088969900806,1.3086218914049041e-10,7.491899268072374e-12,0.00041222581828021773,1,0.0,"[0.5916081577893746,0.35697783780917375,0.05141400440145161]"
v3.3,393de51ec9fec163,arctan,independent,2,0.5,0.18,-0.00254363851595487,1.5297110800283065e-10,1.281866204699742e-11,0.00041317574017140095,1,0.0,"[0.5912799063129286,0.35720938255281326,0.05151071113425818]"
v3.3,393de51ec9fec163,arctan,independent,2,0.5,0.19,-0.002400456508917813,1.5265769204297897e-10,2.122010560218168e-11,0.00041195160056782483,1,0.0,"[0.5909516254382416,0.3574369722698318,0.051611402291926525]"
v3.3,393de51ec9fec163,arctan,independent,2,0.5,0.2,-0.0022620213302605857,1.2198361765136667e-10,4.071195899643095e-13,0.00040877138769474246,1,0.0,"[0.5906248600648091,0.357659221897551,0.051715918037639926]"
v3.3,393de51ec9fec163,arctan,independent,2,0.5,0.21000000000000002,-0.0021292806659581054,1.4489322242017266e-10,9.23386919084136e-12,0.00040385492726533254,1,0.0,"[0.590301005546061,0.35787489010177237,0.05182410435216669]"
v3.3,393de51ec9fec163,arctan,independent,2,0.5,0.22000000000000003,-0.002003068305235084,1.2736046245409582e-10,2.2170564233869763e-13,0.00039742164439420224,1,0.0,"[0.5899813086794653,0.35808287809087574,0.05193581322965905]"
v3.3,393de51ec9fec163,arctan,independent,2,0.5,0.22999999999999998,-0.001884106002452944,1.4618672244948172e-10,3.127629456512098e-13,0.0003896860901957738,1,0.0,"[0.5896668720735926,0.35828222524510783,0.05205090268129944]"
v3.3,393de51ec9fec163,arctan,independent,2,0.5,0.24,-0.0017730053230419068,2.1666932137343053e-10,4.336133344659471e-13,0.00038085695146407533,1,0.0,"[0.5893586592726182,0.35847210399142093,0.052169236735960835]"
v3.3,393de51ec9fec163,arctan,independent,2,0.5,0.25,-0.001670272182535952,1.3997678710575556e-10,2.3955054013588452e-12,0.0003711347399130748,1,0.0,"[0.5890575016633633,0.35865181299302823,0.052290685343608465]"
v3.3,393de51ec9fec163,arctan,independent,2,0.5,0.26,-0.0015763121697766613,7.697723361510533e-11,2.1391964561471596e-12,0.00036071091838434636,1,0.0,"[0.5887641060824376,0.35882076967251897,0.05241512424504353]"
v3.3,393de51ec9fec163,arctan,independent,2,0.5,0.27,-0.0014914369317337028,7.326027631759935e-11,1.765447905172833e-12,0.00034976704809171346,1,0.0,"[0.5884790631113929,0.35897850209025794,0.05254243479834928]"
v3.3,393de51ec9fec163,arctan,independent,2,0.5,0.28,-0.001415871068055019,1.3282749899978796e-10,1.7093864234005076e-12,0.0003384744726193277,1,0.0,"[0.5882028556361766,0.359124640582589,0.05267250378123443]"
v3.3,393de51ec9fec163,arctan,independent,2,0.5,0.29,-0.0013497594215328215,1.4346197146908324e-10,2.460658116063792e-12,0.0003269941212917476,1,0.0,"[0.5879358675525598,0.3592589092757151,0.052805223171725084]"
v3.3,393de51ec9fec163,arctan,independent,2,0.5,0.3,-0.0012931744188033438,1.9377863549885355e-10,3.482660057331613e-12,0.0003154765279552753,1,0.0,"[0.5876783924021262,0.3593811176835098,0.05294048991436416]"
v3.3,393de51ec9fec163,arctan,independent,2,0.5,0.31,-0.001246123462792334,1.1152466450337073e-10,4.852437660553389e-12,0.00030406190489070355,1,0.0,"[0.5874306418225249,0.35949115249884794,0.053078205678627026]"
v3.3,393de51ec9fec163,arctan,independent,2,0.5,0.32,-0.0012085561210219281,2.3540078913919515e-10,6.663245688530369e-12,0.00029288023816679014,1,0.0,"[0.5871927536909606,0.35958896969548393,0.05321827661355552]"
v3.3,393de51ec9fec163,arctan,independent,2,0.5,0.33,-0.0011803709966306496,1.3368678386527222e-10,4.482237881578054e-12,0.00028205131151687253,1,0.0,"[0.5869647998794973,0.3596745870165265,0.05336061310397617]"
v3.3,393de51ec9fec163,arctan,independent,2,0.5,0.33999999999999997,-0.0011614223907660294,1.7833554771806703e-10,5.511702154485921e-12,0.0002716844886415291,1,0.0,"[0.5867467936539456,0.3597480768233494,0.053505129522704975]"
v3.3,393de51ec9fec163,arctan,independent,2,0.5,0.35,-0.0011515263178273616,1.379058638117936e-10,6.720939558414928e-12,0.00026187852062467467,1,0.0,"[0.5865386964826487,0.35980955951589105,0.05365174400146009]"
v3.3,393de51ec9fec163,arctan,independent,2,0.5,0.36,-0.0011504663300308249,1.2190033704673198e-10,8.130661440483441e-12,0.00025272083326956387,1,0.0,"[0.586340424487044,0.35985919731571175,0.053800378197244175]"
v3.3,393de51ec9fec163,arctan,independent,2,0.5,0.37,-0.0011579987557548896,1.2926288858738921e-10,9.76209382924648e-12,0.00024428677593736327,1,0.0,"[0.5861518543533665,0.3598971885732766,0.05395095707335678]"
v3.3,393de51ec9fec163,arctan,independent,2,0.5,0.38,-0.0011738575251283231,2.2241624861307763e-10,1.1637057570727652e-11,0.00023663860214280503,1,0.0,"[0.5859728287759904,0.3599237625345534,0.05410340868945625]"
v3.3,393de51ec9fec163,arctan,independent,2,0.5,0.39,-0.0011977585664443256,1.3077535235272997e-10,1.3777661096719738e-11,0.00022982436596271483,1,0.0,"[0.5858031614339226,0.3599391745636315,0.054257664002445805]"
v3.3,393de51ec9fec163,arctan,independent,2,0.5,0.4,-0.0012294037111965674,1.3284642830235782e-10,1.6206059829380908e-11,0.00022387687327123361,1,0.0,"[0.5856426415178262,0.35994370180355123,0.054413656678622614]"
v3.3,393de51ec9fec163,arctan,independent,2,0.5,0.41,-0.0012684842761773903,6.236862068464966e-11,1.8943894929841653e-11,0.0002188128785971201,1,0.0,"[0.5854910378288305,0.3599376392538831,0.05457132291728637]"
v3.3,393de51ec9fec163,arctan,independent,2,0.5,0.42,-0.0013146840999742164,1.2012963193641646e-10,2.2012442070580056e-11,0.00021463272977824353,1,0.0,"[0.5853481024729883,0.3599212962412038,0.05473060128580792]"
v3.3,393de51ec9fec163,arctan,independent,2,0.5,0.43,-0.0013676823287770215,1.317822795332546e-10,9.295321321671535e-15,0.00021132068919001216,1,0.0,"[0.5852135740844182,0.35989499334008984,0.054891432575492075]"
v3.3,393de51ec9fec163,arctan,independent,2,0.5,0.44,-0.0014271562731642262,1.6243134962068417e-10,4.601331407990108e-14,0.00020884565053456682,1,0.0,"[0.5850871811431657,0.3598590592343293,0.055053759622505014]"
v3.3,393de51ec9fec163,arctan,independent,2,0.5,0.45,-0.00149278274722503,1.880074568250123e-10,8.375662208935278e-14,0.0002071633737940492,1,0.0,"[0.5849686440981287,0.3598138286734247,0.055217527228446694]"
v3.3,393de51ec9fec163,arctan,independent,2,0.5,0.46,-0.0015642404522238675,1.3314004759790166e-10,1.2140340608962328e-13,0.00020621829279383018,1,0.0,"[0.5848576780320814,0.35975963996313715,0.055382682004781435]"
v3.3,393de51ec9fec163,arctan,independent,2,0.5,0.47,-0.0016412114016855946,1.3288030745184365e-10,1.588756244079097e-13,0.0002059464902895847,1,0.0,"[0.584753994641379,0.3596968330898072,0.055549172268813785]"
v3.3,393de51ec9fec163,arctan,independent,2,0.5,0.48,-0.0017233822415518019,1.8198560713944545e-10,1.9591438414677335e-13,0.00020627853868251716,1,0.0,"[0.5846573040434231,0.3596257480159285,0.05571694794064847]"
v3.3,393de51ec9fec163,arctan,independent,2,0.5,0.49,-0.0018104453962744377,1.1473347619195273e-10,2.322382563179328e-13,0.00020714230390600483,1,0.0,"[0.5845673163550438,0.3595467231962451,0.05588596044871116]"
v3.3,393de51ec9fec163,arctan,independent,2,0.5,0.5,-0.0019020999932768644,1.0721185744744233e-10,2.677039554128399e-13,0.00020846546218623817,1,0.0,"[0.5844837430632278,0.35946009429350906,0.05605616264326316]"
v3.3,393de51ec9fec163,arctan,independent,2,0.5,0.51,-0.001998052613472856,1.568704853516234e-10,3.0225523055416267e-13,0.0002101775954186479,1,0.0,"[0.5844062982082429,0.3593661930744099,0.05622750871734722]"
v3.3,393de51ec9fec163,arctan,independent,2,0.5,0.52,-0.0020980179169166543,9.973299269772085e-11,3.3572046518151055e-13,0.00021221180386439437,1,0.0,"[0.5843346993977991,0.35926534646758984,0.05639995413461106]"
v3.3,393de51ec9fec163,arctan,independent,2,0.5,0.53,-0.002201719108803374,1.4023495212289738e-10,1.0376013699588252e-13,0.00021450583757700635,1,0.0,"[0.5842686686677463,0.35915787576856056,0.056573455563692955]"
v3.3,393de51ec9fec163,arctan,independent,2,0.5,0.54,-0.0023088883088652652,1.6849394796070172e-10,1.256775791559892e-13,0.0002170027929087876,1,0.0,"[0.584207933215464,0.3590440959671748,0.05674797081736122]"
v3.3,393de51ec9fec163,arctan,independent,2,0.5,0.55,-0.002419266804660005,1.4323679048411364e-10,1.5149299963161577e-13,0.0002196514442203693,1,0.0,"[0.5841522259953063,0.35892431520560947,0.05692345879908423]"
v3.3,393de51ec9fec163,arctan,independent,2,0.5,0.56,-0.0025326052357707643,1.2505599680801005e-10,1.816183994097968e-13,0.0002224062920459077,1,0.0,"[0.5841012862223663,0.3587988343252035,0.05709987945243009]"
v3.3,393de51ec9fec163,arctan,independent,2,0.5,0.5700000000000001,-0.0026486636644123852,1.0135252359599889e-10,2.1669643468478743e-13,0.00022522740290127792,1,0.0,"[0.5840548597724503,0.3586679465116512,0.057277193715898504]"
v3.3,393de51ec9fec163,arctan,independent,2,0.5,0.5800000000000001,-0.0027672116159581685,1.411449394861375e-10,2.5729011831897223e-13,0.00022808010873514038,1,0.0,"[0.5840126994987846,0.35853193701962954,0.05745536348158586]"
v3.3,393de51ec9fec163,arctan,independent,2,0.5,0.5900000000000001,-0.0028880280463339583,1.303887726955555e-10,3.040638472794372e-13,0.00023093462031410252,1,0.0,"[0.5839745654738805,0.35839108296862127,0.05763435155749815]"
v3.3,393de51ec9fec163,arctan,independent,2,0.5,0.6000000000000001,-0.0030109012688670535,1.199264507145692e-10,3.577089246773377e-13,0.00023376559650801912,1,0.0,"[0.5839402251655749,0.35824565320126595,0.057814121633159264]"
v3.3,393de51ec9fec163,arctan,independent,2,0.5,0.6100000000000001,-0.0031356288368853506,5.755738247126274e-11,5.717993758400059e-14,0.00023655170043074237,1,0.0,"[0.5839094535567707,0.3580959081952265,0.057994638248002696]"
v3.3,393de51ec9fec163,arctan,independent,2,0.5,0.6200000000000001,-0.0032620173081706824,1.0691120211347993e-10,6.539957309366809e-14,0.000239275160475764,1,0.0,"[0.5838820332080853,0.3579421000285769,0.058175866763337775]"
v3.3,393de51ec9fec163,arctan,independent,2,0.5,0.63,-0.0033898822493893775,1.0954949100638878e-10,7.242851986355976e-14,0.00024192135859293007,1,0.0,"[0.5838577542896769,0.3577844723753523,0.058357773334970796]"
v3.3,393de51ec9fec163,arctan,independent,2,0.5,0.64,-0.003519047844764006,1.392657794641039e-10,7.808252112238596e-14,0.0002444784395852334,1,0.0,"[0.5838364145625609,0.3576232605477796,0.058540324889659615]"
v3.3,393de51ec9fec163,arctan,independent,2,0.5,0.65,-0.003649346769729434,9.943500189901755e-11,8.229439200522553e-14,0.0002469369593898307,1,0.0,"[0.5838178193333677,0.35745869156396,0.05872348910267223]"
v3.3,393de51ec9fec163,arctan,independent,2,0.5,0.66,-0.0037806199174406363,1.0931921687329371e-10,8.516391440791022e-14,0.00024928956541628305,1,0.0,"[0.5838017813799464,0.3572909842428372,0.05890723437721638]"
v3.3,393de51ec9fec163,arctan,independent,2,0.5,0.67,-0.003912716182736392,1.0617032947246585e-10,8.671829931478099e-14,0.0002515307110810934,1,0.0,"[0.5837881208531817,0.35712034932142306,0.0590915298253953]"
v3.3,393de51ec9fec163,arctan,independent,2,0.5,0.68,-0.004045492177922685,6.853967046693832e-11,8.548529956018504e-14,0.0002536564024903001,1,0.0,"[0.5837766651587496,0.356946989590731,0.05927634525051934]"
v3.3,393de51ec9fec163,arctan,independent,2,0.5,0.6900000000000001,-0.004178811968080384,1.696324608557731e-10,8.437848933347611e-14,0.00025566397494615023,1,0.0,"[0.5837672488220745,0.35677110004730195,0.05946165113062357]"
v3.3,393de51ec9fec163,arctan,independent,2,0.5,0.7000000000000001,-0.004312546858926666,7.452984063238688e-11,7.119944192353894e-17,0.0002575518969421813,1,0.0,"[0.583759713339855,0.35659286805712054,0.059647418603024444]"
v3.3,393de51ec9fec163,arctan,independent,2,0.5,0.7100000000000001,-0.004446574751077747,2.0008513595959343e-10,5.479544924125189e-11,0.00025931945937939443,1,0.0,"[0.5837539067799549,0.3564124737541542,0.059833619465890955]"
v3.3,393de51ec9fec163,arctan,independent,2,0.5,0.7200000000000001,-0.004580781501820598,5.96809338060389e-11,8.51011549584055e-14,0.0002609674581377018,1,0.0,"[0.5837496848066851,0.35623008910856513,0.06002022608474976]"
v3.3,393de51ec9fec163,arctan,independent,2,0.5,0.7300000000000001,-0.004715057453415949,1.457167650431579e-10,8.27562306965957e-14,0.00026249598093167173,1,0.0,"[0.5837469081195338,0.3560458803414171,0.06020721153904914]"
v3.3,393de51ec9fec163,arctan,independent,2,0.5,0.7400000000000001,-0.004849300418634444,1.2588922265743818e-10,8.033605235891338e-14,0.00026390707627145147,1,0.0,"[0.583745444655134,0.35586000589430605,0.060394549450560026]"
v3.3,393de51ec9fec163,arctan,independent,2,0.5,0.7500000000000001,-0.004983413768454639,1.1115332612665618e-10,7.772619674804801e-14,0.0002652025642731918,1,0.0,"[0.5837451682111314,0.3556726177375427,0.06058221405132594]"
v3.3,393de51ec9fec163,arctan,independent,2,0.5,0.76,-0.005117306528027811,1.8958611763819633e-10,7.512722807867385e-14,0.00026638479014388965,1,0.0,"[0.5837459584969189,0.3554838613465211,0.06077018015656003]"
v3.3,393de51ec9fec163,arctan,independent,2,0.5,0.77,-0.005250893138582808,6.16639239670036e-11,7.247832062202525e-14,0.0002674564107723384,1,0.0,"[0.5837477009450387,0.35529387590105643,0.06095842315390485]"
v3.3,393de51ec9fec163,arctan,independent,2,0.5,0.78,-0.005384093198903199,1.2547841238275126e-10,6.975918125747414e-14,0.0002684203314550971,1,0.0,"[0.5837502865223887,0.35510279448453047,0.06114691899308085]"
v3.3,393de51ec9fec163,arctan,independent,2,0.5,0.79,-0.005516831278396441,1.6450508316667722e-10,6.708111126893418e-14,0.00026927965140810154,1,0.0,"[0.5837536115421061,0.35491074428201763,0.06133564417587616]"
v3.3,393de51ec9fec163,arctan,independent,2,0.5,0.8,-0.005649036644151371,1.0837946859409975e-10,6.43880371649121e-14,0.00027003761692580134,1,0.0,"[0.5837575774768732,0.35471784677668966,0.06152457574643713]"
v3.3,393de51ec9fec163,arctan,independent,2,0.5,0.81,-0.005780643070492347,1.141574994256711e-10,6.1734944869931e-14,0.0002706975811915857,1,0.0,"[0.5837620907742714,0.3545242179439056,0.06171369128182291]"
v3.3,393de51ec9fec163,arctan,independent,2,0.5,0.8200000000000001,-0.005911588622650208,9.722121024902108e-11,5.916426350203235e-14,0.0002712629698820388,1,0.0,"[0.5837670626747296,0.35432996844247616,0.06190296888279428]"
v3.3,393de51ec9fec163,arctan,independent,2,0.5,0.8300000000000001,-0.006041815462283974,6.113989869938052e-11,5.657750812019653e-14,0.00027173725180089267,1,0.0,"[0.583772409032508,0.3541352038026835,0.06209238716480854]"
v3.3,393de51ec9fec163,arctan,independent,2,0.5,0.8400000000000001,-0.006171269502160872,1.1641597408296178e-10,2.8803129701453854e-11,0.0002721238455463752,1,0.0,"[0.5837780500162552,0.3539400247182432,0.06228192526550169]"
v3.3,393de51ec9fec163,arctan,independent,2,0.5,0.8500000000000001,-0.0062999009050894,1.4353944768896731e-10,5.153703310212438e-14,0.00027242650851807057,1,0.0,"[0.583783910556327,0.3537445266891607,0.06247156275451233]"
v3.3,393de51ec9fec163,arctan,independent,2,0.5,0.8600000000000001,-0.006427662559720736,5.8126694429949666e-11,4.91084737254275e-14,0.0002726482931873188,1,0.0,"[0.5837899189384652,0.3535488012735286,0.06266127978800615]"
v3.3,393de51ec9fec163,arctan,independent,2,0.5,0.8700000000000001,-0.006554511237373606,1.0544317849414675e-10,4.669698353819469e-14,0.00027279290035068355,1,0.0,"[0.583796007878447,0.3533529351842926,0.0628510569372603]"
v3.3,393de51ec9fec163,arctan,independent,2,0.5,0.8800000000000001,-0.00668040676357344,1.1383652701035807e-10,4.433488557705745e-14,0.0002728636400388395,1,0.0,"[0.5838021137434375,0.35315701099464086,0.06304087526192172]"
v3.3,393de51ec9fec163,arctan,independent,2,0.5,0.89,-0.006805312007142503,6.328125176646715e-11,4.1999370202050354e-14,0.0002728638319199949,1,0.0,"[0.5838081765208074,0.35296110719363893,0.06323071628555366]"
v3.3,393de51ec9fec163,arctan,independent,2,0.5,0.9,-0.006929192673117243,1.052670034473735e-10,3.973881701520931e-14,0.00027279672831861685,1,0.0,"[0.583814139667606,0.3527652983448067,0.06342056198758715]"
v3.3,393de51ec9fec163,arctan,independent,2,0.5,0.91,-0.0070520172500017735,5.809956335478539e-11,3.750819856555177e-14,0.0002726655073453677,1,0.0,"[0.5838199499645749,0.35256965524005834,0.0636103947953667]"
v3.3,393de51ec9fec163,arctan,independent,2,0.5,0.92,-0.007173756743072118,6.91992123325047e-11,3.5327398981774575e-14,0.00027247326743070157,1,0.0,"[0.5838255573747202,0.3523742450489948,0.06380019757628502]"
v3.3,393de51ec9fec163,arctan,independent,2,0.5,0.93,-0.007294384694804895,6.462754290059713e-11,3.320292811630927e-14,0.000272223023072917,1,0.0,"[0.5838309149064411,0.3521791314635567,0.06398995363000222]"
v3.3,393de51ec9fec163,arctan,independent,2,0.5,0.9400000000000001,-0.00741387691482898,9.905991998904184e-11,3.112747558279099e-14,0.0002719177016359874,1,0.0,"[0.5838359784811897,0.35198437483806416,0.06417964668074608]"
v3.3,393de51ec9fec163,arctan,independent,2,0.5,0.9500000000000001,-0.007532211435902856,1.5857373747429904e-10,2.919332838209606e-14,0.0002715601410491541,1,0.0,"[0.5838407068056225,0.3517900323246872,0.06436926086969041]"
v3.3,393de51ec9fec163,arctan,independent,2,0.5,0.9600000000000001,-0.007649368383267782,5.1897080383112026e-11,2.7271044340802147e-14,0.0002711530882878897,1,0.0,"[0.5838450612481897,0.3515961580043997,0.06455878074741053]"
v3.3,393de51ec9fec163,arctan,independent,2,0.5,0.9700000000000001,-0.007765329847150962,5.966736132956285e-11,2.5484672099127722e-14,0.00027069919851509965,1,0.0,"[0.5838490057200948,0.3514028030134916,0.06474819126641365]"
v3.3,393de51ec9fec163,arctan,independent,2,0.5,0.9800000000000001,-0.007880079773788955,1.323811130160557e-10,2.3629419292314128e-14,0.00027020103480143574,1,0.0,"[0.5838525065605512,0.351210015665705,0.06493747777374387]"
v3.3,393de51ec9fec163,arctan,independent,2,0.5,0.9900000000000001,-0.007993603939217064,5.6866414355205563e-11,2.1962289667367607e-14,0.00026966106832214626,1,0.0,"[0.5838555324262458,0.35101784157009264,0.06512662600366162]"
v3.3,393de51ec9fec163,arctan,independent,2,0.5,1.0,-0.008105889702161941,5.128276622801131e-11,2.0358357215097754e-14,0.00026908167897793633,1,0.0,"[0.5838580541849291,0.3508263237446737,0.06531562207039723]"
v3.3,393de51ec9fec163,arctan,independent,2,0.5,1.01,-0.008216926096244005,6.037201988329244e-11,1.889237348035178e-14,0.00026846515635282886,1,0.0,"[0.5838600448130218,0.3506355027259991,0.06550445246097916]"
v3.3,393de51ec9fec163,arctan,independent,2,0.5,1.02,-0.008326703562405106,1.6575655778505727e-10,1.746012504902203e-14,0.0002678137009743448,1,0.0,"[0.5838614792971503,0.35044541667471263,0.0656931040281372]"
v3.3,393de51ec9fec163,arctan,independent,2,0.5,1.03,-0.008435214011701914,8.368236312228383e-11,1.614711319822562e-14,0.00026712942580942267,1,0.0,"[0.5838623345394959,0.35025610147722247,0.0658815639832817]"
v3.3,393de51ec9fec163,arctan,independent,2,0.5,1.04,-0.008542450661031292,1.4697256606188702e-10,1.4923124059335237e-14,0.00026641435796798986,1,0.0,"[0.5838625892668629,0.35006759084357797,0.06606981988955933]"
v3.3,393de51ec9fec163,arctan,independent,2,0.5,1.05,-0.00864840797720344,7.897512505072868e-11,1.3785193167282484e-14,0.0002656704405649511,1,0.0,"[0.5838622239433475,0.3498799164016662,0.06625785965498626]"
v3.3,393de51ec9fec163,arctan,independent,2,0.5,1.06,-0.008753081623220187,8.848007743145203e-11,1.2759289860003797e-14,0.0002648995347167592,1,0.0,"[0.5838612206865079,0.34969310778783175,0.06644567152566039]"
v3.3,393de51ec9fec163,arctan,independent,2,0.5,1.07,-0.008856468361446056,1.6828644033850537e-10,2.0231183573627106e-14,0.0002641034216349305,1,0.0,"[0.5838595631868914,0.3495071927340456,0.06663324407906307]"
v3.3,393de51ec9fec163,arctan,independent,2,0.5,1.08,-0.008958566018443997,8.792877884133965e-11,2.1518021811431423e-14,0.0002632838048252843,1,0.0,"[0.5838572366309798,0.3493221971516299,0.06682056621739041]"
v3.3,393de51ec9fec163,arctan,independent,2,0.5,1.09,-0.009059373398447548,8.885046171025479e-11,2.2523747602047863e-14,0.000262442312289421,1,0.0,"[0.5838542276270559,0.3491381452118781,0.06700762716106601]"
v3.3,393de51ec9fec163,arctan,independent,2,0.5,1.1,-0.009158890241004011,1.4851762528134138e-10,2.3245383694886884e-14,0.0002615804988210904,1,0.0,"[0.583850524134365,0.3489550594233958,0.06719441644223918]"
v3.3,393de51ec9fec163,arctan,independent,2,0.5,1.11,-0.009257117153465989,6.260375898237136e-11,2.3607367054920506e-14,0.00026069984830006103,1,0.0,"[0.5838461153951363,0.34877296070644986,0.06738092389841384]"
v3.3,393de51ec9fec163,arctan,independent,2,0.5,1.12,-0.00935405556687147,5.902585711869968e-11,2.350187383210331e-14,0.0002598017759974132,1,0.0,"[0.5838409918694788,0.34859186846436907,0.06756713966615223]"
v3.3,393de51ec9fec163,arctan,independent,2,0.5,1.1300000000000001,-0.009449707673395587,1.0331546382302825e-10,2.2905033054558247e-14,0.0002588876308816875,1,0.0,"[0.5838351451730339,0.34841180065210203,0.0677530541748641]"
v3.3,393de51ec9fec163,arctan,independent,2,0.5,1.1400000000000001,-0.009544076399219458,1.0328832233952312e-10,2.1662719799553093e-14,0.00025795869791244336,1,0.0,"[0.5838285680172857,0.3482327738420325,0.06793865814068184]"
v3.3,393de51ec9fec163,arctan,independent,2,0.5,1.1500000000000001,-0.00963716534379451,8.061044193263811e-11,1.9744403665695458e-14,0.00025701620031229235,1,0.0,"[0.5838212541524289,0.3480548032871493,0.06812394256042183]"
v3.3,393de51ec9fec163,arctan,independent,2,0.5,1.1600000000000001,-0.00972897873440701,1.3366407633497168e-10,1.7050138702095645e-14,0.00025606130181194216,1,0.0,"[0.5838131983127023,0.34787790298166477,0.0683088987056331]"
v3.3,393de51ec9fec163,arctan,independent,2,0.5,1.1700000000000002,-0.009819521392693636,7.187354184035044e-11,1.3564427734673826e-14,0.0002550951088615172,1,0.0,"[0.583804396164093,0.34770208571917355,0.0684935181167334]"
v3.3,393de51ec9fec163,arctan,independent,2,0.5,1.1800000000000002,-0.009908798697724746,9.753301638548706e-11,7.67221372656769e-15,0.0002541186727971863,1,0.0,"[0.5837948442543256,0.34752736314844507,0.0686777925972293]"
v3.3,393de51ec9fec163,arctan,independent,2,0.5,1.1900000000000002,-0.009996816537034273,1.0774279385339369e-10,7.673259696588953e-15,0.00025313299198529945,1,0.0,"[0.58378453996501,0.34735374582694045,0.06886171420804948]"
v3.3,393de51ec9fec163,arctan,independent,2,0.5,1.2000000000000002,-0.010083581287854602,1.381997745408814e-10,7.793190295090686e-15,0.000252139013892119,1,0.0,"[0.583773481466008,0.347181243272083,0.06904527526190886]"
v3.3,393de51ec9fec163,arctan,independent,2,0.5,1.21,-0.010169099780180147,4.6042409468372014e-11,7.935739360696256e-15,0.00025113763711429526,1,0.0,"[0.5837616676716803,0.34700986401049405,0.06922846831782573]"
v3.3,393de51ec9fec163,arctan,independent,2,0.5,1.22,-0.01025337922994584,1.6205200722985147e-10,8.129253874918796e-15,0.00025012971336801183,1,0.0,"[0.583749098199166,0.3468396156251413,0.06941128617569269]"
v3.3,393de51ec9fec163,arctan,independent,2,0.5,1.23,-0.010336427287083266,1.1196205421115657e-10,8.786557316785416e-14,0.0002491160492970695,1,0.0,"[0.5837357733281687,0.3466705048008182,0.06959372187101308]"
v3.3,393de51ec9fec163,arctan,independent,2,0.5,1.24,-0.010418251934076146,5.2150162660469235e-11,8.636802104078649e-15,0.0002480974090561397,1,0.0,"[0.5837216939646109,0.3465025373660803,0.06977576866930886]"
v3.3,393de51ec9fec163,arctan,independent,2,0.5,1.25,-0.010498861464583252,1.3570588403011286e-10,8.967619526825196e-15,0.00024707451436219245,1,0.0,"[0.5837068616008158,0.3463357183375242,0.06995742006166016]"
v3.3,393de51ec9fec163,arctan,independent,2,0.5,1.26,-0.010578264525776582,1.4890616864549067e-10,9.221995373133604e-15,0.00024604804861044766,1,0.0,"[0.5836912782842687,0.3461700519567895,0.07013866975894177]"
v3.3,393de51ec9fec163,arctan,independent,2,0.5,1.27,-0.010656470015459118,1.138141178524954e-10,9.55078946366942e-15,0.0002450186568216747,1,0.0,"[0.5836749465827645,0.34600554173004433,0.07031951168719107]"
v3.3,393de51ec9fec163,arctan,independent,2,0.5,1.28,-0.010733487115513363,5.310774042754929e-11,9.834179208239552e-15,0.00024398694800048144,1,0.0,"[0.5836578695531568,0.3458421904641976,0.07049993998264564]"
v3.3,393de51ec9fec163,arctan,independent,2,0.5,1.29,-0.010809325199969296,4.977391415694754e-11,1.0181301644895552e-14,0.00024295349661340702,1,0.0,"[0.583640050711211,0.345680000301851,0.0706799489869381]"
v3.3,393de51ec9fec163,arctan,independent,2,0.5,1.3,-0.010883993881878558,1.1914475656071843e-10,1.044827923751168e-14,0.00024191884413379881,1,0.0,"[0.5836214940028601,0.34551897275476373,0.07085953324237626]"
v3.3,393de51ec9fec163,arctan,independent,2,0.5,1.31,-0.010957503035259754,5.6775969342615085e-11,1.0763380767948714e-14,0.00024088350053015636,1,0.0,"[0.5836022037767914,0.34535910873589803,0.07103868748731058]"
v3.3,393de51ec9fec163,arctan,independent,2,0.5,1.32,-0.011029862588992734,1.3625709241460449e-10,1.1109405088967573e-14,0.0002398479457026001,1,0.0,"[0.5835821847583196,0.3452004085900947,0.07121740665158567]"
v3.3,393de51ec9fec163,arctan,independent,2,0.5,1.33,-0.011101082765793836,5.2095855407330305e-11,1.1416708190111209e-14,0.00023881263086709842,1,0.0,"[0.5835614420244858,0.3450428721234372,0.07139568585207702]"
v3.3,393de51ec9fec163,arctan,independent,2,0.5,1.34,-0.011171173830247651,1.3633854809014245e-10,1.1652672909741433e-14,0.00023777797988702926,1,0.0,"[0.583539980980331,0.34488649863135745,0.07157352038831148]"
v3.3,393de51ec9fec163,arctan,independent,2,0.5,1.35,-0.011240146244706303,7.546954380877047e-11,1.1928504275928412e-14,0.00023674439055529397,1,0.0,"[0.5835178073362965,0.34473128692553284,0.07175090573817061]"
v3.3,393de51ec9fec163,arctan,independent,2,0.5,1.36,-0.011308010556252721,7.609288546484017e-11,1.2169061787250586e-14,0.00023571223582979074,1,0.0,"[0.5834949270867031,0.34457723535962015,0.07192783755367667]"
v3.3,393de51ec9fec163,arctan,independent,2,0.5,1.37,-0.011374777420551992,8.772101794951581e-11,1.2438441740049356e-14,0.0002346818650157662,1,0.0,"[0.5834713464892597,0.34442434185388077,0.07210431165685957]"
v3.3,393de51ec9fec163,arctan,independent,2,0.5,1.3800000000000001,-0.01144045759448897,4.6485055388290064e-11,1.2620433550841795e-14,0.00023365360490772724,1,0.0,"[0.5834470720455617,0.3442726039187335,0.07228032403570483]"
v3.3,393de51ec9fec163,arctan,independent,2,0.5,1.3900000000000001,-0.011505061881397577,4.8491037574205365e-11,1.2777020904860581e-14,0.00023262776088005173,1,0.0,"[0.5834221104825318,0.3441220186772872,0.07245587084018083]"
v3.3,393de51ec9fec163,arctan,independent,2,0.5,1.4,-0.011568601155572473,1.1776240226024637e-10,1.2934582014520566e-14,0.00023160461793834494,1,0.0,"[0.5833964687347672,0.3439725828868877,0.072630948378345]"
v3.3,393de51ec9fec163,arctan,independent,3,0.3333333333333333,0.05,-0.004326360464323185,7.235808480166028e-11,2.33532428727857e-15,0.0,1,0.0,"[0.5950309948984044,0.3543860090551417,0.05058299604645386]"
v3.3,393de51ec9fec163,arctan,independent,3,0.3333333333333333,0.060000000000000005,-0.004274413867192468,8.044517829652875e-11,1.77141617286508e-10,9.66799883153318e-05,1,0.0,"[0.5949561333651465,0.3544451267579083,0.05059873987694515]"
v3.3,393de51ec9fec163,arctan,independent,3,0.3333333333333333,0.07,-0.0042141276123244115,1.1471870675627827e-10,1.1364917242994527e-10,0.00011206070469736598,1,0.0,"[0.5948692813616856,0.3545134796104176,0.05061723902789678]"
v3.3,393de51ec9fec163,arctan,independent,3,0.3333333333333333,0.08,-0.004146014436200093,6.987710410299997e-11,2.963245925035172e-16,0.00012645483505048698,1,0.0,"[0.5947711678615824,0.35459038808352084,0.05063844405489673]"
v3.3,393de51ec9fec163,arctan,independent,3,0.3333333333333333,0.09,-0.004070634637022438,9.387499805280086e-11,4.704099147288518e-16,0.0001397882321598764,1,0.0,"[0.5946625776307735,0.35467512159991554,0.050662300769310976]"
v3.3,393de51ec9fec163,arctan,independent,3,0.3333333333333333,0.1,-0.003988582804271015,1.5108348599968124e-10,8.257187025890599e-14,0.00015201240687487164,1,0.0,"[0.5945443325832689,0.3547669162444656,0.05068875117226559]"
v3.3,393de51ec9fec163,arctan,independent,3,0.3333333333333333,0.11,-0.003900478720512912,1.565056279018151e-10,7.090166391470836e-14,0.00016310080932404504,1,0.0,"[0.5944172758512616,0.35486498990160714,0.05071773424713122]"
v3.3,393de51ec9fec163,arctan,independent,3,0.3333333333333333,0.12000000000000001,-0.0038069549135459693,1.9455782818145195e-10,1.0320161000450123e-12,0.0001730490533105756,1,0.0,"[0.5942822556591231,0.3549685575657031,0.0507491867751738]"
v3.3,393de51ec9fec163,arctan,independent,3,0.3333333333333333,0.13,-0.003708645497819206,1.437744506782579e-10,1.0685763801629404e-14,0.00018187208921966087,1,0.0,"[0.5941401112374344,0.35507684470575135,0.05078304405681431]"
v3.3,393de51ec9fec163,arctan,independent,3,0.3333333333333333,0.14,-0.0036061760077962246,7.339463065081375e-11,2.2098349046958475e-14,0.00018960141153669238,1,0.0,"[0.5939916607449889,0.3551890987055413,0.05081924054946981]"
v3.3,393de51ec9fec163,arctan,independent,3,0.3333333333333333,0.15000000000000002,-0.00350015427128645,1.6525550372570308e-10,4.319863222686196e-14,0.0001962822445142391,1,0.0,"[0.5938376912132244,0.355304598367528,0.05085771041924767]"
v3.3,393de51ec9fec163,arctan,independent,3,0.3333333333333333,0.16,-0.0033911627380566467,2.247253286236095e-10,8.089725382715205e-14,0.0002019705892167989,1,0.0,"[0.5936789506131687,0.3554226613784295,0.050898388008401935]"
v3.3,393de51ec9fec163,arctan,independent,3,0.3333333333333333,0.16999999999999998,-0.003279752210166381,1.4293848049629077e-10,1.4516345060924253e-13,0.00020673047586310925,1,0.0,"[0.5935161418964814,0.35554264988057965,0.05094120822293885]"
v3.3,393de51ec9fec163,arctan,independent,3,0.3333333333333333,0.18,-0.00316643704965721,2.337778443051164e-10,2.512801612009788e-13,0.0002106314023185621,1,0.0,"[0.5933499188769227,0.3556639742762474,0.05098610684683005]"
v3.3,393de51ec9fec163,arctan,independent,3,0.3333333333333333,0.19,-0.0030516917863467816,2.2287006268273402e-10,4.210386123558396e-13,0.00021374605042483836,1,0.0,"[0.5931808837527615,0.35578609545698325,0.05103302079025523]"
v3.3,393de51ec9fec163,arctan,independent,3,0.3333333333333333,0.2,-0.002935949057290853,8.025449055315548e-11,6.849008653275333e-13,0.00021614830887037873,1,0.0,"[0.5930095860503427,0.3559085256699578,0.05108188827969957]"
v3.3,393de51ec9fec163,arctan,independent,3,0.3333333333333333,0.21000000000000002,-0.0028195987826315078,7.468006768540647e-11,9.398474321815605e-12,0.0002179115776286598,1,0.0,"[0.5928365227883643,0.35603082821577114,0.05113264899586448]"
v3.3,393de51ec9fec163,arctan,independent,3,0.3333333333333333,0.22000000000000003,-0.0027029879217474184,1.2734274051906525e-10,1.6771735452510865e-12,0.0002191076316490937,1,0.0,"[0.5926621394540741,0.35615261636633305,0.05118524417959279]"
v3.3,393de51ec9fec163,arctan,independent,3,0.3333333333333333,0.22999999999999998,-0.0025864221667909817,2.2471140920243826e-10,2.5359420821987216e-12,0.0002198050307556022,1,0.0,"[0.5924868321425568,0.35627355118296644,0.051239616674476754]"
v3.3,393de51ec9fec163,arctan,independent,3,0.3333333333333333,0.24,-0.00247016686972798,2.3049110536854656e-10,3.757144757489189e-12,0.0002200690373548553,1,0.0,"[0.5923109497368049,0.35639333928696837,0.05129571097622678]"
v3.3,393de51ec9fec163,arctan,independent,3,0.3333333333333333,0.25,-0.0023544495766422008,1.3878261734268094e-10,5.463138105753201e-12,0.00021996052630178793,1,0.0,"[0.5921347968945893,0.3565117298747314,0.05135347323067936]"
v3.3,393de51ec9fec163,arctan,independent,3,0.3333333333333333,0.26,-0.002239462495635912,1.308009048295311e-10,7.807421767578284e-12,0.00021953584132159201,1,0.0,"[0.5919586371389843,0.35662851163733783,0.05141285122367785]"
v3.3,393de51ec9fec163,arctan,independent,3,0.3333333333333333,0.27,-0.0021253652820355205,1.437262357739666e-10,1.09804092772511e-11,0.0002188465722483824,1,0.0,"[0.5917826961190795,0.35674350952653017,0.05147379435439024]"
v3.3,393de51ec9fec163,arctan,independent,3,0.3333333333333333,0.28,-0.0020122879843079283,2.2767265503431666e-10,1.521510174151155e-11,0.00021793950610544306,1,0.0,"[0.5916071649161833,0.35685658148623234,0.051536253597584396]"
v3.3,393de51ec9fec163,arctan,independent,3,0.3333333333333333,0.29,-0.001900333981894358,2.165059624636978e-10,2.0793327506477113e-11,0.0002168566884574562,1,0.0,"[0.5914322033176012,0.3569676152244178,0.05160018145798107]"
v3.3,393de51ec9fec163,arctan,independent,3,0.3333333333333333,0.3,-0.0017895827670071883,1.6046878756337257e-10,1.1502184675863567e-12,0.00021563568635436922,1,0.0,"[0.591257942908077,0.3570765251644655,0.051665531927457535]"
v3.3,393de51ec9fec163,arctan,independent,3,0.3333333333333333,0.31,-0.0016800934112894753,1.441109141742114e-10,8.624351918358766e-13,0.00021430925910165743,1,0.0,"[0.5910844904405795,0.35718324915827965,0.05173226040114082]"
v3.3,393de51ec9fec163,arctan,independent,3,0.3333333333333333,0.32,-0.0015719064016807074,1.4713763193952012e-10,6.101808169607917e-13,0.0002129066184127275,1,0.0,"[0.5909119302625582,0.3572877460747556,0.05180032366268619]"
v3.3,393de51ec9fec163,arctan,independent,3,0.3333333333333333,0.33,-0.0014650467178532675,1.3777761223576768e-10,3.859547124103819e-13,0.00021145277263171286,1,0.0,"[0.5907403272790941,0.35738999291769963,0.05186967980320631]"
v3.3,393de51ec9fec163,arctan,independent,3,0.3333333333333333,0.33999999999999997,-0.001359526059823958,8.023543635049535e-11,2.0341483464562006e-13,0.00020996926918337574,1,0.0,"[0.5905697293746003,0.35748998245323815,0.0519402881721615]"
v3.3,393de51ec9fec163,arctan,independent,3,0.3333333333333333,0.35,-0.0012553450051588505,1.4557343525067878e-10,1.9039539486570357e-13,0.0002084744191179672,1,0.0,"[0.5904001696934684,0.3575877209825545,0.05201210932397709]"
v3.3,393de51ec9fec163,arctan,independent,3,0.3333333333333333,0.36,-0.0011524949515604836,2.4408270543618826e-10,2.353242440529077e-13,0.00020698360549384698,1,0.0,"[0.5902316687146222,0.35768322631837823,0.05208510496699969]"
v3.3,393de51ec9fec163,arctan,independent,3,0.3333333333333333,0.37,-0.0010509598887881062,7.787207684240016e-11,2.887952593724102e-13,0.00020550957947068597,1,0.0,"[0.5900642361287058,0.3577765259566361,0.052159237914658166]"
v3.3,393de51ec9fec163,arctan,independent,3,0.3333333333333333,0.38,-0.000950717889045008,9.688689087128388e-11,3.5156610958157656e-13,0.0002040627482905622,1,0.0,"[0.5898978725227741,0.3578676554376286,0.052234472039597184]"
v3.3,393de51ec9fec163,arctan,independent,3,0.3333333333333333,0.39,-0.0008517425752111799,2.3112811664560695e-10,4.2622251821591755e-13,0.00020265144693672941,1,0.0,"[0.5897325708834024,0.3579566568863015,0.05231077223029599]"
v3.3,393de51ec9fec163,arctan,independent,3,0.3333333333333333,0.4,-0.0007540042206717369,1.4601357969934448e-10,5.130159212247379e-13,0.00020128219134274926,1,0.0,"[0.5895683179303929,0.3580435777185101,0.05238810435109695]"
v3.3,393de51ec9fec163,arctan,independent,3,0.3333333333333333,0.41,-0.0006574708097243122,6.902861962587714e-11,6.314397740509149e-13,0.0001999599135759798,1,0.0,"[0.5894050952928166,0.35812846950306365,0.05246643520411965]"
v3.3,393de51ec9fec163,arctan,independent,3,0.3333333333333333,0.42,-0.0005621089277339335,6.027418147924735e-11,8.063816292187629e-13,0.0001986881770363356,1,0.0,"[0.58924288054036,0.35821138696522614,0.05254573249441384]"
v3.3,393de51ec9fec163,arctan,independent,3,0.3333333333333333,0.43,-0.00046788442758703697,1.3824600492151617e-10,1.0221050974093953e-12,0.00019746937265776207,1,0.0,"[0.5890816480822151,0.3582923871205011,0.052625964797283875]"
v3.3,393de51ec9fec163,arctan,independent,3,0.3333333333333333,0.44,-0.00037476318970183775,1.4556869945558937e-10,1.2864075771450582e-12,0.00019630489510400536,1,0.0,"[0.5889213699465056,0.3583715285255816,0.05270710152791289]"
v3.3,393de51ec9fec163,arctan,independent,3,0.3333333333333333,0.45,-0.0002827114856395786,2.1632656083125923e-10,1.6080928884654538e-12,0.00019519530148822908,1,0.0,"[0.588762016451286,0.35844887063563524,0.052789112913078834]"
v3.3,393de51ec9fec163,arctan,independent,3,0.3333333333333333,0.46,-0.00019169644600947056,9.609570084112562e-11,1.9973072637277466e-12,0.00019414045208077853,1,0.0,"[0.588603556778706,0.3585244732565394,0.052871969964754545]"
v3.3,393de51ec9fec163,arctan,independent,3,0.3333333333333333,0.47,-0.00010168639522020045,1.3668476073203095e-10,2.4655759228660814e-12,0.00019313963469793597,1,0.0,"[0.5884459594627331,0.35859839608185434,0.05295564445541244]"
v3.3,393de51ec9fec163,arctan,independent,3,0.3333333333333333,0.48,-1.2651083206964564e-05,7.500416954187017e-11,3.02581190665076e-12,0.00019219167384818773,1,0.0,"[0.5882891928001551,0.35867069830498954,0.05304010889485546]"
v3.3,393de51ec9fec163,arctan,independent,3,0.3333333333333333,0.49,7.543811004352349e-05,7.061671039587658e-11,3.692768823720866e-12,0.00019129502585773877,1,0.0,"[0.5881332251938172,0.35874143829777494,0.053125336508407894]"
v3.3,393de51ec9fec163,arctan,independent,3,0.3333333333333333,0.5,0.00016260814979478927,2.288084131885082e-10,4.482639951709283e-12,0.00019044786122295263,1,0.0,"[0.5879780254362754,0.358810673347412,0.05321130121631255]"
v3.3,393de51ec9fec163,arctan,independent,3,0.3333333333333333,0.51,0.00024888404172151643,6.545546743508268e-11,2.8352393650608534e-12,0.00018964814676325983,1,0.0,"[0.587823562931691,0.3588784594531462,0.05329797761516278]"
v3.3,393de51ec9fec163,arctan,independent,3,0.3333333333333333,0.52,0.0003342890269442088,2.3629736708996596e-10,3.231938058313892e-12,0.00018889365235115352,1,0.0,"[0.5876698079177054,0.3589448511266006,0.05338534095569398]"
v3.3,393de51ec9fec163,arctan,independent,3,0.3333333333333333,0.53,0.00041884441624688226,2.0922164695180712e-10,3.671862014767657e-12,0.00018818210381223873,1,0.0,"[0.58751673156188,0.3590099013080381,0.05347336713008182]"
v3.3,393de51ec9fec163,arctan,independent,3,0.3333333333333333,0.54,0.0005025696936023713,1.9097308456839102e-10,4.158233138845972e-12,0.00018751112921893635,1,0.0,"[0.5873643061059106,0.35907366124236584,0.05356203265172361]"
v3.3,393de51ec9fec163,arctan,independent,3,0.3333333333333333,0.55,0.0005854825158762567,7.209028513033289e-11,4.6945200548637805e-12,0.00018687834064328395,1,0.0,"[0.5872125049417518,0.3591361804186586,0.05365131463958956]"
v3.3,393de51ec9fec163,arctan,independent,3,0.3333333333333333,0.56,0.0006675988023053803,2.1249582302096393e-10,5.284243016466193e-12,0.0001862813547881527,1,0.0,"[0.587061302670283,0.35919750652732274,0.05374119080239424]"
v3.3,393de51ec9fec163,arctan,independent,3,0.3333333333333333,0.5700000000000001,0.0007489327532523189,1.1293654900157435e-10,5.931006023617611e-12,0.00018571781690095697,1,0.0,"[0.5869106751388634,0.3592576854378616,0.053831639423275145]"
v3.3,393de51ec9fec163,arctan,independent,3,0.3333333333333333,0.5800000000000001,0.0008294969858842968,1.335791199874592e-10,6.638710756321342e-12,0.00018518541993153755,1,0.0,"[0.5867605994611038,0.35931676119397077,0.053922639344925354]"
v3.3,393de51ec9fec163,arctan,independent,3,0.3333333333333333,0.5900000000000001,0.0009093026012373141,1.4125688119204227e-10,7.41117540443911e-12,0.00018468191960646288,1,0.0,"[0.5866110540217695,0.3593747760230937,0.05401416995513675]"
v3.3,393de51ec9fec163,arctan,independent,3,0.3333333333333333,0.6000000000000001,0.0009883592802092736,1.265525531590761e-10,8.252392943249525e-12,0.0001842051460076635,1,0.0,"[0.5864620184693663,0.3594317703579169,0.05410621117271691]"
v3.3,393de51ec9fec163,arctan,independent,3,0.3333333333333333,0.6100000000000001,0.001066675384777109,1.3756489697369645e-10,9.16653165094626e-12,0.0001837530121896133,1,0.0,"[0.5863134736986289,0.35948778286762023,0.054198743433750834]"
v3.3,393de51ec9fec163,arctan,independent,3,0.3333333333333333,0.6200000000000001,0.00114425805270129,1.2421782005778148e-10,1.0157667671330346e-11,0.00018332352029787528,1,0.0,"[0.5861654018248359,0.3595428504969806,0.054291747678183434]"
v3.3,393de51ec9fec163,arctan,independent,3,0.3333333333333333,0.63,0.0012211133006324489,1.0201904945827955e-10,1.1230293143709653e-11,0.00018291476559429882,1,0.0,"[0.5860177861516163,0.35959700851167936,0.054385205336704386]"
v3.3,393de51ec9fec163,arctan,independent,3,0.3333333333333333,0.64,0.0012972461260782192,1.1112967143733776e-10,1.2388683693177385e-11,0.00018252493875221305,1,0.0,"[0.5858706111336719,0.3596502905484074,0.054479098317920686]"
v3.3,393de51ec9fec163,arctan,independent,3,0.3333333333333333,0.65,0.00137266058929153,1.0363509356237088e-10,1.3637316565930839e-11,0.00018215232671454663,1,0.0,"[0.58572386233565,0.3597027286685441,0.054573408995805976]"
v3.3,393de51ec9fec163,arctan,independent,3,0.3333333333333333,0.66,0.001447359924097686,1.7802474078232322e-10,1.4980774377718298e-11,0.00018179531239675566,1,0.0,"[0.5855775263882007,0.3597543534143812,0.05466812019741806]"
v3.3,393de51ec9fec163,arctan,independent,3,0.3333333333333333,0.67,0.001521346614718956,1.109951193456471e-10,1.6423730423584682e-11,0.00018145237345159096,1,0.0,"[0.5854315909421086,0.3598051938670119,0.05476321519087948]"
v3.3,393de51ec9fec163,arctan,independent,3,0.3333333333333333,0.68,0.0015946224803796323,1.39533599952113e-10,1.7970842325464424e-11,0.00018112208029471915,1,0.0,"[0.5852860446212409,0.3598552777051431,0.05485867767361592]"
v3.3,393de51ec9fec163,arctan,independent,3,0.3333333333333333,0.6900000000000001,0.0016671887658979596,1.0725232854613687e-10,1.9626835343151224e-11,0.00018080309355178307,1,0.0,"[0.5851408769749394,0.3599046312642102,0.05495449176085052]"
v3.3,393de51ec9fec163,arctan,independent,3,0.3333333333333333,0.7000000000000001,0.0017390463255671923,1.209835738535947e-10,1.5973163062419879e-12,0.00018049425129760917,1,0.0,"[0.5849960783481952,0.35995327966927354,0.05505064198253132]"
v3.3,393de51ec9fec163,arctan,independent,3,0.3333333333333333,0.7100000000000001,0.001810195239792367,1.102778320050124e-10,2.9174269434403163e-12,0.000180194117542637,1,0.0,"[0.5848516401604729,0.3600012465994355,0.05514711324009173]"
v3.3,393de51ec9fec163,arctan,independent,3,0.3333333333333333,0.7200000000000001,0.0018806355636790811,6.590362630620739e-11,4.660891241077986e-12,0.0001799018678829999,1,0.0,"[0.5847075543752588,0.36004855478144504,0.055243890843296124]"
v3.3,393de51ec9fec163,arctan,independent,3,0.3333333333333333,0.7300000000000001,0.0019503669665377893,1.1458313811663068e-10,3.0377580050742282e-12,0.00017961642309167013,1,0.0,"[0.5845638137562835,0.36009522577418435,0.05534096046953205]"
v3.3,393de51ec9fec163,arctan,independent,3,0.3333333333333333,0.7400000000000001,0.002019388830074159,2.0285554486187962e-10,9.517226206600896e-15,0.00017933681818246586,1,0.0,"[0.5844204117863395,0.3601412800548838,0.055438308158776574]"
v3.3,393de51ec9fec163,arctan,independent,3,0.3333333333333333,0.7500000000000001,0.0020877003312251667,6.121225401556352e-11,1.0512739869189922e-14,0.00017906217245441204,1,0.0,"[0.5842773426106188,0.36018673708494087,0.05553592030444031]"
v3.3,393de51ec9fec163,arctan,independent,3,0.3333333333333333,0.76,0.002155300584628657,1.0253623991540728e-10,1.1559691053424323e-14,0.00017879171746721764,1,0.0,"[0.5841346009516015,0.36023161540223975,0.0556337836461587]"
v3.3,393de51ec9fec163,arctan,independent,3,0.3333333333333333,0.77,0.002222188513873364,7.458298909024386e-11,1.2710981581254097e-14,0.00017852469737459918,1,0.0,"[0.5839921821151659,0.3602759326272116,0.05573188525762259]"
v3.3,393de51ec9fec163,arctan,independent,3,0.3333333333333333,0.78,0.002288363115850619,1.2703682897297064e-10,1.3959110308363456e-14,0.00017826042869510808,1,0.0,"[0.5838500819392997,0.36031970552259546,0.05583021253810496]"
v3.3,393de51ec9fec163,arctan,independent,3,0.3333333333333333,0.79,0.0023538232253119094,1.2220881598357103e-10,1.5273392948678318e-14,0.00017799828264213608,1,0.0,"[0.583708296757732,0.36036295003880564,0.05592875320346251]"
v3.3,393de51ec9fec163,arctan,independent,3,0.3333333333333333,0.8,0.0024185677866126604,2.0594522961991935e-10,1.6687195833231857e-14,0.00017773768175197304,1,0.0,"[0.5835668233652875,0.3604056813573301,0.05602749527738238]"
v3.3,393de51ec9fec163,arctan,independent,3,0.3333333333333333,0.81,0.002482595766716989,1.1102351676894884e-10,1.822079789279151e-14,0.00017747809664324152,1,0.0,"[0.58342565898496,0.36044791393216796,0.05612642708287191]"
v3.3,393de51ec9fec163,arctan,independent,3,0.3333333333333333,0.8200000000000001,0.002545906201546693,1.8772857574012036e-10,1.9857706317916627e-14,0.00017721904291670277,1,0.0,"[0.5832848012366842,0.3604896615293268,0.05622553723398901]"
v3.3,393de51ec9fec163,arctan,independent,3,0.3333333333333333,0.8300000000000001,0.002608498233188525,1.9203047485483182e-10,2.1595587924089316e-14,0.00017696007819786714,1,0.0,"[0.5831442481077787,0.36053093726441154,0.05632481462780985]"
v3.3,393de51ec9fec163,arctan,independent,3,0.3333333333333333,0.8400000000000001,0.002670371113909973,9.281312871034508e-11,2.3462118082035557e-14,0.00017670079932606447,1,0.0,"[0.5830039979250186,0.3605717536383501,0.05642424843663129]"
v3.3,393de51ec9fec163,arctan,independent,3,0.3333333333333333,0.8500000000000001,0.002731524233666776,6.118959158807336e-11,2.5437692031287276e-14,0.00017644083969000596,1,0.0,"[0.5828640493282924,0.3606121225713037,0.056523828100403954]"
v3.3,393de51ec9fec163,arctan,independent,3,0.3333333333333333,0.8600000000000001,0.002791957155540554,1.1842096400704882e-10,2.7556932632178793e-14,0.0001761798667084157,1,0.0,"[0.5827244012457886,0.3606520554348192,0.056623543319392164]"
v3.3,393de51ec9fec163,arctan,independent,3,0.3333333333333333,0.8700000000000001,0.002851669570476962,6.286791226495225e-11,2.978225989366061e-14,0.0001759175794512796,1,0.0,"[0.5825850528706593,0.36069156308228356,0.05672338404705705]"
v3.3,393de51ec9fec163,arctan,independent,3,0.3333333333333333,0.8800000000000001,0.0029106613797635697,1.2303311841543874e-10,3.213047441100723e-14,0.0001756537063999726,1,0.0,"[0.5824460036390998,0.3607306558777423,0.0568233404831579]"
v3.3,393de51ec9fec163,arctan,independent,3,0.3333333333333333,0.89,0.002968932657428796,1.312731971736536e-10,3.4666224274144384e-14,0.00017538800334180292,1,0.0,"[0.5823072532097838,0.3607693437231488,0.056923403067067446]"
v3.3,393de51ec9fec163,arctan,independent,3,0.3333333333333333,0.9,0.003026483676121114,1.9973489182034676e-10,3.733676299942521e-14,0.00017512025139335163,1,0.0,"[0.5821688014445928,0.3608076360841104,0.05702356247129667]"
v3.3,393de51ec9fec163,arctan,independent,3,0.3333333333333333,0.91,0.00308331490826827,1.9883139579235376e-10,4.0165163361983203e-14,0.0001748502551453266,1,0.0,"[0.5820306483905798,0.36084554201419694,0.0571238095952232]"
v3.3,393de51ec9fec163,arctan,independent,3,0.3333333333333333,0.92,0.0031394270327693985,1.94250424773168e-10,4.3101600213913856e-14,0.00017457784092995925,1,0.0,"[0.5818927942631017,0.3608830701778787,0.057224135559019645]"
v3.3,393de51ec9fec163,arctan,independent,3,0.3333333333333333,0.93,0.0031948209344971265,1.8185682126858893e-10,4.62402332990954e-14,0.0001743028551951493,1,0.0,"[0.5817552394300658,0.360920228872159,0.05732453169777521]"
v3.3,393de51ec9fec163,arctan,independent,3,0.3333333333333333,0.9400000000000001,0.0032494977173107356,1.6947433387204391e-10,4.95246927487774e-14,0.00017402516299100642,1,0.0,"[0.5816179843972259,0.3609570260469672,0.05742498955580682]"
v3.3,393de51ec9fec163,arctan,independent,3,0.3333333333333333,0.9500000000000001,0.003303458688168018,1.5732220040587386e-10,5.29899855565544e-14,0.0001737446465529312,1,0.0,"[0.5814810297944742,0.3609934693243724,0.05752550088115333]"
v3.3,393de51ec9fec163,arctan,independent,3,0.3333333333333333,0.9600000000000001,0.0033567053670169184,6.92872946517209e-11,5.663435189544422e-14,0.00017346120398309086,1,0.0,"[0.581344376363071,0.3610295660166809,0.057626057620248076]"
v3.3,393de51ec9fec163,arctan,independent,3,0.3333333333333333,0.9700000000000001,0.003409239485885996,1.8273561136483707e-10,6.046425823183562e-14,0.00017317474802053576,1,0.0,"[0.5812080249437589,0.36106532314347684,0.05772665191276433]"
v3.3,393de51ec9fec163,arctan,independent,3,0.3333333333333333,0.9800000000000001,0.003461062982558695,2.0504975842272621e-10,6.446694739598526e-14,0.00017288520489622248,1,0.0,"[0.5810719764657106,0.36110074744766096,0.05782727608662842]"
v3.3,393de51ec9fec163,arctan,independent,3,0.3333333333333333,0.9900000000000001,0.00351217800671641,1.829547173481938e-10,6.867231018207658e-14,0.00017259251326811993,1,0.0,"[0.5809362319362594,0.36113584541054566,0.05792792265319491]"
v3.3,393de51ec9fec163,arctan,independent,3,0.3333333333333333,1.0,0.0035625869031359024,1.096422362623084e-10,7.306849053756037e-14,0.00017229662323043653,1,0.0,"[0.5808007924313653,0.36117062326605537,0.0580285843025793]"
v3.3,393de51ec9fec163,arctan,independent,3,0.3333333333333333,1.01,0.003612292213804172,5.96379681749859e-11,7.768189619835331e-14,0.00017199749539295413,1,0.0,"[0.5806656590867718,0.36120508701408616,0.058129253899142024]"
v3.3,393de51ec9fec163,arctan,independent,3,0.3333333333333333,1.02,0.0036612966925899174,1.0273264877680433e-10,8.248363641238663e-14,0.000171695100026872,1,0.0,"[0.5805308330898096,0.36123924243307065,0.05822992447711975]"
v3.3,393de51ec9fec163,arctan,independent,3,0.3333333333333333,1.03,0.0037096032602953813,1.1684991516047738e-10,8.74660692228801e-14,0.00017138941626922626,1,0.0,"[0.5803963156718077,0.3612730950917942,0.058330589236398084]"
v3.3,393de51ec9fec163,arctan,independent,3,0.3333333333333333,1.04,0.003757215021034297,5.997896623810561e-11,9.268182274005995e-14,0.00017108043138770938,1,0.0,"[0.5802621081010717,0.36130665036050713,0.05843124153842118]"
v3.3,393de51ec9fec163,arctan,independent,3,0.3333333333333333,1.05,0.0038041353051731473,1.5399967065454767e-10,9.813108692634006e-14,0.00017076814009707968,1,0.0,"[0.5801282116763927,0.36133991342137395,0.058531874902233445]"
v3.3,393de51ec9fec163,arctan,independent,3,0.3333333333333333,1.06,0.0038503675443496074,1.4385109770032045e-10,1.0378030880110761e-13,0.00017045254392508341,1,0.0,"[0.5799946277210537,0.3613728892782981,0.0586324830006482]"
v3.3,393de51ec9fec163,arctan,independent,3,0.3333333333333333,1.07,0.0038959153851397775,5.0614179514241187e-11,1.0968223859602385e-13,0.00017013365062525793,1,0.0,"[0.5798613575772997,0.3614055827661611,0.058733059656539244]"
v3.3,393de51ec9fec163,arctan,independent,3,0.3333333333333333,1.08,0.0039407826338568736,1.0291791030514474e-10,1.157879616891928e-13,0.00016981147363373582,1,0.0,"[0.57972840260124,0.3614379985595098,0.05883359883925026]"
v3.3,393de51ec9fec163,arctan,independent,3,0.3333333333333333,1.09,0.003984973218535814,5.035892883253901e-11,1.221282362418664e-13,0.00016948603156400767,1,0.0,"[0.579595764158156,0.36147014118072596,0.05893409466111814]"
v3.3,393de51ec9fec163,arctan,independent,3,0.3333333333333333,1.1,0.004028491273460964,1.5955384236043813e-10,1.287399273867266e-13,0.00016915734774102314,1,0.0,"[0.579463443618185,0.3615020150077093,0.05903454137410576]"
v3.3,393de51ec9fec163,arctan,independent,3,0.3333333333333333,1.11,0.00407134101803569,1.689186186759617e-10,1.3555971615617377e-13,0.0001688254497702231,1,0.0,"[0.5793314423523553,0.3615336242811047,0.05913493336653989]"
v3.3,393de51ec9fec163,arctan,independent,3,0.3333333333333333,1.12,0.0041135268369268466,1.1726316445637153e-10,1.4265842771318658e-13,0.00016849036913536635,1,0.0,"[0.5791997617289504,0.361564973111099,0.05923526515995076]"
v3.3,393de51ec9fec163,arctan,independent,3,0.3333333333333333,1.1300000000000001,0.004155053243381338,1.8171223900576017e-10,1.499552064878597e-13,0.00016815214083224409,1,0.0,"[0.5790684031101746,0.3615960654838166,0.059335531406008814]"
v3.3,393de51ec9fec163,arctan,independent,3,0.3333333333333333,1.1400000000000001,0.004195924867999416,1.0594007962549945e-10,1.5751770633420565e-13,0.00016781080302314752,1,0.0,"[0.5789373678491075,0.36162690526733726,0.059435726883555265]"
v3.3,393de51ec9fec163,arctan,independent,3,0.3333333333333333,1.1500000000000001,0.004236146466257015,7.990118289225023e-11,1.653478294873509e-13,0.00016746639672409914,1,0.0,"[0.5788066572869179,0.36165749621735926,0.05953584649572282]"
v3.3,393de51ec9fec163,arctan,independent,3,0.3333333333333333,1.1600000000000001,0.0042757228952327725,1.1696729348975587e-10,4.5250620177302336e-13,0.0001671189653724218,1,0.0,"[0.5786762727503522,0.3616878419827764,0.05963588526687143]"
v3.3,393de51ec9fec163,arctan,independent,3,0.3333333333333333,1.1700000000000002,0.004314659123068547,1.0663808377997519e-10,1.8181117991353007e-13,0.0001667685553864034,1,0.0,"[0.5785462155492952,0.36171794610946856,0.05973583834123635]"
v3.3,393de51ec9fec163,arctan,independent,3,0.3333333333333333,1.1800000000000002,0.004352960205618341,1.0227874103208023e-10,2.159280650527748e-12,0.00016641520343353044,1,0.0,"[0.5784164869854465,0.3617478120377426,0.05983570097681091]"
v3.3,393de51ec9fec163,arctan,independent,3,0.3333333333333333,1.1900000000000002,0.004390631331376658,9.659108582416032e-11,1.992609308669885e-13,0.00016605900141057308,1,0.0,"[0.5782870882975835,0.36177744315304433,0.059935468549372276]"
v3.3,393de51ec9fec163,arctan,independent,3,0.3333333333333333,1.2000000000000002,0.004427677710452299,9.592252686596581e-11,2.0839237203462906e-13,0.0001656999380735197,1,0.0,"[0.5781580207651316,0.36180684269394975,0.060035136540918695]"
v3.3,393de51ec9fec163,arctan,independent,3,0.3333333333333333,1.21,0.004464104680598449,8.761942213442175e-11,2.1777779524784662e-13,0.00016533810774025558,1,0.0,"[0.5780292856014332,0.36183601385330694,0.06013470054525981]"
v3.3,393de51ec9fec163,arctan,independent,3,0.3333333333333333,1.22,0.0044999176413090605,1.0950893317152044e-10,2.2743288587661107e-13,0.00016497355395127058,1,0.0,"[0.5779008840049382,0.3618649597332478,0.060234156261814]"
v3.3,393de51ec9fec163,arctan,independent,3,0.3333333333333333,1.23,0.0045351220626776954,8.462654188523544e-11,2.3738390755133083e-13,0.00016460633169784603,1,0.0,"[0.5777728171474458,0.361893683358447,0.060333499494107115]"
v3.3,393de51ec9fec163,arctan,independent,3,0.3333333333333333,1.24,0.004569723476685557,1.0647995332679905e-10,2.4761362301581516e-13,0.0001642364968714086,1,0.0,"[0.5776450861729976,0.36192218767944057,0.060432726147561754]"
v3.3,393de51ec9fec163,arctan,independent,3,0.3333333333333333,1.25,0.004603727474798234,1.57218207202936e-10,2.580909937563731e-13,0.00016386410612111895,1,0.0,"[0.5775176921968976,0.3619504755757553,0.06053183222734702]"
v3.3,393de51ec9fec163,arctan,independent,3,0.3333333333333333,1.26,0.004637139703863483,1.0701745392638351e-10,2.688301800386021e-13,0.00016348921672373448,1,0.0,"[0.577390636304848,0.3619785498588654,0.06063081383628658]"
v3.3,393de51ec9fec163,arctan,independent,3,0.3333333333333333,1.27,0.004669965857632439,1.0531449323725184e-10,2.798801859053428e-13,0.00016311188646277793,1,0.0,"[0.5772639195521935,0.3620064132749839,0.06072966717282282]"
v3.3,393de51ec9fec163,arctan,independent,3,0.3333333333333333,1.28,0.004702211673716428,9.537823655869637e-11,2.911673595532454e-13,0.00016273217351897535,1,0.0,"[0.5771375429632647,0.3620340685077004,0.06082838852903479]"
v3.3,393de51ec9fec163,arctan,independent,3,0.3333333333333333,1.29,0.004733882926750324,9.204423334630008e-11,3.0277260131462033e-13,0.0001623501363655552,1,0.0,"[0.5770115075308175,0.3620615181804742,0.060926974288708205]"
v3.3,393de51ec9fec163,arctan,independent,3,0.3333333333333333,1.3,0.00476498543147965,5.106340350558014e-11,3.1463648685467907e-13,0.00016196583367896896,1,0.0,"[0.5768858142155526,0.36208876485899233,0.06102542092545508]"
v3.3,393de51ec9fec163,arctan,independent,3,0.3333333333333333,1.31,0.0047955250266425165,9.869399394957235e-11,3.2676976144158443e-13,0.00016157932424888725,1,0.0,"[0.5767604639457189,0.3621158110533997,0.06112372500088136]"
v3.3,393de51ec9fec163,arctan,independent,3,0.3333333333333333,1.32,0.004825507580049411,1.1405118863216934e-10,3.3918950968768877e-13,0.0001611906669005593,1,0.0,"[0.5766354576167889,0.36214265922040983,0.061221883162801256]"
v3.3,393de51ec9fec163,arctan,independent,3,0.3333333333333333,1.33,0.004854938975681511,5.4268894933429124e-11,3.518645794075428e-13,0.00016079992042362882,1,0.0,"[0.5765107960911999,0.36216931176530465,0.06131989214349538]"
v3.3,393de51ec9fec163,arctan,independent,3,0.3333333333333333,1.34,0.004883825125090151,1.1487799600473636e-10,3.6483541001654184e-13,0.00016040714350315608,1,0.0,"[0.5763864801981605,0.3621957710438272,0.06141774875801235]"
v3.3,393de51ec9fec163,arctan,independent,3,0.3333333333333333,1.35,0.004912171944398431,8.375220308942666e-11,3.7810815319079533e-13,0.00016001239466105366,1,0.0,"[0.5762625107335119,0.36222203936397673,0.06151544990251134]"
v3.3,393de51ec9fec163,arctan,independent,3,0.3333333333333333,1.36,0.0049399853647320476,1.3482506083795087e-10,3.9161435582797307e-13,0.00015961573219921193,1,0.0,"[0.5761388884596439,0.36224811898771125,0.06161299255264485]"
v3.3,393de51ec9fec163,arctan,independent,3,0.3333333333333333,1.37,0.004967271322097986,1.0521952406583601e-10,4.0540340772372093e-13,0.00015921721414817526,1,0.0,"[0.57601561410546,0.3622740121325608,0.06171037376197934]"
v3.3,393de51ec9fec163,arctan,independent,3,0.3333333333333333,1.3800000000000001,0.004994035756383304,1.0398857469562373e-10,4.1944137557573645e-13,0.00015881689822221557,1,0.0,"[0.5758926883663855,0.36229972097316104,0.06180759066045338]"
v3.3,393de51ec9fec163,arctan,independent,3,0.3333333333333333,1.3900000000000001,0.0050202846059578185,1.0311891965320008e-10,4.3381386535637866e-13,0.00015841484177455753,1,0.0,"[0.5757701119044203,0.3623252476427083,0.06190464045287135]"
v3.3,393de51ec9fec163,arctan,independent,3,0.3333333333333333,1.4,0.005046023806571334,8.337280171799577e-11,4.4839196470312573e-13,0.0001580111017620056,1,0.0,"[0.5756478853482252,0.36235059423434296,0.06200152041743181]"
v3.3,393de51ec9fec163,arctan,independent,5,0.2,0.05,-0.004379987441259392,1.2415680983313138e-10,5.594827351403851e-17,0.0,1,0.0,"[0.595142630286784,0.3542974492386795,0.05055992047453635]"
v3.3,393de51ec9fec163,arctan,independent,5,0.2,0.060000000000000005,-0.004350696232441477,1.4903629025342369e-10,1.883893142183364e-10,3.536734312024749e-05,1,0.0,"[0.5951152639691848,0.3543191160041506,0.05056562002666456]"
v3.3,393de51ec9fec163,arctan,independent,5,0.2,0.07,-0.004316471855776376,7.28107990566329e-11,1.348681053970824e-10,4.124406638489225e-05,1,0.0,"[0.595083329503961,0.3543443395294401,0.05057233096659902]"
v3.3,393de51ec9fec163,arctan,independent,5,0.2,0.08,-0.004277500420151736,2.218236774820248e-10,3.600826510982578e-17,4.6864851514409396e-05,1,0.0,"[0.5950470155317205,0.35437294298476385,0.05058004148351562]"
v3.3,393de51ec9fec163,arctan,independent,5,0.2,0.09,-0.004233988220333738,1.5080748455575943e-10,4.353931450624245e-17,5.220561471439835e-05,1,0.0,"[0.5950065286382582,0.35440473293300784,0.05058873842873385]"
v3.3,393de51ec9fec163,arctan,independent,5,0.2,0.1,-0.004186155553620667,1.5546719467351977e-10,1.991379917929063e-17,5.724913133809798e-05,1,0.0,"[0.5949620883651472,0.35443950408999386,0.050598407544858844]"
v3.3,393de51ec9fec163,arctan,independent,5,0.2,0.11,-0.004134237014429151,2.4209151350262914e-10,2.173466726759551e-17,6.198131419235878e-05,1,0.0,"[0.5949139249530682,0.35447704149955206,0.05060903354737992]"
v3.3,393de51ec9fec163,arctan,independent,5,0.2,0.12000000000000001,-0.004078477299666428,1.4629673861232817e-10,3.598448970947156e-17,6.639353880992638e-05,1,0.0,"[0.5948622753709923,0.35451712432346266,0.05062060030554502]"
v3.3,393de51ec9fec163,arctan,independent,5,0.2,0.13,-0.0040191281024248085,1.586193121294599e-10,4.678878050155355e-17,7.04817537169556e-05,1,0.0,"[0.5948073799931269,0.3545595290147779,0.05063309099209511]"
v3.3,393de51ec9fec163,arctan,independent,5,0.2,0.14,-0.00395644517218053,8.02104840880169e-11,2.5000606810849386e-17,7.424605287150952e-05,1,0.0,"[0.5947494795826873,0.35460403219516934,0.05064648822214343]"
v3.3,393de51ec9fec163,arctan,independent,5,0.2,0.15000000000000002,-0.003890685557503916,1.4525543962085052e-10,6.292874633002584e-17,7.769018966021148e-05,1,0.0,"[0.5946888126247649,0.3546504131956542,0.05066077417958086]"
v3.3,393de51ec9fec163,arctan,independent,5,0.2,0.16,-0.003822105184232892,1.5349803372810555e-10,8.749694987022325e-17,8.082106086611875e-05,1,0.0,"[0.5946256130300844,0.354698456239752,0.05067593073016357]"
v3.3,393de51ec9fec163,arctan,independent,5,0.2,0.16999999999999998,-0.0037509566411930984,1.3499802664629357e-10,9.487548857233543e-16,8.364818493319264e-05,1,0.0,"[0.5945601082139186,0.3547479522649954,0.05069193952108607]"
v3.3,393de51ec9fec163,arctan,independent,5,0.2,0.18,-0.0036774873046981904,1.390319040450727e-10,3.4037629671427736e-15,8.618319417695064e-05,1,0.0,"[0.5944925175402831,0.3547987003923621,0.0507087820673548]"
v3.3,393de51ec9fec163,arctan,independent,5,0.2,0.19,-0.0036019377612700326,6.728991669424644e-11,2.798290508576059e-15,8.843935580188657e-05,1,0.0,"[0.5944230511108345,0.35485050906351,0.050726439825655424]"
v3.3,393de51ec9fec163,arctan,independent,5,0.2,0.2,-0.003524540496223083,7.818252989455488e-11,6.545276037864996e-14,9.043113176313136e-05,1,0.0,"[0.5943519088706783,0.3549031968726708,0.0507448942566508]"
v3.3,393de51ec9fec163,arctan,independent,5,0.2,0.21000000000000002,-0.003445518937454095,1.4017358801465818e-10,4.464506965808702e-12,9.217376745618075e-05,1,0.0,"[0.5942792800109388,0.35495659311313627,0.050764126875925075]"
v3.3,393de51ec9fec163,arctan,independent,5,0.2,0.22000000000000003,-0.0033650865044009756,1.5156694649354208e-10,1.1653177788703785e-14,9.368305524692417e-05,1,0.0,"[0.5942053425391061,0.3550105381594422,0.0507841193014516]"
v3.3,393de51ec9fec163,arctan,independent,5,0.2,0.22999999999999998,-0.0032834463930541263,7.843875549085055e-11,1.789913894268351e-14,9.497476142019423e-05,1,0.0,"[0.59413026326973,0.3550648834519833,0.05080485327828672]"
v3.3,393de51ec9fec163,arctan,independent,5,0.2,0.24,-0.0032007909263502,2.2363552676374354e-10,2.6842696251543827e-14,9.606475016346032e-05,1,0.0,"[0.5940541977167688,0.35511949156711864,0.05082631071611252]"
v3.3,393de51ec9fec163,arctan,independent,5,0.2,0.25,-0.0031173016009230017,7.596683698762874e-11,4.499876996042952e-12,9.696848077976639e-05,1,0.0,"[0.5939772903567619,0.355174235938174,0.050848473705064005]"
v3.3,393de51ec9fec163,arctan,independent,5,0.2,0.26,-0.003033148901878495,2.191754347458108e-10,3.654776971477605e-12,9.770105714215421e-05,1,0.0,"[0.5938996748515345,0.35522900061074614,0.05087132453771947]"
v3.3,393de51ec9fec163,arctan,independent,5,0.2,0.27,-0.002948492636352343,1.527854440186438e-10,2.7827339469986883e-12,9.827687900196508e-05,1,0.0,"[0.5938214745296262,0.3552836797547629,0.0508948457156109]"
v3.3,393de51ec9fec163,arctan,independent,5,0.2,0.28,-0.002863482013314614,2.2140406175097382e-10,2.0805050953873497e-12,9.87097604927984e-05,1,0.0,"[0.5937428027775244,0.35533817725916317,0.05091901996331229]"
v3.3,393de51ec9fec163,arctan,independent,5,0.2,0.29,-0.0027782559885903904,1.3554742051002933e-10,1.563239679404213e-12,9.901275902614469e-05,1,0.0,"[0.593663763558638,0.35539240620691065,0.0509438302344514]"
v3.3,393de51ec9fec163,arctan,independent,5,0.2,0.3,-0.002692943644641156,8.057725320309572e-11,1.1610391794933602e-12,9.919815535874688e-05,1,0.0,"[0.593584451947551,0.3554462883357101,0.05096925971673873]"
v3.3,393de51ec9fec163,arctan,independent,5,0.2,0.31,-0.002607664535507738,1.5038129075328754e-10,8.04770696463957e-13,9.927743316566168e-05,1,0.0,"[0.5935049546805985,0.3554997534839874,0.05099529183541408]"
v3.3,393de51ec9fec163,arctan,independent,5,0.2,0.32,-0.0025225292722420543,7.79270120654374e-11,4.738512467579528e-13,9.926127509704262e-05,1,0.0,"[0.5934253507109535,0.35555273903355955,0.05102191025548706]"
v3.3,393de51ec9fec163,arctan,independent,5,0.2,0.33,-0.002437639861213089,1.675429829595121e-10,5.199754600840099e-13,9.915957064548371e-05,1,0.0,"[0.5933457117598311,0.3556051893572076,0.051049098882961386]"
v3.3,393de51ec9fec163,arctan,independent,5,0.2,0.33999999999999997,-0.0023530902370095183,1.0669404248986325e-10,6.807232902803572e-13,9.89814411299942e-05,1,0.0,"[0.593266102851194,0.35565705528296593,0.05107684186584008]"
v3.3,393de51ec9fec163,arctan,independent,5,0.2,0.35,-0.0022689667362735637,1.383945111288476e-10,8.827679411823273e-13,9.873525941998244e-05,1,0.0,"[0.5931865828343719,0.35570829357172845,0.0511051235938996]"
v3.3,393de51ec9fec163,arctan,independent,5,0.2,0.36,-0.002185348559521582,1.3218918668012059e-10,1.1346120357108888e-12,9.842868676387431e-05,1,0.0,"[0.5931072048817008,0.3557588664196793,0.05113392869861987]"
v3.3,393de51ec9fec163,arctan,independent,5,0.2,0.37,-0.0021023082531410504,2.195042515806822e-10,1.4460353746770158e-12,9.806870992738313e-05,1,0.0,"[0.5930280169611606,0.35580874098614756,0.05116324205269179]"
v3.3,393de51ec9fec163,arctan,independent,5,0.2,0.38,-0.002019912128761875,7.069749299870587e-11,1.828339576687198e-12,9.766168056069383e-05,1,0.0,"[0.5929490622823419,0.3558578889483106,0.051193048769347556]"
v3.3,393de51ec9fec163,arctan,independent,5,0.2,0.39,-0.0019382207179080846,1.3326340725372532e-10,2.2942369845140997e-12,9.721335632994615e-05,1,0.0,"[0.5928703797144014,0.35590628608404534,0.051223334201553346]"
v3.3,393de51ec9fec163,arctan,independent,5,0.2,0.4,-0.0018572891681496347,7.136001511920398e-11,2.8581950721606957e-12,9.672894246827893e-05,1,0.0,"[0.5927920041756327,0.35595391188326864,0.051254083941098524]"
v3.3,393de51ec9fec163,arctan,independent,5,0.2,0.41,-0.0017771676013682465,7.814877217571237e-11,3.536582658944289e-12,9.621313298671097e-05,1,0.0,"[0.5927139669948154,0.3560007491875816,0.051285283817602986]"
v3.3,393de51ec9fec163,arctan,independent,5,0.2,0.42,-0.0016979015429731265,2.0952912321847705e-10,4.347545241144178e-12,9.567015094265396e-05,1,0.0,"[0.5926362962449294,0.3560467838576157,0.051316919897454925]"
v3.3,393de51ec9fec163,arctan,independent,5,0.2,0.43,-0.001619532201123975,2.383945471584603e-10,5.3115116948585434e-12,9.510378731269278e-05,1,0.0,"[0.592559017050148,0.3560920044671675,0.05134897848268446]"
v3.3,393de51ec9fec163,arctan,independent,5,0.2,0.44,-0.00154209680656512,2.0336595255021628e-10,6.450982602733143e-12,9.451743814947959e-05,1,0.0,"[0.5924821518672425,0.3561364020229828,0.05138144610977469]"
v3.3,393de51ec9fec163,arctan,independent,5,0.2,0.45,-0.0014656289268780397,7.139809576894862e-11,7.790880298264648e-12,9.39141397815526e-05,1,0.0,"[0.5924057207427091,0.3561799697088821,0.05141430954840872]"
v3.3,393de51ec9fec163,arctan,independent,5,0.2,0.46,-0.0013901586642107583,1.3825317973781281e-10,9.358495348341157e-12,9.329660192369353e-05,1,0.0,"[0.5923297415470216,0.3562227026528291,0.051447555800149286]"
v3.3,393de51ec9fec163,arctan,independent,5,0.2,0.47,-0.0013157130491073914,1.4672138157201253e-10,1.1183879355088473e-11,9.26672386085026e-05,1,0.0,"[0.5922542301874779,0.35626459771547364,0.051481172097048375]"
v3.3,393de51ec9fec163,arctan,independent,5,0.2,0.48,-0.0012423161347088624,2.1145090192686844e-10,1.3299653964937957e-11,9.202819692678317e-05,1,0.0,"[0.5921792008011239,0.35630565329869324,0.05151514590018294]"
v3.3,393de51ec9fec163,arctan,independent,5,0.2,0.49,-0.0011699893011499866,5.520246759704861e-11,1.574130003401698e-11,9.138138358384066e-05,1,0.0,"[0.5921046659292305,0.3563458691726554,0.05154946489811406]"
v3.3,393de51ec9fec163,arctan,independent,5,0.2,0.5,-0.001098751372744046,7.239124577562706e-11,1.8547168609170458e-11,9.072848933151387e-05,1,0.0,"[0.5920306366747692,0.35638524631996327,0.05158411700526755]"
v3.3,393de51ec9fec163,arctan,independent,5,0.2,0.51,-0.0010286188981194835,1.9841579768087314e-10,2.1758722776645312e-11,9.007101134498844e-05,1,0.0,"[0.5919571228442783,0.3564237867954869,0.05161909036023489]"
v3.3,393de51ec9fec163,arctan,independent,5,0.2,0.52,-0.000959606106411881,2.0212953880105466e-10,3.672423284695002e-14,8.941038693150936e-05,1,0.0,"[0.5918841329837662,0.35646149368384794,0.05165437333238577]"
v3.3,393de51ec9fec163,arctan,independent,5,0.2,0.53,-0.0008917256684293565,2.343355891276655e-10,4.219781256801597e-14,8.874746474164916e-05,1,0.0,"[0.5918116748445287,0.35649837066758594,0.05168995448788549]"
v3.3,393de51ec9fec163,arctan,independent,5,0.2,0.54,-0.0008249879586156444,1.4540526074857674e-10,4.831347421347169e-14,8.808358065840979e-05,1,0.0,"[0.5917397549801784,0.35653442238583305,0.051725822633988595]"
v3.3,393de51ec9fec163,arctan,independent,5,0.2,0.55,-0.0007594017715899584,6.390616855145304e-11,1.0110694822477262e-13,8.74195470524335e-05,1,0.0,"[0.5916683791631343,0.35656965404946805,0.05176196678739758]"
v3.3,393de51ec9fec163,arctan,independent,5,0.2,0.56,-0.0006949742846535517,2.2075753378092422e-10,3.6274564282422733e-13,8.675616360657724e-05,1,0.0,"[0.591597552389137,0.356604071431588,0.05179837617927493]"
v3.3,393de51ec9fec163,arctan,independent,5,0.2,0.5700000000000001,-0.0006317111795016671,1.4213377003136074e-10,1.2940927641951146e-12,8.609413255077498e-05,1,0.0,"[0.5915272789516101,0.3566376807953045,0.05183504025308549]"
v3.3,393de51ec9fec163,arctan,independent,5,0.2,0.5800000000000001,-0.000569616750810107,1.369176508281278e-10,4.39157833003828e-12,8.543406718205092e-05,1,0.0,"[0.5914575625102685,0.3566704888275363,0.0518719486621952]"
v3.3,393de51ec9fec163,arctan,independent,5,0.2,0.5900000000000001,-0.0005086939329201866,1.279676226095816e-10,3.1549989173253136e-12,8.477654623739135e-05,1,0.0,"[0.5913884061155591,0.356702502614809,0.051909091269631925]"
v3.3,393de51ec9fec163,arctan,independent,5,0.2,0.6000000000000001,-0.00044894451752744424,7.354266848280666e-11,1.0203374073647803e-13,8.412200409894371e-05,1,0.0,"[0.5913198123254955,0.3567337295325863,0.05194645814191821]"
v3.3,393de51ec9fec163,arctan,independent,5,0.2,0.6100000000000001,-0.00039036912232025267,1.4266756526160052e-10,1.143780789417866e-13,8.347084609279436e-05,1,0.0,"[0.5912517832277847,0.3567641772239704,0.05198403954824482]"
v3.3,393de51ec9fec163,arctan,independent,5,0.2,0.6200000000000001,-0.00033296732816245206,1.4072321086189277e-10,1.2795272760587072e-13,8.28234723844641e-05,1,0.0,"[0.5911843204419045,0.3567938535978143,0.05202182596028115]"
v3.3,393de51ec9fec163,arctan,independent,5,0.2,0.63,-0.0002767376864181714,1.2395142204302267e-10,1.4275375630821086e-13,8.218018700671186e-05,1,0.0,"[0.5911174251984999,0.35682276675421204,0.0520598080472882]"
v3.3,393de51ec9fec163,arctan,independent,5,0.2,0.64,-0.000221677840001544,1.1134962396575077e-10,1.588651893358963e-13,8.154126728833262e-05,1,0.0,"[0.5910510983610395,0.3568509249646667,0.052097976674293764]"
v3.3,393de51ec9fec163,arctan,independent,5,0.2,0.65,-0.00016778455163840925,1.3515593158541783e-10,1.763921339680858e-13,8.090695473882523e-05,1,0.0,"[0.5909853404556257,0.35687833664481355,0.052136322899560654]"
v3.3,393de51ec9fec163,arctan,independent,5,0.2,0.66,-0.00011505377917902723,1.3782751329127763e-10,1.9541494829241864e-13,8.02774592789737e-05,1,0.0,"[0.5909201516976712,0.3569050103303008,0.052174837972028036]"
v3.3,393de51ec9fec163,arctan,independent,5,0.2,0.67,-6.348071560364696e-05,2.129631783420738e-10,2.159694856629812e-13,7.96529629634258e-05,1,0.0,"[0.5908555320158044,0.3569309546554652,0.052213513328730386]"
v3.3,393de51ec9fec163,arctan,independent,5,0.2,0.68,-1.3059839088502834e-05,1.319185490011865e-10,2.3821934610150156e-13,7.903362324865867e-05,1,0.0,"[0.5907914810733249,0.3569561783344765,0.052252340592198604]"
v3.3,393de51ec9fec163,arctan,independent,5,0.2,0.6900000000000001,3.6215014198211215e-05,6.660906201605421e-11,2.6216537058258284e-13,7.841957586550172e-05,1,0.0,"[0.5907279982874901,0.3569806901446636,0.05229131156784628]"
v3.3,393de51ec9fec163,arctan,independent,5,0.2,0.7000000000000001,8.43506938717313e-05,7.194697962398244e-11,2.8799967132180666e-13,7.781093732802919e-05,1,0.0,"[0.5906650828468962,0.357004498911758,0.05233041824134566]"
v3.3,393de51ec9fec163,arctan,independent,5,0.2,0.7100000000000001,0.00013135456744971935,1.442516314731357e-10,3.1571778291209724e-13,7.720780713738396e-05,1,0.0,"[0.5906027337271709,0.3570276134968328,0.052369652775996346]"
v3.3,393de51ec9fec163,arctan,independent,5,0.2,0.7200000000000001,0.00017723455304272107,1.3411797020190797e-10,3.454819998133416e-13,7.661026970096737e-05,1,0.0,"[0.5905409497051851,0.35705004278472513,0.05240900751008975]"
v3.3,393de51ec9fec163,arctan,independent,5,0.2,0.7300000000000001,0.00022199909325235426,1.2708822882956383e-10,3.77336638937047e-13,7.601839601377532e-05,1,0.0,"[0.5904797293719583,0.3570717956737692,0.052448474954272725]"
v3.3,393de51ec9fec163,arctan,independent,5,0.2,0.7400000000000001,0.0002656571001698714,1.8767068454828006e-10,4.1140782055007937e-13,7.543224512307637e-05,1,0.0,"[0.5904190711444132,0.35709288106667403,0.05248804778891272]"
v3.3,393de51ec9fec163,arctan,independent,5,0.2,0.7500000000000001,0.00030821791120762623,7.342139396460112e-11,4.477629110167612e-13,7.485186540685014e-05,1,0.0,"[0.5903589732761217,0.3571133078624108,0.052527718861467426]"
v3.3,393de51ec9fec163,arctan,independent,5,0.2,0.76,0.00034969128378101524,1.3590135614083287e-10,4.865172427337209e-13,7.427729568950432e-05,1,0.0,"[0.5902994338671588,0.3571330849489806,0.05256748118386057]"
v3.3,393de51ec9fec163,arctan,independent,5,0.2,0.77,0.0003900873371658828,2.0915225801276804e-10,5.277486523919536e-13,7.370856621350195e-05,1,0.0,"[0.5902404508731749,0.3571522211969581,0.05260732792986688]"
v3.3,393de51ec9fec163,arctan,independent,5,0.2,0.78,0.0004294165451018371,1.3182306635162178e-10,5.715784702057108e-13,7.314569948834725e-05,1,0.0,"[0.5901820221137795,0.35717072545371314,0.05264725243250741]"
v3.3,393de51ec9fec163,arctan,independent,5,0.2,0.79,0.00046768970393030324,1.1568722022015088e-10,6.314399288305551e-13,7.258871098321524e-05,1,0.0,"[0.5901241452803591,0.35718860653819423,0.05268724818144667]"
v3.3,393de51ec9fec163,arctan,independent,5,0.2,0.8,0.0005049178959256814,7.35660976580732e-11,7.010802928460534e-13,7.203760992911993e-05,1,0.0,"[0.5900668179432265,0.3572058732363246,0.05272730882044883]"
v3.3,393de51ec9fec163,arctan,independent,5,0.2,0.81,0.0005411124896813092,1.348110650889467e-10,7.76775563990258e-13,7.149239973779405e-05,1,0.0,"[0.5900100375584149,0.35722253429680967,0.052767428144775474]"
v3.3,393de51ec9fec163,arctan,independent,5,0.2,0.8200000000000001,0.0005762850789757558,1.309118785597363e-10,8.589737514291024e-13,7.095307849907728e-05,1,0.0,"[0.5899538014740718,0.35723859842726885,0.05280760009865939]"
v3.3,393de51ec9fec163,arctan,independent,5,0.2,0.8300000000000001,0.0006104474833068044,7.232524301681309e-11,9.480192090101957e-13,7.041963948809166e-05,1,0.0,"[0.5898981069364085,0.35725407429081757,0.05284781877277386]"
v3.3,393de51ec9fec163,arctan,independent,5,0.2,0.8400000000000001,0.0006436117637931248,1.977528592267408e-10,1.0443246412366858e-12,6.989207152425721e-05,1,0.0,"[0.5898429510953451,0.3572689705029307,0.0528880784017242]"
v3.3,393de51ec9fec163,arctan,independent,5,0.2,0.8500000000000001,0.0006757900919499675,6.353509038325988e-11,1.14834550608022e-12,6.937035931551359e-05,1,0.0,"[0.5897883310098588,0.35728329562858163,0.05292837336155939]"
v3.3,393de51ec9fec163,arctan,independent,5,0.2,0.8600000000000001,0.0007069948727476301,1.3483888311460746e-10,1.2604786180865114e-12,6.88544837621695e-05,1,0.0,"[0.5897342436530693,0.3572970581796256,0.05296869816730516]"
v3.3,393de51ec9fec163,arctan,independent,5,0.2,0.8700000000000001,0.0007372386019051172,1.302997501562153e-10,1.381193705163478e-12,6.83444222307483e-05,1,0.0,"[0.5896806859170832,0.35731026661239845,0.05300904747051835]"
v3.3,393de51ec9fec163,arctan,independent,5,0.2,0.8800000000000001,0.0007665339235059347,1.9944678547600958e-10,1.5108810879480756e-12,6.784014879945895e-05,1,0.0,"[0.5896276546176252,0.35732292932551046,0.05304941605686432]"
v3.3,393de51ec9fec163,arctan,independent,5,0.2,0.89,0.0007948935946371638,1.8836874421390704e-10,1.6500205041045895e-12,6.734163448039721e-05,1,0.0,"[0.5895751464984713,0.35733505465781146,0.05308979884371714]"
v3.3,393de51ec9fec163,arctan,independent,5,0.2,0.9,0.0008223304530391232,1.4581946761182962e-10,1.7990966852659093e-12,6.684884742236513e-05,1,0.0,"[0.5895231582357039,0.35734665088651224,0.05313019087778381]"
v3.3,393de51ec9fec163,arctan,independent,5,0.2,0.91,0.0008488574214266034,6.28431265359275e-11,1.9585422281503435e-12,6.636175309771715e-05,1,0.0,"[0.5894716864418005,0.3573577262254469,0.05317058733275264]"
v3.3,393de51ec9fec163,arctan,independent,5,0.2,0.92,0.0008744874747566717,7.162300266760901e-11,2.128864628571783e-12,6.58803144728432e-05,1,0.0,"[0.5894207276695713,0.3573682888234624,0.05321098350696631]"
v3.3,393de51ec9fec163,arctan,independent,5,0.2,0.93,0.0008992336602908976,1.3259227396589246e-10,2.310563637215294e-12,6.540449216824145e-05,1,0.0,"[0.5893702784159547,0.3573783467629252,0.053251374821120134]"
v3.3,393de51ec9fec163,arctan,independent,5,0.2,0.9400000000000001,0.0009231090343595309,1.2880531016778995e-10,1.7010247066557836e-12,6.493424793441749e-05,1,0.0,"[0.5893203351222377,0.35738790806141224,0.05329175681635004]"
v3.3,393de51ec9fec163,arctan,independent,5,0.2,0.9500000000000001,0.0009461266779084224,1.228536196384855e-10,1.8029290355487655e-12,6.446952860645735e-05,1,0.0,"[0.5892708941908926,0.3573969806585346,0.053332125150572875]"
v3.3,393de51ec9fec163,arctan,independent,5,0.2,0.9600000000000001,0.0009682996810237848,6.676768166125058e-11,1.9090461849219123e-12,6.401029775581498e-05,1,0.0,"[0.5892219519697003,0.3574055724319921,0.053372475598307725]"
v3.3,393de51ec9fec163,arctan,independent,5,0.2,0.9700000000000001,0.000989641191654532,1.3799161466265808e-10,2.0193807613453062e-12,6.355650511672793e-05,1,0.0,"[0.5891735047675082,0.357413691185335,0.05341280404715674]"
v3.3,393de51ec9fec163,arctan,independent,5,0.2,0.9800000000000001,0.0010101642448050799,1.1297282206945702e-10,2.134072643452072e-12,6.310810166385329e-05,1,0.0,"[0.5891255488544126,0.3574213446496341,0.05345310649595338]"
v3.3,393de51ec9fec163,arctan,independent,5,0.2,0.9900000000000001,0.001029881924625619,1.071890770587558e-10,2.2531632127457788e-12,6.266503681424523e-05,1,0.0,"[0.5890780804648511,0.3574285404825312,0.05349337905261777]"
v3.3,393de51ec9fec163,arctan,independent,5,0.2,1.0,0.0010488072659183799,9.852335614013441e-11,2.3766765562007946e-12,6.222725853697408e-05,1,0.0,"[0.5890310958005979,0.3574352862673636,0.053533617932038466]"
v3.3,393de51ec9fec163,arctan,independent,5,0.2,1.01,0.0010669532622996601,1.701430316081165e-10,2.504742044203698e-12,6.179471346198357e-05,1,0.0,"[0.5889845910336607,0.35744158951235794,0.053573819453981215]"
v3.3,393de51ec9fec163,arctan,independent,5,0.2,1.02,0.00108433284836916,6.044005573802025e-11,2.637340612934183e-12,6.136734698522068e-05,1,0.0,"[0.5889385623090837,0.35744745764989116,0.053613980041025064]"
v3.3,393de51ec9fec163,arctan,independent,5,0.2,1.03,0.0011009589517438773,1.664329646322571e-10,2.7745977893163822e-12,6.0945103368151915e-05,1,0.0,"[0.5888930057476596,0.35745289803581526,0.05365409621652524]"
v3.3,393de51ec9fec163,arctan,independent,5,0.2,1.04,0.0011168443601817894,1.3298985870879854e-10,2.916519228022488e-12,6.052792583748241e-05,1,0.0,"[0.5888479174485517,0.3574579179488449,0.05369416460260356]"
v3.3,393de51ec9fec163,arctan,independent,5,0.2,1.05,0.001132001839475233,1.8268017654143875e-10,3.06322366966355e-12,6.011575667844941e-05,1,0.0,"[0.5888032934918307,0.3574625245900034,0.05373418191816597]"
v3.3,393de51ec9fec163,arctan,independent,5,0.2,1.06,0.0011464440697568669,1.23669272739102e-10,3.2146818421506183e-12,5.9708537329081205e-05,1,0.0,"[0.5887591299409237,0.3574667250821289,0.053774144976947415]"
v3.3,393de51ec9fec163,arctan,independent,5,0.2,1.07,0.0011601836364672317,6.822032522224575e-11,3.370959853738908e-12,5.930620846852938e-05,1,0.0,"[0.5887154228449817,0.35747052646943434,0.053814050685583904]"
v3.3,393de51ec9fec163,arctan,independent,5,0.2,1.08,0.0011732330543580936,1.0335255914983854e-10,3.532119466776303e-12,5.8908710104460726e-05,1,0.0,"[0.5886721682411643,0.35747393571712366,0.05385389604171189]"
v3.3,393de51ec9fec163,arctan,independent,5,0.2,1.09,0.0011856047218631524,1.304138498581242e-10,3.698209246763011e-12,5.851598165778941e-05,1,0.0,"[0.5886293621568446,0.35747695971106014,0.05389367813209512]"
v3.3,393de51ec9fec163,arctan,independent,5,0.2,1.1,0.0011973109501621539,1.1520655956998027e-10,3.869182983749663e-12,5.812796204436734e-05,1,0.0,"[0.5885870006117344,0.35747960525748707,0.05393339413077844]"
v3.3,393de51ec9fec163,arctan,independent,5,0.2,1.11,0.0012083639444567147,1.2055545450806449e-10,4.045147951555769e-12,5.774458975312759e-05,1,0.0,"[0.5885450796199343,0.3574818790827969,0.05397304129726877]"
v3.3,393de51ec9fec163,arctan,independent,5,0.2,1.12,0.0012187757946943538,1.4569087256055546e-10,4.226143977393436e-12,5.736580292427335e-05,1,0.0,"[0.5885035951919054,0.35748378783335105,0.05401261697474353]"
v3.3,393de51ec9fec163,arctan,independent,5,0.2,1.1300000000000001,0.0012285584867537148,1.1650857709155638e-10,4.41214745473089e-12,5.699153942244155e-05,1,0.0,"[0.588462543336368,0.35748533807534616,0.054052118588285694]"
v3.3,393de51ec9fec163,arctan,independent,5,0.2,1.1400000000000001,0.0012377238841794133,1.3085196814976996e-10,4.603184456774818e-12,5.6621736907401e-05,1,0.0,"[0.588421920062128,0.35748653629472577,0.054091543643146126]"
v3.3,393de51ec9fec163,arctan,independent,5,0.2,1.1500000000000001,0.001246283730495075,1.6861607249341048e-10,4.799303174415265e-12,5.6256332903503e-05,1,0.0,"[0.5883817213798305,0.35748738889713705,0.05413088972303243]"
v3.3,393de51ec9fec163,arctan,independent,5,0.2,1.1600000000000001,0.0012542496410008694,6.938211810636474e-11,5.000490312697262e-12,5.5895264866021015e-05,1,0.0,"[0.5883419433036434,0.3574879022079316,0.05417015448842493]"
v3.3,393de51ec9fec163,arctan,independent,5,0.2,1.1700000000000002,0.0012616331421192242,1.17378304992366e-10,5.206748588747094e-12,5.5538470243027544e-05,1,0.0,"[0.5883025818528743,0.3574880824722067,0.05420933567491894]"
v3.3,393de51ec9fec163,arctan,independent,5,0.2,1.1800000000000002,0.0012684455709626556,1.0792116506008753e-10,5.418148842327829e-12,5.518588653731613e-05,1,0.0,"[0.5882636330535179,0.3574879358548884,0.054248431091593614]"
v3.3,393de51ec9fec163,arctan,independent,5,0.2,1.1900000000000002,0.00127469817679619,1.9156377178974893e-10,5.634629980736037e-12,5.4837451364420324e-05,1,0.0,"[0.5882250929397385,0.3574874684408542,0.054287438619407255]"
v3.3,393de51ec9fec163,arctan,independent,5,0.2,1.2000000000000002,0.001280402067983525,9.805141767960102e-11,5.856220149619832e-12,5.4493102506686e-05,1,0.0,"[0.5881869575552894,0.3574866862350919,0.05432635620961876]"
v3.3,393de51ec9fec163,arctan,independent,5,0.2,1.21,0.0012855682142002452,2.1958018389667266e-10,6.082896961504583e-12,5.41527779676204e-05,1,0.0,"[0.5881492229548677,0.35748559516289735,0.054365181882234874]"
v3.3,393de51ec9fec163,arctan,independent,5,0.2,1.22,0.0012902074541471624,1.0279586556971587e-10,6.314686201667105e-12,5.3816416020448736e-05,1,0.0,"[0.5881118852054097,0.35748420107010664,0.054403913724483687]"
v3.3,393de51ec9fec163,arctan,independent,5,0.2,1.23,0.0012943304876600094,1.1423671383847811e-10,6.551585448553085e-12,5.348395525659164e-05,1,0.0,"[0.5880749403873249,0.35748250972336165,0.05444254988931352]"
v3.3,393de51ec9fec163,arctan,independent,5,0.2,1.24,0.0012979478664227675,7.01523457380393e-11,6.7935169414706945e-12,5.315533463038442e-05,1,0.0,"[0.5880383845956724,0.3574805268104101,0.054481088593917495]"
v3.3,393de51ec9fec163,arctan,independent,5,0.2,1.25,0.0013010700433612535,1.9007519169722542e-10,7.040555404330071e-12,5.283049350015173e-05,1,0.0,"[0.5880022139412817,0.3574782579404351,0.05451952811828315]"
v3.3,393de51ec9fec163,arctan,independent,5,0.2,1.26,0.0013037072741891795,1.746028599480809e-10,7.292595781942063e-12,5.250937167030288e-05,1,0.0,"[0.5879664245518157,0.3574757086444168,0.054557866803767535]"
v3.3,393de51ec9fec163,arctan,independent,5,0.2,1.27,0.001305869696480142,5.7705604183944104e-11,7.549668004061555e-12,5.219190942631576e-05,1,0.0,"[0.5879310125727824,0.3574728843755208,0.05459610305169683]"
v3.3,393de51ec9fec163,arctan,independent,5,0.2,1.28,0.001307567355838618,1.400461135947495e-10,7.811803802447094e-12,5.187804757090428e-05,1,0.0,"[0.5878959741684932,0.35746979050951594,0.05463423532199089]"
v3.3,393de51ec9fec163,arctan,independent,5,0.2,1.29,0.0013088100699159208,1.7709435654045258e-10,8.078856055969604e-12,5.156772745693133e-05,1,0.0,"[0.5878613055229696,0.35746643234521824,0.05467226213181214]"
v3.3,393de51ec9fec163,arctan,independent,5,0.2,1.3,0.0013096075759567727,1.992784617876886e-10,8.350924524910062e-12,5.1260891015835584e-05,1,0.0,"[0.5878270028408031,0.35746281510495814,0.05471018205423858]"
v3.3,393de51ec9fec163,arctan,independent,5,0.2,1.31,0.0013099694551158073,1.725010759234813e-10,8.627848820795855e-12,5.095748078809672e-05,1,0.0,"[0.5877930623479641,0.3574589439350747,0.054747993716961194]"
v3.3,393de51ec9fec163,arctan,independent,5,0.2,1.32,0.0013099051418071599,1.2790426703879199e-10,8.909672973615842e-12,5.0657439946567166e-05,1,0.0,"[0.5877594802925671,0.3574548239064285,0.05478569580100444]"
v3.3,393de51ec9fec163,arctan,independent,5,0.2,1.33,0.0013094239236262108,5.698495147976601e-11,9.196336858662607e-12,5.036071232185031e-05,1,0.0,"[0.5877262529455891,0.35745046001493996,0.054823287039470946]"
v3.3,393de51ec9fec163,arctan,independent,5,0.2,1.34,0.0013085349982274244,1.893716329581796e-10,9.487837640239621e-12,5.0067242422723924e-05,1,0.0,"[0.5876933766015464,0.3574458571821445,0.05486076621630901]"
v3.3,393de51ec9fec163,arctan,independent,5,0.2,1.35,0.0013072473412549662,1.200098180553777e-10,9.784093175095713e-12,4.977697545670616e-05,1,0.0,"[0.587660847579127,0.3574410202557698,0.0548981321651033]"
v3.3,393de51ec9fec163,arctan,independent,5,0.2,1.36,0.0013055698458513676,9.622619714932945e-11,1.0085049200161626e-11,4.948985734714121e-05,1,0.0,"[0.5876286622217834,0.3574359540103284,0.05493538376788813]"
v3.3,393de51ec9fec163,arctan,independent,5,0.2,1.37,0.0013035112461876226,6.746773972832187e-11,1.0390670371622291e-11,4.9205834748444874e-05,1,0.0,"[0.5875968168982879,0.35743066314772864,0.05497251995398345]"
v3.3,393de51ec9fec163,arctan,independent,5,0.2,1.3800000000000001,0.0013010801608287804,1.1753199455344365e-10,1.0700901251977808e-11,4.892485506130348e-05,1,0.0,"[0.5875653080032462,0.3574251522979008,0.05500953969885288]"
v3.3,393de51ec9fec163,arctan,independent,5,0.2,1.3900000000000001,0.0012982850361452324,1.1380736283927995e-10,1.101572836204695e-11,4.864686644395699e-05,1,0.0,"[0.5875341319575776,0.3574194260194386,0.05504644202298374]"
v3.3,393de51ec9fec163,arctan,independent,5,0.2,1.4,0.0012951342071947196,1.2387343581443666e-10,1.133502941587908e-11,4.837181782356822e-05,1,0.0,"[0.5875032852089577,0.35741348880025364,0.055083225990788784]"
v3.3,393de51ec9fec163,arctan,independent,10,0.1,0.05,-0.004415765082192415,7.501034515744465e-11,2.6301296081563976e-14,0.0,1,0.0,"[0.5951900976996678,0.354259746182656,0.05055015611767622]"
v3.3,393de51ec9fec163,arctan,independent,10,0.1,0.060000000000000005,-0.004401822676959627,1.5131520342270832e-10,7.80132027231005e-14,8.982048826009253e-06,1,0.0,"[0.5951831528411391,0.35426525951994586,0.05055158763891505]"
v3.3,393de51ec9fec163,arctan,independent,10,0.1,0.07,-0.004385442179825505,1.4649916696418686e-10,1.5227700830768528e-10,1.053610430270744e-05,1,0.0,"[0.5951750033684644,0.3542717205333589,0.0505532760981767]"
v3.3,393de51ec9fec163,arctan,independent,10,0.1,0.08,-0.004366667130741152,2.2689971429512568e-10,8.720416831193571e-11,1.2054332718712797e-05,1,0.0,"[0.5951656756317527,0.3542791044135759,0.050555219954671396]"
v3.3,393de51ec9fec163,arctan,independent,10,0.1,0.09,-0.0043455509233930045,1.1625946733095915e-10,5.771744489658077e-14,1.3530041031930755e-05,1,0.0,"[0.5951552009186483,0.35428738171983126,0.05055741736152046]"
v3.3,393de51ec9fec163,arctan,independent,10,0.1,0.1,-0.0043221516919900935,2.1637600045032457e-10,9.586653191442686e-14,1.4959693073282512e-05,1,0.0,"[0.5951436131393782,0.3542965205664339,0.050559866294187884]"
v3.3,393de51ec9fec163,arctan,independent,10,0.1,0.11,-0.0042965310075398985,1.4699690076280802e-10,1.5211121405962482e-13,1.6340728334330014e-05,1,0.0,"[0.5951309481162731,0.3543064873032901,0.05056256458043684]"
v3.3,393de51ec9fec163,arctan,independent,10,0.1,0.12000000000000001,-0.004268755364289889,1.5699282845949014e-10,2.3230043486797463e-13,1.7669958521602774e-05,1,0.0,"[0.5951172440503485,0.354317246080412,0.05056550986923954]"
v3.3,393de51ec9fec163,arctan,independent,10,0.1,0.13,-0.004238895029984452,7.40118383246724e-11,1.163896480327812e-12,1.8945077684796627e-05,1,0.0,"[0.5951025408783339,0.354328759460957,0.050568699660709024]"
v3.3,393de51ec9fec163,arctan,independent,10,0.1,0.14,-0.004207023405056354,1.5359748889443026e-10,2.7636140166686048e-14,2.0164315389731084e-05,1,0.0,"[0.5950868798846765,0.3543409887946563,0.05057213132066714]"
v3.3,393de51ec9fec163,arctan,independent,10,0.1,0.15000000000000002,-0.004173216686100094,7.369425902847837e-11,3.3312459933789974e-14,2.1326360120847722e-05,1,0.0,"[0.595070303368264,0.35435389453548005,0.050575802096256]"
v3.3,393de51ec9fec163,arctan,independent,10,0.1,0.16,-0.004137553130479879,2.2661000159684974e-10,3.9480815466305486e-14,2.2430411532837973e-05,1,0.0,"[0.5950528542716488,0.35436743659883696,0.05057970912951421]"
v3.3,393de51ec9fec163,arctan,independent,10,0.1,0.16999999999999998,-0.00410011265845444,1.5364316069410577e-10,4.619313230348325e-14,2.3476086220635415e-05,1,0.0,"[0.5950345758779405,0.35438157465103043,0.05058384947102898]"
v3.3,393de51ec9fec163,arctan,independent,10,0.1,0.18,-0.004060976347693604,1.4864523500968119e-10,5.339474016944958e-14,2.446340732834335e-05,1,0.0,"[0.5950155115150825,0.354396268392366,0.050588220092551525]"
v3.3,393de51ec9fec163,arctan,independent,10,0.1,0.19,-0.004020225995657704,7.548698471859794e-11,6.102231621574437e-14,2.5392761645079034e-05,1,0.0,"[0.5949957042909465,0.3544114778103108,0.05059281789874268]"
v3.3,393de51ec9fec163,arctan,independent,10,0.1,0.2,-0.003977943640014463,1.418992909285599e-10,6.905635105714304e-14,2.6264859900092603e-05,1,0.0,"[0.5949751968569487,0.3544271634050609,0.05059763973799037]"
v3.3,393de51ec9fec163,arctan,independent,10,0.1,0.21000000000000002,-0.0039342112934558846,1.4382644381027987e-10,1.3689842128940733e-12,2.7080691496965287e-05,1,0.0,"[0.5949540312043148,0.35444328638366934,0.050602682412015924]"
v3.3,393de51ec9fec163,arctan,independent,10,0.1,0.22000000000000003,-0.0038891107504941264,7.449016403704434e-11,4.603324361127577e-11,2.7841326299638066e-05,1,0.0,"[0.5949322486066055,0.35445980871731697,0.050607942676077426]"
v3.3,393de51ec9fec163,arctan,independent,10,0.1,0.22999999999999998,-0.0038427218099827964,1.4333480236050633e-10,9.52164473808365e-14,2.8548945028527392e-05,1,0.0,"[0.5949098887962885,0.354476693908889,0.05061341729482247]"
v3.3,393de51ec9fec163,arctan,independent,10,0.1,0.24,-0.0037951251077018855,7.920857719723173e-11,1.0447413054184264e-13,2.9204038896827135e-05,1,0.0,"[0.5948869912198559,0.3544939058289863,0.05061910295115781]"
v3.3,393de51ec9fec163,arctan,independent,10,0.1,0.25,-0.003746398721792568,2.369264090473777e-10,3.955447033654129e-12,2.9809109032654113e-05,1,0.0,"[0.5948635935450112,0.3545114101034772,0.05062499635151157]"
v3.3,393de51ec9fec163,arctan,independent,10,0.1,0.26,-0.0036966194276752407,1.466498311675224e-10,3.1049667741733695e-12,3.0365880401827845e-05,1,0.0,"[0.5948397322362399,0.35452917357914243,0.050631094184617635]"
v3.3,393de51ec9fec163,arctan,independent,10,0.1,0.27,-0.0036458623896017395,7.108050953386069e-11,2.2657259733901837e-12,3.0876241129437354e-05,1,0.0,"[0.594815442432135,0.35454716443668155,0.0506373931311834]"
v3.3,393de51ec9fec163,arctan,independent,10,0.1,0.28,-0.003594200852460795,2.2298693447275753e-10,1.6369325859683516e-12,3.134220837685594e-05,1,0.0,"[0.594790757847472,0.35456535228056796,0.050643889871959974]"
v3.3,393de51ec9fec163,arctan,independent,10,0.1,0.29,-0.0035417060684045723,2.2839397734175648e-10,1.1932658495959653e-12,3.17658133725541e-05,1,0.0,"[0.5947657107602203,0.3545837081491816,0.05065058109059814]"
v3.3,393de51ec9fec163,arctan,independent,10,0.1,0.3,-0.0034884471867762668,7.173096144841296e-11,8.305405513963327e-13,3.2149099174361716e-05,1,0.0,"[0.5947403319997998,0.3546022045233216,0.05065746347687868]"
v3.3,393de51ec9fec163,arctan,independent,10,0.1,0.31,-0.0034344910972944065,1.4229147721200874e-10,4.844514415342261e-13,3.249410373739931e-05,1,0.0,"[0.5947146509475697,0.3546208153229237,0.050664533729506446]"
v3.3,393de51ec9fec163,arctan,independent,10,0.1,0.32,-0.0033799025278382355,1.3423653161259708e-10,1.9068889298971228e-13,3.28028455482965e-05,1,0.0,"[0.5946886955477059,0.3546395158937666,0.050671788558527546]"
v3.3,393de51ec9fec163,arctan,independent,10,0.1,0.33,-0.0033247438448040165,1.3683867927660742e-10,1.9216116350695386e-13,3.3077311193602925e-05,1,0.0,"[0.5946624923271023,0.3546582829855484,0.05067922468734925]"
v3.3,393de51ec9fec163,arctan,independent,10,0.1,0.33999999999999997,-0.0032690751112660066,1.5227793331851203e-10,1.9385436373270046e-12,3.331944045130692e-05,1,0.0,"[0.5946360664261179,0.35467709471928927,0.050686838854592714]"
v3.3,393de51ec9fec163,arctan,independent,10,0.1,0.35,-0.0032129540035169754,1.4475684539938527e-10,2.1117470691036287e-13,3.35311579972823e-05,1,0.0,"[0.594609441605657,0.35469593057770793,0.050694627816634974]"
v3.3,393de51ec9fec163,arctan,independent,10,0.1,0.36,-0.0031564359283167906,2.2547914924064827e-10,2.205351132282986e-13,3.3714256398573715e-05,1,0.0,"[0.5945826403413373,0.3547147713123857,0.050702588346276826]"
v3.3,393de51ec9fec163,arctan,independent,10,0.1,0.37,-0.0030995739277175915,1.4856721408662565e-10,2.296785953452256e-13,3.3870541797457484e-05,1,0.0,"[0.5945556838089184,0.35473359895433315,0.05071071723674851]"
v3.3,393de51ec9fec163,arctan,independent,10,0.1,0.38,-0.0030424187433204866,1.5734772512709938e-10,1.1035420861406636e-14,3.4001717067272756e-05,1,0.0,"[0.5945285919569161,0.3547523967417257,0.05071901130135826]"
v3.3,393de51ec9fec163,arctan,independent,10,0.1,0.39,-0.0029850188568370725,1.396784979346144e-10,2.703617130371059e-14,3.410942037800958e-05,1,0.0,"[0.5945013835505384,0.3547711490752598,0.050727467374201786]"
v3.3,393de51ec9fec163,arctan,independent,10,0.1,0.4,-0.002927420519575785,7.807143820315332e-11,3.9656331891933865e-15,3.4195224204726115e-05,1,0.0,"[0.5944740762162036,0.35478984147221293,0.05073608231158334]"
v3.3,393de51ec9fec163,arctan,independent,10,0.1,0.41,-0.0028696677725247796,7.503766358274433e-11,4.98303709055222e-15,3.4260625341193955e-05,1,0.0,"[0.5944466864937993,0.35480846051399084,0.050744852992209995]"
v3.3,393de51ec9fec163,arctan,independent,10,0.1,0.42,-0.002811802552620094,1.5304912892588618e-10,6.221202776552758e-15,3.430705029813343e-05,1,0.0,"[0.5944192298848938,0.35482699379717814,0.05075377631792806]"
v3.3,393de51ec9fec163,arctan,independent,10,0.1,0.43,-0.002753864708031007,1.430877152874821e-10,7.682735489749691e-15,3.4335853569957244e-05,1,0.0,"[0.594391720902388,0.3548454298833848,0.0507628492142271]"
v3.3,393de51ec9fec163,arctan,independent,10,0.1,0.44,-0.002695892053222515,2.259660895898019e-10,9.494803675725867e-15,3.4348319134042276e-05,1,0.0,"[0.5943641731191717,0.3548637582501071,0.050772068630721284]"
v3.3,393de51ec9fec163,arctan,independent,10,0.1,0.45,-0.00263792044878354,1.4578911688989393e-10,1.1644973647214178e-14,3.434566168579542e-05,1,0.0,"[0.5943365992160019,0.3548819692424135,0.05078143154158463]"
v3.3,393de51ec9fec163,arctan,independent,10,0.1,0.46,-0.002579983852833194,1.4728872288483075e-10,1.4243597616699984e-14,3.4329028309879603e-05,1,0.0,"[0.5943090110282868,0.3549000540257609,0.05079093494595226]"
v3.3,393de51ec9fec163,arctan,independent,10,0.1,0.47,-0.002522114384755591,1.396979580625679e-10,1.7279260316459053e-14,3.4299500423819135e-05,1,0.0,"[0.5942814195915778,0.3549180045401285,0.05080057586829365]"
v3.3,393de51ec9fec163,arctan,independent,10,0.1,0.48,-0.0024643423926809724,1.4488709884630246e-10,2.088371065626907e-14,3.425809592589386e-05,1,0.0,"[0.5942538351856241,0.35493581345561337,0.05081035135876248]"
v3.3,393de51ec9fec163,arctan,independent,10,0.1,0.49,-0.002406696538727753,7.379777691718381e-11,3.952270485424125e-14,3.420577143219751e-05,1,0.0,"[0.5942262673769281,0.3549534741295457,0.05082025849352613]"
v3.3,393de51ec9fec163,arctan,independent,10,0.1,0.5,-0.0023492037741090314,7.313795055696737e-11,3.6941765410672683e-13,3.4143423570510746e-05,1,0.0,"[0.5941987250605293,0.35497098056445486,0.05083029437501584]"
v3.3,393de51ec9fec163,arctan,independent,10,0.1,0.51,-0.0022918895406141386,2.3233675747191818e-10,2.079083628428691e-12,3.4071890441226144e-05,1,0.0,"[0.5941712165008965,0.35498832736696684,0.05084045613213661]"
v3.3,393de51ec9fec163,arctan,independent,10,0.1,0.52,-0.0022347777222416383,1.4536627110373068e-10,4.246798178436918e-14,3.399198732083461e-05,1,0.0,"[0.5941437493456315,0.3550055097323928,0.050850740921975744]"
v3.3,393de51ec9fec163,arctan,independent,10,0.1,0.53,-0.002177890797812554,7.33275072606343e-11,5.0199375316192537e-14,3.3904402182746585e-05,1,0.0,"[0.5941163307196128,0.3550225233538197,0.05086114592656764]"
v3.3,393de51ec9fec163,arctan,independent,10,0.1,0.54,-0.002121249793721292,1.4663407640891357e-10,5.911385143880886e-14,3.380985748794393e-05,1,0.0,"[0.5940889671951278,0.35503936444787415,0.05087166835699813]"
v3.3,393de51ec9fec163,arctan,independent,10,0.1,0.55,-0.002064874438512606,2.2159326457105166e-10,6.933348593255986e-14,3.370898557817755e-05,1,0.0,"[0.5940616648579267,0.3550560296904405,0.05088230545163291]"
v3.3,393de51ec9fec163,arctan,independent,10,0.1,0.56,-0.0020087831777600706,7.506329932627231e-11,8.099641724597169e-14,3.3602384011261986e-05,1,0.0,"[0.5940344293309809,0.35507251619224434,0.05089305447677477]"
v3.3,393de51ec9fec163,arctan,independent,10,0.1,0.5700000000000001,-0.0019529932257846966,1.4682951382516407e-10,9.430896907675261e-14,3.349060887419372e-05,1,0.0,"[0.5940072658035915,0.35508882146951665,0.05090391272689172]"
v3.3,393de51ec9fec163,arctan,independent,10,0.1,0.5800000000000001,-0.001897520661262253,1.339254124266276e-10,1.0944908236789448e-13,3.337417709228853e-05,1,0.0,"[0.5939801790589266,0.3551049434162395,0.05091487752483386]"
v3.3,393de51ec9fec163,arctan,independent,10,0.1,0.5900000000000001,-0.0018423804320497617,2.1181990189633737e-10,1.265833802086321e-13,3.325356866355235e-05,1,0.0,"[0.59395317350004,0.35512088027792155,0.050925946222038436]"
v3.3,393de51ec9fec163,arctan,independent,10,0.1,0.6000000000000001,-0.0017875864394162715,7.262975290633911e-11,1.459971379234261e-13,3.31292288103277e-05,1,0.0,"[0.5939262531744275,0.3551366306268494,0.05093711619872311]"
v3.3,393de51ec9fec163,arctan,independent,10,0.1,0.6100000000000001,-0.0017331515722699177,1.4012288898634928e-10,1.6782299539910895e-13,3.300157005006388e-05,1,0.0,"[0.5938994217971759,0.3551521933387573,0.05094838486406668]"
v3.3,393de51ec9fec163,arctan,independent,10,0.1,0.6200000000000001,-0.0016790877655464102,1.5011117349139624e-10,1.9237089962523155e-13,3.287097417489961e-05,1,0.0,"[0.5938726827727672,0.3551675675708557,0.05095974965637712]"
v3.3,393de51ec9fec163,arctan,independent,10,0.1,0.63,-0.001625406037872642,1.4885540716713663e-10,2.1983966876156857e-13,3.273779414847257e-05,1,0.0,"[0.5938460392155932,0.3551827527411599,0.050971208043246924]"
v3.3,393de51ec9fec163,arctan,independent,10,0.1,0.64,-0.0015721165415671645,1.3625883407697437e-10,2.5058389246348353e-13,3.260235590944132e-05,1,0.0,"[0.5938194939692472,0.3551977485090582,0.05098275752169461]"
v3.3,393de51ec9fec163,arctan,independent,10,0.1,0.65,-0.0015192286078707165,1.9578335480607834e-10,2.8480277883618726e-13,3.2464960092614785e-05,1,0.0,"[0.5937930496246451,0.3552125547570618,0.050994395618293165]"
v3.3,393de51ec9fec163,arctan,independent,10,0.1,0.66,-0.001466750781871591,2.216680936029114e-10,3.2291287189460306e-13,3.232588365948928e-05,1,0.0,"[0.5937667085370406,0.35522717157367534,0.05100611988928404]"
v3.3,393de51ec9fec163,arctan,independent,10,0.1,0.67,-0.0014146908775916518,7.098340318312246e-11,3.6518080187483825e-13,3.218538144722152e-05,1,0.0,"[0.5937404728419885,0.3552415992373338,0.05101792792067773]"
v3.3,393de51ec9fec163,arctan,independent,10,0.1,0.68,-0.0013630559723497061,6.650200182201083e-11,4.1199264283468477e-13,3.2043687633556525e-05,1,0.0,"[0.5937143444703128,0.3552558382013473,0.051029817328339784]"
v3.3,393de51ec9fec163,arctan,independent,10,0.1,0.6900000000000001,-0.0013118526574746048,7.763395828974673e-11,2.3406616372393556e-11,3.1900911895661686e-05,1,0.0,"[0.5936883252461508,0.355269889000439,0.05104178575341025]"
v3.3,393de51ec9fec163,arctan,independent,10,0.1,0.7000000000000001,-0.0012610864315697502,7.388538739161454e-11,2.2518883962399254e-11,3.175757076051883e-05,1,0.0,"[0.593662416560898,0.35528375255792455,0.05105383088117741]"
v3.3,393de51ec9fec163,arctan,independent,10,0.1,0.7100000000000001,-0.0012107625936417926,7.009955116377142e-11,1.8253334984652906e-11,3.1613536515706526e-05,1,0.0,"[0.5936366198864836,0.3552974297002315,0.05106595041328489]"
v3.3,393de51ec9fec163,arctan,independent,10,0.1,0.7200000000000001,-0.0011608859926151953,1.4003573994836316e-10,4.1177010118681774e-11,3.146892672991637e-05,1,0.0,"[0.5936109365795532,0.3553109213410856,0.0510781420793611]"
v3.3,393de51ec9fec163,arctan,independent,10,0.1,0.7300000000000001,-0.0011114600994663083,1.4558010352772044e-10,7.27695709409663e-13,3.1324448884708355e-05,1,0.0,"[0.5935853674049647,0.35532422893135324,0.05109040366368213]"
v3.3,393de51ec9fec163,arctan,independent,10,0.1,0.7400000000000001,-0.0010624892135925011,2.2617061001817262e-10,8.102208389220215e-13,3.1179345204402086e-05,1,0.0,"[0.5935599137156676,0.3553373533430575,0.05110273294127494]"
v3.3,393de51ec9fec163,arctan,independent,10,0.1,0.7500000000000001,-0.0010139761535837254,7.149050101906695e-11,9.003002227014621e-13,3.10344038049063e-05,1,0.0,"[0.5935345762056292,0.3553502960479895,0.05111512774638119]"
v3.3,393de51ec9fec163,arctan,independent,10,0.1,0.76,-0.0009659235348135238,2.1587582763049618e-10,9.984525691437272e-13,3.0889551213914894e-05,1,0.0,"[0.5935093556042869,0.35536305846061045,0.051127585935102665]"
v3.3,393de51ec9fec163,arctan,independent,10,0.1,0.77,-0.000918333598042019,1.4431633665878962e-10,1.1052634154813688e-12,3.074488934365386e-05,1,0.0,"[0.5934842525345814,0.35537564207188294,0.05114010539353575]"
v3.3,393de51ec9fec163,arctan,independent,10,0.1,0.78,-0.0008712081379829567,1.4092829681011665e-10,1.2212569982318343e-12,3.060051017146051e-05,1,0.0,"[0.593459267520626,0.3553880484416548,0.051152684037719075]"
v3.3,393de51ec9fec163,arctan,independent,10,0.1,0.79,-0.0008245486900825723,2.0637057687733495e-10,1.7128192610387356e-11,3.0456423085952358e-05,1,0.0,"[0.5934344010550919,0.35540027913436556,0.0511653198105425]"
v3.3,393de51ec9fec163,arctan,independent,10,0.1,0.8,-0.0007783559812249465,2.2406834720989366e-10,1.4831990944938846e-12,3.031299575674595e-05,1,0.0,"[0.5934096533047607,0.3554123359984416,0.05117801069679776]"
v3.3,393de51ec9fec163,arctan,independent,10,0.1,0.81,-0.0007326310793802429,7.364898621520233e-11,1.630374417884174e-12,3.0169854881739666e-05,1,0.0,"[0.593385024719012,0.3554242205881557,0.05119075469283241]"
v3.3,393de51ec9fec163,arctan,independent,10,0.1,0.8200000000000001,-0.0006873742327648466,2.216617028816259e-10,1.7892258785238761e-12,3.0027352628336703e-05,1,0.0,"[0.5933605154333828,0.3554359347299122,0.051203549836704956]"
v3.3,393de51ec9fec163,arctan,independent,10,0.1,0.8300000000000001,-0.0006425855823065339,2.1241911701830318e-10,1.9604169798890544e-12,2.988546835351521e-05,1,0.0,"[0.5933361255761155,0.3554474802309404,0.05121639419294412]"
v3.3,393de51ec9fec163,arctan,independent,10,0.1,0.8400000000000001,-0.0005982649219217727,1.3749867910917146e-10,2.1446637562020306e-12,2.974424846150822e-05,1,0.0,"[0.5933118552129852,0.35545885893156376,0.051229285855450966]"
v3.3,393de51ec9fec163,arctan,independent,10,0.1,0.8500000000000001,-0.0005544118027328501,2.080387910552428e-10,2.3426251752075837e-12,2.960373371007632e-05,1,0.0,"[0.5932877043520103,0.3554700727006246,0.05124222294736514]"
v3.3,393de51ec9fec163,arctan,independent,10,0.1,0.8600000000000001,-0.0005110255179126173,1.1804284633099016e-10,2.5550822984559234e-12,2.94639596703526e-05,1,0.0,"[0.5932636729478402,0.35548112343123933,0.05125520362092052]"
v3.3,393de51ec9fec163,arctan,independent,10,0.1,0.8700000000000001,-0.0004681051224817469,1.3658895195445275e-10,2.7828195278550306e-12,2.932495715467205e-05,1,0.0,"[0.5932397609058442,0.3554920130368639,0.05126822605729183]"
v3.3,393de51ec9fec163,arctan,independent,10,0.1,0.8800000000000001,-0.00042564945687112443,1.318842049458091e-10,3.0265449522369268e-12,2.9186752614903705e-05,1,0.0,"[0.5932159680859183,0.35550274344765015,0.05128128846643158]"
v3.3,393de51ec9fec163,arctan,independent,10,0.1,0.89,-0.00038365714983776625,2.1853783366276858e-10,3.287122557638354e-12,2.9049368511653463e-05,1,0.0,"[0.5931922943060305,0.3555133166070712,0.05129438908689813]"
v3.3,393de51ec9fec163,arctan,independent,10,0.1,0.9,-0.00034212663625789175,1.3721155808776864e-10,3.565370372622212e-12,2.891282365864308e-05,1,0.0,"[0.5931687393455217,0.35552373446880275,0.05130752618567558]"
v3.3,393de51ec9fec163,arctan,independent,10,0.1,0.91,-0.00030105616697037943,1.289116660641021e-10,3.8620605858724375e-12,2.8777133542237485e-05,1,0.0,"[0.5931453029481759,0.3555339989938386,0.051320698057985385]"
v3.3,393de51ec9fec163,arctan,independent,10,0.1,0.92,-0.0002604438233161817,1.3194203715705122e-10,4.178127283787642e-12,2.864231061608088e-05,1,0.0,"[0.5931219848250799,0.3555441121478295,0.051333903027090434]"
v3.3,393de51ec9fec163,arctan,independent,10,0.1,0.93,-0.0002202875333348793,1.278361860812538e-10,4.51438164122563e-12,2.8508364577998025e-05,1,0.0,"[0.5930987846572807,0.35555407589862736,0.05134713944409195]"
v3.3,393de51ec9fec163,arctan,independent,10,0.1,0.9400000000000001,-0.00018058506721502915,7.801885179570256e-11,4.871795636047346e-12,2.8375302622047435e-05,1,0.0,"[0.593075702098259,0.35556389221402174,0.051360405687719275]"
v3.3,393de51ec9fec163,arctan,independent,10,0.1,0.9500000000000001,-0.0001413340684522403,7.501989654490338e-11,5.2512077230951465e-12,2.824312967643951e-05,1,0.0,"[0.5930527367762279,0.35557356305965837,0.051373700164113724]"
v3.3,393de51ec9fec163,arctan,independent,10,0.1,0.9600000000000001,-0.00010253202463849156,6.833111160231553e-11,5.65353565573643e-12,2.811184861984638e-05,1,0.0,"[0.5930298882962707,0.35558309039712344,0.051387021306605815]"
v3.3,393de51ec9fec163,arctan,independent,10,0.1,0.9700000000000001,-6.41763451781803e-05,2.1669382607725218e-10,6.07980133262038e-12,2.798146048271358e-05,1,0.0,"[0.5930071562423277,0.35559247618218537,0.05140036757548704]"
v3.3,393de51ec9fec163,arctan,independent,10,0.1,0.9800000000000001,-2.626429829386337e-05,1.4489288588381832e-10,6.53093436642286e-12,2.7851964636194333e-05,1,0.0,"[0.5929845401790403,0.35560172236318316,0.05141373745777652]"
v3.3,393de51ec9fec163,arctan,independent,10,0.1,0.9900000000000001,1.120693955851404e-05,7.249919414809014e-11,7.007916031303535e-12,2.772335896019853e-05,1,0.0,"[0.5929620396534674,0.3556108308795505,0.05142712946698213]"
v3.3,393de51ec9fec163,arctan,independent,10,0.1,1.0,4.824029423111317e-05,7.004663862830718e-11,7.511708844062461e-12,2.7595640004732783e-05,1,0.0,"[0.5929396541966759,0.3556198036604664,0.05144054214285771]"
v3.3,393de51ec9fec163,arctan,independent,10,0.1,1.01,8.483824369676096e-05,1.469052379743374e-10,8.458307054954002e-11,2.7468439569517547e-05,1,0.0,"[0.5929173836441491,0.3556286423188239,0.051453974037027006]"
v3.3,393de51ec9fec163,arctan,independent,10,0.1,1.02,0.00012100548036594189,1.162864422810106e-10,8.603756161691699e-12,2.7343205115883858e-05,1,0.0,"[0.5928952265425103,0.35563734967411614,0.051467423783373614]"
v3.3,393de51ec9fec163,arctan,independent,10,0.1,1.03,0.00015674355898152165,1.453208421653418e-10,9.194069763064663e-12,2.7217751983746896e-05,1,0.0,"[0.5928731833400916,0.35564592670340484,0.05148088995650342]"
v3.3,393de51ec9fec163,arctan,independent,10,0.1,1.04,0.00019205625190193976,1.330797624876645e-10,9.81528778942255e-12,2.709352366479001e-05,1,0.0,"[0.5928512531988194,0.3556543755884121,0.05149437121276856]"
v3.3,393de51ec9fec163,arctan,independent,10,0.1,1.05,0.0002269468549417862,2.1441018405177203e-10,1.0468505932774145e-11,2.6970149575042982e-05,1,0.0,"[0.592829435589955,0.3556626981906802,0.051507866219364734]"
v3.3,393de51ec9fec163,arctan,independent,10,0.1,1.06,0.0002614187170350696,2.0720642909810572e-10,1.115471195325256e-11,2.6847620966996165e-05,1,0.0,"[0.5928077299761823,0.35567089635562266,0.051521373668195286]"
v3.3,393de51ec9fec163,arctan,independent,10,0.1,1.07,0.0002954752446403981,1.0691446339361477e-10,1.1874996226500407e-11,2.6725928568353125e-05,1,0.0,"[0.5927861358125454,0.35567897191185033,0.05153489227560424]"
v3.3,393de51ec9fec163,arctan,independent,10,0.1,1.08,0.00032911988744061677,2.1347593137654997e-10,1.2630436463289779e-11,2.6605062659638268e-05,1,0.0,"[0.5927646525473227,0.35568692667056967,0.051548420782107654]"
v3.3,393de51ec9fec163,arctan,independent,10,0.1,1.09,0.00036235613744033113,2.0961015562148688e-10,1.3422150714365036e-11,2.6485013150442433e-05,1,0.0,"[0.5927432796228307,0.35569476242504694,0.05156195795212248]"
v3.3,393de51ec9fec163,arctan,independent,10,0.1,1.1,0.00039518751609734365,6.768643284749132e-11,1.4251153427591995e-11,2.6365769643835462e-05,1,0.0,"[0.5927220164761712,0.3557024809501349,0.05157550257369395]"
v3.3,393de51ec9fec163,arctan,independent,10,0.1,1.11,0.00042761760221972714,1.2502430341010395e-10,1.5118592750931097e-11,2.624732149701896e-05,1,0.0,"[0.5927008625399225,0.3557100840018557,0.05158905345822172]"
v3.3,393de51ec9fec163,arctan,independent,10,0.1,1.12,0.0004596499723772754,1.263903391668375e-10,1.6025573251287158e-11,2.6129657877418042e-05,1,0.0,"[0.5926798172427775,0.3557175733170382,0.05160260944018425]"
v3.3,393de51ec9fec163,arctan,independent,10,0.1,1.1300000000000001,0.0004912882447031218,1.377433896110336e-10,1.6973163092755847e-11,2.601276781263378e-05,1,0.0,"[0.5926588800101336,0.35572495061300374,0.05161616937686269]"
v3.3,393de51ec9fec163,arctan,independent,10,0.1,1.1400000000000001,0.0005225360586709159,1.2439897029148383e-10,1.796252718520345e-11,2.5896640234658587e-05,1,0.0,"[0.5926380502646382,0.3557322175872984,0.05162973214806344]"
v3.3,393de51ec9fec163,arctan,independent,10,0.1,1.1500000000000001,0.0005533970693159494,2.0081921542347558e-10,1.8994657941789802e-11,2.5781264022330565e-05,1,0.0,"[0.592617327426692,0.3557393759174672,0.05164329665584072]"
v3.3,393de51ec9fec163,arctan,independent,10,0.1,1.1600000000000001,0.0005838750646118551,6.112891443033064e-11,2.1836098005166923e-14,2.5666722144816064e-05,1,0.0,"[0.5925967108294744,0.3557464273383991,0.05165686183212655]"
v3.3,393de51ec9fec163,arctan,independent,10,0.1,1.1700000000000002,0.000613973511182437,1.3605886209355766e-10,2.3012786879636273e-14,2.5552726725906597e-05,1,0.0,"[0.592576200056058,0.35575337333664986,0.05167042660729211]"
v3.3,393de51ec9fec163,arctan,independent,10,0.1,1.1800000000000002,0.0006436961909737152,1.4076603424562073e-10,2.420648586147511e-14,2.5439538104485634e-05,1,0.0,"[0.5925557944421532,0.35576021560192556,0.051683989955921196]"
v3.3,393de51ec9fec163,arctan,independent,10,0.1,1.1900000000000002,0.0006730468046496317,7.023432183062006e-11,2.5439759062147083e-14,2.5327056508311004e-05,1,0.0,"[0.5925354934034658,0.3557669557302584,0.0516975508662757]"
v3.3,393de51ec9fec163,arctan,independent,10,0.1,1.2000000000000002,0.0007020290767979394,1.0351459620028258e-10,2.6725737921920195e-14,2.5215271027047185e-05,1,0.0,"[0.5925152963554415,0.3557735952970847,0.05171110834747365]"
v3.3,393de51ec9fec163,arctan,independent,10,0.1,1.21,0.0007306466873522981,6.806191721331345e-11,2.8074732479325064e-14,2.5104170866530193e-05,1,0.0,"[0.5924952027135741,0.35578013585721435,0.05172466142921144]"
v3.3,393de51ec9fec163,arctan,independent,10,0.1,1.22,0.0007589033556473709,1.3442030127874816e-10,2.9463156546816924e-14,2.4993745367174553e-05,1,0.0,"[0.5924752118936881,0.35578657894482496,0.051738209161486845]"
v3.3,393de51ec9fec163,arctan,independent,10,0.1,1.23,0.0007868027761120007,1.0934224359271383e-10,3.0875293101758726e-14,2.4883984020102755e-05,1,0.0,"[0.5924553233121986,0.35579292607347895,0.051751750614322425]"
v3.3,393de51ec9fec163,arctan,independent,10,0.1,1.24,0.000814348645440565,1.39204175964025e-10,3.235605334928117e-14,2.4774876480881587e-05,1,0.0,"[0.5924355363863498,0.3557991787361599,0.051765284877490214]"
v3.3,393de51ec9fec163,arctan,independent,10,0.1,1.25,0.0008415446534540197,1.82863068437511e-10,3.390159236884185e-14,2.4666412581945022e-05,1,0.0,"[0.5924158505344332,0.35580533840533,0.051778811060236865]"
v3.3,393de51ec9fec163,arctan,independent,10,0.1,1.26,0.0008683944820485102,1.2494078341362957e-10,3.549595434298119e-14,2.4558582342927617e-05,1,0.0,"[0.5923962651759872,0.3558114065330024,0.05179232829101044]"
v3.3,393de51ec9fec163,arctan,independent,10,0.1,1.27,0.0008949018045959073,1.297966040203491e-10,3.711722080371869e-14,2.4451375979175365e-05,1,0.0,"[0.5923767797319799,0.3558173845508323,0.05180583571718786]"
v3.3,393de51ec9fec163,arctan,independent,10,0.1,1.28,0.0009210702770300998,6.690494686045767e-11,3.878498529877681e-14,2.434478390870141e-05,1,0.0,"[0.5923573936249762,0.3558232738702196,0.051819332504804055]"
v3.3,393de51ec9fec163,arctan,independent,10,0.1,1.29,0.0009469035535556343,1.3348217323128075e-10,4.051408453234388e-14,2.4238796758671163e-05,1,0.0,"[0.5923381062792898,0.3558290758824279,0.05183281783828226]"
v3.3,393de51ec9fec163,arctan,independent,10,0.1,1.3,0.0009724052611051331,1.4522035310382542e-10,4.232344081257586e-14,2.4133405370336254e-05,1,0.0,"[0.5923189171211211,0.3558347919587131,0.05184629092016593]"
v3.3,393de51ec9fec163,arctan,independent,10,0.1,1.31,0.0009975790035713049,6.846617370270813e-11,4.4162636167921883e-14,2.4028600801838656e-05,1,0.0,"[0.592299825578683,0.35584042345046474,0.051859750970852346]"
v3.3,393de51ec9fec163,arctan,independent,10,0.1,1.32,0.0010224284266751524,1.259763786343182e-10,4.603028791609471e-14,2.3924374331233775e-05,1,0.0,"[0.5922808310823157,0.3558459716893569,0.0518731972283275]"
v3.3,393de51ec9fec163,arctan,independent,10,0.1,1.33,0.0010469570560470015,6.90635222622138e-11,4.802542493095532e-14,2.3820717457654816e-05,1,0.0,"[0.5922619330645897,0.35585143798750707,0.051886628947903246]"
v3.3,393de51ec9fec163,arctan,independent,10,0.1,1.34,0.0010711685043849235,6.485384451693221e-11,5.0037526618627244e-14,2.3717621904118515e-05,1,0.0,"[0.5922431309603984,0.3558568236376458,0.0519000454019559]"
v3.3,393de51ec9fec163,arctan,independent,10,0.1,1.35,0.0010950662795271501,6.91100614236273e-11,5.209025032034807e-14,2.3615079614825637e-05,1,0.0,"[0.5922244242070426,0.3558621299132906,0.05191344587966684]"
v3.3,393de51ec9fec163,arctan,independent,10,0.1,1.36,0.0011186539251261812,7.114395877971802e-11,5.4253056201935014e-14,2.3513082756368547e-05,1,0.0,"[0.5922058122443065,0.35586735806892833,0.05192682968676515]"
v3.3,393de51ec9fec163,arctan,independent,10,0.1,1.37,0.0011419349401723088,1.3482798558173137e-10,5.644245820413264e-14,2.3411623717072737e-05,1,0.0,"[0.592187294514524,0.35587250934020404,0.0519401961452721]"
v3.3,393de51ec9fec163,arctan,independent,10,0.1,1.3800000000000001,0.0011649127956571276,1.3547006225134162e-10,5.868955844742131e-14,2.3310695103746994e-05,1,0.0,"[0.59216887046264,0.3558775849441122,0.05195354459324789]"
v3.3,393de51ec9fec163,arctan,independent,10,0.1,1.3900000000000001,0.0011875909394261745,7.068310520219612e-11,6.100281185062595e-14,2.3210289740841853e-05,1,0.0,"[0.5921505395362634,0.3558825860791963,0.05196687438454033]"
v3.3,393de51ec9fec163,arctan,independent,10,0.1,1.4,0.0012099728382610857,6.68456817676244e-11,6.337168729588121e-14,2.3110400667354594e-05,1,0.0,"[0.5921323011857147,0.35588751392574935,0.05198018488853597]"
v3.3,393de51ec9fec163,arctan,independent,20,0.05,0.05,-0.004432228684660235,2.3521434799889107e-10,4.149385129316776e-16,0.0,1,0.0,"[0.5952020487435411,0.35425024167400876,0.05054770958245016]"
v3.3,393de51ec9fec163,arctan,independent,20,0.05,0.060000000000000005,-0.004425436500229703,7.212953151425339e-11,1.25810191993091e-15,2.266101320585533e-06,1,0.0,"[0.5952002973954666,0.3542516342547486,0.050548068349784675]"
v3.3,393de51ec9fec163,arctan,independent,20,0.05,0.07,-0.004417433861857667,1.3896606781971244e-10,1.608199804281094e-10,2.66700750334331e-06,1,0.0,"[0.5951982357800712,0.3542532723276129,0.050548491892315715]"
v3.3,393de51ec9fec163,arctan,independent,20,0.05,0.08,-0.004408229556527879,1.3097430778818975e-10,1.014475279214917e-10,3.06437700388719e-06,1,0.0,"[0.5951958664951393,0.35425515343967223,0.05054898006518833]"
v3.3,393de51ec9fec163,arctan,independent,20,0.05,0.09,-0.0043978378959245515,2.1801412758426508e-10,1.3829011333413396e-14,3.455247781253846e-06,1,0.0,"[0.5951931943160383,0.35425727308697685,0.050549532596984775]"
v3.3,393de51ec9fec163,arctan,independent,20,0.05,0.1,-0.004386274492482495,7.220925246631538e-11,2.586866643308735e-14,3.839119514782543e-06,1,0.0,"[0.5951902243866689,0.3542596264173563,0.05055014919597479]"
v3.3,393de51ec9fec163,arctan,independent,20,0.05,0.11,-0.0043735546549401386,1.5758404303678475e-10,4.553782912797013e-14,4.2163942011095735e-06,1,0.0,"[0.5951869615580927,0.3542622088586111,0.0505508295832961]"
v3.3,393de51ec9fec163,arctan,independent,20,0.05,0.12000000000000001,-0.004359695994741751,1.561985471520977e-10,2.459860521217411e-11,4.586007305701571e-06,1,0.0,"[0.5951834114654865,0.3542650151000312,0.05055157343448227]"
v3.3,393de51ec9fec163,arctan,independent,20,0.05,0.13,-0.004344716738232904,1.5251546553463058e-10,6.214901776664434e-12,4.947828768320377e-06,1,0.0,"[0.5951795798443282,0.3542680397452396,0.050552380410432085]"
v3.3,393de51ec9fec163,arctan,independent,20,0.05,0.14,-0.004328637205618463,1.530552004580521e-10,1.8916132469943913e-13,5.300904756462112e-06,1,0.0,"[0.5951754731328608,0.35427127673364905,0.050553250133490005]"
v3.3,393de51ec9fec163,arctan,independent,20,0.05,0.15000000000000002,-0.004311478390104609,2.331953588563529e-10,1.1648861661048045e-14,5.645086558011769e-06,1,0.0,"[0.5951710978829428,0.3542747199032069,0.050554182213850295]"
v3.3,393de51ec9fec163,arctan,independent,20,0.05,0.16,-0.004293262317968609,1.4906068740438982e-10,1.6133954524521733e-14,5.98001473134217e-06,1,0.0,"[0.595166460916004,0.354278362845547,0.05055517623844905]"
v3.3,393de51ec9fec163,arctan,independent,20,0.05,0.16999999999999998,-0.004274011989190446,1.4877588050410395e-10,2.195532528712844e-14,6.305364472672006e-06,1,0.0,"[0.595161569297043,0.35428219892785034,0.0505562317751066]"
v3.3,393de51ec9fec163,arctan,independent,20,0.05,0.18,-0.004253751248118172,1.5538334507958496e-10,2.9326746753231105e-14,6.620881126062931e-06,1,0.0,"[0.5951564302839397,0.3542862213424121,0.05055734837364816]"
v3.3,393de51ec9fec163,arctan,independent,20,0.05,0.19,-0.004232504685787772,2.300214602124484e-10,3.860348406547532e-14,6.9263585359728245e-06,1,0.0,"[0.5951510512922735,0.3542904231403895,0.05055852556733702]"
v3.3,393de51ec9fec163,arctan,independent,20,0.05,0.2,-0.004210297558024677,7.677172092490636e-11,5.008236853905115e-14,7.2216367280371024e-06,1,0.0,"[0.5951454398618283,0.3542947972639725,0.05055976287419914]"
v3.3,393de51ec9fec163,arctan,independent,20,0.05,0.21000000000000002,-0.004187155678022671,1.5616620496761158e-10,5.769637398348612e-13,7.506597793629945e-06,1,0.0,"[0.5951396036260915,0.3542993365757023,0.050561059798206055]"
v3.3,393de51ec9fec163,arctan,independent,20,0.05,0.22000000000000003,-0.0041631055340833195,6.586993450685696e-11,2.6569243894059704e-11,7.781067252479973e-06,1,0.0,"[0.5951335503547435,0.35430403382003295,0.05056241582522363]"
v3.3,393de51ec9fec163,arctan,independent,20,0.05,0.22999999999999998,-0.004138173278680067,2.394605763678115e-10,1.0209750267359943e-13,8.045435030060876e-06,1,0.0,"[0.5951272875363163,0.354308882011534,0.05056383045214978]"
v3.3,393de51ec9fec163,arctan,independent,20,0.05,0.24,-0.0041123864830134305,1.424180218201343e-10,1.2674419069579982e-13,8.299056953780215e-06,1,0.0,"[0.5951208231443118,0.35431387372456385,0.05056530313112434]"
v3.3,393de51ec9fec163,arctan,independent,20,0.05,0.25,-0.004085772247248022,7.595108569846687e-11,3.2823945442772038e-12,8.542391850938264e-06,1,0.0,"[0.5951141648209335,0.35431900185168064,0.05056683332738589]"
v3.3,393de51ec9fec163,arctan,independent,20,0.05,0.26,-0.004058357925552793,1.4710903328829517e-10,2.5052843848845806e-12,8.775441505910268e-06,1,0.0,"[0.5951073202159017,0.354324259289963,0.050568420494135284]"
v3.3,393de51ec9fec163,arctan,independent,20,0.05,0.27,-0.004030171085784004,6.862690277165129e-11,1.7633562331264093e-12,8.998257536675866e-06,1,0.0,"[0.5951002969498008,0.35432963897528913,0.05057006407491019]"
v3.3,393de51ec9fec163,arctan,independent,20,0.05,0.28,-0.00400123925737738,1.4117171320826571e-10,1.2382108707404134e-12,9.21097922401358e-06,1,0.0,"[0.5950931025494384,0.35433513394302757,0.050571763507534166]"
v3.3,393de51ec9fec163,arctan,independent,20,0.05,0.29,-0.0039715899639354915,1.5171454370577209e-10,8.758881186505954e-13,9.413754557298525e-06,1,0.0,"[0.5950857444415731,0.3543407373342267,0.050573518224200184]"
v3.3,393de51ec9fec163,arctan,independent,20,0.05,0.3,-0.003941250620263556,2.2825587947528092e-10,5.653778917240542e-13,9.606751634402445e-06,1,0.0,"[0.5950782299381516,0.3543464424096535,0.0505753276521948]"
v3.3,393de51ec9fec163,arctan,independent,20,0.05,0.31,-0.0039102485025601305,1.4784955204572015e-10,2.685146314618984e-13,9.790156353186155e-06,1,0.0,"[0.5950705662232011,0.3543522425622229,0.050577191214575955]"
v3.3,393de51ec9fec163,arctan,independent,20,0.05,0.32,-0.0038786106889278915,1.481838540762226e-10,6.373237819834525e-14,9.964170372629853e-06,1,0.0,"[0.5950627603411812,0.35435813132800514,0.05057910833081362]"
v3.3,393de51ec9fec163,arctan,independent,20,0.05,0.33,-0.003846364024161067,7.479867419890596e-11,4.337080075114612e-15,1.0129009616021374e-05,1,0.0,"[0.5950548191863958,0.3543641023961892,0.05058107841741495]"
v3.3,393de51ec9fec163,arctan,independent,20,0.05,0.33999999999999997,-0.003813535041113675,7.564036896834381e-11,1.2061152410860132e-14,1.0284901973024412e-05,1,0.0,"[0.5950467494940589,0.35437014961744395,0.05058310088849719]"
v3.3,393de51ec9fec163,arctan,independent,20,0.05,0.35,-0.0037801499913614964,1.4911619161672718e-10,4.958047758872478e-15,1.0432084352192502e-05,1,0.0,"[0.5950385578335091,0.3543762670102441,0.05058517515624683]"
v3.3,393de51ec9fec163,arctan,independent,20,0.05,0.36,-0.0037462347430518433,2.284859940138162e-10,5.220724112729587e-15,1.0570800830732434e-05,1,0.0,"[0.5950302506027468,0.3543824487658813,0.050587300631371825]"
v3.3,393de51ec9fec163,arctan,independent,20,0.05,0.37,-0.003711814786389142,1.4072235737794259e-10,1.5246886527892812e-14,1.070130196253769e-05,1,0.0,"[0.595021834023457,0.35438868925301664,0.050589476723526344]"
v3.3,393de51ec9fec163,arctan,independent,20,0.05,0.38,-0.003676915193872393,1.5670977709936196e-10,1.955531275451022e-14,1.0823842638299778e-05,1,0.0,"[0.5950133141375805,0.35439498302073064,0.050591702841688735]"
v3.3,393de51ec9fec163,arctan,independent,20,0.05,0.39,-0.0036415606014730748,7.513929756175486e-11,6.144055413139026e-15,1.0938680539872628e-05,1,0.0,"[0.5950046968050023,0.35440132480049524,0.05059397839450239]"
v3.3,393de51ec9fec163,arctan,independent,20,0.05,0.4,-0.0036057751797723483,1.1932634741418369e-10,6.4302464814712064e-15,1.104607475404378e-05,1,0.0,"[0.5949959877022417,0.3544077095071811,0.05059630279057716]"
v3.3,393de51ec9fec163,arctan,independent,20,0.05,0.41,-0.0035695826292565305,1.393409138072954e-10,6.772956284094259e-15,1.1146285145441855e-05,1,0.0,"[0.5949871923215858,0.3544141322396345,0.05059867543877967]"
v3.3,393de51ec9fec163,arctan,independent,20,0.05,0.42,-0.0035330061481642985,1.468583171737592e-10,7.057296354434365e-15,1.1239570633189212e-05,1,0.0,"[0.5949783159714783,0.35442058828004214,0.050601095748479485]"
v3.3,393de51ec9fec163,arctan,independent,20,0.05,0.43,-0.0034960684316356974,1.5049819029888667e-10,7.328344052000877e-15,1.1326188560918732e-05,1,0.0,"[0.5949693637773595,0.3544270730928613,0.05060356312977904]"
v3.3,393de51ec9fec163,arctan,independent,20,0.05,0.44,-0.0034587916542959396,1.4493915095892262e-10,7.66227737133097e-15,1.140639379266994e-05,1,0.0,"[0.5949603406831617,0.3544335823231181,0.050606076993720224]"
v3.3,393de51ec9fec163,arctan,independent,20,0.05,0.45,-0.0034211974637266968,1.4150958876912867e-10,7.940882200103523e-15,1.1480437971259733e-05,1,0.0,"[0.594951251453342,0.3544401117941864,0.05060863675247166]"
v3.3,393de51ec9fec163,arctan,independent,20,0.05,0.46,-0.003383306976543675,7.362927628706828e-11,7.970603189549292e-15,1.1548568866385841e-05,1,0.0,"[0.5949421006753894,0.3544466575051104,0.05061124181950018]"
v3.3,393de51ec9fec163,arctan,independent,20,0.05,0.47,-0.003345140769538686,1.5165689537521843e-10,1.89245904424004e-13,1.1611029064793352e-05,1,0.0,"[0.5949328927633025,0.3544532156270172,0.05061389160968027]"
v3.3,393de51ec9fec163,arctan,independent,20,0.05,0.48,-0.003306718879995764,7.431734394547362e-11,8.829291568736467e-15,1.1668060104076974e-05,1,0.0,"[0.5949236319579615,0.35445978250241483,0.05061658553962368]"
v3.3,393de51ec9fec163,arctan,independent,20,0.05,0.49,-0.0032680607908910364,1.5132819303209644e-10,9.133951578662833e-15,1.1719890468502357e-05,1,0.0,"[0.5949143223364775,0.35446635463607296,0.05061932302744964]"
v3.3,393de51ec9fec163,arctan,independent,20,0.05,0.5,-0.003229185471587327,7.02204475122592e-11,9.43236226089884e-15,1.1766750776511766e-05,1,0.0,"[0.5949049678101773,0.35447292869657476,0.050622103493247896]"
v3.3,393de51ec9fec163,arctan,independent,20,0.05,0.51,-0.0031901113193746403,7.485390779438106e-11,9.72217708014584e-15,1.1808861848138757e-05,1,0.0,"[0.5948955721315108,0.35447950150947327,0.05062492635901602]"
v3.3,393de51ec9fec163,arctan,independent,20,0.05,0.52,-0.003150856202538896,1.349208245127187e-10,1.0017914176995381e-14,1.18464391623602e-05,1,0.0,"[0.5948861388976235,0.35448607005358485,0.0506277910487916]"
v3.3,393de51ec9fec163,arctan,independent,20,0.05,0.53,-0.0031114374730879593,1.4080005911187854e-10,1.0256231692103425e-14,1.187969191443181e-05,1,0.0,"[0.5948766715546379,0.3544926314566183,0.05063069698874381]"
v3.3,393de51ec9fec163,arctan,independent,20,0.05,0.54,-0.0030718719347420237,1.5061817071337913e-10,1.0518207284806427e-14,1.1908822899857453e-05,1,0.0,"[0.5948671734020222,0.35449918299071964,0.05063364360725817]"
v3.3,393de51ec9fec163,arctan,independent,20,0.05,0.55,-0.003032175871690135,1.452955186720395e-10,1.0772753159501404e-14,1.1934028439118302e-05,1,0.0,"[0.5948576475970219,0.3545057220679619,0.05063663033501626]"
v3.3,393de51ec9fec163,arctan,independent,20,0.05,0.56,-0.0029923650504464355,1.463571694393373e-10,1.1059685920744792e-14,1.1955498337395034e-05,1,0.0,"[0.5948480971591252,0.3545122462358045,0.05063965660507016]"
v3.3,393de51ec9fec163,arctan,independent,20,0.05,0.5700000000000001,-0.0029524547332810784,7.353315872871136e-11,1.1320949139354616e-14,1.1973415879926813e-05,1,0.0,"[0.5948385249745403,0.35451875317254666,0.050642721852913096]"
v3.3,393de51ec9fec163,arctan,independent,20,0.05,0.5800000000000001,-0.0029124596612638276,1.5066000877417274e-10,1.1548391518197323e-14,1.1987957852787913e-05,1,0.0,"[0.5948289338006624,0.3545252406827915,0.050645825516546186]"
v3.3,393de51ec9fec163,arctan,independent,20,0.05,0.5900000000000001,-0.0028723941052265257,1.43599188096033e-10,1.1827431697451697e-14,1.1999294589596078e-05,1,0.0,"[0.5948193262705165,0.3545317066929414,0.050648967036542224]"
v3.3,393de51ec9fec163,arctan,independent,20,0.05,0.6000000000000001,-0.0028322718402867333,6.98955511524435e-11,1.2057556466692653e-14,1.2007590042424187e-05,1,0.0,"[0.5948097048971545,0.35453814924673865,0.050652145856106875]"
v3.3,393de51ec9fec163,arctan,independent,20,0.05,0.6100000000000001,-0.0027921061471410068,1.5408582743070554e-10,2.8098497457503927e-13,1.201300068615683e-05,1,0.0,"[0.5948000720788964,0.354544566500035,0.05065536142106862]"
v3.3,393de51ec9fec163,arctan,independent,20,0.05,0.6200000000000001,-0.0027519098661209114,1.4512558169088585e-10,1.256084588417028e-14,1.2015682704451828e-05,1,0.0,"[0.5947904300991199,0.35455095672060083,0.05065861318027929]"
v3.3,393de51ec9fec163,arctan,independent,20,0.05,0.63,-0.00271169536674417,1.49924021114467e-10,1.2750405525577091e-14,1.2015774411536756e-05,1,0.0,"[0.5947807811394277,0.3545573182755907,0.05066190058498162]"
v3.3,393de51ec9fec163,arctan,independent,20,0.05,0.64,-0.002671474573248421,1.476352859408614e-10,3.968637658544526e-13,1.2013418267690731e-05,1,0.0,"[0.5947711272760822,0.35456364963443604,0.05066522308948165]"
v3.3,393de51ec9fec163,arctan,independent,20,0.05,0.65,-0.002631258981361906,7.264401927220554e-11,2.5185644598134594e-12,1.2008742478324678e-05,1,0.0,"[0.5947614704904614,0.3545699493588066,0.05066858015073212]"
v3.3,393de51ec9fec163,arctan,independent,20,0.05,0.66,-0.002591059591695106,2.1712179970601042e-10,1.3387363397000301e-14,1.2001909030847938e-05,1,0.0,"[0.594751812642962,0.3545762161269328,0.050671971230105334]"
v3.3,393de51ec9fec163,arctan,independent,20,0.05,0.67,-0.0025508871060188863,7.151707004382502e-11,1.357740273338981e-14,1.1992980897707778e-05,1,0.0,"[0.594742155547975,0.3545824486625735,0.05067539578945132]"
v3.3,393de51ec9fec163,arctan,independent,20,0.05,0.68,-0.0025107517261354836,1.5057933372419896e-10,1.3786725499237257e-14,1.1982117678499655e-05,1,0.0,"[0.5947325008999905,0.3545886458045286,0.05067885329548091]"
v3.3,393de51ec9fec163,arctan,independent,20,0.05,0.6900000000000001,-0.0024706632917880188,1.3110170241081853e-10,3.043584010298007e-14,1.1969420169757474e-05,1,0.0,"[0.5947228503180094,0.3545948064644456,0.05068234321754501]"
v3.3,393de51ec9fec163,arctan,independent,20,0.05,0.7000000000000001,-0.0024306312473959396,1.373764886569706e-10,7.928706971207443e-14,1.195499530698535e-05,1,0.0,"[0.594713205340542,0.3546009296313232,0.05068586502813482]"
v3.3,393de51ec9fec163,arctan,independent,20,0.05,0.7100000000000001,-0.0023906646610588334,2.0002165895816049e-10,2.0137816435683135e-13,1.1938944966304565e-05,1,0.0,"[0.5947035674291363,0.3546070143679142,0.05068941820294958]"
v3.3,393de51ec9fec163,arctan,independent,20,0.05,0.7200000000000001,-0.0023507722369644664,1.4213976176624676e-10,5.096819535126656e-13,1.1921366164145977e-05,1,0.0,"[0.5946939379717787,0.3546130598073058,0.05069300222091554]"
v3.3,393de51ec9fec163,arctan,independent,20,0.05,0.7300000000000001,-0.002310962323542158,1.4335169162826844e-10,1.2661137132634286e-12,1.1902351017945747e-05,1,0.0,"[0.5946843182863353,0.354619065149444,0.05069661656422053]"
v3.3,393de51ec9fec163,arctan,independent,20,0.05,0.7400000000000001,-0.00227124292872943,7.525104150918338e-11,2.9110519298484264e-12,1.1881987130549275e-05,1,0.0,"[0.5946747096237158,0.3546250296579315,0.050700260718352645]"
v3.3,393de51ec9fec163,arctan,independent,20,0.05,0.7500000000000001,-0.0022316216893581674,1.5120900018206207e-10,4.427207573421918e-12,1.1860365201269292e-05,1,0.0,"[0.5946651131651909,0.35463095266236605,0.05070393417244316]"
v3.3,393de51ec9fec163,arctan,independent,20,0.05,0.76,-0.00219210607611205,1.4943709464310118e-10,2.207172568203682e-11,1.1837488010285247e-05,1,0.0,"[0.5946555300898815,0.35463683349424563,0.05070763641587277]"
v3.3,393de51ec9fec163,arctan,independent,20,0.05,0.77,-0.002152702705468263,1.5249015244966913e-10,1.5269033213348626e-14,1.1813754676099408e-05,1,0.0,"[0.594645961268704,0.35464267177661374,0.05071136695468234]"
v3.3,393de51ec9fec163,arctan,independent,20,0.05,0.78,-0.0021134187253681637,1.3649141192284553e-10,1.5382927335613315e-14,1.1788711159153286e-05,1,0.0,"[0.5946364079225609,0.354648466800558,0.050715125276881184]"
v3.3,393de51ec9fec163,arctan,independent,20,0.05,0.79,-0.00207426039376336,1.3802179538169312e-10,1.5541381597030538e-14,1.1762801484955085e-05,1,0.0,"[0.594626870928791,0.3546542181818521,0.050718910889356934]"
v3.3,393de51ec9fec163,arctan,independent,20,0.05,0.8,-0.002035233846058516,6.915110498106891e-11,1.5660619148339287e-14,1.1735992403198564e-05,1,0.0,"[0.5946173511894751,0.35465992551199077,0.05072272329853417]"
v3.3,393de51ec9fec163,arctan,independent,20,0.05,0.81,-0.001996344894778568,7.099818996603169e-11,1.5797716294158258e-14,1.1708346034168967e-05,1,0.0,"[0.5946078495575501,0.3546655884280022,0.050726562014447626]"
v3.3,393de51ec9fec163,arctan,independent,20,0.05,0.8200000000000001,-0.001957599130225255,1.4765021497109565e-10,1.592957240254161e-14,1.1679921325934262e-05,1,0.0,"[0.5945983668390471,0.35467120661017476,0.05073042655077807]"
v3.3,393de51ec9fec163,arctan,independent,20,0.05,0.8300000000000001,-0.001919001870966934,7.321205447441415e-11,1.6067014715391736e-14,1.1650774191100939e-05,1,0.0,"[0.5945889037952371,0.35467677977987633,0.05073431642488652]"
v3.3,393de51ec9fec163,arctan,independent,20,0.05,0.8400000000000001,-0.0018805581539229448,1.534593251084626e-10,1.6141882959217156e-14,1.16209576363836e-05,1,0.0,"[0.5945794611446887,0.3546823076974636,0.05073823115784756]"
v3.3,393de51ec9fec163,arctan,independent,20,0.05,0.8500000000000001,-0.0018422728000396515,1.42289364318815e-10,1.6204977012724393e-14,1.1590521888794202e-05,1,0.0,"[0.5945700395652409,0.3546877901602777,0.05074217027448143]"
v3.3,393de51ec9fec163,arctan,independent,20,0.05,0.8600000000000001,-0.0018041503742449033,1.1902025545684758e-10,1.6299020297925956e-14,1.155951452141127e-05,1,0.0,"[0.5945606396958895,0.35469322700072586,0.050746133303384615]"
v3.3,393de51ec9fec163,arctan,independent,20,0.05,0.8700000000000001,-0.001766195216532724,1.337012271729332e-10,1.640352248932987e-14,1.152798056859011e-05,1,0.0,"[0.5945512621385969,0.3546986180844434,0.05075011977695966]"
v3.3,393de51ec9fec163,arctan,independent,20,0.05,0.8800000000000001,-0.001728411451971116,7.28828941642945e-11,1.644981227014783e-14,1.1495962643400078e-05,1,0.0,"[0.5945419074600214,0.35470396330853526,0.05075412923144334]"
v3.3,393de51ec9fec163,arctan,independent,20,0.05,0.89,-0.0016908029629625725,1.4315887017501971e-10,9.113151249326006e-14,1.1463500686917621e-05,1,0.0,"[0.5945325761934556,0.3547092625996177,0.05075816120692676]"
v3.3,393de51ec9fec163,arctan,independent,20,0.05,0.9,-0.0016533734616417071,1.4624243829808314e-10,4.242257560942579e-14,1.1430634093891595e-05,1,0.0,"[0.5945232688391061,0.35471451591347763,0.05076221524741636]"
v3.3,393de51ec9fec163,arctan,independent,20,0.05,0.91,-0.001616126436251683,2.145149197163576e-10,1.667983458971862e-14,1.1397397254552815e-05,1,0.0,"[0.594513985867889,0.35471972323132805,0.05076629090078289]"
v3.3,393de51ec9fec163,arctan,independent,20,0.05,0.92,-0.0015790651866420605,2.217047032071484e-10,1.6750531703366937e-14,1.1363824767454632e-05,1,0.0,"[0.5945047277211358,0.3547248845599966,0.050770387718867466]"
v3.3,393de51ec9fec163,arctan,independent,20,0.05,0.93,-0.0015421928260465206,2.2910300392919858e-10,1.68274608822313e-14,1.1329948905098422e-05,1,0.0,"[0.5944954948123062,0.3547299999302401,0.05077450525745362]"
v3.3,393de51ec9fec163,arctan,independent,20,0.05,0.9400000000000001,-0.0015055122847303926,2.2398803645184984e-10,1.6840136234800865e-14,1.1295799793220641e-05,1,0.0,"[0.5944862875285666,0.35473506939513133,0.0507786430763021]"
v3.3,393de51ec9fec163,arctan,independent,20,0.05,0.9500000000000001,-0.001469026321474113,6.823137541078772e-11,1.6908984035870727e-14,1.1261405964833335e-05,1,0.0,"[0.5944771062319438,0.3547400930288882,0.05078280073916802]"
v3.3,393de51ec9fec163,arctan,independent,20,0.05,0.9600000000000001,-0.0014327375227484972,1.5044192280821989e-10,1.2545464144005582e-14,1.1226794306877627e-05,1,0.0,"[0.5944679512605298,0.3547450709256467,0.05078697781382357]"
v3.3,393de51ec9fec163,arctan,independent,20,0.05,0.9700000000000001,-0.0013966483244700657,7.234313842419127e-11,1.364096425838498e-14,1.1191990138742492e-05,1,0.0,"[0.5944588229296339,0.35475000319831373,0.05079117387205244]"
v3.3,393de51ec9fec163,arctan,independent,20,0.05,0.9800000000000001,-0.0013607609774933145,1.3498000633882512e-10,1.480469200100882e-14,1.1157017301963158e-05,1,0.0,"[0.594449721532871,0.35475488997743193,0.05079538848969706]"
v3.3,393de51ec9fec163,arctan,independent,20,0.05,0.9900000000000001,-0.0013250776205168957,1.4152276919809914e-10,1.6078149629929217e-14,1.1121898212229862e-05,1,0.0,"[0.594440647343219,0.35475973141013123,0.05079962124664976]"
v3.3,393de51ec9fec163,arctan,independent,20,0.05,1.0,-0.0012896002219865942,7.226912124291829e-11,1.7427068788418372e-14,1.108665394683819e-05,1,0.0,"[0.5944316006140139,0.3547645276591159,0.050803871726870085]"
v3.3,393de51ec9fec163,arctan,independent,20,0.05,1.01,-0.001254330615483943,1.3649747651611754e-10,1.884916289547255e-14,1.1051304306501672e-05,1,0.0,"[0.5944225815799041,0.3547692789017007,0.05080813951839528]"
v3.3,393de51ec9fec163,arctan,independent,20,0.05,1.02,-0.0012192705014736419,1.433139648621129e-10,2.0362021300645162e-14,1.1015867882064645e-05,1,0.0,"[0.5944135904577585,0.3547739853288923,0.050812424213349194]"
v3.3,393de51ec9fec163,arctan,independent,20,0.05,1.03,-0.0011844214495864078,1.2102946769787515e-10,2.198649584264754e-14,1.0980362114924692e-05,1,0.0,"[0.5944046274475345,0.3547786471445155,0.05081672540795004]"
v3.3,393de51ec9fec163,arctan,independent,20,0.05,1.04,-0.0011497849032752194,2.0876890147181193e-10,2.37471800636925e-14,1.0944803356828715e-05,1,0.0,"[0.5943956927331043,0.3547832645643789,0.05082104270251672]"
v3.3,393de51ec9fec163,arctan,independent,20,0.05,1.05,-0.0011153621874570342,1.4342410939449657e-10,2.5592230226213157e-14,1.0909206927052492e-05,1,0.0,"[0.5943867864830431,0.3547878378154831,0.05082537570147381]"
v3.3,393de51ec9fec163,arctan,independent,20,0.05,1.06,-0.0010811545103580587,2.1035556976856107e-10,2.7533885581885783e-14,1.0873587165121223e-05,1,0.0,"[0.5943779088513804,0.3547923671352644,0.05082972401335522]"
v3.3,393de51ec9fec163,arctan,independent,20,0.05,1.07,-0.0010471629729694697,7.37199710998393e-11,2.963456764935533e-14,1.0837957482498425e-05,1,0.0,"[0.594369059978317,0.35479685277087636,0.050834087250806584]"
v3.3,393de51ec9fec163,arctan,independent,20,0.05,1.08,-0.00101338855112686,2.0992855370716157e-10,3.1842705368417334e-14,1.080233041287968e-05,1,0.0,"[0.5943602399909068,0.3548012949785069,0.050838465030586366]"
v3.3,393de51ec9fec163,arctan,independent,20,0.05,1.09,-0.0009798321449553324,1.434151165879971e-10,3.418500738889112e-14,1.0766717657698747e-05,1,0.0,"[0.5943514490037075,0.3548056940227267,0.050842856973565755]"
v3.3,393de51ec9fec163,arctan,independent,20,0.05,1.1,-0.0009464945402155762,7.2261849282107e-11,3.6664354804697695e-14,1.0731130131160365e-05,1,0.0,"[0.594342687119401,0.35481005017587186,0.05084726270472718]"
v3.3,393de51ec9fec163,arctan,independent,20,0.05,1.11,-0.0009133764170293525,2.1334947003515126e-10,3.9320986277836346e-14,1.0695578002952296e-05,1,0.0,"[0.5943339544293834,0.3548143637174548,0.050851681853161766]"
v3.3,393de51ec9fec163,arctan,independent,20,0.05,1.12,-0.0008804783878869314,1.3381413338509063e-10,4.209088002213916e-14,1.0660070738890502e-05,1,0.0,"[0.5943252510143282,0.35481863493360616,0.050856114052065596]"
v3.3,393de51ec9fec163,arctan,independent,20,0.05,1.1300000000000001,-0.0008478009674359292,7.018033029715376e-11,4.501648593710808e-14,1.0624617139000293e-05,1,0.0,"[0.594316576944722,0.3548228641165433,0.050860558938734625]"
v3.3,393de51ec9fec163,arctan,independent,20,0.05,1.1400000000000001,-0.0008153445592306574,2.2141884159498915e-10,4.815514221645411e-14,1.0589225374076316e-05,1,0.0,"[0.5943079322813758,0.3548270515640656,0.05086501615455873]"
v3.3,393de51ec9fec163,arctan,independent,20,0.05,1.1500000000000001,-0.000783109534678271,1.4380425669702213e-10,5.144225981383045e-14,1.0553903022322316e-05,1,0.0,"[0.5942993170759102,0.3548311975790754,0.050869485345014384]"
v3.3,393de51ec9fec163,arctan,independent,20,0.05,1.1600000000000001,-0.0007510961516161811,1.3163865483778459e-10,5.4873309680601605e-14,1.051865710016909e-05,1,0.0,"[0.59429073137122,0.3548353024691235,0.05087396615965646]"
v3.3,393de51ec9fec163,arctan,independent,20,0.05,1.1700000000000002,-0.0007193046070103556,1.3838157356116376e-10,5.850662788186997e-14,1.0483494095111503e-05,1,0.0,"[0.594282175201915,0.3548393665459762,0.05087845825210882]"
v3.3,393de51ec9fec163,arctan,independent,20,0.05,1.1800000000000002,-0.0006877350179477909,1.3219952910148436e-10,6.239336343270926e-14,1.0448419996220501e-05,1,0.0,"[0.5942736485947396,0.3548433901252063,0.050882961280053894]"
v3.3,393de51ec9fec163,arctan,independent,20,0.05,1.1900000000000002,-0.0006563874409797991,2.0940181880146902e-10,6.639991041204385e-14,1.041344032226397e-05,1,0.0,"[0.5942651515689739,0.35484737352580475,0.05088747490522149]"
v3.3,393de51ec9fec163,arctan,independent,20,0.05,1.2000000000000002,-0.0006252618604139955,1.4150062024875787e-10,7.066928444095967e-14,1.0378560147779634e-05,1,0.0,"[0.5942566841368139,0.35485131706981005,0.0508919987933761]"
v3.3,393de51ec9fec163,arctan,independent,20,0.05,1.21,-0.0005943581998485645,2.1831548027706482e-10,7.510171713269528e-14,1.034378413114375e-05,1,0.0,"[0.5942482463037349,0.3548552210819612,0.05089653261430395]"
v3.3,393de51ec9fec163,arctan,independent,20,0.05,1.22,-0.0005636763232911984,2.0742617692914855e-10,7.98180884624895e-14,1.0309116536427942e-05,1,0.0,"[0.594239838068837,0.35485908588936466,0.05090107604179845]"
v3.3,393de51ec9fec163,arctan,independent,20,0.05,1.23,-0.0005332160373309226,7.192046264092866e-11,8.466882511129715e-14,1.0274561259337146e-05,1,0.0,"[0.5942314594251732,0.35486291182118146,0.05090562875364533]"
v3.3,393de51ec9fec163,arctan,independent,20,0.05,1.24,-0.0005029770800987488,2.1130261776414194e-10,8.986297475650132e-14,1.02401218459329e-05,1,0.0,"[0.5942231103600644,0.35486669920832925,0.05091019043160644]"
v3.3,393de51ec9fec163,arctan,independent,20,0.05,1.25,-0.00047295916431768295,6.737637531228913e-11,9.525620538773591e-14,1.0205801517932201e-05,1,0.0,"[0.5942147908553949,0.35487044838320203,0.05091476076140316]"
v3.3,393de51ec9fec163,arctan,independent,20,0.05,1.26,-0.00044316191639110283,7.547855049305774e-11,1.0092245887137501e-13,1.0171603187900315e-05,1,0.0,"[0.5942065008878985,0.35487415967940295,0.050919339432698475]"
v3.3,393de51ec9fec163,arctan,independent,20,0.05,1.27,-0.0004135849455598889,2.0791938309949742e-10,1.068409233388275e-13,1.0137529481324843e-05,1,0.0,"[0.5941982404294279,0.35487783343149315,0.05092392613907891]"
v3.3,393de51ec9fec163,arctan,independent,20,0.05,1.28,-0.00038422779671875434,1.431783615279958e-10,1.1305778003528733e-13,1.010358275322511e-05,1,0.0,"[0.5941900094472116,0.3548814699747533,0.050928520578035125]"
v3.3,393de51ec9fec163,arctan,independent,20,0.05,1.29,-0.00035508997532780057,7.096401591355495e-11,1.1951595689078456e-13,1.0069765104896613e-05,1,0.0,"[0.594181807904099,0.3548850696449588,0.05093312245094215]"
v3.3,393de51ec9fec163,arctan,independent,20,0.05,1.3,-0.0003261709427513637,1.3545880736542948e-10,1.262909033806097e-13,1.0036078400287778e-05,1,0.0,"[0.5941736357587939,0.35488863277816735,0.05093773146303877]"
v3.3,393de51ec9fec163,arctan,independent,20,0.05,1.31,-0.00029747012248540136,2.079442035229917e-10,1.3336595392654019e-13,1.0002524280928267e-05,1,0.0,"[0.5941654929660757,0.3548921597105179,0.050942347323406384]"
v3.3,393de51ec9fec163,arctan,independent,20,0.05,1.32,-0.0002689868962114962,7.242704005983036e-11,1.4074062493178557e-13,9.969104180708957e-06,1,0.0,"[0.5941573794770107,0.3548956507780423,0.050946969744947]"
v3.3,393de51ec9fec163,arctan,independent,20,0.05,1.33,-0.00024072060818292051,2.2146336500772357e-10,1.484408103184722e-13,9.93581933826026e-06,1,0.0,"[0.5941492952391538,0.35489910631648536,0.05095159844436086]"
v3.3,393de51ec9fec163,arctan,independent,20,0.05,1.34,-0.0002126705714378084,1.242797253997452e-10,1.5645303720506267e-13,9.902670811784004e-06,1,0.0,"[0.5941412401967385,0.35490252666113825,0.05095623314212336]"
v3.3,393de51ec9fec163,arctan,independent,20,0.05,1.35,-0.0001848360633969516,1.4508336199092753e-10,1.6479323176334395e-13,9.86965948897867e-06,1,0.0,"[0.59413321429086,0.3549059121466787,0.050960873562461234]"
v3.3,393de51ec9fec163,arctan,independent,20,0.05,1.36,-0.00015721632774959304,1.47379473208753e-10,1.7353163262119283e-13,9.836786099261323e-06,1,0.0,"[0.5941252174596489,0.3549092631070226,0.05096551943332873]"
v3.3,393de51ec9fec163,arctan,independent,20,0.05,1.37,-0.00012981058033729662,2.1014574802524777e-10,1.8258504586915804e-13,9.804051226943983e-06,1,0.0,"[0.5941172496384337,0.35491257987518365,0.050970170486382575]"
v3.3,393de51ec9fec163,arctan,independent,20,0.05,1.3800000000000001,-0.0001026180062365413,1.4551393770489973e-10,1.9200306534262623e-13,9.771455316479676e-06,1,0.0,"[0.5941093107599014,0.3549158627831415,0.0509748264569571]"
v3.3,393de51ec9fec163,arctan,independent,20,0.05,1.3900000000000001,-7.563776475264308e-05,1.4076105905869163e-10,2.0182119385033155e-13,9.738998687039295e-06,1,0.0,"[0.5941014007542438,0.35491911216171773,0.05097948708403847]"
v3.3,393de51ec9fec163,arctan,independent,20,0.05,1.4,-4.8868988996218776e-05,6.371302097019083e-11,2.119741695910156e-13,9.70668153930412e-06,1,0.0,"[0.5940935195493009,0.35492232834046056,0.0509841521102386]"
v3.3,393de51ec9fec163,arctan,independent,inf,0.0,0.05,-0.00444773350784626,2.2587698378373489e-10,2.3707893225071155e-17,0.0,1,0.0,"[0.5952060514993919,0.3542470555425059,0.05054689295810218]"
v3.3,393de51ec9fec163,arctan,independent,inf,0.0,0.060000000000000005,-0.004447733507850764,2.2587776787874603e-10,2.3707893225071155e-17,0.0,1,0.0,"[0.5952060514993919,0.3542470555425059,0.05054689295810218]"
v3.3,393de51ec9fec163,arctan,independent,inf,0.0,0.07,-0.004447733507855982,2.2587845482924251e-10,2.3707893225071155e-17,0.0,1,0.0,"[0.5952060514993919,0.3542470555425059,0.05054689295810218]"
v3.3,393de51ec9fec163,arctan,independent,inf,0.0,0.08,-0.004447733507861644,2.2587870462942305e-10,2.3707893225071155e-17,0.0,1,0.0,"[0.5952060514993919,0.3542470555425059,0.05054689295810218]"
v3.3,393de51ec9fec163,arctan,independent,inf,0.0,0.09,-0.004447733507868756,2.258793083131927e-10,2.3707893225071155e-17,0.0,1,0.0,"[0.5952060514993919,0.3542470555425059,0.05054689295810218]"
v3.3,393de51ec9fec163,arctan,independent,inf,0.0,0.1,-0.004447733507876209,2.25880009141477e-10,2.3707893225071155e-17,0.0,1,0.0,"[0.5952060514993919,0.3542470555425059,0.05054689295810218]"
v3.3,393de51ec9fec163,arctan,independent,inf,0.0,0.11,-0.004447733507884397,2.2588123038680408e-10,2.3707893225071155e-17,0.0,1,0.0,"[0.5952060514993919,0.3542470555425059,0.05054689295810218]"
v3.3,393de51ec9fec163,arctan,independent,inf,0.0,0.12000000000000001,-0.00444773350789357,2.2588174386495297e-10,2.3707893225071155e-17,0.0,1,0.0,"[0.5952060514993919,0.3542470555425059,0.05054689295810218]"
v3.3,393de51ec9fec163,arctan,independent,inf,0.0,0.13,-0.004447733507903631,2.2588258347111534e-10,2.3707893225071155e-17,0.0,1,0.0,"[0.5952060514993919,0.3542470555425059,0.05054689295810218]"
v3.3,393de51ec9fec163,arctan,independent,inf,0.0,0.14,-0.004447733507914248,2.2588406839441078e-10,2.3707893225071155e-17,0.0,1,0.0,"[0.5952060514993919,0.3542470555425059,0.05054689295810218]"
v3.3,393de51ec9fec163,arctan,independent,inf,0.0,0.15000000000000002,-0.004447733507926058,2.2588506759513294e-10,2.3707893225071155e-17,0.0,1,0.0,"[0.5952060514993919,0.3542470555425059,0.05054689295810218]"
v3.3,393de51ec9fec163,arctan,independent,inf,0.0,0.16,-0.004447733507938055,2.2588627496267222e-10,2.3707893225071155e-17,0.0,1,0.0,"[0.5952060514993919,0.3542470555425059,0.05054689295810218]"
v3.3,393de51ec9fec163,arctan,independent,inf,0.0,0.16999999999999998,-0.004447733507951239,2.258878500915884e-10,2.3707893225071158e-17,0.0,1,0.0,"[0.5952060514993919,0.3542470555425059,0.05054689295810218]"
v3.3,393de51ec9fec163,arctan,independent,inf,0.0,0.18,-0.004447733507965117,2.2588894643682522e-10,2.3707893225071155e-17,0.0,1,0.0,"[0.5952060514993919,0.3542470555425059,0.05054689295810218]"
v3.3,393de51ec9fec163,arctan,independent,inf,0.0,0.19,-0.004447733507979813,2.2589028564334868e-10,2.3707893225071155e-17,0.0,1,0.0,"[0.5952060514993919,0.3542470555425059,0.05054689295810218]"
v3.3,393de51ec9fec163,arctan,independent,inf,0.0,0.2,-0.0044477335079953564,2.258920897557637e-10,2.3707893225071155e-17,0.0,1,0.0,"[0.5952060514993919,0.3542470555425059,0.05054689295810218]"
v3.3,393de51ec9fec163,arctan,independent,inf,0.0,0.21000000000000002,-0.004447733508011462,2.2589366488467988e-10,2.3707893225071155e-17,0.0,1,0.0,"[0.5952060514993919,0.3542470555425059,0.05054689295810218]"
v3.3,393de51ec9fec163,arctan,independent,inf,0.0,0.22000000000000003,-0.004447733508028698,2.2589534409700462e-10,2.3707893225071155e-17,0.0,1,0.0,"[0.5952060514993919,0.3542470555425059,0.05054689295810218]"
v3.3,393de51ec9fec163,arctan,independent,inf,0.0,0.22999999999999998,-0.004447733508046413,2.2589719678167697e-10,2.3707893225071155e-17,0.0,1,0.0,"[0.5952060514993919,0.3542470555425059,0.05054689295810218]"
v3.3,393de51ec9fec163,arctan,independent,inf,0.0,0.24,-0.004447733508065106,2.2589926457206033e-10,2.3707893225071158e-17,0.0,1,0.0,"[0.5952060514993919,0.3542470555425059,0.05054689295810218]"
v3.3,393de51ec9fec163,arctan,independent,inf,0.0,0.25,-0.004447733508084563,2.2590119358456562e-10,2.3707893225071155e-17,0.0,1,0.0,"[0.5952060514993919,0.3542470555425059,0.05054689295810218]"
v3.3,393de51ec9fec163,arctan,independent,inf,0.0,0.26,-0.004447733508104956,2.2590342790840268e-10,2.3707893225071155e-17,0.0,1,0.0,"[0.5952060514993919,0.3542470555425059,0.05054689295810218]"
v3.3,393de51ec9fec163,arctan,independent,inf,0.0,0.27,-0.004447733508125766,2.2590548875989214e-10,2.3707893225071155e-17,0.0,1,0.0,"[0.5952060514993919,0.3542470555425059,0.05054689295810218]"
v3.3,393de51ec9fec163,arctan,independent,inf,0.0,0.28,-0.004447733508147526,2.2590747328354865e-10,2.3707893225071155e-17,0.0,1,0.0,"[0.5952060514993919,0.3542470555425059,0.05054689295810218]"
v3.3,393de51ec9fec163,arctan,independent,inf,0.0,0.29,-0.004447733508170099,2.2590983250747598e-10,2.3707893225071155e-17,0.0,1,0.0,"[0.5952060514993919,0.3542470555425059,0.05054689295810218]"
v3.3,393de51ec9fec163,arctan,independent,inf,0.0,0.3,-0.004447733508193753,2.2591226112034235e-10,2.3707893225071155e-17,0.0,1,0.0,"[0.5952060514993919,0.3542470555425059,0.05054689295810218]"
v3.3,393de51ec9fec163,arctan,independent,inf,0.0,0.31,-0.004447733508217901,2.259144885052855e-10,2.3707893225071158e-17,0.0,1,0.0,"[0.5952060514993919,0.3542470555425059,0.05054689295810218]"
v3.3,393de51ec9fec163,arctan,independent,inf,0.0,0.32,-0.004447733508242777,2.2591709752939337e-10,2.3707893225071155e-17,0.0,1,0.0,"[0.5952060514993919,0.3542470555425059,0.05054689295810218]"
v3.3,393de51ec9fec163,arctan,independent,inf,0.0,0.33,-0.004447733508268846,2.2591975512575857e-10,2.3707893225071155e-17,0.0,1,0.0,"[0.5952060514993919,0.3542470555425059,0.05054689295810218]"
v3.3,393de51ec9fec163,arctan,independent,inf,0.0,0.33999999999999997,-0.004447733508295387,2.2592214904415542e-10,2.3707893225071158e-17,0.0,1,0.0,"[0.5952060514993919,0.3542470555425059,0.05054689295810218]"
v3.3,393de51ec9fec163,arctan,independent,inf,0.0,0.35,-0.00444773350832281,2.259253201186695e-10,2.3707893225071155e-17,0.0,1,0.0,"[0.5952060514993919,0.3542470555425059,0.05054689295810218]"
v3.3,393de51ec9fec163,arctan,independent,inf,0.0,0.36,-0.004447733508350697,2.2592807485954935e-10,2.3707893225071155e-17,0.0,1,0.0,"[0.5952060514993919,0.3542470555425059,0.05054689295810218]"
v3.3,393de51ec9fec163,arctan,independent,inf,0.0,0.37,-0.0044477335083798406,2.2593127368963906e-10,2.3707893225071155e-17,0.0,1,0.0,"[0.5952060514993919,0.3542470555425059,0.05054689295810218]"
v3.3,393de51ec9fec163,arctan,independent,inf,0.0,0.38,-0.0044477335084094835,2.2593397985826158e-10,2.3707893225071155e-17,0.0,1,0.0,"[0.5952060514993919,0.3542470555425059,0.05054689295810218]"
v3.3,393de51ec9fec163,arctan,independent,inf,0.0,0.39,-0.004447733508439952,2.2593717868835128e-10,2.3707893225071155e-17,0.0,1,0.0,"[0.5952060514993919,0.3542470555425059,0.05054689295810218]"
v3.3,393de51ec9fec163,arctan,independent,inf,0.0,0.4,-0.004447733508471476,2.2594062731862152e-10,2.3707893225071155e-17,0.0,1,0.0,"[0.5952060514993919,0.3542470555425059,0.05054689295810218]"
v3.3,393de51ec9fec163,arctan,independent,inf,0.0,0.41,-0.0044477335085037,2.2594356247074288e-10,2.3707893225071158e-17,0.0,1,0.0,"[0.5952060514993919,0.3542470555425059,0.05054689295810218]"
v3.3,393de51ec9fec163,arctan,independent,inf,0.0,0.42,-0.004447733508536472,2.2594703885658873e-10,2.3707893225071155e-17,0.0,1,0.0,"[0.5952060514993919,0.3542470555425059,0.05054689295810218]"
v3.3,393de51ec9fec163,arctan,independent,inf,0.0,0.43,-0.00444773350857023,2.2595025850336015e-10,2.3707893225071155e-17,0.0,1,0.0,"[0.5952060514993919,0.3542470555425059,0.05054689295810218]"
v3.3,393de51ec9fec163,arctan,independent,inf,0.0,0.44,-0.004447733508604772,2.2595416510062805e-10,2.3707893225071155e-17,0.0,1,0.0,"[0.5952060514993919,0.3542470555425059,0.05054689295810218]"
v3.3,393de51ec9fec163,arctan,independent,inf,0.0,0.45,-0.004447733508640181,2.2595737086961165e-10,2.3707893225071155e-17,0.0,1,0.0,"[0.5952060514993919,0.3542470555425059,0.05054689295810218]"
v3.3,393de51ec9fec163,arctan,independent,inf,0.0,0.46,-0.0044477335086763325,2.25961173383471e-10,2.3707893225071155e-17,0.0,1,0.0,"[0.5952060514993919,0.3542470555425059,0.05054689295810218]"
v3.3,393de51ec9fec163,arctan,independent,inf,0.0,0.47,-0.004447733508713143,2.2596465670821075e-10,2.3707893225071155e-17,0.0,1,0.0,"[0.5952060514993919,0.3542470555425059,0.05054689295810218]"
v3.3,393de51ec9fec163,arctan,independent,inf,0.0,0.48,-0.004447733508750787,2.2596874371672016e-10,2.3707893225071158e-17,0.0,1,0.0,"[0.5952060514993919,0.3542470555425059,0.05054689295810218]"
v3.3,393de51ec9fec163,arctan,independent,inf,0.0,0.49,-0.004447733508789464,2.2597266419177586e-10,2.3707893225071155e-17,0.0,1,0.0,"[0.5952060514993919,0.3542470555425059,0.05054689295810218]"
v3.3,393de51ec9fec163,arctan,independent,inf,0.0,0.5,-0.004447733508828697,2.259764389500596e-10,2.3707893225071155e-17,0.0,1,0.0,"[0.5952060514993919,0.3542470555425059,0.05054689295810218]"
v3.3,393de51ec9fec163,arctan,independent,inf,0.0,0.51,-0.004447733508868713,2.2598010962493476e-10,2.3707893225071155e-17,0.0,1,0.0,"[0.5952060514993919,0.3542470555425059,0.05054689295810218]"
v3.3,393de51ec9fec163,arctan,independent,inf,0.0,0.52,-0.004447733508909646,2.2598483501168332e-10,2.3707893225071155e-17,0.0,1,0.0,"[0.5952060514993919,0.3542470555425059,0.05054689295810218]"
v3.3,393de51ec9fec163,arctan,independent,inf,0.0,0.53,-0.004447733508951564,2.259885265032402e-10,2.3707893225071155e-17,0.0,1,0.0,"[0.5952060514993919,0.3542470555425059,0.05054689295810218]"
v3.3,393de51ec9fec163,arctan,independent,inf,0.0,0.54,-0.004447733508993967,2.259929743342326e-10,2.3707893225071155e-17,0.0,1,0.0,"[0.5952060514993919,0.3542470555425059,0.05054689295810218]"
v3.3,393de51ec9fec163,arctan,independent,inf,0.0,0.55,-0.004447733509037162,2.2599762339314822e-10,2.3707893225071155e-17,0.0,1,0.0,"[0.5952060514993919,0.3542470555425059,0.05054689295810218]"
v3.3,393de51ec9fec163,arctan,independent,inf,0.0,0.56,-0.004447733509081037,2.2600179366838447e-10,2.3707893225071155e-17,0.0,1,0.0,"[0.5952060514993919,0.3542470555425059,0.05054689295810218]"
v3.3,393de51ec9fec163,arctan,independent,inf,0.0,0.5700000000000001,-0.004447733509126001,2.2600622762158906e-10,2.3707893225071155e-17,0.0,1,0.0,"[0.5952060514993919,0.3542470555425059,0.05054689295810218]"
v3.3,393de51ec9fec163,arctan,independent,inf,0.0,0.5800000000000001,-0.004447733509171499,2.260112513807755e-10,2.3707893225071155e-17,0.0,1,0.0,"[0.5952060514993919,0.3542470555425059,0.05054689295810218]"
v3.3,393de51ec9fec163,arctan,independent,inf,0.0,0.5900000000000001,-0.004447733509218059,2.260155188005264e-10,2.3707893225071155e-17,0.0,1,0.0,"[0.5952060514993919,0.3542470555425059,0.05054689295810218]"
v3.3,393de51ec9fec163,arctan,independent,inf,0.0,0.6000000000000001,-0.004447733509265438,2.260203274540018e-10,2.3707893225071155e-17,0.0,1,0.0,"[0.5952060514993919,0.3542470555425059,0.05054689295810218]"
v3.3,393de51ec9fec163,arctan,independent,inf,0.0,0.6100000000000001,-0.004447733509313198,2.2602514304637111e-10,2.3707893225071155e-17,0.0,1,0.0,"[0.5952060514993919,0.3542470555425059,0.05054689295810218]"
v3.3,393de51ec9fec163,arctan,independent,inf,0.0,0.6200000000000001,-0.004447733509362083,2.2603050681135883e-10,2.3707893225071158e-17,0.0,1,0.0,"[0.5952060514993919,0.3542470555425059,0.05054689295810218]"
v3.3,393de51ec9fec163,arctan,independent,inf,0.0,0.63,-0.004447733509411578,2.2603510729801712e-10,2.3707893225071155e-17,0.0,1,0.0,"[0.5952060514993919,0.3542470555425059,0.05054689295810218]"
v3.3,393de51ec9fec163,arctan,independent,inf,0.0,0.64,-0.004447733509462176,2.2604028371286944e-10,2.3707893225071155e-17,0.0,1,0.0,"[0.5952060514993919,0.3542470555425059,0.05054689295810218]"
v3.3,393de51ec9fec163,arctan,independent,inf,0.0,0.65,-0.004447733509513212,2.2604546012772175e-10,2.3707893225071158e-17,0.0,1,0.0,"[0.5952060514993919,0.3542470555425059,0.05054689295810218]"
v3.3,393de51ec9fec163,arctan,independent,inf,0.0,0.66,-0.004447733509565316,2.2605096267058755e-10,2.3707893225071155e-17,0.0,1,0.0,"[0.5952060514993919,0.3542470555425059,0.05054689295810218]"
v3.3,393de51ec9fec163,arctan,independent,inf,0.0,0.67,-0.004447733509618239,2.2605649990792287e-10,2.3707893225071155e-17,0.0,1,0.0,"[0.5952060514993919,0.3542470555425059,0.05054689295810218]"
v3.3,393de51ec9fec163,arctan,independent,inf,0.0,0.68,-0.0044477335096717655,2.260617248950325e-10,2.3707893225071155e-17,0.0,1,0.0,"[0.5952060514993919,0.3542470555425059,0.05054689295810218]"
v3.3,393de51ec9fec163,arctan,independent,inf,0.0,0.6900000000000001,-0.004447733509726062,2.260668596765214e-10,2.3707893225071155e-17,0.0,1,0.0,"[0.5952060514993919,0.3542470555425059,0.05054689295810218]"
v3.3,393de51ec9fec163,arctan,independent,inf,0.0,0.7000000000000001,-0.004447733509781289,2.2607268834740069e-10,2.3707893225071155e-17,0.0,1,0.0,"[0.5952060514993919,0.3542470555425059,0.05054689295810218]"
v3.3,393de51ec9fec163,arctan,independent,inf,0.0,0.7100000000000001,-0.004447733509837196,2.2607845456823483e-10,2.3707893225071155e-17,0.0,1,0.0,"[0.5952060514993919,0.3542470555425059,0.05054689295810218]"
v3.3,393de51ec9fec163,arctan,independent,inf,0.0,0.7200000000000001,-0.004447733509893741,2.260842554835385e-10,2.3707893225071155e-17,0.0,1,0.0,"[0.5952060514993919,0.3542470555425059,0.05054689295810218]"
v3.3,393de51ec9fec163,arctan,independent,inf,0.0,0.7300000000000001,-0.004447733509951313,2.2608988986538847e-10,2.3707893225071158e-17,0.0,1,0.0,"[0.5952060514993919,0.3542470555425059,0.05054689295810218]"
v3.3,393de51ec9fec163,arctan,independent,inf,0.0,0.7400000000000001,-0.004447733510009828,2.2609533689710304e-10,2.3707893225071155e-17,0.0,1,0.0,"[0.5952060514993919,0.3542470555425059,0.05054689295810218]"
v3.3,393de51ec9fec163,arctan,independent,inf,0.0,0.7500000000000001,-0.0044477335100689755,2.2610176231285806e-10,2.3707893225071155e-17,0.0,1,0.0,"[0.5952060514993919,0.3542470555425059,0.05054689295810218]"
v3.3,393de51ec9fec163,arctan,independent,inf,0.0,0.76,-0.004447733510128969,2.2610811140078013e-10,2.3707893225071155e-17,0.0,1,0.0,"[0.5952060514993919,0.3542470555425059,0.05054689295810218]"
v3.3,393de51ec9fec163,arctan,independent,inf,0.0,0.77,-0.004447733510189497,2.2611384292714476e-10,2.3707893225071155e-17,0.0,1,0.0,"[0.5952060514993919,0.3542470555425059,0.05054689295810218]"
v3.3,393de51ec9fec163,arctan,independent,inf,0.0,0.78,-0.004447733510251184,2.2612024058732416e-10,2.3707893225071155e-17,0.0,1,0.0,"[0.5952060514993919,0.3542470555425059,0.05054689295810218]"
v3.3,393de51ec9fec163,arctan,independent,inf,0.0,0.79,-0.004447733510313447,2.2612680478095726e-10,2.3707893225071155e-17,0.0,1,0.0,"[0.5952060514993919,0.3542470555425059,0.05054689295810218]"
v3.3,393de51ec9fec163,arctan,independent,inf,0.0,0.8,-0.004447733510376618,2.2613279304639633e-10,2.3707893225071155e-17,0.0,1,0.0,"[0.5952060514993919,0.3542470555425059,0.05054689295810218]"
v3.3,393de51ec9fec163,arctan,independent,inf,0.0,0.81,-0.004447733510440317,2.2613936417892333e-10,2.3707893225071155e-17,0.0,1,0.0,"[0.5952060514993919,0.3542470555425059,0.05054689295810218]"
v3.3,393de51ec9fec163,arctan,independent,inf,0.0,0.8200000000000001,-0.004447733510505036,2.2614580347246616e-10,2.3707893225071155e-17,0.0,1,0.0,"[0.5952060514993919,0.3542470555425059,0.05054689295810218]"
v3.3,393de51ec9fec163,arctan,independent,inf,0.0,0.8300000000000001,-0.004447733510570567,2.2615274930526397e-10,2.3707893225071155e-17,0.0,1,0.0,"[0.5952060514993919,0.3542470555425059,0.05054689295810218]"
v3.3,393de51ec9fec163,arctan,independent,inf,0.0,0.8400000000000001,-0.004447733510636813,2.2615905675982262e-10,2.3707893225071155e-17,0.0,1,0.0,"[0.5952060514993919,0.3542470555425059,0.05054689295810218]"
v3.3,393de51ec9fec163,arctan,independent,inf,0.0,0.8500000000000001,-0.004447733510703891,2.261661274927107e-10,2.3707893225071155e-17,0.0,1,0.0,"[0.5952060514993919,0.3542470555425059,0.05054689295810218]"
v3.3,393de51ec9fec163,arctan,independent,inf,0.0,0.8600000000000001,-0.004447733510771809,2.26172532091784e-10,2.3707893225071155e-17,0.0,1,0.0,"[0.5952060514993919,0.3542470555425059,0.05054689295810218]"
v3.3,393de51ec9fec163,arctan,independent,inf,0.0,0.8700000000000001,-0.004447733510840442,2.261799983416246e-10,2.3707893225071158e-17,0.0,1,0.0,"[0.5952060514993919,0.3542470555425059,0.05054689295810218]"
v3.3,393de51ec9fec163,arctan,independent,inf,0.0,0.8800000000000001,-0.0044477335109099,2.261867290687114e-10,2.3707893225071155e-17,0.0,1,0.0,"[0.5952060514993919,0.3542470555425059,0.05054689295810218]"
v3.3,393de51ec9fec163,arctan,independent,inf,0.0,0.89,-0.004447733510980233,2.2619379980159948e-10,2.3707893225071155e-17,0.0,1,0.0,"[0.5952060514993919,0.3542470555425059,0.05054689295810218]"
v3.3,393de51ec9fec163,arctan,independent,inf,0.0,0.9,-0.004447733511051412,2.262011133957742e-10,2.3707893225071155e-17,0.0,1,0.0,"[0.5952060514993919,0.3542470555425059,0.05054689295810218]"
v3.3,393de51ec9fec163,arctan,independent,inf,0.0,0.91,-0.004447733511123056,2.2620853801225138e-10,2.3707893225071155e-17,0.0,1,0.0,"[0.5952060514993919,0.3542470555425059,0.05054689295810218]"
v3.3,393de51ec9fec163,arctan,independent,inf,0.0,0.92,-0.004447733511195699,2.2621582385085048e-10,2.3707893225071155e-17,0.0,1,0.0,"[0.5952060514993919,0.3542470555425059,0.05054689295810218]"
v3.3,393de51ec9fec163,arctan,independent,inf,0.0,0.93,-0.004447733511269147,2.2622327622290328e-10,2.3707893225071155e-17,0.0,1,0.0,"[0.5952060514993919,0.3542470555425059,0.05054689295810218]"
v3.3,393de51ec9fec163,arctan,independent,inf,0.0,0.9400000000000001,-0.004447733511343414,2.2623029838353403e-10,2.3707893225071155e-17,0.0,1,0.0,"[0.5952060514993919,0.3542470555425059,0.05054689295810218]"
v3.3,393de51ec9fec163,arctan,independent,inf,0.0,0.9500000000000001,-0.004447733511418618,2.2623812545585764e-10,2.3707893225071155e-17,0.0,1,0.0,"[0.5952060514993919,0.3542470555425059,0.05054689295810218]"
v3.3,393de51ec9fec163,arctan,independent,inf,0.0,0.9600000000000001,-0.004447733511494155,2.2624619538946789e-10,2.3707893225071155e-17,0.0,1,0.0,"[0.5952060514993919,0.3542470555425059,0.05054689295810218]"
v3.3,393de51ec9fec163,arctan,independent,inf,0.0,0.9700000000000001,-0.004447733511570767,2.2625364776152068e-10,2.3707893225071155e-17,0.0,1,0.0,"[0.5952060514993919,0.3542470555425059,0.05054689295810218]"
v3.3,393de51ec9fec163,arctan,independent,inf,0.0,0.9800000000000001,-0.004447733511648143,2.262616621839797e-10,2.3707893225071155e-17,0.0,1,0.0,"[0.5952060514993919,0.3542470555425059,0.05054689295810218]"
v3.3,393de51ec9fec163,arctan,independent,inf,0.0,0.9900000000000001,-0.004447733511726358,2.2626959333971186e-10,2.3707893225071155e-17,0.0,1,0.0,"[0.5952060514993919,0.3542470555425059,0.05054689295810218]"
v3.3,393de51ec9fec163,arctan,independent,inf,0.0,1.0,-0.00444773351180535,2.2627721918411225e-10,2.3707893225071155e-17,0.0,1,0.0,"[0.5952060514993919,0.3542470555425059,0.05054689295810218]"
v3.3,393de51ec9fec163,arctan,independent,inf,0.0,1.01,-0.004447733511885224,2.2628540707891887e-10,2.3707893225071155e-17,0.0,1,0.0,"[0.5952060514993919,0.3542470555425059,0.05054689295810218]"
v3.3,393de51ec9fec163,arctan,independent,inf,0.0,1.02,-0.004447733511965604,2.2629351170699863e-10,2.3707893225071155e-17,0.0,1,0.0,"[0.5952060514993919,0.3542470555425059,0.05054689295810218]"
v3.3,393de51ec9fec163,arctan,independent,inf,0.0,1.03,-0.004447733512047011,2.263018175630016e-10,2.3707893225071155e-17,0.0,1,0.0,"[0.5952060514993919,0.3542470555425059,0.05054689295810218]"
v3.3,393de51ec9fec163,arctan,independent,inf,0.0,1.04,-0.00444773351212923,2.2631018586904972e-10,2.3707893225071155e-17,0.0,1,0.0,"[0.5952060514993919,0.3542470555425059,0.05054689295810218]"
v3.3,393de51ec9fec163,arctan,independent,inf,0.0,1.05,-0.0044477335122122125,2.263184986639466e-10,2.3707893225071155e-17,0.0,1,0.0,"[0.5952060514993919,0.3542470555425059,0.05054689295810218]"
v3.3,393de51ec9fec163,arctan,independent,inf,0.0,1.06,-0.004447733512296159,2.2632717228132648e-10,2.3707893225071155e-17,0.0,1,0.0,"[0.5952060514993919,0.3542470555425059,0.05054689295810218]"
v3.3,393de51ec9fec163,arctan,independent,inf,0.0,1.07,-0.0044477335123804945,2.2633565854857096e-10,2.3707893225071155e-17,0.0,1,0.0,"[0.5952060514993919,0.3542470555425059,0.05054689295810218]"
v3.3,393de51ec9fec163,arctan,independent,inf,0.0,1.08,-0.004447733512465704,2.2634429053258742e-10,2.3707893225071155e-17,0.0,1,0.0,"[0.5952060514993919,0.3542470555425059,0.05054689295810218]"
v3.3,393de51ec9fec163,arctan,independent,inf,0.0,1.09,-0.00444773351255183,2.263529502721795e-10,2.3707893225071155e-17,0.0,1,0.0,"[0.5952060514993919,0.3542470555425059,0.05054689295810218]"
v3.3,393de51ec9fec163,arctan,independent,inf,0.0,1.1,-0.004447733512638885,2.2636190838420944e-10,2.3707893225071155e-17,0.0,1,0.0,"[0.5952060514993919,0.3542470555425059,0.05054689295810218]"
v3.3,393de51ec9fec163,arctan,independent,inf,0.0,1.11,-0.004447733512726454,2.263706930238918e-10,2.3707893225071155e-17,0.0,1,0.0,"[0.5952060514993919,0.3542470555425059,0.05054689295810218]"
v3.3,393de51ec9fec163,arctan,independent,inf,0.0,1.12,-0.004447733512814821,2.2637990093610227e-10,2.3707893225071155e-17,0.0,1,0.0,"[0.5952060514993919,0.3542470555425059,0.05054689295810218]"
v3.3,393de51ec9fec163,arctan,independent,inf,0.0,1.1300000000000001,-0.004447733512904228,2.2638853292011873e-10,2.3707893225071155e-17,0.0,1,0.0,"[0.5952060514993919,0.3542470555425059,0.05054689295810218]"
v3.3,393de51ec9fec163,arctan,independent,inf,0.0,1.1400000000000001,-0.004447733512994628,2.2639749797104258e-10,2.3707893225071155e-17,0.0,1,0.0,"[0.5952060514993919,0.3542470555425059,0.05054689295810218]"
v3.3,393de51ec9fec163,arctan,independent,inf,0.0,1.1500000000000001,-0.004447733513085243,2.264065809831628e-10,2.3707893225071155e-17,0.0,1,0.0,"[0.5952060514993919,0.3542470555425059,0.05054689295810218]"
v3.3,393de51ec9fec163,arctan,independent,inf,0.0,1.1600000000000001,-0.004447733513176962,2.264161635956441e-10,2.3707893225071155e-17,0.0,1,0.0,"[0.5952060514993919,0.3542470555425059,0.05054689295810218]"
v3.3,393de51ec9fec163,arctan,independent,inf,0.0,1.1700000000000002,-0.004447733513269492,2.2642546171347533e-10,2.3707893225071155e-17,0.0,1,0.0,"[0.5952060514993919,0.3542470555425059,0.05054689295810218]"
v3.3,393de51ec9fec163,arctan,independent,inf,0.0,1.1800000000000002,-0.004447733513362542,2.2643457248117116e-10,2.3707893225071155e-17,0.0,1,0.0,"[0.5952060514993919,0.3542470555425059,0.05054689295810218]"
v3.3,393de51ec9fec163,arctan,independent,inf,0.0,1.1900000000000002,-0.0044477335134567655,2.2644448122166594e-10,2.3707893225071155e-17,0.0,1,0.0,"[0.5952060514993919,0.3542470555425059,0.05054689295810218]"
v3.3,393de51ec9fec163,arctan,independent,inf,0.0,1.2000000000000002,-0.004447733513551565,2.2645386954511793e-10,2.3707893225071155e-17,0.0,1,0.0,"[0.5952060514993919,0.3542470555425059,0.05054689295810218]"
v3.3,393de51ec9fec163,arctan,independent,inf,0.0,1.21,-0.004447733513647238,2.26463611752159e-10,2.3707893225071155e-17,0.0,1,0.0,"[0.5952060514993919,0.3542470555425059,0.05054689295810218]"
v3.3,393de51ec9fec163,arctan,independent,inf,0.0,1.22,-0.004447733513743828,2.264733747758818e-10,2.3707893225071155e-17,0.0,1,0.0,"[0.5952060514993919,0.3542470555425059,0.05054689295810218]"
v3.3,393de51ec9fec163,arctan,independent,inf,0.0,1.23,-0.004447733513840826,2.2648320718854364e-10,2.3707893225071155e-17,0.0,1,0.0,"[0.5952060514993919,0.3542470555425059,0.05054689295810218]"
v3.3,393de51ec9fec163,arctan,independent,inf,0.0,1.24,-0.00444773351388314,2.2654857850801235e-10,2.3707893225071158e-17,0.0,1,0.0,"[0.5952060514993919,0.3542470555425059,0.05054689295810218]"
v3.3,393de51ec9fec163,arctan,independent,inf,0.0,1.25,-0.004447733513893888,2.2664693039020634e-10,2.3707893225071155e-17,0.0,1,0.0,"[0.5952060514993919,0.3542470555425059,0.05054689295810218]"
v3.3,393de51ec9fec163,arctan,independent,inf,0.0,1.26,-0.0044477335139050805,2.267456153393077e-10,2.3707893225071155e-17,0.0,1,0.0,"[0.5952060514993919,0.3542470555425059,0.05054689295810218]"
v3.3,393de51ec9fec163,arctan,independent,inf,0.0,1.27,-0.004447733513916204,2.2684492478886042e-10,2.3707893225071158e-17,0.0,1,0.0,"[0.5952060514993919,0.3542470555425059,0.05054689295810218]"
v3.3,393de51ec9fec163,arctan,independent,inf,0.0,1.28,-0.004447733513927514,2.2694501139453038e-10,2.3707893225071155e-17,0.0,1,0.0,"[0.5952060514993919,0.3542470555425059,0.05054689295810218]"
v3.3,393de51ec9fec163,arctan,independent,inf,0.0,1.29,-0.00444773351393888,2.2704568086728827e-10,2.3707893225071155e-17,0.0,1,0.0,"[0.5952060514993919,0.3542470555425059,0.05054689295810218]"
v3.3,393de51ec9fec163,arctan,independent,inf,0.0,1.3,-0.004447733513950482,2.271474744408586e-10,2.3707893225071158e-17,0.0,1,0.0,"[0.5952060514993919,0.3542470555425059,0.05054689295810218]"
v3.3,393de51ec9fec163,arctan,independent,inf,0.0,1.31,-0.004447733513961841,2.272503366040901e-10,2.3707893225071155e-17,0.0,1,0.0,"[0.5952060514993919,0.3542470555425059,0.05054689295810218]"
v3.3,393de51ec9fec163,arctan,independent,inf,0.0,1.32,-0.0044477335139735605,2.273536706121071e-10,2.3707893225071155e-17,0.0,1,0.0,"[0.5952060514993919,0.3542470555425059,0.05054689295810218]"
v3.3,393de51ec9fec163,arctan,independent,inf,0.0,1.33,-0.004447733513985114,2.2745783034849865e-10,2.3707893225071155e-17,0.0,1,0.0,"[0.5952060514993919,0.3542470555425059,0.05054689295810218]"
v3.3,393de51ec9fec163,arctan,independent,inf,0.0,1.34,-0.004447733513996868,2.27562364785161e-10,2.3707893225071155e-17,0.0,1,0.0,"[0.5952060514993919,0.3542470555425059,0.05054689295810218]"
v3.3,393de51ec9fec163,arctan,independent,inf,0.0,1.35,-0.004447733514008789,2.276682106727712e-10,2.3707893225071155e-17,0.0,1,0.0,"[0.5952060514993919,0.3542470555425059,0.05054689295810218]"
v3.3,393de51ec9fec163,arctan,independent,inf,0.0,1.36,-0.004447733514020606,2.2777507657778528e-10,2.3707893225071155e-17,0.0,1,0.0,"[0.5952060514993919,0.3542470555425059,0.05054689295810218]"
v3.3,393de51ec9fec163,arctan,independent,inf,0.0,1.37,-0.004447733514032576,2.2788208819957134e-10,2.3707893225071155e-17,0.0,1,0.0,"[0.5952060514993919,0.3542470555425059,0.05054689295810218]"
v3.3,393de51ec9fec163,arctan,independent,inf,0.0,1.3800000000000001,-0.004447733514044823,2.2799030025000278e-10,2.3707893225071155e-17,0.0,1,0.0,"[0.5952060514993919,0.3542470555425059,0.05054689295810218]"
v3.3,393de51ec9fec163,arctan,independent,inf,0.0,1.3900000000000001,-0.004447733514057167,2.280988731229172e-10,2.3707893225071155e-17,0.0,1,0.0,"[0.5952060514993919,0.3542470555425059,0.05054689295810218]"
v3.3,393de51ec9fec163,arctan,independent,inf,0.0,1.4,-0.004447733514069199,2.2820829254088792e-10,2.3707893225071155e-17,0.0,1,0.0,"[0.5952060514993919,0.3542470555425059,0.05054689295810218]"
v3.3,393de51ec9fec163,arctan,common,1,1.0,0.05,-0.00449483555936063,2.1571670144604482e-10,3.2744934532835455e-11,0.0,1,0.0,"[0.5926543220101634,0.35568693655356143,0.05165874143627512]"
v3.3,393de51ec9fec163,arctan,common,1,1.0,0.060000000000000005,-0.004509940317072844,1.6046190071117294e-10,4.308118480676848e-12,0.0013348325320986958,1,0.0,"[0.5915674361101503,0.35630036682126837,0.052132197068581465]"
v3.3,393de51ec9fec163,arctan,common,1,1.0,0.07,-0.004523811824251135,7.167459681323152e-11,1.3055178463178777e-11,0.0015447109731805968,1,0.0,"[0.5903096497070714,0.35701016749159065,0.0526801828013379]"
v3.3,393de51ec9fec163,arctan,common,1,1.0,0.08,-0.0045348839198299795,2.6396717450749563e-10,1.4438233852170489e-12,0.0017400320439220176,1,0.0,"[0.5888927986572325,0.3578094532601014,0.05329774808266613]"
v3.3,393de51ec9fec163,arctan,common,1,1.0,0.09,-0.0045416141595092385,1.5360437921607684e-10,2.2441215090548255e-12,0.0019197871505754614,1,0.0,"[0.5873295302955213,0.35869076378575243,0.05397970591872629]"
v3.3,393de51ec9fec163,arctan,common,1,1.0,0.1,-0.004542546657294769,7.07260430776735e-11,3.201266260144091e-12,0.002083336053426276,1,0.0,"[0.5856330032538049,0.35964622596936646,0.05472077077682863]"
v3.3,393de51ec9fec163,arctan,common,1,1.0,0.11,-0.004536363825388023,1.3327541847907298e-10,4.258600245925903e-12,0.0022303798001174165,1,0.0,"[0.5838166103323902,0.36066771229132294,0.05551567737628691]"
v3.3,393de51ec9fec163,arctan,common,1,1.0,0.12000000000000001,-0.004521924231760947,1.2181006203704214e-10,5.347294800649083e-12,0.002360924983918352,1,0.0,"[0.5818937314513977,0.3617469905905188,0.05635927795808362]"
v3.3,393de51ec9fec163,arctan,common,1,1.0,0.13,-0.004498286793833961,1.2377067426516675e-10,6.39730737990991e-12,0.0024752419598843586,1,0.0,"[0.5798775214316265,0.36287586085665396,0.05724661771171945]"
v3.3,393de51ec9fec163,arctan,common,1,1.0,0.14,-0.004464722853514944,2.080042110774727e-10,7.34756788863154e-12,0.002573820713476466,1,0.0,"[0.5777807342836763,0.3640462760463504,0.05817298966997323]"
v3.3,393de51ec9fec163,arctan,common,1,1.0,0.15000000000000002,-0.00442071760905266,7.56952209246542e-11,8.151797070579128e-12,0.002657327003344198,1,0.0,"[0.5756155835168127,0.3652504450929134,0.059133971390274]"
v3.3,393de51ec9fec163,arctan,common,1,1.0,0.16,-0.004365962965687531,5.890826021426321e-11,8.781020916073369e-12,0.0027265607417480894,1,0.0,"[0.5733936363836626,0.3664809173721816,0.06012544624415593]"
v3.3,393de51ec9fec163,arctan,common,1,1.0,0.16999999999999998,-0.004300343897439114,1.012285810730873e-10,9.223068811544495e-12,0.002782417933086423,1,0.0,"[0.571125738931772,0.36773064881687895,0.0611436122513491]"
v3.3,393de51ec9fec163,arctan,common,1,1.0,0.18,-0.004223920370300692,9.992744826048394e-11,9.480359963798874e-12,0.0028258569478940426,1,0.0,"[0.5688219681471255,0.36899305060544013,0.062184981247434455]"
v3.3,393de51ec9fec163,arctan,common,1,1.0,0.19,-0.004136906377898965,5.247546841502526e-11,9.565976952088676e-12,0.002857869479126017,1,0.0,"[0.5664916072467802,0.3702620218811531,0.06324637087206678]"
v3.3,393de51ec9fec163,arctan,common,1,1.0,0.2,-0.00403964768947325,1.3062830678256532e-10,9.500119283447444e-12,0.0028794562053322307,1,0.0,"[0.564143140211896,0.3715319682961595,0.06432489149194445]"
v3.3,393de51ec9fec163,arctan,common,1,1.0,0.21000000000000002,-0.00393259943298381,1.246469941151851e-10,9.3070553700574e-12,0.002891606958562986,1,0.0,"[0.5617842618655519,0.37279780834760495,0.06541792978684309]"
v3.3,393de51ec9fec163,arctan,common,1,1.0,0.22000000000000003,-0.0038163043326256973,1.6226894827831018e-10,9.0117788293453e-12,0.0028952850471041566,1,0.0,"[0.5594219001244072,0.3740549695115053,0.06652313036408757]"
v3.3,393de51ec9fec163,arctan,common,1,1.0,0.22999999999999998,-0.0036913723054817077,6.631693805214667e-11,8.639006218103662e-12,0.002891415297836913,1,0.0,"[0.5570622474375038,0.3752993761164527,0.06763837644604352]"
v3.3,393de51ec9fec163,arctan,common,1,1.0,0.24,-0.0035584616897002957,9.157901520451261e-11,8.21104792727074e-12,0.0028808753449629247,1,0.0,"[0.5547107988310523,0.37652743076480416,0.06876177040414339]"
v3.3,393de51ec9fec163,arctan,common,1,1.0,0.25,-0.003418262717513089,5.0632470438571886e-11,7.747288869484861e-12,0.0028644896879006813,1,0.0,"[0.5523723943782393,0.3777359909299596,0.06989161469180112]"
v3.3,393de51ec9fec163,arctan,common,1,1.0,0.26,-0.00327148267565245,7.509917687720247e-11,7.264274046975943e-12,0.0028430260607199857,1,0.0,"[0.5500512642903262,0.37892234215636217,0.07102639355331158]"
v3.3,393de51ec9fec163,arctan,common,1,1.0,0.27,-0.0031188335075707577,1.881090491706594e-10,6.77538076818953e-12,0.002817193689938401,1,0.0,"[0.5477510751691271,0.3800841690804182,0.0721647557504547]"
v3.3,393de51ec9fec163,arctan,common,1,1.0,0.28,-0.002961021191476676,1.7032814048079103e-10,6.2910565544428025e-12,0.002787643060435556,1,0.0,"[0.5454749762659944,0.3812195252875379,0.0733054984464678]"
v3.3,393de51ec9fec163,arctan,common,1,1.0,0.29,-0.0027987370704033315,1.7860431189564707e-10,5.819185351636625e-12,0.002754966855818698,1,0.0,"[0.543225644857128,0.3823268028309069,0.07444755231196508]"
v3.3,393de51ec9fec163,arctan,common,1,1.0,0.3,-0.002632650921482238,1.2349064826278067e-10,5.365625880075972e-12,0.0027197017864117315,1,0.0,"[0.541005330070216,0.3834047020661619,0.07558996786362214]"
v3.3,393de51ec9fec163,arctan,common,1,1.0,0.31,-0.0024634055220310314,9.107280901643477e-11,4.934213706332452e-12,0.0026823310628630776,1,0.0,"[0.5388158946856145,0.3844522023052122,0.07673190300917318]"
v3.3,393de51ec9fec163,arctan,common,1,1.0,0.32,-0.0022916126046464425,1.6834052207759242e-10,4.527522587453097e-12,0.002643287314739225,1,0.0,"[0.5366588545898952,0.38546853366258216,0.07787261174752264]"
v3.3,393de51ec9fec163,arctan,common,1,1.0,0.33,-0.0021178499690727506,8.330272582846021e-11,4.14674179718032e-12,0.002602955790656956,1,0.0,"[0.5345354156844392,0.386453150358199,0.07901143395736188]"
v3.3,393de51ec9fec163,arctan,common,1,1.0,0.33999999999999997,-0.0019426596347920586,8.807340273753184e-11,7.195620698079904e-12,0.0025616776993496954,1,0.0,"[0.5324465081589222,0.38740570564408244,0.08014778619699524]"
v3.3,393de51ec9fec163,arctan,common,1,1.0,0.35,-0.0017665467663627796,4.466919889534182e-11,3.464098798959215e-12,0.0025197536672595783,1,0.0,"[0.5303928180516235,0.38832602849712794,0.08128115345124853]"
v3.3,393de51ec9fec163,arctan,common,1,1.0,0.36,-0.0015899794188142316,7.914695981936504e-11,3.161300253163801e-12,0.0024774469600285405,1,0.0,"[0.5283748163042403,0.38921410199366197,0.0824110817020976]"
v3.3,393de51ec9fec163,arctan,common,1,1.0,0.37,-0.001413388802480306,8.789274169584971e-11,2.882874344054052e-12,0.0024349869563505167,1,0.0,"[0.5263927851076781,0.39007004357264624,0.08353717131967563]"
v3.3,393de51ec9fec163,arctan,common,1,1.0,0.38,-0.0012371699184498403,5.2114056126040254e-11,2.627521997304994e-12,0.0023925721476737855,1,0.0,"[0.5244468419340602,0.3908940869394979,0.08465907112644191]"
v3.3,393de51ec9fec163,arctan,common,1,1.0,0.39,-0.001061682692281296,1.4253634383898373e-10,2.39391026946647e-12,0.0023503731814542407,1,0.0,"[0.5225369612164518,0.39168656567381754,0.08577647310973079]"
v3.3,393de51ec9fec163,arctan,common,1,1.0,0.4,-0.0008872533213053133,4.7343587383785746e-11,2.180542833075779e-12,0.002308535655939444,1,0.0,"[0.5206629938777126,0.3924478984184069,0.08688910770388056]"
v3.3,393de51ec9fec163,arctan,common,1,1.0,0.41,-0.000714175701794599,9.266310635469566e-11,1.985956935937725e-12,0.0022671827342735074,1,0.0,"[0.5188246848514615,0.3931785755634037,0.08799673958513478]"
v3.3,393de51ec9fec163,arctan,common,1,1.0,0.42,-0.0005427133177178453,1.3682628641209504e-10,1.8086307138743932e-12,0.0022264175643470804,1,0.0,"[0.5170216887479506,0.39387914732653584,0.08909916392551362]"
v3.3,393de51ec9fec163,arctan,common,1,1.0,0.43,-0.00037310078919623735,1.2374363339562322e-10,1.647272481547538e-12,0.002186325505469788,1,0.0,"[0.5152535838157783,0.39455021312741756,0.09019620305680419]"
v3.3,393de51ec9fec163,arctan,common,1,1.0,0.44,-0.00020554578366331622,4.69821057058617e-11,1.5004968146412312e-12,0.002146976166566916,1,0.0,"[0.5135198843458745,0.39519241215361334,0.09128770350051212]"
v3.3,393de51ec9fec163,arctan,common,1,1.0,0.45,-4.0230763598922414e-05,7.929137207929315e-11,1.3670860930228343e-12,0.0021084252631915486,1,0.0,"[0.5118200516578626,0.3958064150181258,0.0923735333240117]"
v3.3,393de51ec9fec163,arctan,common,1,1.0,0.46,0.000122685148932343,4.459682623192407e-11,2.9206055406395675e-12,0.00207071629782474,1,0.0,"[0.510153503805339,0.3963929164084862,0.0934535797861749]"
v3.3,393de51ec9fec163,arctan,common,1,1.0,0.47,0.00028306450759740115,6.143818787052169e-11,1.1357115365044842e-12,0.0020338821103245215,1,0.0,"[0.5085196240963628,0.39695262865598807,0.09452774724764927]"
v3.3,393de51ec9fec163,arctan,common,1,1.0,0.48,0.00044078978314599643,3.838069445594172e-11,1.0356536673915586e-12,0.001997946181007138,1,0.0,"[0.5069177686285948,0.39748627607561926,0.09559595529578596]"
v3.3,393de51ec9fec163,arctan,common,1,1.0,0.49,0.0005957617795361095,7.495455645045723e-11,9.446982707479086e-13,0.0019629239538552818,1,0.0,"[0.5053472728061167,0.39799459009945276,0.0966581370944305]"
v3.3,393de51ec9fec163,arctan,common,1,1.0,0.5,0.0007478980683459646,4.6476246462479054e-11,8.621319652263922e-13,0.0019288238704413309,1,0.0,"[0.5038074570758656,0.3984783050239848,0.09771423790014962]"
v3.3,393de51ec9fec163,arctan,common,1,1.0,0.51,0.0008971315269082833,7.864090628695308e-11,7.870672841696316e-13,0.0018956483814189238,1,0.0,"[0.502297631889593,0.39893815436430785,0.09876421374609916]"
v3.3,393de51ec9fec163,arctan,common,1,1.0,0.52,0.0010434089469171168,6.779873884532606e-11,7.188827846887139e-13,0.0018633948178749537,1,0.0,"[0.5008171020010708,0.39937486773051994,0.09980803026840916]"
v3.3,393de51ec9fec163,arctan,common,1,1.0,0.53,0.0011866897534074453,7.51722295522228e-12,6.568951844770957e-13,0.0018320561688725055,1,0.0,"[0.49936517016874105,0.3997891681711306,0.10084566166012844]"
v3.3,393de51ec9fec163,arctan,common,1,1.0,0.54,0.0013269447801840112,4.914964268909472e-12,6.004764424541445e-13,0.001801621769807275,1,0.0,"[0.49794114033091513,0.40018176993054944,0.10187708973853538]"
v3.3,393de51ec9fec163,arctan,common,1,1.0,0.55,0.0014641551512872691,3.1804003874924547e-12,1.2668654758721212e-12,0.0017720779082824427,1,0.0,"[0.49654432031576284,0.40055337657146023,0.10290230311277687]"
v3.3,393de51ec9fec163,arctan,common,1,1.0,0.56,0.0015983112284489315,2.963483625162411e-12,2.6687579744549418e-12,0.001743408364929711,1,0.0,"[0.49517402413365147,0.40090467942378755,0.10392129644256101]"
v3.3,393de51ec9fec163,arctan,common,1,1.0,0.5700000000000001,0.001729411665740442,2.1683765893953932e-12,4.600586752430524e-13,0.00171559488860181,1,0.0,"[0.49382957390039817,0.4012363563226429,0.10493406977695895]"
v3.3,393de51ec9fec163,arctan,common,1,1.0,0.5800000000000001,0.0018574624791826769,5.637920685863662e-12,4.2137490117782356e-13,0.001688617561395592,1,0.0,"[0.49251030148431,0.40154907056044215,0.1059406279552478]"
v3.3,393de51ec9fec163,arctan,common,1,1.0,0.5900000000000001,0.001982476261639478,7.80614461959317e-12,3.86142939876742e-13,0.0016624552410424173,1,0.0,"[0.49121554979389587,0.40184347011839777,0.10694098008770647]"
v3.3,393de51ec9fec163,arctan,common,1,1.0,0.6000000000000001,0.002104471429224236,1.4456005836827046e-12,3.540086539300871e-13,0.001637085800632406,1,0.0,"[0.48994467388743973,0.4021201870350137,0.10793513907754669]"
v3.3,393de51ec9fec163,arctan,common,1,1.0,0.6100000000000001,0.002223471516207734,7.733966245204726e-12,3.2473212214448683e-13,0.0016124864305966191,1,0.0,"[0.48869704183799134,0.40237983696257745,0.10892312119943127]"
v3.3,393de51ec9fec163,arctan,common,1,1.0,0.6200000000000001,0.002339504557311446,4.047713553223531e-12,2.9800087526873625e-13,0.0015886338665231422,1,0.0,"[0.48747203541613643,0.40262301886252644,0.10990494572133715]"
v3.3,393de51ec9fec163,arctan,common,1,1.0,0.63,0.0024526025194411827,3.903197209886855e-12,2.7363067982444747e-13,0.0015655045896411086,1,0.0,"[0.48626905060980824,0.40285031482409667,0.11088063456609493]"
v3.3,393de51ec9fec163,arctan,common,1,1.0,0.64,0.0025628007574179865,1.2865875032019858e-11,2.5135360638502027e-13,0.0015430749981779782,1,0.0,"[0.48508749800282247,0.40306228998887056,0.11185021200830683]"
v3.3,393de51ec9fec163,arctan,common,1,1.0,0.65,0.0026701375969213695,1.5540221887100358e-11,2.3104203675607287e-13,0.0015213215529638665,1,0.0,"[0.48392680303132757,0.4032594925658487,0.11281370440282379]"
v3.3,393de51ec9fec163,arctan,common,1,1.0,0.66,0.0027746538142891033,4.625869132190985e-12,2.124355313445531e-13,0.001500220900323906,1,0.0,"[0.48278640613512425,0.40344245392348554,0.11377113994139032]"
v3.3,393de51ec9fec163,arctan,common,1,1.0,0.67,0.0028763923436378944,6.93891472058894e-12,1.9540632424198673e-13,0.0014797499749783177,1,0.0,"[0.48166576281881346,0.40361168874674325,0.11472254843444324]"
v3.3,393de51ec9fec163,arctan,common,1,1.0,0.68,0.0029753978699267117,8.23992957199593e-12,1.7986466899969235e-13,0.0014598860853841575,1,0.0,"[0.4805643436359528,0.4037676952486632,0.11566796111538397]"
v3.3,393de51ec9fec163,arctan,common,1,1.0,0.6900000000000001,0.003071716539835942,6.649708561567991e-12,1.656021115003777e-13,0.001440606983696752,1,0.0,"[0.47948163410781297,0.4039109554272457,0.11660741046494125]"
v3.3,393de51ec9fec163,arctan,common,1,1.0,0.7000000000000001,0.003165395645252096,4.192181324302879e-12,1.525512335794108e-13,0.0014218909222862253,1,0.0,"[0.47841713458692203,0.4040419353595741,0.1175409300535039]"
v3.3,393de51ec9fec163,arctan,common,1,1.0,0.7100000000000001,0.003256483409753312,4.192195202090687e-12,1.4063919632327271e-13,0.0014037166985424554,1,0.0,"[0.47737036007432493,0.40416108552613905,0.11846855439953605]"
v3.3,393de51ec9fec163,arctan,common,1,1.0,0.7200000000000001,0.0033450287441570484,9.830157521317773e-12,1.2967004163454235e-13,0.001386063689500309,1,0.0,"[0.4763408399983799,0.4042688411592271,0.11939031884239286]"
v3.3,393de51ec9fec163,arctan,common,1,1.0,0.7300000000000001,0.0034310810208617593,5.9269741892187255e-12,1.1960768268938086e-13,0.001368911877651626,1,0.0,"[0.475328117961926,0.4043656226100339,0.12030625942804024]"
v3.3,393de51ec9fec163,arctan,common,1,1.0,0.7400000000000001,0.0035146899331900405,1.4456075225766085e-12,1.104181777072568e-13,0.0013522418691536235,1,0.0,"[0.47433175146378065,0.4044518357298783,0.12121641280634106]"
v3.3,393de51ec9fec163,arctan,common,1,1.0,0.7500000000000001,0.003595905294015468,7.228002918413523e-12,1.0196770495134231e-13,0.0013360349055014705,1,0.0,"[0.4733513115997611,0.40452787226152037,0.12212081613871857]"
v3.3,393de51ec9fec163,arctan,common,1,1.0,0.76,0.0036747769367392533,2.312906810519877e-12,9.418039920644165e-14,0.0013202728696144728,1,0.0,"[0.4723863827477325,0.4045941102371353,0.12301950701513223]"
v3.3,393de51ec9fec163,arctan,common,1,1.0,0.77,0.003751354531265197,3.469446951953614e-12,8.706086270718224e-14,0.0013049382871659658,1,0.0,"[0.47143656224059205,0.40465091437999035,0.1239125233794177]"
v3.3,393de51ec9fec163,arctan,common,1,1.0,0.78,0.0038256875088277867,5.0595777567608025e-12,7.351591227560059e-12,0.0012900143070987207,1,0.0,"[0.47050146004847726,0.4046986364942153,0.12479990345730733]"
v3.3,393de51ec9fec163,arctan,common,1,1.0,0.79,0.003897825018046197,1.879246758207387e-12,1.7894284938546688e-13,0.0012754847959697774,1,0.0,"[0.4695806983479476,0.40473761593192525,0.1256816857201271]"
v3.3,393de51ec9fec163,arctan,common,1,1.0,0.8,0.00396781569247126,7.372547017325815e-12,6.891406645537375e-14,0.0012613340792451536,1,0.0,"[0.4686739113550778,0.4047681798623359,0.12655790878258624]"
v3.3,393de51ec9fec163,arctan,common,1,1.0,0.81,0.004035707715637896,2.8911664728958897e-12,6.380316359377499e-14,0.001247547261057245,1,0.0,"[0.46778074480293275,0.4047906437956726,0.12742861140139464]"
v3.3,393de51ec9fec163,arctan,common,1,1.0,0.8200000000000001,0.004101548694140464,3.4693636852267673e-12,5.461238913841639e-12,0.001234109953373843,1,0.0,"[0.46690085569675216,0.4048053118985252,0.12829383240472259]"
v3.3,393de51ec9fec163,arctan,common,1,1.0,0.8300000000000001,0.004165385616000224,1.908194435795707e-11,1.6614388905378828e-11,0.0012210083930843409,1,0.0,"[0.46603391192820864,0.40481247740866105,0.12915361066313022]"
v3.3,393de51ec9fec163,arctan,common,1,1.0,0.8400000000000001,0.004227264865409815,1.4456699726217437e-12,5.075931787720343e-14,0.0012082294526324223,1,0.0,"[0.4651795918636786,0.4048124230619428,0.13000798507437872]"
v3.3,393de51ec9fec163,arctan,common,1,1.0,0.8500000000000001,0.004287231982619218,1.590227949321843e-12,4.706213315222867e-14,0.001195760308936965,1,0.0,"[0.4643375842876142,0.4048054212546818,0.13085699445770393]"
v3.3,393de51ec9fec163,arctan,common,1,1.0,0.8600000000000001,0.004345331874125884,7.228023735095235e-12,4.365504796649993e-14,0.001183588984634726,1,0.0,"[0.4635075877272173,0.40479173465694396,0.13170067761583876]"
v3.3,393de51ec9fec163,arctan,common,1,1.0,0.8700000000000001,0.004401608651345708,9.10728437109043e-12,4.0530356458472577e-14,0.001171703848979288,1,0.0,"[0.4626893103221197,0.40477161641885406,0.13253907325902625]"
v3.3,393de51ec9fec163,arctan,common,1,1.0,0.8800000000000001,0.004456105638130058,2.746573801726271e-12,3.7607197185013874e-14,0.001160093808931137,1,0.0,"[0.4618824694664575,0.40474531054078106,0.13337221999276136]"
v3.3,393de51ec9fec163,arctan,common,1,1.0,0.89,0.004508865356165473,6.505157523761795e-12,3.495911262539597e-14,0.0011487482542536956,1,0.0,"[0.4610867914994953,0.40471305220330617,0.13420015629719856]"
v3.3,393de51ec9fec163,arctan,common,1,1.0,0.9,0.004559929502566389,6.071490532555401e-12,3.247127680129174e-14,0.0011376570394300602,1,0.0,"[0.46030201140384763,0.40467506808742026,0.1350229205087321]"
v3.3,393de51ec9fec163,arctan,common,1,1.0,0.91,0.004609338949152643,9.97465998686664e-12,3.019008387245724e-14,0.001126810465703399,1,0.0,"[0.45952787251157134,0.40463157668488736,0.13584055080354124]"
v3.3,393de51ec9fec163,arctan,common,1,1.0,0.92,0.004657133749388233,1.2143071270731554e-11,2.8067596295065594e-14,0.0011161992633399918,1,0.0,"[0.4587641262183091,0.40458278859877694,0.13665308518291394]"
v3.3,393de51ec9fec163,arctan,common,1,1.0,0.93,0.004703353041670605,6.649791828294838e-12,3.2594361927826364e-11,0.0011058145010146064,1,0.0,"[0.4580105317873068,0.40452890678007886,0.13746056143261437]"
v3.3,393de51ec9fec163,arctan,common,1,1.0,0.9400000000000001,0.004748035354641661,2.1683696505014893e-12,2.4298851262647007e-14,0.0010956480072898192,1,0.0,"[0.45726685567148073,0.4044701270794154,0.13826301724910395]"
v3.3,393de51ec9fec163,arctan,common,1,1.0,0.9500000000000001,0.00479121806768943,7.517125810707626e-12,2.261091269168346e-14,0.0010856912585678015,1,0.0,"[0.4565328720691936,0.40440663797721305,0.13906048995359335]"
v3.3,393de51ec9fec163,arctan,common,1,1.0,0.9600000000000001,0.004832937949289705,9.685530155678634e-12,2.105538453849564e-14,0.0010759368218866735,1,0.0,"[0.45580836185429774,0.4043386213870913,0.13985301675861095]"
v3.3,393de51ec9fec163,arctan,common,1,1.0,0.9700000000000001,0.0048732308694764415,6.0715599214944405e-12,1.9618616461698047e-14,0.001066377245927356,1,0.0,"[0.45509311273979036,0.40426625263804467,0.140640634622165]"
v3.3,393de51ec9fec163,arctan,common,1,1.0,0.9800000000000001,0.004912131895684638,1.7058160439731296e-11,1.8308012686475766e-14,0.0010570054825831962,1,0.0,"[0.45438691895933664,0.40418970077237687,0.14142338026828652]"
v3.3,393de51ec9fec163,arctan,common,1,1.0,0.9900000000000001,0.004949675285522502,6.360696691576351e-12,1.70583013139322e-14,0.0010478147994395731,1,0.0,"[0.45368958103842416,0.40410912878067995,0.14220129018089597]"
v3.3,393de51ec9fec163,arctan,common,1,1.0,1.0,0.004985894508889609,6.360668936000735e-12,1.5923804737265704e-14,0.0010387987655105237,1,0.0,"[0.45300090557330863,0.40402469382821216,0.1429744005984793]"
v3.3,393de51ec9fec163,arctan,common,1,1.0,1.01,0.005020822233086232,2.891367700819103e-13,1.483878304011179e-14,0.0010299512374955543,1,0.0,"[0.45232070501759275,0.4039365474729108,0.1437427475094964]"
v3.3,393de51ec9fec163,arctan,common,1,1.0,1.02,0.005054490338860657,7.950785863020116e-12,1.833099474389558e-11,0.0010212663035354414,1,0.0,"[0.4516487975175231,0.4038448358574072,0.14450636662506963]"
v3.3,393de51ec9fec163,arctan,common,1,1.0,1.03,0.005086930019287492,8.67362431877794e-12,1.29347247788861e-14,0.0010127385285116826,1,0.0,"[0.45098500650704104,0.4037497000003711,0.14526529349258796]"
v3.3,393de51ec9fec163,arctan,common,1,1.0,1.04,0.005118171608464256,1.734723475976807e-12,1.2095215351957607e-14,0.0010043622971975788,1,0.0,"[0.45032916092874176,0.403651275812183,0.14601956325907525]"
v3.3,393de51ec9fec163,arctan,common,1,1.0,1.05,0.0051482447718971605,3.46947470752923e-12,1.1286289844976618e-14,0.000996132661664639,1,0.0,"[0.44968109463664346,0.40354969446059136,0.14676921090276518]"
v3.3,393de51ec9fec163,arctan,common,1,1.0,1.06,0.00517717844144891,4.915096107893646e-12,1.0540007108583031e-14,0.0009880446861206987,1,0.0,"[0.44904064642447006,0.4034450824611872,0.14751427111434268]"
v3.3,393de51ec9fec163,arctan,common,1,1.0,1.07,0.005205000841359449,4.915054474530223e-12,9.86829495506695e-15,0.0009800936936587238,1,0.0,"[0.4484076598129054,0.4033375618681882,0.14825477831890632]"
v3.3,393de51ec9fec163,arctan,common,1,1.0,1.08,0.005231739496052559,1.0408410244799882e-11,9.214836735433142e-15,0.0009722752131389711,1,0.0,"[0.44778198288439713,0.4032272504406883,0.14899076667491462]"
v3.3,393de51ec9fec163,arctan,common,1,1.0,1.09,0.005257421253698956,6.21608320372502e-12,8.632446968832206e-15,0.0009645849694132285,1,0.0,"[0.447163468124055,0.40311426180247895,0.14972227007346614]"
v3.3,393de51ec9fec163,arctan,common,1,1.0,1.1,0.0052820722982148335,5.7823953958369145e-12,8.086900551336507e-15,0.0009570188739947128,1,0.0,"[0.4465519722664427,0.4029987055956735,0.15044932213788373]"
v3.3,393de51ec9fec163,arctan,common,1,1.0,1.11,0.005305718171234888,3.4694122574840947e-12,7.54282463220697e-15,0.0009495730161547301,1,0.0,"[0.44594735614806486,0.40288068762836293,0.15117195622357216]"
v3.3,393de51ec9fec163,arctan,common,1,1.0,1.12,0.005328383761125932,4.0476580420723e-12,7.035179986013827e-15,0.0009422436544327485,1,0.0,"[0.44534948456535417,0.40276031001652246,0.15189020541812331]"
v3.3,393de51ec9fec163,arctan,common,1,1.0,1.1300000000000001,0.0053500933522819955,2.3130178328223394e-12,1.1378275158940363e-14,0.0009350272085396034,1,0.0,"[0.4447582261379772,0.40263767132037753,0.1526041025416453]"
v3.3,393de51ec9fec163,arctan,common,1,1.0,1.1400000000000001,0.005370870621799098,1.7347512315524227e-12,3.200452444373943e-14,0.0009279202516474851,1,0.0,"[0.44417345317725454,0.4025128666754564,0.15331368014728916]"
v3.3,393de51ec9fec163,arctan,common,1,1.0,1.1500000000000001,0.005390738643234333,1.0263789818054647e-11,7.496991561340379e-14,0.0009209195030823965,1,0.0,"[0.4435950415594747,0.40238598791855257,0.1540189705219728]"
v3.3,393de51ec9fec163,arctan,common,1,1.0,1.1600000000000001,0.0054097199237573765,2.4575341761590153e-12,1.6058213265050422e-13,0.0009140218212745822,1,0.0,"[0.44302287060404905,0.4022571237087026,0.1547200056872485]"
v3.3,393de51ec9fec163,arctan,common,1,1.0,1.1700000000000002,0.005427836401693274,4.625959337811736e-12,3.058161983207373e-13,0.0009072241971749256,1,0.0,"[0.4424568229561462,0.40212635964351545,0.15541681740033825]"
v3.3,393de51ec9fec163,arctan,common,1,1.0,1.1800000000000002,0.005445109471964776,6.505206096019123e-12,4.66634113139247e-13,0.0009005237479958677,1,0.0,"[0.44189678447362774,0.4019937783710499,0.15610943715532244]"
v3.3,393de51ec9fec163,arctan,common,1,1.0,1.1900000000000002,0.005461559985225475,6.7943012327376096e-12,1.2367951142407479e-14,0.0008939177119607953,1,0.0,"[0.44134264411698004,0.40185945969837095,0.15679789618464907]"
v3.3,393de51ec9fec163,arctan,common,1,1.0,1.2000000000000002,0.005477208276771117,7.517125810707626e-12,4.21222080974735e-15,0.0008874034379043375,1,0.0,"[0.44079429385079816,0.4017234806897226,0.15748222545947932]"
v3.3,393de51ec9fec163,arctan,common,1,1.0,1.21,0.005492074163793582,3.7585767831416206e-12,3.9687531269974785e-15,0.000880978388980274,1,0.0,"[0.44025162853463173,0.4015859157727364,0.15816245569263193]"
v3.3,393de51ec9fec163,arctan,common,1,1.0,1.22,0.005506176984990362,5.9269048002796865e-12,2.2059036609364717e-13,0.0008746401283818805,1,0.0,"[0.4397145458317328,0.4014468368293365,0.15883861733893068]"
v3.3,393de51ec9fec163,arctan,common,1,1.0,1.23,0.005519535574254088,2.6020227639200755e-12,3.739725568063063e-14,0.000868386321462787,1,0.0,"[0.4391829461122828,0.40130631328909244,0.15951074059862463]"
v3.3,393de51ec9fec163,arctan,common,1,1.0,1.24,0.005532168311558228,6.794363682782745e-12,1.81858221324036e-14,0.0008622147228805426,1,0.0,"[0.4386567323682189,0.4011644122157151,0.16017885541606589]"
v3.3,393de51ec9fec163,arctan,common,1,1.0,1.25,0.005544093107778092,7.2280376128830426e-12,3.094385907642098e-15,0.0008561231816998781,1,0.0,"[0.4381358101224462,0.40102119839323547,0.16084299148431833]"
v3.3,393de51ec9fec163,arctan,common,1,1.0,1.26,0.005555327428977144,2.457478665007784e-12,2.908922825978991e-15,0.0008501096303549727,1,0.0,"[0.4376200873477468,0.4008767344065986,0.16150317824565458]"
v3.3,393de51ec9fec163,arctan,common,1,1.0,1.27,0.005565888309272432,2.7466640073470217e-12,2.727763170424686e-15,0.0008441720832960177,1,0.0,"[0.43710947438620634,0.4007310807200974,0.16215944489369621]"
v3.3,393de51ec9fec163,arctan,common,1,1.0,1.28,0.005575792360086859,7.083500452864655e-12,2.571774211800789e-15,0.0008383086325897715,1,0.0,"[0.43660388387221455,0.4005842957525345,0.16281182037525083]"
v3.3,393de51ec9fec163,arctan,common,1,1.0,1.29,0.005585055772751077,4.770475681148412e-12,2.412484621926995e-15,0.0008325174444417501,1,0.0,"[0.43610323065817835,0.4004364359495555,0.16346033339226596]"
v3.3,393de51ec9fec163,arctan,common,1,1.0,1.3,0.005593694347126636,3.75848657752087e-12,3.055742223816783e-14,0.0008267967557007794,1,0.0,"[0.43560743174297684,0.40028755585326986,0.1641050124037533]"
v3.3,393de51ec9fec163,arctan,common,1,1.0,1.31,0.005601723484811222,4.770545070087451e-12,4.912976382676176e-15,0.0008211448706692505,1,0.0,"[0.43511640620331593,0.4001377081687504,0.16474588562793363]"
v3.3,393de51ec9fec163,arctan,common,1,1.0,1.32,0.005609158208799259,7.806283397471248e-12,1.990762795976085e-15,0.0008155601578235543,1,0.0,"[0.434630075126941,0.3999869438291315,0.16538298104392757]"
v3.3,393de51ec9fec163,arctan,common,1,1.0,1.33,0.005616013174034748,2.168383528289297e-12,8.235210499250302e-15,0.0008100410470177567,1,0.0,"[0.43414836154925174,0.39983531205670436,0.16601632639404393]"
v3.3,393de51ec9fec163,arctan,common,1,1.0,1.34,0.005622302672037019,2.023881062740429e-12,6.529637972240398e-14,0.0008045860265919806,1,0.0,"[0.43367119039155716,0.39968286042275486,0.16664594918568795]"
v3.3,393de51ec9fec163,arctan,common,1,1.0,1.35,0.005628040642032012,3.3249167308291305e-12,1.190025362012188e-16,0.0007991936411673421,1,0.0,"[0.43319848840112074,0.39952963490530935,0.1672718766935699]"
v3.3,393de51ec9fec163,arctan,common,1,1.0,1.36,0.005633240685986481,9.251904797835664e-12,1.0944056868737268e-12,0.0007938624863589504,1,0.0,"[0.4327301840949122,0.3993756799453457,0.1678941359597421]"
v3.3,393de51ec9fec163,arctan,common,1,1.0,1.37,0.00563791605660955,2.4575064205833996e-12,1.0795695769279e-11,0.0007885911936255462,1,0.0,"[0.4322662077367848,0.39922103847001644,0.16851275379319874]"
v3.3,393de51ec9fec163,arctan,common,1,1.0,1.3800000000000001,0.005642079734836977,2.602133786222538e-12,2.5015133569429424e-15,0.0007833785425056276,1,0.0,"[0.43180649112612884,0.39906575206378214,0.16912775681008896]"
v3.3,393de51ec9fec163,arctan,common,1,1.0,1.3900000000000001,0.005645744315194837,3.6140118675476174e-12,1.1966499251533187e-15,0.000778223146408167,1,0.0,"[0.4313509678576708,0.39890986079925683,0.16973917134307245]"
v3.3,393de51ec9fec163,arctan,common,1,1.0,1.4,0.005648922125929268,1.185398307290697e-11,9.585316560047245e-16,0.0007731238820520607,1,0.0,"[0.43089957296451775,0.39875340349141286,0.1703470235440694]"
v3.3,393de51ec9fec163,arctan,common,2,0.5,0.05,-0.004385535813253669,1.9226318453968716e-10,3.402772555275534e-14,0.0,1,0.0,"[0.5945690331883663,0.3546024503988945,0.050828516412739264]"
v3.3,393de51ec9fec163,arctan,common,2,0.5,0.060000000000000005,-0.004358944182030887,1.3393061659705552e-10,2.2935368875535362e-10,0.0003320913809656217,1,0.0,"[0.5942983105838804,0.354751013830553,0.05095067558556661]"
v3.3,393de51ec9fec163,arctan,common,2,0.5,0.07,-0.00432811458230762,7.742723823200848e-11,2.0519391409196976e-10,0.00038354392723753656,1,0.0,"[0.5939855263862205,0.3549207290795767,0.05109374453420281]"
v3.3,393de51ec9fec163,arctan,common,2,0.5,0.08,-0.004293335043966055,2.3693780271116793e-10,1.632850666122082e-10,0.00043102197451853723,1,0.0,"[0.5936338903952444,0.35510895951425403,0.05125715009050158]"
v3.3,393de51ec9fec163,arctan,common,2,0.5,0.09,-0.004254924352372187,1.5979793183129587e-10,1.0316555832066477e-10,0.0004742487205417627,1,0.0,"[0.5932468538064298,0.35531286692107894,0.05144027927249131]"
v3.3,393de51ec9fec163,arctan,common,2,0.5,0.1,-0.004213227997178888,1.398924795448231e-10,2.8721177638210972e-11,0.0005130518373641631,1,0.0,"[0.5928280312265347,0.3555294774359074,0.05164249133755789]"
v3.3,393de51ec9fec163,arctan,common,2,0.5,0.11,-0.00416861216514379,1.3037528001635934e-10,4.927869884222995e-13,0.0005473593485920824,1,0.0,"[0.5923811260179813,0.35575574591864295,0.05186312806337558]"
v3.3,393de51ec9fec163,arctan,common,2,0.5,0.12000000000000001,-0.0041214558922138475,1.2977435098759926e-10,9.51205030751752e-13,0.0005771923813300985,1,0.0,"[0.5919098612005838,0.3559886167254223,0.05210152207399388]"
v3.3,393de51ec9fec163,arctan,common,2,0.5,0.13,-0.004072144855067322,7.529562390251598e-11,1.7357577091521114e-12,0.0006026541917190267,1,0.0,"[0.5914179186616916,0.3562250779360109,0.052357003402297576]"
v3.3,393de51ec9fec163,arctan,common,2,0.5,0.14,-0.004021064932573905,1.3731860093457726e-10,3.0171469160187005e-12,0.0006239186934292604,1,0.0,"[0.5909088868670319,0.35646220872406736,0.05262890440890062]"
v3.3,393de51ec9fec163,arctan,common,2,0.5,0.15000000000000002,-0.003968596030258877,1.837834537332661e-10,5.025833471958104e-12,0.000641218458592431,1,0.0,"[0.5903862173226452,0.3566972192422786,0.05291656343507624]"
v3.3,393de51ec9fec163,arctan,common,2,0.5,0.16,-0.003915106610395187,1.610175118238466e-10,8.062941636864525e-12,0.0006548323483542234,1,0.0,"[0.5898531899733507,0.3569274825941184,0.05321932743253084]"
v3.3,393de51ec9fec163,arctan,common,2,0.5,0.16999999999999998,-0.0038609491506194707,1.4230162881379016e-10,1.2509117383484523e-11,0.0006650737069235432,1,0.0,"[0.5893128870099207,0.35715055915042687,0.05353655383965253]"
v3.3,393de51ec9fec163,arctan,common,2,0.5,0.18,-0.003806456445801347,1.350826048240883e-10,1.8832197033604335e-11,0.0006722793603775929,1,0.0,"[0.5887681743999216,0.3573642136788277,0.05386761192125073]"
v3.3,393de51ec9fec163,arctan,common,2,0.5,0.19,-0.0037519387800740503,1.4757816496624443e-10,2.7592308303097433e-11,0.0006767996418836859,1,0.0,"[0.5882216903054742,0.3575664259540258,0.054211883740499914]"
v3.3,393de51ec9fec163,arctan,common,2,0.5,0.2,-0.0036976817238014506,1.4773176432170132e-10,5.305796456532298e-14,0.0006789896926424124,1,0.0,"[0.587675839355831,0.3577553957444806,0.05456876489968839]"
v3.3,393de51ec9fec163,arctan,common,2,0.5,0.21000000000000002,-0.003643946057625337,1.1517372472402698e-10,4.7749932437125756e-11,0.0006792010424407322,1,0.0,"[0.5871327926575948,0.35792954229617063,0.05493766504623455]"
v3.3,393de51ec9fec163,arctan,common,2,0.5,0.22000000000000003,-0.0035909645766110387,1.924053139035209e-10,6.946213353128972e-14,0.0006777771854942043,1,0.0,"[0.5865944900547403,0.35808750147823565,0.05531800846702409]"
v3.3,393de51ec9fec163,arctan,common,2,0.5,0.22999999999999998,-0.0035389458447416602,1.180514436205371e-10,7.260385348479162e-14,0.0006750447639052767,1,0.0,"[0.5860626488272964,0.3582281168716703,0.05570923430103323]"
v3.3,393de51ec9fec163,arctan,common,2,0.5,0.24,-0.0034880715288957143,1.2175573049777455e-10,1.0702576134373942e-13,0.0006713127889932816,1,0.0,"[0.5855387715543103,0.35835043143262685,0.056110797013062874]"
v3.3,393de51ec9fec163,arctan,common,2,0.5,0.25,-0.003438498805437805,1.0819418277963067e-10,1.5433100273298726e-13,0.0006668667233371364,1,0.0,"[0.5850241581135328,0.35845367528183764,0.05652216660462947]"
v3.3,393de51ec9fec163,arctan,common,2,0.5,0.26,-0.0033903612184945434,1.0767949726320225e-10,2.181711921142657e-13,0.000661966757701796,1,0.0,"[0.5845199180783425,0.35853725306634415,0.056942828855313384]"
v3.3,393de51ec9fec163,arctan,common,2,0.5,0.27,-0.003343770064382537,1.348926179089993e-10,3.027301025579265e-13,0.0006568457584385284,1,0.0,"[0.5840269840434027,0.358600730458185,0.057372285498412265]"
v3.3,393de51ec9fec163,arctan,common,2,0.5,0.28,-0.003298815910828423,5.5393779840873236e-11,4.1282488555903286e-13,0.000651708066075225,1,0.0,"[0.5835461253262638,0.35864382033183706,0.057810054341899]"
v3.3,393de51ec9fec163,arctan,common,2,0.5,0.29,-0.003255570129568737,1.1511511188722068e-10,5.539525174602142e-13,0.0006467289432086486,1,0.0,"[0.5830779617162428,0.3586663689510801,0.05825566933267704]"
v3.3,393de51ec9fec163,arctan,common,2,0.5,0.3,-0.0032140866509698177,1.2076197680732648e-10,7.322559589999703e-13,0.0006420546324376062,1,0.0,"[0.5826229770116108,0.35866834242518314,0.05870868056320613]"
v3.3,393de51ec9fec163,arctan,common,2,0.5,0.31,-0.0031744034364463575,1.4692748406819334e-10,9.54445826503942e-13,0.0006378029873009179,1,0.0,"[0.582181532146773,0.35864981363234655,0.059168654220880516]"
v3.3,393de51ec9fec163,arctan,common,2,0.5,0.32,-0.0031365441299364555,1.19415866084438e-10,1.2277268912770665e-12,0.0006340646345287251,1,0.0,"[0.5817538777629513,0.3586109497552055,0.059635172481843204]"
v3.3,393de51ec9fec163,arctan,common,2,0.5,0.33,-0.0031005195537106706,1.522670392550829e-10,1.5598530646128683e-12,0.0006309046152861087,1,0.0,"[0.5813401661193751,0.35855200052856195,0.060107833352063]"
v3.3,393de51ec9fec163,arctan,common,2,0.5,0.33999999999999997,-0.0030663291631834663,1.4763222588864977e-10,1.958802321555378e-12,0.0006283644386496697,1,0.0,"[0.5809404622778579,0.3584732872627176,0.06058625045942436]"
v3.3,393de51ec9fec163,arctan,common,2,0.5,0.35,-0.003033962427083807,5.99471583484501e-11,2.4329282147080714e-12,0.0006264644652935372,1,0.0,"[0.5805547545227158,0.3583751926760289,0.06107005280125531]"
v3.3,393de51ec9fec163,arctan,common,2,0.5,0.36,-0.003003399971034826,5.884511627973765e-11,2.9905864477461906e-12,0.0006252065265372275,1,0.0,"[0.5801829640011134,0.35825815154672935,0.061558884452157375]"
v3.3,393de51ec9fec163,arctan,common,2,0.5,0.37,-0.0029746149845871137,8.138761192766353e-11,3.640108545612702e-12,0.0006245766762373419,1,0.0,"[0.5798249535869644,0.35812264217581014,0.06205240423722547]"
v3.3,393de51ec9fec163,arctan,common,2,0.5,0.38,-0.0029475740837824754,1.685210929136538e-10,4.389560737688056e-12,0.0006245479722654897,1,0.0,"[0.5794805359852285,0.3579691786389805,0.06255028537579087]"
v3.3,393de51ec9fec163,arctan,common,2,0.5,0.39,-0.0029222384007227126,9.298842945648644e-11,5.246487877304037e-12,0.0006250831908595576,1,0.0,"[0.57914948110358,0.35779830379570127,0.06305221510071872]"
v3.3,393de51ec9fec163,arctan,common,2,0.5,0.4,-0.0028985644169695485,1.0381229209599496e-10,3.993900706930572e-13,0.0006261373967284485,1,0.0,"[0.5788315227074149,0.3576105830319695,0.06355789426061555]"
v3.3,393de51ec9fec163,arctan,common,2,0.5,0.41,-0.0028765049214633104,8.885035068795233e-11,5.807851020403746e-13,0.0006276602576700838,1,0.0,"[0.5785263645033755,0.35740659860190865,0.0640670368947159]"
v3.3,393de51ec9fec163,arctan,common,2,0.5,0.42,-0.0028560095593465826,6.460034590594077e-11,7.937637485456922e-13,0.0006295981901134055,1,0.0,"[0.5782336854344946,0.35718694474504764,0.06457936982045774]"
v3.3,393de51ec9fec163,arctan,common,2,0.5,0.43,-0.0028370255232332345,8.053824968046186e-11,1.0277130879627123e-12,0.0006318960935930292,1,0.0,"[0.5779531445662679,0.3569522232425943,0.06509463219113774]"
v3.3,393de51ec9fec163,arctan,common,2,0.5,0.44,-0.0028194982816213132,1.2706839053189256e-10,1.26894219818666e-12,0.0006344988773762171,1,0.0,"[0.5776843853613449,0.3567030395777547,0.06561257506090037]"
v3.3,393de51ec9fec163,arctan,common,2,0.5,0.45,-0.0028033719190604448,1.0493270835576496e-10,1.5028926023797146e-12,0.0006373526630406209,1,0.0,"[0.5774270394813958,0.35643999957168654,0.06613296094691755]"
v3.3,393de51ec9fec163,arctan,common,2,0.5,0.46,-0.0027885896838012528,1.248640288387115e-10,1.7162582428475944e-12,0.0006404057221673481,1,0.0,"[0.5771807301419961,0.3561637064644672,0.06665556339353662]"
v3.3,393de51ec9fec163,arctan,common,2,0.5,0.47,-0.002775094375396546,5.840240097088056e-11,1.897803667916557e-12,0.0006436091702485527,1,0.0,"[0.5769450750601715,0.35587475839915217,0.06718016654067638]"
v3.3,393de51ec9fec163,arctan,common,2,0.5,0.48,-0.002762828668934042,1.7560460030541236e-10,2.0396377848115414e-12,0.0006469174478485933,1,0.0,"[0.5767196890321775,0.3555737462694123,0.06770656469841016]"
v3.3,393de51ec9fec163,arctan,common,2,0.5,0.49,-0.002751735464038417,6.116695344671186e-11,5.445833435777216e-16,0.0006502886213772908,1,0.0,"[0.5765041861698432,0.3552612519001357,0.0682345619300212]"
v3.3,393de51ec9fec163,arctan,common,2,0.5,0.5,-0.002741758147683973,1.1084168999309085e-10,6.10211945444435e-16,0.0006536845366693494,1,0.0,"[0.5762981818699814,0.35493784648907684,0.06876397164094168]"
v3.3,393de51ec9fec163,arctan,common,2,0.5,0.51,-0.002732840762317286,3.946488275063942e-11,1.5306449711837361e-13,0.0006570708512027816,1,0.0,"[0.5761012944435713,0.354604089371948,0.06929461618448075]"
v3.3,393de51ec9fec163,arctan,common,2,0.5,0.52,-0.0027249282796183716,5.502327760087411e-11,1.5426994608952507e-13,0.000660416978128588,1,0.0,"[0.5759131465725481,0.3542605269555962,0.0698263264718558]"
v3.3,393de51ec9fec163,arctan,common,2,0.5,0.53,-0.002717966630678109,8.590501227034864e-11,1.5452169238347615e-13,0.0006636959588140973,1,0.0,"[0.5757333665111274,0.35390769189100496,0.07035894159786767]"
v3.3,393de51ec9fec163,arctan,common,2,0.5,0.54,-0.0027119030814746134,5.854679241412697e-11,1.540641616766419e-13,0.0006668842874127885,1,0.0,"[0.5755615891051856,0.35354610241740747,0.07089230847740695]"
v3.3,393de51ec9fec163,arctan,common,2,0.5,0.55,-0.002706686101685979,1.8745856256163762e-10,1.5281235951863807e-13,0.0006699617022614924,1,0.0,"[0.5753974566373886,0.35317626186776563,0.07142628149484566]"
v3.3,393de51ec9fec163,arctan,common,2,0.5,0.56,-0.0027022655662421805,8.998875256072125e-11,1.5096117056708237e-13,0.0006729109573321396,1,0.0,"[0.5752406195204948,0.35279865831345697,0.07196072216604832]"
v3.3,393de51ec9fec163,arctan,common,2,0.5,0.5700000000000001,-0.002698592846218338,4.495836342099935e-11,3.922487380310199e-13,0.0006757175838954112,1,0.0,"[0.5750907368553079,0.3524137643313995,0.07249549881329262]"
v3.3,393de51ec9fec163,arctan,common,2,0.5,0.5800000000000001,-0.002695620632561055,8.635661630229663e-11,3.248696420682466e-11,0.0006783696355875332,1,0.0,"[0.5749474767697336,0.3520220369612164,0.07303048626905011]"
v3.3,393de51ec9fec163,arctan,common,2,0.5,0.5900000000000001,-0.0026933036143476016,4.530147784675975e-11,4.436959743810496e-11,0.0006808575208127404,1,0.0,"[0.5748105171275395,0.35162391735654097,0.07356556551591958]"
v3.3,393de51ec9fec163,arctan,common,2,0.5,0.6000000000000001,-0.0026915979179091484,6.78890416105915e-11,1.3816874546003215e-13,0.0006831736797844302,1,0.0,"[0.5746795454505804,0.3512198310991172,0.07410062345030237]"
v3.3,393de51ec9fec163,arctan,common,2,0.5,0.6100000000000001,-0.002690460779619888,8.539896567683058e-11,1.3403576109489075e-13,0.0006853123329082506,1,0.0,"[0.5745542586918057,0.3508101886351059,0.07463555267308852]"
v3.3,393de51ec9fec163,arctan,common,2,0.5,0.6200000000000001,-0.00268985160140274,5.189722956933096e-11,1.2969820924048326e-13,0.0006872695113223069,1,0.0,"[0.5744343642439375,0.35039538468039544,0.07517025107566717]"
v3.3,393de51ec9fec163,arctan,common,2,0.5,0.63,-0.0026897312198333953,8.930199635326375e-11,1.2516826390152966e-13,0.000689042602011151,1,0.0,"[0.5743195793618681,0.3499757989491524,0.07570462168897954]"
v3.3,393de51ec9fec163,arctan,common,2,0.5,0.64,-0.002690062072619244,1.0704680197815009e-10,1.2049427184186698e-13,0.0006906303032244825,1,0.0,"[0.5742096312902897,0.3495517962902756,0.07623857241943467]"
v3.3,393de51ec9fec163,arctan,common,2,0.5,0.65,-0.0026908081825168483,8.563383682713699e-11,1.1575245689413244e-13,0.0006920324383429096,1,0.0,"[0.57410425720335,0.3491237269773541,0.07677201581929578]"
v3.3,393de51ec9fec163,arctan,common,2,0.5,0.66,-0.0026919351281313626,1.0202337932807559e-10,1.1095942412584643e-13,0.0006932498088898949,1,0.0,"[0.5740032041065024,0.3486919270259087,0.07730486886758875]"
v3.3,393de51ec9fec163,arctan,common,2,0.5,0.67,-0.002693410038729277,4.577116810566828e-11,1.0616170844330056e-13,0.000694284061123242,1,0.0,"[0.5739062287063447,0.3482567185325066,0.0778370527611488]"
v3.3,393de51ec9fec163,arctan,common,2,0.5,0.68,-0.0026952014888013895,6.488946185934097e-11,1.014026283549235e-13,0.000695137565510739,1,0.0,"[0.5738130972535825,0.34781841003099767,0.07836849271541983]"
v3.3,393de51ec9fec163,arctan,common,2,0.5,0.6900000000000001,-0.0026972796191486424,4.3512641406673325e-11,9.668728017740663e-14,0.0006958133082865346,1,0.0,"[0.5737235853636505,0.34737729686173136,0.07889911777461821]"
v3.3,393de51ec9fec163,arctan,common,2,0.5,0.7000000000000001,-0.0026996159386725622,6.947923833489078e-11,9.211319275989545e-14,0.0006963147942519628,1,0.0,"[0.5736374778189824,0.34693366155014166,0.07942886063087594]"
v3.3,393de51ec9fec163,arctan,common,2,0.5,0.7100000000000001,-0.0027021833848197216,1.1918983161551822e-10,8.756466177843149e-14,0.0006966459599600023,1,0.0,"[0.5735545683564515,0.3464877741915653,0.07995765745198326]"
v3.3,393de51ec9fec163,arctan,common,2,0.5,0.7200000000000001,-0.0027049562356163334,1.2793579737269134e-10,8.319645019054174e-14,0.0006968110964363206,1,0.0,"[0.5734746594430585,0.3460398928395836,0.08048544771735786]"
v3.3,393de51ec9fec163,arctan,common,2,0.5,0.7300000000000001,-0.002707910097615795,8.612167923249814e-11,7.89096535391661e-14,0.0006968147806132818,1,0.0,"[0.5733975620425765,0.34559026389554975,0.08101217406187375]"
v3.3,393de51ec9fec163,arctan,common,2,0.5,0.7400000000000001,-0.002711021859549013,9.284385066310463e-11,7.480745536714823e-14,0.0006966618146929564,1,0.0,"[0.5733230953755015,0.34513912249730155,0.08153778212719684]"
v3.3,393de51ec9fec163,arctan,common,2,0.5,0.7500000000000001,-0.0027142696318258573,7.961656334209977e-11,7.081055592649819e-14,0.0006963571726961388,1,0.0,"[0.5732510866743712,0.34468669290534865,0.08206222042028022]"
v3.3,393de51ec9fec163,arctan,common,2,0.5,0.76,-0.00271763272833863,1.1304611066687009e-10,6.696544830681257e-14,0.0006959059535058445,1,0.0,"[0.5731813709362251,0.344233188885088,0.08258544017868684]"
v3.3,393de51ec9fec163,arctan,common,2,0.5,0.77,-0.0027210916090175813,8.688064503936666e-11,6.328730246325698e-14,0.0006953133397605765,1,0.0,"[0.5731137906737561,0.34377881408382743,0.08310739524241649]"
v3.3,393de51ec9fec163,arctan,common,2,0.5,0.78,-0.0027246278440159755,1.291645818080056e-10,5.978662116352553e-14,0.0006945845620068465,1,0.0,"[0.5730481956664727,0.34332376240159945,0.08362804193192792]"
v3.3,393de51ec9fec163,arctan,common,2,0.5,0.79,-0.0027282240690771065,9.938514594631798e-11,5.642894652182036e-14,0.0006937248675640815,1,0.0,"[0.5729844427130152,0.34286821835492715,0.08414733893205759]"
v3.3,393de51ec9fec163,arctan,common,2,0.5,0.8,-0.002731863938732697,1.1347990255816676e-10,5.324085124253887e-14,0.0006927394936065152,1,0.0,"[0.5729223953855929,0.3424123574328576,0.08466524718154957]"
v3.3,393de51ec9fec163,arctan,common,2,0.5,0.81,-0.002735532103716125,5.681215220487701e-11,5.0180869467560113e-14,0.0006916336440114418,1,0.0,"[0.572861923787365,0.34195634644471207,0.08518172976792288]"
v3.3,393de51ec9fec163,arctan,common,2,0.5,0.8200000000000001,-0.0027392141486555256,7.994195930227654e-11,4.730147823732527e-14,0.0006904124695594365,1,0.0,"[0.5728029043134576,0.3415003438591277,0.08569675182741472]"
v3.3,393de51ec9fec163,arctan,common,2,0.5,0.8300000000000001,-0.002742896562765839,1.2468313881353055e-10,4.454960544753505e-14,0.0006890810511192708,1,0.0,"[0.5727452194161897,0.3410445001340613,0.08621028044974888]"
v3.3,393de51ec9fec163,arctan,common,2,0.5,0.8400000000000001,-0.0027465667075745742,1.1011879949562875e-10,4.195776766888066e-14,0.0006876443854802329,1,0.0,"[0.5726887573749859,0.340588958037522,0.08672228458749208]"
v3.3,393de51ec9fec163,arctan,common,2,0.5,0.8500000000000001,-0.0027502126404141056,5.96311368339375e-11,4.3778259854770246e-11,0.0006861073374273839,1,0.0,"[0.5726334119259936,0.3401338530697076,0.08723273500429886]"
v3.3,393de51ec9fec163,arctan,common,2,0.5,0.8600000000000001,-0.0027538236690270827,3.715200716514211e-11,2.1010892611901354e-11,0.0006844748295259123,1,0.0,"[0.5725790826993744,0.3396793132638154,0.08774160403681013]"
v3.3,393de51ec9fec163,arctan,common,2,0.5,0.8700000000000001,-0.002757389246258613,7.347265504331624e-11,1.4007345093625353e-11,0.0006827513839722145,1,0.0,"[0.5725256738544,0.3392254603560944,0.0882488657895056]"
v3.3,393de51ec9fec163,arctan,common,2,0.5,0.8800000000000001,-0.0027608999062288704,9.396423569785206e-11,1.064738303960367e-11,0.0006809416409068826,1,0.0,"[0.5724730948238369,0.33877240934177383,0.0887544958343893]"
v3.3,393de51ec9fec163,arctan,common,2,0.5,0.89,-0.0027643467805976082,6.425696780221202e-11,8.591165602614599e-12,0.000679050029242556,1,0.0,"[0.5724212597659185,0.33832026901211637,0.08925847122196508]"
v3.3,393de51ec9fec163,arctan,common,2,0.5,0.9,-0.002767721669652213,7.361737608402308e-11,7.125351038378744e-12,0.0006770808562619952,1,0.0,"[0.572370087395077,0.33786914219760417,0.0897607704073188]"
v3.3,393de51ec9fec163,arctan,common,2,0.5,0.91,-0.002771016993735123,7.289448905600793e-11,5.963720317801321e-12,0.0006750382992771508,1,0.0,"[0.572319500795672,0.3374191260194757,0.09026137318485232]"
v3.3,393de51ec9fec163,arctan,common,2,0.5,0.92,-0.0027742257865225294,3.520038427407002e-11,4.972136526383363e-12,0.0006729264032451776,1,0.0,"[0.572269427238714,0.3369703121344937,0.0907602606267923]"
v3.3,393de51ec9fec163,arctan,common,2,0.5,0.93,-0.0027773415723274554,7.708675364703765e-11,4.083203397996224e-12,0.0006707490798124312,1,0.0,"[0.5722197980039984,0.3365227869712583,0.09125741502474319]"
v3.3,393de51ec9fec163,arctan,common,2,0.5,0.9400000000000001,-0.0027803585249730305,1.133352543758459e-10,3.263714943938692e-12,0.0006685101071869919,1,0.0,"[0.5721705482080607,0.3360766319579038,0.09175281983403547]"
v3.3,393de51ec9fec163,arctan,common,2,0.5,0.9500000000000001,-0.002783271237253561,1.1051643974968606e-10,2.5012038439466273e-12,0.0006662131306505431,1,0.0,"[0.5721216166380022,0.3356319237412937,0.09224645962070409]"
v3.3,393de51ec9fec163,arctan,common,2,0.5,0.9600000000000001,-0.0027860748255250332,5.374023101523129e-11,1.797010874322161e-12,0.0006638616636035649,1,0.0,"[0.5720729455911433,0.33518873439789837,0.09273832001095825]"
v3.3,393de51ec9fec163,arctan,common,2,0.5,0.9700000000000001,-0.0027887648510639303,8.474847559836185e-11,1.1627069277484347e-12,0.0006614590890642423,1,0.0,"[0.5720244807204217,0.3347471316365616,0.0932283876430167]"
v3.3,393de51ec9fec163,arctan,common,2,0.5,0.9800000000000001,-0.0027913373076706646,1.000357956193465e-10,6.177547449674361e-13,0.0006590086615453411,1,0.0,"[0.5719761708854304,0.33430717899337953,0.09371665012119007]"
v3.3,393de51ec9fec163,arctan,common,2,0.5,0.9900000000000001,-0.0027937886008900584,4.452456459080878e-11,2.8329446804501437e-13,0.0006565135091631934,1,0.0,"[0.5719279680086519,0.3338689360191719,0.09420309597217627]"
v3.3,393de51ec9fec163,arctan,common,2,0.5,1.0,-0.002796115534096335,5.623396540088699e-11,2.2101858388665394e-13,0.000653976636355896,1,0.0,"[0.5718798269379085,0.3334324584588679,0.09468771460322352]"
v3.3,393de51ec9fec163,arctan,common,2,0.5,1.01,-0.002798315262740627,1.211776755327687e-10,1.714352501414561e-13,0.0006514009265036387,1,0.0,"[0.5718317053146099,0.33299779842342914,0.09517049626196099]"
v3.3,393de51ec9fec163,arctan,common,2,0.5,1.02,-0.002800385294314596,3.118887439979012e-11,1.3211446526562949e-13,0.00064878914430005,1,0.0,"[0.571783563444022,0.3325650045569457,0.09565143199903219]"
v3.3,393de51ec9fec163,arctan,common,2,0.5,1.03,-0.0028023234680390093,2.273208357661538e-11,1.0113888889686361e-13,0.0006461439392803569,1,0.0,"[0.5717353641735057,0.3321341221948946,0.09613051363159981]"
v3.3,393de51ec9fec163,arctan,common,2,0.5,1.04,-0.002804127923134208,7.96527531432556e-11,2.822703554694429e-13,0.0006434678486814088,1,0.0,"[0.5716870727740201,0.3317051935169739,0.09660773370900608]"
v3.3,393de51ec9fec163,arctan,common,2,0.5,1.05,-0.0028057970953493036,4.857227467458536e-11,7.644837251374271e-13,0.0006407633006225242,1,0.0,"[0.5716386568279762,0.33127825769269964,0.09708308547932422]"
v3.3,393de51ec9fec163,arctan,common,2,0.5,1.06,-0.002807329692785132,3.071908352691999e-11,1.3224706580018703e-12,0.0006380326179397342,1,0.0,"[0.5715900861215106,0.33085335102058844,0.0975565628579009]"
v3.3,393de51ec9fec163,arctan,common,2,0.5,1.07,-0.0028087246726199513,4.0260041828110715e-11,1.8827432215407848e-12,0.0006352780203245411,1,0.0,"[0.5715413325386351,0.3304305070637694,0.0980281603975954]"
v3.3,393de51ec9fec163,arctan,common,2,0.5,1.08,-0.002809981242265721,5.316203727234736e-11,2.3547608621958633e-12,0.0006325016283537033,1,0.0,"[0.5714923699619258,0.3300097567781129,0.09849787325996136]"
v3.3,393de51ec9fec163,arctan,common,2,0.5,1.09,-0.0028110988390577726,8.803724416139858e-11,2.6402984831407076e-12,0.0006297054665770546,1,0.0,"[0.5714431741767029,0.3295911286354379,0.09896569718785923]"
v3.3,393de51ec9fec163,arctan,common,2,0.5,1.1,-0.0028120771019928235,3.693506264723645e-11,2.6643020140164626e-12,0.0006268914667577365,1,0.0,"[0.5713937227791116,0.32917464874156266,0.09943162847932571]"
v3.3,393de51ec9fec163,arctan,common,2,0.5,1.11,-0.002812915875813154,8.178499197319944e-11,2.72086430214163e-12,0.0006240614708928825,1,0.0,"[0.571343995086931,0.328760340950136,0.0998956639629329]"
v3.3,393de51ec9fec163,arctan,common,2,0.5,1.12,-0.0028136151926112414,9.381959792387207e-11,2.10728298552994e-13,0.0006212172367507296,1,0.0,"[0.5712939720667607,0.3283482269625574,0.100357800970682]"
v3.3,393de51ec9fec163,arctan,common,2,0.5,1.1300000000000001,-0.0028141752451219353,3.256219946456973e-11,1.2760929494707784e-14,0.0006183604321387967,1,0.0,"[0.5712436362168464,0.3279383264576353,0.10081803732551821]"
v3.3,393de51ec9fec163,arctan,common,2,0.5,1.1400000000000001,-0.002814596404684667,6.465453519788333e-11,1.433530302558242e-14,0.0006154926541403652,1,0.0,"[0.571192971540641,0.3275306571541833,0.10127637130517571]"
v3.3,393de51ec9fec163,arctan,common,2,0.5,1.1500000000000001,-0.002814879186186753,1.139133856686847e-10,1.595211837996033e-14,0.0006126154169479457,1,0.0,"[0.5711419634415879,0.3271252349282121,0.1017328016302001]"
v3.3,393de51ec9fec163,arctan,common,2,0.5,1.1600000000000001,-0.0028150242466550603,4.0151677122013396e-11,1.756644418490449e-14,0.0006097301617274971,1,0.0,"[0.5710905986583338,0.32672207389929836,0.1021873274423678]"
v3.3,393de51ec9fec163,arctan,common,2,0.5,1.1700000000000002,-0.0028150323825443385,3.263448192236673e-11,1.9197096429575176e-14,0.0006068382585156622,1,0.0,"[0.5710388651977013,0.32632118651681974,0.10263994828547907]"
v3.3,393de51ec9fec163,arctan,common,2,0.5,1.1800000000000002,-0.002814904480081388,7.361737261457613e-11,2.0870717748004332e-14,0.0006039410089108301,1,0.0,"[0.5709867522699007,0.3259225836429101,0.10309066408718925]"
v3.3,393de51ec9fec163,arctan,common,2,0.5,1.1900000000000002,-0.0028146415838950986,3.74411092407545e-11,2.249076175024278e-14,0.0006010396488158906,1,0.0,"[0.5709342502265714,0.32552627463178757,0.10353947514164097]"
v3.3,393de51ec9fec163,arctan,common,2,0.5,1.2000000000000002,-0.002814244808689935,2.6888095916444144e-11,2.4107517617422564e-14,0.0005981353511034612,1,0.0,"[0.5708813505015368,0.32513226740560464,0.1039863820928585]"
v3.3,393de51ec9fec163,arctan,common,2,0.5,1.21,-0.0028137153673263894,6.158262441657847e-11,2.5726147543077965e-14,0.0005952292282046296,1,0.0,"[0.5708280455541689,0.32474056852696126,0.10443138591886982]"
v3.3,393de51ec9fec163,arctan,common,2,0.5,1.22,-0.002813054586000896,3.422468211611296e-11,2.728429828635928e-14,0.0005923223346180573,1,0.0,"[0.5707743288152562,0.3243511832682211,0.10487448791652254]"
v3.3,393de51ec9fec163,arctan,common,2,0.5,1.23,-0.0028122638384335957,5.016238813215779e-11,2.881976998179085e-14,0.0005894156693407107,1,0.0,"[0.5707201946352757,0.3239641156777625,0.10531568968696184]"
v3.3,393de51ec9fec163,arctan,common,2,0.5,1.24,-0.002811344595091844,3.895903391559763e-11,3.0307388731149586e-14,0.0005865101782212777,1,0.0,"[0.5706656382349692,0.32357936864329073,0.10575499312174004]"
v3.3,393de51ec9fec163,arctan,common,2,0.5,1.25,-0.0028102983817733865,3.76579496752516e-11,4.1806166669480685e-13,0.0005836067560174027,1,0.0,"[0.5706106556567194,0.32319694395334025,0.10619240038994034]"
v3.3,393de51ec9fec163,arctan,common,2,0.5,1.26,-0.0028091267869787793,5.677603179266022e-11,3.4326653511375534e-12,0.0005807062478493889,1,0.0,"[0.5705552437139647,0.32281684235907443,0.10662791392696076]"
v3.3,393de51ec9fec163,arctan,common,2,0.5,1.27,-0.002807831472681703,3.7874779701407846e-11,2.8562334639943564e-14,0.0005778094602778332,1,0.0,"[0.5704993999968574,0.32243906359446123,0.10706153640868135]"
v3.3,393de51ec9fec163,arctan,common,2,0.5,1.28,-0.002806414116287473,4.9403450080864886e-11,3.5588094681567276e-14,0.0005749171372646305,1,0.0,"[0.5704431227195254,0.3220636065091628,0.10749327077131175]"
v3.3,393de51ec9fec163,arctan,common,2,0.5,1.29,-0.0028048764675898744,5.428241883764784e-11,3.6751525491374975e-14,0.0005720299993194981,1,0.0,"[0.5703864107996394,0.3216904690337076,0.107923120166653]"
v3.3,393de51ec9fec163,arctan,common,2,0.5,1.3,-0.0028032203045359576,8.156812378312672e-11,3.780385188258689e-14,0.0005691487164854951,1,0.0,"[0.5703292637593425,0.32131964827175186,0.10835108796890561]"
v3.3,393de51ec9fec163,arctan,common,2,0.5,1.31,-0.0028014474407067995,7.202713772636038e-11,2.2729015009036185e-13,0.0005662739218370682,1,0.0,"[0.5702716817014636,0.32095114053749896,0.10877717776103746]"
v3.3,393de51ec9fec163,arctan,common,2,0.5,1.32,-0.002799559727269224,7.524366893441048e-11,3.971412674272272e-14,0.0005634062121039311,1,0.0,"[0.5702136652790153,0.3205849413968641,0.10920139332412054]"
v3.3,393de51ec9fec163,arctan,common,2,0.5,1.33,-0.002797559031544713,3.9428932341323275e-11,4.05452654175621e-14,0.0005605461472266638,1,0.0,"[0.5701552156554648,0.3202210457147505,0.1096237386297847]"
v3.3,393de51ec9fec163,arctan,common,2,0.5,1.34,-0.0027954472491161057,3.314043137137013e-11,4.1299029389975796e-14,0.0005576942548170531,1,0.0,"[0.5700963344809374,0.31985944768960783,0.11004421782945471]"
v3.3,393de51ec9fec163,arctan,common,2,0.5,1.35,-0.0027932263038278303,2.8405992835711658e-11,4.196017408698108e-14,0.0005548510295942244,1,0.0,"[0.5700370238590434,0.3195001408942787,0.11046283524667791]"
v3.3,393de51ec9fec163,arctan,common,2,0.5,1.36,-0.0027908981109955044,7.762890677498469e-11,4.25444310804081e-14,0.0005520169357304722,1,0.0,"[0.5699772863194119,0.3191431183118575,0.11087959536873054]"
v3.3,393de51ec9fec163,arctan,common,2,0.5,1.37,-0.0027884646216406912,5.0523817768377555e-11,4.303803648831017e-14,0.0005491924081465167,1,0.0,"[0.5699171247908267,0.31878837237042196,0.11129450283875136]"
v3.3,393de51ec9fec163,arctan,common,2,0.5,1.3800000000000001,-0.0027859277910861,6.801550989088412e-11,4.350301704273094e-14,0.0005463778538910652,1,0.0,"[0.5698565425756241,0.3184358949761684,0.11170756244820743]"
v3.3,393de51ec9fec163,arctan,common,2,0.5,1.3900000000000001,-0.0027832895718712287,6.552197326370468e-11,4.3821256662176354e-14,0.0005435736534619376,1,0.0,"[0.5697955433253042,0.3180856775450198,0.11211877912967602]"
v3.3,393de51ec9fec163,arctan,common,2,0.5,1.4,-0.002780551928353695,8.351968422415368e-11,4.4140704723284345e-14,0.0005407801620736458,1,0.0,"[0.5697341310172954,0.31773771103277404,0.11252815794993049]"
v3.3,393de51ec9fec163,arctan,common,3,0.3333333333333333,0.05,-0.004386181084135632,7.882019342764224e-11,3.7337580498419235e-13,0.0,1,0.0,"[0.5949214274384447,0.35440605534232517,0.05067251721923019]"
v3.3,393de51ec9fec163,arctan,common,3,0.3333333333333333,0.060000000000000005,-0.004359797102233949,9.455803501312587e-11,2.1470885566744427e-10,0.00014955319941960962,1,0.0,"[0.5947995269674858,0.35447319315514425,0.050727279877369885]"
v3.3,393de51ec9fec163,arctan,common,3,0.3333333333333333,0.07,-0.004329143588611056,7.557852954587219e-11,1.7334431810932972e-10,0.00017362648784631558,1,0.0,"[0.5946579575098304,0.3545504311881861,0.05079161130198357]"
v3.3,393de51ec9fec163,arctan,common,3,0.3333333333333333,0.08,-0.004294466655238215,2.3321537062637177e-10,1.077582167362678e-10,0.00019631162382675377,1,0.0,"[0.5944978369577136,0.3546368305033768,0.05086533253890949]"
v3.3,393de51ec9fec163,arctan,common,3,0.3333333333333333,0.09,-0.004256034006396549,8.021110858846825e-11,1.9428306190920572e-13,0.00021751353731851763,1,0.0,"[0.5943203651371194,0.3547313874212865,0.050948247441594076]"
v3.3,393de51ec9fec163,arctan,common,3,0.3333333333333333,0.1,-0.0042141327116557575,2.423841266585569e-10,5.391057674788623e-13,0.00023717267824155836,1,0.0,"[0.5941267966532983,0.35483305747996763,0.05104014586673424]"
v3.3,393de51ec9fec163,arctan,common,3,0.3333333333333333,0.11,-0.00416906161810731,1.9267751977247727e-10,1.3490185597993603e-12,0.00025526631714909104,1,0.0,"[0.5939184124636031,0.35494078064395373,0.051140806892443186]"
v3.3,393de51ec9fec163,arctan,common,3,0.3333333333333333,0.12000000000000001,-0.004121129894988994,1.469998844871867e-10,1.539077276577445e-10,0.000271801941831902,1,0.0,"[0.5936964964468248,0.3550535018638243,0.05125000168935092]"
v3.3,393de51ec9fec163,arctan,common,3,0.3333333333333333,0.13,-0.004070646609432044,1.244493258445445e-10,6.624311660503493e-12,0.0002868184096718166,1,0.0,"[0.5934623106554072,0.3551701930295906,0.05136749631500211]"
v3.3,393de51ec9fec163,arctan,common,3,0.3333333333333333,0.14,-0.0040179272448830974,2.2799165333431404e-10,1.3313932993250277e-11,0.0003003727077318747,1,0.0,"[0.5932170809073708,0.35528986515258465,0.05149305394004441]"
v3.3,393de51ec9fec163,arctan,common,3,0.3333333333333333,0.15000000000000002,-0.003963279385440714,7.351338981997912e-11,2.537244182452698e-11,0.0003125462950026561,1,0.0,"[0.5929619767675964,0.3554115861280287,0.05162643710437491]"
v3.3,393de51ec9fec163,arctan,common,3,0.3333333333333333,0.16,-0.003907004570304892,1.178076178276477e-10,1.8471933508657343e-13,0.0003234322303669196,1,0.0,"[0.5926981016014823,0.35553448898080603,0.05176740941771177]"
v3.3,393de51ec9fec163,arctan,common,3,0.3333333333333333,0.16999999999999998,-0.0038493955578629974,5.6360298372748474e-11,2.9504166465537784e-13,0.00033313328649985265,1,0.0,"[0.5924264837911992,0.35565777921429764,0.05191573699450317]"
v3.3,393de51ec9fec163,arctan,common,3,0.3333333333333333,0.18,-0.0037907328715528,7.036691368478287e-11,4.577272390655251e-13,0.00034175854276346715,1,0.0,"[0.5921480703854952,0.3557807399201306,0.052071189694374125]"
v3.3,393de51ec9fec163,arctan,common,3,0.3333333333333333,0.19,-0.0037312838142087718,1.3386269176463017e-10,6.918004754127972e-13,0.0003494186623392875,1,0.0,"[0.5918637243593916,0.35590273363996455,0.052233542000643965]"
v3.3,393de51ec9fec163,arctan,common,3,0.3333333333333333,0.2,-0.003671301076275349,2.4252447966555124e-10,1.0211933409147941e-12,0.00035622333849077536,1,0.0,"[0.5915742237625647,0.3560232025304605,0.0524025737069747]"
v3.3,393de51ec9fec163,arctan,common,3,0.3333333333333333,0.21000000000000002,-0.0036110218060432867,1.3572179491383451e-10,1.475440161838845e-12,0.00036227871503867823,1,0.0,"[0.5912802628622382,0.35614166674850173,0.05257807038926009]"
v3.3,393de51ec9fec163,arctan,common,3,0.3333333333333333,0.22000000000000003,-0.0035506670859292502,1.1929145171674094e-10,2.0905183110781473e-12,0.00036768545458430875,1,0.0,"[0.5909824548239644,0.35625772147524076,0.05275982370079494]"
v3.3,393de51ec9fec163,arctan,common,3,0.3333333333333333,0.22999999999999998,-0.003490441690742592,7.082574804417874e-11,2.9094368720755736e-12,0.00037253732650286103,1,0.0,"[0.5906813355744106,0.3563710329056978,0.05294763151989159]"
v3.3,393de51ec9fec163,arctan,common,3,0.3333333333333333,0.24,-0.0034305340497653297,1.641278293829096e-10,3.9832601304356245e-12,0.0003769202632141114,1,0.0,"[0.5903773685245747,0.35648133349800254,0.053141297977422744]"
v3.3,393de51ec9fec163,arctan,common,3,0.3333333333333333,0.25,-0.0033711165358015424,2.3972172857877894e-10,5.371572304281633e-12,0.00038091182416563716,1,0.0,"[0.5900709498717008,0.3565884167388391,0.053340633389460115]"
v3.3,393de51ec9fec163,arctan,common,3,0.3333333333333333,0.26,-0.0033123457603148956,1.3841645191137175e-10,7.143278596474502e-12,0.0003845810030468094,1,0.0,"[0.5897624142399958,0.3566921316425253,0.05354545411747906]"
v3.3,393de51ec9fec163,arctan,common,3,0.3333333333333333,0.27,-0.0032543631261405873,7.515320310513829e-11,9.377472973930052e-12,0.00038798831381358083,1,0.0,"[0.5894520404614568,0.3567923771628222,0.05375558237572096]"
v3.3,393de51ec9fec163,arctan,common,3,0.3333333333333333,0.28,-0.003197295417820739,8.30636670556828e-11,1.2163616085600406e-11,0.000391186094132412,1,0.0,"[0.5891400573369097,0.35688909666068414,0.053970846002406224]"
v3.3,393de51ec9fec163,arctan,common,3,0.3333333333333333,0.29,-0.00314125549015367,2.051895875432308e-10,1.5602567476191117e-11,0.0003942189699202376,1,0.0,"[0.5888266492525965,0.3569822725387095,0.05419107820869393]"
v3.3,393de51ec9fec163,arctan,common,3,0.3333333333333333,0.3,-0.0030863430052121554,6.586061557234402e-11,1.9806734186702286e-11,0.00039712443105296546,1,0.0,"[0.588511961558737,0.3570719211245822,0.054416117316680786]"
v3.3,393de51ec9fec163,arctan,common,3,0.3333333333333333,0.31,-0.0030326451568390214,8.080015129197093e-11,2.490093089453039e-11,0.00039993347535768284,1,0.0,"[0.588196105643218,0.3571580878614101,0.054645806495371846]"
v3.3,393de51ec9fec163,arctan,common,3,0.3333333333333333,0.32,-0.002980237519549664,2.1962323626389946e-10,3.1022348505961706e-11,0.0004026712852667344,1,0.0,"[0.5878791636560129,0.3572408428425118,0.05487999350147531]"
v3.3,393de51ec9fec163,arctan,common,3,0.3333333333333333,0.33,-0.002929184541809085,1.4174111190312644e-10,1.775114961197283e-14,0.0004053580342743088,1,0.0,"[0.5875611927356796,0.35732027682034045,0.05511853044397996]"
v3.3,393de51ec9fec163,arctan,common,3,0.3333333333333333,0.33999999999999997,-0.0028795411937511603,2.026237649888074e-10,2.344623382485625e-14,0.0004080089496401587,1,0.0,"[0.5872422294347044,0.3573964970694078,0.05536127349588784]"
v3.3,393de51ec9fec163,arctan,common,3,0.3333333333333333,0.35,-0.0028313525400455,1.7155682777159065e-10,4.601844005192899e-12,0.0004106360739457614,1,0.0,"[0.5869222926546234,0.3574696245982344,0.05560808274714211]"
v3.3,393de51ec9fec163,arctan,common,3,0.3333333333333333,0.36,-0.0027846551459926316,7.405103266688862e-11,4.155296198140689e-12,0.00041324782508096703,1,0.0,"[0.5866013871997956,0.35753979084125886,0.055858821958945454]"
v3.3,393de51ec9fec163,arctan,common,3,0.3333333333333333,0.37,-0.0027394776798048866,1.2043220587454329e-10,3.6620916835443774e-12,0.000415849901143972,1,0.0,"[0.586279506611728,0.3576071350060475,0.056113358382224386]"
v3.3,393de51ec9fec163,arctan,common,3,0.3333333333333333,0.38,-0.0026958416637667924,1.9148821764347623e-10,3.177176344108666e-12,0.00041844581294110005,1,0.0,"[0.5859566356022925,0.35767180180387326,0.05637156259383411]"
v3.3,393de51ec9fec163,arctan,common,3,0.3333333333333333,0.39,-0.00265376194156397,6.994919574121461e-11,2.726891923024751e-12,0.0004210372261273509,1,0.0,"[0.5856327522490695,0.35773393940731524,0.056633308343615345]"
v3.3,393de51ec9fec163,arctan,common,3,0.3333333333333333,0.4,-0.0026132474099655086,7.058591211528409e-11,2.323189841264343e-12,0.0004236243446169082,1,0.0,"[0.5853078298811328,0.3577936977004438,0.05689847241842354]"
v3.3,393de51ec9fec163,arctan,common,3,0.3333333333333333,0.41,-0.002574301541530495,1.2845085065049666e-10,1.969523421914137e-12,0.00042620622719765575,1,0.0,"[0.5849818386966131,0.35785122678255626,0.057166934520830555]"
v3.3,393de51ec9fec163,arctan,common,3,0.3333333333333333,0.42,-0.0025369229360388094,9.724393859600333e-11,1.6647839046296965e-12,0.00042878105705786515,1,0.0,"[0.584654747137272,0.3579066757014879,0.057438577161240206]"
v3.3,393de51ec9fec163,arctan,common,3,0.3333333333333333,0.43,-0.0025011058172457745,1.1403104849261325e-10,1.40477397958422e-12,0.00043134636865849114,1,0.0,"[0.5843265230446386,0.35796019139325924,0.057713285562102146]"
v3.3,393de51ec9fec163,arctan,common,3,0.3333333333333333,0.44,-0.0024668405096226233,7.147616179481453e-11,1.1848476290481377e-12,0.00043389923656261055,1,0.0,"[0.5839971346212144,0.35801191780588504,0.0579909475729005]"
v3.3,393de51ec9fec163,arctan,common,3,0.3333333333333333,0.45,-0.0024341138557434257,1.2070809629616264e-10,9.989807538399514e-13,0.00043643643084879133,1,0.0,"[0.5836665512188813,0.35806199518649023,0.05827145359462848]"
v3.3,393de51ec9fec163,arctan,common,3,0.3333333333333333,0.46,-0.002402909622427153,1.436386738717932e-10,8.426800492403909e-13,0.0004389545434804195,1,0.0,"[0.5833347439751885,0.35811055951229415,0.058554696512517455]"
v3.3,393de51ec9fec163,arctan,common,3,0.3333333333333333,0.47,-0.00237320887527577,1.131274691978934e-10,7.112170977311401e-13,0.0004414500897924221,1,0.0,"[0.5830016863165353,0.3581577420475927,0.058840571635872]"
v3.3,393de51ec9fec163,arctan,common,3,0.3333333333333333,0.48,-0.002344990329756075,5.843849709696869e-11,6.001594857371617e-13,0.00044391958879878694,1,0.0,"[0.582667354345695,0.3582036690103543,0.05912897664395072]"
v3.3,393de51ec9fec163,arctan,common,3,0.3333333333333333,0.49,-0.0023182305712934406,1.3440482754534244e-10,5.77443263173431e-13,0.0004463596254813384,1,0.0,"[0.5823317271296735,0.3582484613335028,0.059419811536823686]"
v3.3,393de51ec9fec163,arctan,common,3,0.3333333333333333,0.5,-0.0022929045371813984,1.1183542286685721e-10,6.798444612161043e-13,0.0004487668990307662,1,0.0,"[0.5819947869015982,0.35829223450747655,0.05971297859092514]"
v3.3,393de51ec9fec163,arctan,common,3,0.3333333333333333,0.51,-0.0022689855752008672,1.3977178789370548e-10,7.96667332568318e-13,0.000451138258270578,1,0.0,"[0.5816565191892022,0.358335098493553,0.06000838231724463]"
v3.3,393de51ec9fec163,arctan,common,3,0.3333333333333333,0.52,-0.002246445781375634,9.522008528883852e-11,9.292905063959556e-13,0.00045347072590913936,1,0.0,"[0.5813169128835818,0.3583771576934131,0.06030592942300523]"
v3.3,393de51ec9fec163,arctan,common,3,0.3333333333333333,0.53,-0.0022252562019965533,6.445589548209618e-11,1.0791911716127195e-12,0.0004557615169077043,1,0.0,"[0.5809759602549718,0.35841851096976596,0.06060552877526225]"
v3.3,393de51ec9fec163,arctan,common,3,0.3333333333333333,0.54,-0.002205387007391462,9.277157861364849e-11,1.2480012418753432e-12,0.0004580080488185888,1,0.0,"[0.5806336569263425,0.35845925170739773,0.06090709136625978]"
v3.3,393de51ec9fec163,arctan,common,3,0.3333333333333333,0.55,-0.0021868077069850077,1.5495965968725933e-10,1.4373263980352783e-12,0.00046020794725958134,1,0.0,"[0.5802900018121265,0.35849946790779463,0.0612105302800789]"
v3.3,393de51ec9fec163,arctan,common,3,0.3333333333333333,0.56,-0.0021694872711277985,1.2185530015584867e-10,1.6489160160132957e-12,0.000462359047280298,1,0.0,"[0.5799449970288375,0.3585392423109373,0.06151576066022524]"
v3.3,393de51ec9fec163,arctan,common,3,0.3333333333333333,0.5700000000000001,-0.002153394303385448,1.2641787963674211e-10,1.8845275950558507e-12,0.00046445939154941444,1,0.0,"[0.5795986477834287,0.35857865253870486,0.061822699677866425]"
v3.3,393de51ec9fec163,arctan,common,3,0.3333333333333333,0.5800000000000001,-0.002138497143770811,9.076584622791373e-11,2.1459787789645137e-12,0.00046650722610825957,1,0.0,"[0.5792509622444422,0.3586177712550735,0.06213126650048434]"
v3.3,393de51ec9fec163,arctan,common,3,0.3333333333333333,0.5900000000000001,-0.002124763996845018,1.0322520269112623e-10,2.4352080628875735e-12,0.00046850099430542007,1,0.0,"[0.5789019514002761,0.3586566663389686,0.06244138226075534]"
v3.3,393de51ec9fec163,arctan,common,3,0.3333333333333333,0.6000000000000001,-0.00211216304812286,1.2773710214575296e-10,2.754059767479137e-12,0.0004704393294088844,1,0.0,"[0.5785516289082607,0.3586954010662255,0.06275297002551375]"
v3.3,393de51ec9fec163,arctan,common,3,0.3333333333333333,0.6100000000000001,-0.0021006625463818526,6.020933751571533e-11,3.1045839740315064e-12,0.0004723210462907926,1,0.0,"[0.5782000109376702,0.3587340342976393,0.06306595476469047]"
v3.3,393de51ec9fec163,arctan,common,3,0.3333333333333333,0.6200000000000001,-0.002090230788005902,9.711723439331799e-11,5.4102802985145646e-14,0.0004741451433999349,1,0.0,"[0.5778471159972014,0.35877262068109245,0.0633802633217062]"
v3.3,393de51ec9fec163,arctan,common,3,0.3333333333333333,0.63,-0.0020808364609831743,5.364094585180723e-11,4.559209533749249e-14,0.00047591074042261294,1,0.0,"[0.577492964820138,0.35881121080373235,0.06369582437612967]"
v3.3,393de51ec9fec163,arctan,common,3,0.3333333333333333,0.64,-0.0020724483581893785,1.2045489952705601e-10,3.8516773779295345e-14,0.00047761717229615874,1,0.0,"[0.5771375801352027,0.358849851443869,0.06401256842092833]"
v3.3,393de51ec9fec163,arctan,common,3,0.3333333333333333,0.65,-0.0020650356923396958,1.5682093817970255e-10,3.2509940109259e-14,0.00047926387887850866,1,0.0,"[0.5767809865515133,0.3588885857233668,0.06433042772511975]"
v3.3,393de51ec9fec163,arctan,common,3,0.3333333333333333,0.66,-0.0020585680213770635,1.5212261658681392e-10,2.751837956982327e-14,0.0004808504448387433,1,0.0,"[0.5764232103921351,0.35892745330460585,0.06464933630325898]"
v3.3,393de51ec9fec163,arctan,common,3,0.3333333333333333,0.67,-0.002053015325505208,9.214822654923793e-11,2.3307205027487232e-14,0.00048237658092672206,1,0.0,"[0.5760642795425093,0.35896649057411006,0.06496922988338073]"
v3.3,393de51ec9fec163,arctan,common,3,0.3333333333333333,0.68,-0.0020483480391003603,1.0471589220739652e-10,1.9877104358998163e-14,0.00048384211511119256,1,0.0,"[0.5757042233038385,0.3590057308213705,0.0652900458747909]"
v3.3,393de51ec9fec163,arctan,common,3,0.3333333333333333,0.6900000000000001,-0.0020445370792697842,6.797033422212273e-11,1.688177806917138e-14,0.0004852469840385444,1,0.0,"[0.5753430722519832,0.3590452044122756,0.0656117233357411]"
v3.3,393de51ec9fec163,arctan,common,3,0.3333333333333333,0.7000000000000001,-0.0020415538759135238,1.0895322144488517e-10,1.4581168975866843e-14,0.000486591224833859,1,0.0,"[0.5749808581022828,0.35908493895669563,0.0659342029410216]"
v3.3,393de51ec9fec163,arctan,common,3,0.3333333333333333,0.7100000000000001,-0.0020393703840550018,1.1449174247557536e-10,1.230575836182636e-14,0.00048787496727933395,1,0.0,"[0.574617613580572,0.35912495946991285,0.06625742694951521]"
v3.3,393de51ec9fec163,arctan,common,3,0.3333333333333333,0.7200000000000001,-0.0020379591138207677,1.4250927174441763e-10,1.065999994066276e-14,0.0004890984263545028,1,0.0,"[0.5742533723005819,0.35916528852766594,0.06658133917175209]"
v3.3,393de51ec9fec163,arctan,common,3,0.3333333333333333,0.7300000000000001,-0.0020372931253069583,1.558991685746136e-10,9.123406585183094e-15,0.0004902618951879471,1,0.0,"[0.5738881686477783,0.3592059464147088,0.066905884937513]"
v3.3,393de51ec9fec163,arctan,common,3,0.3333333333333333,0.7400000000000001,-0.0020373460677303064,1.0105667344606495e-10,7.966016033958626e-15,0.000491365738364273,1,0.0,"[0.5735220376696712,0.3592469512668079,0.06723101106352106]"
v3.3,393de51ec9fec163,arctan,common,3,0.3333333333333333,0.7500000000000001,-0.002038092147161944,1.0836610081499387e-10,6.841502118170218e-15,0.0004924103856340088,1,0.0,"[0.573155014972518,0.3592883192062129,0.06755666582126912]"
v3.3,393de51ec9fec163,arctan,common,3,0.3333333333333333,0.76,-0.002039506174676048,6.276622624423744e-11,5.982443555477881e-15,0.0004933963259749488,1,0.0,"[0.5727871366243302,0.35933006447064897,0.06788279890502083]"
v3.3,393de51ec9fec163,arctan,common,3,0.3333333333333333,0.77,-0.002041563542154061,1.0688418553006507e-10,5.875755890591936e-15,0.0004943241020285428,1,0.0,"[0.5724184390640316,0.35937219953593386,0.06820936140003453]"
v3.3,393de51ec9fec163,arctan,common,3,0.3333333333333333,0.78,-0.002044240225320359,7.88213799784998e-11,5.7714208088705855e-15,0.0004951943048799624,1,0.0,"[0.5720489590165813,0.35941473523238715,0.06853630575103162]"
v3.3,393de51ec9fec163,arctan,common,3,0.3333333333333333,0.79,-0.0020475128004023707,1.7267728566472407e-10,5.707284073483481e-15,0.0004960075691611903,1,0.0,"[0.5716787334138935,0.3594576808551403,0.06886358573096629]"
v3.3,393de51ec9fec163,arctan,common,3,0.3333333333333333,0.8,-0.0020513584232424546,9.826482683106263e-11,5.603616033662959e-15,0.0004967645684915542,1,0.0,"[0.5713077993213043,0.35950104426857993,0.06919115641011576]"
v3.3,393de51ec9fec163,arctan,common,3,0.3333333333333333,0.81,-0.0020557548439698488,8.377257568192853e-11,2.9701192097493064e-12,0.00049746600121443,1,0.0,"[0.5709361938807385,0.35954483199462434,0.06951897412463716]"
v3.3,393de51ec9fec163,arctan,common,3,0.3333333333333333,0.8200000000000001,-0.002060680362603512,4.9258801898544036e-11,2.706634785431726e-12,0.0004981126372879898,1,0.0,"[0.5705639542011564,0.3595890493488084,0.06984699645003524]"
v3.3,393de51ec9fec163,arctan,common,3,0.3333333333333333,0.8300000000000001,-0.0020661138690767043,9.127178526857627e-11,2.471406901793577e-12,0.0004987052110530626,1,0.0,"[0.5701911173715455,0.3596337004626236,0.07017518216583082]"
v3.3,393de51ec9fec163,arctan,common,3,0.3333333333333333,0.8400000000000001,-0.0020720348445921466,5.446310416545863e-11,2.2608816126666002e-12,0.0004992445232546002,1,0.0,"[0.5698177203586471,0.35967878841131407,0.07050349123003885]"
v3.3,393de51ec9fec163,arctan,common,3,0.3333333333333333,0.8500000000000001,-0.002078423279511993,1.573358457407359e-10,2.072126977626688e-12,0.0004997313841138141,1,0.0,"[0.5694437999701433,0.3597243152805325,0.07083188474932423]"
v3.3,393de51ec9fec163,arctan,common,3,0.3333333333333333,0.8600000000000001,-0.0020852597620821534,9.913225101909617e-11,1.9023251115621178e-12,0.0005001666213416852,1,0.0,"[0.5690693928095076,0.35977028223988844,0.07116032495060398]"
v3.3,393de51ec9fec163,arctan,common,3,0.3333333333333333,0.8700000000000001,-0.0020925253987782444,9.175951665163495e-11,1.7492978156925795e-12,0.0005005510774049439,1,0.0,"[0.5686945352347528,0.35981668961211083,0.07148877515313637]"
v3.3,393de51ec9fec163,arctan,common,3,0.3333333333333333,0.8800000000000001,-0.0021002018348347355,1.4374715653908687e-10,1.611166997793347e-12,0.0005008856070030397,1,0.0,"[0.5683192633208436,0.35986353693804507,0.07181719974111138]"
v3.3,393de51ec9fec163,arctan,common,3,0.3333333333333333,0.89,-0.0021082712359029934,1.5795021540698784e-10,1.4859614920414198e-12,0.0005011710747384403,1,0.0,"[0.5679436128255562,0.35991082303769095,0.07214556413675298]"
v3.3,393de51ec9fec163,arctan,common,3,0.3333333333333333,0.9,-0.002116716286424937,6.711227754085947e-11,1.3724011006686416e-12,0.0005014083529642099,1,0.0,"[0.5675676191585753,0.3599585460674833,0.07247383477394131]"
v3.3,393de51ec9fec163,arctan,common,3,0.3333333333333333,0.91,-0.0021255201723762718,5.09573945539632e-11,1.269083081340452e-12,0.0005015983198118514,1,0.0,"[0.5671913173536167,0.36000670357401954,0.07280197907236377]"
v3.3,393de51ec9fec163,arctan,common,3,0.3333333333333333,0.92,-0.0021346665702803615,4.7253194412899546e-11,1.174941512292852e-12,0.0005017418573714343,1,0.0,"[0.5668147420433844,0.3600552925444178,0.07312996541219767]"
v3.3,393de51ec9fec163,arctan,common,3,0.3333333333333333,0.93,-0.0021441396478039804,9.568097703027689e-11,1.0888790270546027e-12,0.0005018398500263515,1,0.0,"[0.5664379274371741,0.3601043094534953,0.07345776310933042]"
v3.3,393de51ec9fec163,arctan,common,3,0.3333333333333333,0.9400000000000001,-0.0021539240374833825,1.360312036624567e-10,1.0101836755427257e-12,0.0005018931829244205,1,0.0,"[0.5660609073009449,0.36015375030793817,0.0737853423911168]"
v3.3,393de51ec9fec163,arctan,common,3,0.3333333333333333,0.9500000000000001,-0.002164004845253923,7.430395881913299e-11,9.378831120146922e-13,0.000501902740584865,1,0.0,"[0.5656837149396868,0.36020361068763734,0.07411267437267587]"
v3.3,393de51ec9fec163,arctan,common,3,0.3333333333333333,0.9600000000000001,-0.0021743676145084476,8.319442357240803e-11,8.715491133215257e-13,0.0005018694056198851,1,0.0,"[0.56530638318193,0.3602538857843453,0.07443973103372474]"
v3.3,393de51ec9fec163,arctan,common,3,0.3333333333333333,0.9700000000000001,-0.0021849983436794153,4.6909871820322024e-11,8.104492967879998e-13,0.0005017940575789707,1,0.0,"[0.5649289443662351,0.36030457043781583,0.07476648519594907]"
v3.3,393de51ec9fec163,arctan,common,3,0.3333333333333333,0.9800000000000001,-0.0021958834438464726,1.0025257360379847e-10,7.54083785310959e-13,0.0005016775718902476,1,0.0,"[0.5645514303295291,0.3603556591695652,0.07509291050090554]"
v3.3,393de51ec9fec163,arctan,common,3,0.3333333333333333,0.9900000000000001,-0.0022070097683176797,1.0977536935019572e-10,7.02031879237381e-13,0.0005015208189064533,1,0.0,"[0.564173872397147,0.3604071462143999,0.07541898138845318]"
v3.3,393de51ec9fec163,arctan,common,3,0.3333333333333333,1.0,-0.0022183645634780425,9.152465937911636e-11,6.539342717408584e-13,0.0005013246630399306,1,0.0,"[0.5637963013744512,0.36045902554984094,0.07574467307570783]"
v3.3,393de51ec9fec163,arctan,common,3,0.3333333333333333,1.01,-0.00222993548243346,8.539895179904278e-11,6.09356568059965e-13,0.0005010899619832617,1,0.0,"[0.5634187475399127,0.3605112909235722,0.07606996153651512]"
v3.3,393de51ec9fec163,arctan,common,3,0.3333333333333333,1.02,-0.002241710563596837,9.286199587066335e-11,5.679757595549723e-13,0.000500817566007803,1,0.0,"[0.563041240639538,0.36056393587902796,0.07639482348143402]"
v3.3,393de51ec9fec163,arctan,common,3,0.3333333333333333,1.03,-0.0022536782271465987,8.955521046960513e-11,5.295363531955108e-13,0.0005005083173366035,1,0.0,"[0.5626638098825384,0.3606169537792367,0.07671923633822501]"
v3.3,393de51ec9fec163,arctan,common,3,0.3333333333333333,1.04,-0.002265827261439049,9.490382438248623e-11,4.938736239270057e-13,0.0005001630495848228,1,0.0,"[0.5622864839381414,0.360670337829024,0.07704317823283455]"
v3.3,393de51ec9fec163,arctan,common,3,0.3333333333333333,1.05,-0.0022781468147664297,1.275382750798304e-10,4.60725131529622e-13,0.0004997825872632947,1,0.0,"[0.5619092909334523,0.36072408109567866,0.07736662797086892]"
v3.3,393de51ec9fec163,arctan,common,3,0.3333333333333333,1.06,-0.0022906263865405604,9.647597304374145e-11,4.298345298527498e-13,0.0004993677453382027,1,0.0,"[0.5615322584522806,0.3607781765281722,0.07768956501954714]"
v3.3,393de51ec9fec163,arctan,common,3,0.3333333333333333,1.07,-0.0023032558082821883,7.602062382372488e-11,4.01010700984911e-13,0.0004989193288463936,1,0.0,"[0.5611554135348492,0.36083261697502494,0.07801196949012584]"
v3.3,393de51ec9fec163,arctan,common,3,0.3333333333333333,1.08,-0.002316025250090399,8.357387004664929e-11,3.7418060577034493e-13,0.0004984381325592168,1,0.0,"[0.5607787826783122,0.36088739520090146,0.07833382212078638]"
v3.3,393de51ec9fec163,arctan,common,3,0.3333333333333333,1.09,-0.002328925205535907,8.024907821591043e-11,3.4923331103301645e-13,0.0004979249406926651,1,0.0,"[0.5604023918380094,0.3609425039020158,0.07865510425997481]"
v3.3,393de51ec9fec163,arctan,common,3,0.3333333333333333,1.1,-0.002341946476428443,7.583999747651227e-11,3.2580200391352994e-13,0.0004973805266599775,1,0.0,"[0.5600262664293935,0.360997935720421,0.07897579785018564]"
v3.3,393de51ec9fec163,arctan,common,3,0.3333333333333333,1.11,-0.002355080167810431,1.3480250943276317e-10,3.040135607648162e-13,0.0004968056528575975,1,0.0,"[0.5596504313305721,0.36105368325724896,0.07929588541217898]"
v3.3,393de51ec9fec163,arctan,common,3,0.3333333333333333,1.12,-0.00236831768324167,8.702524464943018e-11,2.8365266865507475e-13,0.000496201070498198,1,0.0,"[0.5592749108853995,0.3611097390849776,0.07961535002962285]"
v3.3,393de51ec9fec163,arctan,common,3,0.3333333333333333,1.1300000000000001,-0.002381650709945487,1.457709439267596e-10,2.6468596182989353e-13,0.0004955675194630863,1,0.0,"[0.5588997289070758,0.3611660957587747,0.07993417533414945]"
v3.3,393de51ec9fec163,arctan,common,3,0.3333333333333333,1.1400000000000001,-0.002395071223741531,8.632056527901888e-11,2.4689081492059026e-13,0.0004949057281947159,1,0.0,"[0.5585249086821973,0.36122274582698627,0.08025234549081653]"
v3.3,393de51ec9fec163,arctan,common,3,0.3333333333333333,1.1500000000000001,-0.002408571453936071,6.467266652765424e-11,2.3037883637018004e-13,0.0004942164136094413,1,0.0,"[0.5581504729752176,0.361279681840819,0.08056984518396351]"
v3.3,393de51ec9fec163,arctan,common,3,0.3333333333333333,1.1600000000000001,-0.002422143914636944,1.100465135683848e-10,2.1485767728973126e-13,0.0004935002810428565,1,0.0,"[0.5577764440332723,0.36133689636327393,0.08088665960345374]"
v3.3,393de51ec9fec163,arctan,common,3,0.3333333333333333,1.1700000000000002,-0.002435781374233826,4.221175839425051e-11,2.1902691195718396e-13,0.000492758024161993,1,0.0,"[0.557402843591333,0.36139438197746987,0.0812027744311972]"
v3.3,393de51ec9fec163,arctan,common,3,0.3333333333333333,1.1800000000000002,-0.002449476799597651,4.2934423377660735e-11,2.7668420722144895e-13,0.000491990324918969,1,0.0,"[0.557029692877942,0.36145213129359577,0.08151817582846216]"
v3.3,393de51ec9fec163,arctan,common,3,0.3333333333333333,1.1900000000000002,-0.002463223463109357,4.647613544017659e-11,3.467392632734052e-13,0.0004911978541170151,1,0.0,"[0.5566570126201121,0.3615101369570993,0.08183285042278862]"
v3.3,393de51ec9fec163,arctan,common,3,0.3333333333333333,1.2000000000000002,-0.0024770148524182016,8.1007967694946e-11,4.312924970899286e-13,0.0004903812704109241,1,0.0,"[0.5562848230500231,0.3615683916540546,0.08214678529592229]"
v3.3,393de51ec9fec163,arctan,common,3,0.3333333333333333,1.21,-0.002490844672754535,7.784559108436895e-11,5.328197119148466e-13,0.0004895412210682927,1,0.0,"[0.5559131439109115,0.3616268881173013,0.08245996797178719]"
v3.3,393de51ec9fec163,arctan,common,3,0.3333333333333333,1.22,-0.002504706847292173,1.033425324481474e-10,6.540230692611657e-13,0.0004886783418355271,1,0.0,"[0.5555419944633766,0.36168561913178265,0.08277238640484075]"
v3.3,393de51ec9fec163,arctan,common,3,0.3333333333333333,1.23,-0.002518595521068038,6.846730821186142e-11,7.980765133633722e-13,0.0004877932570014075,1,0.0,"[0.5551713934918364,0.3617445775394151,0.08308402896874845]"
v3.3,393de51ec9fec163,arctan,common,3,0.3333333333333333,1.24,-0.0025325050428228676,1.0684803042337876e-10,9.683362821280776e-13,0.0004868865794737764,1,0.0,"[0.5548013593111092,0.3618037562435209,0.08339488444536991]"
v3.3,393de51ec9fec163,arctan,common,3,0.3333333333333333,1.25,-0.002546429964820341,8.097170850485114e-11,1.1687353385518531e-12,0.0004859589108638958,1,0.0,"[0.5544319097731029,0.36186314821284976,0.08370494201404736]"
v3.3,393de51ec9fec163,arctan,common,3,0.3333333333333333,1.26,-0.002560365029366511,1.1920804621201597e-10,1.4034286843454056e-12,0.0004850108415828508,1,0.0,"[0.5540630622735914,0.3619227464852198,0.08401419124118872]"
v3.3,393de51ec9fec163,arctan,common,3,0.3333333333333333,1.27,-0.002574305180338767,9.548211526988482e-11,1.677156190288079e-12,0.00048404295094358745,1,0.0,"[0.5536948337590625,0.36198254417080156,0.08432262207013598]"
v3.3,393de51ec9fec163,arctan,common,3,0.3333333333333333,1.28,-0.002588245528111672,7.60206585181944e-11,1.9951099129481234e-12,0.0004830558072735015,1,0.0,"[0.5533272407336183,0.3620425344550701,0.08463022481131169]"
v3.3,393de51ec9fec163,arctan,common,3,0.3333333333333333,1.29,-0.0026021813705187045,7.580370706139483e-11,2.36286290918202e-12,0.00048204996803077513,1,0.0,"[0.5529602992659168,0.362102710601448,0.08493699013263516]"
v3.3,393de51ec9fec163,arctan,common,3,0.3333333333333333,1.3,-0.002616108183039416,6.778068731283504e-11,2.786492615946753e-12,0.0004810259799268777,1,0.0,"[0.5525940249961412,0.36216306595365805,0.0852429090502008]"
v3.3,393de51ec9fec163,arctan,common,3,0.3333333333333333,1.31,-0.0026300215964297075,8.637471987649192e-11,3.27260531493047e-12,0.00047998437905601404,1,0.0,"[0.552228433142981,0.36222359393780806,0.08554797291921089]"
v3.3,393de51ec9fec163,arctan,common,3,0.3333333333333333,1.32,-0.002643917416904864,4.1470802486509584e-11,3.828412971824266e-12,0.0004789256910254645,1,0.0,"[0.5518635385106201,0.3622842880642243,0.08585217342515557]"
v3.3,393de51ec9fec163,arctan,common,3,0.3333333333333333,1.33,-0.00265779159249431,8.389917580120532e-11,4.4613800974245184e-12,0.00047785043109456135,1,0.0,"[0.5514993554957142,0.3623451419290528,0.08615550257523304]"
v3.3,393de51ec9fec163,arctan,common,3,0.3333333333333333,1.34,-0.0026716402426397723,7.341866697929689e-11,5.179704803677953e-12,0.0004767591043108559,1,0.0,"[0.5511358980943555,0.36240614921564246,0.08645795269000216]"
v3.3,393de51ec9fec163,arctan,common,3,0.3333333333333333,1.35,-0.002685459617953318,1.1472677322044156e-10,5.9918508868332935e-12,0.00047565220565470075,1,0.0,"[0.5507731799090109,0.3624673036957271,0.08675951639526204]"
v3.3,393de51ec9fec163,arctan,common,3,0.3333333333333333,1.36,-0.0026992461172573937,4.416319046574024e-11,6.906811901332321e-12,0.0004745302201809061,1,0.0,"[0.55041121415543,0.36252859923041947,0.08706018661415041]"
v3.3,393de51ec9fec163,arctan,common,3,0.3333333333333333,1.37,-0.0027129962910180973,3.422459537993916e-11,7.934011187073412e-12,0.0004733936231664879,1,0.0,"[0.5500500136695132,0.36259002977103116,0.08735995655945565]"
v3.3,393de51ec9fec163,arctan,common,3,0.3333333333333333,1.3800000000000001,-0.0027267067991338656,8.086347216829104e-11,9.083085705379909e-12,0.0004722428802575671,1,0.0,"[0.5496895909141339,0.36265158935973046,0.08765881972613555]"
v3.3,393de51ec9fec163,arctan,common,3,0.3333333333333333,1.3900000000000001,-0.002740374456363423,8.523634922874557e-11,1.0364026467495141e-11,0.0004710784476163405,1,0.0,"[0.5493299579859127,0.36271327213005083,0.08795676988403653]"
v3.3,393de51ec9fec163,arctan,common,3,0.3333333333333333,1.4,-0.0027539962111291713,3.236346260426792e-11,1.1787041701790706e-11,0.00046990077207121494,1,0.0,"[0.5489711266219333,0.3627750723072587,0.08825380107080802]"
v3.3,393de51ec9fec163,arctan,common,5,0.2,0.05,-0.004400917678485258,7.425617759571068e-11,6.377489119752474e-15,0.0,1,0.0,"[0.5951029491224104,0.35430480840989087,0.05059224246769876]"
v3.3,393de51ec9fec163,arctan,common,5,0.2,0.060000000000000005,-0.004380682304960672,2.2401754756762315e-10,2.0667017710099006e-10,5.466601595667304e-05,1,0.0,"[0.5950584026883102,0.35432951021851045,0.050612087093179235]"
v3.3,393de51ec9fec163,arctan,common,5,0.2,0.07,-0.004357042558751779,1.394726903414245e-10,1.60975753857857e-10,6.382962087151727e-05,1,0.0,"[0.5950063755969182,0.35435816886746757,0.050635455535614174]"
v3.3,393de51ec9fec163,arctan,common,5,0.2,0.08,-0.004330129830238755,1.4076208254554246e-10,9.162650984679584e-11,7.263725546625217e-05,1,0.0,"[0.5949471531832972,0.35439053955511896,0.050662307261583835]"
v3.3,393de51ec9fec163,arctan,common,5,0.2,0.09,-0.004300087717947064,2.3836764506679486e-10,1.1934291707395744e-15,8.105819848343047e-05,1,0.0,"[0.5948810464335926,0.3544263568046637,0.05069259676174362]"
v3.3,393de51ec9fec163,arctan,common,5,0.2,0.1,-0.004267072277920059,1.4265146702774345e-10,1.8123294201980176e-15,8.906807367830497e-05,1,0.0,"[0.5948083871795254,0.3544653388783388,0.0507262739421356]"
v3.3,393de51ec9fec163,arctan,common,5,0.2,0.11,-0.004231247568355391,8.386998734399853e-11,8.832337630129418e-15,9.665116450965329e-05,1,0.0,"[0.5947295214131313,0.3545071939441927,0.05076328464267611]"
v3.3,393de51ec9fec163,arctan,common,5,0.2,0.12000000000000001,-0.0041927858545125415,2.1404662070567682e-10,3.902725984551318e-11,0.00010379754891644917,1,0.0,"[0.59464480484295,0.3545516240963348,0.05080357106071516]"
v3.3,393de51ec9fec163,arctan,common,5,0.2,0.13,-0.004151863517305281,7.551528846683198e-11,5.086246189409966e-12,0.00011050483199734724,1,0.0,"[0.594554597007038,0.3545983307314968,0.05084707226146506]"
v3.3,393de51ec9fec163,arctan,common,5,0.2,0.14,-0.004108661652925352,1.5204478648334074e-10,9.109012438591401e-14,0.00011677503873380916,1,0.0,"[0.5944592578227542,0.35464701757027056,0.05089372460697517]"
v3.3,393de51ec9fec163,arctan,common,5,0.2,0.15000000000000002,-0.0040633618341565855,2.3248858393998262e-10,1.762564274499128e-13,0.00012261644184955237,1,0.0,"[0.5943591425989788,0.35469739515437726,0.05094346224664393]"
v3.3,393de51ec9fec163,arctan,common,5,0.2,0.16,-0.0040161454536103355,2.264733400814123e-10,3.2565436263696774e-13,0.0001280409440736239,1,0.0,"[0.5942545990968645,0.35474918337271455,0.05099621753042091]"
v3.3,393de51ec9fec163,arctan,common,5,0.2,0.16999999999999998,-0.003967192143131744,1.1393284232719125e-10,5.777360620967867e-13,0.00013306386573414618,1,0.0,"[0.594145964705362,0.35480211387483934,0.05105192141979861]"
v3.3,393de51ec9fec163,arctan,common,5,0.2,0.18,-0.00391667843452715,1.4339079923431086e-10,9.886401482742428e-13,0.0001377031357632109,1,0.0,"[0.5940335642196152,0.35485593191234294,0.05111050386804183]"
v3.3,393de51ec9fec163,arctan,common,5,0.2,0.19,-0.003864776644979702,2.252367806154787e-10,1.6382369450760785e-12,0.0001419785605198696,1,0.0,"[0.5939177081683729,0.35491039766031063,0.05117189417131647]"
v3.3,393de51ec9fec163,arctan,common,5,0.2,0.2,-0.003811653949679958,7.184892958367328e-11,2.637050724114076e-12,0.00014591118301960393,1,0.0,"[0.5937986916266074,0.354965287083423,0.051236021289969604]"
v3.3,393de51ec9fec163,arctan,common,5,0.2,0.21000000000000002,-0.003757471562239441,2.1956918921928192e-10,4.1352210312636414e-12,0.00014952272265186806,1,0.0,"[0.5936767934576295,0.3550203924024754,0.051302814139895306]"
v3.3,393de51ec9fec163,arctan,common,5,0.2,0.22000000000000003,-0.003702384256729273,1.376552136167497e-10,6.3320337133849635e-12,0.00015283509797582129,1,0.0,"[0.5935522759264827,0.35507552221900335,0.051372201854513945]"
v3.3,393de51ec9fec163,arctan,common,5,0.2,0.22999999999999998,-0.0036465397843384664,2.1762674301539775e-10,9.487865963620875e-12,0.0001558700311097275,1,0.0,"[0.5934253846268618,0.3551305013548055,0.05144411401833273]"
v3.3,393de51ec9fec163,arctan,common,5,0.2,0.24,-0.0035900786258257766,1.4036370676873133e-10,1.3936894243915831e-11,0.00015864872932608938,1,0.0,"[0.5932963486663771,0.35518517046025194,0.05151848087337096]"
v3.3,393de51ec9fec163,arctan,common,5,0.2,0.25,-0.0035331337687354372,2.3090464956743162e-10,2.010187195302422e-11,0.00016119163746806283,1,0.0,"[0.5931653810590584,0.35523938544100386,0.051595233499937714]"
v3.3,393de51ec9fec163,arctan,common,5,0.2,0.26,-0.0034758306179967988,1.4887693855492046e-10,2.851005337876968e-11,0.0001635182536696527,1,0.0,"[0.5930326792789109,0.3552930167477177,0.05167430397337146]"
v3.3,393de51ec9fec163,arctan,common,5,0.2,0.27,-0.0034182867324352995,1.5661850982784387e-10,8.972033326558204e-14,0.00016564714320266183,1,0.0,"[0.5928984258092922,0.3553459486790019,0.05175562551170582]"
v3.3,393de51ec9fec163,arctan,common,5,0.2,0.28,-0.0033606128101478297,1.4430610179028136e-10,1.1887251315354724e-13,0.0001675951963071617,1,0.0,"[0.5927627893518453,0.35539807810690865,0.051839132541245954]"
v3.3,393de51ec9fec163,arctan,common,5,0.2,0.29,-0.0033029115847671917,6.479687619798113e-11,1.556914719490383e-13,0.00016937881461692,1,0.0,"[0.592625925020825,0.3554493141219406,0.05192476085723451]"
v3.3,393de51ec9fec163,arctan,common,5,0.2,0.3,-0.003245278763443313,7.35112040683994e-11,7.292220433255254e-12,0.00017101272531077556,1,0.0,"[0.5924879755908214,0.3554995767504634,0.052012447658715065]"
v3.3,393de51ec9fec163,arctan,common,5,0.2,0.31,-0.003187802994421708,1.4907546030951124e-10,6.0366925858644136e-12,0.00017251066933491097,1,0.0,"[0.5923490721643085,0.3555487962099055,0.05210213162578601]"
v3.3,393de51ec9fec163,arctan,common,5,0.2,0.32,-0.0031305663353064714,2.0126869615388898e-10,4.893899927247154e-12,0.00017388505921506314,1,0.0,"[0.5922093351674325,0.3555969118766392,0.052193752955928326]"
v3.3,393de51ec9fec163,arctan,common,5,0.2,0.33,-0.003073644373361703,1.4432539885422813e-10,3.92738258521115e-12,0.00017514731333197694,1,0.0,"[0.5920688750703712,0.35564387152478943,0.052287253404839334]"
v3.3,393de51ec9fec163,arctan,common,5,0.2,0.33999999999999997,-0.003017106561356734,1.5350050397433534e-10,3.143525937198092e-12,0.0001763077686997266,1,0.0,"[0.5919277932097093,0.35568963048392993,0.052382576306360645]"
v3.3,393de51ec9fec163,arctan,common,5,0.2,0.35,-0.0029610165390657125,1.8985065949883584e-10,2.5171348696084095e-12,0.00017737577757419992,1,0.0,"[0.5917861825469751,0.35573415086932014,0.05247966658370465]"
v3.3,393de51ec9fec163,arctan,common,5,0.2,0.36,-0.002905432475012546,7.414809391481647e-11,2.009923556066327e-12,0.0001783597777758389,1,0.0,"[0.5916441283854078,0.35577740086332066,0.05257847075127165]"
v3.3,393de51ec9fec163,arctan,common,5,0.2,0.37,-0.00285040726703022,1.210284893138347e-10,1.5861739867430784e-12,0.00017926736439692219,1,0.0,"[0.5915017090419342,0.3558193540499243,0.05267893690814136]"
v3.3,393de51ec9fec163,arctan,common,5,0.2,0.38,-0.0027959890733175556,1.9591297681365027e-10,1.220503833265434e-12,0.00018010536106818936,1,0.0,"[0.5913589964727971,0.3558599888029481,0.05278101472425477]"
v3.3,393de51ec9fec163,arctan,common,5,0.2,0.39,-0.0027422214178396825,6.323152071385785e-11,1.4110124627763362e-12,0.0001808798876287915,1,0.0,"[0.5912160568540883,0.355899287725979,0.05288465541993265]"
v3.3,393de51ec9fec163,arctan,common,5,0.2,0.4,-0.0026891435358948335,1.3911443871861273e-10,1.8516764128486413e-12,0.0001815964327440757,1,0.0,"[0.591072951110543,0.35593723714828646,0.05298981174117043]"
v3.3,393de51ec9fec163,arctan,common,5,0.2,0.41,-0.0026367907586662166,2.238198897053234e-10,2.426981859704515e-12,0.000182259909039311,1,0.0,"[0.5909297354063757,0.3559738266654382,0.05309643792818601]"
v3.3,393de51ec9fec163,arctan,common,5,0.2,0.42,-0.0025851946681702855,2.0190766072958333e-10,3.1540748031174867e-12,0.00018287471519172125,1,0.0,"[0.5907864615904271,0.3560090487278702,0.053204489681702646]"
v3.3,393de51ec9fec163,arctan,common,5,0.2,0.43,-0.0025343834225333255,2.1955529408423935e-10,4.0659801931165185e-12,0.00018344479055144985,1,0.0,"[0.5906431776000364,0.35604289827456714,0.05331392412539647]"
v3.3,393de51ec9fec163,arctan,common,5,0.2,0.44,-0.0024843819742661893,1.0888108470386015e-10,3.309339648398251e-12,0.00018397367095813078,1,0.0,"[0.5904999278206974,0.3560753724127443,0.0534246997665582]"
v3.3,393de51ec9fec163,arctan,common,5,0.2,0.45,-0.002435212354903328,1.1811478531353892e-10,3.866039593588928e-12,0.00018446450555677072,1,0.0,"[0.5903567534384123,0.35610647011021107,0.05353677645137649]"
v3.3,393de51ec9fec163,arctan,common,5,0.2,0.46,-0.0023868938333631608,1.0637591155160386e-10,4.496213827134226e-12,0.0001849201502429249,1,0.0,"[0.590213692706979,0.35613619196813034,0.053650115324890627]"
v3.3,393de51ec9fec163,arctan,common,5,0.2,0.47,-0.0023394431595318947,1.3734815021426705e-10,5.206723869602417e-12,0.00018534315655513447,1,0.0,"[0.5900707812325995,0.3561645399831706,0.05376467878422987]"
v3.3,393de51ec9fec163,arctan,common,5,0.2,0.48,-0.0022928747491694906,1.1449170084221194e-10,6.004887735471301e-12,0.00018573582700266277,1,0.0,"[0.5899280522085435,0.35619151735758864,0.05388043043386778]"
v3.3,393de51ec9fec163,arctan,common,5,0.2,0.49,-0.002247200868864846,1.0966716423865819e-10,6.898368652783067e-12,0.00018610024043756737,1,0.0,"[0.5897855366285298,0.35621712833132674,0.053997335040143486]"
v3.3,393de51ec9fec163,arctan,common,5,0.2,0.5,-0.0022024317873655386,1.8292754117021914e-10,7.894973380802044e-12,0.00018643827820355254,1,0.0,"[0.5896432634771147,0.3562413780370218,0.054115358485863456]"
v3.3,393de51ec9fec163,arctan,common,5,0.2,0.51,-0.0021585759529464364,1.5384381268912506e-10,9.003050670842353e-12,0.00018675164722435137,1,0.0,"[0.5895012598993418,0.3562642723753912,0.054234467725267126]"
v3.3,393de51ec9fec163,arctan,common,5,0.2,0.52,-0.0021156401208061934,1.3793326550382012e-10,1.02310820442359e-11,0.00018704190032707753,1,0.0,"[0.589359551351749,0.3562858179086505,0.054354630739600514]"
v3.3,393de51ec9fec163,arctan,common,5,0.2,0.53,-0.0020736294937961676,1.3479805119342991e-10,1.1588069682865525e-11,0.0001873104540595995,1,0.0,"[0.5892181617366953,0.3563060217697986,0.05447581649350617]"
v3.3,393de51ec9fec163,arctan,common,5,0.2,0.54,-0.0020325478662258055,6.473587985111884e-11,1.308306834671176e-11,0.0001875586042786879,1,0.0,"[0.5890771135217978,0.3563248915857977,0.05459799489240453]"
v3.3,393de51ec9fec163,arctan,common,5,0.2,0.55,-0.0019923976642693686,6.85034876046764e-11,1.4725493631405292e-11,0.00018778753974076786,1,0.0,"[0.588936427846138,0.3563424354128504,0.054721136741011624]"
v3.3,393de51ec9fec163,arctan,common,5,0.2,0.56,-0.0019531801247027365,6.58336753167621e-11,1.652503473236553e-11,0.00018799835393261616,1,0.0,"[0.5887961246147346,0.35635866168215524,0.05484521370311014]"
v3.3,393de51ec9fec163,arctan,common,5,0.2,0.5700000000000001,-0.0019148954313033192,6.5445190933211e-11,1.8491643883191e-11,0.0001881920553480608,1,0.0,"[0.5886562225826485,0.3563735791546844,0.054970198262667073]"
v3.3,393de51ec9fec163,arctan,common,5,0.2,0.5800000000000001,-0.001877542669270444,6.614525246972924e-11,2.0635353800667288e-11,0.0001883695764008323,1,0.0,"[0.5885167394299486,0.35638719688368403,0.055096063686367276]"
v3.3,393de51ec9fec163,arctan,common,5,0.2,0.5900000000000001,-0.0018411199773724386,1.8820846270362068e-10,2.296658763205356e-11,0.0001885317811476402,1,0.0,"[0.5883776918286461,0.35639952418374,0.0552227839876139]"
v3.3,393de51ec9fec163,arctan,common,5,0.2,0.6000000000000001,-0.0018056246955689935,1.1953802878106323e-10,2.5495586377206092e-11,0.0001886794719781817,1,0.0,"[0.5882390955025818,0.3564105706053898,0.05535033389202854]"
v3.3,393de51ec9fec163,arctan,common,5,0.2,0.6100000000000001,-0.0017710533133040926,1.1476744207761236e-10,2.823313360275498e-11,0.00018881339540556752,1,0.0,"[0.5881009652811546,0.3564203459143777,0.05547868880446765]"
v3.3,393de51ec9fec163,arctan,common,5,0.2,0.6200000000000001,-0.0017374016046374924,2.140034607855945e-10,3.118977809528275e-11,0.00018893424708929494,1,0.0,"[0.5879633151476664,0.35642886007477304,0.05560782477756051]"
v3.3,393de51ec9fec163,arctan,common,5,0.2,0.63,-0.0017046644743928356,1.4880219278978757e-10,1.3845291750683046e-14,0.0001890427795114257,1,0.0,"[0.587826158159656,0.35643612334454616,0.05573771849579783]"
v3.3,393de51ec9fec163,arctan,common,5,0.2,0.64,-0.0016728367841605946,1.2085237671710658e-10,1.5762065060957104e-14,0.0001891392997791415,1,0.0,"[0.5876895069690005,0.3564421458385883,0.0558683471924111]"
v3.3,393de51ec9fec163,arctan,common,5,0.2,0.65,-0.0016419122701576173,1.132088936484088e-10,1.790310496820205e-14,0.00018922466437026,1,0.0,"[0.5875533731553599,0.35644693814236145,0.05599968870227858]"
v3.3,393de51ec9fec163,arctan,common,5,0.2,0.66,-0.0016118843416091308,2.0725435256885305e-10,2.024453347191723e-14,0.000189299310423556,1,0.0,"[0.5874177677160445,0.35645051089950597,0.056131721384449634]"
v3.3,393de51ec9fec163,arctan,common,5,0.2,0.67,-0.001582745921891178,1.8133266069253473e-10,2.2905388744942505e-14,0.00018936373449547254,1,0.0,"[0.5872827009848378,0.3564528749045025,0.05626442411065974]"
v3.3,393de51ec9fec163,arctan,common,5,0.2,0.68,-0.00155448950580854,1.6362872862218936e-10,2.574360744442072e-14,0.00018941840142103978,1,0.0,"[0.5871481826600066,0.35645404109745926,0.05639777624253428]"
v3.3,393de51ec9fec163,arctan,common,5,0.2,0.6900000000000001,-0.001527107188596808,1.8774768892337867e-10,2.8924815553644005e-14,0.0001894637463143202,1,0.0,"[0.587014221830317,0.35645402055958386,0.056531757610099126]"
v3.3,393de51ec9fec163,arctan,common,5,0.2,0.7000000000000001,-0.0015005907359708047,7.132253468378202e-11,3.2414002092965784e-14,0.0001895001763636931,1,0.0,"[0.5868808269993239,0.3564528245091271,0.05666634849154909]"
v3.3,393de51ec9fec163,arctan,common,5,0.2,0.7100000000000001,-0.0014749314794406804,6.87159010248628e-11,3.62073160582451e-14,0.00018952807245159275,1,0.0,"[0.5867480061081619,0.3564504642976164,0.05680152959422171]"
v3.3,393de51ec9fec163,arctan,common,5,0.2,0.7200000000000001,-0.0014501205924982788,6.447366945883104e-11,4.036513438988517e-14,0.00018954779062885078,1,0.0,"[0.5866157665570394,0.3564469514062366,0.05693728203672404]"
v3.3,393de51ec9fec163,arctan,common,5,0.2,0.7300000000000001,-0.0014261488781233955,1.1566610169655434e-10,4.490369373276247e-14,0.00018955966346901606,1,0.0,"[0.5864841152255983,0.35644229744224337,0.057073587332158296]"
v3.3,393de51ec9fec163,arctan,common,5,0.2,0.7400000000000001,-0.0014030075322507725,1.6963252330581824e-10,9.586801102719454e-11,0.0001895637372123002,1,0.0,"[0.5863530588635999,0.35643651378889685,0.05721042734750325]"
v3.3,393de51ec9fec163,arctan,common,5,0.2,0.7500000000000001,-0.0013806851594550112,1.0384872822788438e-10,5.517864836845016e-14,0.00018956135443380222,1,0.0,"[0.5862226022528702,0.3564296133338048,0.05734778441332517]"
v3.3,393de51ec9fec163,arctan,common,5,0.2,0.76,-0.0013591736921964304,6.020941037410132e-11,6.097336178505986e-14,0.00018955120925276511,1,0.0,"[0.5860927519381635,0.3564216070007543,0.05748564106108234]"
v3.3,393de51ec9fec163,arctan,common,5,0.2,0.77,-0.0013384625238385926,1.2544669816816345e-10,6.723787862495169e-14,0.00018953459906655715,1,0.0,"[0.5859635125311057,0.3564125072097842,0.057623980259110134]"
v3.3,393de51ec9fec163,arctan,common,5,0.2,0.78,-0.0013185415086701194,7.19413938143898e-11,7.397768262662909e-14,0.00018951149537692157,1,0.0,"[0.5858348885832133,0.3564023261406898,0.057762785276096816]"
v3.3,393de51ec9fec163,arctan,common,5,0.2,0.79,-0.00129940034375748,1.0885379056468913e-10,8.125239728512885e-14,0.00018948211365013137,1,0.0,"[0.5857068842304931,0.3563910760748232,0.057902039694683806]"
v3.3,393de51ec9fec163,arctan,common,5,0.2,0.8,-0.0012810286114129273,6.484881381885188e-11,8.909231234863823e-14,0.00018944665325854347,1,0.0,"[0.5855795032088577,0.35637876939022706,0.05804172740091532]"
v3.3,393de51ec9fec163,arctan,common,5,0.2,0.81,-0.0012634157696000334,6.42752240320732e-11,9.745370116826775e-14,0.0001894052983509159,1,0.0,"[0.5854527488690847,0.35636541855653425,0.05818183257438095]"
v3.3,393de51ec9fec163,arctan,common,5,0.2,0.8200000000000001,-0.0012465512230748835,1.8562898093654745e-10,1.0647546266601378e-13,0.00018935821869104895,1,0.0,"[0.5853266241913555,0.35635103612963837,0.05832233967900607]"
v3.3,393de51ec9fec163,arctan,common,5,0.2,0.8300000000000001,-0.0012304242771047948,1.852628848941773e-10,1.1608226639656124e-13,0.00018930557047220592,1,0.0,"[0.5852011317993944,0.3563356347461567,0.058463233454448885]"
v3.3,393de51ec9fec163,arctan,common,5,0.2,0.8400000000000001,-0.0012150241829862948,1.6667352914501166e-10,1.263333863911665e-13,0.00018924749710093493,1,0.0,"[0.5850762739742382,0.35631922711769937,0.05860449890806247]"
v3.3,393de51ec9fec163,arctan,common,5,0.2,0.8500000000000001,-0.0012003401413381992,1.651284629866634e-10,1.3728869627543145e-13,0.00018918412996007193,1,0.0,"[0.584952052667648,0.3563018260249682,0.05874612130738383]"
v3.3,393de51ec9fec163,arctan,common,5,0.2,0.8600000000000001,-0.0011863613213060724,1.1501566019034293e-10,1.4894368781419096e-13,0.00018911558914664334,1,0.0,"[0.584828469515178,0.35628344431170905,0.058888086173112995]"
v3.3,393de51ec9fec163,arctan,common,5,0.2,0.8700000000000001,-0.0011730768631689065,1.5817600007572707e-10,1.613501924969606e-13,0.00018904198418551066,1,0.0,"[0.5847055258489156,0.35626409487853705,0.05903037927254748]"
v3.3,393de51ec9fec163,arctan,common,5,0.2,0.8800000000000001,-0.0011604758923016711,1.1504297861564261e-10,1.7449454802991147e-13,0.00018896341472285006,1,0.0,"[0.5845832227098968,0.35624379067666406,0.05917298661343912]"
v3.3,393de51ec9fec163,arctan,common,5,0.2,0.89,-0.0011485475546258693,5.918842499452737e-11,1.8843405385721741e-13,0.0001888799711933081,1,0.0,"[0.5844615608602091,0.3562225447015488,0.05931589443824217]"
v3.3,393de51ec9fec163,arctan,common,5,0.2,0.9,-0.001137280910929607,1.580676319001828e-10,2.031914401150827e-13,0.00018879173546779807,1,0.0,"[0.5843405407947814,0.35620036998649507,0.05945908921872354]"
v3.3,393de51ec9fec163,arctan,common,5,0.2,0.91,-0.0011266651659928642,1.8333853185614757e-10,2.1877151253200561e-13,0.00018869878147583858,1,0.0,"[0.5842201627528714,0.3561772795962209,0.05960255765090765]"
v3.3,393de51ec9fec163,arctan,common,5,0.2,0.92,-0.0011166894636088706,5.861926222205938e-11,2.3524748558669514e-13,0.00018860117580585543,1,0.0,"[0.5841004267292497,0.35615328662042056,0.05974628665032968]"
v3.3,393de51ec9fec163,arctan,common,5,0.2,0.93,-0.0011073429915351325,6.101343041908791e-11,2.526037227891182e-13,0.00018849897828320057,1,0.0,"[0.5839813324850844,0.3561284041673418,0.05989026334757374]"
v3.3,393de51ec9fec163,arctan,common,5,0.2,0.9400000000000001,-0.0010986149660984837,9.960206270864802e-11,2.708785266258159e-13,0.00018839224252299798,1,0.0,"[0.5838628795585312,0.35610264535739616,0.060034475084072565]"
v3.3,393de51ec9fec163,arctan,common,5,0.2,0.9500000000000001,-0.001090494675616064,1.1451892906189087e-10,2.900957839202339e-13,0.0001882810164610811,1,0.0,"[0.5837450672750282,0.3560760233168237,0.06017890940814816]"
v3.3,393de51ec9fec163,arctan,common,5,0.2,0.9600000000000001,-0.0010829714362333431,1.0779675416183743e-10,3.1026819286110504e-13,0.00018816534286167542,1,0.0,"[0.5836278947572987,0.35604855117142803,0.06032355407127317]"
v3.3,393de51ec9fec163,arctan,common,5,0.2,0.9700000000000001,-0.001076034620473787,5.703792993472234e-11,3.3143323109584757e-13,0.00018804525980029368,1,0.0,"[0.5835113609350668,0.35602024204039795,0.06046839702453536]"
v3.3,393de51ec9fec163,arctan,common,5,0.2,0.9800000000000001,-0.0010696736727353467,5.242126177584794e-11,3.536300745018216e-13,0.00018792080112574853,1,0.0,"[0.5833954645544828,0.3559911090302301,0.06061342641528709]"
v3.3,393de51ec9fec163,arctan,common,5,0.2,0.9900000000000001,-0.0010638780683960222,5.179763562512818e-11,3.7684610559784693e-13,0.00018779199689635865,1,0.0,"[0.5832802041872666,0.3559611652287681,0.060758630583965224]"
v3.3,393de51ec9fec163,arctan,common,5,0.2,1.0,-0.001058637409604702,5.7553090765383175e-11,4.0109246828438327e-13,0.00018765887379547684,1,0.0,"[0.5831655782395684,0.3559304236993661,0.060903998061065535]"
v3.3,393de51ec9fec163,arctan,common,5,0.2,1.01,-0.0010539413352377396,1.0584526657919646e-10,4.2646247153266445e-13,0.0001875214555239216,1,0.0,"[0.5830515849605498,0.35589889747519127,0.06104951756425899]"
v3.3,393de51ec9fec163,arctan,common,5,0.2,1.02,-0.0010497795903324537,5.858306548200964e-11,4.529116606968655e-13,0.00018737976316911167,1,0.0,"[0.5829382224506897,0.3558665995536735,0.06119517799563682]"
v3.3,393de51ec9fec163,arctan,common,5,0.2,1.03,-0.001046141939062866,1.1809676847551742e-10,4.804779989554342e-13,0.00018723381555396895,1,0.0,"[0.5828254886698181,0.35583354289110863,0.06134096843907314]"
v3.3,393de51ec9fec163,arctan,common,5,0.2,1.04,-0.001043018320972304,1.5505907668966756e-10,5.091703718778246e-13,0.00018708362956302332,1,0.0,"[0.5827133814448806,0.35579974039742523,0.06148687815769419]"
v3.3,393de51ec9fec163,arctan,common,5,0.2,1.05,-0.0010403987310703654,5.4634678725573593e-11,5.389875276047994e-13,0.00018692922044953884,1,0.0,"[0.5826018984774372,0.3557652049311185,0.06163289659144436]"
v3.3,393de51ec9fec163,arctan,common,5,0.2,1.06,-0.0010382731987175556,1.5854655088798353e-10,5.699900920083893e-13,0.0001867706021197125,1,0.0,"[0.5824910373509021,0.35572994929435753,0.06177901335474044]"
v3.3,393de51ec9fec163,arctan,common,5,0.2,1.07,-0.0010366319484036053,9.242816234600326e-11,6.021494219864297e-13,0.000186607787400037,1,0.0,"[0.5823807955375258,0.3556939862282689,0.06192521823420529]"
v3.3,393de51ec9fec163,arctan,common,5,0.2,1.08,-0.0010354652409395315,1.038395203156739e-10,6.355146738479906e-13,0.0001864407882831079,1,0.0,"[0.5822711704051252,0.3556573284084012,0.062071501186473615]"
v3.3,393de51ec9fec163,arctan,common,5,0.2,1.09,-0.0010347634490523831,1.1866582716457685e-10,6.70056063778664e-13,0.0001862696161573436,1,0.0,"[0.5821621592235671,0.35561998844036996,0.06221785233606297]"
v3.3,393de51ec9fec163,arctan,common,5,0.2,1.1,-0.0010345170500773541,6.251329315309917e-11,7.058020224505863e-13,0.00018609428201640059,1,0.0,"[0.5820537591710093,0.3555819788556871,0.06236426197330354]"
v3.3,393de51ec9fec163,arctan,common,5,0.2,1.11,-0.0010347166286127883,9.623203969799654e-11,7.427923660383315e-13,0.00018591479665410547,1,0.0,"[0.5819459673399046,0.3555433121077743,0.06251072055232118]"
v3.3,393de51ec9fec163,arctan,common,5,0.2,1.12,-0.0010353528732325035,1.001351571106035e-10,7.810034992225612e-13,0.00018573117084128734,1,0.0,"[0.581838780742772,0.35550400056815984,0.0626572186890682]"
v3.3,393de51ec9fec163,arctan,common,5,0.2,1.1300000000000001,-0.001036416578815754,9.712657067506569e-11,8.204475305390885e-13,0.00018554341548746673,1,0.0,"[0.5817321963177426,0.35546405652286,0.06280374715939739]"
v3.3,393de51ec9fec163,arctan,common,5,0.2,1.1400000000000001,-0.0010378986490784461,1.0937783317954697e-10,8.610884097632563e-13,0.00018535154178801242,1,0.0,"[0.5816262109338842,0.3554234921689408,0.06295029689717503]"
v3.3,393de51ec9fec163,arctan,common,5,0.2,1.1500000000000001,-0.001039790124209669,4.9105240707003617e-11,9.029687953352374e-13,0.00018515556135647473,1,0.0,"[0.5815208213963088,0.35538231961126265,0.06309685899242856]"
v3.3,393de51ec9fec163,arctan,common,5,0.2,1.1600000000000001,-0.001042082076735111,6.00918967363917e-11,9.461256471519265e-13,0.00018495548634392221,1,0.0,"[0.5814160244510717,0.3553405508594022,0.06324342468952615]"
v3.3,393de51ec9fec163,arctan,common,5,0.2,1.1700000000000002,-0.0010447657704339523,9.624112964901066e-11,9.905237347859336e-13,0.00018475132954561333,1,0.0,"[0.5813118167898651,0.3552981978247503,0.06338998538538458]"
v3.3,393de51ec9fec163,arctan,common,5,0.2,1.1800000000000002,-0.001047832571731827,8.534474515986545e-11,1.0361321310935461e-12,0.00018454310449471826,1,0.0,"[0.5812081950545132,0.3552552723177846,0.06353653262770233]"
v3.3,393de51ec9fec163,arctan,common,5,0.2,1.1900000000000002,-0.0010512739357332393,1.0320705748356751e-10,1.0829783886637902e-12,0.00018433082554578036,1,0.0,"[0.5811051558412743,0.35521178604550935,0.06368305811321633]"
v3.3,393de51ec9fec163,arctan,common,5,0.2,1.2000000000000002,-0.0010550814365339993,1.406119977398479e-10,1.1310205731194062e-12,0.00018411450794643888,1,0.0,"[0.5810026957049549,0.35516775060906625,0.06382955368597888]"
v3.3,393de51ec9fec163,arctan,common,5,0.2,1.21,-0.001059246766480254,1.4830980540891936e-10,1.1803141034967853e-12,0.00018389416789996548,1,0.0,"[0.5809008111628428,0.35512317750150313,0.0639760113356541]"
v3.3,393de51ec9fec163,arctan,common,5,0.2,1.22,-0.001063761732987948,1.0474295389362176e-10,1.2308165414429153e-12,0.00018366982261778053,1,0.0,"[0.5807994986984621,0.35507807810570696,0.06412242319583078]"
v3.3,393de51ec9fec163,arctan,common,5,0.2,1.23,-0.0010686182620032701,5.7453514168415154e-11,1.2825528525943608e-12,0.00018344149036313032,1,0.0,"[0.58069875476516,0.35503246369248875,0.06426878154235127]"
v3.3,393de51ec9fec163,arctan,common,5,0.2,1.24,-0.0010738083693351656,5.5981073943112136e-11,1.335436940449497e-12,0.00018320919048742457,1,0.0,"[0.5805985757895252,0.35498634541882035,0.06441507879165445]"
v3.3,393de51ec9fec163,arctan,common,5,0.2,1.25,-0.0010793242138076448,1.6615400375008527e-10,1.3895343308778181e-12,0.0001829729434571713,1,0.0,"[0.5804989581746498,0.3549397343262187,0.06456130749913146]"
v3.3,393de51ec9fec163,arctan,common,5,0.2,1.26,-0.0010851580709861537,5.5682927019296e-11,1.4447656180662448e-12,0.00018273277087572842,1,0.0,"[0.5803998983032344,0.3548926413392719,0.06470746035749386]"
v3.3,393de51ec9fec163,arctan,common,5,0.2,1.27,-0.0010913022857166055,1.1533195232171778e-10,1.5011794097148424e-12,0.00018248869549760983,1,0.0,"[0.5803013925405442,0.3548450772643032,0.06485353019515254]"
v3.3,393de51ec9fec163,arctan,common,5,0.2,1.28,-0.0010977493952727818,5.186101895149342e-11,1.5586825512402295e-12,0.00018224074123636544,1,0.0,"[0.5802034372372229,0.35479705278816964,0.06499950997460743]"
v3.3,393de51ec9fec163,arctan,common,5,0.2,1.29,-0.0011044919362782867,1.0112003248630153e-10,1.6173584346723687e-12,0.00018198893316742238,1,0.0,"[0.5801060287319655,0.35474857847718816,0.06514539279084637]"
v3.3,393de51ec9fec163,arctan,common,5,0.2,1.3,-0.0011115226842419342,5.6369409140444304e-11,1.677076567884413e-12,0.00018173329752650905,1,0.0,"[0.5800091633540578,0.3546996647761882,0.06529117186975399]"
v3.3,393de51ec9fec163,arctan,common,5,0.2,1.31,-0.0011188344364837684,9.77407772773109e-11,1.7378883638251026e-12,0.00018147386170131716,1,0.0,"[0.5799128374257889,0.35465032200768226,0.06543684056652886]"
v3.3,393de51ec9fec163,arctan,common,5,0.2,1.32,-0.0011264201432316032,4.539181877594167e-11,1.7997679206436383e-12,0.00018121065422135657,1,0.0,"[0.579817047264736,0.3546005603711547,0.0655823923641093]"
v3.3,393de51ec9fec163,arctan,common,5,0.2,1.33,-0.0011342728444684036,1.3760338354873447e-10,1.8626655917378224e-12,0.00018094370474248868,1,0.0,"[0.5797217891859326,0.3545503899424598,0.06572782087160763]"
v3.3,393de51ec9fec163,arctan,common,5,0.2,1.34,-0.0011423857072985835,8.646502611120432e-11,1.9265313186106867e-12,0.00018067304402831524,1,0.0,"[0.5796270595039205,0.35449982067332725,0.06587311982275225]"
v3.3,393de51ec9fec163,arctan,common,5,0.2,1.35,-0.0011507519979864905,1.4738831335958658e-10,1.991373264969124e-12,0.00018039870392830938,1,0.0,"[0.5795328545346917,0.3544488623909705,0.06601828307433776]"
v3.3,393de51ec9fec163,arctan,common,5,0.2,1.36,-0.0011593650947042018,5.2240468895181635e-11,2.0571715234523147e-12,0.0001801207173539982,1,0.0,"[0.5794391705975239,0.3543975247977933,0.06616330460468284]"
v3.3,393de51ec9fec163,arctan,common,5,0.2,1.37,-0.001168218471837526,9.470499384711673e-11,2.1238630959605515e-12,0.00017983911825165383,1,0.0,"[0.5793460040167138,0.35434581747118993,0.06630817851209618]"
v3.3,393de51ec9fec163,arctan,common,5,0.2,1.3800000000000001,-0.0011773057328105206,7.55688810138988e-11,2.191479474377831e-12,0.0001795539415727089,1,0.0,"[0.5792533511232139,0.35429374986343615,0.06645289901335011]"
v3.3,393de51ec9fec163,arctan,common,5,0.2,1.3900000000000001,-0.0011866205792668838,5.132795577456051e-11,2.259889861117082e-12,0.00017926522324437788,1,0.0,"[0.5791612082561728,0.354241331301665,0.06659746044216207]"
v3.3,393de51ec9fec163,arctan,common,5,0.2,1.4,-0.001196156789928099,1.5664015917682406e-10,2.329117487871382e-12,0.00017897300013444153,1,0.0,"[0.57906957176439,0.3541885709879258,0.06674185724768422]"
v3.3,393de51ec9fec163,arctan,common,10,0.1,0.05,-0.00442054313053971,1.477461347709763e-10,4.182552317668482e-17,0.0,1,0.0,"[0.595180124558937,0.354261622757261,0.050558252683801985]"
v3.3,393de51ec9fec163,arctan,common,10,0.1,0.060000000000000005,-0.0044086940041108205,8.304287119065279e-11,2.042156224405145e-10,1.386460543499759e-05,1,0.0,"[0.5951688300301506,0.354267932484147,0.05056323748570239]"
v3.3,393de51ec9fec163,arctan,common,10,0.1,0.07,-0.0043947760820985116,2.257017420181917e-10,1.6194712212523944e-10,1.627742622880431e-05,1,0.0,"[0.5951555678454502,0.3542753140064048,0.05056911814814499]"
v3.3,393de51ec9fec163,arctan,common,10,0.1,0.08,-0.004378833127417131,2.2478399003267313e-10,9.74842430082288e-11,1.8637669861620367e-05,1,0.0,"[0.5951403799288405,0.35428373061939245,0.05057588945176713]"
v3.3,393de51ec9fec163,arctan,common,10,0.1,0.09,-0.004360912516292496,2.1588877907596782e-10,1.2910733496943933e-13,2.0940296320765813e-05,1,0.0,"[0.5951233123176964,0.35429314220191677,0.05058354548038675]"
v3.3,393de51ec9fec163,arctan,common,10,0.1,0.1,-0.004341067470017501,7.348610608914896e-11,1.7709810312542355e-13,2.317958048475563e-05,1,0.0,"[0.5951044157313974,0.35430350468618776,0.05059207958241479]"
v3.3,393de51ec9fec163,arctan,common,10,0.1,0.11,-0.004319353944291823,1.5478147236125395e-10,9.984595807187362e-18,2.5351956098364147e-05,1,0.0,"[0.5950837438830341,0.35431477165974506,0.05060148445722083]"
v3.3,393de51ec9fec163,arctan,common,10,0.1,0.12000000000000001,-0.004295832442012371,1.4869060843691884e-10,2.2932435453152025e-17,2.745339403274854e-05,1,0.0,"[0.5950613538710974,0.35432689399848233,0.05061175213042026]"
v3.3,393de51ec9fec163,arctan,common,10,0.1,0.13,-0.004270566863497721,1.4942528464567673e-10,6.3467864781241536e-12,2.9480973266427197e-05,1,0.0,"[0.5950373053213147,0.35433982067704267,0.050622874001642504]"
v3.3,393de51ec9fec163,arctan,common,10,0.1,0.14,-0.0042436237690013645,1.4471013276562417e-10,5.3724732029906846e-17,3.1432616985674146e-05,1,0.0,"[0.5950116597340429,0.35435349938854616,0.05063484087741092]"
v3.3,393de51ec9fec163,arctan,common,10,0.1,0.15000000000000002,-0.004215072334227361,6.531532259490547e-11,5.4420458882957984e-17,3.330671925812261e-05,1,0.0,"[0.5949844801255583,0.35436787687028326,0.05064764300415847]"
v3.3,393de51ec9fec163,arctan,common,10,0.1,0.16,-0.00418498341108358,7.335951984765998e-11,4.967415012479207e-17,3.5102549040695026e-05,1,0.0,"[0.5949558303422732,0.35438289955334434,0.05066127010438257]"
v3.3,393de51ec9fec163,arctan,common,10,0.1,0.16999999999999998,-0.004153429280794645,1.5079472392987014e-10,3.131877298626201e-17,3.681985806245144e-05,1,0.0,"[0.5949257746835512,0.35439851390462535,0.05067571141182348]"
v3.3,393de51ec9fec163,arctan,common,10,0.1,0.18,-0.004120483198884813,2.2691729745227818e-10,7.293099356201211e-17,3.845895782428292e-05,1,0.0,"[0.5948943774583074,0.35441466683399536,0.05069095570769724]"
v3.3,393de51ec9fec163,arctan,common,10,0.1,0.19,-0.004086218939863766,7.541507696107175e-11,7.194612761138309e-14,4.002063611268334e-05,1,0.0,"[0.5948617026038074,0.35443130603928563,0.050706991356906955]"
v3.3,393de51ec9fec163,arctan,common,10,0.1,0.2,-0.0040507104250650725,1.4773081369323648e-10,8.981369603029027e-17,4.150609741961433e-05,1,0.0,"[0.5948278133477957,0.3544483803080592,0.050723806344145216]"
v3.3,393de51ec9fec163,arctan,common,10,0.1,0.21000000000000002,-0.004014031389497824,2.1752903645033683e-10,4.9686085305608e-15,4.291689872884476e-05,1,0.0,"[0.5947927719180943,0.3544658397724668,0.050741388309438855]"
v3.3,393de51ec9fec163,arctan,common,10,0.1,0.22000000000000003,-0.003976255039556627,1.5273727421716288e-10,1.1696608244696562e-12,4.4254892712730954e-05,1,0.0,"[0.5947566392941422,0.3544836361228518,0.05075972458300599]"
v3.3,393de51ec9fec163,arctan,common,10,0.1,0.22999999999999998,-0.0039374539595574964,1.4472770898388276e-10,3.126182310280764e-11,4.552207738402136e-05,1,0.0,"[0.5947194750779843,0.35450172270827357,0.05077880221374205]"
v3.3,393de51ec9fec163,arctan,common,10,0.1,0.24,-0.003897698840677283,1.4282412058586047e-10,1.7637249261978707e-14,4.6721187875317526e-05,1,0.0,"[0.5946813368741569,0.3545200550912066,0.05079860803463642]"
v3.3,393de51ec9fec163,arctan,common,10,0.1,0.25,-0.0038570603534191852,2.2109351155430446e-10,2.5915975092567807e-14,4.7853972138635654e-05,1,0.0,"[0.5946422810871866,0.35453859028492807,0.050819128627885284]"
v3.3,393de51ec9fec163,arctan,common,10,0.1,0.26,-0.0038156068125845544,1.520929909792912e-10,3.734633970282311e-14,4.892343560792847e-05,1,0.0,"[0.5946023618660286,0.35455728770992706,0.05084035042404446]"
v3.3,393de51ec9fec163,arctan,common,10,0.1,0.27,-0.0037734051403987487,7.526667483714888e-11,5.897021549686412e-12,4.9932045303792194e-05,1,0.0,"[0.5945616315281014,0.3545761087761209,0.0508622596957778]"
v3.3,393de51ec9fec163,arctan,common,10,0.1,0.28,-0.003730520316701069,7.365714982388027e-11,4.688204585525444e-12,5.088251189383073e-05,1,0.0,"[0.5945201403352273,0.35459501706645147,0.050884842598321184]"
v3.3,393de51ec9fec163,arctan,common,10,0.1,0.29,-0.0036870155366500457,2.1241570308250246e-10,3.572991116635228e-12,5.177740621530298e-05,1,0.0,"[0.5944779365876267,0.3546139782245904,0.05090808518778285]"
v3.3,393de51ec9fec163,arctan,common,10,0.1,0.3,-0.0036429519958137077,7.388199080304858e-11,2.6930079503785887e-12,5.2619382353357355e-05,1,0.0,"[0.5944350665307535,0.3546329600169208,0.05093197345232557]"
v3.3,393de51ec9fec163,arctan,common,10,0.1,0.31,-0.0035983887215109978,6.387774337257568e-11,2.041879198188751e-12,5.341103024599461e-05,1,0.0,"[0.5943915743849787,0.3546519322805336,0.05095649333448775]"
v3.3,393de51ec9fec163,arctan,common,10,0.1,0.32,-0.0035533826916012284,6.284098935660509e-11,1.540601055331829e-12,5.415488452075501e-05,1,0.0,"[0.5943475023679855,0.3546708668784896,0.05098163075352498]"
v3.3,393de51ec9fec163,arctan,common,10,0.1,0.33,-0.0035079886716781056,1.871834423572416e-10,1.1091973050504603e-12,5.485341110383208e-05,1,0.0,"[0.5943028907287788,0.3546897376449146,0.05100737162630646]"
v3.3,393de51ec9fec163,arctan,common,10,0.1,0.33999999999999997,-0.003462259270699798,1.4862668734627604e-10,7.102047459172293e-13,5.550899678912657e-05,1,0.0,"[0.5942577777911104,0.3547085203220927,0.05103370188679674]"
v3.3,393de51ec9fec163,arctan,common,10,0.1,0.35,-0.0034162448888943805,1.5050240220748634e-10,5.640459432518349e-13,5.6123940625802344e-05,1,0.0,"[0.5942122000050384,0.35472719249091406,0.05106060750404752]"
v3.3,393de51ec9fec163,arctan,common,10,0.1,0.36,-0.0033699937489445955,1.475445599030678e-10,7.244692499909408e-13,5.6700450348446105e-05,1,0.0,"[0.5941661920025549,0.3547457334981526,0.051088074499292375]"
v3.3,393de51ec9fec163,arctan,common,10,0.1,0.37,-0.0033235519077077086,1.2821146921915272e-10,9.229752887668851e-13,5.724063777437678e-05,1,0.0,"[0.5941197866582231,0.3547641243806841,0.05111608896109284]"
v3.3,393de51ec9fec163,arctan,common,10,0.1,0.38,-0.0032769632875504426,2.1980288422707162e-10,2.2903111915034173e-12,5.7746509306264276e-05,1,0.0,"[0.5940730151594905,0.3547823477809473,0.0511446370595622]"
v3.3,393de51ec9fec163,arctan,common,10,0.1,0.39,-0.003230269677807214,1.5082381177311532e-10,1.464182412472391e-12,5.8219993608941075e-05,1,0.0,"[0.5940259070538573,0.3548003878863893,0.05117370505975338]"
v3.3,393de51ec9fec163,arctan,common,10,0.1,0.4,-0.003183510846713325,1.413307942899067e-10,1.8245914381199158e-12,5.8662877949320504e-05,1,0.0,"[0.5939784903539751,0.3548182303132265,0.05120327933279836]"
v3.3,393de51ec9fec163,arctan,common,10,0.1,0.41,-0.0031367245129175006,6.872250685185932e-11,2.258742347639263e-12,5.907689323958072e-05,1,0.0,"[0.5939307915687324,0.354835862063835,0.05123334636743254]"
v3.3,393de51ec9fec163,arctan,common,10,0.1,0.42,-0.003089946436707687,1.2371093385810106e-10,2.7785642349130115e-12,5.94636532518543e-05,1,0.0,"[0.59388283578993,0.35485327143067663,0.05126389277939336]"
v3.3,393de51ec9fec163,arctan,common,10,0.1,0.43,-0.0030432104629317426,1.7433060203742023e-10,3.3975038423316e-12,5.982468232991584e-05,1,0.0,"[0.5938346467558551,0.35487044792385347,0.05129490532029137]"
v3.3,393de51ec9fec163,arctan,common,10,0.1,0.44,-0.0029965485767107815,1.4409951357152728e-10,4.130524571697138e-12,6.016141430231145e-05,1,0.0,"[0.5937862469173681,0.3548873821971343,0.05132637088549756]"
v3.3,393de51ec9fec163,arctan,common,10,0.1,0.45,-0.002949990971638037,7.614024688518128e-11,4.994262162629536e-12,6.047519592528603e-05,1,0.0,"[0.593737657502432,0.354904065976392,0.051358276521176006]"
v3.3,393de51ec9fec163,arctan,common,10,0.1,0.46,-0.002903566100540659,1.47941631167825e-10,6.007004028473792e-12,6.076729057873774e-05,1,0.0,"[0.5936888985788108,0.3549204919906724,0.051390609430516834]"
v3.3,393de51ec9fec163,arctan,common,10,0.1,0.47,-0.002857300746617858,2.1189275681288144e-10,7.189074048499944e-12,6.103888212565917e-05,1,0.0,"[0.5936399891147325,0.3549366539060457,0.05142335697922187]"
v3.3,393de51ec9fec163,arctan,common,10,0.1,0.48,-0.002811220073955196,1.4794963518194315e-10,8.562597239018582e-12,6.129107886875874e-05,1,0.0,"[0.5935909470373607,0.35495254626234424,0.051456506700295154]"
v3.3,393de51ec9fec163,arctan,common,10,0.1,0.49,-0.002765347700710793,2.2122574952487817e-10,1.0151655412627162e-11,6.15249175369887e-05,1,0.0,"[0.5935417892889749,0.3549681644128385,0.0514900462981865]"
v3.3,393de51ec9fec163,arctan,common,10,0.1,0.5,-0.0027197057575201918,1.429487604676094e-10,1.1982733869516667e-11,6.174136725637737e-05,1,0.0,"[0.5934925318807955,0.3549835044668688,0.05152396365233569]"
v3.3,393de51ec9fec163,arctan,common,10,0.1,0.51,-0.0026743149456508533,1.1922181644696828e-10,1.4084352091388948e-11,6.194133347099059e-05,1,0.0,"[0.5934431899444166,0.35499856323542106,0.051558246820162336]"
v3.3,393de51ec9fec163,arctan,common,10,0.1,0.52,-0.0026291946033140945,1.450772835198677e-10,1.6487454629221096e-11,6.212566176929573e-05,1,0.0,"[0.5933937777808515,0.3550133381796054,0.05159288403954316]"
v3.3,393de51ec9fec163,arctan,common,10,0.1,0.53,-0.00258436277283813,7.044496583286097e-11,1.9225416966420046e-11,6.22951416051022e-05,1,0.0,"[0.5933443089072029,0.355027827361979,0.051627863730818076]"
v3.3,393de51ec9fec163,arctan,common,10,0.1,0.54,-0.0025398361985284057,1.4711951101809007e-10,2.2333968215274654e-11,6.245050988586694e-05,1,0.0,"[0.5932947961009977,0.35504202940064017,0.051663174498362184]"
v3.3,393de51ec9fec163,arctan,common,10,0.1,0.55,-0.002495630521186863,6.798274790331682e-11,2.585161281371685e-11,6.259245441590084e-05,1,0.0,"[0.5932452514422373,0.35505594342600255,0.05169880513176012]"
v3.3,393de51ec9fec163,arctan,common,10,0.1,0.56,-0.0024517601491177987,1.4304564130429576e-10,2.9819339641397055e-11,6.27216171899848e-05,1,0.0,"[0.5931956863532244,0.35506956904015957,0.05173474460661599]"
v3.3,393de51ec9fec163,arctan,common,10,0.1,0.5700000000000001,-0.0024082382738979287,7.36468074025165e-11,4.7134249147997635e-14,6.283871777263771e-05,1,0.0,"[0.5931461115206378,0.3550829063819483,0.051770982097413924]"
v3.3,393de51ec9fec163,arctan,common,10,0.1,0.5800000000000001,-0.002365077623875337,2.21021406038302e-10,5.345250631515017e-14,6.294397294562378e-05,1,0.0,"[0.5930965373762245,0.35509595569374863,0.051807506930026885]"
v3.3,393de51ec9fec163,arctan,common,10,0.1,0.5900000000000001,-0.0023222893754714993,2.148176254934686e-10,6.118072200456216e-14,6.303823240628388e-05,1,0.0,"[0.5930469734866268,0.35510871786282505,0.051844308650548156]"
v3.3,393de51ec9fec163,arctan,common,10,0.1,0.6000000000000001,-0.0022798839618215667,1.3121674927174531e-10,2.515297735787589e-13,6.312187973942688e-05,1,0.0,"[0.5929974290001935,0.3551211940193079,0.05188137698049852]"
v3.3,393de51ec9fec163,arctan,common,10,0.1,0.6100000000000001,-0.002237870929925709,1.3569686346803778e-10,9.749232301281378e-13,6.31953710371997e-05,1,0.0,"[0.5929479125766363,0.3551333855963407,0.05191870182702312]"
v3.3,393de51ec9fec163,arctan,common,10,0.1,0.6200000000000001,-0.002196258994981059,7.393584008918985e-11,1.5325401883923332e-12,6.32591372639415e-05,1,0.0,"[0.5928984324108371,0.3551452943068252,0.051956273282337755]"
v3.3,393de51ec9fec163,arctan,common,10,0.1,0.63,-0.0021550560231279672,2.1252958073980643e-10,9.607835314036973e-14,6.331358240052416e-05,1,0.0,"[0.5928489962589693,0.35515692211826333,0.051994081622767474]"
v3.3,393de51ec9fec163,arctan,common,10,0.1,0.64,-0.002114269225936504,1.8743374213814334e-10,1.0721326484948489e-13,6.335906272191718e-05,1,0.0,"[0.5927996114862031,0.35516827120750405,0.05203211730629281]"
v3.3,393de51ec9fec163,arctan,common,10,0.1,0.65,-0.002073905027980334,1.4249783297781704e-10,1.1934608902813644e-13,6.339594688263079e-05,1,0.0,"[0.5927502850540414,0.35517934397259104,0.05207037097336761]"
v3.3,393de51ec9fec163,arctan,common,10,0.1,0.66,-0.00203396919384825,2.1356405185968264e-10,1.3264266119941275e-13,6.342455976223442e-05,1,0.0,"[0.5927010235648158,0.35519014299099305,0.05210883344419133]"
v3.3,393de51ec9fec163,arctan,common,10,0.1,0.67,-0.0019944668493365493,2.1969653526965338e-10,1.470013901648017e-13,6.344521142145776e-05,1,0.0,"[0.5926518332772372,0.3552006710052914,0.05214749571747145]"
v3.3,393de51ec9fec163,arctan,common,10,0.1,0.68,-0.0019554025189357956,1.984858596926209e-10,1.626122915012102e-13,6.345819355509636e-05,1,0.0,"[0.5926027201258237,0.35521093090539446,0.052186348968781764]"
v3.3,393de51ec9fec163,arctan,common,10,0.1,0.6900000000000001,-0.0019167801510326793,7.261681880810222e-11,1.7948177598026199e-13,6.3463780911138e-05,1,0.0,"[0.5925536897391408,0.3552209257120311,0.052225384548828135]"
v3.3,393de51ec9fec163,arctan,common,10,0.1,0.7000000000000001,-0.00187860316077711,7.229854215307085e-11,1.9778127386945594e-13,6.346223260027254e-05,1,0.0,"[0.5925047474569279,0.3552306585614403,0.05226459398163181]"
v3.3,393de51ec9fec163,arctan,common,10,0.1,0.7100000000000001,-0.0018408744417464547,1.9005843079900053e-10,2.1745433201284937e-13,6.345379330993901e-05,1,0.0,"[0.5924558983461737,0.3552401326911845,0.05230396896264177]"
v3.3,393de51ec9fec163,arctan,common,10,0.1,0.7200000000000001,-0.0018035964250641585,1.882424008337047e-10,2.3865041851240074e-13,6.343869442421748e-05,1,0.0,"[0.5924071472162036,0.35524935142701264,0.05234350135678395]"
v3.3,393de51ec9fec163,arctan,common,10,0.1,0.7300000000000001,-0.0017667710762093412,1.4325701042094963e-10,2.614575394896344e-13,6.341715505981268e-05,1,0.0,"[0.592358498632837,0.35525831817070613,0.05238318319645699]"
v3.3,393de51ec9fec163,arctan,common,10,0.1,0.7400000000000001,-0.001730399942499905,2.0081226959067777e-10,2.85916164873692e-13,6.338938301856741e-05,1,0.0,"[0.5923099569316743,0.35526703638884427,0.05242300667948155]"
v3.3,393de51ec9fec163,arctan,common,10,0.1,0.7500000000000001,-0.0016944841610448472,1.7568591026417835e-10,3.121267790738196e-13,6.33555756676585e-05,1,0.0,"[0.5922615262305628,0.3552755096024268,0.05246296416701035]"
v3.3,393de51ec9fec163,arctan,common,10,0.1,0.76,-0.0016590245062920658,6.613172162661662e-11,3.4017381629216916e-13,6.331592074793189e-05,1,0.0,"[0.5922132104412948,0.3552837413772999,0.05250304818140521]"
v3.3,393de51ec9fec163,arctan,common,10,0.1,0.77,-0.0016240213747025466,1.0985442416844293e-10,3.7014385250414206e-13,6.327059711868201e-05,1,0.0,"[0.5921650132805844,0.3552917353153287,0.052543251404086916]"
v3.3,393de51ec9fec163,arctan,common,10,0.1,0.78,-0.001589474857844244,2.0628952712709037e-10,4.021081674750013e-13,6.32197754417874e-05,1,0.0,"[0.5921169382803677,0.35529949504626923,0.05258356667336309]"
v3.3,393de51ec9fec163,arctan,common,10,0.1,0.79,-0.0015553847165508394,1.1101786850931106e-10,4.3617454112967584e-13,6.316361880943233e-05,1,0.0,"[0.5920689887974709,0.3553070242202904,0.052623986982238635]"
v3.3,393de51ec9fec163,arctan,common,10,0.1,0.8,-0.0015217504224007035,1.4055116445699234e-10,4.723784184107455e-13,6.310228332150481e-05,1,0.0,"[0.5920211680226829,0.3553143265011038,0.05266450547621338]"
v3.3,393de51ec9fec163,arctan,common,10,0.1,0.81,-0.0014885711754372595,1.2883939401464595e-10,5.108362459834928e-13,6.30359186136536e-05,1,0.0,"[0.5919734789892727,0.35532140555965724,0.052705115451070074]"
v3.3,393de51ec9fec163,arctan,common,10,0.1,0.8200000000000001,-0.0014558459157787314,1.330292022372337e-10,5.516630237590191e-13,6.296466834239037e-05,1,0.0,"[0.5919259245809861,0.35532826506835685,0.05274581035065695]"
v3.3,393de51ec9fec163,arctan,common,10,0.1,0.8300000000000001,-0.001423573343186501,2.1301860275713125e-10,5.949438731389309e-13,6.28886706287878e-05,1,0.0,"[0.5918785075395552,0.3553349086957772,0.052786583764667674]"
v3.3,393de51ec9fec163,arctan,common,10,0.1,0.8400000000000001,-0.0013917519490340077,7.126360612730309e-11,6.581988134736784e-13,6.280805841295954e-05,1,0.0,"[0.591831230471803,0.355341340101788,0.052827429426408966]"
v3.3,393de51ec9fec163,arctan,common,10,0.1,0.8500000000000001,-0.001360379954495495,1.0758230417629022e-10,7.314369926281788e-13,6.272296000403993e-05,1,0.0,"[0.591784095856147,0.3553475629332315,0.052868341210621554]"
v3.3,393de51ec9fec163,arctan,common,10,0.1,0.8600000000000001,-0.0013294554766281226,7.573378382752516e-11,8.112838331303298e-13,6.263349921513274e-05,1,0.0,"[0.5917371060488883,0.3553535808198869,0.05290931313122488]"
v3.3,393de51ec9fec163,arctan,common,10,0.1,0.8700000000000001,-0.0012989763866504273,2.0788898727475136e-10,8.981017978773205e-13,6.25397957380762e-05,1,0.0,"[0.5916902632900937,0.35535939737077427,0.052950339339132055]"
v3.3,393de51ec9fec163,arctan,common,10,0.1,0.8800000000000001,-0.0012689404033900398,1.4643971452121818e-10,9.924420978098961e-13,6.24419654593012e-05,1,0.0,"[0.5916435697090747,0.35536501617087507,0.05299141412005022]"
v3.3,393de51ec9fec163,arctan,common,10,0.1,0.89,-0.0012393450934271612,1.512506196676977e-10,1.0946381588722244e-12,6.234012070152625e-05,1,0.0,"[0.591597027329562,0.3553704407781431,0.05303253189229484]"
v3.3,393de51ec9fec163,arctan,common,10,0.1,0.9,-0.0012101878671065477,1.3258432893237249e-10,1.2052918135852356e-12,6.223437045728154e-05,1,0.0,"[0.5915506380745761,0.35537567472080794,0.05307368720461596]"
v3.3,393de51ec9fec163,arctan,common,10,0.1,0.91,-0.0011814660385773626,7.123202722114641e-11,4.419501791643014e-12,6.212481010024276e-05,1,0.0,"[0.5915044037834406,0.3553807214829433,0.053114874733616126]"
v3.3,393de51ec9fec163,arctan,common,10,0.1,0.92,-0.0011531766925235547,1.0641898820495932e-10,4.104435985259097e-12,6.201157557461214e-05,1,0.0,"[0.5914583261646833,0.35538558455190056,0.05315608928341616]"
v3.3,393de51ec9fec163,arctan,common,10,0.1,0.93,-0.0011253169121206753,1.6515120521143345e-10,2.707957915263634e-12,6.189473635297027e-05,1,0.0,"[0.5914124068754113,0.3553902673437257,0.05319732578086297]"
v3.3,393de51ec9fec163,arctan,common,10,0.1,0.9400000000000001,-0.0010978836325822236,1.3693251393886996e-10,1.8029425603559495e-12,6.177439305564274e-05,1,0.0,"[0.5913666474852695,0.3553947732400852,0.053238579274645155]"
v3.3,393de51ec9fec163,arctan,common,10,0.1,0.9500000000000001,-0.0010708737061213072,6.684775302745471e-11,1.9024510350835664e-12,6.165064450762142e-05,1,0.0,"[0.5913210494791183,0.3553991055877954,0.053279844933086115]"
v3.3,393de51ec9fec163,arctan,common,10,0.1,0.9600000000000001,-0.0010442838633126159,1.3256416450668773e-10,4.677324056075534e-12,6.152357959224735e-05,1,0.0,"[0.5912756142709253,0.35540326768555935,0.05332111804351537]"
v3.3,393de51ec9fec163,arctan,common,10,0.1,0.9700000000000001,-0.001018110926599352,1.8095126785855342e-10,2.925269780531352e-11,6.139323045372675e-05,1,0.0,"[0.5912303432694748,0.355407262727773,0.05336239400275217]"
v3.3,393de51ec9fec163,arctan,common,10,0.1,0.9800000000000001,-0.0009923509904387132,1.9526475575348812e-10,2.455642451080539e-12,6.125999635668808e-05,1,0.0,"[0.5911852374414125,0.3554110942160327,0.05340366834255493]"
v3.3,393de51ec9fec163,arctan,common,10,0.1,0.9900000000000001,-0.0009670011058575644,5.906394817678517e-11,2.665987167208114e-12,6.11234543931558e-05,1,0.0,"[0.5911402982977865,0.35541476502814984,0.05344493667406364]"
v3.3,393de51ec9fec163,arctan,common,10,0.1,1.0,-0.0009420575468030989,1.2026941595411067e-10,1.789957562775986e-12,6.0984047131680216e-05,1,0.0,"[0.5910955268542057,0.35541827840556955,0.053486194740224854]"
v3.3,393de51ec9fec163,arctan,common,10,0.1,1.01,-0.0009175167389993584,1.2965255258290398e-10,1.8922694524120733e-12,6.084175653623361e-05,1,0.0,"[0.5910509241852053,0.3554216374300802,0.05352743838471453]"
v3.3,393de51ec9fec163,arctan,common,10,0.1,1.02,-0.0008933750528676079,5.733837016297372e-11,2.6509883728290722e-12,6.069667189533515e-05,1,0.0,"[0.5910064912965913,0.3554248451449018,0.053568663558506875]"
v3.3,393de51ec9fec163,arctan,common,10,0.1,1.03,-0.0008696287551716864,1.3868297829566778e-10,2.1091975916171947e-12,6.054887843949102e-05,1,0.0,"[0.5909622291281689,0.35542790455705614,0.05360986631477502]"
v3.3,393de51ec9fec163,arctan,common,10,0.1,1.04,-0.000846274182438312,1.8299763440698946e-10,3.119013768053292e-12,6.0398438280867856e-05,1,0.0,"[0.5909181385862249,0.35543081860337566,0.053651042810399355]"
v3.3,393de51ec9fec163,arctan,common,10,0.1,1.05,-0.0008233075427668476,1.779874893304001e-10,2.3431114079927026e-12,6.0245448761297284e-05,1,0.0,"[0.5908742204952923,0.35543359020464416,0.05369218930006363]"
v3.3,393de51ec9fec163,arctan,common,10,0.1,1.06,-0.0008007250737593827,1.3525428346761181e-10,2.4666257111477486e-12,6.008996492961992e-05,1,0.0,"[0.5908304756557731,0.35543622220589993,0.053733302138327034]"
v3.3,393de51ec9fec163,arctan,common,10,0.1,1.07,-0.000778522960449491,1.8649424018968297e-10,2.5945757836322444e-12,5.99320725234996e-05,1,0.0,"[0.5907869048021372,0.3554387174229324,0.05377437777493036]"
v3.3,393de51ec9fec163,arctan,common,10,0.1,1.08,-0.0007566973813403731,1.2555985071105447e-10,3.254045567619893e-12,5.977183919842883e-05,1,0.0,"[0.5907435086277107,0.35544107861757107,0.05381541275471817]"
v3.3,393de51ec9fec163,arctan,common,10,0.1,1.09,-0.0007352444905935757,1.8662727266360868e-10,5.086340317340237e-12,5.9609335591546534e-05,1,0.0,"[0.590700287778757,0.3554433085078287,0.05385640371341428]"
v3.3,393de51ec9fec163,arctan,common,10,0.1,1.1,-0.0007141604269693715,1.5549482534904513e-10,7.43576590814343e-12,5.9444635847803245e-05,1,0.0,"[0.5906572428528599,0.35544540976763694,0.053897347379503274]"
v3.3,393de51ec9fec163,arctan,common,10,0.1,1.11,-0.0006934412722313099,1.2946269750679917e-10,3.1523134233199936e-12,5.9277830198945256e-05,1,0.0,"[0.5906143743760023,0.35544738505322954,0.05393824057076819]"
v3.3,393de51ec9fec163,arctan,common,10,0.1,1.12,-0.0006730832306509338,1.5814222847909676e-10,3.3035260133430605e-12,5.91089250086879e-05,1,0.0,"[0.5905716829112185,0.35544923689853314,0.0539790801902482]"
v3.3,393de51ec9fec163,arctan,common,10,0.1,1.1300000000000001,-0.0006530823923378143,1.128879698053531e-10,3.4595799591738907e-12,5.8938038075392655e-05,1,0.0,"[0.5905291689142883,0.3554509678575933,0.054019863228118435]"
v3.3,393de51ec9fec163,arctan,common,10,0.1,1.1400000000000001,-0.000633434874422488,2.1125685228939872e-10,3.6205840568825004e-12,5.8765219503066796e-05,1,0.0,"[0.5904868328213455,0.3554525804205019,0.05406058675815266]"
v3.3,393de51ec9fec163,arctan,common,10,0.1,1.1500000000000001,-0.0006141368010405893,1.1446468772824403e-10,3.786459943606793e-12,5.8590533010154784e-05,1,0.0,"[0.590444675030928,0.35545407703265824,0.05410124793641377]"
v3.3,393de51ec9fec163,arctan,common,10,0.1,1.1600000000000001,-0.0005951842986469842,6.676427119489681e-11,3.9573553031426766e-12,5.8414041178685516e-05,1,0.0,"[0.5904026959051969,0.3554554600951847,0.05414184399961852]"
v3.3,393de51ec9fec163,arctan,common,10,0.1,1.1700000000000002,-0.0005765734964030718,1.7701389312674287e-10,4.1333111470044475e-12,5.823580547673278e-05,1,0.0,"[0.5903608957711012,0.355456731965373,0.05418237226352568]"
v3.3,393de51ec9fec163,arctan,common,10,0.1,1.1800000000000002,-0.0005583005372097986,1.238293773075938e-10,4.31437395383936e-12,5.805588627487238e-05,1,0.0,"[0.5903192749214977,0.35545789495715435,0.054222830121347904]"
v3.3,393de51ec9fec163,arctan,common,10,0.1,1.1900000000000002,-0.0005403615709185239,1.306352977181735e-10,4.500569485410943e-12,5.787434286653816e-05,1,0.0,"[0.5902778336162212,0.3554589513415924,0.05426321504218641]"
v3.3,393de51ec9fec163,arctan,common,10,0.1,1.2000000000000002,-0.0005227527594532863,1.2139898114549297e-10,4.691934107507113e-12,5.769123348295739e-05,1,0.0,"[0.5902365720831142,0.35545990334739647,0.05430352456948943]"
v3.3,393de51ec9fec163,arctan,common,10,0.1,1.21,-0.0005054702837367295,1.310032742007916e-10,4.8885298022606045e-12,5.750661530957254e-05,1,0.0,"[0.5901954905190152,0.35546075316145115,0.054343756319533594]"
v3.3,393de51ec9fec163,arctan,common,10,0.1,1.22,-0.000488510330160466,1.2994367040719546e-10,5.09037269904403e-12,5.732054450106101e-05,1,0.0,"[0.5901545890907088,0.35546150292936257,0.0543839079799286]"
v3.3,393de51ec9fec163,arctan,common,10,0.1,1.23,-0.00047186911096904274,1.2747063127260816e-10,5.2974926758617e-12,5.713307619600033e-05,1,0.0,"[0.5901138679358389,0.35546215475601645,0.05442397730814467]"
v3.3,393de51ec9fec163,arctan,common,10,0.1,1.24,-0.00045554287171698654,6.374646643880766e-11,5.5099724975262655e-12,5.694426452957922e-05,1,0.0,"[0.5900733271637889,0.35546271070614777,0.054463962130063236]"
v3.3,393de51ec9fec163,arctan,common,10,0.1,1.25,-0.00043952782062892104,5.919972845269683e-11,5.727709715416325e-12,5.675416264756563e-05,1,0.0,"[0.5900329668565296,0.35546317280492,0.05450386033855042]"
v3.3,393de51ec9fec163,arctan,common,10,0.1,1.26,-0.00042382023886623765,1.2668224108614012e-10,5.950956517916815e-12,5.656282271754523e-05,1,0.0,"[0.5899927870694369,0.3554635430385105,0.05454366989205269]"
v3.3,393de51ec9fec163,arctan,common,10,0.1,1.27,-0.0004084164375555907,1.0999462798921833e-10,6.179505748052408e-12,5.637029594398264e-05,1,0.0,"[0.5899527878320784,0.35546382335470555,0.05458338881321602]"
v3.3,393de51ec9fec163,arctan,common,10,0.1,1.28,-0.00039331272482781565,6.943400021608426e-11,6.413601510744082e-12,5.617663257532296e-05,1,0.0,"[0.5899129691489781,0.3554640156634955,0.05462301518752642]"
v3.3,393de51ec9fec163,arctan,common,10,0.1,1.29,-0.0003785054126634324,1.2307735386407614e-10,6.653019070854065e-12,5.598188192146469e-05,1,0.0,"[0.589873331000348,0.35546412183767834,0.05466254716197361]"
v3.3,393de51ec9fec163,arctan,common,10,0.1,1.3,-0.00036399088789526926,1.097575710873322e-10,6.897932467328908e-12,5.5786092358596707e-05,1,0.0,"[0.5898338733428038,0.3554641437134602,0.054701982943736065]"
v3.3,393de51ec9fec163,arctan,common,10,0.1,1.31,-0.0003497655305506539,1.7560903425861696e-10,7.14828228923247e-12,5.55893113461617e-05,1,0.0,"[0.5897945961100491,0.35546408309106226,0.054741320798888604]"
v3.3,393de51ec9fec163,arctan,common,10,0.1,1.32,-0.00033582575070082235,1.7688079820277203e-10,7.404191241508635e-12,5.5391585433035165e-05,1,0.0,"[0.5897554992135446,0.35546394173532403,0.054780559051131245]"
v3.3,393de51ec9fec163,arctan,common,10,0.1,1.33,-0.000322167991130419,1.8871658055696905e-10,7.665538415445681e-12,5.519296027193518e-05,1,0.0,"[0.589716582543151,0.3554637213763089,0.054819696080540145]"
v3.3,393de51ec9fec163,arctan,common,10,0.1,1.34,-0.0003087887356836329,6.987235789956969e-11,7.93245032423641e-12,5.499348062689495e-05,1,0.0,"[0.589677845967756,0.3554634237099047,0.05485873032233937]"
v3.3,393de51ec9fec163,arctan,common,10,0.1,1.35,-0.00029568443103452843,1.1860031359778311e-10,8.204802936007687e-12,5.4793190386786925e-05,1,0.0,"[0.5896392893358792,0.35546305039842646,0.05489766026569433]"
v3.3,393de51ec9fec163,arctan,common,10,0.1,1.36,-0.00028285164807327276,1.1907687683110346e-10,8.48271182722472e-12,5.459213257198825e-05,1,0.0,"[0.5896009124762632,0.35546260307121086,0.05493648445252597]"
v3.3,393de51ec9fec163,arctan,common,10,0.1,1.37,-0.0002702869249533099,1.0337412870153884e-10,8.766087653866135e-12,5.439034934951122e-05,1,0.0,"[0.5895627151984415,0.3554620833252126,0.054975201476345846]"
v3.3,393de51ec9fec163,arctan,common,10,0.1,1.3800000000000001,-0.0002579868433683352,9.035462308903952e-11,9.054951036351102e-12,5.4187882038547244e-05,1,0.0,"[0.589524697293296,0.3554614927255922,0.0550138099811118]"
v3.3,393de51ec9fec163,arctan,common,10,0.1,1.3900000000000001,-0.0002459480279077206,6.237322117130795e-11,9.34933291946173e-12,5.3984771124055056e-05,1,0.0,"[0.5894868585335951,0.3554608328063009,0.0550523086601039]"
v3.3,393de51ec9fec163,arctan,common,10,0.1,1.4,-0.0002341671035678873,6.093888241243128e-11,9.649243329617218e-12,5.3781056265397356e-05,1,0.0,"[0.589449198674518,0.3554601050706613,0.05509069625482085]"
v3.3,393de51ec9fec163,arctan,common,20,0.05,0.05,-0.00443317977549805,1.4481538190835863e-10,6.824211732970381e-15,0.0,1,0.0,"[0.5951995481086398,0.354250716301358,0.05054973559000207]"
v3.3,393de51ec9fec163,arctan,common,20,0.05,0.060000000000000005,-0.004426807448202452,7.405910606994581e-11,2.0391107143419553e-14,3.4951554493914703e-06,1,0.0,"[0.5951967014277364,0.3542523138878513,0.0505509846844124]"
v3.3,393de51ec9fec163,arctan,common,20,0.05,0.07,-0.0044193021176433325,2.1048025822256733e-10,1.6497946213713586e-10,4.115496713187975e-06,1,0.0,"[0.5951933491840842,0.35425419126441715,0.05055245955149872]"
v3.3,393de51ec9fec163,arctan,common,20,0.05,0.08,-0.004410672996526602,1.4850541629751746e-10,1.0551355891149783e-10,4.730263162278134e-06,1,0.0,"[0.5951894958158885,0.3542563445758608,0.05055415960825068]"
v3.3,393de51ec9fec163,arctan,common,20,0.05,0.09,-0.004400934972564885,1.5534624281388076e-10,1.5438238137723382e-14,5.336369835116033e-06,1,0.0,"[0.5951851482106248,0.35425876771333203,0.050556084076043034]"
v3.3,393de51ec9fec163,arctan,common,20,0.05,0.1,-0.004390104334583166,7.584968070295517e-11,2.5793829673968188e-14,5.933047956914355e-06,1,0.0,"[0.5951803138772489,0.3542614540354345,0.0505582320873165]"
v3.3,393de51ec9fec163,arctan,common,20,0.05,0.11,-0.004378197025930876,1.5442969819590147e-10,4.1291467036497414e-14,6.520463484835327e-06,1,0.0,"[0.5951750002078597,0.3542643970697891,0.05056060272235112]"
v3.3,393de51ec9fec163,arctan,common,20,0.05,0.12000000000000001,-0.004365231789373945,1.3984084723528412e-10,8.503788447186648e-11,7.09716019230592e-06,1,0.0,"[0.595169215764368,0.3542675892940606,0.050563194941571514]"
v3.3,393de51ec9fec163,arctan,common,20,0.05,0.13,-0.004351226240953875,1.5650832019264982e-10,3.2314326941306073e-13,7.66373722959587e-06,1,0.0,"[0.5951629686521025,0.3542710236964886,0.050566007651408874]"
v3.3,393de51ec9fec163,arctan,common,20,0.05,0.14,-0.0043362028657470825,1.230556073705813e-10,1.3751957643867346e-13,8.217698294876943e-06,1,0.0,"[0.5951562689767469,0.35427469141029017,0.050569039612962885]"
v3.3,393de51ec9fec163,arctan,common,20,0.05,0.15000000000000002,-0.00432018285993728,1.9597470174437248e-10,1.947134830810422e-13,8.759781777372644e-06,1,0.0,"[0.5951491262811389,0.35427858418146374,0.050572289537397265]"
v3.3,393de51ec9fec163,arctan,common,20,0.05,0.16,-0.00430318904481293,1.554196354947024e-10,1.1699402807578088e-14,9.289222528856243e-06,1,0.0,"[0.5951415507401999,0.3542826932184984,0.050575756041301746]"
v3.3,393de51ec9fec163,arctan,common,20,0.05,0.16999999999999998,-0.00428524517316866,2.3416334843373576e-10,1.3852291533753433e-14,9.805636178768243e-06,1,0.0,"[0.5951335528607703,0.35428700948124714,0.05057943765798245]"
v3.3,393de51ec9fec163,arctan,common,20,0.05,0.18,-0.0042663758258326065,1.458247481100905e-10,1.6273725326983588e-14,1.0308711987774668e-05,1,0.0,"[0.5951251434248626,0.35429152373467326,0.05058333284046408]"
v3.3,393de51ec9fec163,arctan,common,20,0.05,0.19,-0.00424660631234712,7.368848586875032e-11,1.893076317160865e-14,1.0798203494974578e-05,1,0.0,"[0.5951163334401279,0.35429622659629145,0.05058743996358066]"
v3.3,393de51ec9fec163,arctan,common,20,0.05,0.2,-0.004225962559127522,2.3436809437615835e-10,2.178715141119458e-14,1.1273928339579692e-05,1,0.0,"[0.5951071340901443,0.3543011085831882,0.05059175732666754]"
v3.3,393de51ec9fec163,arctan,common,20,0.05,0.21000000000000002,-0.004204471045658235,2.348511871086423e-10,6.413108670858559e-14,1.173576415024116e-05,1,0.0,"[0.595097556687672,0.3543061601560803,0.05059628315624776]"
v3.3,393de51ec9fec163,arctan,common,20,0.05,0.22000000000000003,-0.004182158717154091,6.818325071211717e-11,4.682861494461864e-12,1.2183628185073702e-05,1,0.0,"[0.5950876126439647,0.35431137174825167,0.05060101560778368]"
v3.3,393de51ec9fec163,arctan,common,20,0.05,0.22999999999999998,-0.004159052726806833,7.547602820512367e-11,3.165910113892923e-14,1.2617576818900112e-05,1,0.0,"[0.595077313357533,0.35431673386885276,0.05060595277361418]"
v3.3,393de51ec9fec163,arctan,common,20,0.05,0.24,-0.004135180711388534,6.773781535684975e-11,3.530697035868997e-14,1.3037539890420182e-05,1,0.0,"[0.5950666703167419,0.3543222370076299,0.050611092675628085]"
v3.3,393de51ec9fec163,arctan,common,20,0.05,0.25,-0.004110570327281321,1.4842046341945192e-10,3.920333693727708e-14,1.3443667188295778e-05,1,0.0,"[0.5950556949226251,0.3543278717989469,0.05061643327842784]"
v3.3,393de51ec9fec163,arctan,common,20,0.05,0.26,-0.004085249435727217,1.329243520808987e-10,4.0843676765609906e-12,1.3836045108963247e-05,1,0.0,"[0.5950443985400331,0.35433362897363346,0.05062197248633339]"
v3.3,393de51ec9fec163,arctan,common,20,0.05,0.27,-0.004059245806900452,1.3941947596407545e-10,3.1179085610842444e-12,1.4214878637212532e-05,1,0.0,"[0.5950327924012012,0.35433949944777615,0.05062770815102248]"
v3.3,393de51ec9fec163,arctan,common,20,0.05,0.28,-0.004032587287284117,1.5489562410486712e-10,2.2482793772830983e-12,1.4580301283761237e-05,1,0.0,"[0.5950208876632814,0.35434547426795754,0.050633638068761075]"
v3.3,393de51ec9fec163,arctan,common,20,0.05,0.29,-0.004005301579471009,1.5074464593256565e-10,1.6167142314444427e-12,1.4932547057470782e-05,1,0.0,"[0.5950086953259202,0.35435154468660085,0.05063975998747888]"
v3.3,393de51ec9fec163,arctan,common,20,0.05,0.3,-0.003977416223758079,1.504075128333504e-10,1.1736396346462586e-12,1.5271856144567336e-05,1,0.0,"[0.5949962262251707,0.3543577021660767,0.0506460716087527]"
v3.3,393de51ec9fec163,arctan,common,20,0.05,0.31,-0.003948958546994098,1.4640647028052456e-10,8.117016040263548e-13,1.559848897232512e-05,1,0.0,"[0.5949834910157566,0.35436393839347985,0.050652570590763515]"
v3.3,393de51ec9fec163,arctan,common,20,0.05,0.32,-0.003919955605216269,2.2341656302771185e-10,4.698566807533761e-13,1.5912722996713692e-05,1,0.0,"[0.5949705001557467,0.3543702452930173,0.05065925455123592]"
v3.3,393de51ec9fec163,arctan,common,20,0.05,0.33,-0.0038904341452235883,2.3229879131392295e-10,1.833327781764211e-13,1.6214849808362363e-05,1,0.0,"[0.5949572638934052,0.3543766150362382,0.05066612107035659]"
v3.3,393de51ec9fec163,arctan,common,20,0.05,0.33999999999999997,-0.003860420554997003,1.4152853194948634e-10,8.146065951234199e-14,1.6505172550471685e-05,1,0.0,"[0.5949437922559904,0.3543830400503723,0.050673167693637326]"
v3.3,393de51ec9fec163,arctan,common,20,0.05,0.35,-0.003829940851115328,7.127790024874514e-11,1.8020194407709497e-12,1.678399740083299e-05,1,0.0,"[0.5949300950454625,0.3543895130199196,0.05068039193461787]"
v3.3,393de51ec9fec163,arctan,common,20,0.05,0.36,-0.0037990205464553325,1.5596373498238947e-10,9.215113849889797e-14,1.7051669544412168e-05,1,0.0,"[0.594916181804152,0.3543960269168444,0.05068779127900373]"
v3.3,393de51ec9fec163,arctan,common,20,0.05,0.37,-0.0037676848114012104,2.186271927384631e-10,9.757176176551178e-14,1.7308472064028046e-05,1,0.0,"[0.5949020618643671,0.35440257495124183,0.05069536318439101]"
v3.3,393de51ec9fec163,arctan,common,20,0.05,0.38,-0.0037359582594978444,1.4808872184080002e-10,1.0303273211597527e-13,1.7554756197010007e-05,1,0.0,"[0.594887744289603,0.3544091506243789,0.050703105086018205]"
v3.3,393de51ec9fec163,arctan,common,20,0.05,0.39,-0.003703865019113961,2.2958912548887156e-10,1.0860004625750974e-13,1.7790840974576866e-05,1,0.0,"[0.5948732378991813,0.3544157477029892,0.05071101439782935]"
v3.3,393de51ec9fec163,arctan,common,20,0.05,0.4,-0.003671428692560562,1.5014335608132257e-10,1.1421187030073418e-13,1.8017050887380024e-05,1,0.0,"[0.5948585512615053,0.354422360223176,0.050719088515318665]"
v3.3,393de51ec9fec163,arctan,common,20,0.05,0.41,-0.0036386723438305846,1.4741839693410697e-10,1.1980913977876546e-13,1.823370797706165e-05,1,0.0,"[0.5948436926938826,0.35442898248812366,0.05072732481799382]"
v3.3,393de51ec9fec163,arctan,common,20,0.05,0.42,-0.0036056184826502163,2.2525289272712357e-10,1.2540789636482716e-13,1.844113063795631e-05,1,0.0,"[0.5948286702633505,0.35443560906488447,0.05073572067176505]"
v3.3,393de51ec9fec163,arctan,common,20,0.05,0.43,-0.0035722890524262155,1.4256779784505014e-10,1.3111884647561153e-13,1.8639632582997112e-05,1,0.0,"[0.594813491788383,0.35444223478035936,0.05074427343125759]"
v3.3,393de51ec9fec163,arctan,common,20,0.05,0.44,-0.003538705433536217,7.461083140203328e-11,1.3672902658117203e-13,1.8829521961714958e-05,1,0.0,"[0.5947981648413683,0.3544488547165854,0.05075298044204638]"
v3.3,393de51ec9fec163,arctan,common,20,0.05,0.45,-0.003504888397077792,1.4523538621746823e-10,1.4226004644375758e-13,1.9011100611551633e-05,1,0.0,"[0.5947826967517589,0.35445546420542967,0.05076183904281149]"
v3.3,393de51ec9fec163,arctan,common,20,0.05,0.46,-0.003470858178845543,7.216947872645818e-11,1.478447602538962e-13,1.918466344447142e-05,1,0.0,"[0.5947670946097948,0.35446205882279125,0.050770846567414034]"
v3.3,393de51ec9fec163,arctan,common,20,0.05,0.47,-0.0034366343858015583,6.847659939079875e-11,1.534156052107957e-13,1.9350497942763658e-05,1,0.0,"[0.5947513652707165,0.35446863438239073,0.050780000346892756]"
v3.3,393de51ec9fec163,arctan,common,20,0.05,0.48,-0.0034022360611178845,1.433356280888809e-10,1.5891584125677514e-13,1.950888376045622e-05,1,0.0,"[0.5947355153593893,0.3544751869292307,0.050789297711380035]"
v3.3,393de51ec9fec163,arctan,common,20,0.05,0.49,-0.0033676816659532344,1.3607134169424384e-10,1.59658890719319e-14,1.966009276164683e-05,1,0.0,"[0.5947195512749787,0.3544817127329956,0.05079873599202583]"
v3.3,393de51ec9fec163,arctan,common,20,0.05,0.5,-0.003332989072196993,1.2001784982507147e-10,2.0045254064052003e-14,1.9804387081420104e-05,1,0.0,"[0.5947034791973467,0.35448820828024047,0.05080831252241276]"
v3.3,393de51ec9fec163,arctan,common,20,0.05,0.51,-0.0032981755823581274,6.598751406405867e-11,2.632107441752828e-13,1.9942021537274737e-05,1,0.0,"[0.5946873050915387,0.3544946702677676,0.05081802464069374]"
v3.3,393de51ec9fec163,arctan,common,20,0.05,0.52,-0.0032632579035980352,2.1458028409693242e-10,2.6988979281512815e-14,2.007324542328166e-05,1,0.0,"[0.594671034710689,0.3545010955982075,0.050827869691103436]"
v3.3,393de51ec9fec163,arctan,common,20,0.05,0.53,-0.0032282522137963773,1.5013534859775746e-10,3.1871832978368594e-14,2.0198290880384838e-05,1,0.0,"[0.5946546736092488,0.3545074813656563,0.05083784502509494]"
v3.3,393de51ec9fec163,arctan,common,20,0.05,0.54,-0.0031931741093998156,1.411874783752154e-10,3.7548480098957164e-14,2.0317390376619863e-05,1,0.0,"[0.5946382271410079,0.35451382485573607,0.05084794800325602]"
v3.3,393de51ec9fec163,arctan,common,20,0.05,0.55,-0.0031580386411434354,1.3710080640216837e-10,4.4048755930942664e-14,2.0430763415807176e-05,1,0.0,"[0.594621700468859,0.35452012353468026,0.05085817599646061]"
v3.3,393de51ec9fec163,arctan,common,20,0.05,0.56,-0.003122860317691368,2.1445348968862632e-10,5.149284142135705e-14,2.053862199158609e-05,1,0.0,"[0.5946050985698867,0.35452637504289075,0.05086852638722247]"
v3.3,393de51ec9fec163,arctan,common,20,0.05,0.5700000000000001,-0.003087653126645846,7.037359930905929e-11,5.997741836784811e-14,2.064116983583354e-05,1,0.0,"[0.5945884262412195,0.3545325771878465,0.050878996570933976]"
v3.3,393de51ec9fec163,arctan,common,20,0.05,0.5800000000000001,-0.0030524304925757632,1.5196084668378518e-10,6.966283556209317e-14,2.073860258227461e-05,1,0.0,"[0.5945716881058417,0.354538727937121,0.0508895839570373]"
v3.3,393de51ec9fec163,arctan,common,20,0.05,0.5900000000000001,-0.003017205401442763,7.315110669980918e-11,8.062876471936632e-14,2.0831107954816592e-05,1,0.0,"[0.594554888618342,0.35454482541152843,0.050900285970129446]"
v3.3,393de51ec9fec163,arctan,common,20,0.05,0.6000000000000001,-0.0029819902449855704,1.4236789178112552e-10,9.306870147271032e-14,2.0918865971162598e-05,1,0.0,"[0.5945380320705839,0.3545508678784128,0.05091110005100334]"
v3.3,393de51ec9fec163,arctan,common,20,0.05,0.6100000000000001,-0.002946797015000422,1.2868156540335463e-10,1.0708877948191283e-13,2.1002049162681213e-05,1,0.0,"[0.5945211225972792,0.3545568537450939,0.05092202365762689]"
v3.3,393de51ec9fec163,arctan,common,20,0.05,0.6200000000000001,-0.0029116371696998843,6.906710967036211e-11,1.2284701022355783e-13,2.1080822802967153e-05,1,0.0,"[0.5945041641814572,0.354562781552481,0.050933054266061664]"
v3.3,393de51ec9fec163,arctan,common,20,0.05,0.63,-0.002876521712724886,2.2961012258182478e-10,1.4051369768860505e-13,2.1155345145946518e-05,1,0.0,"[0.5944871606598151,0.35456864996886095,0.0509441893713239]"
v3.3,393de51ec9fec163,arctan,common,20,0.05,0.64,-0.0028414611940730666,2.2566024049375244e-10,1.6032802223127413e-13,2.1225767669532957e-05,1,0.0,"[0.5944701157279421,0.354574457783869,0.05095542648818886]"
v3.3,393de51ec9fec163,arctan,common,20,0.05,0.65,-0.002806465719020903,7.031380686028932e-11,1.824553173310996e-13,2.129223532111504e-05,1,0.0,"[0.594453032945413,0.35458020390264555,0.05096676315194143]"
v3.3,393de51ec9fec163,arctan,common,20,0.05,0.66,-0.002771544953920447,7.304853250067467e-11,2.0710969854425054e-13,2.1354886765631817e-05,1,0.0,"[0.5944359157407436,0.35458588734018204,0.050978196919074334]"
v3.3,393de51ec9fec163,arctan,common,20,0.05,0.67,-0.002736708150677749,1.4406665443944533e-10,2.345473309766138e-13,2.141385463290009e-05,1,0.0,"[0.5944187674162056,0.35459150721585836,0.050989725367936174]"
v3.3,393de51ec9fec163,arctan,common,20,0.05,0.68,-0.0027019641558362582,1.4231460801483742e-10,2.649697026891263e-13,2.146926576328017e-05,1,0.0,"[0.5944015911524974,0.3545970627481713,0.05100134609933137]"
v3.3,393de51ec9fec163,arctan,common,20,0.05,0.6900000000000001,-0.0026673214279914793,7.472511151518368e-11,2.986526455242909e-13,2.152124144995721e-05,1,0.0,"[0.5943843900132713,0.3546025532496553,0.05101305673707346]"
v3.3,393de51ec9fec163,arctan,common,20,0.05,0.7000000000000001,-0.002632790221440969,7.255525000249285e-11,3.1928127573611196e-10,2.1568736263359854e-05,1,0.0,"[0.594367168038399,0.3546079770944651,0.051024854867136094]"
v3.3,393de51ec9fec163,arctan,common,20,0.05,0.7100000000000001,-0.0025983715277702185,1.2918036432219004e-10,5.233687989171466e-13,2.1616501883301243e-05,1,0.0,"[0.5943499248043174,0.35461333685074187,0.051036738344940685]"
v3.3,393de51ec9fec163,arctan,common,20,0.05,0.7200000000000001,-0.0025640793929875456,7.556653913720623e-11,4.219165145342559e-13,2.165769109935624e-05,1,0.0,"[0.5943326663143018,0.3546186290036526,0.05104870468204557]"
v3.3,393de51ec9fec163,arctan,common,20,0.05,0.7300000000000001,-0.002529918540512349,7.565141568743883e-11,4.714822793082635e-13,2.1697034706454557e-05,1,0.0,"[0.5943153941188989,0.3546238542206762,0.05106075166042491]"
v3.3,393de51ec9fec163,arctan,common,20,0.05,0.7400000000000001,-0.002495895595417425,1.4958420613275791e-10,5.257775028078966e-13,2.173347484775165e-05,1,0.0,"[0.5942981107588272,0.35462901221545723,0.05107287702571548]"
v3.3,393de51ec9fec163,arctan,common,20,0.05,0.7500000000000001,-0.002462016858094343,1.4649539220590313e-10,5.852212868426462e-13,2.176710380968007e-05,1,0.0,"[0.5942808186824289,0.35463410276852697,0.051085078549044136]"
v3.3,393de51ec9fec163,arctan,common,20,0.05,0.76,-0.002428288306538455,1.4401261780316865e-10,6.501641333477806e-13,2.1798010427273618e-05,1,0.0,"[0.5942635202486694,0.3546391257240546,0.051097354027276054]"
v3.3,393de51ec9fec163,arctan,common,20,0.05,0.77,-0.002394715608432678,1.2237358348876626e-10,7.209211629003652e-13,2.182627973171424e-05,1,0.0,"[0.5942462177305394,0.3546440809861989,0.05110970128326158]"
v3.3,393de51ec9fec163,arctan,common,20,0.05,0.78,-0.0023613041425389544,7.712575716967152e-11,7.979745358214183e-13,2.1851993137156556e-05,1,0.0,"[0.5942289133183278,0.3546489685156198,0.051122118166052256]"
v3.3,393de51ec9fec163,arctan,common,20,0.05,0.79,-0.002328058973883357,1.4644124801677094e-10,8.817286368120651e-13,2.1875228621529273e-05,1,0.0,"[0.5942116091227664,0.3546537883261463,0.051134602551087316]"
v3.3,393de51ec9fec163,arctan,common,20,0.05,0.8,-0.002294984920787578,1.928312821919409e-10,9.726277067493107e-13,2.1896060897947633e-05,1,0.0,"[0.5941943071780534,0.35465854048159406,0.051147152340352366]"
v3.3,393de51ec9fec163,arctan,common,20,0.05,0.81,-0.002262086514728621,1.444264013938934e-10,1.0710878347776925e-12,2.1914561579333258e-05,1,0.0,"[0.5941770094447589,0.35466322509273,0.05115976546251111]"
v3.3,393de51ec9fec163,arctan,common,20,0.05,0.8200000000000001,-0.002229368036358318,7.410332764079541e-11,1.1776324327162938e-12,2.1930799336352935e-05,1,0.0,"[0.5941597178126131,0.35466784231437487,0.0511724398730121]"
v3.3,393de51ec9fec163,arctan,common,20,0.05,0.8300000000000001,-0.002196833487335202,1.354693926480799e-10,1.2927422560519372e-12,2.1944840048178007e-05,1,0.0,"[0.5941424341031842,0.3546723923426443,0.05118517355417135]"
v3.3,393de51ec9fec163,arctan,common,20,0.05,0.8400000000000001,-0.0021644866726275545,1.477886320266908e-10,1.717203862778427e-12,2.19567458255031e-05,1,0.0,"[0.5941251600736523,0.3546768754109229,0.05119796451542477]"
v3.3,393de51ec9fec163,arctan,common,20,0.05,0.8500000000000001,-0.002132331140632226,2.1358991658670945e-10,3.117327810107267e-12,2.196657619513237e-05,1,0.0,"[0.59410789741899,0.3546812917886252,0.05121081079238482]"
v3.3,393de51ec9fec163,arctan,common,20,0.05,0.8600000000000001,-0.0021003701854040956,1.4270576734198848e-10,1.6946294809113555e-12,2.1974405429033722e-05,1,0.0,"[0.5940906477577012,0.35468564179341994,0.05122371044887896]"
v3.3,393de51ec9fec163,arctan,common,20,0.05,0.8700000000000001,-0.002068607002360938,2.139821098090522e-10,9.256144480935845e-12,2.1980233573058386e-05,1,0.0,"[0.594073412706099,0.35468992572012015,0.05123666157378091]"
v3.3,393de51ec9fec163,arctan,common,20,0.05,0.8800000000000001,-0.0020370444036004465,7.138387797533952e-11,1.3595956414768609e-11,2.198420075459391e-05,1,0.0,"[0.5940561937373826,0.35469414397701116,0.05124966228560613]"
v3.3,393de51ec9fec163,arctan,common,20,0.05,0.89,-0.0020056850090768297,1.2887962225205385e-10,4.5662267543718456e-12,2.1986351357065617e-05,1,0.0,"[0.5940389922781013,0.3546982969912898,0.051262710730608944]"
v3.3,393de51ec9fec163,arctan,common,20,0.05,0.9,-0.0019745320268409437,6.278770905976394e-11,7.918069272028443e-11,2.1986352584098713e-05,1,0.0,"[0.5940218100892701,0.354702384849069,0.05127580506166093]"
v3.3,393de51ec9fec163,arctan,common,20,0.05,0.91,-0.0019435860812600583,1.4164646539027714e-10,2.586902504551033e-12,2.1985437196647666e-05,1,0.0,"[0.5940046476825278,0.35470640879773213,0.05128894351974]"
v3.3,393de51ec9fec163,arctan,common,20,0.05,0.92,-0.0019128509590835112,1.3999032141831513e-10,2.8042497646054236e-12,2.1982000763787017e-05,1,0.0,"[0.5939875071945191,0.3547103685176984,0.05130212428778253]"
v3.3,393de51ec9fec163,arctan,common,20,0.05,0.93,-0.0018823280724537608,2.2471619703923196e-10,3.036094187819805e-12,2.197717431712069e-05,1,0.0,"[0.5939703896127738,0.35471426475649315,0.05131534563073297]"
v3.3,393de51ec9fec163,arctan,common,20,0.05,0.9400000000000001,-0.0018520192257815773,2.2373872893277635e-10,3.283105579352506e-12,2.1970727657273417e-05,1,0.0,"[0.5939532961575932,0.354718098016211,0.05132860582619582]"
v3.3,393de51ec9fec163,arctan,common,20,0.05,0.9500000000000001,-0.0018219260624931476,2.0969524380798354e-10,3.546049181925851e-12,2.196270255254086e-05,1,0.0,"[0.593936228005873,0.35472186881595613,0.051341903178170924]"
v3.3,393de51ec9fec163,arctan,common,20,0.05,0.9600000000000001,-0.001792050073940902,1.118598096094825e-10,3.8255608250002886e-12,2.1953139373493345e-05,1,0.0,"[0.5939191862926554,0.35472557769042307,0.05135523601692154]"
v3.3,393de51ec9fec163,arctan,common,20,0.05,0.9700000000000001,-0.001762392603778619,2.0261368624541198e-10,4.122438390610659e-12,2.1942077163837326e-05,1,0.0,"[0.5939021721126168,0.354729225188552,0.051368602698831284]"
v3.3,393de51ec9fec163,arctan,common,20,0.05,0.9800000000000001,-0.001732954858276306,2.1471217165336398e-10,4.437503461460633e-12,2.1929553709291078e-05,1,0.0,"[0.5938851865214927,0.35473281187225536,0.05138200160625192]"
v3.3,393de51ec9fec163,arctan,common,20,0.05,0.9900000000000001,-0.0017037379106172416,6.902402607811275e-11,4.771408059834037e-12,2.191560560122763e-05,1,0.0,"[0.5938682305374444,0.3547363383152137,0.05139543114734181]"
v3.3,393de51ec9fec163,arctan,common,20,0.05,1.0,-0.0016747426825237909,1.3907483498165618e-10,5.125004369119125e-12,2.190026829549558e-05,1,0.0,"[0.5938513051423698,0.3547398051017346,0.05140888975589553]"
v3.3,393de51ec9fec163,arctan,common,20,0.05,1.01,-0.0016459700066291452,1.23072742969077e-10,5.499066437846353e-12,2.1883576170904038e-05,1,0.0,"[0.5938344112831588,0.35474321282567517,0.05142237589116593]"
v3.3,393de51ec9fec163,arctan,common,20,0.05,1.02,-0.0016174205734185987,7.189950718133886e-11,5.894470547872678e-12,2.1865562580915292e-05,1,0.0,"[0.593817549872899,0.35474656208942235,0.05143588803767869]"
v3.3,393de51ec9fec163,arctan,common,20,0.05,1.03,-0.0015890949641509354,1.3026828574180804e-10,6.311988950860158e-12,2.1846259906449607e-05,1,0.0,"[0.593800721792029,0.35474985350293103,0.05144942470503989]"
v3.3,393de51ec9fec163,arctan,common,20,0.05,1.04,-0.001560993657366637,6.86194712162802e-11,6.752482171090614e-12,2.1825699600251352e-05,1,0.0,"[0.5937839278894484,0.3547530876828139,0.05146298442773763]"
v3.3,393de51ec9fec163,arctan,common,20,0.05,1.05,-0.0015331170073357263,7.199932317014657e-11,7.216826134905487e-12,2.180391223390178e-05,1,0.0,"[0.5937671689835795,0.35475626525148307,0.051476565764937345]"
v3.3,393de51ec9fec163,arctan,common,20,0.05,1.06,-0.0015054652808721078,1.2113706218674913e-10,7.705869399744295e-12,2.1780927539489346e-05,1,0.0,"[0.5937504458633864,0.3547593868363414,0.05149016730027203]"
v3.3,393de51ec9fec163,arctan,common,20,0.05,1.07,-0.0014780386617339464,1.8144365176997468e-10,8.220499896713845e-12,2.1756774448317195e-05,1,0.0,"[0.5937337592893543,0.3547624530690182,0.051503787641627455]"
v3.3,393de51ec9fec163,arctan,common,20,0.05,1.08,-0.0014508372211986496,1.8762572051578275e-10,8.761660329094617e-12,2.1731481129042642e-05,1,0.0,"[0.5937171099944277,0.3547654645846494,0.051517425420922906]"
v3.3,393de51ec9fec163,arctan,common,20,0.05,1.09,-0.0014238609500209186,1.4450500865348381e-10,9.33019687496818e-12,2.1705075022851663e-05,1,0.0,"[0.5937004986849113,0.3547684220212009,0.051531079293887734]"
v3.3,393de51ec9fec163,arctan,common,20,0.05,1.1,-0.0013971097557875858,1.2796278966997754e-10,9.927012808277508e-12,2.1677582875327932e-05,1,0.0,"[0.5936839260413358,0.35477132601883027,0.05154474793983406]"
v3.3,393de51ec9fec163,arctan,common,20,0.05,1.11,-0.0013705834662937448,6.90806717384973e-11,1.0553105292732025e-11,2.1649030769361257e-05,1,0.0,"[0.5936673927192876,0.35477417721928595,0.05155843006142629]"
v3.3,393de51ec9fec163,arctan,common,20,0.05,1.12,-0.0013442818362054236,6.993212259276405e-11,1.120936782716568e-11,2.1619444152369506e-05,1,0.0,"[0.5936508993502077,0.35477697626534477,0.05157212438444756]"
v3.3,393de51ec9fec163,arctan,common,20,0.05,1.1300000000000001,-0.0013182045139839595,1.3655759856234795e-10,1.1896759475177952e-11,2.1588847865479107e-05,1,0.0,"[0.5936344465421566,0.3547797238002804,0.05158582965756308]"
v3.3,393de51ec9fec163,arctan,common,20,0.05,1.1400000000000001,-0.0012923511377508842,2.1719381501639212e-10,1.2616206927870756e-11,2.155726616883032e-05,1,0.0,"[0.5936180348805512,0.3547824204673671,0.05159954465208178]"
v3.3,393de51ec9fec163,arctan,common,20,0.05,1.1500000000000001,-0.0012667212353711238,1.397921778334421e-10,1.3368633176936763e-11,2.1524722765300293e-05,1,0.0,"[0.5936016649288722,0.35478506690941286,0.05161326816171487]"
v3.3,393de51ec9fec163,arctan,common,20,0.05,1.1600000000000001,-0.0012413142935371081,6.63474448991952e-11,1.4155103534308373e-11,2.1491240823645366e-05,1,0.0,"[0.5935853372293448,0.35478766376832194,0.05162699900233329]"
v3.3,393de51ec9fec163,arctan,common,20,0.05,1.1700000000000002,-0.00121612969484073,2.1978018363566498e-10,1.4976518407002642e-11,2.145684300152114e-05,1,0.0,"[0.5935690523035909,0.3547902116846857,0.05164073601172345]"
v3.3,393de51ec9fec163,arctan,common,20,0.05,1.1800000000000002,-0.0011911668299019462,1.3773325535648695e-10,1.583385794813491e-11,2.142155146326513e-05,1,0.0,"[0.5935528106532594,0.3547927112973997,0.05165447804934097]"
v3.3,393de51ec9fec163,arctan,common,20,0.05,1.1900000000000002,-0.0011664249903183613,1.0434767286349178e-10,1.672815670757626e-11,2.1385387900873436e-05,1,0.0,"[0.5935366127606302,0.3547951632433057,0.051668223996064216]"
v3.3,393de51ec9fec163,arctan,common,20,0.05,1.2000000000000002,-0.00114190342669113,1.3729165374010144e-10,1.7660324939276675e-11,2.1348373551369375e-05,1,0.0,"[0.5935204590891962,0.35479756815685765,0.051681972753946204]"
v3.3,393de51ec9fec163,arctan,common,20,0.05,1.21,-0.0011176013383795182,1.9978235385464949e-10,1.863139045163668e-11,2.131052921317483e-05,1,0.0,"[0.5935043500842235,0.3547999266698103,0.05169572324596612]"
v3.3,393de51ec9fec163,arctan,common,20,0.05,1.22,-0.0010935178788904001,1.1440143971030992e-10,1.9642312866575225e-11,2.1271875262896496e-05,1,0.0,"[0.5934882861732906,0.3548022394109291,0.05170947441578028]"
v3.3,393de51ec9fec163,arctan,common,20,0.05,1.23,-0.001069652160334618,6.518300135760491e-11,2.069414114173621e-11,2.123243166964185e-05,1,0.0,"[0.5934722677668072,0.3548045070057202,0.05172322522747268]"
v3.3,393de51ec9fec163,arctan,common,20,0.05,1.24,-0.0010460032509657761,6.809826313958212e-11,2.1787817554836058e-11,2.119221800969862e-05,1,0.0,"[0.5934562952585138,0.3548067300761806,0.05173697466530549]"
v3.3,393de51ec9fec163,arctan,common,20,0.05,1.25,-0.0010225701528017682,1.9521272792699662e-10,2.2924344946616323e-11,2.115125347882431e-05,1,0.0,"[0.593440369025965,0.3548089092405655,0.05175072173346958]"
v3.3,393de51ec9fec163,arctan,common,20,0.05,1.26,-0.0009993518915456037,6.803142077460578e-11,2.4104741644744484e-11,2.1109556906119853e-05,1,0.0,"[0.5934244894309916,0.3548110451131735,0.051764465455834935]"
v3.3,393de51ec9fec163,arctan,common,20,0.05,1.27,-0.0009763473794489885,1.853523896866438e-10,2.5329966972660232e-11,2.1067146764894227e-05,1,0.0,"[0.5934086568201495,0.3548131383041485,0.05177820487570189]"
v3.3,393de51ec9fec163,arctan,common,20,0.05,1.28,-0.0009535555628152233,1.8779607383057062e-10,2.660100680669587e-11,2.1024041183606104e-05,1,0.0,"[0.5933928715251514,0.35481518941929635,0.05179193905555226]"
v3.3,393de51ec9fec163,arctan,common,20,0.05,1.29,-0.0009309753167880928,2.1147806769650224e-10,2.791889096516746e-11,2.0980257957248297e-05,1,0.0,"[0.5933771338632821,0.3548171990599166,0.05180566707680137]"
v3.3,393de51ec9fec163,arctan,common,20,0.05,1.3,-0.0009086054953725518,1.1404369115730617e-10,2.92845713905791e-11,2.0935814556878554e-05,1,0.0,"[0.5933614441378003,0.35481916782264883,0.05181938803955085]"
v3.3,393de51ec9fec163,arctan,common,20,0.05,1.31,-0.0008864449251378415,1.7901094495620384e-10,3.069901014965918e-11,2.0890728138296858e-05,1,0.0,"[0.5933458026383273,0.3548210962993308,0.05183310106234194]"
v3.3,393de51ec9fec163,arctan,common,20,0.05,1.32,-0.00086449220794323,1.8221267897300386e-10,3.375832055518924e-14,2.0845128833202446e-05,1,0.0,"[0.5933302095151581,0.35482298518959654,0.05184680529524529]"
v3.3,393de51ec9fec163,arctan,common,20,0.05,1.33,-0.0008427465086886278,6.090727575069899e-11,3.527367629556661e-14,2.079869898154285e-05,1,0.0,"[0.5933146652775898,0.35482483485547034,0.05186049986693992]"
v3.3,393de51ec9fec163,arctan,common,20,0.05,1.34,-0.0008212063717931255,1.1224082080429909e-10,3.687284931976732e-14,2.075178362544598e-05,1,0.0,"[0.5932991700565071,0.35482664598098107,0.051874183962511804]"
v3.3,393de51ec9fec163,arctan,common,20,0.05,1.35,-0.0007998705408379173,2.0934924974125302e-10,3.846137845271473e-14,2.0704290902523204e-05,1,0.0,"[0.5932837240905894,0.3548284191375948,0.051887856771815954]"
v3.3,393de51ec9fec163,arctan,common,20,0.05,1.36,-0.0007787377182578992,2.1063777805307993e-10,4.0104232835488393e-14,2.0656236518653692e-05,1,0.0,"[0.593268327606626,0.354830154891444,0.05190151750193017]"
v3.3,393de51ec9fec163,arctan,common,20,0.05,1.37,-0.0007578065907636114,2.0945540440964194e-10,4.1807537598984656e-14,2.0607635911204266e-05,1,0.0,"[0.5932529808198318,0.3548318538032529,0.051915165376915276]"
v3.3,393de51ec9fec163,arctan,common,20,0.05,1.3800000000000001,-0.0007370758273385347,1.3432585252437512e-10,4.3533381375466384e-14,2.0558504255840014e-05,1,0.0,"[0.5932376839341522,0.3548335164282706,0.051928799637577065]"
v3.3,393de51ec9fec163,arctan,common,20,0.05,1.3900000000000001,-0.0007165440813551964,1.0578224060586727e-10,4.534624933367792e-14,2.0508856471835023e-05,1,0.0,"[0.5932224371425584,0.3548351433162121,0.05194241954122955]"
v3.3,393de51ec9fec163,arctan,common,20,0.05,1.4,-0.0006962099896788802,1.3095125331319402e-10,4.7208692100075826e-14,2.0458707228782593e-05,1,0.0,"[0.5932072406273323,0.3548367350112079,0.05195602436145978]"
v3.3,393de51ec9fec163,arctan,common,inf,0.0,0.05,-0.0044477335094594075,7.685689584757682e-11,7.705193982742313e-18,0.0,1,0.0,"[0.5952060514993919,0.354247055542506,0.05054689295810217]"
v3.3,393de51ec9fec163,arctan,common,inf,0.0,0.060000000000000005,-0.0044477335094595324,7.685339170615535e-11,7.705193982742313e-18,0.0,1,0.0,"[0.5952060514993919,0.354247055542506,0.05054689295810217]"
v3.3,393de51ec9fec163,arctan,common,inf,0.0,0.07,-0.004447733509459685,7.68488744862239e-11,7.705193982742313e-18,0.0,1,0.0,"[0.5952060514993919,0.354247055542506,0.05054689295810217]"
v3.3,393de51ec9fec163,arctan,common,inf,0.0,0.08,-0.004447733509459539,7.684344827119105e-11,7.705193982742313e-18,0.0,1,0.0,"[0.5952060514993919,0.354247055542506,0.05054689295810217]"
v3.3,393de51ec9fec163,arctan,common,inf,0.0,0.09,-0.004447733509459859,7.683747388353979e-11,7.705193982742313e-18,0.0,1,0.0,"[0.5952060514993919,0.354247055542506,0.05054689295810217]"
v3.3,393de51ec9fec163,arctan,common,inf,0.0,0.1,-0.004447733509459782,7.683066682862005e-11,7.705193982742313e-18,0.0,1,0.0,"[0.5952060514993919,0.354247055542506,0.05054689295810217]"
v3.3,393de51ec9fec163,arctan,common,inf,0.0,0.11,-0.004447733509459831,7.682338099002095e-11,7.705193982742313e-18,0.0,1,0.0,"[0.5952060514993919,0.354247055542506,0.05054689295810217]"
v3.3,393de51ec9fec163,arctan,common,inf,0.0,0.12000000000000001,-0.004447733509459956,7.681525554525948e-11,7.705193982742313e-18,0.0,1,0.0,"[0.5952060514993919,0.354247055542506,0.05054689295810217]"
v3.3,393de51ec9fec163,arctan,common,inf,0.0,0.13,-0.004447733509460122,7.680634600548686e-11,7.705193982742313e-18,0.0,1,0.0,"[0.5952060514993919,0.354247055542506,0.05054689295810217]"
v3.3,393de51ec9fec163,arctan,common,inf,0.0,0.14,-0.004447733509460122,7.679692992645926e-11,7.705193982742313e-18,0.0,1,0.0,"[0.5952060514993919,0.354247055542506,0.05054689295810217]"
v3.3,393de51ec9fec163,arctan,common,inf,0.0,0.15000000000000002,-0.00444773350946033,7.678682689693517e-11,7.705193982742313e-18,0.0,1,0.0,"[0.5952060514993919,0.354247055542506,0.05054689295810217]"
v3.3,393de51ec9fec163,arctan,common,inf,0.0,0.16,-0.004447733509460233,7.677573160558282e-11,7.705193982742313e-18,0.0,1,0.0,"[0.5952060514993919,0.354247055542506,0.05054689295810217]"
v3.3,393de51ec9fec163,arctan,common,inf,0.0,0.16999999999999998,-0.004447733509460539,7.676444896409507e-11,7.705193982742313e-18,0.0,1,0.0,"[0.5952060514993919,0.354247055542506,0.05054689295810217]"
v3.3,393de51ec9fec163,arctan,common,inf,0.0,0.18,-0.004447733509460788,7.67517230326753e-11,7.705193982742313e-18,0.0,1,0.0,"[0.5952060514993919,0.354247055542506,0.05054689295810217]"
v3.3,393de51ec9fec163,arctan,common,inf,0.0,0.19,-0.004447733509460802,7.673906649019457e-11,7.705193982742313e-18,0.0,1,0.0,"[0.5952060514993919,0.354247055542506,0.05054689295810217]"
v3.3,393de51ec9fec163,arctan,common,inf,0.0,0.2,-0.00444773350946108,7.672492502441841e-11,7.705193982742313e-18,0.0,1,0.0,"[0.5952060514993919,0.354247055542506,0.05054689295810217]"
v3.3,393de51ec9fec163,arctan,common,inf,0.0,0.21000000000000002,-0.004447733509461184,7.671027008049336e-11,7.705193982742313e-18,0.0,1,0.0,"[0.5952060514993919,0.354247055542506,0.05054689295810217]"
v3.3,393de51ec9fec163,arctan,common,inf,0.0,0.22000000000000003,-0.004447733509461399,7.669514329178284e-11,7.705193982742313e-18,0.0,1,0.0,"[0.5952060514993919,0.354247055542506,0.05054689295810217]"
v3.3,393de51ec9fec163,arctan,common,inf,0.0,0.22999999999999998,-0.004447733509461448,7.667941975819659e-11,7.705193982742313e-18,0.0,1,0.0,"[0.5952060514993919,0.354247055542506,0.05054689295810217]"
v3.3,393de51ec9fec163,arctan,common,inf,0.0,0.24,-0.004447733509461697,7.666297457964433e-11,7.705193982742313e-18,0.0,1,0.0,"[0.5952060514993919,0.354247055542506,0.05054689295810217]"
v3.3,393de51ec9fec163,arctan,common,inf,0.0,0.25,-0.0044477335094620235,7.664548162811258e-11,7.705193982742313e-18,0.0,1,0.0,"[0.5952060514993919,0.354247055542506,0.05054689295810217]"
v3.3,393de51ec9fec163,arctan,common,inf,0.0,0.26,-0.004447733509462121,7.662755846515878e-11,7.705193982742313e-18,0.0,1,0.0,"[0.5952060514993919,0.354247055542506,0.05054689295810217]"
v3.3,393de51ec9fec163,arctan,common,inf,0.0,0.27,-0.0044477335094621415,7.660866385705845e-11,7.705193982742313e-18,0.0,1,0.0,"[0.5952060514993919,0.354247055542506,0.05054689295810217]"
v3.3,393de51ec9fec163,arctan,common,inf,0.0,0.28,-0.004447733509462627,7.658943618205072e-11,7.705193982742313e-18,0.0,1,0.0,"[0.5952060514993919,0.354247055542506,0.05054689295810217]"
v3.3,393de51ec9fec163,arctan,common,inf,0.0,0.29,-0.004447733509462835,7.656964645663678e-11,7.705193982742313e-18,0.0,1,0.0,"[0.5952060514993919,0.354247055542506,0.05054689295810217]"
v3.3,393de51ec9fec163,arctan,common,inf,0.0,0.3,-0.0044477335094631615,7.654840650239692e-11,7.705193982742313e-18,0.0,1,0.0,"[0.5952060514993919,0.354247055542506,0.05054689295810217]"
v3.3,393de51ec9fec163,arctan,common,inf,0.0,0.31,-0.004447733509463078,7.652720818152048e-11,7.705193982742313e-18,0.0,1,0.0,"[0.5952060514993919,0.354247055542506,0.05054689295810217]"
v3.3,393de51ec9fec163,arctan,common,inf,0.0,0.32,-0.004447733509463488,7.650493433208894e-11,7.705193982742313e-18,0.0,1,0.0,"[0.5952060514993919,0.354247055542506,0.05054689295810217]"
v3.3,393de51ec9fec163,arctan,common,inf,0.0,0.33,-0.004447733509463779,7.64817931209194e-11,7.705193982742313e-18,0.0,1,0.0,"[0.5952060514993919,0.354247055542506,0.05054689295810217]"
v3.3,393de51ec9fec163,arctan,common,inf,0.0,0.33999999999999997,-0.0044477335094641746,7.645808292044975e-11,7.705193982742313e-18,0.0,1,0.0,"[0.5952060514993919,0.354247055542506,0.05054689295810217]"
v3.3,393de51ec9fec163,arctan,common,inf,0.0,0.35,-0.004447733509464258,7.643388005851293e-11,7.705193982742313e-18,0.0,1,0.0,"[0.5952060514993919,0.354247055542506,0.05054689295810217]"
v3.3,393de51ec9fec163,arctan,common,inf,0.0,0.36,-0.004447733509464549,7.640903881833694e-11,7.705193982742313e-18,0.0,1,0.0,"[0.5952060514993919,0.354247055542506,0.05054689295810217]"
v3.3,393de51ec9fec163,arctan,common,inf,0.0,0.37,-0.004447733509464848,7.638305959956071e-11,7.705193982742313e-18,0.0,1,0.0,"[0.5952060514993919,0.354247055542506,0.05054689295810217]"
v3.3,393de51ec9fec163,arctan,common,inf,0.0,0.38,-0.004447733509465077,7.635653220816607e-11,7.705193982742313e-18,0.0,1,0.0,"[0.5952060514993919,0.354247055542506,0.05054689295810217]"
v3.3,393de51ec9fec163,arctan,common,inf,0.0,0.39,-0.004447733509465299,7.632932480516885e-11,7.705193982742313e-18,0.0,1,0.0,"[0.5952060514993919,0.354247055542506,0.05054689295810217]"
v3.3,393de51ec9fec163,arctan,common,inf,0.0,0.4,-0.004447733509465632,7.630143739056905e-11,7.705193982742313e-18,0.0,1,0.0,"[0.5952060514993919,0.354247055542506,0.05054689295810217]"
v3.3,393de51ec9fec163,arctan,common,inf,0.0,0.41,-0.004447733509465972,7.62729393533057e-11,7.705193982742313e-18,0.0,1,0.0,"[0.5952060514993919,0.354247055542506,0.05054689295810217]"
v3.3,393de51ec9fec163,arctan,common,inf,0.0,0.42,-0.004447733509466381,7.624375436554587e-11,7.705193982742313e-18,0.0,1,0.0,"[0.5952060514993919,0.354247055542506,0.05054689295810217]"
v3.3,393de51ec9fec163,arctan,common,inf,0.0,0.43,-0.004447733509466881,7.621384079392612e-11,7.705193982742313e-18,0.0,1,0.0,"[0.5952060514993919,0.354247055542506,0.05054689295810217]"
v3.3,393de51ec9fec163,arctan,common,inf,0.0,0.44,-0.004447733509466992,7.618319169955257e-11,7.705193982742313e-18,0.0,1,0.0,"[0.5952060514993919,0.354247055542506,0.05054689295810217]"
v3.3,393de51ec9fec163,arctan,common,inf,0.0,0.45,-0.0044477335094673595,7.615184177689471e-11,7.705193982742313e-18,0.0,1,0.0,"[0.5952060514993919,0.354247055542506,0.05054689295810217]"
v3.3,393de51ec9fec163,arctan,common,inf,0.0,0.46,-0.0044477335094680465,7.611938857010614e-11,7.705193982742313e-18,0.0,1,0.0,"[0.5952060514993919,0.354247055542506,0.05054689295810217]"
v3.3,393de51ec9fec163,arctan,common,inf,0.0,0.47,-0.004447733509468171,7.608676189096997e-11,7.705193982742313e-18,0.0,1,0.0,"[0.5952060514993919,0.354247055542506,0.05054689295810217]"
v3.3,393de51ec9fec163,arctan,common,inf,0.0,0.48,-0.004447733509468449,7.605298335544575e-11,7.705193982742313e-18,0.0,1,0.0,"[0.5952060514993919,0.354247055542506,0.05054689295810217]"
v3.3,393de51ec9fec163,arctan,common,inf,0.0,0.49,-0.004447733509469053,7.60189758364227e-11,7.705193982742314e-18,0.0,1,0.0,"[0.5952060514993919,0.354247055542506,0.05054689295810217]"
v3.3,393de51ec9fec163,arctan,common,inf,0.0,0.5,-0.004447733509469469,7.598439238920562e-11,7.705193982742313e-18,0.0,1,0.0,"[0.5952060514993919,0.354247055542506,0.05054689295810217]"
v3.3,393de51ec9fec163,arctan,common,inf,0.0,0.51,-0.004447733509469823,7.594842116320777e-11,7.705193982742313e-18,0.0,1,0.0,"[0.5952060514993919,0.354247055542506,0.05054689295810217]"
v3.3,393de51ec9fec163,arctan,common,inf,0.0,0.52,-0.004447733509470322,7.591212380919643e-11,7.705193982742313e-18,0.0,1,0.0,"[0.5952060514993919,0.354247055542506,0.05054689295810217]"
v3.3,393de51ec9fec163,arctan,common,inf,0.0,0.53,-0.004447733509470593,7.587488276561416e-11,7.705193982742313e-18,0.0,1,0.0,"[0.5952060514993919,0.354247055542506,0.05054689295810217]"
v3.3,393de51ec9fec163,arctan,common,inf,0.0,0.54,-0.004447733509471051,7.583732947180621e-11,7.705193982742313e-18,0.0,1,0.0,"[0.5952060514993919,0.354247055542506,0.05054689295810217]"
v3.3,393de51ec9fec163,arctan,common,inf,0.0,0.55,-0.004447733509471412,7.579901983856274e-11,7.705193982742313e-18,0.0,1,0.0,"[0.5952060514993919,0.354247055542506,0.05054689295810217]"
v3.3,393de51ec9fec163,arctan,common,inf,0.0,0.56,-0.004447733509471828,7.575976651574834e-11,7.705193982742313e-18,0.0,1,0.0,"[0.5952060514993919,0.354247055542506,0.05054689295810217]"
v3.3,393de51ec9fec163,arctan,common,inf,0.0,0.5700000000000001,-0.004447733509472383,7.571993726473991e-11,7.705193982742313e-18,0.0,1,0.0,"[0.5952060514993919,0.354247055542506,0.05054689295810217]"
v3.3,393de51ec9fec163,arctan,common,inf,0.0,0.5800000000000001,-0.004447733509472959,7.567917820194836e-11,7.705193982742313e-18,0.0,1,0.0,"[0.5952060514993919,0.354247055542506,0.05054689295810217]"
v3.3,393de51ec9fec163,arctan,common,inf,0.0,0.5900000000000001,-0.004447733509473202,7.563775300534203e-11,7.705193982742313e-18,0.0,1,0.0,"[0.5952060514993919,0.354247055542506,0.05054689295810217]"
v3.3,393de51ec9fec163,arctan,common,inf,0.0,0.6000000000000001,-0.004447733509473931,7.55959531084649e-11,7.705193982742313e-18,0.0,1,0.0,"[0.5952060514993919,0.354247055542506,0.05054689295810217]"
v3.3,393de51ec9fec163,arctan,common,inf,0.0,0.6100000000000001,-0.004447733509474139,7.555341768883395e-11,7.705193982742313e-18,0.0,1,0.0,"[0.5952060514993919,0.354247055542506,0.05054689295810217]"
v3.3,393de51ec9fec163,arctan,common,inf,0.0,0.6200000000000001,-0.004447733509474833,7.551010511308576e-11,7.705193982742313e-18,0.0,1,0.0,"[0.5952060514993919,0.354247055542506,0.05054689295810217]"
v3.3,393de51ec9fec163,arctan,common,inf,0.0,0.63,-0.004447733509475221,7.546580027550931e-11,7.705193982742313e-18,0.0,1,0.0,"[0.5952060514993919,0.354247055542506,0.05054689295810217]"
v3.3,393de51ec9fec163,arctan,common,inf,0.0,0.64,-0.004447733509475818,7.542117624881328e-11,7.705193982742313e-18,0.0,1,0.0,"[0.5952060514993919,0.354247055542506,0.05054689295810217]"
v3.3,393de51ec9fec163,arctan,common,inf,0.0,0.65,-0.004447733509513024,7.541212793116259e-11,7.705193982742313e-18,0.0,1,0.0,"[0.5952060514993919,0.354247055542506,0.05054689295810217]"
v3.3,393de51ec9fec163,arctan,common,inf,0.0,0.66,-0.0044477335095647885,7.541779700748208e-11,7.705193982742313e-18,0.0,1,0.0,"[0.5952060514993919,0.354247055542506,0.05054689295810217]"
v3.3,393de51ec9fec163,arctan,common,inf,0.0,0.67,-0.004447733509617857,7.542292485007707e-11,7.705193982742313e-18,0.0,1,0.0,"[0.5952060514993919,0.354247055542506,0.05054689295810217]"
v3.3,393de51ec9fec163,arctan,common,inf,0.0,0.68,-0.004447733509671127,7.542860086529046e-11,7.705193982742313e-18,0.0,1,0.0,"[0.5952060514993919,0.354247055542506,0.05054689295810217]"
v3.3,393de51ec9fec163,arctan,common,inf,0.0,0.6900000000000001,-0.00444773350972557,7.543377728014278e-11,7.705193982742313e-18,0.0,1,0.0,"[0.5952060514993919,0.354247055542506,0.05054689295810217]"
v3.3,393de51ec9fec163,arctan,common,inf,0.0,0.7000000000000001,-0.004447733509780796,7.543944635646227e-11,7.705193982742313e-18,0.0,1,0.0,"[0.5952060514993919,0.354247055542506,0.05054689295810217]"
v3.3,393de51ec9fec163,arctan,common,inf,0.0,0.7100000000000001,-0.0044477335098367515,7.544510849388786e-11,7.705193982742313e-18,0.0,1,0.0,"[0.5952060514993919,0.354247055542506,0.05054689295810217]"
v3.3,393de51ec9fec163,arctan,common,inf,0.0,0.7200000000000001,-0.004447733509893553,7.545066654790489e-11,7.705193982742313e-18,0.0,1,0.0,"[0.5952060514993919,0.354247055542506,0.05054689295810217]"
v3.3,393de51ec9fec163,arctan,common,inf,0.0,0.7300000000000001,-0.004447733509951091,7.545664093555615e-11,7.705193982742313e-18,0.0,1,0.0,"[0.5952060514993919,0.354247055542506,0.05054689295810217]"
v3.3,393de51ec9fec163,arctan,common,inf,0.0,0.7400000000000001,-0.004447733510009377,7.546252511758667e-11,7.705193982742313e-18,0.0,1,0.0,"[0.5952060514993919,0.354247055542506,0.05054689295810217]"
v3.3,393de51ec9fec163,arctan,common,inf,0.0,0.7500000000000001,-0.004447733510068601,7.546831215510252e-11,7.705193982742313e-18,0.0,1,0.0,"[0.5952060514993919,0.354247055542506,0.05054689295810217]"
v3.3,393de51ec9fec163,arctan,common,inf,0.0,0.76,-0.004447733510128546,7.547453634293433e-11,7.705193982742313e-18,0.0,1,0.0,"[0.5952060514993919,0.354247055542506,0.05054689295810217]"
v3.3,393de51ec9fec163,arctan,common,inf,0.0,0.77,-0.004447733510189053,7.548098257537106e-11,7.705193982742313e-18,0.0,1,0.0,"[0.5952060514993919,0.354247055542506,0.05054689295810217]"
v3.3,393de51ec9fec163,arctan,common,inf,0.0,0.78,-0.004447733510250698,7.548714431315773e-11,7.705193982742313e-18,0.0,1,0.0,"[0.5952060514993919,0.354247055542506,0.05054689295810217]"
v3.3,393de51ec9fec163,arctan,common,inf,0.0,0.79,-0.004447733510312954,7.549308400633947e-11,7.705193982742313e-18,0.0,1,0.0,"[0.5952060514993919,0.354247055542506,0.05054689295810217]"
v3.3,393de51ec9fec163,arctan,common,inf,0.0,0.8,-0.004447733510376216,7.549927349970176e-11,7.705193982742313e-18,0.0,1,0.0,"[0.5952060514993919,0.354247055542506,0.05054689295810217]"
v3.3,393de51ec9fec163,arctan,common,inf,0.0,0.81,-0.004447733510440165,7.550623321028738e-11,7.705193982742314e-18,0.0,1,0.0,"[0.5952060514993919,0.354247055542506,0.05054689295810217]"
v3.3,393de51ec9fec163,arctan,common,inf,0.0,0.8200000000000001,-0.004447733510504925,7.551286679285951e-11,7.705193982742313e-18,0.0,1,0.0,"[0.5952060514993919,0.354247055542506,0.05054689295810217]"
v3.3,393de51ec9fec163,arctan,common,inf,0.0,0.8300000000000001,-0.004447733510570338,7.551925057525111e-11,7.705193982742313e-18,0.0,1,0.0,"[0.5952060514993919,0.354247055542506,0.05054689295810217]"
v3.3,393de51ec9fec163,arctan,common,inf,0.0,0.8400000000000001,-0.00444773351063648,7.552569680768784e-11,7.705193982742313e-18,0.0,1,0.0,"[0.5952060514993919,0.354247055542506,0.05054689295810217]"
v3.3,393de51ec9fec163,arctan,common,inf,0.0,0.8500000000000001,-0.00444773351070385,7.553245529035024e-11,7.705193982742313e-18,0.0,1,0.0,"[0.5952060514993919,0.354247055542506,0.05054689295810217]"
v3.3,393de51ec9fec163,arctan,common,inf,0.0,0.8600000000000001,-0.00444773351077158,7.553960235107127e-11,7.705193982742313e-18,0.0,1,0.0,"[0.5952060514993919,0.354247055542506,0.05054689295810217]"
v3.3,393de51ec9fec163,arctan,common,inf,0.0,0.8700000000000001,-0.00444773351084015,7.554611797244704e-11,7.705193982742313e-18,0.0,1,0.0,"[0.5952060514993919,0.354247055542506,0.05054689295810217]"
v3.3,393de51ec9fec163,arctan,common,inf,0.0,0.8800000000000001,-0.004447733510909553,7.555356340560593e-11,7.705193982742313e-18,0.0,1,0.0,"[0.5952060514993919,0.354247055542506,0.05054689295810217]"
v3.3,393de51ec9fec163,arctan,common,inf,0.0,0.89,-0.004447733510979705,7.556074516079647e-11,7.705193982742313e-18,0.0,1,0.0,"[0.5952060514993919,0.354247055542506,0.05054689295810217]"
v3.3,393de51ec9fec163,arctan,common,inf,0.0,0.9,-0.0044477335110507735,7.556785752704798e-11,7.705193982742313e-18,0.0,1,0.0,"[0.5952060514993919,0.354247055542506,0.05054689295810217]"
v3.3,393de51ec9fec163,arctan,common,inf,0.0,0.91,-0.00444773351112257,7.557510173228366e-11,7.705193982742313e-18,0.0,1,0.0,"[0.5952060514993919,0.354247055542506,0.05054689295810217]"
v3.3,393de51ec9fec163,arctan,common,inf,0.0,0.92,-0.004447733511195172,7.558262349327549e-11,7.705193982742313e-18,0.0,1,0.0,"[0.5952060514993919,0.354247055542506,0.05054689295810217]"
v3.3,393de51ec9fec163,arctan,common,inf,0.0,0.93,-0.004447733511268849,7.559018688763075e-11,7.705193982742313e-18,0.0,1,0.0,"[0.5952060514993919,0.354247055542506,0.05054689295810217]"
v3.3,393de51ec9fec163,arctan,common,inf,0.0,0.9400000000000001,-0.00444773351134304,7.559711884264075e-11,7.705193982742313e-18,0.0,1,0.0,"[0.5952060514993919,0.354247055542506,0.05054689295810217]"
v3.3,393de51ec9fec163,arctan,common,inf,0.0,0.9500000000000001,-0.004447733511418063,7.560469611478382e-11,7.705193982742313e-18,0.0,1,0.0,"[0.5952060514993919,0.354247055542506,0.05054689295810217]"
v3.3,393de51ec9fec163,arctan,common,inf,0.0,0.9600000000000001,-0.0044477335114935165,7.561243298148668e-11,7.705193982742313e-18,0.0,1,0.0,"[0.5952060514993919,0.354247055542506,0.05054689295810217]"
v3.3,393de51ec9fec163,arctan,common,inf,0.0,0.9700000000000001,-0.004447733511570157,7.562007270367488e-11,7.705193982742313e-18,0.0,1,0.0,"[0.5952060514993919,0.354247055542506,0.05054689295810217]"
v3.3,393de51ec9fec163,arctan,common,inf,0.0,0.9800000000000001,-0.004447733511647761,7.562817039286074e-11,7.705193982742313e-18,0.0,1,0.0,"[0.5952060514993919,0.354247055542506,0.05054689295810217]"
v3.3,393de51ec9fec163,arctan,common,inf,0.0,0.9900000000000001,-0.004447733511725976,7.563601134297215e-11,7.705193982742313e-18,0.0,1,0.0,"[0.5952060514993919,0.354247055542506,0.05054689295810217]"
v3.3,393de51ec9fec163,arctan,common,inf,0.0,1.0,-0.004447733511804927,7.564401188764336e-11,7.705193982742313e-18,0.0,1,0.0,"[0.5952060514993919,0.354247055542506,0.05054689295810217]"
v3.3,393de51ec9fec163,arctan,common,inf,0.0,1.01,-0.004447733511884766,7.565221366023778e-11,7.705193982742313e-18,0.0,1,0.0,"[0.5952060514993919,0.354247055542506,0.05054689295810217]"
v3.3,393de51ec9fec163,arctan,common,inf,0.0,1.02,-0.004447733511965181,7.566005461034919e-11,7.705193982742313e-18,0.0,1,0.0,"[0.5952060514993919,0.354247055542506,0.05054689295810217]"
v3.3,393de51ec9fec163,arctan,common,inf,0.0,1.03,-0.004447733512046775,7.566839516082169e-11,7.705193982742313e-18,0.0,1,0.0,"[0.5952060514993919,0.354247055542506,0.05054689295810217]"
v3.3,393de51ec9fec163,arctan,common,inf,0.0,1.04,-0.004447733512128842,7.567679816133932e-11,7.705193982742313e-18,0.0,1,0.0,"[0.5952060514993919,0.354247055542506,0.05054689295810217]"
v3.3,393de51ec9fec163,arctan,common,inf,0.0,1.05,-0.004447733512211956,7.568504850619107e-11,7.705193982742313e-18,0.0,1,0.0,"[0.5952060514993919,0.354247055542506,0.05054689295810217]"
v3.3,393de51ec9fec163,arctan,common,inf,0.0,1.06,-0.004447733512295396,7.569370130688924e-11,7.705193982742313e-18,0.0,1,0.0,"[0.5952060514993919,0.354247055542506,0.05054689295810217]"
v3.3,393de51ec9fec163,arctan,common,inf,0.0,1.07,-0.004447733512380078,7.570226390196666e-11,7.705193982742313e-18,0.0,1,0.0,"[0.5952060514993919,0.354247055542506,0.05054689295810217]"
v3.3,393de51ec9fec163,arctan,common,inf,0.0,1.08,-0.004447733512465371,7.571056281907573e-11,7.705193982742313e-18,0.0,1,0.0,"[0.5952060514993919,0.354247055542506,0.05054689295810217]"
v3.3,393de51ec9fec163,arctan,common,inf,0.0,1.09,-0.004447733512551594,7.571970828124108e-11,7.705193982742313e-18,0.0,1,0.0,"[0.5952060514993919,0.354247055542506,0.05054689295810217]"
v3.3,393de51ec9fec163,arctan,common,inf,0.0,1.1,-0.0044477335126383855,7.572813903733433e-11,7.705193982742313e-18,0.0,1,0.0,"[0.5952060514993919,0.354247055542506,0.05054689295810217]"
v3.3,393de51ec9fec163,arctan,common,inf,0.0,1.11,-0.004447733512726183,7.573741633848385e-11,7.705193982742313e-18,0.0,1,0.0,"[0.5952060514993919,0.354247055542506,0.05054689295810217]"
v3.3,393de51ec9fec163,arctan,common,inf,0.0,1.12,-0.004447733512814522,7.574627036710524e-11,7.705193982742313e-18,0.0,1,0.0,"[0.5952060514993919,0.354247055542506,0.05054689295810217]"
v3.3,393de51ec9fec163,arctan,common,inf,0.0,1.1300000000000001,-0.004447733512903965,7.575493010669732e-11,7.705193982742313e-18,0.0,1,0.0,"[0.5952060514993919,0.354247055542506,0.05054689295810217]"
v3.3,393de51ec9fec163,arctan,common,inf,0.0,1.1400000000000001,-0.004447733512993955,7.576415883558951e-11,7.705193982742313e-18,0.0,1,0.0,"[0.5952060514993919,0.354247055542506,0.05054689295810217]"
v3.3,393de51ec9fec163,arctan,common,inf,0.0,1.1500000000000001,-0.004447733513085091,7.577365124245006e-11,7.705193982742313e-18,0.0,1,0.0,"[0.5952060514993919,0.354247055542506,0.05054689295810217]"
v3.3,393de51ec9fec163,arctan,common,inf,0.0,1.1600000000000001,-0.004447733513176316,7.578269956010075e-11,7.705193982742313e-18,0.0,1,0.0,"[0.5952060514993919,0.354247055542506,0.05054689295810217]"
v3.3,393de51ec9fec163,arctan,common,inf,0.0,1.1700000000000002,-0.00444773351326911,7.579210176134055e-11,7.705193982742313e-18,0.0,1,0.0,"[0.5952060514993919,0.354247055542506,0.05054689295810217]"
v3.3,393de51ec9fec163,arctan,common,inf,0.0,1.1800000000000002,-0.004447733513362431,7.580141375695959e-11,7.705193982742313e-18,0.0,1,0.0,"[0.5952060514993919,0.354247055542506,0.05054689295810217]"
v3.3,393de51ec9fec163,arctan,common,inf,0.0,1.1900000000000002,-0.004447733513456419,7.581082983598719e-11,7.705193982742313e-18,0.0,1,0.0,"[0.5952060514993919,0.354247055542506,0.05054689295810217]"
v3.3,393de51ec9fec163,arctan,common,inf,0.0,1.2000000000000002,-0.004447733513551266,7.582068306533074e-11,7.705193982742313e-18,0.0,1,0.0,"[0.5952060514993919,0.354247055542506,0.05054689295810217]"
v3.3,393de51ec9fec163,arctan,common,inf,0.0,1.21,-0.0044477335136469676,7.583022404444861e-11,7.705193982742313e-18,0.0,1,0.0,"[0.5952060514993919,0.354247055542506,0.05054689295810217]"
v3.3,393de51ec9fec163,arctan,common,inf,0.0,1.22,-0.004447733513743314,7.583995237370189e-11,7.705193982742313e-18,0.0,1,0.0,"[0.5952060514993919,0.354247055542506,0.05054689295810217]"
v3.3,393de51ec9fec163,arctan,common,inf,0.0,1.23,-0.004447733513840611,7.584977784746982e-11,7.705193982742313e-18,0.0,1,0.0,"[0.5952060514993919,0.354247055542506,0.05054689295810217]"
v3.3,393de51ec9fec163,arctan,common,inf,0.0,1.24,-0.004447733513938658,7.585942984889016e-11,7.705193982742313e-18,0.0,1,0.0,"[0.5952060514993919,0.354247055542506,0.05054689295810217]"
v3.3,393de51ec9fec163,arctan,common,inf,0.0,1.25,-0.004447733514037308,7.586972022854965e-11,7.705193982742313e-18,0.0,1,0.0,"[0.5952060514993919,0.354247055542506,0.05054689295810217]"
v3.3,393de51ec9fec163,arctan,common,inf,0.0,1.26,-0.00444773351413702,7.587953182452978e-11,7.705193982742313e-18,0.0,1,0.0,"[0.5952060514993919,0.354247055542506,0.05054689295810217]"
v3.3,393de51ec9fec163,arctan,common,inf,0.0,1.27,-0.004447733514237398,7.589008588215762e-11,7.705193982742313e-18,0.0,1,0.0,"[0.5952060514993919,0.354247055542506,0.05054689295810217]"
v3.3,393de51ec9fec163,arctan,common,inf,0.0,1.28,-0.004447733514338803,7.590009870606096e-11,7.705193982742313e-18,0.0,1,0.0,"[0.5952060514993919,0.354247055542506,0.05054689295810217]"
v3.3,393de51ec9fec163,arctan,common,inf,0.0,1.29,-0.004447733514440631,7.591061113032538e-11,7.705193982742313e-18,0.0,1,0.0,"[0.5952060514993919,0.354247055542506,0.05054689295810217]"
v3.3,393de51ec9fec163,arctan,common,inf,0.0,1.3,-0.004447733514543313,7.592050599303235e-11,7.705193982742313e-18,0.0,1,0.0,"[0.5952060514993919,0.354247055542506,0.05054689295810217]"
v3.3,393de51ec9fec163,arctan,common,inf,0.0,1.31,-0.004447733514647029,7.593120576743217e-11,7.705193982742313e-18,0.0,1,0.0,"[0.5952060514993919,0.354247055542506,0.05054689295810217]"
v3.3,393de51ec9fec163,arctan,common,inf,0.0,1.32,-0.004447733514751438,7.594200268634665e-11,7.705193982742313e-18,0.0,1,0.0,"[0.5952060514993919,0.354247055542506,0.05054689295810217]"
v3.3,393de51ec9fec163,arctan,common,inf,0.0,1.33,-0.004447733514856618,7.595249429392936e-11,7.705193982742313e-18,0.0,1,0.0,"[0.5952060514993919,0.354247055542506,0.05054689295810217]"
v3.3,393de51ec9fec163,arctan,common,inf,0.0,1.34,-0.004447733514962554,7.596326345726823e-11,7.705193982742313e-18,0.0,1,0.0,"[0.5952060514993919,0.354247055542506,0.05054689295810217]"
v3.3,393de51ec9fec163,arctan,common,inf,0.0,1.35,-0.004447733515069156,7.597390772051682e-11,7.705193982742313e-18,0.0,1,0.0,"[0.5952060514993919,0.354247055542506,0.05054689295810217]"
v3.3,393de51ec9fec163,arctan,common,inf,0.0,1.36,-0.004447733515177063,7.598481566173376e-11,7.705193982742313e-18,0.0,1,0.0,"[0.5952060514993919,0.354247055542506,0.05054689295810217]"
v3.3,393de51ec9fec163,arctan,common,inf,0.0,1.37,-0.004447733515285282,7.599586931972269e-11,7.705193982742313e-18,0.0,1,0.0,"[0.5952060514993919,0.354247055542506,0.05054689295810217]"
v3.3,393de51ec9fec163,arctan,common,inf,0.0,1.3800000000000001,-0.0044477335153945,7.600687440545428e-11,7.705193982742313e-18,0.0,1,0.0,"[0.5952060514993919,0.354247055542506,0.05054689295810217]"
v3.3,393de51ec9fec163,arctan,common,inf,0.0,1.3900000000000001,-0.0044477335155041,7.601840684712258e-11,7.705193982742313e-18,0.0,1,0.0,"[0.5952060514993919,0.354247055542506,0.05054689295810217]"
v3.3,393de51ec9fec163,arctan,common,inf,0.0,1.4,-0.00444773351561497,7.60290996826285e-11,7.705193982742313e-18,0.0,1,0.0,"[0.5952060514993919,0.354247055542506,0.05054689295810217]"
