schema_version,config_hash,kernel,sampling_mode,m,inverse_m,beta,valid,residual_l2,max_real_eigenvalue,jacobian_step_spread,equilibrium
v3.3,315b8c39022042af,fermi,independent,1,1.0,0.05,1,5.896566511236518e-14,-0.004319852269232309,2.164314699681924e-10,"[0.5948052257085417,0.35456627475877134,0.050628499532687055]"
v3.3,315b8c39022042af,fermi,independent,1,1.0,0.1,1,1.8945329937135188e-10,-0.00393987369671471,2.3163621021282665e-10,"[0.5936148180715749,0.3555135359314583,0.05087164599696681]"
v3.3,315b8c39022042af,fermi,independent,1,1.0,0.15,1,4.3216022664248196e-11,-0.0033192857440837373,1.8871698648226243e-10,"[0.5916697586061304,0.3570586481029602,0.051271593290909544]"
v3.3,315b8c39022042af,fermi,independent,1,1.0,0.2,1,5.755341735688754e-13,-0.002478287964066836,1.4723506441827183e-10,"[0.5890244361710779,0.3591542942898694,0.05182126953905269]"
v3.3,315b8c39022042af,fermi,independent,1,1.0,0.25,1,2.573529906885406e-12,-0.0014457580608016121,1.2822284900515513e-10,"[0.5857481428334619,0.361739659980499,0.052512197186039035]"
v3.3,315b8c39022042af,fermi,independent,1,1.0,0.3,1,2.5057663561096456e-11,-0.0002575367478331661,1.543496719325077e-10,"[0.5819203609076976,0.36474429391407254,0.053335345178229854]"
v3.3,315b8c39022042af,fermi,independent,1,1.0,0.35,1,6.7038399669558214e-12,0.0010467417541043245,7.291021258959418e-11,"[0.5776264762840566,0.3680917824269152,0.05428174128902818]"
v3.3,315b8c39022042af,fermi,independent,1,1.0,0.4,1,1.0670628595985854e-11,0.0024273094799978773,1.3519985131438261e-10,"[0.5729541062779142,0.3717030859518035,0.05534280777028225]"
v3.3,315b8c39022042af,fermi,independent,1,1.0,0.45,1,1.536315529331528e-11,0.0038474300314006588,2.0623587559942536e-10,"[0.567990013864113,0.37549951341271004,0.05651047272317707]"
v3.3,315b8c39022042af,fermi,independent,1,1.0,0.5,1,2.0461390315005002e-11,0.005275496485390517,1.2010693828390373e-10,"[0.562817550524239,0.3794053078703818,0.057777141605379216]"
v3.3,315b8c39022042af,fermi,independent,1,1.0,0.55,1,2.6692599902210897e-12,0.0066859769640743895,1.201884147761234e-10,"[0.5575146039399579,0.38334979003147546,0.05913560602856665]"
v3.3,315b8c39022042af,fermi,independent,1,1.0,0.6,1,1.4359724397791942e-12,0.00805942997542609,1.0929208926757639e-10,"[0.5521520575482801,0.3872689998063083,0.06057894264541149]"
v3.3,315b8c39022042af,fermi,independent,1,1.0,0.65,1,6.9099826825654e-13,0.00938192398416643,1.6735583058258285e-10,"[0.546792762732842,0.3911068067340615,0.06210043053309632]"
v3.3,315b8c39022042af,fermi,independent,1,1.0,0.7,1,3.098861254779355e-13,0.01064416466498136,5.974839720201963e-11,"[0.5414910001720119,0.39481550264006304,0.06369349718792518]"
v3.3,315b8c39022042af,fermi,independent,1,1.0,0.75,1,1.1803340265788761e-13,0.011840553032416174,5.992917273545117e-11,"[0.536292374045796,0.398355933212042,0.06535169274216202]"
v3.3,315b8c39022042af,fermi,independent,1,1.0,0.8,1,4.6271714876034966e-14,0.012968306920575143,1.9242773346972442e-10,"[0.5312340615373796,0.40169725155894354,0.06706868690367677]"
v3.3,315b8c39022042af,fermi,independent,1,1.0,0.85,1,2.7155957478549992e-14,0.014026709585790859,9.093738262411222e-11,"[0.5263453297769003,0.40481638847882323,0.0688382817442765]"
v3.3,315b8c39022042af,fermi,independent,1,1.0,0.9,1,2.2963572607572394e-14,0.01501650334616279,5.073161335467091e-11,"[0.5216482339639084,0.40769733211447723,0.07065443392161445]"
v3.3,315b8c39022042af,fermi,independent,1,1.0,0.95,1,1.896369451758323e-14,0.015939420684021176,1.0045139720027407e-10,"[0.5171584198995366,0.4103302989397382,0.07251128116072515]"
v3.3,315b8c39022042af,fermi,independent,1,1.0,1.0,1,1.5321016762540493e-14,0.01679783349741865,9.356665789383989e-11,"[0.5128859678520278,0.4127108629383635,0.07440316920960881]"
v3.3,315b8c39022042af,fermi,independent,1,1.0,1.05,1,1.2154311581151286e-14,0.01759449785263549,6.917211595180994e-11,"[0.5088362295474401,0.4148390937213256,0.07632467673123429]"
v3.3,315b8c39022042af,fermi,independent,1,1.0,1.1,1,1.255465100389172e-13,0.018332372762860618,1.0343283521341284e-10,"[0.505010624110857,0.41671873929326314,0.07827063659587997]"
v3.3,315b8c39022042af,fermi,independent,1,1.0,1.15,1,1.9545646378524302e-13,0.019014494536548892,4.2247642884074565e-11,"[0.5014073708781756,0.41835647633581174,0.08023615278601269]"
v3.3,315b8c39022042af,fermi,independent,1,1.0,1.2,1,1.0936501844741263e-12,0.019643891899769634,2.818894423439744e-12,"[0.4980221467446008,0.4197612406033357,0.08221661265206348]"
v3.3,315b8c39022042af,fermi,independent,1,1.0,1.25,1,2.8965969082541096e-12,0.020223530303143635,1.0968413677314715e-11,"[0.4948486630777918,0.4209436423079052,0.08420769461430302]"
v3.3,315b8c39022042af,fermi,independent,1,1.0,1.3,1,5.8057793357887216e-12,0.020756276946421064,3.632139727871575e-12,"[0.4918791625449818,0.42191546583305833,0.08620537162195997]"
v3.3,315b8c39022042af,fermi,independent,1,1.0,1.35,1,8.893441684856985e-12,0.021244880067274492,1.806981647645145e-12,"[0.4891048397072409,0.4226892494789229,0.08820591081383626]"
v3.3,315b8c39022042af,fermi,independent,1,1.0,1.4,1,1.62765580951231e-15,0.021691958032472387,1.2830257689611102e-12,"[0.4865161913958684,0.42327793871632213,0.09020586988780942]"
v3.3,315b8c39022042af,fermi,independent,2,0.5,0.05,1,2.5546173410288425e-16,-0.004397125408713329,1.4752778165760816e-10,"[0.5951059608324729,0.3543267343866671,0.05056730478085996]"
v3.3,315b8c39022042af,fermi,independent,2,0.5,0.1,1,2.0697508195402906e-10,-0.004247854260982835,1.4616916010901093e-10,"[0.5948100843467523,0.3545616772140578,0.05062823843918994]"
v3.3,315b8c39022042af,fermi,independent,2,0.5,0.15,1,2.6700474196500496e-15,-0.004007451778567907,7.202238111458925e-11,"[0.5943311920204265,0.3549399878394436,0.05072882014013003]"
v3.3,315b8c39022042af,fermi,independent,2,0.5,0.2,1,4.563397206106498e-14,-0.003688052468730607,2.1852514242581833e-10,"[0.5936892759305478,0.3554430345595181,0.05086768950993418]"
v3.3,315b8c39022042af,fermi,independent,2,0.5,0.25,1,4.1041464280853823e-13,-0.003305657780968356,1.5578233841795353e-10,"[0.5929098500258273,0.35604703129770604,0.05104311867646661]"
v3.3,315b8c39022042af,fermi,independent,2,0.5,0.3,1,2.4329514366337663e-12,-0.0028790876460077497,1.3237688722966823e-10,"[0.5920219947167961,0.35672486637308126,0.05125313891012268]"
v3.3,315b8c39022042af,fermi,independent,2,0.5,0.35,1,1.0783139072521866e-11,-0.0024286835478631377,1.5463980790331178e-10,"[0.5910563919366487,0.3574479521964961,0.05149565586685517]"
v3.3,315b8c39022042af,fermi,independent,2,0.5,0.4,1,3.847435755879996e-11,-0.0019749422800604405,6.955279407971915e-11,"[0.5900435542400356,0.3581879032443199,0.05176854251564445]"
v3.3,315b8c39022042af,fermi,independent,2,0.5,0.45,1,2.2483981563598065e-12,-0.001537259054318743,1.4674334664066535e-10,"[0.5890123703120643,0.3589179223006886,0.05206970738724707]"
v3.3,315b8c39022042af,fermi,independent,2,0.5,0.5,1,1.2828351769037334e-12,-0.001132922770467587,1.1568206115253332e-10,"[0.5879890218182462,0.3596138374105797,0.05239714077117414]"
v3.3,315b8c39022042af,fermi,independent,2,0.5,0.55,1,2.582525965589541e-12,-0.0007764269704265657,7.478164962271272e-11,"[0.5869962678728158,0.36025478833622504,0.05274894379095921]"
v3.3,315b8c39022042af,fermi,independent,2,0.5,0.6,1,6.657482784750928e-12,-0.0004791120419880626,1.1405898447947038e-10,"[0.5860530644555692,0.36082359075335607,0.05312334479107467]"
v3.3,315b8c39022042af,fermi,independent,2,0.5,0.65,1,1.1038780509848624e-13,-0.00024909373384159397,1.426686199734739e-10,"[0.5851744608481041,0.36130683225486343,0.053518706897032385]"
v3.3,315b8c39022042af,fermi,independent,2,0.5,0.7,1,1.2285075398650238e-13,-9.141626884058215e-05,1.374214110561045e-10,"[0.5843717112717974,0.3616947594199274,0.05393352930827524]"
v3.3,315b8c39022042af,fermi,independent,2,0.5,0.75,1,1.263553235647586e-13,-8.358190941047672e-06,2.1608826533681125e-10,"[0.583652539661636,0.36198101616683664,0.05436644417152741]"
v3.3,315b8c39022042af,fermi,independent,2,0.5,0.8,1,1.1631205083949861e-13,1.7283311560048475e-07,2.0531172942317433e-10,"[0.5830215034353945,0.36216228634336234,0.054816210221243146]"
v3.3,315b8c39022042af,fermi,independent,2,0.5,0.85,1,8.76667603861648e-14,-6.379004549776288e-05,6.532542909387651e-11,"[0.5824804103144424,0.3622378855287599,0.05528170415679766]"
v3.3,315b8c39022042af,fermi,independent,2,0.5,0.9,1,3.521153969841629e-14,-0.00019669903032306854,1.835892375623427e-10,"[0.5820287528006353,0.3622093367022938,0.05576191049707081]"
v3.3,315b8c39022042af,fermi,independent,2,0.5,0.95,1,4.38331601167282e-14,-0.0003938885517280055,1.3260246373159035e-10,"[0.5816641342250374,0.3620799552189747,0.05625591055598785]"
v3.3,315b8c39022042af,fermi,independent,2,0.5,1.0,1,4.6344732326392577e-14,-0.0006499265481332596,1.8369330362366654e-10,"[0.5813826686015929,0.36185446031153834,0.05676287108686868]"
v3.3,315b8c39022042af,fermi,independent,2,0.5,1.05,1,3.348424133068791e-13,-0.0009589143401463295,1.2425651133018967e-10,"[0.581179343323009,0.3615386236259573,0.05728203305103368]"
v3.3,315b8c39022042af,fermi,independent,2,0.5,1.1,1,3.4299651387744773e-13,-0.0013147334060331813,1.8462166864741114e-10,"[0.5810483390381027,0.3611389600931584,0.057812700868739034]"
v3.3,315b8c39022042af,fermi,independent,2,0.5,1.15,1,3.9924555768769913e-13,-0.0017112419810458059,9.924750257739312e-11,"[0.5809833049179445,0.3606624626621782,0.05835423241987729]"
v3.3,315b8c39022042af,fermi,independent,2,0.5,1.2,1,4.2053471491874883e-13,-0.0021424264516455814,1.8438220394934035e-10,"[0.580977590278184,0.36011637975358746,0.058906029968228565]"
v3.3,315b8c39022042af,fermi,independent,2,0.5,1.25,1,4.168450915412439e-13,-0.002602513379249275,1.1832260171651399e-10,"[0.5810244352418499,0.35950803264722847,0.05946753211092171]"
v3.3,315b8c39022042af,fermi,independent,2,0.5,1.3,1,3.997109366787598e-13,-0.003086048435401053,1.3486109451399386e-10,"[0.5811171241878071,0.3588446690243509,0.06003820678784195]"
v3.3,315b8c39022042af,fermi,independent,2,0.5,1.35,1,3.770721246121348e-13,-0.0035879481727208104,1.0055512325579663e-10,"[0.5812491062118272,0.35813334845087746,0.06061754533729535]"
v3.3,315b8c39022042af,fermi,independent,2,0.5,1.4,1,3.533385441130536e-13,-0.0041035300129224316,1.0063662750359192e-10,"[0.5814140869491325,0.3573808555031534,0.061205057547714]"
v3.3,315b8c39022042af,fermi,independent,3,0.3333333333333333,0.05,1,2.8178605465733206e-17,-0.004416899907681036,2.1340029743299738e-10,"[0.595161535811076,0.3542824962892118,0.05055596789971227]"
v3.3,315b8c39022042af,fermi,independent,3,0.3333333333333333,0.1,1,7.256107256298014e-16,-0.004325578697711545,2.3554565936612093e-10,"[0.5950295745297789,0.3543873314347533,0.050583094035467804]"
v3.3,315b8c39022042af,fermi,independent,3,0.3333333333333333,0.15,1,6.854211433155385e-11,-0.004177218454415273,2.290495154655403e-10,"[0.594814769521409,0.354557246958105,0.05062798352048596]"
v3.3,315b8c39022042af,fermi,independent,3,0.3333333333333333,0.2,1,8.066178922054094e-16,-0.003977267969740232,1.401965141201167e-10,"[0.594524299444255,0.35478551823218557,0.05069018232355954]"
v3.3,315b8c39022042af,fermi,independent,3,0.3333333333333333,0.25,1,2.3394253423125952e-14,-0.0037327600068660927,6.097037458241417e-11,"[0.5941672785324396,0.355063618412243,0.05076910305531737]"
v3.3,315b8c39022042af,fermi,independent,3,0.3333333333333333,0.3,1,4.473347887829102e-14,-0.0034517723359350078,7.971746873725039e-11,"[0.593754009962185,0.3553819278028012,0.05086406223501376]"
v3.3,315b8c39022042af,fermi,independent,3,0.3333333333333333,0.35,1,2.0205459555190117e-13,-0.0031428449293787603,1.4386311586456202e-10,"[0.5932952447856427,0.3557304388403673,0.05097431637399002]"
v3.3,315b8c39022042af,fermi,independent,3,0.3333333333333333,0.4,1,2.1953477945039917e-11,-0.002814413888748528,1.6593097035277893e-10,"[0.5928015253272697,0.3560993811471422,0.05109909352558813]"
v3.3,315b8c39022042af,fermi,independent,3,0.3333333333333333,0.45,1,2.281318706186043e-12,-0.0024743271063946692,7.096498388925454e-11,"[0.5922826662946682,0.3564797151913178,0.051237618514014004]"
v3.3,315b8c39022042af,fermi,independent,3,0.3333333333333333,0.5,1,6.191142729762746e-12,-0.002129486760796398,7.672733282060307e-11,"[0.591747395695611,0.3568634728304374,0.05138913147395163]"
v3.3,315b8c39022042af,fermi,independent,3,0.3333333333333333,0.55,1,1.509255115526502e-11,-0.0017856299641468842,1.6042063163967946e-10,"[0.5912031486414603,0.35724395087823196,0.051552900480307605]"
v3.3,315b8c39022042af,fermi,independent,3,0.3333333333333333,0.6,1,2.0046645875012357e-13,-0.0014472453006505286,1.9279874224897853e-10,"[0.5906559950158522,0.3576157758525442,0.05172822913160355]"
v3.3,315b8c39022042af,fermi,independent,3,0.3333333333333333,0.65,1,1.1540336370020627e-12,-0.0011176009262365873,6.965840057548967e-11,"[0.5901106705966588,0.357974869159535,0.05191446024380617]"
v3.3,315b8c39022042af,fermi,independent,3,0.3333333333333333,0.7,1,2.0927829597807355e-13,-0.0007988522087068704,1.469769791984099e-10,"[0.5895706797801895,0.3583183434681128,0.05211097675169767]"
v3.3,315b8c39022042af,fermi,independent,3,0.3333333333333333,0.75,1,4.4496805855871785e-13,-0.000492200582484472,7.138889132618509e-11,"[0.5890384429575022,0.3586443564618915,0.05231720058060633]"
v3.3,315b8c39022042af,fermi,independent,3,0.3333333333333333,0.8,1,8.880684950279859e-13,-0.0001980743140415145,1.2323386755497268e-10,"[0.5885154642795165,0.35895194542720305,0.05253259029328039]"
v3.3,315b8c39022042af,fermi,independent,3,0.3333333333333333,0.85,1,1.6772627617982463e-12,8.368885329992568e-05,6.874960670200103e-11,"[0.5880025028169198,0.3592408591427081,0.052756638040372054]"
v3.3,315b8c39022042af,fermi,independent,3,0.3333333333333333,0.9,1,3.019069020651209e-12,0.0003536723623378535,2.0955429752556043e-10,"[0.5874997350260229,0.35951139872811544,0.0529888662458617]"
v3.3,315b8c39022042af,fermi,independent,3,0.3333333333333333,0.95,1,5.209186550850859e-12,0.0006127326466486421,5.926531140842961e-11,"[0.5870069012150734,0.3597642744590239,0.05322882432590273]"
v3.3,315b8c39022042af,fermi,independent,3,0.3333333333333333,1.0,1,2.1554347940137086e-13,0.0008618770426635815,1.3951422309088635e-10,"[0.5865234322489861,0.3600004821101355,0.05347608564087858]"
v3.3,315b8c39022042af,fermi,independent,3,0.3333333333333333,1.05,1,5.149804393068728e-12,0.0011021669466365833,1.335739643892886e-10,"[0.5860485555671208,0.3602211996568309,0.053730244776048285]"
v3.3,315b8c39022042af,fermi,independent,3,0.3333333333333333,1.1,1,9.911562810356699e-15,0.0013346462699346771,6.567570445814574e-11,"[0.5855813806003314,0.3604277041539494,0.053990915245719175]"
v3.3,315b8c39022042af,fermi,independent,3,0.3333333333333333,1.15,1,1.0352833287718132e-14,0.0015602902184363304,5.832431065888599e-11,"[0.5851209661770574,0.3606213062689939,0.054257727553948656]"
v3.3,315b8c39022042af,fermi,independent,3,0.3333333333333333,1.2,1,1.071402243168338e-14,0.0017799728716265673,1.0496896754585983e-10,"[0.5846663711101816,0.3608033012318487,0.054530327657969585]"
v3.3,315b8c39022042af,fermi,independent,3,0.3333333333333333,1.25,1,1.1057684542995199e-14,0.0019944485019842,1.1963718210550311e-10,"[0.5842166912403097,0.36097493302382205,0.05480837573586829]"
v3.3,315b8c39022042af,fermi,independent,3,0.3333333333333333,1.3,1,1.6316450534201095e-14,0.002204344291132046,1.3217326885750502e-10,"[0.5837710848866221,0.36113736988056483,0.055091545232813094]"
v3.3,315b8c39022042af,fermi,independent,3,0.3333333333333333,1.35,1,1.1496470133351147e-14,0.0024101610414064487,1.2190844167481174e-10,"[0.5833287890808949,0.36129168879595835,0.05537952212314673]"
v3.3,315b8c39022042af,fermi,independent,3,0.3333333333333333,1.4,1,1.1611915542719405e-14,0.0026122796570581634,7.047888314626327e-11,"[0.5828891285490144,0.3614388671122769,0.055672004338708704]"
v3.3,315b8c39022042af,fermi,independent,5,0.2,0.05,1,2.6542451274051613e-14,-0.00443062391644089,7.305880900254635e-11,"[0.5951900107409966,0.3542598282559595,0.05055016100304381]"
v3.3,315b8c39022042af,fermi,independent,5,0.2,0.1,1,1.842425503741165e-17,-0.004379710333115801,1.512897654376566e-10,"[0.5951422815539184,0.35429777627160736,0.0505599421744743]"
v3.3,315b8c39022042af,fermi,independent,5,0.2,0.15,1,9.513204244863288e-11,-0.004296212448928034,2.267163193292454e-10,"[0.5950640129960821,0.35435981810185124,0.050576168902066516]"
v3.3,315b8c39022042af,fermi,independent,5,0.2,0.2,1,3.5130558354014874e-16,-0.004182073682159199,1.4910161993952897e-10,"[0.5949570220117939,0.3544442451113356,0.05059873287687047]"
v3.3,315b8c39022042af,fermi,independent,5,0.2,0.25,1,7.521660338713335e-15,-0.004039849163443174,1.564717175273067e-10,"[0.5948236666840955,0.3545488427708943,0.05062749054501021]"
v3.3,315b8c39022042af,fermi,independent,5,0.2,0.3,1,2.1705955546317887e-15,-0.003872551737846272,1.543958225158626e-10,"[0.5946666890059711,0.3546710410098178,0.050662269984211035]"
v3.3,315b8c39022042af,fermi,independent,5,0.2,0.35,1,1.2975323772878457e-15,-0.0036834953231559553,1.4408407106314414e-10,"[0.5944890562586121,0.3548080659409049,0.05070287780048294]"
v3.3,315b8c39022042af,fermi,independent,5,0.2,0.4,1,4.3140700467466765e-12,-0.0034761367258159606,7.433739734885592e-11,"[0.5942938113451085,0.35495708294490125,0.05074910570999023]"
v3.3,315b8c39022042af,fermi,independent,5,0.2,0.45,1,1.522913068794877e-14,-0.003253933098345846,1.4025169220444056e-10,"[0.5940839454710791,0.35511531827172454,0.050800736257196305]"
v3.3,315b8c39022042af,fermi,independent,5,0.2,0.5,1,2.8759941281420323e-12,-0.0030202241097993868,1.5282702187091601e-10,"[0.5938622992335192,0.35528015331921287,0.05085754744726797]"
v3.3,315b8c39022042af,fermi,independent,5,0.2,0.55,1,1.1883245421691097e-12,-0.002778141341964864,1.2350784284187455e-10,"[0.5936314928732801,0.35544919082620224,0.05091931630051764]"
v3.3,315b8c39022042af,fermi,independent,5,0.2,0.6,1,2.418458574252322e-13,-0.0025305473854597103,1.8186380179585626e-10,"[0.5933938841568885,0.35562029446234145,0.050985821380770006]"
v3.3,315b8c39022042af,fermi,independent,5,0.2,0.65,1,5.141112285857925e-13,-0.0022800005419953175,6.943072852760857e-11,"[0.5931515491437734,0.35579160635634677,0.05105684449987985]"
v3.3,315b8c39022042af,fermi,independent,5,0.2,0.7,1,1.0253506112128268e-12,-0.002028741605564377,7.23516420386705e-11,"[0.5929062810869788,0.35596154714713524,0.05113217176588585]"
v3.3,315b8c39022042af,fermi,independent,5,0.2,0.75,1,1.9348068513551316e-12,-0.0017786979438776732,1.5371979036893357e-10,"[0.5926596023816976,0.3561288034584423,0.0512115941598601]"
v3.3,315b8c39022042af,fermi,independent,5,0.2,0.8,1,3.4780753283576915e-12,-0.0015314994668044583,2.2784039238610276e-10,"[0.5924127851013111,0.3562923071033761,0.0512949077953127]"
v3.3,315b8c39022042af,fermi,independent,5,0.2,0.85,1,5.990460719654046e-12,-0.00128850265673593,2.0270139386435737e-10,"[0.5921668764781652,0.3564512095418051,0.051381913980029614]"
v3.3,315b8c39022042af,fermi,independent,5,0.2,0.9,1,9.932466069636124e-12,-0.001050818925753129,1.310486441585823e-10,"[0.5919227265061129,0.3566048543249191,0.051472419168967894]"
v3.3,315b8c39022042af,fermi,independent,5,0.2,0.95,1,1.5918015770038032e-11,-0.0008193445223303973,2.232855046691018e-10,"[0.5916810156200814,0.35675274951174296,0.051566234868175735]"
v3.3,315b8c39022042af,fermi,independent,5,0.2,1.0,1,1.5871332656045692e-14,-0.0005947898879217484,1.5811455963965493e-10,"[0.5914422809745055,0.3568945414905464,0.05166317753494804]"
v3.3,315b8c39022042af,fermi,independent,5,0.2,1.05,1,2.654175456159876e-14,-0.00037770801102053955,2.1996458127171437e-10,"[0.5912069409558672,0.35702999059298457,0.051763068451148246]"
v3.3,315b8c39022042af,fermi,independent,5,0.2,1.1,1,4.3000358112625607e-14,-0.00016851890128394276,7.184535605331277e-11,"[0.590975316324911,0.3571589499967116,0.05186573367837759]"
v3.3,315b8c39022042af,fermi,independent,5,0.2,1.15,1,6.766264429861328e-14,3.246764315447889e-05,1.5462840036173375e-10,"[0.5907476492249981,0.35728134680143103,0.05197100397357087]"
v3.3,315b8c39022042af,fermi,independent,5,0.2,1.2,1,1.0361838242936704e-13,0.0002250328867350812,1.4976898193852506e-10,"[0.5905241191008356,0.35739716615075706,0.05207871474840747]"
v3.3,315b8c39022042af,fermi,independent,5,0.2,1.25,1,1.5486424453910825e-13,0.0004090328671940563,1.8730096293384513e-10,"[0.5903048560539803,0.35750643790990255,0.052188706036117215]"
v3.3,315b8c39022042af,fermi,independent,5,0.2,1.3,1,2.2635928574527593e-13,0.0005843847987792097,7.743702207241299e-11,"[0.5900899518130578,0.35760922572098,0.05230082246596221]"
v3.3,315b8c39022042af,fermi,independent,5,0.2,1.35,1,3.241639081676671e-13,0.0007510559389840923,1.7337813129625346e-10,"[0.5898794685929626,0.3577056181660032,0.05241491324103417]"
v3.3,315b8c39022042af,fermi,independent,5,0.2,1.4,1,4.554844353746065e-13,0.0009090545449727781,1.8271157156690698e-10,"[0.5896734461287944,0.35779572175541197,0.052530832115793645]"
v3.3,315b8c39022042af,fermi,independent,10,0.1,0.05,1,4.1658936966897064e-16,-0.004439700228626144,1.5383710971761388e-10,"[0.5952020375660395,0.3542502522359576,0.050547710198002964]"
v3.3,315b8c39022042af,fermi,independent,10,0.1,0.1,1,2.6432880372201643e-14,-0.00441569906726786,1.4633399353369825e-10,"[0.5951900498167139,0.3542597912948698,0.05055015888841632]"
v3.3,315b8c39022042af,fermi,independent,10,0.1,0.15,1,1.1909806137985526e-10,-0.004376023206595782,7.373273519517554e-11,"[0.5951702482507524,0.35427552172887067,0.05055423002037697]"
v3.3,315b8c39022042af,fermi,independent,10,0.1,0.2,1,1.351284109559675e-13,-0.004321145313863531,7.415258684861925e-11,"[0.5951428897536448,0.3542972012545338,0.05055990899182131]"
v3.3,315b8c39022042af,fermi,independent,10,0.1,0.25,1,6.0700548917272584e-12,-0.004251709048776663,2.273833343835463e-10,"[0.5951083203597104,0.35432450378528135,0.050567175855008355]"
v3.3,315b8c39022042af,fermi,independent,10,0.1,0.3,1,5.0746339084644686e-17,-0.0041684984775806,1.3494329959007345e-10,"[0.5950669572714435,0.35435703664486035,0.05057600608369607]"
v3.3,315b8c39022042af,fermi,independent,10,0.1,0.35,1,4.355560142302432e-17,-0.0040724173609685485,1.5440104750297223e-10,"[0.5950192747187826,0.3543943541680174,0.0505863711132001]"
v3.3,315b8c39022042af,fermi,independent,10,0.1,0.4,1,4.257247809005184e-13,-0.00396446084315244,1.40407491189265e-10,"[0.5949657867830969,0.3544359741877084,0.050598239029194775]"
v3.3,315b8c39022042af,fermi,independent,10,0.1,0.45,1,4.155325811378725e-17,-0.0038456884256408835,1.5392020991100708e-10,"[0.5949070313505757,0.354481393426844,0.05061157522258029]"
v3.3,315b8c39022042af,fermi,independent,10,0.1,0.5,1,2.8262573555664637e-12,-0.0037171978524373275,1.3962809380929642e-10,"[0.5948435553535769,0.35453010164775073,0.0506263429986723]"
v3.3,315b8c39022042af,fermi,independent,10,0.1,0.55,1,1.115620884445689e-12,-0.0035801010669447644,1.523045231599518e-10,"[0.5947759018818688,0.3545815939917906,0.05064250412634059]"
v3.3,315b8c39022042af,fermi,independent,10,0.1,0.6,1,1.2511651667417906e-13,-0.0034355033213199354,1.3238488777433943e-10,"[0.5947045996544384,0.35463538104379905,0.050660019301762615]"
v3.3,315b8c39022042af,fermi,independent,10,0.1,0.65,1,1.7961444285970777e-16,-0.0032844852421152967,2.3013069921917761e-10,"[0.5946301546614212,0.35469099679624716,0.05067884854233179]"
v3.3,315b8c39022042af,fermi,independent,10,0.1,0.7,1,2.7319147536501543e-14,-0.0031280884220352204,7.728507417370523e-11,"[0.5945530440832176,0.3547480044168436,0.050698951499938666]"
v3.3,315b8c39022042af,fermi,independent,10,0.1,0.75,1,2.3270162257225595e-15,-0.0029673042775586814,1.3591874153950911e-10,"[0.5944737121967033,0.35480600009680535,0.05072028770649139]"
v3.3,315b8c39022042af,fermi,independent,10,0.1,0.8,1,4.314126763082769e-15,-0.0028030659523890535,2.1273884043271352e-10,"[0.5943925679958131,0.3548646152432894,0.05074281676089747]"
v3.3,315b8c39022042af,fermi,independent,10,0.1,0.85,1,2.899891395667269e-14,-0.0026362428798306116,1.5190378122031944e-10,"[0.5943099842300659,0.3549235173024639,0.0507664984674702]"
v3.3,315b8c39022042af,fermi,independent,10,0.1,0.9,1,1.3192285812934099e-14,-0.002467637712366539,1.4391090402687823e-10,"[0.5942262975666077,0.3549824094977863,0.05079129293560596]"
v3.3,315b8c39022042af,fermi,independent,10,0.1,0.95,1,2.1801555821234602e-14,-0.0022979851720562015,2.2981237052244197e-10,"[0.5941418096024221,0.3550410297477631,0.050817160649814785]"
v3.3,315b8c39022042af,fermi,independent,10,0.1,1.0,1,3.504882869213246e-14,-0.0021279524437834776,7.347806738056128e-11,"[0.5940567884860531,0.35509914899600303,0.050844062517943836]"
v3.3,315b8c39022042af,fermi,independent,10,0.1,1.05,1,5.480653892843121e-14,-0.0019581407815531422,1.442582373001322e-10,"[0.5939714709504883,0.35515656914568045,0.05087195990383136]"
v3.3,315b8c39022042af,fermi,independent,10,0.1,1.1,1,8.35959489416815e-14,-0.0017890880495198408,1.457309967145548e-10,"[0.5938860645927894,0.35521312075771166,0.05090081464949888]"
v3.3,315b8c39022042af,fermi,independent,10,0.1,1.15,1,1.2466681356834694e-13,-0.0016212718589564204,1.4796198988253906e-10,"[0.5938007502730503,0.35526866063627177,0.050930589090677936]"
v3.3,315b8c39022042af,fermi,independent,10,0.1,1.2,1,1.8210351066390702e-13,-0.0014551131686168783,1.370353240603972e-10,"[0.5937156845354907,0.35532306939604325,0.05096124606846616]"
v3.3,315b8c39022042af,fermi,independent,10,0.1,1.25,1,2.6096603655222796e-13,-0.0012909801370798828,1.5211768997214214e-10,"[0.593631001980619,0.35537624908032256,0.05099274893905842]"
v3.3,315b8c39022042af,fermi,independent,10,0.1,1.3,1,3.674189074499392e-13,-0.001129192061028992,1.3992719483102434e-10,"[0.5935468175387462,0.3554281208784246,0.051025061582829205]"
v3.3,315b8c39022042af,fermi,independent,10,0.1,1.35,1,5.240423981768496e-13,-0.0009700233597153968,7.286093603453558e-11,"[0.5934632286122176,0.35547862297418964,0.051058148413592755]"
v3.3,315b8c39022042af,fermi,independent,10,0.1,1.4,1,7.195786209586851e-11,-0.0008137078699383647,1.4993879055014148e-10,"[0.5933803173353119,0.35552770829043695,0.05109197437425111]"
v3.3,315b8c39022042af,fermi,independent,20,0.05,0.05,1,3.08809093235627e-17,-0.004443847397797587,1.4003630199876937e-10,"[0.595205047474281,0.3542478552267286,0.050547097298990394]"
v3.3,315b8c39022042af,fermi,independent,20,0.05,0.1,1,4.0767377190838833e-16,-0.004432212811597343,7.210105429367175e-11,"[0.5952020424713657,0.3542502475957875,0.05054770993284695]"
v3.3,315b8c39022042af,fermi,independent,20,0.05,0.15,1,1.3149527827770212e-10,-0.004412901443505375,6.741956298794705e-11,"[0.5951970579232503,0.35425421239896593,0.05054872967778384]"
v3.3,315b8c39022042af,fermi,independent,20,0.05,0.2,1,2.6146428397772743e-14,-0.004386026902586576,1.5341809767033254e-10,"[0.5951901271265371,0.3542597181838841,0.05055015468957884]"
v3.3,315b8c39022042af,fermi,independent,20,0.05,0.25,1,8.555609366152797e-13,-0.004351751845511689,7.232767162967946e-11,"[0.59518129834074,0.3542667193876493,0.05055198227161083]"
v3.3,315b8c39022042af,fermi,independent,20,0.05,0.3,1,8.091172397405181e-15,-0.004310275618681976,1.5198124703186267e-10,"[0.5951706297199892,0.3542751611409091,0.050554209139101684]"
v3.3,315b8c39022042af,fermi,independent,20,0.05,0.35,1,1.2981203603917082e-14,-0.004261835432581899,1.516255940248179e-10,"[0.5951581899766024,0.35428497866512837,0.05055683135826929]"
v3.3,315b8c39022042af,fermi,independent,20,0.05,0.4,1,7.61373170685252e-14,-0.004206701249393513,2.2414361339206934e-10,"[0.5951440564816253,0.35429609909295257,0.050559844425422176]"
v3.3,315b8c39022042af,fermi,independent,20,0.05,0.45,1,2.7198110910981704e-14,-0.00414517140996945,1.47556966645368e-10,"[0.595128313709978,0.3543084429631725,0.050563243326849514]"
v3.3,315b8c39022042af,fermi,independent,20,0.05,0.5,1,2.5396297765206266e-12,-0.004077568039110378,2.37574043771005e-10,"[0.5951110516586093,0.3543219257416864,0.05056702259970428]"
v3.3,315b8c39022042af,fermi,independent,20,0.05,0.55,1,9.584243461126832e-13,-0.004004232298018655,1.3606623466833057e-10,"[0.5950923642530136,0.35433645935165475,0.050571176395331666]"
v3.3,315b8c39022042af,fermi,independent,20,0.05,0.6,1,8.730121113674017e-14,-0.003925519950780262,1.5019618881950692e-10,"[0.5950723479337756,0.3543519535328115,0.05057569853341275]"
v3.3,315b8c39022042af,fermi,independent,20,0.05,0.65,1,7.302958572347817e-14,-0.0038417968398219357,1.5728319341379304e-10,"[0.5950511002442973,0.3543683171954161,0.05058058256028664]"
v3.3,315b8c39022042af,fermi,independent,20,0.05,0.7,1,8.753365560419786e-14,-0.0037534347844319013,7.128378443077565e-11,"[0.5950287186183141,0.35438545958304624,0.05058582179863969]"
v3.3,315b8c39022042af,fermi,independent,20,0.05,0.75,1,1.0297006707331698e-13,-0.0036608077302195327,2.360567227799315e-10,"[0.5950052993153787,0.35440329129217407,0.05059140939244722]"
v3.3,315b8c39022042af,fermi,independent,20,0.05,0.8,1,1.1923063907268108e-13,-0.003564288397199619,6.82886039382602e-11,"[0.5949809365085422,0.3544217251441414,0.05059733834731641]"
v3.3,315b8c39022042af,fermi,independent,20,0.05,0.85,1,7.781763109923954e-13,-0.0034642451205757624,7.439902860451042e-11,"[0.5949557215349308,0.3544406768998103,0.05060360156525896]"
v3.3,315b8c39022042af,fermi,independent,20,0.05,0.9,1,1.5337165790042392e-13,-0.0033610392462678843,2.0011346052450918e-10,"[0.5949297422856622,0.35446006583934375,0.05061019187499403]"
v3.3,315b8c39022042af,fermi,independent,20,0.05,0.95,1,1.7091366948852708e-13,-0.0032550229318262097,1.372774463548332e-10,"[0.5949030827680729,0.3544798151757414,0.05061710205618566]"
v3.3,315b8c39022042af,fermi,independent,20,0.05,1.0,1,1.8862158417126498e-13,-0.003146537193918199,6.994586854158769e-11,"[0.5948758227536503,0.35449985238504833,0.05062432486130144]"
v3.3,315b8c39022042af,fermi,independent,20,0.05,1.05,1,2.0620638857980444e-13,-0.003035910430939398,2.2066534710596386e-10,"[0.5948480375700382,0.3545201093976177,0.05063185303234421]"
v3.3,315b8c39022042af,fermi,independent,20,0.05,1.1,1,2.2360182542180296e-13,-0.002923457290137075,2.1809497610658646e-10,"[0.5948197979779514,0.35454052270714187,0.050639679314906656]"
v3.3,315b8c39022042af,fermi,independent,20,0.05,1.15,1,5.4139441365483836e-14,-0.00280947774126997,1.1435251356939347e-10,"[0.5947911701321528,0.35456103339834916,0.050647796469497984]"
v3.3,315b8c39022042af,fermi,independent,20,0.05,1.2,1,4.219535545886716e-12,-0.002694256537398975,2.181676020396317e-10,"[0.5947622156270693,0.35458158709360765,0.050656197279323044]"
v3.3,315b8c39022042af,fermi,independent,20,0.05,1.25,1,5.0050656886250525e-17,-0.002578062690392447,1.3867774983911119e-10,"[0.594732991509371,0.35460213392882495,0.05066487456180399]"
v3.3,315b8c39022042af,fermi,independent,20,0.05,1.3,1,2.749826531076149e-13,-0.0024611496209433308,1.4837999232075738e-10,"[0.5947035505487511,0.35462262828517793,0.05067382116607103]"
v3.3,315b8c39022042af,fermi,independent,20,0.05,1.35,1,1.9660717929706687e-17,-0.0023437548656905158,7.43123201862872e-11,"[0.594673941254665,0.35464302875986153,0.05068302998547351]"
v3.3,315b8c39022042af,fermi,independent,20,0.05,1.4,1,3.126959744869743e-14,-0.002226100411280081,1.4774214143753461e-10,"[0.5946442081417195,0.35466329790147727,0.050692493956803246]"
v3.3,315b8c39022042af,fermi,independent,inf,0.0,0.05,1,2.3707893225071155e-17,-0.004447733507838961,2.258761372386786e-10,"[0.5952060514993919,0.3542470555425059,0.05054689295810218]"
v3.3,315b8c39022042af,fermi,independent,inf,0.0,0.1,1,2.3707893225071155e-17,-0.004447733507846302,2.258770184782044e-10,"[0.5952060514993919,0.3542470555425059,0.05054689295810218]"
v3.3,315b8c39022042af,fermi,independent,inf,0.0,0.15,1,2.3707893225071155e-17,-0.004447733507858834,2.2587816339569855e-10,"[0.5952060514993919,0.3542470555425059,0.05054689295810218]"
v3.3,315b8c39022042af,fermi,independent,inf,0.0,0.2,1,2.3707893225071155e-17,-0.004447733507876132,2.2588023812497582e-10,"[0.5952060514993919,0.3542470555425059,0.05054689295810218]"
v3.3,315b8c39022042af,fermi,independent,inf,0.0,0.25,1,2.3707893225071155e-17,-0.004447733507898559,2.2588211162632987e-10,"[0.5952060514993919,0.3542470555425059,0.05054689295810218]"
v3.3,315b8c39022042af,fermi,independent,inf,0.0,0.3,1,2.3707893225071155e-17,-0.004447733507925711,2.2588544229540375e-10,"[0.5952060514993919,0.3542470555425059,0.05054689295810218]"
v3.3,315b8c39022042af,fermi,independent,inf,0.0,0.35,1,2.3707893225071155e-17,-0.004447733507957907,2.2588841214199462e-10,"[0.5952060514993919,0.3542470555425059,0.05054689295810218]"
v3.3,315b8c39022042af,fermi,independent,inf,0.0,0.4,1,2.3707893225071155e-17,-0.004447733507995155,2.258920897557637e-10,"[0.5952060514993919,0.3542470555425059,0.05054689295810218]"
v3.3,315b8c39022042af,fermi,independent,inf,0.0,0.45,1,2.3707893225071158e-17,-0.004447733508037427,2.2589632248104508e-10,"[0.5952060514993919,0.3542470555425059,0.05054689295810218]"
v3.3,315b8c39022042af,fermi,independent,inf,0.0,0.5,1,2.3707893225071155e-17,-0.004447733508084563,2.259013531791254e-10,"[0.5952060514993919,0.3542470555425059,0.05054689295810218]"
v3.3,315b8c39022042af,fermi,independent,inf,0.0,0.55,1,2.3707893225071155e-17,-0.0044477335081367295,2.2590658510512895e-10,"[0.5952060514993919,0.3542470555425059,0.05054689295810218]"
v3.3,315b8c39022042af,fermi,independent,inf,0.0,0.6,1,2.3707893225071155e-17,-0.004447733508193663,2.2591226112034235e-10,"[0.5952060514993919,0.3542470555425059,0.05054689295810218]"
v3.3,315b8c39022042af,fermi,independent,inf,0.0,0.65,1,2.3707893225071155e-17,-0.00444773350825578,2.2591852694153758e-10,"[0.5952060514993919,0.3542470555425059,0.05054689295810218]"
v3.3,315b8c39022042af,fermi,independent,inf,0.0,0.7,1,2.3707893225071155e-17,-0.0044477335083224975,2.2592517440189752e-10,"[0.5952060514993919,0.3542470555425059,0.05054689295810218]"
v3.3,315b8c39022042af,fermi,independent,inf,0.0,0.75,1,2.3707893225071155e-17,-0.004447733508394648,2.2593253656832957e-10,"[0.5952060514993919,0.3542470555425059,0.05054689295810218]"
v3.3,315b8c39022042af,fermi,independent,inf,0.0,0.8,1,2.3707893225071155e-17,-0.0044477335084715935,2.259403983351227e-10,"[0.5952060514993919,0.3542470555425059,0.05054689295810218]"
v3.3,315b8c39022042af,fermi,independent,inf,0.0,0.85,1,2.3707893225071155e-17,-0.004447733508553403,2.259485862299293e-10,"[0.5952060514993919,0.3542470555425059,0.05054689295810218]"
v3.3,315b8c39022042af,fermi,independent,inf,0.0,0.9,1,2.3707893225071158e-17,-0.004447733508640181,2.2595725290841528e-10,"[0.5952060514993919,0.3542470555425059,0.05054689295810218]"
v3.3,315b8c39022042af,fermi,independent,inf,0.0,0.95,1,2.3707893225071152e-17,-0.0044477335087321004,2.2596630122606598e-10,"[0.5952060514993919,0.3542470555425059,0.05054689295810218]"
v3.3,315b8c39022042af,fermi,independent,inf,0.0,1.0,1,2.3707893225071155e-17,-0.004447733508828697,2.2597639731669616e-10,"[0.5952060514993919,0.3542470555425059,0.05054689295810218]"
v3.3,315b8c39022042af,fermi,independent,inf,0.0,1.05,1,2.3707893225071155e-17,-0.004447733508930421,2.2598670157414347e-10,"[0.5952060514993919,0.3542470555425059,0.05054689295810218]"
v3.3,315b8c39022042af,fermi,independent,inf,0.0,1.1,1,2.3707893225071155e-17,-0.004447733509037093,2.2599766502651164e-10,"[0.5952060514993919,0.3542470555425059,0.05054689295810218]"
v3.3,315b8c39022042af,fermi,independent,inf,0.0,1.15,1,2.3707893225071155e-17,-0.004447733509148774,2.2600903093472624e-10,"[0.5952060514993919,0.3542470555425059,0.05054689295810218]"
v3.3,315b8c39022042af,fermi,independent,inf,0.0,1.2,1,2.3707893225071155e-17,-0.004447733509265132,2.2602055643750063e-10,"[0.5952060514993919,0.3542470555425059,0.05054689295810218]"
v3.3,315b8c39022042af,fermi,independent,inf,0.0,1.25,1,2.3707893225071155e-17,-0.004447733509387049,2.2603272031851418e-10,"[0.5952060514993919,0.3542470555425059,0.05054689295810218]"
v3.3,315b8c39022042af,fermi,independent,inf,0.0,1.3,1,2.3707893225071155e-17,-0.004447733509513212,2.260455295166608e-10,"[0.5952060514993919,0.3542470555425059,0.05054689295810218]"
v3.3,315b8c39022042af,fermi,independent,inf,0.0,1.35,1,2.3707893225071155e-17,-0.004447733509644669,2.2605901178751608e-10,"[0.5952060514993919,0.3542470555425059,0.05054689295810218]"
v3.3,315b8c39022042af,fermi,independent,inf,0.0,1.4,1,2.3707893225071155e-17,-0.004447733509781289,2.2607261201956774e-10,"[0.5952060514993919,0.3542470555425059,0.05054689295810218]"
v3.3,315b8c39022042af,fermi,common,1,1.0,0.05,1,3.587303894604287e-14,-0.004461504026220378,1.640655111767586e-10,"[0.5945552921588512,0.3546139253296227,0.05083078251152605]"
v3.3,315b8c39022042af,fermi,common,1,1.0,0.1,1,8.063372736273462e-12,-0.00449807674731955,1.476219910201415e-10,"[0.5926260340878582,0.35569909256931737,0.0516748733428243]"
v3.3,315b8c39022042af,fermi,common,1,1.0,0.15,1,4.7886154731461154e-12,-0.004544010722677044,1.9948875884523432e-10,"[0.5894854717037766,0.3574576285749178,0.053056899721305624]"
v3.3,315b8c39022042af,fermi,common,1,1.0,0.2,1,4.780678043538404e-13,-0.004579337362894981,7.275906266368537e-11,"[0.5852396210844143,0.3598190895153107,0.05494128940027499]"
v3.3,315b8c39022042af,fermi,common,1,1.0,0.25,1,1.7115933485493143e-12,-0.004580706094954208,1.1057033760808466e-10,"[0.5800251698958435,0.36269345005522663,0.057281380048929784]"
v3.3,315b8c39022042af,fermi,common,1,1.0,0.3,1,3.891879326515989e-12,-0.004524898634313906,6.006486974463598e-11,"[0.5739995571398027,0.36597813494657117,0.06002230791362621]"
v3.3,315b8c39022042af,fermi,common,1,1.0,0.35,1,6.424444693717203e-12,-0.004392071284934039,5.328847779706436e-11,"[0.5673304733794073,0.36956521871611714,0.0631043079044756]"
v3.3,315b8c39022042af,fermi,common,1,1.0,0.4,1,3.614290169724961e-15,-0.004168195164745474,1.8709704618924405e-10,"[0.5601859333588065,0.37334797793078534,0.06646608871040822]"
v3.3,315b8c39022042af,fermi,common,1,1.0,0.45,1,1.595689683276489e-14,-0.0038463875494676378,4.972863093533064e-11,"[0.5527258476320195,0.37722622175395804,0.07004793061402233]"
v3.3,315b8c39022042af,fermi,common,1,1.0,0.5,1,1.1085785628194686e-16,-0.0034270899203705796,5.973944949833054e-11,"[0.5450956693127795,0.38111011815954154,0.07379421252767893]"
v3.3,315b8c39022042af,fermi,common,1,1.0,0.55,1,2.6044477022246733e-16,-0.002917278226641798,9.815631640819333e-11,"[0.5374223088680549,0.38492249935048756,0.07765519178145755]"
v3.3,315b8c39022042af,fermi,common,1,1.0,0.6,1,5.619754991648174e-12,-0.002329026272332592,4.1127434791121686e-11,"[0.5298121776220029,0.38859982449131547,0.0815879978866816]"
v3.3,315b8c39022042af,fermi,common,1,1.0,0.65,1,4.097900872533391e-12,-0.001677778791042868,1.337904648179844e-10,"[0.5223509967934352,0.392092083057929,0.08555692014863576]"
v3.3,315b8c39022042af,fermi,common,1,1.0,0.7,1,2.848561446086234e-12,-0.0009806414339417827,4.199487979583694e-11,"[0.5151049062240258,0.39536194976419026,0.08953314401178386]"
v3.3,315b8c39022042af,fermi,common,1,1.0,0.75,1,1.9123550566788902e-12,-0.00025489992039848947,5.833010463529575e-11,"[0.5081224054368486,0.3983834769490194,0.09349411761413205]"
v3.3,315b8c39022042af,fermi,common,1,1.0,0.8,1,1.2530348280605413e-12,0.00048311975701817444,1.329955590101406e-10,"[0.5014367252161238,0.4011405567238352,0.09742271806004102]"
v3.3,315b8c39022042af,fermi,common,1,1.0,0.85,1,8.079375375261499e-13,0.0012188246585320209,3.3972338830956517e-12,"[0.49506832227447983,0.4036253248024724,0.10130635292304792]"
v3.3,315b8c39022042af,fermi,common,1,1.0,0.9,1,5.16015582430051e-13,0.0019397930035973676,5.854691731421724e-12,"[0.48902728682615804,0.4058366218556158,0.10513609131822611]"
v3.3,315b8c39022042af,fermi,common,1,1.0,0.95,1,3.28049673237154e-13,0.0026359394350410487,7.950799740807923e-12,"[0.48331553656482035,0.40777858259365973,0.10890588084152]"
v3.3,315b8c39022042af,fermi,common,1,1.0,1.0,1,2.0837371925180626e-13,0.0032994790434270824,6.938859209437709e-12,"[0.47792873459648566,0.40945938866206194,0.11261187674145234]"
v3.3,315b8c39022042af,fermi,common,1,1.0,1.05,1,1.3254090400115297e-13,0.003924757740013135,7.950806679701827e-12,"[0.4728579133171086,0.410890197712125,0.11625188897076648]"
v3.3,315b8c39022042af,fermi,common,1,1.0,1.1,1,8.459124324964867e-14,0.004508005414273451,1.5901169270193805e-12,"[0.46809081419684617,0.412084245648385,0.11982494015476881]"
v3.3,315b8c39022042af,fermi,common,1,1.0,1.15,1,3.8255286160356023e-13,0.005047055012056156,1.7346957204011915e-12,"[0.4636129690308426,0.4130561099224553,0.12333092104670212]"
v3.3,315b8c39022042af,fermi,common,1,1.0,1.2,1,3.4969573602129864e-14,0.005541057843319437,9.540916667827304e-12,"[0.4594085552707463,0.41382111700092244,0.1267703277283313]"
v3.3,315b8c39022042af,fermi,common,1,1.0,1.25,1,2.2660219009455246e-14,0.0059902147131474515,4.336815628835922e-12,"[0.45546105968932404,0.4143948753006501,0.1301440650100257]"
v3.3,315b8c39022042af,fermi,common,1,1.0,1.3,1,1.4778540064710357e-14,0.00639553401080372,7.228002918413523e-12,"[0.4517537830254076,0.4147929149528718,0.1334533020217206]"
v3.3,315b8c39022042af,fermi,common,1,1.0,1.35,1,3.6716033899675345e-13,0.0067586219728438535,4.4813250332786936e-12,"[0.4482702151064588,0.4150304168424063,0.13669936805113475]"
v3.3,315b8c39022042af,fermi,common,1,1.0,1.4,1,1.329702223966387e-12,0.007081506115010065,8.384501426483837e-12,"[0.44499430603968326,0.4151220151023012,0.13988367885801556]"
v3.3,315b8c39022042af,fermi,common,2,0.5,0.05,1,3.876625302935212e-14,-0.004431919777333121,1.5209643267066753e-10,"[0.5950434564966333,0.3543386046296871,0.050617938873679595]"
v3.3,315b8c39022042af,fermi,common,2,0.5,0.1,1,3.5000176886629633e-14,-0.00438501051470349,6.161556681538727e-11,"[0.5945625377719554,0.35460739373168226,0.05083006849636229]"
v3.3,315b8c39022042af,fermi,common,2,0.5,0.15,1,1.8302408834286648e-10,-0.004308599644648969,2.1743791489559072e-10,"[0.593783239927549,0.3550363637926939,0.051180396279757165]"
v3.3,315b8c39022042af,fermi,common,2,0.5,0.2,1,3.2024739484148275e-11,-0.004205311705665307,6.86807277716639e-11,"[0.592736745136691,0.35559872839099094,0.05166452647231804]"
v3.3,315b8c39022042af,fermi,common,2,0.5,0.25,1,1.3739642913926306e-12,-0.004078730915854249,2.2817710915168377e-10,"[0.5914627911478164,0.35626018161830575,0.05227702723387791]"
v3.3,315b8c39022042af,fermi,common,2,0.5,0.3,1,3.390859664619772e-12,-0.003933223595227249,1.2022911138886982e-10,"[0.5900065652765624,0.35698155275291316,0.05301188197052449]"
v3.3,315b8c39022042af,fermi,common,2,0.5,0.35,1,5.662821979291124e-12,-0.0037736925133470475,1.6027209420732547e-10,"[0.5884156087721846,0.3577215612018438,0.05386283002597165]"
v3.3,315b8c39022042af,fermi,common,2,0.5,0.4,1,8.948838738643113e-12,-0.0036052746022012944,9.627251773558498e-11,"[0.586737046344197,0.3584393825851604,0.05482357107064251]"
v3.3,315b8c39022042af,fermi,common,2,0.5,0.45,1,1.2513039551613738e-11,-0.0034330320203727616,1.4291591521331526e-10,"[0.5850153404713542,0.35909680556187135,0.05588785396677449]"
v3.3,315b8c39022042af,fermi,common,2,0.5,0.5,1,1.5718441380858508e-11,-0.0032616799625316065,1.820556622122993e-10,"[0.5832906512781286,0.3596598574895954,0.057049491232275956]"
v3.3,315b8c39022042af,fermi,common,2,0.5,0.55,1,1.7812451609970623e-11,-0.003095379446991363,1.2304782193162112e-10,"[0.5815977924904365,0.36009986827738577,0.05830233923217764]"
v3.3,315b8c39022042af,fermi,common,2,0.5,0.6,1,1.80433187472658e-11,-0.002937606466637363,1.0488743207304196e-10,"[0.579965715661565,0.3603940116320988,0.05964027270633623]"
v3.3,315b8c39022042af,fermi,common,2,0.5,0.65,1,1.5779767051537695e-11,-0.0027910942391840346,1.6295567673019207e-10,"[0.5784174245068323,0.36052540628418595,0.061057169208981674]"
v3.3,315b8c39022042af,fermi,common,2,0.5,0.7,1,1.0624521579269703e-11,-0.002657836271905807,1.2800811799440481e-10,"[0.5769702123259167,0.3604828787179361,0.0625469089561472]"
v3.3,315b8c39022042af,fermi,common,2,0.5,0.75,1,1.0542870587023166e-11,-0.0025391342212754756,1.765443208290307e-10,"[0.5756361210856623,0.3602604894580137,0.06410338945632417]"
v3.3,315b8c39022042af,fermi,common,2,0.5,0.8,1,1.496415821525529e-11,-0.0024356742899161662,9.553623864233529e-11,"[0.5744225344150042,0.359856914148507,0.06572055143648882]"
v3.3,315b8c39022042af,fermi,common,2,0.5,0.85,1,1.564272367377102e-11,-0.0023476186855138567,1.6302787592126222e-10,"[0.573332834306695,0.35927475389459895,0.06739241179870599]"
v3.3,315b8c39022042af,fermi,common,2,0.5,0.9,1,1.3551632812939254e-11,-0.0022747013534564695,1.2504467600260583e-10,"[0.5723670686868615,0.35851983166041745,0.06911309965272106]"
v3.3,315b8c39022042af,fermi,common,2,0.5,0.95,1,1.042088144206711e-11,-0.0022163204611050855,1.2827912343471581e-10,"[0.5715225927213596,0.35760051496864886,0.07087689230999154]"
v3.3,315b8c39022042af,fermi,common,2,0.5,1.0,1,5.083671363788512e-15,-0.002171623030958608,4.0133528445007727e-11,"[0.5707946601325475,0.3565270909188658,0.07267824894858657]"
v3.3,315b8c39022042af,fermi,common,2,0.5,1.05,1,3.0549069606428093e-16,-0.0021395794674274396,7.034663129790175e-11,"[0.570176951221122,0.3553112083373896,0.07451184044148847]"
v3.3,315b8c39022042af,fermi,common,2,0.5,1.1,1,6.214114942884651e-16,-0.002119046544861232,1.3950064020606945e-10,"[0.5696620314329365,0.3539653940425649,0.07637257452449872]"
v3.3,315b8c39022042af,fermi,common,2,0.5,1.15,1,1.1311775512500227e-15,-0.002108819650714123,8.447735913574839e-11,"[0.5692417407121998,0.3525026434244572,0.07825561586334318]"
v3.3,315b8c39022042af,fermi,common,2,0.5,1.2,1,1.3610283137267565e-15,-0.0021076745829495605,7.564117734948361e-11,"[0.5689075164165539,0.3509360825567804,0.08015640102666576]"
v3.3,315b8c39022042af,fermi,common,2,0.5,1.25,1,9.897347449479469e-15,-0.0021144002070761433,7.206335181364487e-11,"[0.5686506553901886,0.34927869606115797,0.08207064854865355]"
v3.3,315b8c39022042af,fermi,common,2,0.5,1.3,1,1.2635783134782404e-15,-0.0021278231962865123,4.976494563657674e-11,"[0.5684625216920771,0.3475431138632361,0.08399436444468678]"
v3.3,315b8c39022042af,fermi,common,2,0.5,1.35,1,1.0702983775673123e-15,-0.002146826088211415,3.520046060190296e-11,"[0.5683347069149022,0.3457414494490304,0.08592384363606753]"
v3.3,315b8c39022042af,fermi,common,2,0.5,1.4,1,9.071059229875537e-16,-0.0021703597365488325,7.213555447416198e-11,"[0.5682591499508852,0.3438851822597189,0.08785566778939591]"
v3.3,315b8c39022042af,fermi,common,3,0.3333333333333333,0.05,1,1.5172568684280453e-15,-0.004432107329183033,8.480616209283198e-11,"[0.5951337344553574,0.35428778460928967,0.05057848093535291]"
v3.3,315b8c39022042af,fermi,common,3,0.3333333333333333,0.1,1,1.1947225739032836e-13,-0.004385761050778703,1.4069227033397524e-10,"[0.5949192101063125,0.35440785412398196,0.050672935769705434]"
v3.3,315b8c39022042af,fermi,common,3,0.3333333333333333,0.15,1,1.367658120370192e-10,-0.004310253074543496,1.4565151168488555e-10,"[0.5945695132041479,0.35460113110506536,0.05082935569078681]"
v3.3,315b8c39022042af,fermi,common,3,0.3333333333333333,0.2,1,5.786108459761854e-13,-0.004208050000129936,2.3173552660127328e-10,"[0.5940955908255078,0.3548580917277768,0.05104631744671532]"
v3.3,315b8c39022042af,fermi,common,3,0.3333333333333333,0.25,1,5.076763469443341e-12,-0.004082363591257056,7.250158112759308e-11,"[0.5935112857953508,0.35516673584360703,0.05132197836104202]"
v3.3,315b8c39022042af,fermi,common,3,0.3333333333333333,0.3,1,2.929845764397714e-11,-0.003936929797992643,1.3829106609852815e-10,"[0.5928321481742655,0.35551365936719875,0.05165419245853575]"
v3.3,315b8c39022042af,fermi,common,3,0.3333333333333333,0.35,1,1.286730149622239e-13,-0.0037757881312381752,1.6307075828558837e-10,"[0.5920742553729152,0.35588512039953063,0.052040624227554115]"
v3.3,315b8c39022042af,fermi,common,3,0.3333333333333333,0.4,1,5.649256056039535e-13,-0.0036030666114121174,7.113511168999054e-11,"[0.5912531701664467,0.35626798040849894,0.052478849425054284]"
v3.3,315b8c39022042af,fermi,common,3,0.3333333333333333,0.45,1,2.4985560932097608e-12,-0.0034227928805281443,1.5950410436893492e-10,"[0.5903831249723712,0.3566504379250978,0.05296643710253098]"
v3.3,315b8c39022042af,fermi,common,3,0.3333333333333333,0.5,1,3.3218388111692546e-11,-0.0032387476685510064,1.4983685819869308e-10,"[0.5894764714286947,0.35702251797181245,0.053501010599492846]"
v3.3,315b8c39022042af,fermi,common,3,0.3333333333333333,0.55,1,6.438435100524172e-13,-0.003054359059198465,1.4829622946299637e-10,"[0.5885433862385706,0.3573763253258528,0.05408028843557652]"
v3.3,315b8c39022042af,fermi,common,3,0.3333333333333333,0.6,1,8.074004926699746e-13,-0.0028726414396858385,1.4757784577712485e-10,"[0.5875917998880035,0.3577060928654184,0.05470210724657816]"
v3.3,315b8c39022042af,fermi,common,3,0.3333333333333333,0.65,1,4.762653472832627e-12,-0.0026961655640747317,1.0251586385345846e-10,"[0.5866274937880314,0.3580080759589139,0.05536443025305485]"
v3.3,315b8c39022042af,fermi,common,3,0.3333333333333333,0.7,1,2.7806499541027183e-12,-0.0025270592010111816,1.1931198737324955e-10,"[0.5856543152755352,0.35828034014984905,0.05606534457461576]"
v3.3,315b8c39022042af,fermi,common,3,0.3333333333333333,0.75,1,1.5496223954092223e-12,-0.002367026581205592,1.1899107740798165e-10,"[0.584674459395965,0.35852248960496375,0.05680305099907128]"
v3.3,315b8c39022042af,fermi,common,3,0.3333333333333333,0.8,1,1.352858222056338e-12,-0.0022173804409542155,2.099736981509004e-10,"[0.5836887777970764,0.3587353729467473,0.05757584925617633]"
v3.3,315b8c39022042af,fermi,common,3,0.3333333333333333,0.85,1,1.4429321426341124e-12,-0.0020790814310510525,1.907653722488245e-10,"[0.5826970852266784,0.3589207934607822,0.05838212131253938]"
v3.3,315b8c39022042af,fermi,common,3,0.3333333333333333,0.9,1,1.5156841394843009e-12,-0.0019527803808663292,1.3185708080953873e-10,"[0.5816984436795062,0.35908124171869477,0.05922031460179896]"
v3.3,315b8c39022042af,fermi,common,3,0.3333333333333333,0.95,1,1.5747006673395146e-12,-0.001838860589622647,1.446235214919156e-10,"[0.5806914126108647,0.35921966087618556,0.06008892651294971]"
v3.3,315b8c39022042af,fermi,common,3,0.3333333333333333,1.0,1,1.6240627735149941e-12,-0.0017374782050658816,1.1132957056236847e-10,"[0.5796742599788985,0.3593392490803276,0.06098649094077398]"
v3.3,315b8c39022042af,fermi,common,3,0.3333333333333333,1.05,1,1.6674025544620675e-12,-0.0016485996210667646,1.0927855148556986e-10,"[0.5786451333841569,0.35944329931907365,0.06191156729676942]"
v3.3,315b8c39022042af,fermi,common,3,0.3333333333333333,1.1,1,2.7726694131114846e-12,-0.0015720353191035,1.19885521648877e-10,"[0.5776021935081894,0.35953507441729443,0.06286273207451608]"
v3.3,315b8c39022042af,fermi,common,3,0.3333333333333333,1.15,1,1.7474432171677987e-12,-0.0015074699515472238,9.13982813044445e-11,"[0.576543713718341,0.35961771342579124,0.06383857285586772]"
v3.3,315b8c39022042af,fermi,common,3,0.3333333333333333,1.2,1,1.7866089726789118e-12,-0.0014544887920757525,9.748794480013423e-11,"[0.5754681506135622,0.3596941648687583,0.0648376845176795]"
v3.3,315b8c39022042af,fermi,common,3,0.3333333333333333,1.25,1,1.825281828034542e-12,-0.0014126006017490776,1.0600790731341014e-10,"[0.5743741902333815,0.3597671424371813,0.06585866732943718]"
v3.3,315b8c39022042af,fermi,common,3,0.3333333333333333,1.3,1,1.862122789771383e-12,-0.001381257337854238,1.0478807752067887e-10,"[0.5732607747222538,0.3598390986656021,0.06690012661214406]"
v3.3,315b8c39022042af,fermi,common,3,0.3333333333333333,1.35,1,1.8956079291606747e-12,-0.0013598708730076237,1.0296316230173908e-10,"[0.5721271135747349,0.35991221279259794,0.06796067363266717]"
v3.3,315b8c39022042af,fermi,common,3,0.3333333333333333,1.4,1,1.9236187721209106e-12,-0.0013478271208541594,6.01188890336779e-11,"[0.5709726831580906,0.35998838940860334,0.06903892743330597]"
v3.3,315b8c39022042af,fermi,common,5,0.2,0.05,1,2.8025792551490913e-17,-0.004435907275057556,1.4772772588544925e-10,"[0.5951799936294646,0.3542617381057089,0.05055826826482647]"
v3.3,315b8c39022042af,fermi,common,5,0.2,0.1,1,2.0119917993891663e-15,-0.004400712264123641,2.1386584170279832e-10,"[0.595102414460145,0.3543052599326295,0.05059232560722543]"
v3.3,315b8c39022042af,fermi,common,5,0.2,0.15,1,1.2307699532065711e-10,-0.0043429822889642505,2.392606529566521e-10,"[0.5949750497782371,0.35437608840036894,0.050648861821393915]"
v3.3,315b8c39022042af,fermi,common,5,0.2,0.2,1,3.638193076319669e-15,-0.0042640449959096965,1.5008096848623254e-10,"[0.5948006389621823,0.35447181426807167,0.050727546769746064]"
v3.3,315b8c39022042af,fermi,common,5,0.2,0.25,1,3.17425411296375e-12,-0.004165651476485684,8.353799596516609e-11,"[0.5945827261111057,0.35458933905963075,0.05082793482926359]"
v3.3,315b8c39022042af,fermi,common,5,0.2,0.3,1,1.9254374640408475e-13,-0.004049870461033639,1.4378002954895663e-10,"[0.5943254163686323,0.3547251037151569,0.050949479916210745]"
v3.3,315b8c39022042af,fermi,common,5,0.2,0.35,1,8.52302495069798e-13,-0.003918988450409701,2.3144303834543578e-10,"[0.594033131137825,0.3548753167575922,0.05109155210458292]"
v3.3,315b8c39022042af,fermi,common,5,0.2,0.4,1,3.049365588295358e-12,-0.0037754061527813104,1.4579468188280487e-10,"[0.593710380003094,0.3550361649130796,0.05125345508382635]"
v3.3,315b8c39022042af,fermi,common,5,0.2,0.45,1,2.581198727796322e-11,-0.0036215456797109927,1.4425304700749209e-10,"[0.5933615701106739,0.3552039866142979,0.0514344432750283]"
v3.3,315b8c39022042af,fermi,common,5,0.2,0.5,1,2.4726254414082108e-11,-0.0034597712051042118,2.113381275536952e-10,"[0.5929908609421629,0.3553754011964003,0.05163373786143678]"
v3.3,315b8c39022042af,fermi,common,5,0.2,0.55,1,8.069433196984975e-12,-0.0032923277653651092,1.3706798196455594e-10,"[0.5926020666407349,0.35554739218550874,0.05185054117375623]"
v3.3,315b8c39022042af,fermi,common,5,0.2,0.6,1,4.200930777071579e-12,-0.003121295796192587,1.2238606655889939e-10,"[0.5921986004503331,0.3557173503699054,0.05208404917976151]"
v3.3,315b8c39022042af,fermi,common,5,0.2,0.65,1,2.062223689438666e-12,-0.002948561521911596,1.228173500400498e-10,"[0.591783454311747,0.3558830836125853,0.052333462075667796]"
v3.3,315b8c39022042af,fermi,common,5,0.2,0.7,1,6.837464842421491e-13,-0.0027758016470627415,2.1284700391088762e-10,"[0.5913592055508763,0.35604280152317325,0.05259799292595045]"
v3.3,315b8c39022042af,fermi,common,5,0.2,0.75,1,1.4431056736276846e-12,-0.002604478987458355,1.4293166997192408e-10,"[0.5909280420020803,0.35619508340660705,0.052876874591312684]"
v3.3,315b8c39022042af,fermi,common,5,0.2,0.8,1,3.0479402509862527e-12,-0.002435846847536078,2.3065940824018583e-10,"[0.5904917986671162,0.35633883623554374,0.05316936509734003]"
v3.3,315b8c39022042af,fermi,common,5,0.2,0.85,1,2.1644340272917084e-14,-0.0022709597749236213,1.1538407035383003e-10,"[0.5900520002356476,0.3564732481304769,0.05347475163387541]"
v3.3,315b8c39022042af,fermi,common,5,0.2,0.9,1,2.394149099546825e-14,-0.002110688693232613,6.566667348772981e-11,"[0.589609905265708,0.3565977413762671,0.053792353358024805]"
v3.3,315b8c39022042af,fermi,common,5,0.2,0.95,1,2.6001222518130375e-14,-0.0019557382658747166,1.0939588818148493e-10,"[0.5891665488464195,0.3567119279682976,0.05412152318528292]"
v3.3,315b8c39022042af,fermi,common,5,0.2,1.0,1,2.774409843873668e-14,-0.0018066656970601828,6.713021111215411e-11,"[0.5887227820916955,0.3568155692214162,0.054461648686888346]"
v3.3,315b8c39022042af,fermi,common,5,0.2,1.05,1,2.9076587188446984e-14,-0.0016638993075790143,1.897803719730362e-10,"[0.5882793072002906,0.35690854055318666,0.05481215224652268]"
v3.3,315b8c39022042af,fermi,common,5,0.2,1.1,1,1.2564432099828331e-10,-0.0015277573111667983,7.822053421646658e-11,"[0.5878367081466234,0.3569908012927643,0.055172490560612325]"
v3.3,315b8c39022042af,fermi,common,5,0.2,1.15,1,3.060012754931818e-14,-0.0013984604861207103,1.2856383665993398e-10,"[0.5873954737040636,0.3570623724845317,0.05554215381140464]"
v3.3,315b8c39022042af,fermi,common,5,0.2,1.2,1,3.082081213218364e-14,-0.001276155295103519,1.1072396124967021e-10,"[0.5869560228263266,0.3571233132008487,0.055920663972824636]"
v3.3,315b8c39022042af,fermi,common,5,0.2,1.25,1,3.0581989261140326e-14,-0.0011609192716617658,1.1957853110478034e-10,"[0.5865187165349296,0.35717371004460946,0.056307573420460964]"
v3.3,315b8c39022042af,fermi,common,5,0.2,1.3,1,4.0811796921136607e-14,-0.0010527766935626917,1.9830495232020517e-10,"[0.5860838731154162,0.3572136640257273,0.05670246285885657]"
v3.3,315b8c39022042af,fermi,common,5,0.2,1.35,1,2.219746288478325e-13,-0.0009517077808565526,1.1621301490571945e-10,"[0.5856517774029627,0.35724328330756233,0.057104939289475014]"
v3.3,315b8c39022042af,fermi,common,5,0.2,1.4,1,1.0619016140490248e-12,-0.0008576571159314844,9.160611158520737e-11,"[0.5852226879517259,0.35726267817501783,0.057514633873256185]"
v3.3,315b8c39022042af,fermi,common,10,0.1,0.05,1,6.912300475495828e-15,-0.00444089814265948,1.4023178451783025e-10,"[0.5951995313191756,0.3542507311887719,0.05054973749205259]"
v3.3,315b8c39022042af,fermi,common,10,0.1,0.1,1,1.8438366202365104e-13,-0.0044204813678773575,2.3750786753984343e-10,"[0.5951800519430509,0.3542616856938243,0.05055826236312483]"
v3.3,315b8c39022042af,fermi,common,10,0.1,0.15,1,1.2854752669545643e-10,-0.004386748637265597,1.4205116249943472e-10,"[0.5951478533150888,0.3542797052202797,0.050572441464631634]"
v3.3,315b8c39022042af,fermi,common,10,0.1,0.2,1,2.0451032643697826e-16,-0.00434012698494237,7.408613306170153e-11,"[0.5951033208579591,0.3543044474013891,0.05059223174065188]"
v3.3,315b8c39022042af,fermi,common,10,0.1,0.25,1,6.21975152817816e-16,-0.004281198446253978,7.126829681958213e-11,"[0.5950469716994042,0.3543354548026292,0.050617573497966674]"
v3.3,315b8c39022042af,fermi,common,10,0.1,0.3,1,1.2976416463008906e-15,-0.004210670596039495,2.3230854045985794e-10,"[0.5949794286725539,0.3543721799780737,0.050648391349372414]"
v3.3,315b8c39022042af,fermi,common,10,0.1,0.35,1,2.3771690892387146e-15,-0.004129358059491807,1.456414641665127e-10,"[0.5949013975792471,0.3544140074037953,0.05068459501695755]"
v3.3,315b8c39022042af,fermi,common,10,0.1,0.4,1,4.000279135268164e-15,-0.004038156628610873,1.3778548441090166e-10,"[0.5948136415666547,0.3544602780064346,0.05072608042691062]"
v3.3,315b8c39022042af,fermi,common,10,0.1,0.45,1,1.0524559818799415e-14,-0.00393801851420509,2.1553525630935155e-10,"[0.594716956994139,0.35451031209107486,0.05077273091478624]"
v3.3,315b8c39022042af,fermi,common,10,0.1,0.5,1,6.944907595567968e-12,-0.0038299286647407726,2.2549222211676323e-10,"[0.5946121516864272,0.3545634297868001,0.0508244185267725]"
v3.3,315b8c39022042af,fermi,common,10,0.1,0.55,1,3.3766990563506103e-12,-0.0037148828407331594,1.9122444600006006e-10,"[0.594500026232997,0.3546189683773793,0.05088100538962383]"
v3.3,315b8c39022042af,fermi,common,10,0.1,0.6,1,1.4499473009049374e-12,-0.0035938689797987075,7.730648760029268e-11,"[0.5943813590887373,0.35467629582555504,0.0509423450857077]"
v3.3,315b8c39022042af,fermi,common,10,0.1,0.65,1,3.4682723286861637e-13,-0.003467850763720859,1.5712572215553777e-10,"[0.594256894929685,0.35473482103150894,0.05100828403880599]"
v3.3,315b8c39022042af,fermi,common,10,0.1,0.7,1,6.894663236606933e-13,-0.003337754884498924,1.415859859910107e-10,"[0.5941273365072716,0.35479400064471583,0.05107866284801271]"
v3.3,315b8c39022042af,fermi,common,10,0.1,0.75,1,1.2987428913178679e-12,-0.0032044608679349454,1.324485660036956e-10,"[0.5939933393761332,0.3548533430620259,0.051153317561840966]"
v3.3,315b8c39022042af,fermi,common,10,0.1,0.8,1,2.3338345647726337e-12,-0.003068793936572549,1.5111575532578136e-10,"[0.5938555091020083,0.3549124100280339,0.051232080869957744]"
v3.3,315b8c39022042af,fermi,common,10,0.1,0.85,1,4.023525037704271e-12,-0.0029315201966391147,1.502320282065206e-10,"[0.5937144004302694,0.35497081636748135,0.05131478320224926]"
v3.3,315b8c39022042af,fermi,common,10,0.1,0.9,1,6.68559472699657e-12,-0.0027933439713974315,6.930543985927962e-11,"[0.5935705179745828,0.3550282282984637,0.05140125372695332]"
v3.3,315b8c39022042af,fermi,common,10,0.1,0.95,1,1.0749049746258033e-11,-0.0026549068695072876,1.420848577682321e-10,"[0.5934243180134885,0.3550843607412783,0.05149132124523319]"
v3.3,315b8c39022042af,fermi,common,10,0.1,1.0,1,1.677812670776337e-11,-0.0025167883281274825,7.27444667003585e-11,"[0.5932762110486886,0.3551389739685348,0.05158481498277662]"
v3.3,315b8c39022042af,fermi,common,10,0.1,1.05,1,2.5497622103506344e-11,-0.002379507154743974,1.399216957576055e-10,"[0.5931265648428823,0.3551918698754551,0.051681565281662525]"
v3.3,315b8c39022042af,fermi,common,10,0.1,1.1,1,1.58618376145854e-14,-0.0022435238181037973,1.274343859603011e-10,"[0.5929757075864684,0.3552428882022552,0.051781404211276354]"
v3.3,315b8c39022042af,fermi,common,10,0.1,1.15,1,2.6198713061477795e-14,-0.002109244236048545,2.2907944638439481e-10,"[0.5928239317379745,0.35529190223258045,0.05188416602944481]"
v3.3,315b8c39022042af,fermi,common,10,0.1,1.2,1,4.209291665064293e-14,-0.0019770221081826,7.060653797741345e-11,"[0.5926714967597307,0.3553388155645444,0.05198968767572486]"
v3.3,315b8c39022042af,fermi,common,10,0.1,1.25,1,6.589652617401874e-14,-0.001847163129850768,6.755016684900639e-11,"[0.5925186327234699,0.3553835581894311,0.052097809087099]"
v3.3,315b8c39022042af,fermi,common,10,0.1,1.3,1,1.0069643651443024e-13,-0.0017199287787080207,6.555589404655393e-11,"[0.5923655432794961,0.3554260832239027,0.05220837349660139]"
v3.3,315b8c39022042af,fermi,common,10,0.1,1.35,1,1.8420111295127896e-11,-0.0015955399687551351,2.1200685651479034e-10,"[0.5922124085691898,0.3554663637698564,0.05232122766095385]"
v3.3,315b8c39022042af,fermi,common,10,0.1,1.4,1,3.659039654262067e-11,-0.0014741804154573337,1.155646273121036e-10,"[0.5920593876395177,0.35550439030779674,0.05243622205268546]"
v3.3,315b8c39022042af,fermi,common,20,0.05,0.05,1,1.1551446449309e-16,-0.00444408469762856,2.181184260985347e-10,"[0.5952044206377768,0.35424797518019613,0.05054760418202709]"
v3.3,315b8c39022042af,fermi,common,20,0.05,0.1,1,6.866150700847024e-15,-0.004433163013373223,7.196659934649574e-11,"[0.5951995386410496,0.3542507246055582,0.05054973675339228]"
v3.3,315b8c39022042af,fermi,common,20,0.05,0.15,1,1.3528593246298688e-10,-0.004415043063519801,7.244271155171234e-11,"[0.5951914373990194,0.3542552752483602,0.05055328735262044]"
v3.3,315b8c39022042af,fermi,common,20,0.05,0.2,1,3.605150115423104e-14,-0.004389843100294354,7.78620154462395e-11,"[0.5951801672534259,0.35426158217780446,0.050558250568769635]"
v3.3,315b8c39022042af,fermi,common,20,0.05,0.25,1,2.634360394821089e-12,-0.004357732115148075,2.333761378592314e-10,"[0.5951657997442988,0.3542695815618013,0.050564618693899846]"
v3.3,315b8c39022042af,fermi,common,20,0.05,0.3,1,1.3495618355142569e-13,-0.004318916916927165,1.409381431005663e-10,"[0.5951484217863172,0.35427919622863685,0.05057238198504592]"
v3.3,315b8c39022042af,fermi,common,20,0.05,0.35,1,3.639741699668327e-17,-0.0042736431463129,6.498299814916564e-11,"[0.5951281357180586,0.3542903356901522,0.050581528591789195]"
v3.3,315b8c39022042af,fermi,common,20,0.05,0.4,1,3.7413400387641077e-17,-0.004222189657771609,7.224273262940173e-11,"[0.5951050565560468,0.3543028988101865,0.050592044633766646]"
v3.3,315b8c39022042af,fermi,common,20,0.05,0.45,1,3.118428273527827e-17,-0.004164863842933339,1.451751219239128e-10,"[0.5950793096531397,0.35431677608196616,0.050603914264894245]"
v3.3,315b8c39022042af,fermi,common,20,0.05,0.5,1,4.208147504425941e-12,-0.004101996607344803,7.528495882258568e-11,"[0.5950510283180298,0.3543318519347284,0.050617119747241736]"
v3.3,315b8c39022042af,fermi,common,20,0.05,0.55,1,1.7475887867735875e-12,-0.004033937197093322,1.4946825027672972e-10,"[0.5950203514431076,0.3543480070166572,0.05063164154023505]"
v3.3,315b8c39022042af,fermi,common,20,0.05,0.6,1,5.119705589656754e-13,-0.003961048593430785,1.429681928399873e-10,"[0.5949874214390438,0.35436512017331906,0.050647458387637095]"
v3.3,315b8c39022042af,fermi,common,20,0.05,0.65,1,1.1508680035322585e-12,-0.0038837025704186873,1.511116440311433e-10,"[0.5949523821795488,0.35438307039485556,0.050664547425595674]"
v3.3,315b8c39022042af,fermi,common,20,0.05,0.7,1,2.0242441900027006e-15,-0.003802275384903034,7.581056615801884e-11,"[0.5949153772608774,0.3544017384479511,0.05068288429117138]"
v3.3,315b8c39022042af,fermi,common,20,0.05,0.75,1,1.8541277509906016e-16,-0.0037171438458077494,1.2337755123104088e-10,"[0.5948765485296419,0.3544210082354374,0.05070244323492065]"
v3.3,315b8c39022042af,fermi,common,20,0.05,0.8,1,2.4339096964853744e-16,-0.0036286816836355665,1.5235204070540576e-10,"[0.59483603478969,0.3544407679687149,0.05072319724159507]"
v3.3,315b8c39022042af,fermi,common,20,0.05,0.85,1,5.163062676207654e-15,-0.0035372564472484005,7.726357054149702e-11,"[0.5947939707972708,0.3544609110525979,0.05074511815013143]"
v3.3,315b8c39022042af,fermi,common,20,0.05,0.9,1,1.097211074720272e-12,-0.003443226827353915,7.530662204935368e-11,"[0.594750486463475,0.3544813367609314,0.050768176775593706]"
v3.3,315b8c39022042af,fermi,common,20,0.05,0.95,1,1.4592293758813024e-14,-0.003346940376506305,1.4908328044294095e-10,"[0.5947057062427964,0.3545019507254648,0.05079234303173878]"
v3.3,315b8c39022042af,fermi,common,20,0.05,1.0,1,2.3377354647454954e-14,-0.003248731793474381,1.4666267506013853e-10,"[0.5946597487542119,0.3545226651971117,0.05081758604867637]"
v3.3,315b8c39022042af,fermi,common,20,0.05,1.05,1,3.653064040551694e-14,-0.0031489213764261635,6.676509345382442e-11,"[0.5946127264884749,0.354543399219422,0.05084387429210317]"
v3.3,315b8c39022042af,fermi,common,20,0.05,1.1,1,5.5737982746586987e-14,-0.003047813981750188,2.0517620241689016e-10,"[0.5945647456997804,0.35456407862459405,0.05087117567562559]"
v3.3,315b8c39022042af,fermi,common,20,0.05,1.15,1,2.630979744711615e-11,-0.002945698498554486,7.353088971040478e-11,"[0.5945159064728406,0.3545846358621886,0.05089945766497078]"
v3.3,315b8c39022042af,fermi,common,20,0.05,1.2,1,4.446098254690237e-12,-0.002842846415130218,1.504098963434064e-10,"[0.5944663023733039,0.35460501022057295,0.05092868740612328]"
v3.3,315b8c39022042af,fermi,common,20,0.05,1.25,1,1.748103905537577e-13,-0.0027395133394593277,1.442214611624415e-10,"[0.5944160213879414,0.35462514683413177,0.050958831777926844]"
v3.3,315b8c39022042af,fermi,common,20,0.05,1.3,1,1.3478888290378106e-12,-0.002635937415459772,1.438346004800639e-10,"[0.5943651453959641,0.35464499707747327,0.05098985752656265]"
v3.3,315b8c39022042af,fermi,common,20,0.05,1.35,1,3.428030341073889e-13,-0.0025323400851599183,6.923895831678628e-11,"[0.5943137506741228,0.35466451798964405,0.05102173133623311]"
v3.3,315b8c39022042af,fermi,common,20,0.05,1.4,1,4.692074142484801e-13,-0.0024289263994934397,1.4715626633909906e-10,"[0.5942619081796214,0.3546836719111727,0.051054419909205825]"
v3.3,315b8c39022042af,fermi,common,inf,0.0,0.05,1,7.705193982742313e-18,-0.004447733509459442,7.686387637484415e-11,"[0.5952060514993919,0.354247055542506,0.05054689295810217]"
v3.3,315b8c39022042af,fermi,common,inf,0.0,0.1,1,7.705193982742313e-18,-0.004447733509459477,7.685696523651586e-11,"[0.5952060514993919,0.354247055542506,0.05054689295810217]"
v3.3,315b8c39022042af,fermi,common,inf,0.0,0.15,1,7.705193982742313e-18,-0.004447733509459574,7.684639036220631e-11,"[0.5952060514993919,0.354247055542506,0.05054689295810217]"
v3.3,315b8c39022042af,fermi,common,inf,0.0,0.2,1,7.705193982742313e-18,-0.004447733509459782,7.6830743156453e-11,"[0.5952060514993919,0.354247055542506,0.05054689295810217]"
v3.3,315b8c39022042af,fermi,common,inf,0.0,0.25,1,7.705193982742313e-18,-0.004447733509459997,7.681113384228055e-11,"[0.5952060514993919,0.354247055542506,0.05054689295810217]"
v3.3,315b8c39022042af,fermi,common,inf,0.0,0.3,1,7.705193982742313e-18,-0.00444773350946033,7.67868754691925e-11,"[0.5952060514993919,0.354247055542506,0.05054689295810217]"
v3.3,315b8c39022042af,fermi,common,inf,0.0,0.35,1,7.705193982742313e-18,-0.004447733509460407,7.675814844843032e-11,"[0.5952060514993919,0.354247055542506,0.05054689295810217]"
v3.3,315b8c39022042af,fermi,common,inf,0.0,0.4,1,7.705193982742313e-18,-0.00444773350946108,7.672477930764643e-11,"[0.5952060514993919,0.354247055542506,0.05054689295810217]"
v3.3,315b8c39022042af,fermi,common,inf,0.0,0.45,1,7.705193982742313e-18,-0.004447733509461517,7.668723295273239e-11,"[0.5952060514993919,0.354247055542506,0.05054689295810217]"
v3.3,315b8c39022042af,fermi,common,inf,0.0,0.5,1,7.705193982742313e-18,-0.0044477335094620235,7.6645523261476e-11,"[0.5952060514993919,0.354247055542506,0.05054689295810217]"
v3.3,315b8c39022042af,fermi,common,inf,0.0,0.55,1,7.705193982742313e-18,-0.004447733509462461,7.659919226687961e-11,"[0.5952060514993919,0.354247055542506,0.05054689295810217]"
v3.3,315b8c39022042af,fermi,common,inf,0.0,0.6,1,7.705193982742313e-18,-0.0044477335094631615,7.654848283022986e-11,"[0.5952060514993919,0.354247055542506,0.05054689295810217]"
v3.3,315b8c39022042af,fermi,common,inf,0.0,0.65,1,7.705193982742313e-18,-0.004447733509463536,7.649321454028524e-11,"[0.5952060514993919,0.354247055542506,0.05054689295810217]"
v3.3,315b8c39022042af,fermi,common,inf,0.0,0.7,1,7.705193982742313e-18,-0.004447733509464362,7.64340118974971e-11,"[0.5952060514993919,0.354247055542506,0.05054689295810217]"
v3.3,315b8c39022042af,fermi,common,inf,0.0,0.75,1,7.705193982742313e-18,-0.0044477335094649725,7.637018101247506e-11,"[0.5952060514993919,0.354247055542506,0.05054689295810217]"
v3.3,315b8c39022042af,fermi,common,inf,0.0,0.8,1,7.705193982742313e-18,-0.004447733509465715,7.630127779600926e-11,"[0.5952060514993919,0.354247055542506,0.05054689295810217]"
v3.3,315b8c39022042af,fermi,common,inf,0.0,0.85,1,7.705193982742313e-18,-0.00444773350946686,7.622903697157568e-11,"[0.5952060514993919,0.354247055542506,0.05054689295810217]"
v3.3,315b8c39022042af,fermi,common,inf,0.0,0.9,1,7.705193982742313e-18,-0.004447733509467207,7.615154340445685e-11,"[0.5952060514993919,0.354247055542506,0.05054689295810217]"
v3.3,315b8c39022042af,fermi,common,inf,0.0,0.95,1,7.705193982742313e-18,-0.0044477335094684906,7.607033752909942e-11,"[0.5952060514993919,0.354247055542506,0.05054689295810217]"
v3.3,315b8c39022042af,fermi,common,inf,0.0,1.0,1,7.705193982742313e-18,-0.004447733509469552,7.598439238920562e-11,"[0.5952060514993919,0.354247055542506,0.05054689295810217]"
v3.3,315b8c39022042af,fermi,common,inf,0.0,1.05,1,7.705193982742313e-18,-0.004447733509470572,7.589336104008026e-11,"[0.5952060514993919,0.354247055542506,0.05054689295810217]"
v3.3,315b8c39022042af,fermi,common,inf,0.0,1.1,1,7.705193982742313e-18,-0.004447733509471363,7.579917249422863e-11,"[0.5952060514993919,0.354247055542506,0.05054689295810217]"
v3.3,315b8c39022042af,fermi,common,inf,0.0,1.15,1,7.705193982742314e-18,-0.004447733509472626,7.569972426679783e-11,"[0.5952060514993919,0.354247055542506,0.05054689295810217]"
v3.3,315b8c39022042af,fermi,common,inf,0.0,1.2,1,7.705193982742313e-18,-0.004447733509473931,7.559597392514661e-11,"[0.5952060514993919,0.354247055542506,0.05054689295810217]"
v3.3,315b8c39022042af,fermi,common,inf,0.0,1.25,1,7.705193982742313e-18,-0.004447733509475013,7.548800473600181e-11,"[0.5952060514993919,0.354247055542506,0.05054689295810217]"
v3.3,315b8c39022042af,fermi,common,inf,0.0,1.3,1,7.705193982742313e-18,-0.004447733509512948,7.541216262563211e-11,"[0.5952060514993919,0.354247055542506,0.05054689295810217]"
v3.3,315b8c39022042af,fermi,common,inf,0.0,1.35,1,7.705193982742313e-18,-0.00444773350964444,7.542545060745809e-11,"[0.5952060514993919,0.354247055542506,0.05054689295810217]"
v3.3,315b8c39022042af,fermi,common,inf,0.0,1.4,1,7.705193982742313e-18,-0.004447733509780796,7.543962676770377e-11,"[0.5952060514993919,0.354247055542506,0.05054689295810217]"
v3.3,315b8c39022042af,arctan,independent,1,1.0,0.05,1,1.9075750823170033e-10,-0.003941164197779137,1.4144262844295596e-10,"[0.5936291558070121,0.3555015764938277,0.05086926769916009]"
v3.3,315b8c39022042af,arctan,independent,1,1.0,0.1,1,8.014230093425739e-12,-0.0025084817156157332,2.2131336346875585e-10,"[0.589225457699578,0.35898578669411174,0.05178875560631029]"
v3.3,315b8c39022042af,arctan,independent,1,1.0,0.15,1,1.8576140775878693e-11,-0.0004268563627180047,1.9080703683727052e-10,"[0.5827673285567607,0.36403149354422715,0.053201177899012075]"
v3.3,315b8c39022042af,arctan,independent,1,1.0,0.2,1,6.644771698270741e-13,0.0019413148767964405,6.215861159120095e-11,"[0.5751145785821624,0.3698850103934176,0.055000411024419986]"
v3.3,315b8c39022042af,arctan,independent,1,1.0,0.25,1,5.7503800689707815e-12,0.004310777037883906,6.287945858440835e-11,"[0.5669907935743744,0.3759125284762713,0.05709667794935421]"
v3.3,315b8c39022042af,arctan,independent,1,1.0,0.3,1,3.862892253341604e-12,0.006521409615804913,1.9899622227814717e-10,"[0.5589074943882024,0.3816764867630905,0.05941601884870711]"
v3.3,315b8c39022042af,arctan,independent,1,1.0,0.35,1,1.6760701101788672e-12,0.008507392982564147,1.77628394631979e-10,"[0.5511774302085413,0.3869248333629026,0.06189773642855624]"
v3.3,315b8c39022042af,arctan,independent,1,1.0,0.4,1,9.458447922189845e-13,0.010256225567830235,1.6870181987482802e-10,"[0.5439633280017884,0.39154408332669177,0.06449258867151988]"
v3.3,315b8c39022042af,arctan,independent,1,1.0,0.45,1,9.023070513867023e-13,0.011780565999948912,1.415426664763686e-10,"[0.5373287602866792,0.3955100363182712,0.06716120339504954]"
v3.3,315b8c39022042af,arctan,independent,1,1.0,0.5,1,4.3963674674553025e-13,0.01310267685593778,1.4922244342963076e-10,"[0.5312779584269088,0.39884955511762077,0.06987248645547041]"
v3.3,315b8c39022042af,arctan,independent,1,1.0,0.55,1,2.7810126333211277e-13,0.01424680862491914,7.585793104780691e-11,"[0.5257829121605135,0.4016149869577395,0.072602100881747]"
v3.3,315b8c39022042af,arctan,independent,1,1.0,0.6,1,1.7111721304736926e-13,0.015235864878934885,7.423182207810797e-11,"[0.5208003058458333,0.4038685735829059,0.07533112057126087]"
v3.3,315b8c39022042af,arctan,independent,1,1.0,0.65,1,1.0351292753085057e-13,0.016090191400643175,7.670715104768355e-11,"[0.5162814479605152,0.405673647574652,0.07804490446483273]"
v3.3,315b8c39022042af,arctan,independent,1,1.0,0.7,1,6.195519183921272e-14,0.016827349162504203,8.444130811247064e-11,"[0.5121777431795216,0.40709006851711366,0.08073218830336484]"
v3.3,315b8c39022042af,arctan,independent,1,1.0,0.75,1,3.6885206637585675e-14,0.017462302282136823,8.397135764504071e-11,"[0.5084434729352377,0.40817216035962195,0.08338436670514028]"
v3.3,315b8c39022042af,arctan,independent,1,1.0,0.8,1,4.906710744805801e-13,0.01800774954548385,1.1188955664764855e-10,"[0.5050370163000892,0.40896805243977263,0.08599493126013824]"
v3.3,315b8c39022042af,arctan,independent,1,1.0,0.85,1,3.1019481538279655e-13,0.018474476857465387,1.2927305059751149e-10,"[0.50192120376837,0.40951976418384206,0.08855903204778795]"
v3.3,315b8c39022042af,arctan,independent,1,1.0,0.9,1,8.684656087369445e-13,0.018871680153797164,5.420247584098092e-13,"[0.4990632143319302,0.40986365068645714,0.09107313498161265]"
v3.3,315b8c39022042af,arctan,independent,1,1.0,0.95,1,4.637750962611593e-15,0.019207242338769505,7.643680827174038e-12,"[0.4964342524192777,0.41003099462345743,0.09353475295726489]"
v3.3,315b8c39022042af,arctan,independent,1,1.0,1.0,1,2.7802069445728677e-15,0.01948796285332973,1.3733701675899823e-12,"[0.494009137344874,0.4100486289280043,0.09594223372712166]"
v3.3,315b8c39022042af,arctan,independent,1,1.0,1.05,1,1.6735474735343333e-15,0.019719744712443525,8.51102174848073e-12,"[0.4917658766521078,0.4099395318276991,0.09829459152019307]"
v3.3,315b8c39022042af,arctan,independent,1,1.0,1.1,1,1.2509535132363658e-11,0.01990774539998005,7.083406777796952e-12,"[0.48968525979523186,0.40972336766568246,0.10059137253908561]"
v3.3,315b8c39022042af,arctan,independent,1,1.0,1.15,1,9.19505785457228e-12,0.020056498555172896,9.576575643599483e-13,"[0.4877504882256565,0.4094169648366595,0.10283254693768414]"
v3.3,315b8c39022042af,arctan,independent,1,1.0,1.2,1,6.776774670958582e-12,0.0201700115491173,5.818585196992743e-12,"[0.4859468482677977,0.4090347302056014,0.10501842152660101]"
v3.3,315b8c39022042af,arctan,independent,1,1.0,1.25,1,5.009118955047104e-12,0.02025184471239181,2.5659092905971903e-12,"[0.4842614254454695,0.4085890055225473,0.10714956903198318]"
v3.3,315b8c39022042af,arctan,independent,1,1.0,1.3,1,3.7139276094048504e-12,0.020305175471869042,6.5774677371344126e-12,"[0.4826828581942081,0.4080903713227096,0.10922677048308224]"
v3.3,315b8c39022042af,arctan,independent,1,1.0,1.35,1,2.76244019277513e-12,0.020332850760976583,3.3972477608834595e-12,"[0.48120112645332674,0.40754790534465046,0.11125096820202275]"
v3.3,315b8c39022042af,arctan,independent,1,1.0,1.4,1,2.0613767224979345e-12,0.02033743020648721,4.15609560655561e-12,"[0.4798073708121322,0.40696940181320707,0.11322322737466074]"
v3.3,315b8c39022042af,arctan,independent,2,0.5,0.05,1,2.079552974641327e-10,-0.004249525614053722,1.352289391576278e-10,"[0.5948141233051577,0.35455796006592694,0.050627916628915415]"
v3.3,315b8c39022042af,arctan,independent,2,0.5,0.1,1,4.4478151709778945e-14,-0.0037131882151506396,1.37615766004906e-10,"[0.5937460063109846,0.3553909091897312,0.050863084499284304]"
v3.3,315b8c39022042af,arctan,independent,2,0.5,0.15,1,2.2811024534723393e-12,-0.002990553673361554,1.3060260511954525e-10,"[0.592257652907224,0.3565091359526455,0.051233211140130464]"
v3.3,315b8c39022042af,arctan,independent,2,0.5,0.2,1,4.2463912362360437e-13,-0.0022620213315686644,1.8886816416374685e-10,"[0.5906248600648544,0.3576592218975365,0.05171591803760917]"
v3.3,315b8c39022042af,arctan,independent,2,0.5,0.25,1,2.3955054013588452e-12,-0.001670272182535952,1.3997678710575556e-10,"[0.5890575016633633,0.35865181299302823,0.052290685343608465]"
v3.3,315b8c39022042af,arctan,independent,2,0.5,0.3,1,3.482660057331613e-12,-0.0012931744188033438,1.9377863549885355e-10,"[0.5876783924021262,0.3593811176835098,0.05294048991436416]"
v3.3,315b8c39022042af,arctan,independent,2,0.5,0.35,1,1.6737483549975178e-12,-0.0011515262869909795,1.4592797456525197e-10,"[0.5865386964650148,0.3598095595318655,0.05365174400311979]"
v3.3,315b8c39022042af,arctan,independent,2,0.5,0.4,1,1.2004333556529144e-12,-0.001229403622085106,1.4875476544995436e-10,"[0.5856426414640966,0.35994370185191976,0.054413656683983506]"
v3.3,315b8c39022042af,arctan,independent,2,0.5,0.45,1,1.779183545041195e-14,-0.0014927827436967515,1.4078802706984916e-10,"[0.5849686440977647,0.3598138286737454,0.05521752722848995]"
v3.3,315b8c39022042af,arctan,independent,2,0.5,0.5,1,5.493455656109167e-17,-0.0019020999911626632,1.18403981064219e-10,"[0.5844837430622518,0.3594600942943626,0.05605616264338567]"
v3.3,315b8c39022042af,arctan,independent,2,0.5,0.55,1,3.772117835097371e-12,-0.0024192668164552227,5.832340860267848e-11,"[0.5841522259818526,0.3589243152173123,0.05692345880083508]"
v3.3,315b8c39022042af,arctan,independent,2,0.5,0.6,1,5.015091092411409e-12,-0.0030109012458956128,1.25451208449201e-10,"[0.5839402251479788,0.35824565321648133,0.057814121635539825]"
v3.3,315b8c39022042af,arctan,independent,2,0.5,0.65,1,5.5240827163314634e-12,-0.0036493467407721497,8.569712300898757e-11,"[0.583817819312448,0.35745869158195026,0.05872348910560178]"
v3.3,315b8c39022042af,arctan,independent,2,0.5,0.7,1,5.4791993559375945e-12,-0.004312546850117463,7.091580100926365e-11,"[0.5837597133184027,0.3565928680755084,0.05964741860608891]"
v3.3,315b8c39022042af,arctan,independent,2,0.5,0.75,1,5.11757564872344e-12,-0.004983413746495115,1.7299351534605378e-10,"[0.5837451681911018,0.35567261775461034,0.060582214054287764]"
v3.3,315b8c39022042af,arctan,independent,2,0.5,0.8,1,4.61252175115668e-12,-0.005649036626008984,1.3476634738718296e-10,"[0.5837575774584935,0.3547178467922913,0.06152457574921511]"
v3.3,315b8c39022042af,arctan,independent,2,0.5,0.85,1,4.06577789625582e-12,-0.00629990088799064,1.0378060910642972e-10,"[0.5837839105398317,0.35374452670311424,0.06247156275705416]"
v3.3,315b8c39022042af,arctan,independent,2,0.5,0.9,1,3.531354063911929e-12,-0.006929192656876793,1.687741404965415e-10,"[0.5838141396530164,0.35276529835710946,0.06342056198987406]"
v3.3,315b8c39022042af,arctan,independent,2,0.5,0.95,1,3.0353992238818507e-12,-0.007532211423262783,9.150669458279914e-11,"[0.583840706792849,0.3517900323354281,0.06436926087172293]"
v3.3,315b8c39022042af,arctan,independent,2,0.5,1.0,1,2.589108867268782e-12,-0.008105889692837872,1.1012787556885506e-10,"[0.5838580541738303,0.35082632375398287,0.06531562207218695]"
v3.3,315b8c39022042af,arctan,independent,2,0.5,1.05,1,2.195351617488812e-12,-0.008648407969677249,1.157204713997384e-10,"[0.5838622239337633,0.34987991640968635,0.06625785965655039]"
v3.3,315b8c39022042af,arctan,independent,2,0.5,1.1,1,1.852734461967119e-12,-0.009158890236296839,1.009934427753656e-10,"[0.5838505241261868,0.34895505943022936,0.06719441644358379]"
v3.3,315b8c39022042af,arctan,independent,2,0.5,1.15,1,1.5577776440614094e-12,-0.009637165346613477,5.540257488889644e-11,"[0.5838212541454405,0.34805480329297633,0.06812394256158305]"
v3.3,315b8c39022042af,arctan,independent,2,0.5,1.2,1,1.30581552326255e-12,-0.010083581285171155,1.1172699918016171e-10,"[0.5837734814600202,0.34718124327706207,0.06904527526291782]"
v3.3,315b8c39022042af,arctan,independent,2,0.5,1.25,1,1.0919562470869873e-12,-0.010498861458195615,5.6541105131202585e-11,"[0.5837068615957406,0.34633571834173504,0.06995742006252421]"
v3.3,315b8c39022042af,arctan,independent,2,0.5,1.3,1,9.11391927286138e-13,-0.010883993877333902,1.1478975409096037e-10,"[0.5836214939985727,0.3455189727583135,0.07085953324311374]"
v3.3,315b8c39022042af,arctan,independent,2,0.5,1.35,1,7.59486616478173e-13,-0.011240146241336416,6.051651194050045e-11,"[0.583517807332685,0.3447312869285167,0.0717509057387983]"
v3.3,315b8c39022042af,arctan,independent,2,0.5,1.4,1,6.322297258507276e-13,-0.011568601154967129,7.703261292735242e-11,"[0.5833964687317306,0.3439725828893913,0.07263094837887807]"
v3.3,315b8c39022042af,arctan,independent,3,0.3333333333333333,0.05,1,2.33532428727857e-15,-0.004326360464323185,7.235808480166028e-11,"[0.5950309948984044,0.3543860090551417,0.05058299604645386]"
v3.3,315b8c39022042af,arctan,independent,3,0.3333333333333333,0.1,1,8.257187025890599e-14,-0.003988582804271015,1.5108348599968124e-10,"[0.5945443325832689,0.3547669162444656,0.05068875117226559]"
v3.3,315b8c39022042af,arctan,independent,3,0.3333333333333333,0.15,1,4.3227546402307894e-14,-0.003500154270114117,2.2617586276085788e-10,"[0.5938376912132244,0.3553045983675279,0.050857710419247644]"
v3.3,315b8c39022042af,arctan,independent,3,0.3333333333333333,0.2,1,6.849008653275333e-13,-0.002935949057290853,8.025449055315548e-11,"[0.5930095860503427,0.3559085256699578,0.05108188827969957]"
v3.3,315b8c39022042af,arctan,independent,3,0.3333333333333333,0.25,1,5.463138105753201e-12,-0.0023544495766422008,1.3878261734268094e-10,"[0.5921347968945893,0.3565117298747314,0.05135347323067936]"
v3.3,315b8c39022042af,arctan,independent,3,0.3333333333333333,0.3,1,1.1502184675863567e-12,-0.0017895827670071883,1.6046878756337257e-10,"[0.591257942908077,0.3570765251644655,0.051665531927457535]"
v3.3,315b8c39022042af,arctan,independent,3,0.3333333333333333,0.35,1,1.2124400000535931e-13,-0.0012553450026691927,1.368900583165189e-10,"[0.5904001696932303,0.35758772098277164,0.0520121093239982]"
v3.3,315b8c39022042af,arctan,independent,3,0.3333333333333333,0.4,1,4.905115730207352e-13,-0.0007540042266372185,6.56501381035568e-11,"[0.5895683179303101,0.3580435777185885,0.052388104351101486]"
v3.3,315b8c39022042af,arctan,independent,3,0.3333333333333333,0.45,1,1.6080928884654538e-12,-0.0002827114856395786,2.1632656083125923e-10,"[0.588762016451286,0.35844887063563524,0.052789112913078834]"
v3.3,315b8c39022042af,arctan,independent,3,0.3333333333333333,0.5,1,4.482639951709283e-12,0.00016260814979478927,2.288084131885082e-10,"[0.5879780254362754,0.358810673347412,0.05321130121631255]"
v3.3,315b8c39022042af,arctan,independent,3,0.3333333333333333,0.55,1,1.4865860925484411e-13,0.0005854825451834661,7.380248842614456e-11,"[0.5872125049242556,0.3591361804345061,0.05365131464123826]"
v3.3,315b8c39022042af,arctan,independent,3,0.3333333333333333,0.6,1,1.560579862759282e-13,0.000988359329186967,1.3712670929311166e-10,"[0.5864620184373617,0.35943177038687907,0.054106211175759145]"
v3.3,315b8c39022042af,arctan,independent,3,0.3333333333333333,0.65,1,1.5947476036430622e-13,0.0013726606705649971,1.928727663691454e-10,"[0.5857238622809678,0.3597027287179899,0.054573409001042336]"
v3.3,315b8c39022042af,arctan,independent,3,0.3333333333333333,0.7,1,1.597278629112921e-12,0.001739046327466725,1.3551945329814963e-10,"[0.584996078348195,0.35995327966927365,0.05505064198253133]"
v3.3,315b8c39022042af,arctan,independent,3,0.3333333333333333,0.75,1,1.5702284739351388e-13,0.0020877003396142547,1.706124859446323e-10,"[0.5842773426112345,0.36018673708438964,0.05553592030437572]"
v3.3,315b8c39022042af,arctan,independent,3,0.3333333333333333,0.8,1,1.5237030892810208e-13,0.0024185677883293843,1.8940892604346615e-10,"[0.5835668233658713,0.36040568135680784,0.05602749527732085]"
v3.3,315b8c39022042af,arctan,independent,3,0.3333333333333333,0.85,1,1.4620454208545345e-13,0.002731524239713328,6.355685769343644e-11,"[0.5828640493288236,0.36061212257082886,0.05652382810034762]"
v3.3,315b8c39022042af,arctan,independent,3,0.3333333333333333,0.9,1,1.3884348573148688e-13,0.0030264836755722474,1.086234852065715e-10,"[0.5821688014450488,0.36080763608370353,0.057023562471247825]"
v3.3,315b8c39022042af,arctan,independent,3,0.3333333333333333,0.95,1,1.3069204544115992e-13,0.0033034586758601235,6.14313634683672e-11,"[0.5814810297948295,0.36099346932405585,0.05752550088111458]"
v3.3,315b8c39022042af,arctan,independent,3,0.3333333333333333,1.0,1,1.220800257402087e-13,0.0035625869033415504,8.926602859671284e-11,"[0.580800792431592,0.3611706232658544,0.058028584302553476]"
v3.3,315b8c39022042af,arctan,independent,3,0.3333333333333333,1.05,1,1.132582801199706e-13,0.003804135304337271,1.4120813199292037e-10,"[0.5801282116764599,0.3613399134213163,0.058531874902223745]"
v3.3,315b8c39022042af,arctan,independent,3,0.3333333333333333,1.1,1,1.044655900474051e-13,0.00402849126602298,5.845879336163762e-11,"[0.5794634436180586,0.36150201500782586,0.0590345413741156]"
v3.3,315b8c39022042af,arctan,independent,3,0.3333333333333333,1.15,1,9.581641542259666e-14,0.004236146465299313,1.0503427294583645e-10,"[0.5788066572865606,0.36165749621768334,0.05953584649575605]"
v3.3,315b8c39022042af,arctan,independent,3,0.3333333333333333,1.2,1,8.744904075523547e-14,0.004427677711005763,9.337898509986786e-11,"[0.5781580207645031,0.3618068426945176,0.0600351365409794]"
v3.3,315b8c39022042af,arctan,independent,3,0.3333333333333333,1.25,1,7.946435200651229e-14,0.004603727474902019,1.0373328931945203e-10,"[0.5775176921959551,0.36195047557660537,0.06053183222743957]"
v3.3,315b8c39022042af,arctan,independent,3,0.3333333333333333,1.3,1,7.191874629725945e-14,0.004764985431271764,1.0748508680324953e-10,"[0.5768858142142508,0.3620887648601651,0.06102542092558406]"
v3.3,315b8c39022042af,arctan,independent,3,0.3333333333333333,1.35,1,6.486322451783752e-14,0.004912171946605353,1.0869807484659155e-10,"[0.5762625107318041,0.3622220393655144,0.06151544990268152]"
v3.3,315b8c39022042af,arctan,independent,3,0.3333333333333333,1.4,1,5.829104676025878e-14,0.005046023790123075,4.9414833336314246e-11,"[0.5756478853460634,0.36235059423628857,0.062001520417648164]"
v3.3,315b8c39022042af,arctan,independent,5,0.2,0.05,1,5.594827351403851e-17,-0.004379987441259392,1.2415680983313138e-10,"[0.595142630286784,0.3542974492386795,0.05055992047453635]"
v3.3,315b8c39022042af,arctan,independent,5,0.2,0.1,1,3.149083405250783e-15,-0.004186155553837591,1.4473958143135235e-10,"[0.5949620883651378,0.35443950409000263,0.050598407544859635]"
v3.3,315b8c39022042af,arctan,independent,5,0.2,0.15,1,2.3463829450918078e-14,-0.0038906855569085727,2.1502195163281002e-10,"[0.594688812624693,0.3546504131957201,0.050660774179586886]"
v3.3,315b8c39022042af,arctan,independent,5,0.2,0.2,1,6.545276037864996e-14,-0.003524540496223083,7.818252989455488e-11,"[0.5943519088706783,0.3549031968726708,0.0507448942566508]"
v3.3,315b8c39022042af,arctan,independent,5,0.2,0.25,1,4.499876996042952e-12,-0.0031173016009230017,7.596683698762874e-11,"[0.5939772903567619,0.355174235938174,0.050848473705064005]"
v3.3,315b8c39022042af,arctan,independent,5,0.2,0.3,1,1.1610391794933602e-12,-0.002692943644641156,8.057725320309572e-11,"[0.593584451947551,0.3554462883357101,0.05096925971673873]"
v3.3,315b8c39022042af,arctan,independent,5,0.2,0.35,1,8.827679411823273e-13,-0.0022689667362735637,1.383945111288476e-10,"[0.5931865828343719,0.35570829357172845,0.0511051235938996]"
v3.3,315b8c39022042af,arctan,independent,5,0.2,0.4,1,2.8581950721606957e-12,-0.0018572891681496347,7.136001511920398e-11,"[0.5927920041756327,0.35595391188326864,0.051254083941098524]"
v3.3,315b8c39022042af,arctan,independent,5,0.2,0.45,1,7.790880298264648e-12,-0.0014656289268780397,7.139809576894862e-11,"[0.5924057207427091,0.3561799697088821,0.05141430954840872]"
v3.3,315b8c39022042af,arctan,independent,5,0.2,0.5,1,1.8547168609170458e-11,-0.001098751372744046,7.239124577562706e-11,"[0.5920306366747692,0.35638524631996327,0.05158411700526755]"
v3.3,315b8c39022042af,arctan,independent,5,0.2,0.55,1,1.0110694822477262e-13,-0.0007594017715899584,6.390616855145304e-11,"[0.5916683791631343,0.35656965404946805,0.05176196678739758]"
v3.3,315b8c39022042af,arctan,independent,5,0.2,0.6,1,5.375741703095553e-14,-0.0004489445044697088,1.434444264758472e-10,"[0.5913198123253137,0.3567337295327517,0.05194645814193459]"
v3.3,315b8c39022042af,arctan,independent,5,0.2,0.65,1,1.1387181226711777e-13,-0.00016778455101663925,7.315380246009084e-11,"[0.5909853404553841,0.35687833664503377,0.05213632289958219]"
v3.3,315b8c39022042af,arctan,independent,5,0.2,0.7,1,2.2264314508926064e-13,8.435070427890642e-05,2.082080306775591e-10,"[0.5906650828466361,0.3570044989119958,0.052330418241368]"
v3.3,315b8c39022042af,arctan,independent,5,0.2,0.75,1,4.067734448833906e-13,0.0003082179131733212,1.3850294522388396e-10,"[0.5903589732759503,0.35711330786257006,0.052527718861479555]"
v3.3,315b8c39022042af,arctan,independent,5,0.2,0.8,1,7.010802928460534e-13,0.0005049178959256814,7.35660976580732e-11,"[0.5900668179432265,0.3572058732363246,0.05272730882044883]"
v3.3,315b8c39022042af,arctan,independent,5,0.2,0.85,1,1.1483437802357704e-12,0.0006757900889345463,6.276853689590745e-11,"[0.5897883310098588,0.35728329562858163,0.05292837336155939]"
v3.3,315b8c39022042af,arctan,independent,5,0.2,0.9,1,1.7990966852659093e-12,0.0008223304530391232,1.4581946761182962e-10,"[0.5895231582357039,0.35734665088651224,0.05313019087778381]"
v3.3,315b8c39022042af,arctan,independent,5,0.2,0.95,1,5.903911408007851e-17,0.0009461266896654379,2.2085423420636907e-10,"[0.5892708941829665,0.357396980665709,0.05333212515132446]"
v3.3,315b8c39022042af,arctan,independent,5,0.2,1.0,1,6.041881678443648e-17,0.0010488072784984558,6.863769275167186e-11,"[0.5890310957899331,0.3574352862770135,0.05353361793305349]"
v3.3,315b8c39022042af,arctan,independent,5,0.2,1.05,1,2.3399635117069546e-15,0.0011320018506550573,7.301979854101859e-11,"[0.5888032934778168,0.35746252460267824,0.0537341819195048]"
v3.3,315b8c39022042af,arctan,independent,5,0.2,1.1,1,2.1502334947685896e-16,0.0011973109741975872,1.3663533152130647e-10,"[0.5885870005936664,0.3574796052738241,0.05393339413250949]"
v3.3,315b8c39022042af,arctan,independent,5,0.2,1.15,1,3.3783198469967084e-16,0.001246283758571165,2.0024536889762246e-10,"[0.588381721356983,0.3574873889177892,0.0541308897252279]"
v3.3,315b8c39022042af,arctan,independent,5,0.2,1.2,1,4.74646602597653e-16,0.0012804021028339427,2.058595412191e-10,"[0.5881869575268793,0.3574866862607644,0.05432635621235629]"
v3.3,315b8c39022042af,arctan,independent,5,0.2,1.25,1,3.153697769452698e-14,0.0013010700757076533,6.733362478694715e-11,"[0.5880022139066562,0.35747825797170807,0.05451952812163574]"
v3.3,315b8c39022042af,arctan,independent,5,0.2,1.3,1,9.925260660594933e-16,0.001309607625119752,1.2086480080664153e-10,"[0.5878270027987901,0.35746281514290285,0.05471018205830703]"
v3.3,315b8c39022042af,arctan,independent,5,0.2,1.35,1,1.2230044315032046e-15,0.0013072473964667493,1.6550238610135715e-10,"[0.5876608475290096,0.35744102030102365,0.05489813216996683]"
v3.3,315b8c39022042af,arctan,independent,5,0.2,1.4,1,1.5887670499218049e-15,0.0012951342700638462,1.4860466329702504e-10,"[0.587503285149875,0.35741348885359114,0.05508322599653375]"
v3.3,315b8c39022042af,arctan,independent,10,0.1,0.05,1,2.6301296081563976e-14,-0.004415765082192415,7.501034515744465e-11,"[0.5951900976996678,0.354259746182656,0.05055015611767622]"
v3.3,315b8c39022042af,arctan,independent,10,0.1,0.1,1,2.763273969722261e-17,-0.004322151692308089,2.2971845953234649e-10,"[0.5951436131391151,0.3542965205666566,0.05055986629422827]"
v3.3,315b8c39022042af,arctan,independent,10,0.1,0.15,1,1.1004294920642211e-16,-0.004173216685685523,1.4537672454739692e-10,"[0.5950703033681722,0.3543538945355576,0.05057580209627025]"
v3.3,315b8c39022042af,arctan,independent,10,0.1,0.2,1,3.585865404807084e-16,-0.003977943640627146,2.1053267462711744e-10,"[0.5949751968567574,0.35442716340522196,0.050597639738020485]"
v3.3,315b8c39022042af,arctan,independent,10,0.1,0.25,1,3.955447033654129e-12,-0.003746398721792568,2.369264090473777e-10,"[0.5948635935450112,0.3545114101034772,0.05062499635151157]"
v3.3,315b8c39022042af,arctan,independent,10,0.1,0.3,1,8.305405513963327e-13,-0.0034884471867762668,7.173096144841296e-11,"[0.5947403319997998,0.3546022045233216,0.05065746347687868]"
v3.3,315b8c39022042af,arctan,independent,10,0.1,0.35,1,2.6786445970647736e-15,-0.0032129539997222123,2.153312944619401e-10,"[0.5946094416050836,0.35469593057818327,0.050694627816733145]"
v3.3,315b8c39022042af,arctan,independent,10,0.1,0.4,1,3.9656331891933865e-15,-0.002927420519575785,7.807143820315332e-11,"[0.5944740762162036,0.35478984147221293,0.05073608231158334]"
v3.3,315b8c39022042af,arctan,independent,10,0.1,0.45,1,1.1644973647214178e-14,-0.00263792044878354,1.4578911688989393e-10,"[0.5943365992160019,0.3548819692424135,0.05078143154158463]"
v3.3,315b8c39022042af,arctan,independent,10,0.1,0.5,1,3.6941765410672683e-13,-0.0023492037741090314,7.313795055696737e-11,"[0.5941987250605293,0.35497098056445486,0.05083029437501584]"
v3.3,315b8c39022042af,arctan,independent,10,0.1,0.55,1,6.933348593255986e-14,-0.002064874438512606,2.2159326457105166e-10,"[0.5940616648579267,0.3550560296904405,0.05088230545163291]"
v3.3,315b8c39022042af,arctan,independent,10,0.1,0.6,1,1.4596220291449798e-13,-0.0017875864400321607,1.4319477201207853e-10,"[0.5939262531744274,0.35513663062684947,0.05093711619872313]"
v3.3,315b8c39022042af,arctan,independent,10,0.1,0.65,1,2.8480277883618726e-13,-0.0015192286078707165,1.9578335480607834e-10,"[0.5937930496246451,0.3552125547570618,0.050994395618293165]"
v3.3,315b8c39022042af,arctan,independent,10,0.1,0.7,1,2.2519148401640625e-11,-0.0012610864164161427,1.3772299273240307e-10,"[0.593662416560899,0.3552837525579237,0.05105383088117736]"
v3.3,315b8c39022042af,arctan,independent,10,0.1,0.75,1,9.002870487454739e-13,-0.0010139761440636393,2.0093821398448064e-10,"[0.5935345762056293,0.3553502960479895,0.051115127746381224]"
v3.3,315b8c39022042af,arctan,independent,10,0.1,0.8,1,1.4831990944938846e-12,-0.0007783559812249465,2.2406834720989366e-10,"[0.5934096533047607,0.3554123359984416,0.05117801069679776]"
v3.3,315b8c39022042af,arctan,independent,10,0.1,0.85,1,2.342636515205271e-12,-0.0005544118024259498,2.0304959449934934e-10,"[0.5932877043520103,0.3554700727006246,0.051242222947365114]"
v3.3,315b8c39022042af,arctan,independent,10,0.1,0.9,1,3.565370372622212e-12,-0.00034212663625789175,1.3721155808776864e-10,"[0.5931687393455217,0.35552373446880275,0.05130752618567558]"
v3.3,315b8c39022042af,arctan,independent,10,0.1,0.95,1,5.251201230648233e-12,-0.00014133406227206588,2.0339979353578563e-10,"[0.5930527367762278,0.35557356305965837,0.051373700164113745]"
v3.3,315b8c39022042af,arctan,independent,10,0.1,1.0,1,7.511708844062461e-12,4.824029423111317e-05,7.004663862830718e-11,"[0.5929396541966759,0.3556198036604664,0.05144054214285771]"
v3.3,315b8c39022042af,arctan,independent,10,0.1,1.05,1,1.0468505932774145e-11,0.0002269468549417862,2.1441018405177203e-10,"[0.592829435589955,0.3556626981906802,0.051507866219364734]"
v3.3,315b8c39022042af,arctan,independent,10,0.1,1.1,1,1.4251153427591995e-11,0.00039518751609734365,6.768643284749132e-11,"[0.5927220164761712,0.3557024809501349,0.05157550257369395]"
v3.3,315b8c39022042af,arctan,independent,10,0.1,1.15,1,1.8994657909818835e-11,0.0005533970693525174,2.0556044713626598e-10,"[0.592617327426692,0.3557393759174672,0.05164329665584072]"
v3.3,315b8c39022042af,arctan,independent,10,0.1,1.2,1,7.743624737554917e-15,0.0007020290732225841,6.195383095430884e-11,"[0.5925152963553594,0.3557735952971596,0.051711108347481105]"
v3.3,315b8c39022042af,arctan,independent,10,0.1,1.25,1,1.0616034520694812e-14,0.0008415446528024367,1.3652592945057052e-10,"[0.5924158505343307,0.3558053384054232,0.05177881106024619]"
v3.3,315b8c39022042af,arctan,independent,10,0.1,1.3,1,1.4284270711098936e-14,0.0009724052623348162,1.2991898876157926e-10,"[0.5923189171209955,0.35583479195882733,0.05184629092017734]"
v3.3,315b8c39022042af,arctan,independent,10,0.1,1.35,1,1.8813835302075602e-14,0.001095066286567692,1.572803588756333e-10,"[0.592224424206891,0.35586212991342847,0.0519134458796806]"
v3.3,315b8c39022042af,arctan,independent,10,0.1,1.4,1,2.4367760921029404e-14,0.0012099728470137544,6.831832669029758e-11,"[0.592132301185534,0.35588751392591367,0.051980184888552314]"
v3.3,315b8c39022042af,arctan,independent,20,0.05,0.05,1,4.149385129316776e-16,-0.004432228684660235,2.3521434799889107e-10,"[0.5952020487435411,0.35425024167400876,0.05054770958245016]"
v3.3,315b8c39022042af,arctan,independent,20,0.05,0.1,1,2.586866643308735e-14,-0.004386274492482495,7.220925246631538e-11,"[0.5951902243866689,0.3542596264173563,0.05055014919597479]"
v3.3,315b8c39022042af,arctan,independent,20,0.05,0.15,1,4.739697096626221e-14,-0.004311478390809503,2.2344066180624012e-10,"[0.5951710978830408,0.354274719903124,0.050554182213835175]"
v3.3,315b8c39022042af,arctan,independent,20,0.05,0.2,1,1.1988750940403494e-13,-0.004210297555637489,1.3822197553192694e-10,"[0.59514543986202,0.3542947972638106,0.05055976287416938]"
v3.3,315b8c39022042af,arctan,independent,20,0.05,0.25,1,3.2823945442772038e-12,-0.004085772247248022,7.595108569846687e-11,"[0.5951141648209335,0.35431900185168064,0.05056683332738589]"
v3.3,315b8c39022042af,arctan,independent,20,0.05,0.3,1,5.653778917240542e-13,-0.003941250620263556,2.2825587947528092e-10,"[0.5950782299381516,0.3543464424096535,0.0505753276521948]"
v3.3,315b8c39022042af,arctan,independent,20,0.05,0.35,1,3.26263719906914e-17,-0.003780149991098998,2.3034676943645138e-10,"[0.5950385578334954,0.3543762670102556,0.05058517515624903]"
v3.3,315b8c39022042af,arctan,independent,20,0.05,0.4,1,1.413216997398258e-17,-0.0036057751799763588,1.5141755904668486e-10,"[0.594995987702224,0.3544077095071961,0.05059630279058007]"
v3.3,315b8c39022042af,arctan,independent,20,0.05,0.45,1,8.68851855841065e-17,-0.003421197464417214,2.282677380449627e-10,"[0.5949512514533204,0.3544401117942043,0.050608636752475296]"
v3.3,315b8c39022042af,arctan,independent,20,0.05,0.5,1,4.480427164908443e-17,-0.0032291854660285307,1.5114223761436563e-10,"[0.5949049678101512,0.35447292869659647,0.05062210349325233]"
v3.3,315b8c39022042af,arctan,independent,20,0.05,0.55,1,1.1238137312639065e-16,-0.0030321758755804187,7.16594630856271e-11,"[0.5948576475969919,0.3545057220679867,0.05063663033502145]"
v3.3,315b8c39022042af,arctan,independent,20,0.05,0.6,1,1.1410360552478887e-16,-0.00283227183420404,1.5145676726668889e-10,"[0.594809704897121,0.35453814924676624,0.0506521458561128]"
v3.3,315b8c39022042af,arctan,independent,20,0.05,0.65,1,2.5185644598134594e-12,-0.002631258981361906,7.264401927220554e-11,"[0.5947614704904614,0.3545699493588066,0.05066858015073212]"
v3.3,315b8c39022042af,arctan,independent,20,0.05,0.7,1,7.933096311344776e-14,-0.002430631254521559,6.743661185026895e-11,"[0.5947132053405422,0.35460092963132306,0.05068586502813482]"
v3.3,315b8c39022042af,arctan,independent,20,0.05,0.75,1,4.427128269589944e-12,-0.0022316216920683224,7.375173388668443e-11,"[0.5946651131651906,0.3546309526623663,0.050703934172443156]"
v3.3,315b8c39022042af,arctan,independent,20,0.05,0.8,1,2.730545497318314e-15,-0.0020352338340908667,2.1031712829633342e-10,"[0.5946173511894421,0.3546599255120163,0.05072272329854154]"
v3.3,315b8c39022042af,arctan,independent,20,0.05,0.85,1,4.547390619282187e-15,-0.0018422727997901116,1.470311372653299e-10,"[0.5945700395652133,0.3546877901602981,0.05074217027448865]"
v3.3,315b8c39022042af,arctan,independent,20,0.05,0.9,1,4.242257560942579e-14,-0.0016533734616417071,1.4624243829808314e-10,"[0.5945232688391061,0.35471451591347763,0.05076221524741636]"
v3.3,315b8c39022042af,arctan,independent,20,0.05,0.95,1,1.1539697791732004e-14,-0.0014690263200792496,1.401359583930173e-10,"[0.5944771062319406,0.35474009302888593,0.050782800739173614]"
v3.3,315b8c39022042af,arctan,independent,20,0.05,1.0,1,1.7427068788418372e-14,-0.0012896002219865942,7.226912124291829e-11,"[0.5944316006140139,0.3547645276591159,0.050803871726870085]"
v3.3,315b8c39022042af,arctan,independent,20,0.05,1.05,1,2.5592230226213157e-14,-0.0011153621874570342,1.4342410939449657e-10,"[0.5943867864830431,0.3547878378154831,0.05082537570147381]"
v3.3,315b8c39022042af,arctan,independent,20,0.05,1.1,1,3.6664354804697695e-14,-0.0009464945402155762,7.2261849282107e-11,"[0.594342687119401,0.35481005017587186,0.05084726270472718]"
v3.3,315b8c39022042af,arctan,independent,20,0.05,1.15,1,5.142036859853109e-14,-0.0007831095342741221,2.2394439774808816e-10,"[0.5942993170759102,0.35483119757907544,0.050869485345014405]"
v3.3,315b8c39022042af,arctan,independent,20,0.05,1.2,1,7.066919765371978e-14,-0.0006252618605241504,1.4165055933768045e-10,"[0.5942566841368139,0.35485131706981005,0.0508919987933761]"
v3.3,315b8c39022042af,arctan,independent,20,0.05,1.25,1,9.525620538773591e-14,-0.00047295916431768295,6.737637531228913e-11,"[0.5942147908553949,0.35487044838320203,0.05091476076140316]"
v3.3,315b8c39022042af,arctan,independent,20,0.05,1.3,1,1.262909033806097e-13,-0.0003261709427513637,1.3545880736542948e-10,"[0.5941736357587939,0.35488863277816735,0.05093773146303877]"
v3.3,315b8c39022042af,arctan,independent,20,0.05,1.35,1,1.6479323176334395e-13,-0.0001848360633969516,1.4508336199092753e-10,"[0.59413321429086,0.3549059121466787,0.050960873562461234]"
v3.3,315b8c39022042af,arctan,independent,20,0.05,1.4,1,2.119741695910156e-13,-4.8868988996218776e-05,6.371302097019083e-11,"[0.5940935195493009,0.35492232834046056,0.0509841521102386]"
v3.3,315b8c39022042af,arctan,independent,inf,0.0,0.05,1,2.3707893225071155e-17,-0.00444773350784626,2.2587698378373489e-10,"[0.5952060514993919,0.3542470555425059,0.05054689295810218]"
v3.3,315b8c39022042af,arctan,independent,inf,0.0,0.1,1,2.3707893225071155e-17,-0.004447733507876209,2.25880009141477e-10,"[0.5952060514993919,0.3542470555425059,0.05054689295810218]"
v3.3,315b8c39022042af,arctan,independent,inf,0.0,0.15,1,2.3707893225071155e-17,-0.004447733507925711,2.2588506759513294e-10,"[0.5952060514993919,0.3542470555425059,0.05054689295810218]"
v3.3,315b8c39022042af,arctan,independent,inf,0.0,0.2,1,2.3707893225071155e-17,-0.0044477335079953564,2.258920897557637e-10,"[0.5952060514993919,0.3542470555425059,0.05054689295810218]"
v3.3,315b8c39022042af,arctan,independent,inf,0.0,0.25,1,2.3707893225071155e-17,-0.004447733508084563,2.2590119358456562e-10,"[0.5952060514993919,0.3542470555425059,0.05054689295810218]"
v3.3,315b8c39022042af,arctan,independent,inf,0.0,0.3,1,2.3707893225071155e-17,-0.004447733508193753,2.2591226112034235e-10,"[0.5952060514993919,0.3542470555425059,0.05054689295810218]"
v3.3,315b8c39022042af,arctan,independent,inf,0.0,0.35,1,2.3707893225071155e-17,-0.00444773350832281,2.259253201186695e-10,"[0.5952060514993919,0.3542470555425059,0.05054689295810218]"
v3.3,315b8c39022042af,arctan,independent,inf,0.0,0.4,1,2.3707893225071155e-17,-0.004447733508471476,2.2594062731862152e-10,"[0.5952060514993919,0.3542470555425059,0.05054689295810218]"
v3.3,315b8c39022042af,arctan,independent,inf,0.0,0.45,1,2.3707893225071155e-17,-0.004447733508640181,2.2595737086961165e-10,"[0.5952060514993919,0.3542470555425059,0.05054689295810218]"
v3.3,315b8c39022042af,arctan,independent,inf,0.0,0.5,1,2.3707893225071155e-17,-0.004447733508828697,2.259764389500596e-10,"[0.5952060514993919,0.3542470555425059,0.05054689295810218]"
v3.3,315b8c39022042af,arctan,independent,inf,0.0,0.55,1,2.3707893225071155e-17,-0.004447733509037162,2.2599762339314822e-10,"[0.5952060514993919,0.3542470555425059,0.05054689295810218]"
v3.3,315b8c39022042af,arctan,independent,inf,0.0,0.6,1,2.3707893225071155e-17,-0.004447733509265438,2.2602055643750063e-10,"[0.5952060514993919,0.3542470555425059,0.05054689295810218]"
v3.3,315b8c39022042af,arctan,independent,inf,0.0,0.65,1,2.3707893225071158e-17,-0.004447733509513212,2.2604546012772175e-10,"[0.5952060514993919,0.3542470555425059,0.05054689295810218]"
v3.3,315b8c39022042af,arctan,independent,inf,0.0,0.7,1,2.3707893225071155e-17,-0.004447733509781289,2.2607250099726528e-10,"[0.5952060514993919,0.3542470555425059,0.05054689295810218]"
v3.3,315b8c39022042af,arctan,independent,inf,0.0,0.75,1,2.3707893225071155e-17,-0.0044477335100689755,2.2610176925175196e-10,"[0.5952060514993919,0.3542470555425059,0.05054689295810218]"
v3.3,315b8c39022042af,arctan,independent,inf,0.0,0.8,1,2.3707893225071155e-17,-0.004447733510376618,2.2613279304639633e-10,"[0.5952060514993919,0.3542470555425059,0.05054689295810218]"
v3.3,315b8c39022042af,arctan,independent,inf,0.0,0.85,1,2.3707893225071155e-17,-0.004447733510703891,2.261661274927107e-10,"[0.5952060514993919,0.3542470555425059,0.05054689295810218]"
v3.3,315b8c39022042af,arctan,independent,inf,0.0,0.9,1,2.3707893225071155e-17,-0.004447733511051412,2.262011133957742e-10,"[0.5952060514993919,0.3542470555425059,0.05054689295810218]"
v3.3,315b8c39022042af,arctan,independent,inf,0.0,0.95,1,2.3707893225071155e-17,-0.0044477335114183544,2.2623820178369058e-10,"[0.5952060514993919,0.3542470555425059,0.05054689295810218]"
v3.3,315b8c39022042af,arctan,independent,inf,0.0,1.0,1,2.3707893225071155e-17,-0.00444773351180535,2.2627721918411225e-10,"[0.5952060514993919,0.3542470555425059,0.05054689295810218]"
v3.3,315b8c39022042af,arctan,independent,inf,0.0,1.05,1,2.3707893225071155e-17,-0.0044477335122122125,2.263184986639466e-10,"[0.5952060514993919,0.3542470555425059,0.05054689295810218]"
v3.3,315b8c39022042af,arctan,independent,inf,0.0,1.1,1,2.3707893225071155e-17,-0.004447733512638885,2.2636190838420944e-10,"[0.5952060514993919,0.3542470555425059,0.05054689295810218]"
v3.3,315b8c39022042af,arctan,independent,inf,0.0,1.15,1,2.3707893225071155e-17,-0.004447733513085424,2.2640662955542012e-10,"[0.5952060514993919,0.3542470555425059,0.05054689295810218]"
v3.3,315b8c39022042af,arctan,independent,inf,0.0,1.2,1,2.3707893225071155e-17,-0.004447733513551565,2.264539875063143e-10,"[0.5952060514993919,0.3542470555425059,0.05054689295810218]"
v3.3,315b8c39022042af,arctan,independent,inf,0.0,1.25,1,2.3707893225071155e-17,-0.004447733513893888,2.2664693039020634e-10,"[0.5952060514993919,0.3542470555425059,0.05054689295810218]"
v3.3,315b8c39022042af,arctan,independent,inf,0.0,1.3,1,2.3707893225071158e-17,-0.004447733513950482,2.271474744408586e-10,"[0.5952060514993919,0.3542470555425059,0.05054689295810218]"
v3.3,315b8c39022042af,arctan,independent,inf,0.0,1.35,1,2.3707893225071155e-17,-0.004447733514008789,2.276682106727712e-10,"[0.5952060514993919,0.3542470555425059,0.05054689295810218]"
v3.3,315b8c39022042af,arctan,independent,inf,0.0,1.4,1,2.3707893225071155e-17,-0.004447733514069199,2.2820829254088792e-10,"[0.5952060514993919,0.3542470555425059,0.05054689295810218]"
v3.3,315b8c39022042af,arctan,common,1,1.0,0.05,1,3.2744934532835455e-11,-0.00449483555936063,2.1571670144604482e-10,"[0.5926543220101634,0.35568693655356143,0.05165874143627512]"
v3.3,315b8c39022042af,arctan,common,1,1.0,0.1,1,7.423197086347293e-16,-0.004542546622789953,1.3749931054851672e-10,"[0.5856330032446836,0.3596462259775059,0.05472077077781053]"
v3.3,315b8c39022042af,arctan,common,1,1.0,0.15,1,2.886302300788579e-15,-0.00442071756877431,5.842049760618195e-11,"[0.5756155834943998,0.3652504451127906,0.05913397139280966]"
v3.3,315b8c39022042af,arctan,common,1,1.0,0.2,1,3.804405962902843e-14,-0.004039647640756469,1.8977152488330873e-10,"[0.5641431401865812,0.3715319683184546,0.06432489149496415]"
v3.3,315b8c39022042af,arctan,common,1,1.0,0.25,1,1.4021097012450096e-14,-0.0034182626729162557,8.792887251640735e-11,"[0.5523723943583195,0.37773599094738036,0.06989161469430011]"
v3.3,315b8c39022042af,arctan,common,1,1.0,0.3,1,1.6629531946594603e-14,-0.002632650896834836,1.7058110479695188e-10,"[0.5410053300566758,0.3834047020779221,0.07558996786540197]"
v3.3,315b8c39022042af,arctan,common,1,1.0,0.35,1,2.6731646834434142e-14,-0.0017665467404142654,6.302833255311668e-11,"[0.5303928180431247,0.3883260285044682,0.08128115345240722]"
v3.3,315b8c39022042af,arctan,common,1,1.0,0.4,1,2.0991053659034472e-15,-0.0008872533010668565,4.6837575484737215e-11,"[0.5206629938723817,0.3924478984229838,0.0868891077046345]"
v3.3,315b8c39022042af,arctan,common,1,1.0,0.45,1,8.265758396016098e-13,-4.02307693813872e-05,3.838074302819905e-11,"[0.5118200516565243,0.3958064150191656,0.09237353332431025]"
v3.3,315b8c39022042af,arctan,common,1,1.0,0.5,1,7.753240522011455e-14,0.0007478980717430736,9.72167901736043e-11,"[0.5038074570739683,0.3984783050255897,0.09771423790044198]"
v3.3,315b8c39022042af,arctan,common,1,1.0,0.55,1,1.2668654758721212e-12,0.0014641551512872691,3.1804003874924547e-12,"[0.49654432031576284,0.40055337657146023,0.10290230311277687]"
v3.3,315b8c39022042af,arctan,common,1,1.0,0.6,1,2.0900764450459687e-12,0.0021044714242368853,2.891152595108082e-12,"[0.48994467389163704,0.4021201870314876,0.10793513907687524]"
v3.3,315b8c39022042af,arctan,common,1,1.0,0.65,1,1.0569863367391324e-12,0.0026701375925846926,2.602057458389595e-12,"[0.4839268030333315,0.4032594925641694,0.11281370440249916]"
v3.3,315b8c39022042af,arctan,common,1,1.0,0.7,1,5.461342683558743e-13,0.003165395643951109,9.685530155678634e-12,"[0.47841713458788176,0.40404193535877164,0.11754093005334672]"
v3.3,315b8c39022042af,arctan,common,1,1.0,0.75,1,2.8809216598038456e-13,0.003595905293148169,6.5052199738069305e-12,"[0.4733513116002179,0.4045278722611393,0.12212081613864288]"
v3.3,315b8c39022042af,arctan,common,1,1.0,0.8,1,1.5499719959409756e-13,0.003967815691603864,1.1998534110713166e-11,"[0.46867391135529063,0.4047681798621587,0.12655790878255058]"
v3.3,315b8c39022042af,arctan,common,1,1.0,0.85,1,8.49696468564804e-14,0.004287231980884557,1.3588699609989874e-11,"[0.4643375842877087,0.40480542125460334,0.1308569944576879]"
v3.3,315b8c39022042af,arctan,common,1,1.0,0.9,1,4.73342162169354e-14,0.004559929503000097,3.903113943160008e-12,"[0.46030201140388505,0.40467506808738934,0.13502292050872558]"
v3.3,315b8c39022042af,arctan,common,1,1.0,0.95,1,2.681031704825461e-14,0.004791218074772889,2.7466015573018865e-12,"[0.45653287206920423,0.4044066379772043,0.13906048995359138]"
v3.3,315b8c39022042af,arctan,common,1,1.0,1.0,1,1.5404448198100208e-14,0.004985894514093724,3.4694122574840947e-12,"[0.4530009055733073,0.40402469382821327,0.14297440059847935]"
v3.3,315b8c39022042af,arctan,common,1,1.0,1.05,1,8.995864165954446e-15,0.005148244772619999,3.6140188064415213e-12,"[0.4496810946366375,0.40354969446059635,0.14676921090276604]"
v3.3,315b8c39022042af,arctan,common,1,1.0,1.1,1,5.303569717128463e-15,0.0052820722973475134,6.6497987671887415e-12,"[0.44655197226643545,0.40299870559567963,0.15044932213788484]"
v3.3,315b8c39022042af,arctan,common,1,1.0,1.15,1,7.49770445564667e-14,0.005390738642800659,8.673568807626708e-12,"[0.4435950415594747,0.40238598791855257,0.1540189705219728]"
v3.3,315b8c39022042af,arctan,common,1,1.0,1.2,1,1.9035521535308625e-15,0.005477208275325496,8.673638196565747e-12,"[0.440794293850792,0.4017234806897277,0.15748222545948026]"
v3.3,315b8c39022042af,arctan,common,1,1.0,1.25,1,1.1073490567750002e-11,0.005544093089563516,5.204191244612133e-12,"[0.43813581015231706,0.4010211983684373,0.1608429914792456]"
v3.3,315b8c39022042af,arctan,common,1,1.0,1.3,1,8.117816573352008e-12,0.005593694335417232,1.4456352781522241e-12,"[0.43560743176515987,0.4002875558348201,0.16410501240002007]"
v3.3,315b8c39022042af,arctan,common,1,1.0,1.35,1,5.98945574202694e-12,0.0056280406303226005,8.673665952141363e-12,"[0.43319848841764313,0.39952963489160304,0.16727187669075383]"
v3.3,315b8c39022042af,arctan,common,1,1.0,1.4,1,4.446028287902823e-12,0.0056489221204359535,4.481429116687252e-12,"[0.43089957297691756,0.3987534034811288,0.1703470235419535]"
v3.3,315b8c39022042af,arctan,common,2,0.5,0.05,1,3.402772555275534e-14,-0.004385535813253669,1.9226318453968716e-10,"[0.5945690331883663,0.3546024503988945,0.050828516412739264]"
v3.3,315b8c39022042af,arctan,common,2,0.5,0.1,1,2.8721177638210972e-11,-0.004213227997178888,1.398924795448231e-10,"[0.5928280312265347,0.3555294774359074,0.05164249133755789]"
v3.3,315b8c39022042af,arctan,common,2,0.5,0.15,1,2.4927589383353068e-12,-0.003968596031566796,6.188097950721172e-11,"[0.5903862173150339,0.3566972192490846,0.05291656343588149]"
v3.3,315b8c39022042af,arctan,common,2,0.5,0.2,1,1.1338439436286133e-13,-0.0036976817257529868,1.3351049432674955e-10,"[0.5876758393560126,0.35775539574431986,0.05456876489966745]"
v3.3,315b8c39022042af,arctan,common,2,0.5,0.25,1,2.281231925556338e-13,-0.003438498805275178,1.3107993857008893e-10,"[0.5850241581137555,0.3584536752816431,0.056522166604601264]"
v3.3,315b8c39022042af,arctan,common,2,0.5,0.3,1,2.938840268992516e-13,-0.00321408665017469,1.854979017612557e-10,"[0.5826229770102602,0.3586683424263709,0.058708680563368934]"
v3.3,315b8c39022042af,arctan,common,2,0.5,0.35,1,3.309217044344656e-11,-0.0030339625564293413,7.985149347300435e-11,"[0.5805547546173392,0.35837519259409273,0.0610700527885681]"
v3.3,315b8c39022042af,arctan,common,2,0.5,0.4,1,3.993900706930572e-13,-0.0028985644169695485,1.0381229209599496e-10,"[0.5788315227074149,0.3576105830319695,0.06355789426061555]"
v3.3,315b8c39022042af,arctan,common,2,0.5,0.45,1,1.5028926023797146e-12,-0.0028033719190604448,1.0493270835576496e-10,"[0.5774270394813958,0.35643999957168654,0.06613296094691755]"
v3.3,315b8c39022042af,arctan,common,2,0.5,0.5,1,2.1910485942128987e-12,-0.002741758157333303,1.65178100364205e-10,"[0.5762981818771312,0.3549378464826092,0.06876397164025969]"
v3.3,315b8c39022042af,arctan,common,2,0.5,0.55,1,5.372586445339866e-14,-0.002706686149571494,5.027083610498195e-11,"[0.5753974566377117,0.35317626186749085,0.07142628149479749]"
v3.3,315b8c39022042af,arctan,common,2,0.5,0.6,1,4.0665795016817244e-15,-0.0026915979179814864,1.671658991786451e-10,"[0.5746795454510147,0.351219831098757,0.07410062345022819]"
v3.3,315b8c39022042af,arctan,common,2,0.5,0.65,1,1.3391528224196159e-14,-0.0026908081833843175,5.1282877250313774e-11,"[0.5741042572036851,0.34912372697707894,0.07677201581923598]"
v3.3,315b8c39022042af,arctan,common,2,0.5,0.7,1,1.4503876486231955e-14,-0.002699615941039773,8.733253703541166e-11,"[0.5736374778192389,0.34693366154993305,0.07942886063082803]"
v3.3,315b8c39022042af,arctan,common,2,0.5,0.75,1,1.2345334056853142e-14,-0.0027142696316451095,6.566651736261697e-11,"[0.5732510866745665,0.3446866929051913,0.08206222042024225]"
v3.3,315b8c39022042af,arctan,common,2,0.5,0.8,1,9.43412135828197e-15,-0.002731863938009973,9.371116729828266e-11,"[0.5729223953857406,0.3424123574327396,0.08466524718151966]"
v3.3,315b8c39022042af,arctan,common,2,0.5,0.85,1,4.377815671266759e-11,-0.0027502126415344073,4.466913991474364e-11,"[0.5726334119259939,0.34013385306970734,0.08723273500429879]"
v3.3,315b8c39022042af,arctan,common,2,0.5,0.9,1,7.125351038378744e-12,-0.002767721669652213,7.361737608402308e-11,"[0.572370087395077,0.33786914219760417,0.0897607704073188]"
v3.3,315b8c39022042af,arctan,common,2,0.5,0.95,1,2.501217470392483e-12,-0.0027832712413012432,5.883595000089059e-11,"[0.5721216166380021,0.33563192374129375,0.0922464596207041]"
v3.3,315b8c39022042af,arctan,common,2,0.5,1.0,1,2.2101858388665394e-13,-0.002796115534096335,5.623396540088699e-11,"[0.5718798269379085,0.3334324584588679,0.09468771460322352]"
v3.3,315b8c39022042af,arctan,common,2,0.5,1.05,1,7.644837251374271e-13,-0.0028057970953493036,4.857227467458536e-11,"[0.5716386568279762,0.33127825769269964,0.09708308547932422]"
v3.3,315b8c39022042af,arctan,common,2,0.5,1.1,1,2.6643020140164626e-12,-0.0028120771019928235,3.693506264723645e-11,"[0.5713937227791116,0.32917464874156266,0.09943162847932571]"
v3.3,315b8c39022042af,arctan,common,2,0.5,1.15,1,1.9569186907798546e-15,-0.002814879188463657,3.014079957841531e-11,"[0.5711419634416389,0.32712523492817425,0.10173280163018684]"
v3.3,315b8c39022042af,arctan,common,2,0.5,1.2,1,1.4921151286535693e-14,-0.0028142448057624433,8.283309108070291e-11,"[0.5708813505015792,0.3251322674055661,0.10398638209285467]"
v3.3,315b8c39022042af,arctan,common,2,0.5,1.25,1,4.1806166669480685e-13,-0.0028102983817733865,3.76579496752516e-11,"[0.5706106556567194,0.32319694395334025,0.10619240038994034]"
v3.3,315b8c39022042af,arctan,common,2,0.5,1.3,1,2.0121296814486244e-16,-0.002803220304427454,3.827228811648098e-11,"[0.5703292637594849,0.32131964827164733,0.10835108796886776]"
v3.3,315b8c39022042af,arctan,common,2,0.5,1.35,1,1.4799662173129944e-14,-0.002793226301767926,7.274995883488344e-11,"[0.5700370238591478,0.31950014089421064,0.11046283524664156]"
v3.3,315b8c39022042af,arctan,common,2,0.5,1.4,1,9.60541937649268e-17,-0.002780551921848489,7.976115601326939e-11,"[0.569734131017466,0.3177377110326508,0.11252815794988313]"
v3.3,315b8c39022042af,arctan,common,3,0.3333333333333333,0.05,1,3.7337580498419235e-13,-0.004386181084135632,7.882019342764224e-11,"[0.5949214274384447,0.35440605534232517,0.05067251721923019]"
v3.3,315b8c39022042af,arctan,common,3,0.3333333333333333,0.1,1,5.391057674788623e-13,-0.0042141327116557575,2.423841266585569e-10,"[0.5941267966532983,0.35483305747996763,0.05104014586673424]"
v3.3,315b8c39022042af,arctan,common,3,0.3333333333333333,0.15,1,2.5372468718516308e-11,-0.003963279380939044,2.3261900045090655e-10,"[0.5929619767675964,0.3554115861280286,0.05162643710437488]"
v3.3,315b8c39022042af,arctan,common,3,0.3333333333333333,0.2,1,3.825767503259877e-12,-0.003671301094002044,1.738720972754848e-10,"[0.5915742237711563,0.3560232025228068,0.052402573706037014]"
v3.3,315b8c39022042af,arctan,common,3,0.3333333333333333,0.25,1,7.946095389841546e-12,-0.0033711165506415813,8.323500222395808e-11,"[0.5900709498796727,0.35658841673179,0.053340633388537326]"
v3.3,315b8c39022042af,arctan,common,3,0.3333333333333333,0.3,1,1.232394785928561e-11,-0.003086342953834552,6.323168377786459e-11,"[0.5885119615349041,0.35707192114584285,0.05441611731925307]"
v3.3,315b8c39022042af,arctan,common,3,0.3333333333333333,0.35,1,1.598898823316243e-11,-0.0028313526043748406,1.0818956494573762e-10,"[0.5869222926908438,0.35746962456691017,0.05560808274224595]"
v3.3,315b8c39022042af,arctan,common,3,0.3333333333333333,0.4,1,1.8610372368397063e-11,-0.002613247499059536,1.6122983850785921e-10,"[0.5853078299341953,0.35779369765406965,0.05689847241173503]"
v3.3,315b8c39022042af,arctan,common,3,0.3333333333333333,0.45,1,2.0308430840618986e-11,-0.0024341139604682066,1.4108168452930947e-10,"[0.5836665512830436,0.35806199513028725,0.058271453586669214]"
v3.3,315b8c39022042af,arctan,common,3,0.3333333333333333,0.5,1,2.1321351879208223e-11,-0.002292904651772641,5.6992754265960954e-11,"[0.5819947869714698,0.35829223444624103,0.0597129785822892]"
v3.3,315b8c39022042af,arctan,common,3,0.3333333333333333,0.55,1,2.1821528615465433e-11,-0.002186807809324561,8.700741169209714e-11,"[0.5802900018822984,0.3584994678464309,0.0612105302712707]"
v3.3,315b8c39022042af,arctan,common,3,0.3333333333333333,0.6,1,2.1888761269507264e-11,-0.0021121631445895316,9.703614300970997e-11,"[0.578551628975231,0.35869540100777925,0.06275297001698976]"
v3.3,315b8c39022042af,arctan,common,3,0.3333333333333333,0.65,1,2.155497082401985e-11,-0.002065035797932019,1.5760665689201758e-10,"[0.5767809866280688,0.3588885856566859,0.06433042771524541]"
v3.3,315b8c39022042af,arctan,common,3,0.3333333333333333,0.7,1,2.0847709578394964e-11,-0.0020415539740969817,1.1940681429734035e-10,"[0.5749808581775656,0.35908493889123744,0.06593420293119696]"
v3.3,315b8c39022042af,arctan,common,3,0.3333333333333333,0.75,1,1.9814189334414082e-11,-0.0020380922383795227,9.457847352511983e-11,"[0.5731550150452036,0.35928831914311804,0.06755666581167828]"
v3.3,315b8c39022042af,arctan,common,3,0.3333333333333333,0.8,1,1.852132079125168e-11,-0.002051358510683207,4.9367336607542e-11,"[0.5713077993902769,0.3595010442088016,0.06919115640092158]"
v3.3,315b8c39022042af,arctan,common,3,0.3333333333333333,0.85,1,1.7048076546326993e-11,-0.002078423341402017,6.467282959166099e-11,"[0.5694438000265526,0.3597243152321598,0.07083188474128758]"
v3.3,315b8c39022042af,arctan,common,3,0.3333333333333333,0.9,1,1.5474141266480285e-11,-0.002116716343833376,1.54516961725637e-10,"[0.5675676192125165,0.3599585460211655,0.07247383476631795]"
v3.3,315b8c39022042af,arctan,common,3,0.3333333333333333,0.95,1,1.3871349813933727e-11,-0.0021640048985424216,8.695315648066249e-11,"[0.5656837149898872,0.3602036106445157,0.07411267436559706]"
v3.3,315b8c39022042af,arctan,common,3,0.3333333333333333,1.0,1,1.2297981303229394e-11,-0.002218364612737042,3.751340904578626e-11,"[0.5637963014202862,0.3604590255104727,0.0757446730692411]"
v3.3,315b8c39022042af,arctan,common,3,0.3333333333333333,1.05,1,1.0798267552420244e-11,-0.0022781468545566078,5.7444705242604144e-11,"[0.5619092909747022,0.3607240810602594,0.07736662796503828]"
v3.3,315b8c39022042af,arctan,common,3,0.3333333333333333,1.1,1,9.40188309043807e-12,-0.002341946510942116,1.3344722896158068e-10,"[0.5600262664660927,0.3609979356889218,0.07897579784498553]"
v3.3,315b8c39022042af,arctan,common,3,0.3333333333333333,1.15,1,8.126421060867107e-12,-0.0024085714865705148,5.1915246407352456e-11,"[0.5581504730075606,0.361279681813071,0.08056984517936845]"
v3.3,315b8c39022042af,arctan,common,3,0.3333333333333333,1.2,1,6.979660293916307e-12,-0.0024770148797399055,3.9230098336506813e-11,"[0.5562848230773314,0.36156839163050014,0.08214678529216833]"
v3.3,315b8c39022042af,arctan,common,3,0.3333333333333333,1.25,1,5.961998979005341e-12,-0.0025464299794390292,3.97541444208116e-11,"[0.5544319097936232,0.36186314819494747,0.08370494201142936]"
v3.3,315b8c39022042af,arctan,common,3,0.3333333333333333,1.3,1,5.068789968122164e-12,-0.0026161082031875525,4.0982769261566077e-11,"[0.5525940250068129,0.36216306594376446,0.08524290904942267]"
v3.3,315b8c39022042af,arctan,common,3,0.3333333333333333,1.35,1,5.9918508868332935e-12,-0.002685459617953318,1.1472677322044156e-10,"[0.5507731799090109,0.3624673036957271,0.08675951639526204]"
v3.3,315b8c39022042af,arctan,common,3,0.3333333333333333,1.4,1,1.1787041701790706e-11,-0.0027539962111291713,3.236346260426792e-11,"[0.5489711266219333,0.3627750723072587,0.08825380107080802]"
v3.3,315b8c39022042af,arctan,common,5,0.2,0.05,1,6.377489119752474e-15,-0.004400917678485258,7.425617759571068e-11,"[0.5951029491224104,0.35430480840989087,0.05059224246769876]"
v3.3,315b8c39022042af,arctan,common,5,0.2,0.1,1,1.587181814456003e-13,-0.004267072280431959,7.577224264698756e-11,"[0.5948083871790532,0.35446533887878784,0.050726273942158985]"
v3.3,315b8c39022042af,arctan,common,5,0.2,0.15,1,1.7623266416352993e-13,-0.0040633618345811764,2.2280233907823188e-10,"[0.5943591425989787,0.35469739515437737,0.05094346224664392]"
v3.3,315b8c39022042af,arctan,common,5,0.2,0.2,1,2.637050724114076e-12,-0.003811653949679958,7.184892958367328e-11,"[0.5937986916266074,0.354965287083423,0.051236021289969604]"
v3.3,315b8c39022042af,arctan,common,5,0.2,0.25,1,2.010187195302422e-11,-0.0035331337687354372,2.3090464956743162e-10,"[0.5931653810590584,0.35523938544100386,0.051595233499937714]"
v3.3,315b8c39022042af,arctan,common,5,0.2,0.3,1,7.292220433255254e-12,-0.003245278763443313,7.35112040683994e-11,"[0.5924879755908214,0.3554995767504634,0.052012447658715065]"
v3.3,315b8c39022042af,arctan,common,5,0.2,0.35,1,2.5171348696084095e-12,-0.0029610165390657125,1.8985065949883584e-10,"[0.5917861825469751,0.35573415086932014,0.05247966658370465]"
v3.3,315b8c39022042af,arctan,common,5,0.2,0.4,1,1.8516764128486413e-12,-0.0026891435358948335,1.3911443871861273e-10,"[0.591072951110543,0.35593723714828646,0.05298981174117043]"
v3.3,315b8c39022042af,arctan,common,5,0.2,0.45,1,3.412604110864642e-13,-0.002435212331577487,2.049479787269437e-10,"[0.5903567534265842,0.3561064701207437,0.053536776452672095]"
v3.3,315b8c39022042af,arctan,common,5,0.2,0.5,1,3.709151049652967e-13,-0.0022024317419734873,1.617540788811933e-10,"[0.5896432634513824,0.35624137805990397,0.05411535848871362]"
v3.3,315b8c39022042af,arctan,common,5,0.2,0.55,1,3.7842671848439627e-13,-0.001992397565652188,5.697036939422695e-11,"[0.5889364277961388,0.35634243545725275,0.05472113674660856]"
v3.3,315b8c39022042af,arctan,common,5,0.2,0.6,1,3.6528007286669926e-13,-0.0018056245482621115,1.7673848495824984e-10,"[0.588239095413366,0.35641057068451476,0.055350333902119166]"
v3.3,315b8c39022042af,arctan,common,5,0.2,0.65,1,3.3444402578940575e-13,-0.0016419122716666706,1.51200701264953e-10,"[0.5875533731564986,0.3564469381413566,0.05599968870214478]"
v3.3,315b8c39022042af,arctan,common,5,0.2,0.7,1,2.894959622843781e-13,-0.0015005907111065205,1.21764941879432e-10,"[0.5868808270002647,0.3564528245082981,0.05666634849143722]"
v3.3,315b8c39022042af,arctan,common,5,0.2,0.75,1,2.3427727289440926e-13,-0.001380685160218359,1.354168235878639e-10,"[0.5862226022535363,0.35642961333321893,0.05734778441324482]"
v3.3,315b8c39022042af,arctan,common,5,0.2,0.8,1,1.7260266732038996e-13,-0.0012810286065519788,1.5755719645627053e-10,"[0.5855795032091723,0.3563787693899514,0.058041727400876264]"
v3.3,315b8c39022042af,arctan,common,5,0.2,0.85,1,1.079652063922902e-13,-0.0012003401416544324,6.313221126430513e-11,"[0.5849520526675324,0.3563018260250713,0.058746121307396315]"
v3.3,315b8c39022042af,arctan,common,5,0.2,0.9,1,4.344933351725559e-14,-0.0011372809198018988,5.905746724987893e-11,"[0.5843405407941525,0.35620036998704874,0.05945908921879864]"
v3.3,315b8c39022042af,arctan,common,5,0.2,0.95,1,5.04834062813005e-15,-0.001090494675173432,6.188978496357578e-11,"[0.5837450672738911,0.3560760233178215,0.06017890940828738]"
v3.3,315b8c39022042af,arctan,common,5,0.2,1.0,1,1.5789619487518508e-14,-0.0010586374081501225,5.384874490754754e-11,"[0.5831655782380099,0.3559304237007297,0.06090399806126045]"
v3.3,315b8c39022042af,arctan,common,5,0.2,1.05,1,3.50817335779404e-14,-0.0010403987122143722,1.9168692327875547e-10,"[0.5826018984753718,0.3557652049329193,0.06163289659170885]"
v3.3,315b8c39022042af,arctan,common,5,0.2,1.1,1,6.633019247827146e-14,-0.001034517047321687,9.906897177613949e-11,"[0.5820537591683556,0.355581978857992,0.0623642619736525]"
v3.3,315b8c39022042af,arctan,common,5,0.2,1.15,1,1.1032781502656745e-13,-0.0010397900983605927,1.4306950069098434e-10,"[0.5815208213929796,0.35538231961414213,0.06309685899287833]"
v3.3,315b8c39022042af,arctan,common,5,0.2,1.2,1,1.6288720478773297e-13,-0.0010550814323057427,9.535550474226717e-11,"[0.5810026957008398,0.3551677506126119,0.06382955368654827]"
v3.3,315b8c39022042af,arctan,common,5,0.2,1.25,1,2.1388324684790948e-13,-0.0010793242067150682,5.777890665914498e-11,"[0.5804989581695904,0.35493973433056636,0.06456130749984322]"
v3.3,315b8c39022042af,arctan,common,5,0.2,1.3,1,2.4941581361373515e-13,-0.0011115226738786371,1.0265587338520454e-10,"[0.580009163347832,0.3546996647815324,0.06529117187063561]"
v3.3,315b8c39022042af,arctan,common,5,0.2,1.35,1,2.5867123351705594e-13,-0.0011507519874969195,1.5944085982044776e-10,"[0.5795328545270291,0.3544488623975509,0.06601828307542011]"
v3.3,315b8c39022042af,arctan,common,5,0.2,1.4,1,2.4152782551181097e-13,-0.0011961567808840487,1.4596080941120526e-10,"[0.579069571755025,0.3541885709959771,0.06674185724899774]"
v3.3,315b8c39022042af,arctan,common,10,0.1,0.05,1,4.182552317668482e-17,-0.00442054313053971,1.477461347709763e-10,"[0.595180124558937,0.354261622757261,0.050558252683801985]"
v3.3,315b8c39022042af,arctan,common,10,0.1,0.1,1,1.958572345480056e-15,-0.004341067469737163,2.1453751275490873e-10,"[0.595104415730984,0.3543035046865102,0.0505920795825058]"
v3.3,315b8c39022042af,arctan,common,10,0.1,0.15,1,1.3400375943091931e-14,-0.004215072332082605,2.2599290494529356e-10,"[0.5949844801255182,0.35436787687031923,0.0506476430041626]"
v3.3,315b8c39022042af,arctan,common,10,0.1,0.2,1,1.8604115829807597e-15,-0.004050710424343865,1.4868388464872595e-10,"[0.5948278133477901,0.3544483803080642,0.050723806344145625]"
v3.3,315b8c39022042af,arctan,common,10,0.1,0.25,1,2.5915975092567807e-14,-0.0038570603534191852,2.2109351155430446e-10,"[0.5946422810871866,0.35453859028492807,0.050819128627885284]"
v3.3,315b8c39022042af,arctan,common,10,0.1,0.3,1,2.6930079503785887e-12,-0.0036429519958137077,7.388199080304858e-11,"[0.5944350665307535,0.3546329600169208,0.05093197345232557]"
v3.3,315b8c39022042af,arctan,common,10,0.1,0.35,1,5.640459432518349e-13,-0.0034162448888943805,1.5050240220748634e-10,"[0.5942122000050384,0.35472719249091406,0.05106060750404752]"
v3.3,315b8c39022042af,arctan,common,10,0.1,0.4,1,1.8245914381199158e-12,-0.003183510846713325,1.413307942899067e-10,"[0.5939784903539751,0.3548182303132265,0.05120327933279836]"
v3.3,315b8c39022042af,arctan,common,10,0.1,0.45,1,4.994262162629536e-12,-0.002949990971638037,7.614024688518128e-11,"[0.593737657502432,0.354904065976392,0.051358276521176006]"
v3.3,315b8c39022042af,arctan,common,10,0.1,0.5,1,1.1982733869516667e-11,-0.0027197057575201918,1.429487604676094e-10,"[0.5934925318807955,0.3549835044668688,0.05152396365233569]"
v3.3,315b8c39022042af,arctan,common,10,0.1,0.55,1,2.585161281371685e-11,-0.002495630521186863,6.798274790331682e-11,"[0.5932452514422373,0.35505594342600255,0.05169880513176012]"
v3.3,315b8c39022042af,arctan,common,10,0.1,0.6,1,2.5149307675301663e-13,-0.0022798839612671387,1.332577832802162e-10,"[0.5929974290001934,0.35512119401930803,0.05188137698049851]"
v3.3,315b8c39022042af,arctan,common,10,0.1,0.65,1,5.6457572036561363e-14,-0.002073905027808593,1.4124099112500232e-10,"[0.5927502850538221,0.3551793439727872,0.05207037097339058]"
v3.3,315b8c39022042af,arctan,common,10,0.1,0.7,1,1.1855016573150395e-13,-0.0018786031576881398,2.1324685420265332e-10,"[0.5925047474566465,0.35523065856169256,0.052264593981661035]"
v3.3,315b8c39022042af,arctan,common,10,0.1,0.75,1,2.311316349669507e-13,-0.0016944841610968715,2.0148304899492153e-10,"[0.5922615262302685,0.3552755096026916,0.05246296416703999]"
v3.3,315b8c39022042af,arctan,common,10,0.1,0.8,1,4.227583585705126e-13,-0.001521750421648517,2.1184874340884896e-10,"[0.5920211680224949,0.35531432650127515,0.05266450547622972]"
v3.3,315b8c39022042af,arctan,common,10,0.1,0.85,1,7.314377840653773e-13,-0.0013603799546718677,1.0891945331770181e-10,"[0.591784095856147,0.3553475629332315,0.05286834121062154]"
v3.3,315b8c39022042af,arctan,common,10,0.1,0.9,1,1.2052918135852356e-12,-0.0012101878671065477,1.3258432893237249e-10,"[0.5915506380745761,0.35537567472080794,0.05307368720461596]"
v3.3,315b8c39022042af,arctan,common,10,0.1,0.95,1,1.9024359452972397e-12,-0.001070873706166469,6.525098170118149e-11,"[0.5913210494791183,0.3553991055877954,0.053279844933086136]"
v3.3,315b8c39022042af,arctan,common,10,0.1,1.0,1,6.41150794880571e-17,-0.0009420575363902964,1.1663751908752573e-10,"[0.5910955268471949,0.35541827841182677,0.05348619474097839]"
v3.3,315b8c39022042af,arctan,common,10,0.1,1.05,1,2.9448564008797924e-13,-0.0008233075410298829,7.088427414481124e-11,"[0.5908742204871849,0.3554335902118133,0.05369218930100185]"
v3.3,315b8c39022042af,arctan,common,10,0.1,1.1,1,7.43576590814343e-12,-0.0007141604269693715,1.5549482534904513e-10,"[0.5906572428528599,0.35544540976763694,0.053897347379503274]"
v3.3,315b8c39022042af,arctan,common,10,0.1,1.15,1,4.478706061219087e-15,-0.0006141367814548535,6.495039575615813e-11,"[0.5904446750153776,0.35545407704653265,0.0541012479380898]"
v3.3,315b8c39022042af,arctan,common,10,0.1,1.2,1,1.8347017342251225e-14,-0.0005227527331501357,1.3026453526965298e-10,"[0.5902365720635934,0.3554599033648092,0.0543035245715974]"
v3.3,315b8c39022042af,arctan,common,10,0.1,1.25,1,4.816136484304316e-14,-0.00043952777484395494,9.587505442332223e-11,"[0.5900329668324386,0.3554631728264022,0.054503860341159234]"
v3.3,315b8c39022042af,arctan,common,10,0.1,1.3,1,7.679107269522566e-14,-0.00036399084904242124,1.0845188982977483e-10,"[0.5898338733134244,0.35546414373965246,0.05470198294692312]"
v3.3,315b8c39022042af,arctan,common,10,0.1,1.35,1,6.542161060614565e-14,-0.00029568438838696934,5.893082549723871e-11,"[0.5896392893002784,0.3554630504301719,0.054897660269549696]"
v3.3,315b8c39022042af,arctan,common,10,0.1,1.4,1,2.309709720088819e-14,-0.00023416704032287045,5.4625661632945466e-11,"[0.5894491986317639,0.35546010510880033,0.055090696259435794]"
v3.3,315b8c39022042af,arctan,common,20,0.05,0.05,1,6.824211732970381e-15,-0.00443317977549805,1.4481538190835863e-10,"[0.5951995481086398,0.354250716301358,0.05054973559000207]"
v3.3,315b8c39022042af,arctan,common,20,0.05,0.1,1,1.8021663030377552e-13,-0.004390104331287108,7.215700259521896e-11,"[0.595180313877607,0.35426145403515485,0.05055823208723827]"
v3.3,315b8c39022042af,arctan,common,20,0.05,0.15,1,6.235702755224038e-17,-0.004320182871066794,7.310227423396043e-11,"[0.595149126280689,0.35427858418181457,0.05057228953749657]"
v3.3,315b8c39022042af,arctan,common,20,0.05,0.2,1,2.1947687413213624e-16,-0.0042259625585354885,1.5862634122898456e-10,"[0.5951071340900943,0.354301108583227,0.050591757326678886]"
v3.3,315b8c39022042af,arctan,common,20,0.05,0.25,1,5.118565648645023e-16,-0.004110570327458644,1.917835681930491e-10,"[0.5950556949225356,0.3543278717990158,0.05061643327844857]"
v3.3,315b8c39022042af,arctan,common,20,0.05,0.3,1,1.1736396346462586e-12,-0.003977416223758079,1.504075128333504e-10,"[0.5949962262251707,0.3543577021660767,0.0506460716087527]"
v3.3,315b8c39022042af,arctan,common,20,0.05,0.35,1,1.8020194407709497e-12,-0.003829940851115328,7.127790024874514e-11,"[0.5949300950454625,0.3543895130199196,0.05068039193461787]"
v3.3,315b8c39022042af,arctan,common,20,0.05,0.4,1,2.6303715994810825e-14,-0.003671428692049665,2.1492554957980303e-10,"[0.5948585512613445,0.35442236022328,0.05071908851537557]"
v3.3,315b8c39022042af,arctan,common,20,0.05,0.45,1,7.413448951592004e-15,-0.0035048883971062345,1.5533165725889475e-10,"[0.5947826967514841,0.35445546420562796,0.050761839042887925]"
v3.3,315b8c39022042af,arctan,common,20,0.05,0.5,1,2.0045254064052003e-14,-0.003332989072196993,1.2001784982507147e-10,"[0.5947034791973467,0.35448820828024047,0.05080831252241276]"
v3.3,315b8c39022042af,arctan,common,20,0.05,0.55,1,4.4048755930942664e-14,-0.0031580386411434354,1.3710080640216837e-10,"[0.594621700468859,0.35452012353468026,0.05085817599646061]"
v3.3,315b8c39022042af,arctan,common,20,0.05,0.6,1,9.307971796571548e-14,-0.002981990255996249,7.594823034362541e-11,"[0.5945380320705839,0.3545508678784127,0.05091110005100334]"
v3.3,315b8c39022042af,arctan,common,20,0.05,0.65,1,1.824553173310996e-13,-0.002806465719020903,7.031380686028932e-11,"[0.594453032945413,0.35458020390264555,0.05096676315194143]"
v3.3,315b8c39022042af,arctan,common,20,0.05,0.7,1,3.192718078514371e-10,-0.0026327902120751832,2.20269118916816e-10,"[0.5943671680383665,0.35460797709449565,0.05102485486713791]"
v3.3,315b8c39022042af,arctan,common,20,0.05,0.75,1,5.852470972477201e-13,-0.002462016863952088,6.616225275979382e-11,"[0.594280818682429,0.3546341027685268,0.05108507854904414]"
v3.3,315b8c39022042af,arctan,common,20,0.05,0.8,1,9.726277067493107e-13,-0.002294984920787578,1.928312821919409e-10,"[0.5941943071780534,0.35465854048159406,0.051147152340352366]"
v3.3,315b8c39022042af,arctan,common,20,0.05,0.85,1,3.117296162586123e-12,-0.0021323311409452116,2.152292753743179e-10,"[0.5941078974189898,0.3546812917886253,0.05121081079238481]"
v3.3,315b8c39022042af,arctan,common,20,0.05,0.9,1,7.918069272028443e-11,-0.0019745320268409437,6.278770905976394e-11,"[0.5940218100892701,0.354702384849069,0.05127580506166093]"
v3.3,315b8c39022042af,arctan,common,20,0.05,0.95,1,3.546032201849748e-12,-0.0018219260648935712,6.977464439561487e-11,"[0.5939362280058729,0.35472186881595613,0.05134190317817094]"
v3.3,315b8c39022042af,arctan,common,20,0.05,1.0,1,5.125004369119125e-12,-0.0016747426825237909,1.3907483498165618e-10,"[0.5938513051423698,0.3547398051017346,0.05140888975589553]"
v3.3,315b8c39022042af,arctan,common,20,0.05,1.05,1,7.216826134905487e-12,-0.0015331170073357263,7.199932317014657e-11,"[0.5937671689835795,0.35475626525148307,0.051476565764937345]"
v3.3,315b8c39022042af,arctan,common,20,0.05,1.1,1,9.927012808277508e-12,-0.0013971097557875858,1.2796278966997754e-10,"[0.5936839260413358,0.35477132601883027,0.05154474793983406]"
v3.3,315b8c39022042af,arctan,common,20,0.05,1.15,1,1.3368663265205751e-11,-0.0012667212357562498,1.3706671214697153e-10,"[0.5936016649288723,0.35478506690941286,0.05161326816171485]"
v3.3,315b8c39022042af,arctan,common,20,0.05,1.2,1,1.7660324840927996e-11,-0.0011419034267566679,1.4017154797985043e-10,"[0.5935204590891962,0.35479756815685765,0.0516819727539462]"
v3.3,315b8c39022042af,arctan,common,20,0.05,1.25,1,2.2924344946616323e-11,-0.0010225701528017682,1.9521272792699662e-10,"[0.593440369025965,0.3548089092405655,0.05175072173346958]"
v3.3,315b8c39022042af,arctan,common,20,0.05,1.3,1,2.92845713905791e-11,-0.0009086054953725518,1.1404369115730617e-10,"[0.5933614441378003,0.35481916782264883,0.05181938803955085]"
v3.3,315b8c39022042af,arctan,common,20,0.05,1.35,1,1.2975233426419656e-14,-0.0007998705408233282,1.722133026460515e-10,"[0.593283724090488,0.3548284191376855,0.051887856771826404]"
v3.3,315b8c39022042af,arctan,common,20,0.05,1.4,1,1.7225655183305708e-14,-0.0006962099995088886,6.382229814083651e-11,"[0.5932072406272116,0.3548367350113161,0.05195602436147223]"
v3.3,315b8c39022042af,arctan,common,inf,0.0,0.05,1,7.705193982742313e-18,-0.0044477335094594075,7.685689584757682e-11,"[0.5952060514993919,0.354247055542506,0.05054689295810217]"
v3.3,315b8c39022042af,arctan,common,inf,0.0,0.1,1,7.705193982742313e-18,-0.004447733509459782,7.683066682862005e-11,"[0.5952060514993919,0.354247055542506,0.05054689295810217]"
v3.3,315b8c39022042af,arctan,common,inf,0.0,0.15,1,7.705193982742313e-18,-0.00444773350946033,7.678690322476811e-11,"[0.5952060514993919,0.354247055542506,0.05054689295810217]"
v3.3,315b8c39022042af,arctan,common,inf,0.0,0.2,1,7.705193982742313e-18,-0.00444773350946108,7.672492502441841e-11,"[0.5952060514993919,0.354247055542506,0.05054689295810217]"
v3.3,315b8c39022042af,arctan,common,inf,0.0,0.25,1,7.705193982742313e-18,-0.0044477335094620235,7.664548162811258e-11,"[0.5952060514993919,0.354247055542506,0.05054689295810217]"
v3.3,315b8c39022042af,arctan,common,inf,0.0,0.3,1,7.705193982742313e-18,-0.0044477335094631615,7.654840650239692e-11,"[0.5952060514993919,0.354247055542506,0.05054689295810217]"
v3.3,315b8c39022042af,arctan,common,inf,0.0,0.35,1,7.705193982742313e-18,-0.004447733509464258,7.643388005851293e-11,"[0.5952060514993919,0.354247055542506,0.05054689295810217]"
v3.3,315b8c39022042af,arctan,common,inf,0.0,0.4,1,7.705193982742313e-18,-0.004447733509465632,7.630143739056905e-11,"[0.5952060514993919,0.354247055542506,0.05054689295810217]"
v3.3,315b8c39022042af,arctan,common,inf,0.0,0.45,1,7.705193982742313e-18,-0.0044477335094673595,7.615184177689471e-11,"[0.5952060514993919,0.354247055542506,0.05054689295810217]"
v3.3,315b8c39022042af,arctan,common,inf,0.0,0.5,1,7.705193982742313e-18,-0.004447733509469469,7.598439238920562e-11,"[0.5952060514993919,0.354247055542506,0.05054689295810217]"
v3.3,315b8c39022042af,arctan,common,inf,0.0,0.55,1,7.705193982742313e-18,-0.004447733509471412,7.579901983856274e-11,"[0.5952060514993919,0.354247055542506,0.05054689295810217]"
v3.3,315b8c39022042af,arctan,common,inf,0.0,0.6,1,7.705193982742313e-18,-0.004447733509473931,7.55959600473588e-11,"[0.5952060514993919,0.354247055542506,0.05054689295810217]"
v3.3,315b8c39022042af,arctan,common,inf,0.0,0.65,1,7.705193982742313e-18,-0.004447733509513024,7.541212793116259e-11,"[0.5952060514993919,0.354247055542506,0.05054689295810217]"
v3.3,315b8c39022042af,arctan,common,inf,0.0,0.7,1,7.705193982742313e-18,-0.004447733509780796,7.543955737876473e-11,"[0.5952060514993919,0.354247055542506,0.05054689295810217]"
v3.3,315b8c39022042af,arctan,common,inf,0.0,0.75,1,7.705193982742313e-18,-0.004447733510068601,7.546850644413183e-11,"[0.5952060514993919,0.354247055542506,0.05054689295810217]"
v3.3,315b8c39022042af,arctan,common,inf,0.0,0.8,1,7.705193982742313e-18,-0.004447733510376216,7.549927349970176e-11,"[0.5952060514993919,0.354247055542506,0.05054689295810217]"
v3.3,315b8c39022042af,arctan,common,inf,0.0,0.85,1,7.705193982742313e-18,-0.00444773351070385,7.553279529615153e-11,"[0.5952060514993919,0.354247055542506,0.05054689295810217]"
v3.3,315b8c39022042af,arctan,common,inf,0.0,0.9,1,7.705193982742313e-18,-0.0044477335110507735,7.556785752704798e-11,"[0.5952060514993919,0.354247055542506,0.05054689295810217]"
v3.3,315b8c39022042af,arctan,common,inf,0.0,0.95,1,7.705193982742313e-18,-0.00444773351141791,7.560469611478382e-11,"[0.5952060514993919,0.354247055542506,0.05054689295810217]"
v3.3,315b8c39022042af,arctan,common,inf,0.0,1.0,1,7.705193982742313e-18,-0.004447733511804927,7.564401188764336e-11,"[0.5952060514993919,0.354247055542506,0.05054689295810217]"
v3.3,315b8c39022042af,arctan,common,inf,0.0,1.05,1,7.705193982742313e-18,-0.004447733512211956,7.568504850619107e-11,"[0.5952060514993919,0.354247055542506,0.05054689295810217]"
v3.3,315b8c39022042af,arctan,common,inf,0.0,1.1,1,7.705193982742313e-18,-0.0044477335126383855,7.572813903733433e-11,"[0.5952060514993919,0.354247055542506,0.05054689295810217]"
v3.3,315b8c39022042af,arctan,common,inf,0.0,1.15,1,7.705193982742313e-18,-0.004447733513085091,7.577349164789027e-11,"[0.5952060514993919,0.354247055542506,0.05054689295810217]"
v3.3,315b8c39022042af,arctan,common,inf,0.0,1.2,1,7.705193982742313e-18,-0.004447733513551218,7.582072469869416e-11,"[0.5952060514993919,0.354247055542506,0.05054689295810217]"
v3.3,315b8c39022042af,arctan,common,inf,0.0,1.25,1,7.705193982742313e-18,-0.004447733514037308,7.586972022854965e-11,"[0.5952060514993919,0.354247055542506,0.05054689295810217]"
v3.3,315b8c39022042af,arctan,common,inf,0.0,1.3,1,7.705193982742313e-18,-0.004447733514543313,7.592050599303235e-11,"[0.5952060514993919,0.354247055542506,0.05054689295810217]"
v3.3,315b8c39022042af,arctan,common,inf,0.0,1.35,1,7.705193982742313e-18,-0.004447733515069156,7.597390772051682e-11,"[0.5952060514993919,0.354247055542506,0.05054689295810217]"
v3.3,315b8c39022042af,arctan,common,inf,0.0,1.4,1,7.705193982742313e-18,-0.00444773351561497,7.60290996826285e-11,"[0.5952060514993919,0.354247055542506,0.05054689295810217]"
