model,time,x1,x2,x3
classical,0.0,0.52,0.4,0.08
classical,0.05,0.5212116549629271,0.3976100004414913,0.08117834459558168
classical,0.1,0.5225128480237968,0.39516232598992596,0.08232482598627731
classical,0.15000000000000002,0.523902974483445,0.3926609062382883,0.0834361192782668
classical,0.2,0.5253812337885972,0.39010983381973674,0.08450893239166617
classical,0.25,0.52694662485296,0.38751334876526333,0.08554002638177688
classical,0.30000000000000004,0.5285979422282406,0.38487582173280044,0.08652623603895909
classical,0.35000000000000003,0.5303337731961477,0.3822017362591452,0.08746449054470724
classical,0.4,0.5321524958559425,0.379495670188126,0.08835183395593166
classical,0.45,0.5340522782608801,0.37676227645646754,0.0891854452826525
classical,0.5,0.5360310786757927,0.37400626340249055,0.08996265792171688
classical,0.55,0.538086646977355,0.37123237480509796,0.09068097821754718
classical,0.6000000000000001,0.5402165272527575,0.3684453698252603,0.09133810292198231
classical,0.65,0.5424180616080151,0.365650003048719,0.09193193534326612
classical,0.7000000000000001,0.5446883952052172,0.36285100481153637,0.09246059998324664
classical,0.75,0.5470244825209025,0.36005306199014875,0.09292245548894881
classical,0.8,0.5494230948162614,0.3572607994243191,0.09331610575941963
classical,0.8500000000000001,0.5518808287869522,0.35447876213112905,0.09364040908191881
classical,0.9,0.5543941163549143,0.3517113984549188,0.09389448519016697
classical,0.9500000000000001,0.5569592355422981,0.34896304427945535,0.09407772017824675
classical,1.0,0.5595723223629492,0.34623790841438123,0.09418976922266965
classical,1.05,0.5622293836487197,0.343540059245617,0.09423055710566343
classical,1.1,0.5649263107200668,0.34087341272569593,0.09420027655423724
classical,1.1500000000000001,0.5676588937973682,0.338241721752892,0.09409938444973973
classical,1.2000000000000002,0.5704228370428422,0.3356485669769144,0.09392859598024333
classical,1.25,0.5732137741141929,0.3330973490428592,0.0936888768429478
classical,1.3,0.5760272841049209,0.33059128227491597,0.09338143362016312
classical,1.35,0.5788589077439686,0.3281333897748918,0.09300770248113956
classical,1.4000000000000001,0.5817041637230226,0.32572649990517216,0.09256933637180527
classical,1.4500000000000002,0.5845585650210685,0.3233732441044658,0.09206819087446572
classical,1.5,0.5874176350951389,0.32107605597833555,0.09150630892652561
classical,1.55,0.59027692381274,0.31883717158954755,0.09088590459771248
classical,1.6,0.5931320230026219,0.31665863087189405,0.090209346125484
classical,1.6500000000000001,0.5959785815096322,0.3145422800793637,0.08947913841100405
classical,1.7000000000000002,0.5988123196444091,0.31248977518183063,0.08869790517376036
classical,1.75,0.601629042933278,0.3105025861088597,0.08786837095786229
classical,1.8,0.6044246550759045,0.30858200175055006,0.08699334317354547
classical,1.85,0.6071951700391023,0.30672913561445336,0.08607569434644431
classical,1.9000000000000001,0.6099367232117604,0.3049449320511909,0.08511834473704868
classical,1.9500000000000002,0.6126455815808266,0.3032301729466069,0.08412424547256653
classical,2.0,0.6153181528746581,0.3015854848003096,0.0830963623250324
classical,2.0500000000000003,0.6179509936528476,0.30001134610067975,0.08203766024647267
classical,2.1,0.6205408163198979,0.2985080949188365,0.08095108876126558
classical,2.15,0.6230844950620243,0.2970759366457626,0.07983956829221314
classical,2.2,0.6255790707085738,0.29571495180456037,0.07870597748686585
classical,2.25,0.628021754536355,0.294425103875235,0.07755314158841005
classical,2.3000000000000003,0.6304099310401564,0.29320624707443765,0.07638382188540599
classical,2.35,0.6327411597048576,0.2920581340409957,0.07520070625414679
classical,2.4000000000000004,0.6350131758192825,0.29098042338150154,0.07400640079921594
classical,2.45,0.6372238903801145,0.28997268703856593,0.07280342258131961
classical,2.5,0.6393713891391677,0.28903441744714475,0.07159419341368761
classical,2.5500000000000003,0.6414539308518377,0.2881650344532398,0.07038103469492252
classical,2.6,0.6434699447880754,0.2873638919705811,0.06916616324134355
classical,2.6500000000000004,0.6454180275692818,0.2866302843590872,0.06795168807163104
classical,2.7,0.6472969393970479,0.2859634525092994,0.06673960809365272
classical,2.75,0.6491055997387732,0.28536258962559,0.06553181063563672
classical,2.8000000000000003,0.6508430825366306,0.2848268466998412,0.0643300707635282
classical,2.85,0.6525086110039293,0.28435533767441956,0.06313605132165116
classical,2.9000000000000004,0.6541015520730684,0.28394714429244916,0.06195130363448233
classical,2.95,0.6556214105555618,0.2836013206390996,0.06077726880533857
classical,3.0,0.6570678230728668,0.28331689737784566,0.05961527954928746
classical,3.0500000000000003,0.6584405518139513,0.28309288568757746,0.05846656249847111
classical,3.1,0.6597394781712433,0.282928280909167,0.05733224091958955
classical,3.1500000000000004,0.6609645963055989,0.2828220659081722,0.05621333778622885
classical,3.2,0.662116006682508,0.2827732141674651,0.05511077915002688
classical,3.25,0.6631939096240338,0.28278069261637423,0.054025397759591934
classical,3.3000000000000003,0.6641985989115148,0.28284346421097467,0.05295793687751047
classical,3.35,0.66513045547446,0.28296049027491843,0.05190905425062149
classical,3.4000000000000004,0.6659899411955241,0.28313073261326255,0.05087932619121324
classical,3.45,0.6667775928559576,0.283353155413069,0.049869251730973306
classical,3.5,0.6674940162472864,0.28362672693978325,0.04887925681293026
classical,3.5500000000000003,0.6681398804661619,0.28395042104393803,0.047909698489899954
classical,3.6,0.66871591240943,0.28432321848868075,0.04696086910188918
classical,3.6500000000000004,0.6692228914845624,0.2847441081084121,0.04603300040702548
classical,3.7,0.6696616445415473,0.2852120878127486,0.045126267645704064
classical,3.75,0.6700330410384063,0.285726165443315,0.04424079351827861
classical,3.8000000000000003,0.6703379884435492,0.28628535949544714,0.043376652061003565
classical,3.85,0.6705774278788316,0.2868886997139096,0.04253387240725877
classical,3.9000000000000004,0.6707523300041854,0.28753522757234956,0.041712442423465
classical,3.95,0.6708636911445329,0.28822399664604276,0.04091231220942428
classical,4.0,0.6709125296565432,0.28895407288479635,0.040133397458660326
classical,4.05,0.6708998825310334,0.2897245347948203,0.03937558267414625
classical,4.1000000000000005,0.6708268022281775,0.2905344735381462,0.03863872423367631
classical,4.15,0.67069435373925,0.2913829929547813,0.03792265330596871
classical,4.2,0.670503611868947,0.2922692095149222,0.037227178616130806
classical,4.25,0.6702556587305417,0.29319225220878997,0.036552089060668286
classical,4.3,0.6699515814478223,0.29415126237705175,0.03589715617512598
classical,4.3500000000000005,0.669592470054826,0.295145393489138,0.03526213645603598
classical,4.4,0.6691794155850852,0.2961738108743979,0.03464677354051683
classical,4.45,0.6687135083427382,0.29723569140926737,0.03405080024799437
classical,4.5,0.6681958363462412,0.29833022316573293,0.033473940488025836
classical,4.55,0.6676274839353668,0.29945660502594945,0.03291591103868379
classical,4.6000000000000005,0.6670095305350475,0.30061404626306193,0.03237642320189049
classical,4.65,0.6663430495650209,0.3018017660954836,0.03185518433949549
classical,4.7,0.6656291074883226,0.3030189932151157,0.031351899296561646
classical,4.75,0.6648687629899155,0.30426496529297925,0.030866271717105178
classical,4.800000000000001,0.6640630662773395,0.30553892846473074,0.030398005257929683
classical,4.8500000000000005,0.6632130584958489,0.30684013679788397,0.029946804706267118
classical,4.9,0.6623197712501575,0.3081678517431887,0.029512377006653764
classical,4.95,0.6613842262258282,0.3095213415715126,0.029094432202659237
classical,5.0,0.6604074349030323,0.31089988079826353,0.02869268429870409
classical,5.050000000000001,0.659390398356375,0.31230274959624393,0.028306852047381013
classical,5.1000000000000005,0.6583341071341504,0.3137292331986474,0.027936659667202265
classical,5.15,0.657239541211187,0.31517862129299856,0.0275818374958145
classical,5.2,0.6561076700095648,0.31665020740706995,0.027242122583365197
classical,5.25,0.654939452481625,0.31814328828784816,0.0269172592305268
classical,5.300000000000001,0.6537358372506056,0.3196571632737099,0.026606999475684467
classical,5.3500000000000005,0.6524977628037304,0.32119113366103474,0.026311103535234786
classical,5.4,0.6512261577335426,0.32274450206534466,0.0260293402011126
classical,5.45,0.6499219410233733,0.32431657177738665,0.025761487199239916
classical,5.5,0.6485860223726575,0.32590664611503706,0.025507331512305376
classical,5.550000000000001,0.6472193025590283,0.3275140277704944,0.02526666967047728
classical,5.6000000000000005,0.6458226738335838,0.3291380181534203,0.025039308012995826
classical,5.65,0.6443970203460885,0.33077791673030976,0.02482506292360165
classical,5.7,0.6429432185975575,0.33243302035974837,0.024623761042694
classical,5.75,0.641462137917526,0.3341026226237907,0.02443523945868315
classical,5.800000000000001,0.6399546409632036,0.3357860131559303,0.024259345880865917
classical,5.8500000000000005,0.6384215842388892,0.3374824769648536,0.024095938796257047
classical,5.9,0.6368638186334403,0.3391912937542886,0.023944887612270985
classical,5.95,0.6352821899736555,0.34091173723923895,0.023806072787105444
classical,6.0,0.6336775395922724,0.34264307445805475,0.023679385949672803
classical,6.050000000000001,0.6320507049090928,0.34438456508032356,0.023564730010583575
classical,6.1000000000000005,0.6304025200236266,0.34613546071083306,0.02346201926554019
classical,6.15,0.6287338163178641,0.34789500418966035,0.023371179492475462
classical,6.2,0.6270454230690713,0.34966242888736987,0.02329214804355873
classical,6.25,0.6253381680704619,0.35143695799656466,0.02322487393297328
classical,6.300000000000001,0.623612878259458,0.3532178038192195,0.023169317921322305
classical,6.3500000000000005,0.6218703803527884,0.35500416704982696,0.02312545259738448
classical,6.4,0.6201115014877617,0.35679523605453095,0.023093262457707122
classical,6.45,0.6183370698688878,0.3585901861466663,0.02307274398444569
classical,6.5,0.6165479154191753,0.3603881788590122,0.02306390572181235
classical,6.550000000000001,0.6147448704366446,0.3621883612123268,0.023066768351028468
classical,6.6000000000000005,0.6129287702544293,0.36398986498158975,0.023081364763980806
classical,6.65,0.6111004539046843,0.36579180596007277,0.02310774013524273
classical,6.7,0.6092607647860006,0.3675932832217968,0.023145951992202447
classical,6.75,0.6074105513339758,0.36939337838326347,0.023196070282760523
classical,6.800000000000001,0.6055506676945788,0.37119115486553544,0.02325817743988552
classical,6.8500000000000005,0.6036819743999406,0.372985657157752,0.023332368442307107
classical,6.9,0.6018053390467667,0.37477591008304684,0.02341875087018634
classical,6.95,0.5999216369767032,0.37656091806870845,0.02351744495458811
classical,7.0,0.5980317519583576,0.37833966442226774,0.0236285836193745
classical,7.050000000000001,0.5961365768709528,0.38011111061521546,0.02375231251383154
classical,7.1000000000000005,0.5942370143889427,0.38187419557676855,0.023888790034288426
classical,7.15,0.59233397766738,0.38362783500016895,0.02403818733245084
classical,7.2,0.5904283910278121,0.38537092066403306,0.024200688308154635
classical,7.25,0.5885211906437804,0.3871023197720933,0.024376489584126065
classical,7.300000000000001,0.5866133252253486,0.3888208743149661,0.024565800459685063
classical,7.3500000000000005,0.584705756702502,0.3905254004573296,0.024768842840168177
classical,7.4,0.5827994609061927,0.3922146879550435,0.024985851138763532
classical,7.45,0.5808954282458968,0.39388749960709296,0.025217072147009963
classical,7.5,0.5789946643832895,0.3955425707471933,0.02546276486951698
classical,7.550000000000001,0.5770981909012601,0.39717860878023153,0.02572320031850807
classical,7.6000000000000005,0.5752070459648728,0.3987942927712119,0.025998661263914986
classical,7.65,0.5733222849751914,0.40038827309182556,0.026289441932982733
classical,7.7,0.5714449812132572,0.4019591711325244,0.026595847654218345
classical,7.75,0.5695762264717977,0.4035055790883074,0.026918194439894703
classical,7.800000000000001,0.5677171316732696,0.405026059826359,0.027256808500371224
classical,7.8500000000000005,0.5658688274727559,0.40651914684391494,0.027612025683328975
classical,7.9,0.5640324648402398,0.4079833443280833,0.027984190831676744
classical,7.95,0.5622092156224424,0.4094171273260681,0.028373657051489323
classical,8.0,0.5604002730793471,0.410818942037909,0.02878078488274374
classical,8.05,0.5586068523920241,0.4121872062434824,0.029205941364493358
classical,8.1,0.5568301911386963,0.41352030987563715,0.029649498985666465
classical,8.15,0.5550715497334412,0.4148166157534216,0.03011183451313706
classical,8.200000000000001,0.5533322118242222,0.4160744604882655,0.030593327687512113
classical,8.25,0.551613484644297,0.4172921555779438,0.031094359777759057
classical,8.3,0.5499166993121583,0.4184679887027412,0.031615311985100335
classical,8.35,0.5482432110735781,0.41960022523935775,0.032156563687064016
classical,8.4,0.5465943994798064,0.42068711000792475,0.03271849051226883
classical,8.450000000000001,0.5449716684947377,0.42172686926818176,0.033301462237080484
classical,8.5,0.5433764465240977,0.42271771298060423,0.03390584049529802
classical,8.55,0.5418101863584616,0.4236578373486544,0.03453197629288393
classical,8.6,0.5402743650220064,0.4245454276578467,0.03518020732014678
classical,8.65,0.5387704835180576,0.4253786614270867,0.03585085505485565
classical,8.700000000000001,0.5373000664621098,0.4261557118870957,0.03654422165079437
classical,8.75,0.5358646615928925,0.4268747517997078,0.03726058660739967
classical,8.8,0.5344658391503112,0.4275339576312561,0.03800020321843267
classical,8.85,0.5331051911106894,0.4281315140909551,0.038763294798355344
classical,8.9,0.5317843302670063,0.42866561904432543,0.039550050688668105
classical,8.950000000000001,0.5305048891437522,0.4291344888087502,0.04036062204749752
classical,9.0,0.5292685187340004,0.4295363638365147,0.0411951174294848
classical,9.05,0.5280768870462365,0.42986951478710456,0.04205359816665892
classical,9.1,0.5269316774497443,0.4301322489878435,0.04293607356241218
classical,9.15,0.5258345868054353,0.43032291727742483,0.043842495917139956
classical,9.200000000000001,0.5247873233704003,0.4304399212227091,0.04477275540689055
classical,9.25,0.5237916044636058,0.4304817206977005,0.045726674838693686
classical,9.3,0.5228491538812111,0.4304468418012598,0.046704004317529066
classical,9.35,0.5219616990504902,0.4303338850929135,0.047704415856596454
classical,9.4,0.5211309679104176,0.4301415341161571,0.04872749797342536
classical,9.450000000000001,0.520358685512104,0.429868564170042,0.04977275031785414
classical,9.5,0.5196465703262786,0.4295138512905966,0.05083957838312482
classical,9.55,0.5189963302509785,0.429076381392959,0.05192728835606253
classical,9.600000000000001,0.5184096583188431,0.42855525951112106,0.05303508217003589
classical,9.65,0.5178882280911049,0.42794971908352686,0.05416205282536823
classical,9.700000000000001,0.5174336887434572,0.4272591312072572,0.0553071800492856
classical,9.75,0.5170476598390304,0.42648301379005843,0.05646932637091114
classical,9.8,0.5167317257929623,0.4256210405179216,0.057647233689116076
classical,9.850000000000001,0.5164874300357488,0.424673049550241,0.058839520414010284
classical,9.9,0.5163162688800969,0.4236390518547978,0.060044679265105455
classical,9.950000000000001,0.5162196851088514,0.4225192390843721,0.06126107580677658
classical,10.0,0.5161990612922674,0.4213139909016412,0.062486947806091445
classical,10.05,0.5162557128630576,0.42002388164942145,0.06372040548752098
classical,10.100000000000001,0.5163908809665424,0.41864968627020327,0.06495943276325439
classical,10.15,0.5166057251174148,0.4171923853763418,0.06620188950624349
classical,10.200000000000001,0.5169013156946429,0.41565316937630864,0.06744551492904853
classical,10.25,0.5172786263113986,0.41403344156710387,0.06868793212149753
classical,10.3,0.5177385261038243,0.41233482010898737,0.0699266537871884
classical,10.350000000000001,0.518281771982518,0.41055913880709255,0.07115908921038953
classical,10.4,0.5189090008992091,0.40870844663412137,0.07238255246666961
classical,10.450000000000001,0.5196207221825574,0.40678500593909966,0.07359427187834308
classical,10.5,0.5204173100031806,0.40479128930217545,0.07479140069464404
classical,10.55,0.5212989960293052,0.40272997500729196,0.07597102896340288
classical,10.600000000000001,0.5222658623394191,0.4006039411218701,0.07713019653871095
classical,10.65,0.5233178346599475,0.39841625818796894,0.07826590715208351
classical,10.700000000000001,0.524454675998081,0.396170180548288,0.07937514345363089
classical,10.75,0.5256759807407771,0.39386913634598314,0.08045488291323968
classical,10.8,0.5269811692924381,0.39151671625474327,0.08150211445281857
classical,10.850000000000001,0.5283694833214077,0.3891166610149191,0.08251385566367321
classical,10.9,0.5298399816858018,0.38667284786511,0.08348717044908815
classical,10.950000000000001,0.5313915371042545,0.3841892759769341,0.08441918691881142
classical,11.0,0.5330228336378355,0.3816700510100337,0.08530711535213065
classical,11.05,0.5347323650392292,0.37911936892262554,0.08614826603814521
classical,11.100000000000001,0.5365184340242046,0.3765414991783993,0.08694006679739606
classical,11.15,0.5383791525106228,0.37394076750090166,0.08768007998847549
classical,11.200000000000001,0.5403124428637646,0.3713215383320044,0.088366018804231
classical,11.25,0.5423160401830123,0.3686881971502012,0.08899576266678658
classical,11.3,0.5443874956397345,0.36604513281638545,0.08956737154388002
classical,11.350000000000001,0.5465241808894385,0.3633967200968376,0.09007909901372382
classical,11.4,0.5487232935468516,0.36074730252284826,0.09052940393030025
classical,11.450000000000001,0.5509818637245988,0.35810117573038125,0.09091696054501999
classical,11.5,0.5532967615991067,0.35546257142050464,0.09124066698038871
classical,11.55,0.5556647059813119,0.35283564206609574,0.09149965195259238
classical,11.600000000000001,0.5580822738395675,0.3502244464794609,0.09169327968097163
classical,11.65,0.5605459107226736,0.34763293634364845,0.09182115293367805
classical,11.700000000000001,0.5630519420126696,0.34506494379060804,0.09188311419672246
classical,11.75,0.565596584933545,0.3425241700993923,0.09187924496706279
classical,11.8,0.5681759612289919,0.34001417556596886,0.09180986320503932
classical,11.850000000000001,0.5707861104165763,0.3375383705869843,0.09167551899643941
classical,11.9,0.5734230035182794,0.33510000797527306,0.09147698850644777
classical,11.950000000000001,0.5760825571624275,0.33270217651892503,0.09121526631864757
classical,12.0,0.5787606479485891,0.3303477957729595,0.09089155627845158
classical,12.05,0.5814531269626345,0.3280396120678704,0.09050726096949509
classical,12.100000000000001,0.584155834331927,0.32578019569615213,0.09006396997192094
classical,12.15,0.5868646137069945,0.3235719392384022,0.08956344705460334
classical,12.200000000000001,0.5895753265623009,0.32141705697107475,0.08900761646662438
classical,12.25,0.5922838662068826,0.3193175852995111,0.08839854849360637
classical,12.3,0.5949861714082857,0.31727538414116574,0.08773844445054849
classical,12.350000000000001,0.5976782395301949,0.3152921391921004,0.08702962127770451
classical,12.4,0.6003561391006512,0.3133693649936225,0.0862744959057262
classical,12.450000000000001,0.603016021724293,0.311508408726512,0.085475569549195
classical,12.5,0.6056541332766897,0.3097104546432219,0.0846354120800884
classical,12.55,0.6082668243106211,0.3079765290654807,0.08375664662389827
classical,12.600000000000001,0.6108505596300364,0.3063075058616591,0.0828419345083045
classical,12.65,0.6134019269867083,0.3047041123291693,0.08189396068412252
classical,12.700000000000001,0.6159176448642147,0.30316693540900075,0.08091541972678447
classical,12.75,0.6183945693418369,0.30169642815385284,0.07990900250431027
classical,12.8,0.6208297000119106,0.3002929163906707,0.07887738359741873
classical,12.850000000000001,0.6232201849595435,0.2989566055096257,0.07782320953083083
classical,12.9,0.6255633248070739,0.29768758732289274,0.07674908787003334
classical,12.950000000000001,0.6278565758427348,0.2964858469398491,0.07565757721741623
classical,13.0,0.6300975522545734,0.29535126961011166,0.07455117813531496
classical,13.05,0.6322840275020668,0.29428364749186975,0.07343232500606355
classical,13.100000000000001,0.6344139348610631,0.2932826863058762,0.07230337883306075
classical,13.15,0.6364853671852799,0.29234801184362125,0.07116662097109891
classical,13.200000000000001,0.6384965759300046,0.2914791762990646,0.07002424777093089
classical,13.25,0.6404459694884752,0.2906756644014469,0.06887836611007804
classical,13.3,0.6423321108939154,0.2899368993268623,0.06773098977922246
classical,13.350000000000001,0.6441537149416217,0.2892622483752096,0.06658403668316885
classical,13.4,0.645909644787458,0.288651028397392,0.06543932681515001
classical,13.450000000000001,0.647598908078512,0.2881025109659124,0.06429858095557572
classical,13.5,0.6492206526731065,0.2876159272800155,0.06316342004687815
classical,13.55,0.6507741620042959,0.2871904728049276,0.062035365190776605
classical,13.600000000000001,0.6522588501419826,0.286825311641552,0.060915838216465575
classical,13.65,0.6536742566050397,0.2865195806296384,0.05980616276532198
classical,13.700000000000001,0.655020040974225,0.28627239318597564,0.05870756583979955
classical,13.75,0.6562959773534704,0.2860828428824453,0.057621179764084304
classical,13.8,0.6575019487234781,0.28595000677102933,0.056548044505492626
classical,13.850000000000001,0.6586379412310249,0.28587294846067496,0.05548911030830012
classical,13.9,0.6597040384509727,0.2858507209564493,0.054445240592578055
classical,13.950000000000001,0.6607004156591955,0.28588236926631216,0.05341721507449238
classical,14.0,0.6616273341459141,0.2859669327886045,0.05240573306548135
classical,14.05,0.662485135600955,0.2861034474868189,0.05141141691222612
classical,14.100000000000001,0.6632742365962234,0.2862909478628126,0.05043481554096391
classical,14.15,0.6639951231875408,0.28652846873918864,0.04947640807327047
classical,14.200000000000001,0.6646483456583546,0.2868150468584507,0.04853660748319464
classical,14.25,0.6652345134195473,0.28714972231207325,0.047615764268379455
classical,14.3,0.6657542900814274,0.28753153980757595,0.04671417011099663
classical,14.350000000000001,0.666208388710119,0.28795954978326554,0.04583206150661546
classical,14.4,0.6665975672765997,0.2884328093812287,0.04496962334217156
classical,14.450000000000001,0.6669226243061693,0.2889503832871351,0.04412699240669553
classical,14.5,0.6671843947354352,0.2895113444450316,0.04330426081953317
classical,14.55,0.6673837459765495,0.2901147746574509,0.0425014793659996
classical,14.600000000000001,0.6675215741935284,0.2907597650775436,0.0417186607289279
classical,14.65,0.6675988007896319,0.2914454166018087,0.04095578260855938
classical,14.700000000000001,0.6676163691048397,0.29217084017027783,0.04021279072488235
classical,14.75,0.6675752413208923,0.29293515698142825,0.039489601697679344
classical,14.8,0.6674763955705947,0.29373749862960247,0.03878610579980276
classical,14.850000000000001,0.667320823247526,0.2945770071693971,0.038102169583076904
classical,14.9,0.6671095265105161,0.29545283511309367,0.0374376383763901
classical,14.950000000000001,0.6668435159774877,0.2963641453686955,0.03679233865381671
classical,15.0,0.6665238086026187,0.29731011112136335,0.036166080276017726
classical,15.05,0.6661514257302049,0.2982899156639198,0.03555865860587507
classical,15.100000000000001,0.665727391317694,0.2993027521820122,0.03496985650029365
classical,15.15,0.6652527303218432,0.30034782349586353,0.034399446182293104
classical,15.200000000000001,0.6647284672399107,0.3014243417641112,0.033847190995977855
classical,15.25,0.6641556247986015,0.3025315281530366,0.03331284704836179
classical,15.3,0.6635352227837619,0.30366861247375176,0.03279616474248612
classical,15.350000000000001,0.662868277002939,0.30483483279130064,0.03229689020576008
classical,15.4,0.6621557983739067,0.30602943500771307,0.03181476661838
classical,15.450000000000001,0.6613987921320001,0.30725167242161094,0.03134953544638864
classical,15.5,0.660598257148989,0.3085008052670825,0.030900937583928176
classical,15.55,0.6597551853569616,0.3097761002334382,0.030468714409599876
classical,15.600000000000001,0.6588705612704,0.3110768299680908,0.030052608761508958
classical,15.65,0.6579453616002795,0.3124022725639311,0.029652365835789125
classical,15.700000000000001,0.6569805549538682,0.3137517110330493,0.029267734013082213
classical,15.75,0.6559771016144962,0.31512443276793245,0.028898465617571048
classical,15.8,0.6549359533955332,0.3165197289916049,0.0285443176128615
classical,15.850000000000001,0.653858053563377,0.3179368941975438,0.02820505223907891
classical,15.9,0.6527443368242329,0.31937522558058734,0.027880437595179417
classical,15.950000000000001,0.6515957293699468,0.3208340224595169,0.027570248170535903
classical,16.0,0.6504131489783898,0.32231258569204185,0.02727426532956813
classical,16.05,0.6491975051638302,0.32381021708323204,0.02699227775293747
classical,16.1,0.6479496993737158,0.3253262187872421,0.026724081839041763
classical,16.150000000000002,0.6466706252276975,0.3268598927034829,0.026469482068819362
classical,16.2,0.6453611687954909,0.32841053986737173,0.026228291337137104
classical,16.25,0.6440222089104105,0.32997745983583776,0.026000331253751473
classical,16.3,0.6426546175153044,0.3315599500682271,0.025785432416468232
classical,16.35,0.6412592600379522,0.3331573053028722,0.025583434659175317
classical,16.400000000000002,0.6398369957938081,0.33476881692881516,0.025394187277376454
classical,16.45,0.6383886784129948,0.33639377235383283,0.02521754923317209
classical,16.5,0.6369151562896372,0.33803145436832144,0.025053389342041085
classical,16.55,0.6354172730515191,0.3396811405051158,0.02490158644336498
classical,16.6,0.6338958680480153,0.3413421023955934,0.024762029556390997
classical,16.650000000000002,0.6323517768543158,0.34301360512238876,0.024634618023295186
classical,16.7,0.6307858317910412,0.3446949065679156,0.024519261641042938
classical,16.75,0.6291988624571423,0.34638525675970344,0.024415880783154025
classical,16.8,0.6275916962749551,0.34808389721236277,0.024324406512681897
classical,16.85,0.6259651590463238,0.3497900602661459,0.02424478068753009
classical,16.900000000000002,0.6243200755187029,0.3515029684223269,0.024176956058969908
classical,16.95,0.6226572699600362,0.353221833675848,0.024120896364115532
classical,17.0,0.6209775667414733,0.35494585684544167,0.02407657641308476
classical,17.05,0.6192817909278544,0.3566742269008294,0.024043982171315998
classical,17.1,0.6175707688741806,0.3584061202884216,0.024023110837397617
classical,17.150000000000002,0.6158453288280578,0.360140700255321,0.02401397091662097
classical,17.2,0.6141063015373952,0.3618771161721936,0.024016582290410926
classical,17.25,0.612354520862807,0.36361450285569574,0.02403097628149702
classical,17.3,0.6105908243940693,0.36535197989132717,0.024057195714603276
classical,17.35,0.6088160540701283,0.36708865095748433,0.02409529497238711
classical,17.400000000000002,0.6070310568027947,0.36882360315124896,0.02414534004595616
classical,17.45,0.60523668510281,0.3705559063177689,0.024207408579420865
classical,17.5,0.6034337977084838,0.37228461238405025,0.024281589907465723
classical,17.55,0.6016232602162797,0.3740087546986522,0.02436798508506798
classical,17.6,0.5998059457128951,0.37572734737905455,0.024466706908050105
classical,17.650000000000002,0.5979827354084588,0.3774393846685702,0.02457787992297078
classical,17.7,0.5961545192704134,0.379143840304734,0.024701640424852386
classical,17.75,0.5943221966574361,0.38083966690161813,0.024838136440945617
classical,17.8,0.5924866769528983,0.38252579534874553,0.024987527698356056
classical,17.85,0.5906488801974459,0.3842011342293248,0.025149985573229176
classical,17.900000000000002,0.5888097377197065,0.38586456926111223,0.02532569301918115
classical,17.95,0.5869701927644052,0.3875149627635495,0.02551484447204508
classical,18.0,0.58513120111751,0.3891511531547909,0.02571764572769898
classical,18.05,0.5832937317272454,0.3907719544828338,0.025934313789920692
classical,18.1,0.5814587673190605,0.39237615599611547,0.026165076684823794
classical,18.150000000000002,0.5796273050049217,0.3939625217576833,0.026410173237394925
classical,18.2,0.5778003568846168,0.395529790308997,0.026669852806386077
classical,18.25,0.5759789506374487,0.39707667438946576,0.02694437497308539
classical,18.3,0.5741641301033399,0.39860186071789616,0.027234009178763716
classical,18.35,0.5723569558519225,0.4001040098424181,0.027539034305659165
classical,18.400000000000002,0.5705585057354478,0.4015817560677689,0.02785973819678318
classical,18.45,0.5687698754260148,0.4030337074663502,0.028196417107634868
classical,18.5,0.5669921789329687,0.4044584459825576,0.028549375084473437
classical,18.55,0.5652265490980569,0.405854527639387,0.028918923262555865
classical,18.6,0.5634741380661139,0.40722048285653195,0.029305379077353897
classical,18.650000000000002,0.5617361177268099,0.40855481689088025,0.029709065382309618
classical,18.7,0.5600136801250016,0.4098560104095802,0.030130309465417966
classical,18.75,0.558308037835241,0.41112252020724027,0.030569441957518522
classical,18.8,0.5566204242964369,0.4123527800789576,0.031026795624605315
classical,18.85,0.5549520941022908,0.41354520186126986,0.031502704036439094
classical,18.900000000000002,0.5533043232421536,0.4146981766539353,0.031997500103910816
classical,18.95,0.5516784092876124,0.4158100762351646,0.03251151447722283
classical,19.0,0.5500756715185542,0.4168792546838672,0.03304507379757837
classical,19.05,0.5484974509834147,0.4179040502219181,0.033598498794666934
classical,19.1,0.5469451104861751,0.41888278729041245,0.034172102223412125
classical,19.150000000000002,0.5454200344941356,0.4198137788728925,0.03476618663297169
classical,19.200000000000003,0.5439236289584858,0.42069532907908713,0.03538104196242681
classical,19.25,0.5424573210405004,0.42152573600178933,0.036016942957709935
classical,19.3,0.5410225587348548,0.4223032948593442,0.03667414640580069
classical,19.35,0.5396208103816511,0.42302630143526154,0.037352888183087074
classical,19.400000000000002,0.5382535640584383,0.4236930558254682,0.0380533801160933
classical,19.450000000000003,0.5369223268424047,0.4243018665026523,0.03877580665494268
classical,19.5,0.5356286239343174,0.42485105470532036,0.039520321360361904
classical,19.55,0.5343739976328165,0.42533895915789166,0.04028704320929159
classical,19.6,0.5331600061501178,0.425763941125434,0.04107605272444792
classical,19.650000000000002,0.531988222258397,0.426124389804932,0.041887387936670656
classical,19.700000000000003,0.5308602317563731,0.42641872805108255,0.04272104019254409
classical,19.75,0.5297776317459555,0.42664541843281134,0.04357694982123287
classical,19.8,0.5287420287083301,0.4268029696134606,0.04445500167820898
classical,19.85,0.5277550363691267,0.4268899430401185,0.04535502059075448
classical,19.900000000000002,0.5268182733431873,0.42690495992962696,0.04627676672718541
classical,19.950000000000003,0.525933360548517,0.42684670852946127,0.04721993092202141
classical,20.0,0.5251019183832515,0.4267139516258538,0.04818412999089445
classical,20.05,0.5243255636532,0.4265055342737165,0.04916890207308318
classical,20.1,0.5236059062429193,0.4262203917137522,0.05017370204332825
classical,20.150000000000002,0.5229445455317008,0.42585755742457343,0.051197897043725446
classical,20.200000000000003,0.5223430665380409,0.42541617127970144,0.05224076218225736
classical,20.25,0.5218030357976995,0.424895487746208,0.05330147645609221
classical,20.3,0.5213259969704668,0.4242948840717371,0.05437911895779582
classical,20.35,0.5209134661736342,0.4236138683993729,0.055472665426992536
classical,20.400000000000002,0.5205669270508361,0.4228520877376322,0.05658098521153135
classical,20.450000000000003,0.5202878255735559,0.4220093357197437,0.05770283870670013
classical,20.5,0.5200775645889454,0.4210855600720054,0.05883687533904882
classical,20.55,0.519937498120642,0.4200808697141804,0.059981632165177275
classical,20.6,0.5198689254346783,0.4189955414111962,0.06113553315412515
classical,20.650000000000002,0.519873084893923,0.41783002588918416,0.06229688921689254
classical,20.700000000000003,0.5199511476124442,0.4165849533366335,0.06346389905092206
classical,20.75,0.5201042109405123,0.4152611382045932,0.06463465085489428
classical,20.8,0.52033329180222,0.41385958322603145,0.06580712497174832
classical,20.85,0.5206393199218318,0.41238148257582014,0.0669791975023478
classical,20.900000000000002,0.5210231309702826,0.4108282240980269,0.06814864493169023
classical,20.950000000000003,0.5214854596727243,0.4092013905335093,0.06931314979376611
classical,21.0,0.522026932918584,0.40750275968697103,0.07047030739444467
classical,21.05,0.5226480629210976,0.40573430348305556,0.07161763359584669
classical,21.1,0.5233492404756734,0.40389818586984716,0.07275257365447912
classical,21.150000000000002,0.5241307283695159,0.4019967595404071,0.0738725120900767
classical,21.200000000000003,0.5249926549982677,0.4000325614537319,0.07497478354800008
classical,21.25,0.5259350082471824,0.3980083071519231,0.07605668460089422
classical,21.3,0.526957629696544,0.3959268838823575,0.07711548642109822
classical,21.35,0.5280602092115388,0.393791342549505,0.07814844823895599
classical,21.400000000000002,0.5292422799789651,0.391604888532824,0.07915283148821074
classical,21.450000000000003,0.5305032140506398,0.3893708714259126,0.08012591452344743
classical,21.5,0.5318422184549456,0.3870927737614694,0.08106500778358486
classical,21.55,0.5332583319333654,0.3847741988043998,0.08196746926223474
classical,21.6,0.5347504223605668,0.3824188575023689,0.08283072013706416
classical,21.650000000000002,0.5363171848975402,0.3800305547010877,0.08365226040137194
classical,21.700000000000003,0.537957140928237,0.3776131747354177,0.08442968433634512
classical,21.75,0.5396686378209561,0.37517066651935943,0.08516069565968432
classical,21.8,0.5414498495501785,0.3727070282641674,0.08584312218565388
classical,21.85,0.5432987782176247,0.37022629195018325,0.08647492983219185
classical,21.900000000000002,0.5452132564784646,0.36773250770013527,0.08705423582139993
classical,21.950000000000003,0.5471909509041031,0.3652297281761613,0.08757932091973548
classical,22.0,0.5492293662750766,0.36272199314216097,0.08804864058276225
classical,22.05,0.551325850808919,0.36021331431724574,0.08846083487383503
classical,22.1,0.5534776023021627,0.3577076606468529,0.0888147370509842
classical,22.150000000000002,0.5556816751704852,0.35520894410668963,0.08910938072282497
classical,22.200000000000003,0.5579349883498986,0.35272100614746993,0.08934400550263122
classical,22.25,0.5602343340216805,0.3502476048792619,0.08951806109905731
classical,22.3,0.562576387105756,0.34779240307946024,0.08963120981478355
classical,22.35,0.5649577154668044,0.3453589571004301,0.08968332743276537
classical,22.400000000000002,0.5673747907635307,0.3429507067354187,0.08967450250105045
classical,22.450000000000003,0.5698239998675915,0.34057096609394416,0.08960503403846419
classical,22.5,0.5723016567702777,0.3382229155170676,0.08947542771265457
classical,22.55,0.5748040148911634,0.3359095945578708,0.0892863905509657
classical,22.6,0.5773272796982388,0.33363389603226024,0.08903882426950079
classical,22.650000000000002,0.5798676215447908,0.3313985611413633,0.08873381731384575
classical,22.700000000000003,0.5824211886290463,0.32920617564514737,0.0883726357258062
classical,22.75,0.5849841199788127,0.32705916706732213,0.08795671295386498
classical,22.8,0.5875525583675109,0.3249598028923158,0.08748763874017328
classical,22.85,0.5901226630647827,0.3229101897171351,0.08696714721808214
classical,22.900000000000002,0.5926906223350482,0.3209122733012634,0.08639710436368826
classical,22.950000000000003,0.5952526655934408,0.31896783946512,0.08577949494143901
classical,23.0,0.597805075141729,0.3170785157708267,0.08511640908744422
classical,23.05,0.6003441974034042,0.31524577392741243,0.08441002866918329
classical,23.1,0.6028664535954684,0.3134709328469418,0.08366261355758961
classical,23.150000000000002,0.6053683497704406,0.3117551622892064,0.08287648794035275
classical,23.200000000000003,0.6078464861786477,0.31009948702330825,0.08205402679804391
classical,23.25,0.6102975659059766,0.30850479143857507,0.0811976426554482
classical,23.3,0.6127184027437567,0.30697182454270083,0.08030977271354242
classical,23.35,0.6151059282763882,0.30550120527373015,0.07939286644988157
classical,23.400000000000002,0.6174571981536408,0.3040934280728448,0.07844937377351441
classical,23.450000000000003,0.6197693975458476,0.3027488686537135,0.07748173380043882
classical,23.5,0.6220398457739964,0.3014677899151286,0.07649236431087485
classical,23.55,0.6242660001234919,0.300250347944493,0.07548365193201498
classical,23.6,0.6264454588506911,0.29909659806479516,0.0744579430845136
classical,23.650000000000002,0.6285759634028305,0.2980065008817814,0.07341753571538794
classical,23.700000000000003,0.6306553998748833,0.29697992829120223,0.07236467183391439
classical,23.75,0.632681799734307,0.2960166694117573,0.07130153085393554
classical,23.8,0.634653339848108,0.2951164364119841,0.07023022373990775
classical,23.85,0.6365683418508452,0.2942788702044114,0.06915278794474324
classical,23.900000000000002,0.6384252708957493,0.2935035459830618,0.06807118312118883
classical,23.950000000000003,0.6402227338333634,0.2927899785849003,0.06698728758173614
classical,24.0,0.641959476864177,0.2921376276591864,0.06590289547663647
classical,24.05,0.6436343827127669,0.2915459026311394,0.0648197146560936
classical,24.1,0.6452464673716958,0.29101416745028424,0.06373936517801991
classical,24.150000000000002,0.64679487646385,0.29054174511487324,0.06266337842127664
classical,24.200000000000003,0.64827888127029,0.2901279219695551,0.0615931967601547
classical,24.25,0.649697874471481,0.28977195177108084,0.06053017375743801
classical,24.3,0.651051365646463,0.28947305952365016,0.05947557482988653
classical,24.35,0.6523389765755377,0.2892304450818422,0.05843057834261982
classical,24.400000000000002,0.6535604363864187,0.2890432865273591,0.05739627708622197
classical,24.450000000000003,0.654715576585561,0.28891074331989824,0.05637368009454062
classical,24.5,0.6558043260107336,0.28883195922952093,0.05536371475974532
classical,24.55,0.6568267057403766,0.28880606505509837,0.054367229204524824
classical,24.6,0.657782823992634,0.2888321811349143,0.05338499487245148
classical,24.650000000000002,0.6586728710416238,0.28890941965914624,0.052417709299229856
classical,24.700000000000003,0.6594971141804089,0.28903688678859807,0.051465999030992846
classical,24.75,0.6602558927526616,0.28921368459063107,0.05053042265670723
classical,24.8,0.6609496132758768,0.28943891279877026,0.04961147392535289
classical,24.85,0.661578744675647,0.2897116704042446,0.04870958492010819
classical,24.900000000000002,0.6621438136449448,0.29003105709040317,0.04782512926465195
classical,24.950000000000003,0.6626454001458031,0.290396174515144,0.04695842533905277
classical,25.0,0.6630841330631726,0.2908061274520376,0.04610973948478959
classical,25.05,0.6634606860207489,0.291260024798018,0.04527928918123296
classical,25.1,0.6637757733684948,0.2917569804543236,0.0444672461771815
classical,25.150000000000002,0.6640301463456663,0.2922961140902372,0.04367373956409634
classical,25.200000000000003,0.6642245894239241,0.2928765517967182,0.04289885877935757
classical,25.25,0.6643599168346561,0.29349742663658207,0.042142656528761605
classical,25.3,0.6644369692806036,0.2941578790988941,0.0414051516205021
classical,25.35,0.6644566108318993,0.29485705746386176,0.04068633170423876
classical,25.400000000000002,0.6644197260056128,0.29559411808502717,0.03998615590935985
classical,25.450000000000003,0.6643272170278216,0.29636822559534054,0.039304557376837655
classical,25.5,0.6641800012734685,0.2971785530408181,0.038641445685713184
classical,25.55,0.6639790088810812,0.2980242819491803,0.03799670916973828
classical,25.6,0.6637251805387632,0.29890460233849836,0.037370217122738324
classical,25.650000000000002,0.663419465435762,0.2998187126694695,0.036761821894768294
classical,25.700000000000003,0.663062819374739,0.30076581974641525,0.036171360878845586
classical,25.75,0.6626562030386719,0.3017451385722344,0.03559865838909346
classical,25.8,0.662200580407156,0.3027558921593577,0.03504352743348607
classical,25.85,0.6616969173156324,0.30379731130136833,0.03450577138299905
classical,25.900000000000002,0.6611461801511649,0.30486863430919015,0.03398518553964471
classical,25.950000000000003,0.6605493346788774,0.3059691067138324,0.03348155860728997
classical,26.0,0.6599073449924182,0.30709798093941015,0.03299467406817141
classical,26.05,0.6592211725820747,0.30825451594919373,0.032524311468731415
classical,26.1,0.6584917755148202,0.309437976866096,0.032070247619083635
classical,26.150000000000002,0.6577201077194894,0.3106476345712666,0.031632257709243786
classical,26.200000000000003,0.6569071183715223,0.31188276528186143,0.031210116346616162
classical,26.25,0.6560537513711804,0.3131426501103763,0.03080359851844308
classical,26.3,0.6551609449096727,0.3144265746069879,0.03041248048333922
classical,26.35,0.6542296311175902,0.3157338282866634,0.03003654059574612
classical,26.400000000000002,0.6532607357903999,0.3170637041423274,0.02967556006727258
classical,26.450000000000003,0.6522551781858574,0.3184154981454611,0.029329323668681236
classical,26.5,0.6512138708884723,0.31978850873524045,0.028997620376287093
classical,26.55,0.6501377197363977,0.32118203629721953,0.028680243966382607
classical,26.6,0.6490276238062346,0.32259538263260384,0.02837699356116139
classical,26.650000000000002,0.6478844754516672,0.3240278504187206,0.02808767412961211
classical,26.700000000000003,0.6467091603917753,0.3254787426617584,0.0278120969464661
classical,26.75,0.6455025578453685,0.32694736214216374,0.027550080012467615
classical,26.8,0.64426554070785,0.3284330108532593,0.02730144843889048
classical,26.85,0.6429989757670914,0.3299349894338961,0.027066034799012352
classical,26.900000000000002,0.6417037239553741,0.33145259659522636,0.026843679449399274
classical,26.950000000000003,0.6403806406344404,0.33298512854215495,0.02663423082340443
classical,27.0,0.6390305759106768,0.33453187839016374,0.026437545699159258
classical,27.05,0.637654374978307,0.33609213557709644,0.026253489444596347
classical,27.1,0.6362528784879198,0.33766518527080225,0.026081936241277803
classical,27.150000000000002,0.6348269229381531,0.3392503077727916,0.025922769289055115
classical,27.200000000000003,0.63337734108863,0.3408467779179208,0.025775880993449057
classical,27.25,0.6319049623922405,0.3424538644704624,0.02564117313729691
classical,27.3,0.6304106134447958,0.3440708295171072,0.025518557038096842
classical,27.35,0.6288951184507297,0.34569692785665707,0.025407953692613082
classical,27.400000000000002,0.6273592997034,0.34733140638672244,0.02530929390987741
classical,27.450000000000003,0.6258039780783049,0.34897350348812517,0.0252225184335697
classical,27.5,0.6242299735382418,0.35062244840686874,0.02514757805488922
classical,27.55,0.6226381056492604,0.35227746063404375,0.025084433716695678
classical,27.6,0.6210291941062515,0.3539377492842226,0.025033056609525723
classical,27.650000000000002,0.6194040592670401,0.3556025124728889,0.02499342826007074
classical,27.700000000000003,0.6177635226946236,0.35727093669275695,0.024965540612619144
classical,27.75,0.6161084077062379,0.3589421961901485,0.02494939610361339
classical,27.8,0.614439539928619,0.3606154523419113,0.024945007729469424
classical,27.85,0.6127577478588595,0.3622898530334074,0.024952399107732857
classical,27.900000000000002,0.6110638634301546,0.36396453203846574,0.02497160453137943
classical,27.950000000000003,0.609358722581749,0.36563860840235707,0.025002669015893767
classical,28.0,0.6076431658324224,0.36731118582882816,0.025045648338749147
classical,28.05,0.6059180388572949,0.36898135207199617,0.02510060907070865
classical,28.1,0.604184193066942,0.3706481783349408,0.025167628598116838
classical,28.150000000000002,0.6024424861885188,0.3723107186762673,0.025246795135213645
classical,28.200000000000003,0.6006937828482779,0.3739680094262259,0.02533820772549595
classical,28.25,0.5989389551548336,0.37561906861437744,0.025441976230788678
classical,28.3,0.597178883282676,0.3772628954108964,0.025558221306427348
classical,28.35,0.5954144560553697,0.3788984695836549,0.02568707436097512
classical,28.400000000000002,0.5936465715274798,0.38052475097372385,0.025828677498796058
classical,28.450000000000003,0.591876137564765,0.3821406789921427,0.025983183443092035
classical,28.5,0.5901040724219102,0.38374517214088116,0.026150755437208368
classical,28.55,0.5883313053166659,0.3853371275614499,0.026331567121883937
classical,28.6,0.5865587769995415,0.38691542061492884,0.02652580238552933
classical,28.650000000000002,0.5847874403184942,0.38847890449717193,0.026733655184333648
classical,28.700000000000003,0.5830182607770535,0.3900264098936188,0.02695532932932738
classical,28.75,0.5812522170842339,0.3915567446788308,0.027191038236935066
classical,28.8,0.5794903016960247,0.3930686936652273,0.027441004638747744
classical,28.85,0.5777335213460582,0.3945610184069214,0.02770546024702011
classical,28.900000000000002,0.5759828975637813,0.3960324570646728,0.02798464537154566
classical,28.950000000000003,0.574239467179068,0.39748172433796486,0.028278808482966867
classical,29.0,0.5725042828110091,0.39890751147099457,0.028588205717996164
classical,29.05,0.5707784133375742,0.40030848634055743,0.028913100321868234
classical,29.1,0.569062944345737,0.401683293632444,0.0292537620218187
classical,29.150000000000002,0.5673589785579138,0.40303055511528074,0.029610466326805147
classical,29.200000000000003,0.5656676362325052,0.4043488700201525,0.029983493747342025
classical,29.25,0.563990055535681,0.4056368155348925,0.03037312892942609
classical,29.3,0.5623273928802518,0.4068929474229643,0.03077965969678365
classical,29.35,0.5606808232289678,0.40811580077633264,0.031203375994699148
classical,29.400000000000002,0.559051540357621,0.40930389091294317,0.03164456872943557
classical,29.450000000000003,0.5574407570742707,0.4104557144291691,0.03210352849655994
classical,29.5,0.55584970538961,0.41156975041833277,0.032580544192056915
classical,29.55,0.5542796366340176,0.41264446186627357,0.03307590149970862
classical,29.6,0.5527318215158356,0.4136782972353707,0.033589881248793474
classical,29.650000000000002,0.5512075501156013,0.41466969224831096,0.0341227576360875
classical,29.700000000000003,0.5497081318102527,0.4156170718829933,0.0346747963067537
classical,29.75,0.5482348951210393,0.41651885258984556,0.03524625228911485
classical,29.8,0.546789187478806,0.4173734447424233,0.03583736777877025
classical,29.85,0.5453723748993953,0.4181792553319847,0.0364483697686197
classical,29.900000000000002,0.5439858415626714,0.41893469091583424,0.037079467521493985
classical,29.950000000000003,0.5426309892865511,0.4196381608289721,0.03773084988447651
classical,30.0,0.541309236889271,0.42028808066710593,0.03840268244362267
classical,30.05,0.540022019431084,0.4208828760483599,0.03909510452055578
classical,30.1,0.5387707873270897,0.42142098665926797,0.039808226013642
classical,30.150000000000002,0.5375570053234318,0.4219008705895096,0.040542124087058304
classical,30.200000000000003,0.5363821513266182,0.42232100895732433,0.0412968397160571
classical,30.25,0.5352477150786189,0.42267991082573947,0.042072374095641234
classical,30.3,0.534155196667812,0.42297611840793686,0.042868684924250805
classical,30.35,0.5331061048676949,0.4232082125552769,0.04368568257702777
classical,30.400000000000002,0.5321019552942968,0.4233748185205677,0.0445232261851351
classical,30.450000000000003,0.531144268372874,0.42347461198818115,0.04538111963894452
classical,30.5,0.5302345671074254,0.4235063253496974,0.04625910754287679
classical,30.55,0.5293743746439705,0.42346875421212754,0.04715687114390153
classical,30.6,0.5285652116198482,0.4233607641144348,0.04807402426571663
classical,30.650000000000002,0.527808593294997,0.42318129742304167,0.04901010928196096
classical,30.700000000000003,0.5271060264564189,0.4229293803780192,0.04996459316556145
classical,30.75,0.5264590060907713,0.4226041302550657,0.05093686365416252
classical,30.8,0.5258690118272976,0.42220476259584405,0.051926225576857894
classical,30.85,0.5253375041406915,0.4217305984710734,0.05293189738823469
classical,30.900000000000002,0.5248659203195569,0.42118107172022046,0.05395300796022219
classical,30.950000000000003,0.5244556701985025,0.4205557361168024,0.05498859368469464
classical,31.0,0.5241081316558925,0.41985427240239803,0.05603759594170895
classical,31.05,0.5238246458868285,0.4190764951243974,0.05709885898877365
classical,31.1,0.5236065124526137,0.4182223592172207,0.05817112833016527
classical,31.150000000000002,0.5234549841221648,0.4172919662562203,0.059253049621614484
classical,31.200000000000003,0.5233712615133401,0.41628557031713315,0.060343168169526375
classical,31.25,0.5233564875509977,0.4152035833699755,0.06143992907902635
classical,31.3,0.523411741762571,0.41404658013510215,0.06254167810232646
classical,31.35,0.5235380344275617,0.4128153023331356,0.06364666323930232
classical,31.400000000000002,0.5237363006099006,0.4115106622584842,0.06475303713161477
classical,31.450000000000003,0.5240073940965203,0.4101337456106195,0.06585886029285988
classical,31.5,0.5243520812775232,0.40868581352091005,0.06696210520156645
classical,31.55,0.5247710349980028,0.4071683037169451,0.06806066128505164
classical,31.6,0.5252648284211574,0.4055828307737887,0.06915234080505353
classical,31.650000000000002,0.5258339289413124,0.4039311854063307,0.07023488565235649
classical,31.700000000000003,0.5264786921908864,0.4022153327684408,0.07130597504067243
classical,31.75,0.5271993561861104,0.4004374097304819,0.07236323408340738
classical,31.8,0.5279960356593698,0.39859972111988445,0.07340424322074529
classical,31.85,0.5288687166281539,0.3967047349168598,0.07442654845498584
classical,31.900000000000002,0.5298172512513085,0.3947550764128457,0.07542767233584537
classical,31.950000000000003,0.5308413530251697,0.3927535213472485,0.07640512562758149
classical,32.0,0.5319405923714082,0.3907029880533251,0.07735641957526633
classical,32.050000000000004,0.5331143926703784,0.38860652865213874,0.07827907867748245
classical,32.1,0.5343620267900886,0.38646731935027046,0.07917065385964057
classical,32.15,0.5356826141623974,0.3842886499034106,0.08002873593419167
classical,32.2,0.5370751184529242,0.3820739123226655,0.08085096922440993
classical,32.25,0.5385383458717196,0.37982658890622867,0.0816350652220514
classical,32.300000000000004,0.5400709441657741,0.3775502396901067,0.08237881614411886
classical,32.35,0.5416714023288339,0.3752484894207182,0.08308010825044755
classical,32.4,0.5433380510642175,0.37292501415204005,0.08373693478374203
classical,32.45,0.5450690640218785,0.37058352758295393,0.08434740839516718
classical,32.5,0.5468624598401963,0.3682277672410716,0.08490977291873167
classical,32.550000000000004,0.5487161049915866,0.36586148063770574,0.08542241437070729
classical,32.6,0.5506277174520369,0.36348841149921024,0.08588387104875252
classical,32.65,0.5525948711834315,0.3611122861918401,0.086292842624728
classical,32.7,0.5546150014251884,0.35873680044610434,0.08664819812870687
classical,32.75,0.5566854107768154,0.3563656064837216,0.08694898273946258
classical,32.800000000000004,0.5588032760416696,0.35400230064411703,0.08719442331421298
classical,32.85,0.5609656558050526,0.3516504115974818,0.08738393259746519
classical,32.9,0.5631694987004243,0.34931338922408156,0.08751711207549373
classical,32.95,0.5654116523186299,0.3469945942307052,0.08759375345066452
classical,33.0,0.5676888727011796,0.3446972885609035,0.0876138387379166
classical,33.050000000000004,0.5699978343587343,0.34242462665017737,0.08757753899108803
classical,33.1,0.5723351407454553,0.3401796475611539,0.08748521169339046
classical,33.15,0.5746973351174829,0.3379652680284851,0.08733739685403163
classical,33.2,0.5770809116989026,0.33578427642481773,0.08713481187627926
classical,33.25,0.5794823270758869,0.33363932765719223,0.08687834526692058
classical,33.300000000000004,0.5818980117379062,0.3315329389857496,0.08656904927634385
classical,33.35,0.5843243816822495,0.3294674867548729,0.08620813156287728
classical,33.4,0.586757850001399,0.3274452040088375,0.08579694598976317
classical,33.45,0.5891948383697452,0.32546817896697905,0.08533698266327541
classical,33.5,0.5916317883524437,0.32353835431688976,0.08482985733066621
classical,33.550000000000004,0.5940651724564512,0.32165752728835234,0.08427730025519602
classical,33.6,0.5964915048558893,0.31982735045333,0.08368114469078028
classical,33.65,0.5989073517188145,0.3180493332074227,0.0830433150737624
classical,33.7,0.6013093410776579,0.31632484387230103,0.08236581505004065
classical,33.75,0.6036941721805825,0.31465511236906973,0.08165071545034736
classical,33.800000000000004,0.6060586242797464,0.3130412333986575,0.08090014232159563
classical,33.85,0.6083995648086916,0.31148417007552326,0.08011626511578472
classical,33.9,0.6107139569132772,0.3099847579561282,0.07930128513059409
classical,33.95,0.6129988663113344,0.30854370940308884,0.0784574242855763
classical,34.0,0.615251467447869,0.30716161823667354,0.07758691431545693
classical,34.050000000000004,0.6174690489454242,0.30583896461263654,0.07669198644193878
classical,34.1,0.6196490183321244,0.3045761200815396,0.07577486158633549
classical,34.15,0.6217889060489487,0.30337335278083455,0.07483774117021633
classical,34.2,0.6238863687426072,0.3022308327146908,0.07388279854270148
classical,34.25,0.6259391918539324,0.30114863708097234,0.07291217106509468
classical,34.300000000000004,0.6279452915205151,0.3001267556075199,0.07192795287196438
classical,34.35,0.6299027158136313,0.2991650958634505,0.0709321883229176
classical,34.4,0.6318096453371755,0.29826348851493156,0.06992686614789241
classical,34.45,0.6336643932177782,0.29742169249707967,0.06891391428514157
classical,34.5,0.6354654045207274,0.29663940007944906,0.06789519539982303
classical,34.550000000000004,0.637211255126922,0.295916241802543,0.06687250307053452
classical,34.6,0.6389006501096643,0.2952517912691658,0.06584755862116938
classical,34.65,0.6405324216511884,0.2946455697736064,0.0648220085752048
classical,34.7,0.6421055265396222,0.29409705075905934,0.06379742270131807
classical,34.75,0.6436190432881166,0.2936056640911358,0.06277529262074714
classical,34.800000000000004,0.6450721689172321,0.29317080014221975,0.06175703094054769
classical,34.85,0.6464642154423651,0.2927918136794858,0.06074397087814861
classical,34.9,0.6477946061060705,0.2924680275549468,0.05973736633898215
classical,34.95,0.6490628713948163,0.29219873619525416,0.05873839240992895
classical,35.0,0.6502686448782569,0.2919832088911624,0.05774814623058021
classical,35.050000000000004,0.6514116589068323,0.29182069288886664,0.05676764820430052
classical,35.1,0.6524917402035678,0.2917104162835977,0.05579784351283395
classical,35.15,0.6535088053804458,0.2916515907225458,0.05483960389700786
classical,35.2,0.654462856411937,0.291643413917942,0.05389372967012038
classical,35.25,0.6553539760922813,0.2916850719781334,0.052960951929584714
classical,35.300000000000004,0.6561823235032245,0.2917757415610379,0.052041934935736986
classical,35.35,0.6569481295165933,0.2919145918556207,0.05113727862778537
classical,35.4,0.6576516923508638,0.29210078640062376,0.05024752124851186
classical,35.45,0.6582933732036501,0.2923334847439916,0.0493731420523577
classical,35.5,0.6588735919750813,0.29261184395260975,0.0485145640723083
classical,35.550000000000004,0.6593928230974088,0.29293501997861127,0.04767215692397942
classical,35.6,0.6598515914854528,0.2933021688879116,0.04684623962663501
classical,35.65,0.6602504686152249,0.2937124479615031,0.046037083423271494
classical,35.7,0.6605900687431868,0.2941650166732415,0.04524491458357112
classical,35.75,0.6608710452720572,0.2946590375525855,0.0444699171753568
classical,35.800000000000004,0.6610940872684988,0.29519367693927423,0.0437122357922264
classical,35.85,0.6612599161375383,0.29576810563598044,0.042971978226480745
classical,35.9,0.6613692824581395,0.29638149946474635,0.04224921807711357
classical,35.95,0.6614229629779664,0.2970330397351436,0.04154399728688939
classical,36.0,0.6614217577713383,0.29772191362827405,0.04085632860038717
classical,36.050000000000004,0.661366487558536,0.29844731450338713,0.040186197938076394
classical,36.1,0.6612579911852746,0.299208442131926,0.03953356668279884
classical,36.15,0.6610971232601044,0.3000045028638908,0.038898373876004276
classical,36.2,0.6608847519469772,0.3008347097320713,0.03828053832095096
classical,36.25,0.6606217569102504,0.3016982824996834,0.037679960590065655
classical,36.300000000000004,0.6603090274077953,0.3025944476535327,0.03709652493867151
classical,36.35,0.6599474605268077,0.3035224383462164,0.036530101126975384
classical,36.4,0.6595379595599072,0.304481494295823,0.035980546144269154
classical,36.45,0.6590814325148766,0.30547086164199555,0.03544770584312731
classical,36.5,0.6585787907537076,0.3064897927634727,0.03493141648281916
classical,36.550000000000004,0.6580309477553038,0.30753754606074785,0.03443150618394782
classical,36.6,0.6574388179966891,0.3086133857060844,0.03394779629722594
classical,36.65,0.6568033159474511,0.30971658136312225,0.03348010268942611
classical,36.7,0.6561253551715948,0.3108464078799719,0.03302823694843273
classical,36.75,0.6554058475317771,0.31200214495684886,0.032592007511373394
classical,36.800000000000004,0.6546457024904208,0.31318307679099594,0.032171220718582666
classical,36.85,0.6538458265024045,0.31438849170090166,0.031765681796693125
classical,36.9,0.6530071224944316,0.3156176817310853,0.03137519577448254
classical,36.95,0.6521304894257787,0.31686994223982845,0.030999568334392196
classical,37.0,0.6512168219257688,0.318144571470819,0.030638606603411587
classical,37.050000000000004,0.6502670100031916,0.3194408701103435,0.030292119886464165
classical,37.1,0.6492819388230431,0.3207581408314342,0.02995992034552201
classical,37.15,0.6482624885464668,0.32209568782561643,0.02964182362791613
classical,37.2,0.6472095342294624,0.3234528163239141,0.029337649446622847
classical,37.25,0.646123945776542,0.32482883210763003,0.02904722211582737
classical,37.300000000000004,0.6450065879454734,0.3262230410099617,0.028770371044564234
classical,37.35,0.6438583203994608,0.3276347484092581,0.028506931191280477
classical,37.4,0.6426799978034597,0.329063258714399,0.028256743482140603
classical,37.45,0.6414724699612492,0.330507874843261,0.028019655195489226
classical,37.5,0.6402365819902878,0.3319678976945918,0.02779552031511977
classical,37.550000000000004,0.6389731745315119,0.33344262561385696,0.02758419985463048
classical,37.6,0.6376830839911852,0.33493135385387335,0.027385562154940757
classical,37.65,0.6363671428124847,0.33643337403016615,0.027199483157348554
classical,37.7,0.6350261797743668,0.33794797357175443,0.027025846653878093
classical,37.75,0.6336610203153975,0.3394744351678753,0.026864544516726693
classical,37.800000000000004,0.6322724868805952,0.3410120362107393,0.026715476908664996
classical,37.85,0.6308613992893659,0.34256004823477454,0.02657855247585908
classical,37.9,0.6294285751225471,0.34411773635300935,0.026453688524443013
classical,37.95,0.6279748301270568,0.3456843586905883,0.02634081118235437
classical,38.0,0.626500978636673,0.34725916581577565,0.02623985554755083
classical,38.050000000000004,0.6250078340072283,0.348841400169281,0.02615076582349015
classical,38.1,0.6234962090650874,0.35043029549192656,0.02607349544298555
classical,38.15,0.6219669165676646,0.3520250762511517,0.026008007181183124
classical,38.2,0.620420769674754,0.35362495706701963,0.025954273258225784
classical,38.25,0.6188585824294769,0.3552291421383654,0.025912275432157194
classical,38.300000000000004,0.6172811702482454,0.3568368246691269,0.025882005082627106
classical,38.35,0.6156893504184098,0.35844718629613964,0.02586346328545001
classical,38.400000000000006,0.6140839426028625,0.3600593965189289,0.025856660878208104
classical,38.45,0.6124657693508138,0.36167261213220153,0.025861618516984066
classical,38.5,0.6108356566139321,0.36328597666204726,0.02587836672402001
classical,38.550000000000004,0.6091944342670572,0.3648986198069984,0.025906945925943756
classical,38.6,0.6075429366327469,0.36650965688503945,0.025947406482212953
classical,38.650000000000006,0.6058820030091923,0.3681181882875202,0.025999808703286973
classical,38.7,0.6042124782004553,0.36972329894192957,0.026064222857614516
classical,38.75,0.6025352130486386,0.37132405778475164,0.02614072916660928
classical,38.800000000000004,0.6008510649671476,0.3729195172461606,0.02622941778669128
classical,38.85,0.5991608984743613,0.3745087127485709,0.026330388777067244
classical,38.900000000000006,0.5974655857270946,0.3760906622211518,0.026443752051753037
classical,38.95,0.5957660070530788,0.377664365632478,0.026569627314442644
classical,39.0,0.5940630514814587,0.37922880454396696,0.02670814397457375
classical,39.050000000000004,0.5923576172707977,0.3807829416869136,0.026859441042288105
classical,39.1,0.5906506124335911,0.3823257205660039,0.027023667000404476
classical,39.150000000000006,0.5889429552561173,0.38385606509272413,0.027200979651158
classical,39.2,0.5872355748128256,0.38537287925225144,0.027391545934922282
classical,39.25,0.5855294114744813,0.38687504680747226,0.02759554171804576
classical,39.300000000000004,0.5838254174080028,0.3883614310445891,0.027813151547407485
classical,39.35,0.5821245570672977,0.38983087456473886,0.028044568367962795
classical,39.400000000000006,0.5804278076737948,0.39128219912630163,0.028289993199902944
classical,39.45,0.5787361596845697,0.39271420554328834,0.0285496347721413
classical,39.5,0.57705061724658,0.39412567364537704,0.028823709108042307
classical,39.550000000000004,0.5753721986358391,0.3955153623051607,0.029112439058999517
classical,39.6,0.5737019366783401,0.39688200953934033,0.029416053782318895
classical,39.650000000000006,0.5720408791512102,0.398224332690387,0.029734788158402192
classical,39.7,0.5703900891619715,0.39954102869549485,0.030068882142532987
classical,39.75,0.5687506455026727,0.400830774450568,0.030418580046758688
classical,39.800000000000004,0.5671236429767786,0.40209222727675076,0.030784129746469994
classical,39.85,0.5655101926953638,0.40332402549777746,0.031165781806858087
classical,39.900000000000006,0.5639114223394872,0.40452478913661327,0.03156378852389889
classical,39.95,0.5623284763854731,0.4056931207400278,0.03197840287449852
classical,40.0,0.5607625162890224,0.4068276063403084,0.03240987737066858
full_feedback,0.0,0.52,0.4,0.08
full_feedback,0.05,0.521211209249892,0.3976134240717186,0.08117536667838957
full_feedback,0.1,0.5225115350897115,0.3951693451436384,0.0823191197666503
full_feedback,0.15000000000000002,0.5239003854191535,0.3926716689839521,0.08342794559689452
full_feedback,0.2,0.5253769745688426,0.3901244645705379,0.08449856086061966
full_feedback,0.25,0.5269403184725724,0.3875319486097818,0.08552773291764593
full_feedback,0.30000000000000004,0.5285892306625186,0.3848984689062349,0.0865123004312466
full_feedback,0.35000000000000003,0.5303223191623346,0.38222848673191145,0.08744919410575394
full_feedback,0.4,0.532137984355344,0.3795265583488176,0.08833545729583848
full_feedback,0.45,0.5340344178872147,0.3767973158645204,0.08916826624826496
full_feedback,0.5,0.5360096026778101,0.37404544758810915,0.08994494973408088
full_feedback,0.55,0.5380613140704462,0.37127567809444073,0.09066300783511314
full_feedback,0.6000000000000001,0.5401871221791238,0.3684927481705675,0.09132012965030882
full_feedback,0.65,0.5423843954490501,0.36570139484672426,0.09191420970422567
full_feedback,0.7000000000000001,0.5446503054562865,0.36290633169526243,0.09244336284845123
full_feedback,0.75,0.5469818329413911,0.36011222958358,0.09290593747502898
full_feedback,0.8,0.5493757750736801,0.3573236980519668,0.09330052687435327
full_feedback,0.8500000000000001,0.5518287539160172,0.3545452674785278,0.0936259786054551
full_feedback,0.9,0.5543372260565267,0.35178137217915867,0.09388140176431473
full_feedback,0.9500000000000001,0.556897493348161,0.34903633457195143,0.09406617207988768
full_feedback,1.0,0.5595057146939866,0.34631435052083764,0.09417993478517579
full_feedback,1.05,0.5621579187950898,0.34361947595035514,0.0942226052545551
full_feedback,1.1,0.5648500177705821,0.3409556148093371,0.09419436742008078
full_feedback,1.1500000000000001,0.5675778215446782,0.338326508433483,0.09409567002183884
full_feedback,1.2000000000000002,0.5703370528890854,0.33573572634527277,0.09392722076564192
full_feedback,1.25,0.5731233629991005,0.3331866585033486,0.09368997849755094
full_feedback,1.3,0.5759323474755744,0.3306825090018126,0.09338514352261298
full_feedback,1.35,0.5787595625817583,0.3282262911945083,0.09301414622373338
full_feedback,1.4000000000000001,0.5816005416400798,0.3258208242117748,0.0925786341481454
full_feedback,1.4500000000000002,0.5844508114340696,0.32346873081776695,0.09208045774816341
full_feedback,1.5,0.5873059084816082,0.32117243654680555,0.0915216549715862
full_feedback,1.55,0.5901613950502007,0.31893417004401614,0.09090443490578318
full_feedback,1.6,0.5930128747888765,0.31675596452993,0.09023116068119354
full_feedback,1.6500000000000001,0.5958560078578732,0.314639660301154,0.08950433184097283
full_feedback,1.7000000000000002,0.5986865254463871,0.312586908173915,0.08872656637969788
full_feedback,1.75,0.6015002435792095,0.31059917377319834,0.08790058264759208
full_feedback,1.8,0.6042930761206042,0.30867774257239533,0.08702918130700037
full_feedback,1.85,0.6070610469005322,0.3068237255833406,0.08611522751612719
full_feedback,1.9000000000000001,0.6098003008895098,0.30503806560679503,0.08516163350369518
full_feedback,1.9500000000000002,0.612507114380869,0.3033215439413904,0.08417134167774064
full_feedback,2.0,0.6151779041274723,0.30167478747018356,0.08314730840234419
full_feedback,2.0500000000000003,0.6178092354128797,0.3000982760346361,0.08209248855248426
full_feedback,2.1,0.6203978290352459,0.2985923500186643,0.0810098209460898
full_feedback,2.15,0.6229405672051914,0.2971572180670616,0.07990221472774697
full_feedback,2.2,0.6254344983602234,0.2957929648708781,0.07877253676889852
full_feedback,2.25,0.6278768409162657,0.29449955895767577,0.07762360012605844
full_feedback,2.3000000000000003,0.630264985981086,0.2932768604297058,0.07645815358920811
full_feedback,2.35,0.6325964990674521,0.2921246286019897,0.07527887233055819
full_feedback,2.4000000000000004,0.6348691208474365,0.29104252949505244,0.074088349657511
full_feedback,2.45,0.6370807669984078,0.29003014314621944,0.0728890898553728
full_feedback,2.5,0.6392295271954216,0.28908697070544975,0.07168350209912873
full_feedback,2.5500000000000003,0.6413136633093525,0.2882124412913889,0.07047389539925868
full_feedback,2.6,0.6433316068733561,0.28740591858368936,0.06926247454295455
full_feedback,2.6500000000000004,0.645281955882076,0.28666670713662007,0.06805133698130392
full_feedback,2.7,0.6471634709904652,0.285994058398505,0.06684247061102978
full_feedback,2.75,0.648975071177599,0.28538717643116424,0.06563775239123683
full_feedback,2.8000000000000003,0.6507158289426157,0.2848452233209348,0.06443894773644951
full_feedback,2.85,0.6523849650966703,0.28436732428138767,0.06324771062194205
full_feedback,2.9000000000000004,0.6539818432155571,0.2839525724452965,0.062065584339146475
full_feedback,2.95,0.6555059638124572,0.2836000333513635,0.0608940028361793
full_feedback,3.0,0.6569569582901782,0.2833087491282667,0.05973429258155508
full_feedback,3.0500000000000003,0.6583345827273402,0.28307774238376615,0.05858767488889368
full_feedback,3.1,0.6596387115504311,0.28290601980625635,0.05745526864331263
full_feedback,3.1500000000000004,0.6608693311408285,0.28279257548680303,0.05633809337236854
full_feedback,3.2,0.662026533418916,0.28273639397448397,0.05523707260659998
full_feedback,3.25,0.6631105094486228,0.2827364530722248,0.05415303747915238
full_feedback,3.3000000000000003,0.6641215430965393,0.28279172638764766,0.05308673051581311
full_feedback,3.35,0.6650600047807887,0.2829011856476713,0.05203880957153991
full_feedback,3.4000000000000004,0.6659263453375858,0.2830638027904249,0.051009851871989344
full_feedback,3.45,0.6667210900304096,0.28327855184664646,0.05000035812294404
full_feedback,3.5,0.6674448327258325,0.283544410620506,0.04901075665366153
full_feedback,3.5500000000000003,0.6680982302525094,0.2838603621838409,0.048041407563649774
full_feedback,3.6,0.668681996960085,0.2842253961938478,0.04709260684606723
full_feedback,3.6500000000000004,0.6691968994919203,0.28463851004490026,0.046164590463179445
full_feedback,3.7,0.6696437517776983,0.28509870986803515,0.0452575383542666
full_feedback,3.75,0.6700234102574711,0.285605011385597,0.044371578356931944
full_feedback,3.8000000000000003,0.6703367693399331,0.286156440632902,0.043506790027164906
full_feedback,3.85,0.6705847570984232,0.28675203455581916,0.042663208345757674
full_feedback,3.9000000000000004,0.6707683312053532,0.28739084149387334,0.04184082730077355
full_feedback,3.95,0.6708884751056207,0.288071921558221,0.04103960333615848
full_feedback,4.0,0.6709461944260117,0.28879434691083006,0.04025945866315842
full_feedback,4.05,0.67094251361696,0.2895572019543512,0.0395002844286889
full_feedback,4.1000000000000005,0.6708784728231539,0.2903595834402333,0.03876194373661288
full_feedback,4.15,0.6707551249771262,0.29120060050052726,0.03804427452234661
full_feedback,4.2,0.6705735331096474,0.2920793746106392,0.0373470922797136
full_feedback,4.25,0.6703347678693407,0.292995039490391,0.0366701926402685
full_feedback,4.3,0.6700399052457213,0.2939467409458968,0.03601335380838209
full_feedback,4.3500000000000005,0.6696900244864372,0.29493363666018957,0.03537633885337339
full_feedback,4.4,0.669286206200897,0.29595489593675617,0.034758897862347045
full_feedback,4.45,0.6688295306426691,0.2970096993993859,0.03416076995794508
full_feedback,4.5,0.668321076161499,0.298097238653585,0.03358168518491613
full_feedback,4.55,0.6677619178159042,0.2992167159142001,0.033021366269895824
full_feedback,4.6000000000000005,0.6671531261401182,0.30036734359923245,0.03247953026064944
full_feedback,4.65,0.6664957660543782,0.30154834389724267,0.03195589004837927
full_feedback,4.7,0.6657908959119526,0.30275894830855987,0.03145015577948772
full_feedback,4.75,0.6650395666743067,0.30399839716384464,0.03096203616184883
full_feedback,4.800000000000001,0.6642428212064768,0.30526593912244565,0.030491239671077648
full_feedback,4.8500000000000005,0.6634016936853472,0.3065608306522776,0.030037475662375315
full_feedback,4.9,0.6625172091130695,0.30788233549373367,0.029600455393196893
full_feedback,4.95,0.6615903829288731,0.3092297241088961,0.02917989296223099
full_feedback,5.0,0.6606222207121346,0.31060227311810107,0.02877550616976453
full_feedback,5.050000000000001,0.6596137179705338,0.3119992647247631,0.0283870173047033
full_feedback,5.1000000000000005,0.6585658600068625,0.31341998613008715,0.028014153863050638
full_feedback,5.15,0.6574796218586981,0.31486372893858044,0.027656649202721657
full_feedback,5.2,0.6563559683054269,0.316329788555285,0.027314243139288447
full_feedback,5.25,0.6551958539370935,0.31781746357589735,0.026986682487009406
full_feedback,5.300000000000001,0.6540002232805344,0.3193260551699085,0.026673721549557314
full_feedback,5.3500000000000005,0.6527700109777369,0.3208548664579749,0.026375122564288443
full_feedback,5.4,0.6515061420122509,0.3224032018836977,0.026090656104051726
full_feedback,5.45,0.6502095319796704,0.32397036658015615,0.025820101440173736
full_feedback,5.5,0.6488810873979819,0.3255556657320886,0.02556324686992972
full_feedback,5.550000000000001,0.6475217060546278,0.3271584039333819,0.02531989001199061
full_feedback,5.6000000000000005,0.6461322773869533,0.3287778845402417,0.025089838072805154
full_feedback,5.65,0.6447136828926667,0.3304134090206055,0.024872908086727926
full_feedback,5.7,0.6432667965678458,0.3320642762993894,0.024668927132764983
full_feedback,5.75,0.6417924853698641,0.33372978209977217,0.024477732530363894
full_feedback,5.800000000000001,0.640291609702471,0.3354092182810192,0.024299172016509978
full_feedback,5.8500000000000005,0.6387650239212436,0.33710187217226084,0.024133103906495805
full_feedback,5.9,0.637213576857509,0.3388070259021931,0.023979397240298163
full_feedback,5.95,0.6356381123583729,0.3405239557253195,0.023837931916307856
full_feedback,6.0,0.6340394698416314,0.34225193134410836,0.02370859881426055
full_feedback,6.050000000000001,0.6324184848640878,0.3439902152270492,0.023591299908863272
full_feedback,6.1000000000000005,0.6307759897017036,0.3457380619228515,0.023485948375445213
full_feedback,6.15,0.6291128139401027,0.3474947173709611,0.023392468688936532
full_feedback,6.2,0.6274297850752619,0.3492594182074138,0.02331079671732459
full_feedback,6.25,0.6257277291224853,0.35103139106705283,0.023240879810462148
full_feedback,6.300000000000001,0.6240074712330603,0.3528098518818552,0.023182676885084755
full_feedback,6.3500000000000005,0.6222698363179671,0.35459400517526796,0.02313615850676525
full_feedback,6.4,0.6205156496779495,0.3563830433527403,0.023101306969310568
full_feedback,6.45,0.6187457376391263,0.3581761459888737,0.02307811637200024
full_feedback,6.5,0.6169609281933874,0.35997247911157093,0.023066592695041965
full_feedback,6.550000000000001,0.6151620516439831,0.36177119448279477,0.023066753873222455
full_feedback,6.6000000000000005,0.6133499412550075,0.3635714288771232,0.023078629867869616
full_feedback,6.65,0.6115254339045622,0.3653723033585167,0.023102262736921498
full_feedback,6.7,0.6096893707414941,0.3671729225556923,0.023137706702814002
full_feedback,6.75,0.6078425978452776,0.3689723739369877,0.023185028217735094
full_feedback,6.800000000000001,0.6059859668886618,0.3707697270857755,0.023244306025563013
full_feedback,6.8500000000000005,0.6041203358026811,0.3725640329775166,0.023315631219802607
full_feedback,6.9,0.602246569444087,0.3743543232594046,0.0233991072965087
full_feedback,6.95,0.6003655402647646,0.37613960953425746,0.02349485020097825
full_feedback,7.0,0.5984781289825059,0.3779188826504658,0.02360298836702865
full_feedback,7.050000000000001,0.5965852252532983,0.37969111199952815,0.023723662747173906
full_feedback,7.1000000000000005,0.5946877283443602,0.381455244823512,0.02385702683212808
full_feedback,7.15,0.5927865478076672,0.3832102055348623,0.024003246657470882
full_feedback,7.2,0.5908826041537155,0.3849548950510088,0.024162500795275932
full_feedback,7.25,0.5889768295247211,0.38668819014683276,0.0243349803284465
full_feedback,7.300000000000001,0.5870701683664542,0.38840894282864985,0.024520888804896293
full_feedback,7.3500000000000005,0.5851635780986406,0.39011597973286083,0.0247204421684989
full_feedback,7.4,0.5832580297827649,0.3918081015535828,0.024933868663652645
full_feedback,7.45,0.581354508786063,0.3934840825039408,0.02516140870999649
full_feedback,7.5,0.5794540154412084,0.39514266981572166,0.02540331474307028
full_feedback,7.550000000000001,0.5775575657010826,0.39678258328223415,0.025659851016683558
full_feedback,7.6000000000000005,0.5756661917854581,0.3984025148515208,0.025931293363021402
full_feedback,7.65,0.5737809428198523,0.40000112827527334,0.02621792890487477
full_feedback,7.7,0.5719028854646371,0.40157705882044115,0.02652005571492218
full_feedback,7.75,0.5700331045317054,0.4031289130515685,0.026837982416726504
full_feedback,7.800000000000001,0.5681727035871761,0.4046552686917049,0.02717202772111943
full_feedback,7.8500000000000005,0.5663228055389613,0.40615467456972343,0.027522519891315645
full_feedback,7.9,0.5644845532041807,0.4076256506649559,0.0278897961308639
full_feedback,7.95,0.5626591098556578,0.40906668825786746,0.028274201886475118
full_feedback,8.0,0.5608476597439428,0.41047625019751766,0.028676090058539966
full_feedback,8.05,0.5590514085908396,0.4118527712974952,0.029095820111665702
full_feedback,8.1,0.5572715840518264,0.4131946588714518,0.029533757076722286
full_feedback,8.15,0.5555094361420968,0.4145002934214529,0.02999027043645079
full_feedback,8.200000000000001,0.5537662376227683,0.41576802949164027,0.030465732885591915
full_feedback,8.25,0.5520432843419708,0.4169961967011074,0.030960518956922315
full_feedback,8.3,0.5503418955258793,0.41818310097000216,0.031475003504118984
full_feedback,8.35,0.5486634140139902,0.41932702595349314,0.03200956003251714
full_feedback,8.4,0.5470092064325832,0.4204262346986247,0.03256455886879256
full_feedback,8.450000000000001,0.5453806633000183,0.4214789715392392,0.033140365160742945
full_feedback,8.5,0.543779199056886,0.422483464244468,0.03373733669864654
full_feedback,8.55,0.5422062520138354,0.4234379264361501,0.034355821550014994
full_feedback,8.6,0.5406632842088509,0.424340560290799,0.034996155500350644
full_feedback,8.65,0.5391517811661858,0.4251895595409159,0.03565865929289878
full_feedback,8.700000000000001,0.5376732515476328,0.42598311279055856,0.03634363566180919
full_feedback,8.75,0.5362292266878375,0.4267194071586042,0.03705136615355882
full_feedback,8.8,0.5348212600027152,0.4273966322632403,0.0377821077340449
full_feedback,8.85,0.5334509262622461,0.42801298455875514,0.03853608917899923
full_feedback,8.9,0.5321198207161644,0.4285666720352043,0.03931350724863187
full_feedback,8.950000000000001,0.5308295580622263,0.42905591928889036,0.04011452264888387
full_feedback,9.0,0.5295817712465701,0.4294789729697321,0.04093925578369826
full_feedback,9.05,0.5283781100829708,0.4298341076090799,0.041787782307949835
full_feedback,9.1,0.5272202396816665,0.43011963182805046,0.042660128490283576
full_feedback,9.15,0.5261098386745885,0.4303338949237009,0.04355626640171111
full_feedback,9.200000000000001,0.5250485972261122,0.43047529382505884,0.044476108948829515
full_feedback,9.25,0.5240382148176068,0.4305422804099142,0.045419504772479496
full_feedback,9.3,0.5230803977941083,0.43053336916490714,0.04638623304098506
full_feedback,9.35,0.5221768566630399,0.4304471451671824,0.04737599816977819
full_feedback,9.4,0.5213293031330327,0.4302822723644266,0.04838842450254126
full_feedback,9.450000000000001,0.5205394468853551,0.4300375021172434,0.049423050997401935
full_feedback,9.5,0.5198089920680342,0.42971168196671744,0.05047932596524891
full_feedback,9.55,0.5191396335007575,0.42930376458805525,0.05155660191118777
full_feedback,9.600000000000001,0.5185330525932378,0.4288128168674961,0.05265413053926664
full_feedback,9.65,0.5179909129627616,0.42823802905625435,0.05377105798098468
full_feedback,9.700000000000001,0.5175148557525602,0.4275787239314143,0.0549064203160261
full_feedback,9.75,0.5171064946495072,0.42683436589368756,0.056059139456805816
full_feedback,9.8,0.5167674105979958,0.4260045699289438,0.05722801947306094
full_feedback,9.850000000000001,0.5164991462207662,0.42508911034544944,0.05841174343378486
full_feedback,9.9,0.5163031999453942,0.4240879292054089,0.05960887084919752
full_feedback,9.950000000000001,0.5161810198517965,0.42300114435528535,0.06081783579291866
full_feedback,10.0,0.5161339972500656,0.42182905696190265,0.06203694578803234
full_feedback,10.05,0.5161634600040641,0.4205721584577874,0.06326438153814909
full_feedback,10.100000000000001,0.5162706656268898,0.41923113679435675,0.06449819757875401
full_feedback,10.15,0.5164567941648067,0.41780688190878856,0.0657363239264054
full_feedback,10.200000000000001,0.5167229409044074,0.41630049030595523,0.06697656878963798
full_feedback,10.25,0.517070108930573,0.41471326866376695,0.06821662240566063
full_feedback,10.3,0.5174992015780596,0.4130467363739755,0.06945406204796549
full_feedback,10.350000000000001,0.5180110148139279,0.41130262693772246,0.07068635824835028
full_feedback,10.4,0.5186062296002725,0.40948288814439415,0.071910882255334
full_feedback,10.450000000000001,0.5192854042859825,0.4075896809705339,0.0731249147434842
full_feedback,10.5,0.5200489670844642,0.40562537715118463,0.07432565576435174
full_feedback,10.55,0.5208972086949185,0.4035925553853752,0.07551023591970693
full_feedback,10.600000000000001,0.5218302751305062,0.4014939961565726,0.07667572871292185
full_feedback,10.65,0.5228481608193349,0.3993326751597573,0.0778191640209084
full_feedback,10.700000000000001,0.523950702046372,0.3971117553504837,0.07893754260314499
full_feedback,10.75,0.5251375708072613,0.3948345776414691,0.08002785155127017
full_feedback,10.8,0.5264082691449102,0.3925046502965615,0.08108708055852874
full_feedback,10.850000000000001,0.5277621240427878,0.39012563708253273,0.08211223887468011
full_feedback,10.9,0.529198282944026,0.38770134426522723,0.08310037279074728
full_feedback,10.950000000000001,0.5307157099688921,0.38523570654325373,0.08404858348785478
full_feedback,11.0,0.532313182895391,0.38273277203641803,0.08495404506819157
full_feedback,11.05,0.5339892909714147,0.38019668644975646,0.08581402257882939
full_feedback,11.100000000000001,0.5357424336109199,0.37763167655912083,0.08662588982995989
full_feedback,11.15,0.5375708200341938,0.3750420331585248,0.08738714680728198
full_feedback,11.200000000000001,0.5394724698900721,0.3724320936317353,0.08809543647819318
full_feedback,11.25,0.541445214909765,0.36980622429913346,0.08874856079110206
full_feedback,11.3,0.5434867016068265,0.36716880271205476,0.08934449568111931
full_feedback,11.350000000000001,0.545594395054148,0.36452420004817065,0.08988140489768204
full_feedback,11.4,0.547765583738276,0.3618767637705068,0.09035765249121779
full_feedback,11.450000000000001,0.5499973854920813,0.3592308007015212,0.09077181380639807
full_feedback,11.5,0.5522867544912808,0.3565905606570365,0.09112268485168323
full_feedback,11.55,0.554630489282048,0.3539602207760611,0.09140928994189157
full_feedback,11.600000000000001,0.5570252418085222,0.35134387066759115,0.09163088752388727
full_feedback,11.65,0.5594675273843058,0.3487454984844824,0.09178697413121238
full_feedback,11.700000000000001,0.5619537355490484,0.34616897801942387,0.09187728643152836
full_feedback,11.75,0.5644801417346411,0.34361805689986696,0.09190180136549254
full_feedback,11.8,0.567042919661034,0.3410963459458501,0.09186073439311647
full_feedback,11.850000000000001,0.5696381543687303,0.3386073097360025,0.0917545358952678
full_feedback,11.9,0.5722618557894501,0.33615425841164465,0.09158388579890593
full_feedback,11.950000000000001,0.5749099727493148,0.3337403407315949,0.09134968651909096
full_feedback,12.0,0.5775784072949383,0.3313685383763749,0.09105305432868747
full_feedback,12.05,0.5802630292279439,0.32904166148727326,0.09069530928478346
full_feedback,12.100000000000001,0.5829596907338331,0.3267623454086927,0.09027796385747479
full_feedback,12.15,0.5856642409890315,0.3245330485951045,0.0898027104158647
full_feedback,12.200000000000001,0.5883725406338525,0.3223560516289124,0.08927140773723574
full_feedback,12.25,0.591080475998207,0.32023345729294617,0.08868606670884754
full_feedback,12.3,0.5937839729771566,0.3181671916253854,0.08804883539745863
full_feedback,12.350000000000001,0.5964790104533132,0.3161590058879279,0.08736198365875959
full_feedback,12.4,0.599161633175796,0.31421047936627006,0.08662788745793473
full_feedback,12.450000000000001,0.6018279640077031,0.3123230229258868,0.08584901306641086
full_feedback,12.5,0.6044742154680394,0.3104978832392142,0.08502790129274726
full_feedback,12.55,0.6070967005028286,0.30873614760140883,0.08416715189576328
full_feedback,12.600000000000001,0.6096918424258299,0.30703874925645397,0.08326940831771697
full_feedback,12.65,0.6122561839904882,0.3054064731493952,0.08233734286011742
full_feedback,12.700000000000001,0.6147863955455036,0.3038399620355752,0.08137364241892193
full_feedback,12.75,0.6172792822650716,0.3023397228650598,0.08038099486986944
full_feedback,12.8,0.6197317904289416,0.30090613337891486,0.07936207619214439
full_feedback,12.850000000000001,0.6221410127520774,0.2995394488508747,0.07831953839704871
full_feedback,12.9,0.6245041927689543,0.2982398089141058,0.07725599831694073
full_feedback,12.950000000000001,0.6268187282867035,0.2970072444186181,0.07617402729467923
full_feedback,13.0,0.6290821739295921,0.2958416842692179,0.07507614180119074
full_feedback,13.05,0.6312922428040207,0.29474296219971297,0.07396479499626706
full_feedback,13.100000000000001,0.6334468073203537,0.2937108234431964,0.07284236923645064
full_feedback,13.15,0.6355438992131109,0.2927449312642107,0.0717111695226791
full_feedback,13.200000000000001,0.6375817088060279,0.29184487332287073,0.07057341787110213
full_feedback,13.25,0.6395585835716974,0.291010167845664,0.06943124858263944
full_feedback,13.3,0.6414730260391124,0.29024026958164323,0.06828670437924521
full_feedback,13.350000000000001,0.6433236911040588,0.2895345755271206,0.06714173336882136
full_feedback,13.4,0.6451093827986758,0.2888924304060677,0.06599818679525728
full_feedback,13.450000000000001,0.6468290505771339,0.28831313189567603,0.06485781752719083
full_feedback,13.5,0.6484817851740972,0.28779593559086636,0.06372227923503729
full_feedback,13.55,0.6500668140925375,0.2873400597025381,0.06259312620492517
full_feedback,13.600000000000001,0.6515834967745777,0.28694468949025015,0.061471813735172964
full_feedback,13.65,0.6530313195095913,0.28660898142742414,0.06035969906298542
full_feedback,13.700000000000001,0.6544098901290212,0.28633206710411174,0.05925804276686789
full_feedback,13.75,0.6557189325382415,0.28611305686830113,0.058168010593458185
full_feedback,13.8,0.656958281128482,0.28595104321539144,0.057090675656127465
full_feedback,13.850000000000001,0.6581278751138289,0.28584510392876333,0.05602702095740864
full_feedback,13.9,0.6592277528311254,0.2857943049818424,0.05497794218703298
full_feedback,13.950000000000001,0.660258046039938,0.28579770320866343,0.05394425075139939
full_feedback,14.0,0.6612189742563659,0.285854348751483,0.05292667699215188
full_feedback,14.05,0.6621108391482701,0.285963287297486,0.051925873554244745
full_feedback,14.100000000000001,0.6629340190215666,0.286123562110862,0.050942418867572205
full_feedback,14.15,0.6636889634187673,0.28633421587311064,0.04997682070812289
full_feedback,14.200000000000001,0.6643761878514959,0.28659429233998207,0.04902951980852288
full_feedback,14.25,0.6649962686857961,0.2869028378243449,0.048100893489859894
full_feedback,14.3,0.6655498381918489,0.2872589025178163,0.04719125929033567
full_feedback,14.350000000000001,0.6660375797742683,0.2876615416573341,0.04630087856839845
full_feedback,14.4,0.6664602233908948,0.2881098165481927,0.04542996006091333
full_feedback,14.450000000000001,0.6668185411676575,0.2886027954525856,0.04457866337975774
full_feedback,14.5,0.6671133432164024,0.2891395543517743,0.043747102431824135
full_feedback,14.55,0.6673454736597132,0.2897191775906049,0.04293534874968267
full_feedback,14.600000000000001,0.6675158068619426,0.2903407584136558,0.04214343472440245
full_feedback,14.65,0.6676252438709042,0.29100339939940134,0.041371356729695316
full_feedback,14.700000000000001,0.6676747090669023,0.2917062128008096,0.04061907813228898
full_feedback,14.75,0.6676651470180716,0.29244832079857636,0.03988653218335288
full_feedback,14.8,0.6675975195384537,0.2932288556745664,0.039173624786980756
full_feedback,14.850000000000001,0.6674728029451801,0.29404695991248403,0.03848023714233677
full_feedback,14.9,0.6672919855102035,0.2949017862283966,0.03780622826140065
full_feedback,14.950000000000001,0.6670560651005818,0.29579249754059217,0.03715143735882686
full_feedback,15.0,0.6667660470017165,0.29671826688207553,0.03651568611620875
full_feedback,15.05,0.6664229419174149,0.2976782772602198,0.03589878082236615
full_feedback,15.100000000000001,0.6660277641395996,0.29867172146905197,0.03530051439134922
full_feedback,15.15,0.6655815298806003,0.299697801858675,0.03472066826072555
full_feedback,15.200000000000001,0.6650852557619842,0.3007557300634492,0.03415901417456742
full_feedback,15.25,0.6645399574512714,0.30184472669557183,0.03361531585315764
full_feedback,15.3,0.6639466484401674,0.30296402100539704,0.033089330554436414
full_feedback,15.350000000000001,0.66330633895711,0.3041128505117401,0.0325808105311507
full_feedback,15.4,0.6626200350062834,0.30529046060606985,0.03208950438764755
full_feedback,15.450000000000001,0.6618887375265574,0.3064961041322071,0.03161515834123621
full_feedback,15.5,0.6611134416637701,0.3077290409434165,0.031157517392814187
full_feedback,15.55,0.6602951361486663,0.3089885374405866,0.030716326410747896
full_feedback,15.600000000000001,0.6594348027747605,0.31027386609204244,0.030291331133197794
full_feedback,15.65,0.6585334159693392,0.31158430493752953,0.02988227909313204
full_feedback,15.700000000000001,0.6575919424517707,0.31291913707749436,0.02948892047073571
full_feedback,15.75,0.6566113409730784,0.31427765014942766,0.029111008877494692
full_feedback,15.8,0.6555925621312828,0.31565913579233945,0.028748302076378456
full_feedback,15.850000000000001,0.6545365482571059,0.31706288910063407,0.028400562642260662
full_feedback,15.9,0.6534442333649535,0.3184882080683632,0.02806755856668409
full_feedback,15.950000000000001,0.6523165431644179,0.3199343930246833,0.027749063810899505
full_feedback,16.0,0.6511543951276006,0.3214007460615005,0.027444858810899565
full_feedback,16.05,0.6499586986081342,0.3228865704536897,0.02715473093817684
full_feedback,16.1,0.6487303550076597,0.32439117007283874,0.026878474919502172
full_feedback,16.150000000000002,0.6474702579859434,0.3259138487949616,0.026615893219095712
full_feedback,16.2,0.6461792937113642,0.3274539099022256,0.026366796386410842
full_feedback,16.25,0.6448583411480057,0.32901065547974867,0.026131003372246393
full_feedback,16.3,0.6435082723765145,0.3305833858072906,0.025908341816195547
full_feedback,16.35,0.642129952945862,0.33217139874614915,0.02569864830798952
full_feedback,16.400000000000002,0.6407242422530199,0.3337739891219197,0.025501768625061007
full_feedback,16.45,0.6392919939482904,0.33539044810288804,0.025317557948822216
full_feedback,16.5,0.6378340563641473,0.33702006257408557,0.02514588106176781
full_feedback,16.55,0.6363512729650148,0.33866211450776956,0.024986612527216286
full_feedback,16.6,0.6348444828163531,0.34031588032992355,0.024839636853724045
full_feedback,16.650000000000002,0.6333145210712817,0.3419806302829152,0.024704848645803676
full_feedback,16.7,0.6317622194728952,0.3436556277847119,0.024582152742393455
full_feedback,16.75,0.6301884068706225,0.3453401287848484,0.024471464344529754
full_feedback,16.8,0.6285939097499881,0.34703338111640264,0.02437270913360992
full_feedback,16.85,0.6269795527736371,0.34873462384523884,0.024285823381124585
full_feedback,16.900000000000002,0.6253461593329369,0.35044308661609264,0.024210754050971135
full_feedback,16.95,0.6236945521091131,0.35215798899567624,0.02414745889521133
full_feedback,17.0,0.6220255536429765,0.3538785398131102,0.024095906543913873
full_feedback,17.05,0.6203399869121673,0.3556039364981937,0.024056076589639583
full_feedback,17.1,0.6186386759151767,0.3573333644177402,0.02402795966708369
full_feedback,17.150000000000002,0.6169224462620833,0.3590659962098162,0.02401155752810112
full_feedback,17.2,0.6151921257703166,0.3608009911173753,0.024006883112308728
full_feedback,17.25,0.6134485450655737,0.36253749432118976,0.02401396061323722
full_feedback,17.3,0.6116925381871673,0.3642746362728362,0.0240328255399971
full_feedback,17.35,0.609924943197298,0.36601153202859865,0.02406352477410392
full_feedback,17.400000000000002,0.6081466027936563,0.36774728058530903,0.024106116621035248
full_feedback,17.45,0.6063583649249067,0.36948096421905324,0.024160670856040636
full_feedback,17.5,0.6045610834090626,0.37121164782760263,0.024227268763335363
full_feedback,17.55,0.602755618553539,0.3729383782785643,0.024306003167897217
full_feedback,17.6,0.600942837777052,0.37466018376430965,0.024396978458638887
full_feedback,17.650000000000002,0.5991236162326353,0.37637607316548377,0.024500310601881438
full_feedback,17.7,0.5972988374313021,0.3780850354251348,0.024616127143563715
full_feedback,17.75,0.595469393865956,0.3797860389355903,0.024744567198454206
full_feedback,17.8,0.5936361876350443,0.38147803094031335,0.024885781424642837
full_feedback,17.85,0.5918001310650146,0.3831599369536753,0.025039931981310652
full_feedback,17.900000000000002,0.5899621473312849,0.38483066020146406,0.025207192467251487
full_feedback,17.95,0.588123171076989,0.3864890810853254,0.025387747837686186
full_feedback,18.0,0.5862841490283488,0.38813405667486833,0.02558179429678335
full_feedback,18.05,0.5844460406059302,0.3897644202314279,0.025789539162642507
full_feedback,18.1,0.5826098185313082,0.3913789807674361,0.02601120070125617
full_feedback,18.150000000000002,0.5807764694273824,0.39297652264634203,0.026247007926276125
full_feedback,18.2,0.5789469944107926,0.3945558052285745,0.026497200360633473
full_feedback,18.25,0.5771224096763066,0.39611556256827163,0.026762027755422316
full_feedback,18.3,0.5753037470705623,0.3976545031673562,0.027041749762082023
full_feedback,18.35,0.5734920546534807,0.39917130979349386,0.027336635553025932
full_feedback,18.400000000000002,0.5716883972463642,0.4006646393683966,0.02764696338523976
full_feedback,18.45,0.5698938569641621,0.4021331229340281,0.02797302010181034
full_feedback,18.5,0.5681095337284278,0.4035753657055696,0.028315100566003136
full_feedback,18.55,0.5663365457606941,0.40498994721823645,0.0286735070210699
full_feedback,18.6,0.5645760300516977,0.406375421578036,0.02904854837026682
full_feedback,18.650000000000002,0.5628291428042138,0.40773031782562213,0.029440539370164564
full_feedback,18.7,0.5610970598464209,0.40905314042315133,0.029849799730428294
full_feedback,18.75,0.5593809770113128,0.4103423698752987,0.030276653113388948
full_feedback,18.8,0.5576821104793911,0.4115964634948658,0.030721426025743615
full_feedback,18.85,0.5560016970795914,0.4128138563250077,0.03118444659540145
full_feedback,18.900000000000002,0.5543409945445688,0.4139929622296943,0.0316660432257375
full_feedback,18.95,0.5527012817148775,0.4151321751650587,0.03216654312006429
full_feedback,19.0,0.5510838586873247,0.4162298706440351,0.032686270668640716
full_feedback,19.05,0.549490046901513,0.4172844074073664,0.03322554569112103
full_feedback,19.1,0.5479211891589352,0.4182941293138677,0.033784681527197595
full_feedback,19.150000000000002,0.5463786495680574,0.4192573674631139,0.03436398296882931
full_feedback,19.200000000000003,0.5448638134086281,0.4201724425635856,0.03496374402778689
full_feedback,19.25,0.543378086908265,0.42103766755894606,0.0355842455327896
full_feedback,19.3,0.5419228969234873,0.42185135052499245,0.03622575255152086
full_feedback,19.35,0.540499690517967,0.42261179784883857,0.03688851163319508
full_feedback,19.400000000000002,0.5391099344286745,0.4233173177018039,0.037572747869522125
full_feedback,19.450000000000003,0.5377551144124739,0.42396622381565613,0.038278661771870504
full_feedback,19.5,0.5364367344632958,0.4245568395713661,0.03900642596533873
full_feedback,19.55,0.535156315891133,0.42508750240747767,0.03975618170138995
full_feedback,19.6,0.5339153962538942,0.42555656855379353,0.04052803519231284
full_feedback,19.650000000000002,0.5327155281307981,0.4259624180938103,0.04132205377539211
full_feedback,19.700000000000003,0.531558277729444,0.42630346035691785,0.0421382619136387
full_feedback,19.75,0.5304452233152437,0.4265781396389553,0.04297663704580163
full_feedback,19.8,0.5293779534539899,0.42678494124534794,0.04383710530066278
full_feedback,19.85,0.5283580650574596,0.42692239785047525,0.04471953709206574
full_feedback,19.900000000000002,0.5273871612221304,0.4269890961606099,0.04562374261726035
full_feedback,19.950000000000003,0.526466848852303,0.4269836838623771,0.04654946728532056
full_feedback,20.0,0.5255987360575222,0.42690487684044703,0.04749638710203145
full_feedback,20.05,0.5247844293171207,0.42675146663591423,0.048464104046965745
full_feedback,20.1,0.5240255304047133,0.4265223281150928,0.04945214148019452
full_feedback,20.150000000000002,0.5233236330611156,0.4262164273191987,0.05045993961968638
full_feedback,20.200000000000003,0.5226803194163211,0.4258328294467094,0.051486851136970165
full_feedback,20.25,0.5220971561526734,0.42537070692605294,0.05253213692127435
full_feedback,20.3,0.52157569040439,0.42482934752945134,0.0535949620661594
full_feedback,20.35,0.5211174453961634,0.42420816246663395,0.05467439213720324
full_feedback,20.400000000000002,0.520723915815593,0.42350669440133915,0.05576938978306854
full_feedback,20.450000000000003,0.5203965629269357,0.42272462531987953,0.056878811753185474
full_feedback,20.5,0.5201368094277998,0.42186178418256476,0.058001406389636204
full_feedback,20.55,0.5199460340558708,0.4209181542829907,0.05913581166113932
full_feedback,20.6,0.5198255659585159,0.41989388023474716,0.060280553806737615
full_feedback,20.650000000000002,0.5197766788311184,0.41878927450813824,0.06143404666074409
full_feedback,20.700000000000003,0.5198005848495026,0.4176048234295874,0.06259459172091077
full_feedback,20.75,0.5198984284075415,0.4163411925641936,0.06376037902826567
full_feedback,20.8,0.520071279687227,0.4149992313969799,0.06492948891579381
full_feedback,20.85,0.5203201280858394,0.41357997723227896,0.06609989468188242
full_feedback,20.900000000000002,0.5206458755297516,0.4120846582335403,0.06726946623670889
full_feedback,20.950000000000003,0.5210493297112447,0.41051469553006037,0.06843597475869567
full_feedback,21.0,0.5215311972828965,0.40887170432341,0.06959709839369425
full_feedback,21.05,0.5220920770532003,0.407157493933776,0.07075042901302463
full_feedback,21.1,0.5227324532268034,0.405374066733794,0.07189348003940339
full_feedback,21.150000000000002,0.5234526887396119,0.403523615930546,0.07302369532984292
full_feedback,21.200000000000003,0.5242530187389783,0.4016085221638364,0.07413845909718608
full_feedback,21.25,0.5251335442644685,0.3996313489049251,0.07523510683060723
full_feedback,21.3,0.5260942261863334,0.397594836649039,0.07631093716462839
full_feedback,21.35,0.5271348794606374,0.39550189591464296,0.07736322462472041
full_feedback,21.400000000000002,0.5282551677620538,0.3933555990706302,0.07838923316731676
full_feedback,21.450000000000003,0.5294545985554864,0.39115917103253034,0.07938623041198417
full_feedback,21.5,0.5307325186693006,0.38891597887860707,0.08035150245209315
full_feedback,21.55,0.5320881104295339,0.386629520457111,0.08128236911335596
full_feedback,21.6,0.5335203884162927,0.3843034120626643,0.08217619952104395
full_feedback,21.650000000000002,0.5350281968979679,0.3819413752785645,0.0830304278234685
full_feedback,21.700000000000003,0.5366102080004292,0.37954722308637173,0.08384256891319983
full_feedback,21.75,0.5382649206558529,0.37712484536436774,0.08461023397978033
full_feedback,21.8,0.5399906603819359,0.37467819389186247,0.08533114572620257
full_feedback,21.85,0.5417855799223964,0.37221126699656437,0.08600315308104008
full_feedback,21.900000000000002,0.5436476607925645,0.3697280939703327,0.08662424523710358
full_feedback,21.950000000000003,0.5455747157393006,0.36723271940112756,0.08719256485957265
full_feedback,22.0,0.5475643921432725,0.36472918754959555,0.08770642030713285
full_feedback,22.05,0.5496141763629396,0.36222152690986437,0.08816429672719683
full_feedback,22.1,0.5517213990221644,0.3597137350839822,0.08856486589385422
full_feedback,22.150000000000002,0.5538832412250573,0.3572097640960798,0.08890699467886373
full_feedback,22.200000000000003,0.5560967416778771,0.35471350626345666,0.08918975205866712
full_feedback,22.25,0.5583588046839477,0.35222878073211267,0.08941241458394049
full_feedback,22.3,0.5606662089704127,0.34975932077520244,0.08957447025438563
full_feedback,22.35,0.5630156172934182,0.3473087619388659,0.08967562076771682
full_feedback,22.400000000000002,0.5654035867609121,0.3448806311088435,0.08971578213024531
full_feedback,22.450000000000003,0.5678265798038941,0.3424783365565233,0.08969508363958349
full_feedback,22.5,0.5702809757186257,0.3401051590119704,0.0896138652694048
full_feedback,22.55,0.5727630826960594,0.3377642437941005,0.08947267350984095
full_feedback,22.6,0.5752691502491827,0.33545859401848893,0.08927225573232925
full_feedback,22.650000000000002,0.5777953819451827,0.33319106488684225,0.08901355316797593
full_feedback,22.700000000000003,0.5803379483446701,0.33096435905478305,0.08869769260054776
full_feedback,22.75,0.5828930000508771,0.32878102305607876,0.08832597689304508
full_feedback,22.8,0.5854566807686767,0.32664344475858065,0.08789987447274358
full_feedback,22.85,0.5880251402771336,0.3245538518106862,0.08742100791218113
full_feedback,22.900000000000002,0.5905945472171316,0.32251431103692946,0.08689114174593994
full_feedback,22.950000000000003,0.5931611016049265,0.3205267287246817,0.08631216967039267
full_feedback,23.0,0.5957210469809024,0.31859285174790936,0.08568610127118906
full_feedback,23.05,0.5982706821140705,0.31671426946137354,0.08501504842455686
full_feedback,23.1,0.6008063721836653,0.31489241630245085,0.08430121151388481
full_feedback,23.150000000000002,0.6033245593710994,0.3131285750302985,0.08354686559860305
full_feedback,23.200000000000003,0.605821772802682,0.31142388053229586,0.08275434666502303
full_feedback,23.25,0.6082946377877343,0.3097793241313586,0.08192603808090801
full_feedback,23.3,0.6107398843150472,0.30819575832089996,0.08106435736405372
full_feedback,23.35,0.613154354761946,0.3066739018680296,0.08017174337002529
full_feedback,23.400000000000002,0.6155350108042708,0.3052143452117237,0.07925064398400646
full_feedback,23.450000000000003,0.6178789395002602,0.30381755610061145,0.07830350439912928
full_feedback,23.5,0.6201833585443128,0.30248388540984,0.07733275604584808
full_feedback,23.55,0.6224456206898369,0.3012135730824828,0.07634080622768125
full_feedback,23.6,0.6246632173488027,0.30000675414516137,0.07533002850603687
full_feedback,23.650000000000002,0.6268337813837193,0.2988634647511526,0.07430275386512898
full_feedback,23.700000000000003,0.6289550891124133,0.29778364820902803,0.07326126267855954
full_feedback,23.75,0.6310250615538341,0.29676716095861755,0.07220777748754927
full_feedback,23.8,0.633041764946764,0.29581377846020895,0.07114445659302787
full_feedback,23.85,0.6350034105793526,0.2949232009681412,0.07007338845250713
full_feedback,23.900000000000002,0.6369083539692891,0.2940950591620883,0.06899658686862344
full_feedback,23.950000000000003,0.6387550934388679,0.29332891961501256,0.06791598694612032
full_feedback,24.0,0.6405422681308178,0.2926242900780554,0.06683344179112764
full_feedback,24.05,0.6422686555123698,0.2919806245694448,0.06575071991818628
full_feedback,24.1,0.6439331684162647,0.29139732825337694,0.06466950333035927
full_feedback,24.150000000000002,0.6455348516671457,0.29087376210188925,0.0635913862309659
full_feedback,24.200000000000003,0.6470728783428901,0.2904092473307497,0.0625178743263612
full_feedback,24.25,0.6485465457175582,0.29000306960863725,0.06145038467380548
full_feedback,24.3,0.6499552709340435,0.28965448303449276,0.060390246031464645
full_feedback,24.35,0.6512985864505215,0.28936271388566204,0.05933869966381735
full_feedback,24.400000000000002,0.6525761353054047,0.28912696413597533,0.05829690055862097
full_feedback,24.450000000000003,0.6537876662410983,0.28894641474878646,0.05726591901011621
full_feedback,24.5,0.6549330287258948,0.28882022874837915,0.056246742525727124
full_feedback,24.55,0.6560121679108476,0.28874755407471775,0.055240278014435706
full_feedback,24.6,0.6570251195544676,0.2887275262290027,0.05424735421653065
full_feedback,24.650000000000002,0.6579720049486181,0.2887592707140541,0.053268724337328814
full_feedback,24.700000000000003,0.6588530258710271,0.28884190528095344,0.052305068848020504
full_feedback,24.75,0.6596684595929575,0.2889745419860008,0.05135699842104277
full_feedback,24.8,0.6604186539636486,0.2891562890682039,0.05042505696814852
full_feedback,24.85,0.6611040225917115,0.28938625265558204,0.049509724752707464
full_feedback,24.900000000000002,0.6617250401436341,0.28966353830646996,0.048611421549897005
full_feedback,24.950000000000003,0.6622822377716026,0.2899872523976874,0.04773050983071114
full_feedback,25.0,0.6627761986862862,0.29035650336524044,0.04686729794847442
full_feedback,25.05,0.6632075538850071,0.29077040280657473,0.046022043308419296
full_feedback,25.1,0.6635769780433048,0.2912280664532225,0.04519495550347374
full_feedback,25.150000000000002,0.6638851855776609,0.29172861502092795,0.0443861994014123
full_feedback,25.200000000000003,0.6641329268860708,0.2922711749443157,0.04359589816961458
full_feedback,25.25,0.6643209847662017,0.2928548790057317,0.04282413622806763
full_feedback,25.3,0.6644501710173808,0.29347886686296737,0.042070962119652916
full_feedback,25.35,0.6645213232250249,0.29414228548428945,0.041336391290686725
full_feedback,25.400000000000002,0.6645353017278336,0.2948442894963767,0.04062040877579073
full_feedback,25.450000000000003,0.6644929867658977,0.29558404145152195,0.03992297178258139
full_feedback,25.5,0.6643952758076191,0.2963607120207506,0.03924401217163132
full_feedback,25.55,0.6642430810530956,0.2971734801189419,0.03858343882796361
full_feedback,25.6,0.6640373271084552,0.298021532963377,0.037941139928168895
full_feedback,25.650000000000002,0.6637789488279165,0.2989040660756677,0.03731698509641679
full_feedback,25.700000000000003,0.6634688893184169,0.29982028322934445,0.03671082745223981
full_feedback,25.75,0.6631080981014287,0.3007693963470323,0.036122505551540174
full_feedback,25.8,0.6626975294263148,0.30175062535206765,0.035551845221618784
full_feedback,25.85,0.6622381407289994,0.30276319797914747,0.03499866129185419
full_feedback,25.900000000000002,0.6617308912307915,0.30380634954518926,0.034462759224020284
full_feedback,25.950000000000003,0.6611767406703353,0.3048793226860458,0.03394393664362012
full_feedback,26.0,0.660576648162827,0.3059813670610791,0.03344198477609507
full_feedback,26.05,0.6599315711804274,0.3071117390281913,0.032956689791382394
full_feedback,26.1,0.6592424646473214,0.3082697012926562,0.032487834060023583
full_feedback,26.150000000000002,0.6585102801435904,0.3094545225315229,0.03203519732488789
full_feedback,26.200000000000003,0.6577359652119341,0.3106654769957822,0.03159855779228486
full_feedback,26.25,0.6569204627610972,0.3119018440927911,0.031177693146112864
full_feedback,26.3,0.6560647105605447,0.31316290795027724,0.03077238148917921
full_feedback,26.35,0.6551696408206537,0.3144479569639455,0.030382402215402005
full_feedback,26.400000000000002,0.6542361798532202,0.31575628332990346,0.0300075368168774
full_feedback,26.450000000000003,0.653265247806983,0.31708718256354845,0.029647569629469656
full_feedback,26.5,0.6522577584733105,0.31843995300595684,0.029302288520733754
full_feedback,26.55,0.6512146191572209,0.31981389531907956,0.028971485523700706
full_feedback,26.6,0.6501367306093029,0.32120831197056054,0.028654957420137742
full_feedback,26.650000000000002,0.6490249870141647,0.32262250670925197,0.0283525062765845
full_feedback,26.700000000000003,0.6478802760313439,0.3240557840321462,0.028063939936511052
full_feedback,26.75,0.6467034788848939,0.32550744864335446,0.027789072471752833
full_feedback,26.8,0.6454954704977738,0.32697680490615233,0.02752772459607505
full_feedback,26.85,0.6442571196678669,0.3284631562881415,0.02727972404399274
full_feedback,26.900000000000002,0.6429892892822577,0.3299658048003671,0.027044905917376353
full_feedback,26.950000000000003,0.6416928365666718,0.3314840504308786,0.026823113002450823
full_feedback,27.0,0.6403686133673964,0.3330171905728517,0.026614196059753105
full_feedback,27.05,0.6390174664629585,0.33456451944783233,0.026418014089210243
full_feedback,27.1,0.6376402379028656,0.33612532752470575,0.026234434572429778
full_feedback,27.150000000000002,0.6362377653715741,0.3376989009339075,0.026063333694519596
full_feedback,27.200000000000003,0.6348108825751436,0.3392845208778986,0.02590459654695896
full_feedback,27.25,0.6333604196486967,0.34088146303791095,0.02575811731339343
full_feedback,27.3,0.6318872035829459,0.3424889969770448,0.025623799440010458
full_feedback,27.35,0.6303920586680691,0.3441063855400771,0.02550155579185495
full_feedback,27.400000000000002,0.6288758069531383,0.3457328842505262,0.025391308796336696
full_feedback,27.450000000000003,0.627339268719926,0.3473677407047819,0.025292990575293328
full_feedback,27.5,0.6257832629698101,0.3490101939636105,0.025206543066580486
full_feedback,27.55,0.6242086079221963,0.35065947394180846,0.02513191813599637
full_feedback,27.6,0.622616121523621,0.35231480079590394,0.025069077680476205
full_feedback,27.650000000000002,0.6210066219664877,0.3539753843103324,0.025017993723181066
full_feedback,27.700000000000003,0.6193809282163851,0.35564042328268985,0.02497864850092609
full_feedback,27.75,0.6177398605469414,0.35730910490868967,0.02495103454437001
full_feedback,27.8,0.6160842410818604,0.3589806041668293,0.02493515475131138
full_feedback,27.85,0.6144148943430184,0.36065408320387415,0.024931022453108603
full_feedback,27.900000000000002,0.6127326478039068,0.3623286907218921,0.02493866147420221
full_feedback,27.950000000000003,0.6110383324479266,0.36400356136741036,0.024958106184664212
full_feedback,28.0,0.609332783330833,0.36567781512371317,0.024989401545455054
full_feedback,28.05,0.6076168401466822,0.3673505567074612,0.02503260314585782
full_feedback,28.1,0.6058913477966374,0.36902087497081476,0.02508777723254897
full_feedback,28.150000000000002,0.6041571569603154,0.37068784231006346,0.025155000729622325
full_feedback,28.200000000000003,0.6024151246688015,0.372350514082644,0.025234361248555576
full_feedback,28.25,0.6006661148788957,0.3740079280340964,0.02532595708700914
full_feedback,28.3,0.5989109990479994,0.37565910373667466,0.025429897215327135
full_feedback,28.35,0.5971506567089149,0.3773030420418021,0.025546301249284194
full_feedback,28.400000000000002,0.5953859760440394,0.3789387245486589,0.025675299407302753
full_feedback,28.450000000000003,0.59361785445837,0.3805651130912454,0.025817032450385725
full_feedback,28.5,0.5918471991501694,0.3821811492468184,0.02597165160301332
full_feedback,28.55,0.5900749276788645,0.38378575386873665,0.026139318452400008
full_feedback,28.6,0.5883019685293364,0.3853778266468925,0.026320204823772272
full_feedback,28.650000000000002,0.586529261671351,0.3869562456994421,0.026514492629207985
full_feedback,28.700000000000003,0.5847577591131646,0.3885198671998546,0.026722373686981847
full_feedback,28.75,0.5829884254486744,0.3900675250432822,0.0269440495080446
full_feedback,28.8,0.5812222383963997,0.3915980305569654,0.027179731046635965
full_feedback,28.85,0.5794601893284809,0.393110172260069,0.027429638411451174
full_feedback,28.900000000000002,0.5777032837894234,0.39460271567765903,0.027694000532918667
full_feedback,28.950000000000003,0.5759525420019541,0.39607440321503334,0.0279730547830136
full_feedback,29.0,0.5742089993582088,0.3975239540986699,0.028267046543122336
full_feedback,29.05,0.5724737068950637,0.39895006439003095,0.02857622871490632
full_feedback,29.1,0.5707477317509865,0.40035140707937633,0.028900861169638244
full_feedback,29.150000000000002,0.5690321576012118,0.40172663226766137,0.029241210131127862
full_feedback,29.200000000000003,0.5673280850704093,0.40307436744348185,0.029597547486109828
full_feedback,29.25,0.5656366321185939,0.4043932178641723,0.02997015001723472
full_feedback,29.3,0.5639589343979747,0.40568176704952597,0.03035929855250028
full_feedback,29.35,0.5622961455774357,0.4069385773973062,0.030765277025259035
full_feedback,29.400000000000002,0.5606494376306234,0.4081621909304415,0.03118837143893615
full_feedback,29.450000000000003,0.5590200010845277,0.40935113018550245,0.03162886872997077
full_feedback,29.5,0.5574090452238896,0.4105038992530538,0.03208705552305756
full_feedback,29.55,0.5558177982475409,0.4116189849802292,0.032563216772230806
full_feedback,29.6,0.5542475073714715,0.41269485834658637,0.03305763428194307
full_feedback,29.650000000000002,0.5526994388741007,0.4137299760240153,0.03357058510188503
full_feedback,29.700000000000003,0.5511748780780257,0.4147227821319425,0.03410233979003271
full_feedback,29.75,0.5496751292630311,0.41567171019872845,0.034653160538241405
full_feedback,29.8,0.5482015155039327,0.41657518534038684,0.035223299155681335
full_feedback,29.85,0.5467553784273471,0.4174316266672223,0.03581299490543153
full_feedback,29.900000000000002,0.5453380778805346,0.418239449928819,0.03642247219064746
full_feedback,29.950000000000003,0.5439509915053693,0.41899707040721534,0.03705193808741631
full_feedback,30.0,0.5425955142107953,0.419702906067288,0.03770157972191763
full_feedback,30.05,0.541273057535108,0.42035538097287056,0.038371561492022366
full_feedback,30.1,0.5399850488915788,0.4209529289755429,0.03906202213287924
full_feedback,30.150000000000002,0.5387329306885354,0.4214939976821733,0.03977307162929213
full_feedback,30.200000000000003,0.5375181593159225,0.42197705270532915,0.04050478797874925
full_feedback,30.25,0.5363422039907269,0.42240058219962123,0.041257213809652915
full_feedback,30.3,0.5352065454512793,0.4227631016839932,0.04203035286472845
full_feedback,30.35,0.5341126744935794,0.42306315914827164,0.042824166358149944
full_feedback,30.400000000000002,0.5330620903398142,0.4232993404405473,0.04363856921963955
full_feedback,30.450000000000003,0.5320562988318587,0.4234702749264181,0.044473426241724276
full_feedback,30.5,0.5310968104412008,0.4235746414100534,0.045328548148746775
full_feedback,30.55,0.5301851380857798,0.423611174307248,0.0462036876069733
full_feedback,30.6,0.5293227947486291,0.42357867004687066,0.04709853520450129
full_feedback,30.650000000000002,0.5285112908904877,0.42347599368197586,0.048012715427537614
full_feedback,30.700000000000003,0.5277521316480925,0.4233020856880419,0.048945782663866635
full_feedback,30.75,0.5270468138157076,0.42305596891372294,0.049897217270570594
full_feedback,30.8,0.5263968226027596,0.42273675565279234,0.050866421744449254
full_feedback,30.85,0.5258036281621006,0.4223436548008383,0.051852717037062256
full_feedback,30.900000000000002,0.5252686818929995,0.42187597904632934,0.05285533906067228
full_feedback,30.950000000000003,0.5247934125096566,0.4213331520569651,0.05387343543337936
full_feedback,31.0,0.5243792218815101,0.4207147156037025,0.05490606251478846
full_feedback,31.05,0.5240274806450753,0.4200203365685488,0.05595218278637698
full_feedback,31.1,0.5237395235902408,0.4192498137773213,0.05701066263243896
full_feedback,31.150000000000002,0.5235166448318254,0.4184030845908526,0.05808027057732313
full_feedback,31.200000000000003,0.523360092769164,0.4174802311924845,0.05915967603835262
full_feedback,31.25,0.5232710648501485,0.4164814865004411,0.06024744864941147
full_feedback,31.3,0.5232507021489712,0.4154072396371448,0.06134205821388512
full_feedback,31.35,0.523300083776295,0.41425804088406865,0.06244187533963751
full_feedback,31.400000000000002,0.5234202211425969,0.41303460605093395,0.06354517280647021
full_feedback,31.450000000000003,0.5236120520937435,0.41173782019129385,0.06465012771496378
full_feedback,31.5,0.5238764349479,0.4103687405964294,0.06575482445567166
full_feedback,31.55,0.524214142459039,0.4089285990037505,0.06685725853721158
full_feedback,31.6,0.5246258557431164,0.4074188029608928,0.06795534129599194
full_feedback,31.650000000000002,0.5251121581984084,0.4058409362909341,0.06904690551065855
full_feedback,31.700000000000003,0.5256735294606026,0.4041967586129288,0.07012971192646957
full_feedback,31.75,0.5263103394323808,0.4024882038767112,0.071201456690909
full_feedback,31.8,0.527022842432595,0.40071737788424017,0.07225977968316587
full_feedback,31.85,0.5278111715106454,0.3988865547747352,0.07330227371462039
full_feedback,31.900000000000002,0.5286753329748879,0.3969981724662148,0.07432649455889834
full_feedback,31.950000000000003,0.5296152011859926,0.39505482705215966,0.07532997176184875
full_feedback,32.0,0.5306305136662642,0.39305926617023357,0.07631022016350318
full_feedback,32.050000000000004,0.5317208665784776,0.3910143813654694,0.07726475205605408
full_feedback,32.1,0.5328857106259545,0.3889231994886839,0.07819108988536266
full_feedback,32.15,0.5341243474286079,0.3867888731762314,0.0790867793951618
full_feedback,32.2,0.5354359264239421,0.384614670477052,0.07994940309900699
full_feedback,32.25,0.5368194423456609,0.38240396369539725,0.08077659395894278
full_feedback,32.300000000000004,0.5382737333241864,0.380160217536055,0.08156604913975965
full_feedback,32.35,0.5397974796570146,0.3778869766400454,0.08231554370294102
full_feedback,32.4,0.5413892032870115,0.37558785261291927,0.0830229441000703
full_feedback,32.45,0.5430472680232148,0.3732665106533521,0.0836862213234341
full_feedback,32.5,0.5447698805372727,0.37092665589004953,0.08430346357267869
full_feedback,32.550000000000004,0.5465550921549381,0.36857201954567814,0.08487288829938468
full_feedback,32.6,0.5484008014679335,0.3662063450386379,0.08539285349342962
full_feedback,32.65,0.5503047577640117,0.36383337414637507,0.08586186808961428
full_feedback,32.7,0.5522645652892506,0.36145683333767836,0.08627860137307206
full_feedback,32.75,0.5542776883272937,0.35908042038891136,0.08664189128379599
full_feedback,32.800000000000004,0.556341457088683,0.35670779138811365,0.08695075152320444
full_feedback,32.85,0.5584530743814436,0.354342548226873,0.08720437739168432
full_feedback,32.9,0.5606096230345653,0.35198822667127355,0.08740215029416218
full_feedback,32.95,0.562808074034755,0.34964828509365903,0.08754364087158703
full_feedback,33.0,0.5650452953285703,0.3473260939386191,0.08762861073281167
full_feedback,33.050000000000004,0.5673180612355315,0.345024925984876,0.0876570127795935
full_feedback,33.1,0.5696230624095663,0.3427479474534297,0.08762899013700498
full_feedback,33.15,0.5719569162821712,0.3404982100022286,0.08754487371560113
full_feedback,33.2,0.5743161779132138,0.3382786436356827,0.08740517845110438
full_feedback,33.25,0.5766973511720962,0.3360920505463914,0.08721059828151326
full_feedback,33.300000000000004,0.5790969001681526,0.3339410998943755,0.08696199993747275
full_feedback,33.35,0.5815112608471705,0.3318283235208828,0.08666041563194757
full_feedback,33.4,0.5839368526689447,0.32975611258312426,0.08630703474793203
full_feedback,33.45,0.5863700902810633,0.32772671508775214,0.08590319463118537
full_feedback,33.5,0.5888073951055027,0.32574223429142357,0.0854503706030746
full_feedback,33.550000000000004,0.5912452067555458,0.3238046279326032,0.0849501653118519
full_feedback,33.6,0.5936799942044242,0.32191570825017146,0.08440429754540525
full_feedback,33.65,0.5961082666291053,0.3200771427425879,0.08381459062830764
full_feedback,33.7,0.598526583862004,0.3182904556110992,0.08318296052689776
full_feedback,33.75,0.6009315663819558,0.3165570298365957,0.08251140378144942
full_feedback,33.800000000000004,0.6033199047904496,0.3148781098275718,0.08180198538197951
full_feedback,33.85,0.605688368713821,0.31325480458762245,0.08105682669855742
full_feedback,33.9,0.608033815096186,0.31168809133479347,0.08027809356902138
full_feedback,33.95,0.6103531958365149,0.31017881952223697,0.07946798464124886
full_feedback,34.0,0.6126435647450648,0.30872771519840314,0.07862872005653286
full_feedback,34.050000000000004,0.6149020837983139,0.30733538565087326,0.07776253055081363
full_feedback,34.1,0.6171260286654797,0.30600232428601887,0.07687164704850213
full_feedback,34.15,0.6193127935168423,0.3047289156849723,0.0759582907981862
full_feedback,34.2,0.6214598950985981,0.30351544079466075,0.07502466410674198
full_feedback,34.25,0.6235649760854403,0.30236208220684496,0.07407294170771564
full_feedback,34.300000000000004,0.6256258077223985,0.3012689294836157,0.07310526279398663
full_feedback,34.35,0.6276402917724614,0.3002359844917927,0.07212372373574683
full_feedback,34.4,0.6296064617936632,0.29926316671185516,0.07113037149448244
full_feedback,34.45,0.6315224837714067,0.29835031849037585,0.07012719773821821
full_feedback,34.5,0.6333866561378394,0.29749721020883685,0.06911613365332459
full_feedback,34.550000000000004,0.6351974092118873,0.29670354534391585,0.0680990454441977
full_feedback,34.6,0.636953304097487,0.2959689653999521,0.0670777305025618
full_feedback,34.65,0.6386530310784663,0.29529305469422007,0.06605391422731449
full_feedback,34.7,0.6402954075507894,0.2946753449818424,0.06502924746736903
full_feedback,34.75,0.6418793755339228,0.29411531990613926,0.06400530455993873
full_feedback,34.800000000000004,0.6434039988027884,0.2936124192676681,0.06298358192954435
full_feedback,34.85,0.6448684596828181,0.2931660431020485,0.06196549721513412
full_feedback,34.9,0.6462720555489986,0.29277555556382145,0.06095238888718076
full_feedback,34.95,0.6476141950704821,0.2924402886109376,0.05994551631858112
full_feedback,35.0,0.6488943942395217,0.29215954549047213,0.058946060270007046
full_feedback,35.050000000000004,0.6501122722232735,0.29193260402453486,0.05795512375219246
full_feedback,35.1,0.6512675470749278,0.29175871969801087,0.05697373322706205
full_feedback,35.15,0.6523600313381941,0.29163712855148444,0.05600284011032227
full_feedback,35.2,0.6533896275791492,0.29156704988076976,0.05504332254008185
full_feedback,35.25,0.6543563238734574,0.2915476887511184,0.05409598737542498
full_feedback,35.300000000000004,0.6552601892794436,0.29157823832761826,0.05316157239293888
full_feedback,35.35,0.6561013693212399,0.2916578820301193,0.052240748648641616
full_feedback,35.4,0.6568800815060524,0.2917857955179053,0.05133412297604307
full_feedback,35.45,0.6575966108980219,0.2919611485095017,0.05044224059247718
full_feedback,35.5,0.6582513057648883,0.2921831064476667,0.04956558778744569
full_feedback,35.550000000000004,0.6588445733173416,0.29245083201290634,0.04870459466975282
full_feedback,35.6,0.65937687555391,0.2927634864949433,0.04785963795114749
full_feedback,35.65,0.65984872522404,0.2931202310289625,0.04703104374699821
full_feedback,35.7,0.6602606819221073,0.29352022770196784,0.04621909037592568
full_feedback,35.75,0.6606133483186309,0.293962640538799,0.04542401114257088
full_feedback,35.800000000000004,0.6609073665373469,0.2944466363732143,0.04464599708943957
full_feedback,35.85,0.6611434146842575,0.29497138561054853,0.04388519970519479
full_feedback,35.9,0.6613222035317701,0.29553606288932605,0.04314173357890466
full_feedback,35.95,0.6614444733608407,0.29613984764787127,0.04241567899128894
full_feedback,36.0,0.6615109909640774,0.2967819246015625,0.041707084434360914
full_feedback,36.050000000000004,0.661522546809613,0.29746148413690165,0.04101596905348616
full_feedback,36.1,0.6614799523634476,0.29817772262848624,0.04034232500806697
full_feedback,36.15,0.6613840375724048,0.29892984268340456,0.03968611974419147
full_feedback,36.2,0.6612356485030368,0.29971705331875137,0.03904729817821257
full_feedback,36.25,0.6610356451346517,0.3005385700764377,0.038425784788911385
full_feedback,36.300000000000004,0.660784899302866,0.3013936150804836,0.03782148561665116
full_feedback,36.35,0.6604842927901207,0.30228141704178124,0.037234290168098934
full_feedback,36.4,0.6601347155586748,0.3032012112119433,0.03666407322938278
full_feedback,36.45,0.6597370641215387,0.30415223929240714,0.03611069658605503
full_feedback,36.5,0.659292240046568,0.305133749301808,0.035574010651624965
full_feedback,36.550000000000004,0.6588011485887023,0.30614499540417495,0.035053856007123546
full_feedback,36.6,0.6582646974451212,0.3071852377016508,0.03455006485322895
full_feedback,36.65,0.6576837956277845,0.3082537419952815,0.03406246237693489
full_feedback,36.7,0.6570593524485886,0.3093497795147796,0.03359086803663267
full_feedback,36.75,0.6563922766112751,0.310472626621513,0.03313509676721273
full_feedback,36.800000000000004,0.6556834754049772,0.31162156448624617,0.03269496010877743
full_feedback,36.85,0.6549338539942222,0.3127958787436718,0.03227026726210679
full_feedback,36.9,0.6541443148000077,0.3139948591262069,0.03186082607378624
full_feedback,36.95,0.653315756967108,0.3152177990782709,0.03146644395462191
full_feedback,37.0,0.6524490759125525,0.3164639953530924,0.03108692873435584
full_feedback,37.050000000000004,0.6515451629504638,0.31773274759350545,0.03072208945603146
full_feedback,37.1,0.6506049049887273,0.31902335789792424,0.03037173711334929
full_feedback,37.15,0.649629184292838,0.3203351303731616,0.030035685334001184
full_feedback,37.2,0.6486188783128004,0.32166737067480106,0.02971375101239936
full_feedback,37.25,0.6475748595688703,0.3230193855364529,0.029405754894677557
full_feedback,37.300000000000004,0.6464979955921728,0.3243904822888319,0.029111522118996026
full_feedback,37.35,0.6453891489165299,0.3257799683693683,0.02883088271410266
full_feedback,37.4,0.6442491771177906,0.3271871508234235,0.028563672058786616
full_feedback,37.45,0.643078932897408,0.32861133579750196,0.028309731305090808
full_feedback,37.5,0.6418792642069855,0.3300518280253281,0.028068907767687223
full_feedback,37.550000000000004,0.6406510144107285,0.33150793030738257,0.027841055281889716
full_feedback,37.6,0.6393950224830517,0.3329789429842306,0.027626034532718533
full_feedback,37.65,0.6381121232385697,0.33446416340437796,0.027423713357053212
full_feedback,37.7,0.636803147591845,0.33596288538721086,0.027233967020944938
full_feedback,37.75,0.6354689228448521,0.3374743986808538,0.02705667847429488
full_feedback,37.800000000000004,0.6341102729995898,0.3389979884160987,0.026891738584312347
full_feedback,37.85,0.6327280190939384,0.34053293455637285,0.026739046349689533
full_feedback,37.9,0.631322979558868,0.34207851134408745,0.02659850909704531
full_feedback,37.95,0.6298959705951435,0.34363398674390716,0.026470042660950134
full_feedback,38.0,0.6284478065676914,0.3451986218835018,0.02635357154880764
full_feedback,38.050000000000004,0.6269793004164513,0.3467716704915068,0.026249029092042665
full_feedback,38.1,0.6254912640819339,0.34835237833373855,0.026156357584328365
full_feedback,38.15,0.6239845089442184,0.3499399826478895,0.026075508407892852
full_feedback,38.2,0.6224598462742119,0.35153371157700636,0.02600644214878254
full_feedback,38.25,0.620918087696002,0.353132783602316,0.025949128701682846
full_feedback,38.300000000000004,0.6193600456590928,0.354736406976133,0.02590354736477512
full_feedback,38.35,0.6177865339195407,0.35634377915530796,0.025869686925152166
full_feedback,38.400000000000006,0.6161983680293536,0.3579540862355047,0.025847545735142564
full_feedback,38.45,0.614596365832759,0.359566502387735,0.025837131779506844
full_feedback,38.5,0.6129813479688578,0.3611801892974723,0.025838462733670763
full_feedback,38.550000000000004,0.6113541383797734,0.3627942956072933,0.025851566012934195
full_feedback,38.6,0.6097155648235352,0.3644079563641458,0.025876478812319935
full_feedback,38.650000000000006,0.6080664593909019,0.36602029247244744,0.025913248136651537
full_feedback,38.7,0.6064076590255034,0.36763041015401987,0.025961930820477562
full_feedback,38.75,0.6047400060466526,0.36923740041621367,0.026022593537134656
full_feedback,38.800000000000004,0.6030643486739236,0.37084033853006526,0.026095312796012023
full_feedback,38.85,0.601381541553041,0.37243828351981023,0.02618017492714963
full_feedback,38.900000000000006,0.5996924462821849,0.37403027766570396,0.026277276052112095
full_feedback,38.95,0.5979979319380747,0.3756153460222493,0.026386722039676937
full_feedback,39.0,0.5962988756011868,0.37719249595399135,0.026508628444822768
full_feedback,39.050000000000004,0.5945961628791253,0.378760716691212,0.02664312042966359
full_feedback,39.1,0.5928906884273387,0.38031897890836064,0.026790332664301558
full_feedback,39.150000000000006,0.5911833564665193,0.3818662343280251,0.02695040920545646
full_feedback,39.2,0.5894750812955334,0.38340141535353994,0.02712350335092756
full_feedback,39.25,0.587766787798761,0.3849234347337951,0.027309777467444833
full_feedback,39.300000000000004,0.5860594119471096,0.3864311852638529,0.027509402789038358
full_feedback,39.35,0.5843539012915816,0.38792353952520386,0.027722559183215475
full_feedback,39.400000000000006,0.5826512154471633,0.38939934967041945,0.02794943488241834
full_feedback,39.45,0.5809523265669513,0.3908574472563753,0.028190226176674334
full_feedback,39.5,0.5792582198042681,0.3922966431311913,0.028445137064541593
full_feedback,39.550000000000004,0.5775698937609846,0.39371572738029326,0.028714378858723116
full_feedback,39.6,0.5758883609207074,0.39511346933714697,0.028998169742146605
full_feedback,39.650000000000006,0.5742146480652032,0.3964886176644246,0.0292967342703731
full_feedback,39.7,0.5725497966704597,0.39783990051268797,0.029610302816853284
full_feedback,39.75,0.5708948632819671,0.3991660257625745,0.02993911095545933
full_feedback,39.800000000000004,0.5692509198655825,0.40046568135802174,0.030283398776396683
full_feedback,39.85,0.5676190541315784,0.4017375357379371,0.030643410130485427
full_feedback,39.900000000000006,0.5660003698294171,0.40298023837392194,0.031019391796661796
full_feedback,39.95,0.5643959870093774,0.4041924204225135,0.03141159256810994
full_feedback,40.0,0.5628070422484747,0.4053726955000936,0.03182026225143264
finite_feedback,0.0,0.52,0.4,0.08
finite_feedback,0.05,0.5209167443020408,0.3985779450912361,0.08050531060672314
finite_feedback,0.1,0.5218715013265636,0.3971381421488524,0.08099035652458408
finite_feedback,0.15000000000000002,0.5228636019528354,0.39568209940589605,0.0814542986412686
finite_feedback,0.2,0.523892325901575,0.39421134732506113,0.08189632677336399
finite_feedback,0.25,0.5249569019939121,0.3927274355254769,0.08231566248061102
finite_feedback,0.30000000000000004,0.5260565085419902,0.3912319296571089,0.08271156180090095
finite_feedback,0.35000000000000003,0.5271902738722719,0.38972640823764765,0.08308331789008047
finite_feedback,0.4,0.5283572769841801,0.38821245946531097,0.083430263550509
finite_feedback,0.45,0.5295565483464303,0.38669167802097176,0.083751773632598
finite_feedback,0.5,0.5307870708298141,0.3851656618745599,0.08404726729562605
finite_feedback,0.55,0.532047780778618,0.38363600910853085,0.08431621011285118
finite_feedback,0.6000000000000001,0.5333375692211693,0.38210431477152784,0.08455811600730292
finite_feedback,0.65,0.5346552832133015,0.38057216777731456,0.08477254900938398
finite_feedback,0.7000000000000001,0.535999727319311,0.3790411478592372,0.08495912482145183
finite_feedback,0.75,0.5373696652237171,0.37751282259381,0.08511751218247295
finite_feedback,0.8,0.5387638214710281,0.375988744504381,0.08524743402459102
finite_feedback,0.8500000000000001,0.5401808833316092,0.3744704482559978,0.08534866841239308
finite_feedback,0.9,0.541619502786747,0.37295944795128133,0.08542104926197186
finite_feedback,0.9500000000000001,0.5430782986273625,0.3714572345364521,0.08546446683618561
finite_feedback,1.0,0.5445558586624469,0.3699652733264776,0.08547886801107549
finite_feedback,1.05,0.5460507420281991,0.36848500165589304,0.08546425631590787
finite_feedback,1.1,0.5475614815915846,0.3670178266625422,0.08542069174587326
finite_feedback,1.1500000000000001,0.5490865864406211,0.3655651232104397,0.08534829034893923
finite_feedback,1.2000000000000002,0.5506245444514655,0.3641282319541895,0.08524722359434517
finite_feedback,1.25,0.5521738249249764,0.3627084575514742,0.0851177175235495
finite_feedback,1.3,0.5537328812822392,0.36130706702437604,0.08496005169338483
finite_feedback,1.35,0.555300153809639,0.3599252882716714,0.08477455791868957
finite_feedback,1.4000000000000001,0.5568740724431248,0.3585643087349052,0.08456161882197012
finite_feedback,1.4500000000000002,0.558453059581496,0.35722527421485656,0.0843216662036475
finite_feedback,1.5,0.5600355329179585,0.3559092878407456,0.08405517924129605
finite_feedback,1.55,0.5616199082791948,0.3546174091892856,0.08376268253151978
finite_feedback,1.6,0.5632046024617422,0.3533506535504461,0.08344474398781182
finite_feedback,1.6500000000000001,0.564788036053889,0.35210999133931,0.0831019726068011
finite_feedback,1.7000000000000002,0.5663686362334065,0.3508963476481834,0.0827350161184103
finite_feedback,1.75,0.5679448395307428,0.3497106019347921,0.0823445585344652
finite_feedback,1.8,0.5695150945463288,0.3485535878439046,0.08193131760976671
finite_feedback,1.85,0.5710778646136973,0.3474260931544262,0.08149604223187668
finite_feedback,1.9000000000000001,0.572631630397996,0.3463288598478668,0.08103950975413725
finite_feedback,1.9500000000000002,0.5741748924194444,0.3452625842938567,0.08056252328669898
finite_feedback,2.0,0.5757061734968807,0.3442279175416001,0.0800659089615194
finite_feedback,2.0500000000000003,0.5772240210993836,0.3432254657160346,0.07955051318458196
finite_feedback,2.1,0.5787270096001175,0.3422557905095824,0.07901719989030026
finite_feedback,2.15,0.5802137424268088,0.3413194097619254,0.07846684781126605
finite_feedback,2.2,0.5816828541008465,0.3404167981226348,0.07790034777651889
finite_feedback,2.25,0.5831330121575694,0.33954838779126756,0.07731860005116321
finite_feedback,2.3000000000000003,0.5845629189498012,0.33871456932246474,0.07672251172773417
finite_feedback,2.35,0.5859713133230592,0.33791569249555353,0.07611299418138738
finite_feedback,2.4000000000000004,0.5873569721626636,0.3371520672389075,0.07549096059842902
finite_feedback,2.45,0.5887187118105983,0.3364239646025792,0.07485732358682257
finite_feedback,2.5,0.5900553893488089,0.33573161777367305,0.07421299287751812
finite_feedback,2.5500000000000003,0.591365903746769,0.3350752231286809,0.07355887312455027
finite_feedback,2.6,0.592649196877408,0.3344549413148503,0.0728958618077418
finite_feedback,2.6500000000000004,0.5939042543961568,0.33387089835730865,0.07222484724653468
finite_feedback,2.7,0.5951301064872615,0.3333231867850654,0.07154670672767331
finite_feedback,2.75,0.5963258284786441,0.3328118667710916,0.07086230475026442
finite_feedback,2.8000000000000003,0.5974905413263775,0.332336967281639,0.07017249139198377
finite_feedback,2.85,0.5986234119714525,0.3318984872301487,0.06947810079839893
finite_feedback,2.9000000000000004,0.5997236535745253,0.33149639663137914,0.06877994979409567
finite_feedback,2.95,0.6007905256288419,0.3311306377517421,0.06807883661941612
finite_feedback,3.0,0.6018233339579566,0.33080112625213454,0.06737553978990903
finite_feedback,3.0500000000000003,0.6028214306021401,0.33050775231992463,0.06667081707793533
finite_feedback,3.1,0.6037842135978486,0.3302503817864553,0.06596540461569615
finite_feedback,3.1500000000000004,0.6047111266563279,0.3300288572277742,0.06526001611589806
finite_feedback,3.2,0.6056016587464127,0.329842999045714,0.0645553422078734
finite_feedback,3.25,0.6064553435870087,0.3296926065266844,0.063852049886307
finite_feedback,3.3000000000000003,0.6072717590555047,0.32957745887667045,0.06315078206782491
finite_feedback,3.35,0.608050526517828,0.32949731623014383,0.062452157252028316
finite_feedback,3.4000000000000004,0.6087913100861452,0.3294519206309035,0.061756769282951464
finite_feedback,3.45,0.6094938158106407,0.3294409969847768,0.061065187204582594
finite_feedback,3.5,0.6101577908109921,0.32946425398141294,0.06037795520759511
finite_feedback,3.5500000000000003,0.6107830223539407,0.32952138498510114,0.0596955926609582
finite_feedback,3.6,0.6113693368827191,0.3296120688939069,0.059018594223374125
finite_feedback,3.6500000000000004,0.6119165990043559,0.32973597096576474,0.05834743002987939
finite_feedback,3.7,0.612424710440608,0.32989274361146004,0.05768254594793207
finite_feedback,3.75,0.6128936089479102,0.3300820271549342,0.057024363897155636
finite_feedback,3.8000000000000003,0.6133232672120471,0.33030345055928106,0.05637328222867194
finite_feedback,3.85,0.6137136917226093,0.3305566321195347,0.0557296761578562
finite_feedback,3.9000000000000004,0.6140649216321118,0.33084118012223007,0.055093898245658184
finite_feedback,3.95,0.614377027604933,0.331156693471153,0.05446627892391408
finite_feedback,4.0,0.6146501106604269,0.33150276228016745,0.05384712705940576
finite_feedback,4.05,0.6148843010141176,0.33187896843411946,0.05323673055176299
finite_feedback,4.1000000000000005,0.6150797569217407,0.33228488611678314,0.052635356961476316
finite_feedback,4.15,0.6152366635294425,0.33272008230751365,0.0520432541630439
finite_feedback,4.2,0.6153552317335319,0.3331841172471597,0.05146065101930849
finite_feedback,4.25,0.6154356970534084,0.3336765448733223,0.05088775807326933
finite_feedback,4.3,0.6154783185209333,0.33419691322544015,0.05032476825362668
finite_feedback,4.3500000000000005,0.6154833775876576,0.3347447648221354,0.04977185759020705
finite_feedback,4.4,0.6154511770539081,0.33531963700948275,0.04922918593660925
finite_feedback,4.45,0.6153820400212777,0.3359210622820421,0.04869689769668023
finite_feedback,4.5,0.6152763088703819,0.3365485685775522,0.04817512255206593
finite_feedback,4.55,0.6151343442656294,0.3372016795460385,0.04766397618833214
finite_feedback,4.6000000000000005,0.6149565241890395,0.33787991479371704,0.047163561017243665
finite_feedback,4.65,0.6147432430045308,0.3385827901025587,0.04667396689291065
finite_feedback,4.7,0.6144949105520195,0.3393098176278545,0.046195271820126026
finite_feedback,4.75,0.6142119512746133,0.34006050607254773,0.045727542652839084
finite_feedback,4.800000000000001,0.613894803378396,0.3408343608403392,0.04527083578126498
finite_feedback,4.8500000000000005,0.6135439180254421,0.3416308841682915,0.0448251978062666
finite_feedback,4.9,0.6131597585602238,0.3424495752398909,0.04439066619988547
finite_feedback,4.95,0.6127427997699768,0.3432899302791834,0.04396726995083989
finite_feedback,5.0,0.6122935271796023,0.344151442626592,0.04355503019380583
finite_feedback,5.050000000000001,0.6118124363810301,0.3450336027973038,0.043153960821666254
finite_feedback,5.1000000000000005,0.6113000323941371,0.3459358985242879,0.04276406908157511
finite_feedback,5.15,0.6107568290633216,0.34685781478468586,0.0423853561519927
finite_feedback,5.2,0.6101833484866458,0.3477988338116483,0.042017817701706095
finite_feedback,5.25,0.6095801204776422,0.34875843509208615,0.04166144443027174
finite_feedback,5.300000000000001,0.6089476820590939,0.3497360953510798,0.0413162225898265
finite_feedback,5.3500000000000005,0.6082865769883532,0.3507312885236473,0.04098213448799966
finite_feedback,5.4,0.6075973553138166,0.35174348571455394,0.040659158971629514
finite_feedback,5.45,0.6068805729620915,0.3527721551468472,0.0403472718910615
finite_feedback,5.5,0.6061367913532573,0.35381676209992086,0.04004644654682198
finite_feedback,5.550000000000001,0.6053665770450982,0.35487676883767605,0.039756654117225905
finite_feedback,5.6000000000000005,0.6045705014056482,0.35595163452738565,0.03947786406696633
finite_feedback,5.65,0.603749140311976,0.3570408151499786,0.039210044538045566
finite_feedback,5.7,0.6029030738749563,0.3581437634023104,0.03895316272273343
finite_feedback,5.75,0.602032886189091,0.3592599285920673,0.0387071852188419
finite_feedback,5.800000000000001,0.601139165106411,0.36038875652589547,0.038472078367693716
finite_feedback,5.8500000000000005,0.6002225020332693,0.36152968939127234,0.03824780857545851
finite_feedback,5.9,0.5992834917494931,0.3626821656328091,0.03803434261769791
finite_feedback,5.95,0.5983227322486456,0.3638456198234863,0.037831647927868244
finite_feedback,6.0,0.5973408245985127,0.3650194825313812,0.03763969287010622
finite_feedback,6.050000000000001,0.5963383728209235,0.3662031801824777,0.037458446996598865
finite_feedback,6.1000000000000005,0.5953159837900147,0.3673961349201506,0.037287881289834776
finite_feedback,6.15,0.5942742671477975,0.368597764461758,0.03712796839044462
finite_feedback,6.2,0.5932138352363542,0.36980748195301977,0.036978682810626204
finite_feedback,6.25,0.5921353030456593,0.3710246958207025,0.036840001133638334
finite_feedback,6.300000000000001,0.5910392881761085,0.37224880962413937,0.03671190219975227
finite_feedback,6.3500000000000005,0.5899264108149235,0.3734792219061775,0.03659436727889913
finite_feedback,6.4,0.5887972937256133,0.3747153260441745,0.03648738023021239
finite_feedback,6.45,0.5876525622495421,0.3759565101015312,0.036390927648926825
finite_feedback,6.5,0.5864928443188504,0.37720215668040796,0.036304999000741744
finite_feedback,6.550000000000001,0.5853187704799386,0.3784516427762711,0.03622958674379038
finite_feedback,6.6000000000000005,0.5841309739266521,0.3797043396348229,0.03616468643852504
finite_feedback,6.65,0.5829300905424067,0.3809596126119645,0.03611029684562894
finite_feedback,6.7,0.5817167589505304,0.3822168210375129,0.03606642001195677
finite_feedback,6.75,0.5804916205720679,0.38347531808335844,0.03603306134457377
finite_feedback,6.800000000000001,0.5792553196901806,0.38473445063658934,0.03601022967323012
finite_feedback,6.8500000000000005,0.578008503520603,0.3859935591785601,0.035997937300837064
finite_feedback,6.9,0.5767518222873342,0.3872519776705402,0.035996200042125746
finite_feedback,6.95,0.5754859293028585,0.3885090334467006,0.03600503725044099
finite_feedback,7.0,0.5742114810522094,0.3897640471152953,0.036024471832495374
finite_feedback,7.050000000000001,0.5729291372802322,0.39101633246895795,0.03605453025080994
finite_feedback,7.1000000000000005,0.5716395610813372,0.39226519640495067,0.03609524251371226
finite_feedback,7.15,0.5703434189909644,0.3935099388561359,0.03614664215289978
finite_feedback,7.2,0.5690413810782661,0.39474985273394714,0.03620876618778693
finite_feedback,7.25,0.5677341210392175,0.39598422388415,0.036281655076632655
finite_feedback,7.300000000000001,0.5664223162894831,0.39721233105645315,0.03636535265406379
finite_feedback,7.3500000000000005,0.5651066480563822,0.3984334458891165,0.03645990605450143
finite_feedback,7.4,0.5637878014693344,0.39964683290976005,0.03656536562090572
finite_feedback,7.45,0.5624664656480277,0.4008517495534202,0.03668178479855223
finite_feedback,7.5,0.5611433337875684,0.40204744619906174,0.036809220013369975
finite_feedback,7.550000000000001,0.5598191032400816,0.40323316622604755,0.03694773053387099
finite_feedback,7.6000000000000005,0.5584944755919294,0.4044081460916708,0.03709737831639983
finite_feedback,7.65,0.557170156735821,0.4055716154311603,0.03725822783301876
finite_feedback,7.7,0.5558468569371389,0.4067227971816502,0.03743034588121101
finite_feedback,7.75,0.5545252908938062,0.407860907731611,0.037613801374582985
finite_feedback,7.800000000000001,0.553206177788702,0.4089851570970036,0.03780866511429454
finite_feedback,7.8500000000000005,0.55189024133406,0.4100947491259765,0.0380150095399637
finite_feedback,7.9,0.5505782098069999,0.41118888173358764,0.038232908459412566
finite_feedback,7.95,0.5492708160753118,0.41226674716812095,0.03846243675656726
finite_feedback,8.0,0.5479687976127178,0.41332753231072816,0.03870367007655408
finite_feedback,8.05,0.5466728965027712,0.4143704190100753,0.03895668448715356
finite_feedback,8.1,0.5453838594303926,0.4153945844535815,0.03922155611602598
finite_feedback,8.15,0.5441024376602878,0.4163992015771347,0.03949836076257749
finite_feedback,8.200000000000001,0.542829387001221,0.4173834395148838,0.0397871734838953
finite_feedback,8.25,0.5415654677551921,0.4183464640908491,0.04008806815395892
finite_feedback,8.3,0.540311444650624,0.4192874383541622,0.04040111699521384
finite_feedback,8.35,0.5390680867584545,0.4202055231594962,0.040726390082049285
finite_feedback,8.4,0.5378361673901426,0.4210998777944073,0.04106395481545015
finite_feedback,8.450000000000001,0.536616463976589,0.42196966065527075,0.0414138753681403
finite_feedback,8.5,0.535409757926821,0.42281402997325324,0.04177621209992583
finite_feedback,8.55,0.5342168344654037,0.42363214459190796,0.042151020942688466
finite_feedback,8.6,0.5330384824474848,0.4244231647978561,0.042538352754659295
finite_feedback,8.65,0.5318754941502373,0.4251862532056145,0.042938252644148384
finite_feedback,8.700000000000001,0.5307286650397024,0.42592057569804653,0.043350759262251175
finite_feedback,8.75,0.5295987935117649,0.4266253024233663,0.04377590406486884
finite_feedback,8.8,0.5284866806061544,0.42729960884938195,0.0442137105444636
finite_feedback,8.85,0.527393129692294,0.4279426768758732,0.04466419343183293
finite_feedback,8.9,0.5263189461258156,0.4285536960059677,0.045127357868216735
finite_feedback,8.950000000000001,0.5252649368745237,0.4291318645758796,0.04560319854959676
finite_feedback,9.0,0.5242319101128342,0.4296763910435586,0.046091698843607254
finite_feedback,9.05,0.5232206747832711,0.43018649533629943,0.04659282988042956
finite_feedback,9.1,0.5222320401239653,0.4306614102563785,0.04710654961965619
finite_feedback,9.15,0.5212668151614741,0.4311003829432968,0.04763280189522913
finite_feedback,9.200000000000001,0.5203258081675008,0.43150267639188855,0.04817151544061061
finite_feedback,9.25,0.5194098260780622,0.43186757102563295,0.04872260289630494
finite_feedback,9.3,0.5185196738743106,0.43219436632294705,0.04928595980274231
finite_feedback,9.35,0.5176561539258486,0.4324823824898799,0.04986146358427141
finite_feedback,9.4,0.5168200652929085,0.43273096218317275,0.05044897252391881
finite_feedback,9.450000000000001,0.5160122029880114,0.4329394722759246,0.05104832473606403
finite_feedback,9.5,0.5152333571968015,0.4331073056628567,0.051659337140341814
finite_feedback,9.55,0.514484312457451,0.43323388310062033,0.05228180444192878
finite_feedback,9.600000000000001,0.513765846797119,0.4333186550793976,0.05291549812348341
finite_feedback,9.65,0.5130787308245416,0.4333611037213531,0.053560165454105385
finite_feedback,9.700000000000001,0.5124237267826587,0.4333607446953821,0.0542155285219593
finite_feedback,9.75,0.5118015875565002,0.4333171291470884,0.05488128329641141
finite_feedback,9.8,0.5112130556381451,0.4332298456350013,0.05555709872685373
finite_feedback,9.850000000000001,0.5106588620499194,0.43309852206509386,0.05624261588498685
finite_feedback,9.9,0.510139725225705,0.43292282761615675,0.05693744715813832
finite_feedback,9.950000000000001,0.509656349849626,0.43270247464862654,0.057641175501747445
finite_feedback,10.0,0.5092094256550478,0.43243722058675166,0.05835335375820065
finite_feedback,10.05,0.5087996261848323,0.4321268697648833,0.059073504050284435
finite_feedback,10.100000000000001,0.5084276075120415,0.43177127522966974,0.059801117258288766
finite_feedback,10.15,0.5080940069249102,0.4313703404869583,0.0605356525881314
finite_feedback,10.200000000000001,0.5077994415776831,0.4309240211834347,0.0612765372388822
finite_feedback,10.25,0.5075445071077144,0.4304323267131458,0.06202316617913975
finite_feedback,10.3,0.5073297762219356,0.42989532173820055,0.0627749020398637
finite_feedback,10.350000000000001,0.507155797258152,0.4293131276120174,0.06353107512983067
finite_feedback,10.4,0.5070230927191492,0.42868592369603226,0.06429098358481855
finite_feedback,10.450000000000001,0.5069321577864904,0.42801394855827474,0.06505389365523495
finite_feedback,10.5,0.5068834588167245,0.4272975010438468,0.0658190401394288
finite_feedback,10.55,0.506877431822716,0.4265369412068879,0.06658562697039604
finite_feedback,10.600000000000001,0.5069144809453738,0.4257326910944935,0.06735282796013269
finite_feedback,10.65,0.5069949769205948,0.42488523537334505,0.0681197877060601
finite_feedback,10.700000000000001,0.5071192555445396,0.4239951217897391,0.0688856226657213
finite_feedback,10.75,0.5072876161438037,0.42306296145557987,0.06964942240061645
finite_feedback,10.8,0.5075003200551487,0.4220894289525463,0.07041025099230493
finite_feedback,10.850000000000001,0.5077575891200553,0.4210752622470916,0.0711671486328531
finite_feedback,10.9,0.5080596042010068,0.4200212624125622,0.07191913338643094
finite_feedback,10.950000000000001,0.5084065037244404,0.4189282931514901,0.07266520312406934
finite_feedback,11.0,0.5087983822573918,0.4177972801158239,0.07340433762678422
finite_feedback,11.05,0.5092352891240529,0.416629210022678,0.07413550085326899
finite_feedback,11.100000000000001,0.5097172270691969,0.4154251295626013,0.0748576433682018
finite_feedback,11.15,0.5102441509750334,0.4141861441028655,0.07556970492210098
finite_feedback,11.200000000000001,0.510815966638663,0.4129134161850898,0.07627061717624706
finite_feedback,11.25,0.5114325296172683,0.41160816382011284,0.07695930656261879
finite_feedback,11.3,0.5120936441476258,0.41027165858510767,0.07763469726726645
finite_feedback,11.350000000000001,0.5127990621481134,0.40890522352585223,0.0782957143260342
finite_feedback,11.4,0.5135484823093313,0.40751023087272653,0.07894128681794213
finite_feedback,11.450000000000001,0.5143415492805203,0.40608809957777203,0.07957035114170756
finite_feedback,11.5,0.5151778529595662,0.40464029268033735,0.08018185436009632
finite_feedback,11.55,0.516056927891694,0.4031683145139501,0.08077475759435584
finite_feedback,11.600000000000001,0.5169782527849593,0.4016737077635549,0.08134803945148562
finite_feedback,11.65,0.5179412501489314,0.4001580503852346,0.08190069946583384
finite_feedback,11.700000000000001,0.5189452860597955,0.39862295240514517,0.08243176153505927
finite_feedback,11.75,0.519989670061041,0.39707005260722283,0.08294027733173609
finite_feedback,11.8,0.521073655204032,0.3955010151261472,0.08342532966982066
finite_feedback,11.850000000000001,0.5221964382288605,0.39391752596419655,0.08388603580694295
finite_feedback,11.9,0.5233571598937081,0.39232128944461986,0.08432155066167203
finite_feedback,11.950000000000001,0.5245549054619136,0.3907140246132513,0.08473106992483508
finite_feedback,12.0,0.5257887053373691,0.3890974616147832,0.08511383304784767
finite_feedback,12.05,0.5270575358537091,0.38747333805764805,0.08546912608864285
finite_feedback,12.100000000000001,0.528360320229099,0.3858433953760943,0.08579628439480665
finite_feedback,12.15,0.5296959296750522,0.38420937521516707,0.0860946951097807
finite_feedback,12.200000000000001,0.5310631846646456,0.38257301585059067,0.08636379948476365
finite_feedback,12.25,0.5324608563608962,0.3809360486590723,0.0866030949800314
finite_feedback,12.3,0.5338876681981267,0.3793001946558399,0.08681213714603324
finite_feedback,12.350000000000001,0.5353422976194404,0.3776671611121966,0.08699054126836289
finite_feedback,12.4,0.5368233779638797,0.3760386382676589,0.0871379837684614
finite_feedback,12.450000000000001,0.5383295004989163,0.37441629614908734,0.08725420335199642
finite_feedback,12.5,0.5398592165952196,0.3728017815092598,0.08733900189552049
finite_feedback,12.55,0.541411040035729,0.3711967148952861,0.08739224506898477
finite_feedback,12.600000000000001,0.5429834494522647,0.36960268785666556,0.08741386269106965
finite_feedback,12.65,0.5445748908837386,0.3680212603024933,0.08740384881376805
finite_feedback,12.700000000000001,0.5461837804457611,0.36645395801419495,0.08736226154004385
finite_feedback,12.75,0.5478085071035785,0.36490227032141936,0.08728922257500209
finite_feedback,12.8,0.5494474355384661,0.3633676479463605,0.0871849165151733
finite_feedback,12.850000000000001,0.5510989090964106,0.3618515010189064,0.08704958988468298
finite_feedback,12.9,0.5527612528091804,0.3603551972683043,0.08688354992251518
finite_feedback,12.950000000000001,0.5544327764757048,0.35888006039078285,0.08668716313351234
finite_feedback,13.0,0.5561117777921039,0.3574273685951017,0.0864608536127944
finite_feedback,13.05,0.5577965455179984,0.3559983533267448,0.08620510115525679
finite_feedback,13.100000000000001,0.5594853626671261,0.35459419816615567,0.08592043916671809
finite_feedback,13.15,0.5611765097090983,0.3532160379028018,0.08560745238809984
finite_feedback,13.200000000000001,0.5628682677701227,0.3518649577791039,0.08526677445077326
finite_feedback,13.25,0.5645589218201111,0.350541992900896,0.08489908527899277
finite_feedback,13.3,0.5662467638324047,0.3492481278120642,0.08450510835553098
finite_feedback,13.350000000000001,0.5679300959059883,0.34798429622344856,0.084085607870563
finite_feedback,13.4,0.5696072333360658,0.3467513808943913,0.08364138576954287
finite_feedback,13.450000000000001,0.5712765076220735,0.3455502136584616,0.08317327871946488
finite_feedback,13.5,0.5729362694027881,0.34438157558557303,0.08268215501163886
finite_feedback,13.55,0.5745848913056132,0.34324619727584965,0.08216891141853712
finite_feedback,13.600000000000001,0.576220770701216,0.3421447592758391,0.08163447002294481
finite_feedback,13.65,0.5778423323552988,0.3410778926078265,0.08107977503687464
finite_feedback,13.700000000000001,0.5794480309652768,0.34004617940805254,0.08050578962667061
finite_feedback,13.75,0.5810363535767503,0.33905015366241636,0.07991349276083325
finite_feedback,13.8,0.5826058218725193,0.3380903020318917,0.07930387609558899
finite_feedback,13.850000000000001,0.5841549943243064,0.3371670647621529,0.07867794091354068
finite_feedback,13.9,0.585682468204209,0.33628083666712,0.07803669512867094
finite_feedback,13.950000000000001,0.5871868814538878,0.33543196817659776,0.0773811503695144
finite_feedback,14.0,0.5886669144008981,0.3346207664451488,0.07671231915395293
finite_feedback,14.05,0.5901212913248083,0.3338474965105547,0.076031212164637
finite_feedback,14.100000000000001,0.5915487818693705,0.33311238249584474,0.07533883563478466
finite_feedback,14.15,0.5929482022976749,0.3324156088484322,0.07463618885389287
finite_feedback,14.200000000000001,0.5943184165932537,0.3317573216082297,0.07392426179851659
finite_feedback,14.25,0.5956583374054414,0.3311376296990765,0.07320403289548207
finite_feedback,14.3,0.5969669268402242,0.33055660623720384,0.07247646692257186
finite_feedback,14.350000000000001,0.5982431970999164,0.33001428985067904,0.07174251304940452
finite_feedback,14.4,0.5994862109733214,0.32951068600441796,0.07100310302226048
finite_feedback,14.450000000000001,0.6006950821792814,0.32904576832553356,0.07025914949518507
finite_feedback,14.5,0.6018689755700919,0.3286194799244206,0.06951154450548745
finite_feedback,14.55,0.6030071071963404,0.32823173470680156,0.06876115809685793
finite_feedback,14.600000000000001,0.604108744240244,0.3278824186728865,0.06800883708686954
finite_feedback,14.65,0.6051732048225563,0.3275713911999683,0.06725540397747529
finite_feedback,14.700000000000001,0.6061998576885006,0.3272984863044509,0.06650165600704841
finite_feedback,14.75,0.6071881217798512,0.3270635138810404,0.06574836433910845
finite_feedback,14.8,0.6081374656992462,0.3268662609158659,0.06499627338488782
finite_feedback,14.850000000000001,0.6090474070735497,0.3267064926709117,0.06424610025553858
finite_feedback,14.9,0.6099175118234716,0.32658395383822963,0.06349853433829857
finite_feedback,14.950000000000001,0.6107473933463744,0.3264983696614097,0.06275423699221584
finite_feedback,15.0,0.6115367116194795,0.3264494470226316,0.062013841357888726
finite_feedback,15.05,0.6122851722308056,0.3264368754950865,0.061277952274107816
finite_feedback,15.100000000000001,0.6129925253447861,0.3264603283580426,0.06054714629717111
finite_feedback,15.15,0.6136585646098629,0.3265194635748005,0.05982197181533643
finite_feedback,15.200000000000001,0.6142831260148618,0.32661392473276046,0.059102949252377544
finite_feedback,15.25,0.6148660867012824,0.3267433419441858,0.058390571354531656
finite_feedback,15.3,0.6154073637379449,0.32690733270854916,0.057685303553505776
finite_feedback,15.350000000000001,0.6159069128644437,0.3271055027359709,0.056987584399585275
finite_feedback,15.4,0.616364727209939,0.32733744673107457,0.056297826058986304
finite_feedback,15.450000000000001,0.6167808359929479,0.32760274913843657,0.05561641486861549
finite_feedback,15.5,0.617155303207897,0.32790098484952496,0.054943711942577814
finite_feedback,15.55,0.6174882263043788,0.3282317198706827,0.054280053824938314
finite_feedback,15.600000000000001,0.6177797348634663,0.328594511954254,0.05362575318227958
finite_feedback,15.65,0.6180299892763208,0.32898891119243123,0.05298109953124784
finite_feedback,15.700000000000001,0.618239179429841,0.3294144605742816,0.052346359995877285
finite_feedback,15.75,0.6184075234030941,0.32987069650747874,0.05172178008942702
finite_feedback,15.8,0.6185352661784512,0.33035714930529775,0.051107584516250935
finite_feedback,15.850000000000001,0.6186226783716039,0.33087334363898047,0.05050397798941552
finite_feedback,15.9,0.6186700549831902,0.33141879895717274,0.04991114605963695
finite_feedback,15.950000000000001,0.6186777141744924,0.3319930298737998,0.04932925595170768
finite_feedback,16.0,0.6186459960710764,0.33259554652387296,0.04875845740505047
finite_feedback,16.05,0.6185752615959038,0.3332258548893036,0.04819888351479241
finite_feedback,16.1,0.6184658913338713,0.3338834570957153,0.04765065157041321
finite_feedback,16.150000000000002,0.6183182844298435,0.3345678516809477,0.04711386388920865
finite_feedback,16.2,0.6181328575223541,0.33527853383579326,0.04658860864185245
finite_feedback,16.25,0.6179100437132133,0.33601499561891335,0.04607496066787309
finite_feedback,16.3,0.6176502915739203,0.3367767261469533,0.045572982279126206
finite_feedback,16.35,0.6173540641911289,0.3375632117597785,0.04508272404909246
finite_feedback,16.400000000000002,0.6170218382507643,0.33837393616269634,0.0446042255865393
finite_feedback,16.45,0.6166541031611331,0.3392083805465971,0.04413751629226972
finite_feedback,16.5,0.6162513602153076,0.3400660236869294,0.043682616097762916
finite_feedback,16.55,0.6158141217932762,0.340946342022261,0.043239536184462725
finite_feedback,16.6,0.6153429106043539,0.3418488097131773,0.04280827968246873
finite_feedback,16.650000000000002,0.6148382589683806,0.34277289868293015,0.042388842348689115
finite_feedback,16.7,0.614300708134261,0.3437180786411222,0.04198121322461676
finite_feedback,16.75,0.6137308076392973,0.34468381708984785,0.041585375270854756
finite_feedback,16.8,0.6131291147052538,0.3456695793144597,0.041201305980286505
finite_feedback,16.85,0.6124961936717014,0.3466748283592609,0.0408289779690377
finite_feedback,16.900000000000002,0.6118326154657012,0.347699024989004,0.04046835954529476
finite_feedback,16.95,0.6111389571072404,0.3487416276369914,0.04011941525576813
finite_feedback,17.0,0.6104158012498301,0.3498020923405727,0.0397821064095972
finite_feedback,17.05,0.6096637357544812,0.3508798726646919,0.03945639158082683
finite_feedback,17.1,0.6088833532960383,0.35197441961422005,0.039142227089741674
finite_feedback,17.150000000000002,0.6080752510022832,0.3530851815359069,0.03883956746180985
finite_feedback,17.2,0.6072400301232347,0.35421160401046586,0.0385483658662994
finite_feedback,17.25,0.6063782957302063,0.3553531297355067,0.03826857453428693
finite_feedback,17.3,0.6054906564435198,0.3565091983999946,0.03800014515648544
finite_feedback,17.35,0.604577724187743,0.3576792465508531,0.037743029261403806
finite_feedback,17.400000000000002,0.6036401139731784,0.35886270745222526,0.03749717857459625
finite_feedback,17.45,0.6026784437027906,0.3600590109381425,0.0372625453590669
finite_feedback,17.5,0.6016933340032489,0.36126758325908453,0.037039082737666616
finite_feedback,17.55,0.6006854080790419,0.3624878469230061,0.03682674499795203
finite_feedback,17.6,0.5996552915886286,0.36371922053144473,0.036625487879926644
finite_feedback,17.650000000000002,0.5986036125415433,0.36496111861127567,0.03643526884718112
finite_feedback,17.7,0.5975310012152638,0.3662129514425344,0.03625604734220185
finite_feedback,17.75,0.5964380900910142,0.36747412488303643,0.03608778502594939
finite_feedback,17.8,0.595325513807326,0.3687440401902287,0.03593044600244531
finite_feedback,17.85,0.5941939091303863,0.3700220938408206,0.03578399702879313
finite_feedback,17.900000000000002,0.5930439149402275,0.371307677348784,0.03564840771098855
finite_feedback,17.95,0.5918761722317999,0.3726001770823039,0.035523650685896184
finite_feedback,18.0,0.5906913241298898,0.37389897408009354,0.035409701790016665
finite_feedback,18.05,0.589490015917108,0.37520344386780774,0.035306540215084246
finite_feedback,18.1,0.5882728950739748,0.37651295627506465,0.03521414865096058
finite_feedback,18.150000000000002,0.5870406113302208,0.37782687525362757,0.0351325134161517
finite_feedback,18.2,0.5857938167264812,0.37914455869738656,0.03506162457613225
finite_feedback,18.25,0.5845331656855842,0.38046535826483474,0.035001476049581044
finite_feedback,18.3,0.5832593150925663,0.38178861920459267,0.03495206570284103
finite_feedback,18.35,0.5819729243826054,0.38311368018458564,0.03491339543280898
finite_feedback,18.400000000000002,0.5806746556362059,0.3844398731257722,0.034885471238021964
finite_feedback,18.45,0.5793651736807863,0.38576652304098585,0.03486830327822789
finite_feedback,18.5,0.5780451461979386,0.3870929478796399,0.03486190592242154
finite_feedback,18.55,0.5767152438356578,0.38841845837913747,0.03486629778520481
finite_feedback,18.6,0.5753761403248558,0.38974235792386275,0.03488150175128144
finite_feedback,18.650000000000002,0.574028512599385,0.39106394241246,0.03490754498815502
finite_feedback,18.7,0.5726730409188837,0.392382500134324,0.03494445894679238
finite_feedback,18.75,0.5713104089938368,0.3936973116564079,0.03499227934975539
finite_feedback,18.8,0.5699413041120964,0.39500764972115443,0.0350510461667492
finite_feedback,18.85,0.5685664172661702,0.3963127791566086,0.035120803577221256
finite_feedback,18.900000000000002,0.5671864432806389,0.39761195679986233,0.03520159991949885
finite_feedback,18.95,0.5658020809390785,0.3989044314350012,0.035293487625920425
finite_feedback,19.0,0.5644140331096743,0.4001894437465593,0.0353965231437665
finite_feedback,19.05,0.5630230068688943,0.40146622628984446,0.0355107668412614
finite_feedback,19.1,0.5616297136226147,0.4027340034795152,0.03563628289787025
finite_feedback,19.150000000000002,0.5602348692238976,0.4039919915976089,0.03577313917849366
finite_feedback,19.200000000000003,0.5588391940866941,0.4052393988224871,0.03592140709081892
finite_feedback,19.25,0.5574434132948286,0.4064754252802457,0.03608116142492583
finite_feedback,19.3,0.5560482567055913,0.407699263120126,0.03625248017428282
finite_feedback,19.35,0.5546544590468991,0.4089100966153226,0.03643544433777833
finite_feedback,19.400000000000002,0.5532627600075407,0.4101071022911176,0.036630137701341846
finite_feedback,19.450000000000003,0.5518739043196377,0.4112894490819301,0.036836646598432464
finite_feedback,19.5,0.5504886418324139,0.4124562985190111,0.03705505964857533
finite_feedback,19.55,0.5491077275764733,0.41360680495066776,0.03728546747285917
finite_feedback,19.6,0.5477319218178682,0.4147401157969539,0.03752796238517814
finite_feedback,19.650000000000002,0.5463619901008869,0.4158553718406217,0.03778263805849161
finite_feedback,19.700000000000003,0.5449987032785906,0.4169517075563338,0.038049589165075774
finite_feedback,19.75,0.5436428375304291,0.418028251480253,0.038328910989318114
finite_feedback,19.8,0.5422951743656866,0.4190841266219005,0.038620699012413086
finite_feedback,19.85,0.5409565006118776,0.4201184509204218,0.03892504846770078
finite_feedback,19.900000000000002,0.5396276083870525,0.4211303377473209,0.03924205386562689
finite_feedback,19.950000000000003,0.538309295054848,0.4221188964576887,0.03957180848746348
finite_feedback,20.0,0.5370023631613035,0.4230832329920713,0.039914403846625424
finite_feedback,20.05,0.535707620352199,0.42402245053094945,0.04026992911685181
finite_feedback,20.1,0.5344258792698047,0.424935650203887,0.040638470526308576
finite_feedback,20.150000000000002,0.5331579574278604,0.4258219318553269,0.04102011071681287
finite_feedback,20.200000000000003,0.5319046770634505,0.42668039486883724,0.041414928067712534
finite_feedback,20.25,0.5306668649646578,0.427510139051755,0.04182299598358752
finite_feedback,20.3,0.5294453522726102,0.428310265581829,0.042244382145560984
finite_feedback,20.35,0.5282409742566192,0.4290798780174063,0.04267914772597466
finite_feedback,20.400000000000002,0.5270545700611867,0.4298180833728028,0.0431273465660107
finite_feedback,20.450000000000003,0.5258869824234118,0.43052399325992613,0.043589024316662284
finite_feedback,20.5,0.5247390573594384,0.4311967250970991,0.04406421754346274
finite_feedback,20.55,0.5236116438187047,0.43183540338629806,0.04455295279499754
finite_feedback,20.6,0.5225055933044652,0.4324391610591085,0.04505524563642654
finite_feedback,20.650000000000002,0.5214217594593569,0.4330071408914671,0.0455710996491763
finite_feedback,20.700000000000003,0.5203609976145681,0.43353849698754177,0.04610050539789047
finite_feedback,20.75,0.5193241643012156,0.43403239633291374,0.046643439365870905
finite_feedback,20.8,0.5183121167226,0.4344880204147821,0.04719986286261821
finite_feedback,20.85,0.5173257121864482,0.434904566909056,0.04776972090449612
finite_feedback,20.900000000000002,0.51636580749521,0.4352812514330742,0.048352941071716095
finite_feedback,20.950000000000003,0.5154332582931452,0.43561730936182097,0.048949432345034
finite_feedback,21.0,0.5145289183703724,0.4359119977036317,0.04955908392599616
finite_feedback,21.05,0.5136536389221085,0.43616459703290694,0.05018176404498485
finite_feedback,21.1,0.5128082677612318,0.4363744134775024,0.050817318761266085
finite_feedback,21.150000000000002,0.5119936484823164,0.43654078075842456,0.051465570759259206
finite_feedback,21.200000000000003,0.5112106195798498,0.4366630622714901,0.0521263181486604
finite_feedback,21.25,0.5104600135199936,0.43674065320506844,0.05279933327493829
finite_feedback,21.3,0.5097426557593767,0.4367729826979137,0.05348436154270986
finite_feedback,21.35,0.5090593637166743,0.43675951601996327,0.05418112026336274
finite_feedback,21.400000000000002,0.5084109456950012,0.43669975677263595,0.054889297532363074
finite_feedback,21.450000000000003,0.5077981997543872,0.43659324910069597,0.05560855114491698
finite_feedback,21.5,0.5072219125334337,0.4364395799081842,0.0563385075583823
finite_feedback,21.55,0.5066828580243478,0.4362383810658258,0.057078760909826706
finite_feedback,21.6,0.5061817962982816,0.43598933160329606,0.057828872098422475
finite_feedback,21.650000000000002,0.5057194721825248,0.4356921598751107,0.058588367942364834
finite_feedback,21.700000000000003,0.5052966138921348,0.43534664568853054,0.05935674041933501
finite_feedback,21.75,0.504913931616808,0.43495262238234544,0.06013344600084679
finite_feedback,21.8,0.5045721160624193,0.4345099788459212,0.0609179050916598
finite_feedback,21.85,0.504271836951407,0.43401866146536305,0.061709501583230124
finite_feedback,21.900000000000002,0.5040137414861519,0.43347867598323336,0.06250758253061499
finite_feedback,21.950000000000003,0.5037984527725058,0.4328900892619272,0.06331145796556727
finite_feedback,22.0,0.5036265682109345,0.4322530309358344,0.06412040085323122
finite_feedback,22.05,0.5034986578573803,0.4315676949402119,0.06493364720240793
finite_feedback,22.1,0.5034152627558279,0.4308343409041733,0.06575039633999898
finite_feedback,22.150000000000002,0.5033768932483433,0.4300532953951796,0.0665698113564772
finite_feedback,22.200000000000003,0.5033840272671664,0.42922495300279645,0.06739101973003733
finite_feedback,22.25,0.5034371086113489,0.42834977724999107,0.06821311413866013
finite_feedback,22.3,0.5035365452151885,0.4274283013209309,0.06903515346388063
finite_feedback,22.35,0.5036827074128546,0.4264611285945603,0.06985616399258526
finite_feedback,22.400000000000002,0.5038759262043903,0.4254489329736282,0.07067514082198163
finite_feedback,22.450000000000003,0.5041164915310069,0.42439245900174777,0.07149104946724551
finite_feedback,22.5,0.504404650564061,0.42329252175888615,0.07230282767705298
finite_feedback,22.55,0.5047406060157121,0.4221500065296745,0.07310938745461354
finite_feedback,22.6,0.5051245144779297,0.42096586823904886,0.07390961728302163
finite_feedback,22.650000000000002,0.505556484797061,0.41974113064949986,0.07470238455343939
finite_feedback,22.700000000000003,0.5060365764918311,0.4184768853196368,0.0754865381885323
finite_feedback,22.75,0.5065647982223253,0.41717429032057585,0.07626091145709905
finite_feedback,22.8,0.5071411063181229,0.4158345687112438,0.07702432497063345
finite_feedback,22.85,0.5077654033734289,0.41445900677507713,0.07777558985149409
finite_feedback,22.900000000000002,0.5084375369182228,0.41304895201925007,0.07851351106252731
finite_feedback,22.950000000000003,0.509157298172824,0.4116058109444235,0.07923689088275267
finite_feedback,23.0,0.5099244208949154,0.41013104658955446,0.07994453251553035
finite_feedback,23.05,0.510738580327385,0.40862617586035,0.08063524381226524
finite_feedback,23.1,0.5115993922544267,0.4070927666525129,0.08130784109306056
finite_feedback,23.150000000000002,0.5125064121758366,0.4055324347782466,0.08196115304591699
finite_feedback,23.200000000000003,0.5134591346056558,0.40394684071160275,0.08259402468274157
finite_feedback,23.25,0.5144569925034155,0.4023376861656814,0.08320532133090325
finite_feedback,23.3,0.5154993568469062,0.4007067105152921,0.08379393263780181
finite_feedback,23.35,0.5165855363504479,0.39905568708474953,0.0843587765648026
finite_feedback,23.400000000000002,0.5177147773372017,0.39738641931611174,0.08489880334668662
finite_feedback,23.450000000000003,0.5188862637750566,0.39570073683253965,0.08541299939240378
finite_feedback,23.5,0.5200991174726364,0.3940004914245785,0.08590039110278529
finite_feedback,23.55,0.5213523984490928,0.3922875529699451,0.08636004858096223
finite_feedback,23.6,0.522645105478398,0.39056380531018836,0.08679108921141376
finite_feedback,23.650000000000002,0.5239761768098896,0.388831142104863,0.08719268108524746
finite_feedback,23.700000000000003,0.5253444910711632,0.3870914626809752,0.08756404624786171
finite_feedback,23.75,0.5267488683544154,0.3853466678978643,0.08790446374772042
finite_feedback,23.8,0.5281880714825391,0.3835986560493244,0.08821327246813665
finite_feedback,23.85,0.5296608074621268,0.3818493188182023,0.08848987371967099
finite_feedback,23.900000000000002,0.5311657291168588,0.38010053730427196,0.08873373357886931
finite_feedback,23.950000000000003,0.5327014369003901,0.3783541781421199,0.08894438495749013
finite_feedback,24.0,0.5342664808888921,0.3766120897254935,0.08912142938561457
finite_feedback,24.05,0.5358593629436034,0.37487609855407755,0.08926453850231925
finite_feedback,24.1,0.5374785390419957,0.3731480057169745,0.0893734552410299
finite_feedback,24.150000000000002,0.5391224217708239,0.37142958352631933,0.08944799470285691
finite_feedback,24.200000000000003,0.5407893829722856,0.3697225723124396,0.08948804471527487
finite_feedback,24.25,0.5424777565368567,0.36802867739234296,0.08949356607080047
finite_feedback,24.3,0.5441858413324645,0.36634956621991754,0.0894645924476181
finite_feedback,24.35,0.5459119042596192,0.3646868657254169,0.08940123001496392
finite_feedback,24.400000000000002,0.5476541834226641,0.36304215985203847,0.08930365672529746
finite_feedback,24.450000000000003,0.5494108914042998,0.36141698729267097,0.08917212130302936
finite_feedback,24.5,0.5511802186313839,0.3598128394323317,0.08900694193628451
finite_feedback,24.55,0.5529603368187107,0.3582311584976448,0.08880850468364461
finite_feedback,24.6,0.5547494024770021,0.35667333591318506,0.0885772616098129
finite_feedback,24.650000000000002,0.556545560470988,0.3551407108667314,0.08831372866228071
finite_feedback,24.700000000000003,0.5583469476133123,0.35363456907904073,0.08801848330764703
finite_feedback,24.75,0.560151696278994,0.35215614177764004,0.08769216194336604
finite_feedback,24.8,0.5619579380256274,0.35070660487023814,0.08733545710413451
finite_feedback,24.85,0.5637638072050656,0.34928707831091693,0.08694911448401756
finite_feedback,24.900000000000002,0.5655674445503837,0.3478986256568932,0.08653392979272317
finite_feedback,24.950000000000003,0.5673670007248544,0.34654225380593445,0.08609074546921132
finite_feedback,25.0,0.5691606398176092,0.3452189129090338,0.08562044727335714
finite_feedback,25.05,0.5709465427711408,0.34392949645153764,0.08512396077732169
finite_feedback,25.1,0.572722910729922,0.3426748414900031,0.08460224778007504
finite_feedback,25.150000000000002,0.5744879682937417,0.34145572904118127,0.08405630266507713
finite_feedback,25.200000000000003,0.5762399666656527,0.3402728846105372,0.08348714872381029
finite_feedback,25.25,0.5779771866833854,0.339126978850921,0.08289583446569375
finite_feedback,25.3,0.5796979417203892,0.338018628344796,0.08228342993481486
finite_feedback,25.35,0.5814005804501186,0.33694839649677283,0.0816510230531087
finite_feedback,25.400000000000002,0.5830834894643852,0.3359167945272991,0.08099971600831586
finite_feedback,25.450000000000003,0.5847450957345961,0.33492428256046874,0.08033062170493535
finite_feedback,25.5,0.5863838689126829,0.3339712707933317,0.07964486029398563
finite_feedback,25.55,0.5879983234661585,0.3330581207375154,0.07894355579632627
finite_feedback,25.6,0.5895870206385992,0.3321851465263169,0.07822783283508407
finite_feedback,25.650000000000002,0.5911485702316445,0.3313526162781102,0.07749881349024548
finite_feedback,25.700000000000003,0.5926816322169354,0.33056075350162034,0.07675761428144447
finite_feedback,25.75,0.5941849181602238,0.3298097385434643,0.07600534329631209
finite_feedback,25.8,0.5956571924682422,0.3290997100640753,0.0752430974676826
finite_feedback,25.85,0.597097273455605,0.3284307665363705,0.0744719600080246
finite_feedback,25.900000000000002,0.5985040342320765,0.327802967759961,0.07369299800796254
finite_feedback,25.950000000000003,0.5998764034145947,0.32721633638394854,0.07290726020145691
finite_feedback,26.0,0.6012133656662275,0.3266708594320921,0.07211577490168054
finite_feedback,26.05,0.6025139620658636,0.3261664898244365,0.07131954810970006
finite_feedback,26.1,0.6037772903143459,0.32570314789015076,0.07051956179550355
finite_feedback,26.150000000000002,0.605002504781649,0.3252807228662129,0.06971677235213834
finite_feedback,26.200000000000003,0.6061888164014523,0.3248990743774972,0.06891210922105075
finite_feedback,26.25,0.6073354924204311,0.32455803389450133,0.06810647368506775
finite_feedback,26.3,0.6084418560082069,0.32425740616414145,0.06730073782765181
finite_feedback,26.35,0.609507285736394,0.32399697061106414,0.066495743652542
finite_feedback,26.400000000000002,0.6105312149342258,0.3237764827060985,0.06569230235967588
finite_feedback,26.450000000000003,0.61151313092876,0.32359567529869926,0.06489119377254089
finite_feedback,26.5,0.6124525741784549,0.3234542599125959,0.06409316590894944
finite_feedback,26.55,0.613349137308002,0.32335192800100504,0.06329893469099315
finite_feedback,26.6,0.6142024640533192,0.3232883521608194,0.06250918378586154
finite_feedback,26.650000000000002,0.615012248125008,0.32326318730446263,0.06172456457052951
finite_feedback,26.700000000000003,0.6157782319989532,0.3232760717873203,0.06094569621372657
finite_feedback,26.75,0.6165002056423111,0.3233266284912218,0.06017316586646725
finite_feedback,26.8,0.6171780051830965,0.3234144658629133,0.059407528953990284
finite_feedback,26.85,0.6178115115316396,0.3235391789066215,0.058649309561738965
finite_feedback,26.900000000000002,0.6184006489614384,0.3237003501316083,0.05789900090695337
finite_feedback,26.950000000000003,0.6189453836571169,0.32389755045411267,0.05715706588877049
finite_feedback,27.0,0.6194457222371563,0.3241303400532166,0.05642393770962723
finite_feedback,27.05,0.6199017102574509,0.3243982691830711,0.05570002055947811
finite_feedback,27.1,0.6203134307032039,0.3247008789397488,0.05498569035704748
finite_feedback,27.150000000000002,0.6206810024751094,0.32503770198442455,0.054281295540466144
finite_feedback,27.200000000000003,0.6210045788754543,0.32540826322386956,0.05358715790067616
finite_feedback,27.25,0.6212843461000089,0.32581208044845544,0.052903573451535776
finite_feedback,27.3,0.6215205217413036,0.3262486649281037,0.05223081333059286
finite_feedback,27.35,0.6217133533066164,0.32671752196919057,0.05156912472419317
finite_feedback,27.400000000000002,0.6218631167565769,0.3272181514311229,0.05091873181230032
finite_feedback,27.450000000000003,0.621970115067749,0.3277500482047675,0.05027983672748355
finite_feedback,27.5,0.6220346768225875,0.3283127026540455,0.04965262052336699
finite_feedback,27.55,0.622057154830159,0.3289056010215752,0.049037244148265845
finite_feedback,27.6,0.6220379247812577,0.3295282257988627,0.048433849419879604
finite_feedback,27.650000000000002,0.621977383939508,0.33018005606328626,0.04784255999720585
finite_feedback,27.700000000000003,0.6218759498704922,0.33086056778308776,0.04726348234642009
finite_feedback,27.75,0.6217340592120735,0.3315692340904272,0.046696706697499354
finite_feedback,27.8,0.6215521664865553,0.33230552552465215,0.04614230798879253
finite_feedback,27.85,0.6213307429558753,0.33306891024696234,0.045600346797162426
finite_feedback,27.900000000000002,0.6210702755210555,0.3338588542274597,0.0450708702514848
finite_feedback,27.950000000000003,0.6207712656672905,0.33467482140542276,0.04455391292728674
finite_feedback,28.0,0.6204342284551975,0.33551627382404764,0.044049497720754914
finite_feedback,28.05,0.6200596915561096,0.33638267174205977,0.04355763670183062
finite_feedback,28.1,0.6196481943351024,0.3372734737213065,0.043078331943591064
finite_feedback,28.150000000000002,0.619200286979653,0.3381881366926937,0.042611576327653285
finite_feedback,28.200000000000003,0.6187165296741257,0.33912611600117437,0.042157354324699935
finite_feedback,28.25,0.6181974918191911,0.34008686543088684,0.041715642749922115
finite_feedback,28.3,0.6176437512958391,0.34106983721140965,0.041286411492751335
finite_feedback,28.35,0.6170558937736689,0.34207448200609125,0.04086962422024003
finite_feedback,28.400000000000002,0.6164345120631382,0.34310024888341284,0.04046523905344906
finite_feedback,28.450000000000003,0.6157802055111671,0.34414658527232417,0.04007320921650883
finite_feedback,28.5,0.6150935794345719,0.34521293690222177,0.03969348366320643
finite_feedback,28.55,0.6143752445963299,0.34629874772882824,0.039326007674842005
finite_feedback,28.6,0.6136258167215678,0.3474034598465359,0.03897072343189634
finite_feedback,28.650000000000002,0.6128459160505811,0.34852651338799195,0.03862757056142705
finite_feedback,28.700000000000003,0.6120361669289832,0.34966734641173086,0.03829648665928607
finite_feedback,28.75,0.611197197433563,0.3508253947786678,0.03797740778776925
finite_feedback,28.8,0.6103296390325827,0.3520000920181763,0.037670268949241005
finite_feedback,28.85,0.6094341262788965,0.3531908691841762,0.03737500453692743
finite_feedback,28.900000000000002,0.6085112965351092,0.3543971547022933,0.03709154876259755
finite_feedback,28.950000000000003,0.607561789729111,0.3556183742084716,0.03681983606241752
finite_feedback,29.0,0.6065862481387941,0.3568539503797169,0.036559801481489004
finite_feedback,29.05,0.6055853162046971,0.35810330275763685,0.03631138103766614
finite_feedback,29.1,0.604559640369257,0.35936584756533446,0.03607451206540852
finite_feedback,29.150000000000002,0.6035098689413709,0.3606409975181606,0.03584913354046853
finite_feedback,29.200000000000003,0.6024366519851105,0.3619281616290195,0.03563518638587003
finite_feedback,29.25,0.6013406412312795,0.3632267450086719,0.03543261376004856
finite_feedback,29.3,0.6002224900106493,0.36453614866160194,0.035241361327748674
finite_feedback,29.35,0.599082853207716,0.36585576927804053,0.0350613775142434
finite_feedback,29.400000000000002,0.5979223872337708,0.36718499902257123,0.03489261374365796
finite_feedback,29.450000000000003,0.5967417500182212,0.36852322531990833,0.03473502466187046
finite_feedback,29.5,0.5955416010170592,0.3698698306383917,0.034588568344549035
finite_feedback,29.55,0.594322601237384,0.37122419227165393,0.034453206490962035
finite_feedback,29.6,0.5930854132769801,0.3725856821190114,0.034328904604008496
finite_feedback,29.650000000000002,0.5918307013779713,0.37395366646520556,0.03421563215682309
finite_feedback,29.700000000000003,0.5905591314935297,0.37532750575994805,0.03411336274652219
finite_feedback,29.75,0.5892713713666999,0.37670655439775175,0.03402207423554826
finite_feedback,29.8,0.5879680906204975,0.37809016049883426,0.03394174888066817
finite_feedback,29.85,0.5866499608583227,0.37947766569152425,0.03387237345015303
finite_feedback,29.900000000000002,0.5853176557738452,0.3808684048967754,0.03381393932937936
finite_feedback,29.950000000000003,0.5839718512695535,0.3822617061154789,0.03376644261496763
finite_feedback,30.0,0.5826132255831651,0.38365689021929833,0.03372988419753653
finite_feedback,30.05,0.5812424594210569,0.38505327074553636,0.03370426983340676
finite_feedback,30.1,0.5798602360979856,0.386450153696808,0.03368961020520634
finite_feedback,30.150000000000002,0.5784672416823768,0.38784683734641534,0.03368592097120782
finite_feedback,30.200000000000003,0.5770641651464096,0.38924261205004396,0.03369322280354654
finite_feedback,30.25,0.5756516985201773,0.39063676006463116,0.03371154141519154
finite_feedback,30.3,0.5742305370492519,0.39202855537534764,0.033740907575400596
finite_feedback,30.35,0.5728013793549817,0.39341726353165324,0.03378135711336513
finite_feedback,30.400000000000002,0.5713649275967648,0.3948021414932158,0.03383293091001944
finite_feedback,30.450000000000003,0.5699218876356489,0.3961824374868147,0.03389567487753642
finite_feedback,30.5,0.5684729691986415,0.39755739087541614,0.03396963992594229
finite_feedback,30.55,0.5670188860430018,0.3989262320403888,0.034054881916609527
finite_feedback,30.6,0.5655603561198123,0.4002881822780986,0.034151461602089254
finite_feedback,30.650000000000002,0.5640981017362134,0.40164245371221396,0.034259444551572676
finite_feedback,30.700000000000003,0.5626328497156848,0.4029882492230637,0.03437890106125153
finite_feedback,30.75,0.5611653315555021,0.40432476239527554,0.03450990604922244
finite_feedback,30.8,0.5596962835807626,0.4056511774853235,0.03465253893391397
finite_feedback,30.85,0.5582264470943641,0.4069666694105449,0.034806883495091125
finite_feedback,30.900000000000002,0.5567565685220741,0.4082704037611237,0.03497302771680228
finite_feedback,30.950000000000003,0.5552873995519296,0.4095615368367941,0.035151063611276394
finite_feedback,31.0,0.553819697267321,0.4108392157100843,0.03534108702259475
finite_feedback,31.05,0.5523542242730489,0.41210257831791713,0.03554319740903399
finite_feedback,31.1,0.550891748813122,0.41335075358337203,0.035757497603506064
finite_feedback,31.150000000000002,0.5494330448799352,0.41458286156981994,0.03598409355024491
finite_feedback,31.200000000000003,0.5479788923137741,0.4157980136693705,0.03622309401685541
finite_feedback,31.25,0.546530076891649,0.41699531282777574,0.03647461028057525
finite_feedback,31.3,0.5450873904046013,0.4181738538080552,0.03673875578734353
finite_feedback,31.35,0.5436516307227204,0.4193327234951321,0.037015645782147506
finite_feedback,31.400000000000002,0.5422236018465106,0.4204710012437199,0.03730539690976952
finite_feedback,31.450000000000003,0.5408041139436975,0.42158775927193626,0.037608126784366286
finite_feedback,31.5,0.5393939833705883,0.42268206310306866,0.03792395352634314
finite_feedback,31.55,0.5379940326765852,0.42375297205791546,0.038252995265499384
finite_feedback,31.6,0.536605090590875,0.42479953980024154,0.03859536960888345
finite_feedback,31.650000000000002,0.5352279919900219,0.4258208149378272,0.03895119307215096
finite_feedback,31.700000000000003,0.5338635778451827,0.42681584168161907,0.03932058047319835
finite_feedback,31.75,0.5325126951477606,0.4277836605654948,0.03970364428674468
finite_feedback,31.8,0.5311761968120434,0.4287233092290618,0.040100493958894756
finite_feedback,31.85,0.5298549415535817,0.4296338232659428,0.04051123518047559
finite_feedback,31.900000000000002,0.5285497937418124,0.4305142371398487,0.040935969118338904
finite_feedback,31.950000000000003,0.5272616232254714,0.43136358517067036,0.04137479160385828
finite_feedback,32.0,0.5259913051294189,0.4321809025927751,0.041827792277806024
finite_feedback,32.050000000000004,0.5247397196212138,0.43296522668737764,0.04229505369140857
finite_feedback,32.1,0.5235077516459747,0.43371559799082404,0.042776650363201274
finite_feedback,32.15,0.5222962906280979,0.43443106158057027,0.043272647791331914
finite_feedback,32.2,0.5211062301378613,0.43511066843982604,0.04378310142231273
finite_feedback,32.25,0.5199384675217138,0.43575347690224814,0.0443080555760381
finite_feedback,32.300000000000004,0.518793903494404,0.4363585541775291,0.04484754232806687
finite_feedback,32.35,0.5176734416913858,0.4369249779580003,0.04540158035061383
finite_feedback,32.4,0.5165779881799284,0.43745183810629384,0.045970173713777776
finite_feedback,32.45,0.515508450927279,0.43793823842431423,0.04655331064840669
finite_feedback,32.5,0.5144657392243196,0.4383832985024145,0.047150962273265956
finite_feedback,32.550000000000004,0.5134507630629418,0.43878615564644446,0.047763081290613775
finite_feedback,32.6,0.512464432466596,0.4391459668820629,0.04838960065134103
finite_feedback,32.65,0.5115076567705866,0.43946191103430493,0.049030432195108414
finite_feedback,32.7,0.5105813438527276,0.43973319087786045,0.04968546526941195
finite_feedback,32.75,0.509686399312998,0.43995903535398817,0.05035456533301391
finite_feedback,32.800000000000004,0.5088237256000153,0.44013870185087756,0.051037572549107145
finite_feedback,32.85,0.507994221082149,0.44027147854427356,0.05173430037357747
finite_feedback,32.9,0.5071987790627218,0.4403566867923151,0.052444534144963105
finite_feedback,32.95,0.506438286744933,0.44039368356677394,0.053168029688293074
finite_feedback,33.0,0.5057136241348585,0.4403818639318804,0.053904511933261005
finite_feedback,33.050000000000004,0.5050256628890897,0.4403206635501161,0.05465367356079422
finite_feedback,33.1,0.5043752651057563,0.4402095612088124,0.05541517368543134
finite_feedback,33.15,0.5037632820582294,0.44004808135813117,0.05618863658363945
finite_feedback,33.2,0.5031905528700462,0.4398357966512994,0.05697365047865437
finite_feedback,33.25,0.5026579031345085,0.4395723304732756,0.05776976639221582
finite_feedback,33.300000000000004,0.5021661434783523,0.43925735944683164,0.058576497074816075
finite_feedback,33.35,0.5017160680687152,0.4388906159046787,0.05939331602660606
finite_feedback,33.4,0.5013084530672095,0.4384718903125829,0.06021965662020759
finite_feedback,33.45,0.5009440550323017,0.43800103362988396,0.061054911337814315
finite_feedback,33.5,0.5006236092694472,0.4374779595943121,0.06189843113624068
finite_feedback,33.550000000000004,0.5003478281330441,0.4369026469155771,0.06274952495137874
finite_feedback,33.6,0.5001173992856844,0.43627514136105305,0.0636074593532625
finite_feedback,33.65,0.4999329839115705,0.43559555772136593,0.0644714583670636
finite_feedback,33.7,0.49979521489244366,0.43486408163824236,0.06534070346931393
finite_feedback,33.75,0.4997046949486486,0.43408097128001016,0.06621433377134121
finite_feedback,33.800000000000004,0.49966199474775624,0.4332465588497078,0.06709144640253592
finite_feedback,33.85,0.4996676509879807,0.43236125191076763,0.06797109710125165
finite_feedback,33.9,0.4997221644607056,0.431425534515908,0.06885230102338642
finite_feedback,33.95,0.4998259980964341,0.4304399681254492,0.0697340337781168
finite_feedback,34.0,0.4999795750019905,0.42940519230231233,0.07061523269569725
finite_feedback,34.050000000000004,0.500183276494162,0.4283219251711691,0.0714947983346689
finite_feedback,34.1,0.5004374401366627,0.42719096363060327,0.07237159623273415
finite_feedback,34.15,0.500742357788911,0.42601318330948684,0.07324445890160222
finite_feedback,34.2,0.5010982736725547,0.4247895382574936,0.0741121880699519
finite_feedback,34.25,0.5015053824649764,0.4235210603642056,0.07497355717081806
finite_feedback,34.300000000000004,0.5019638274277038,0.4222088585006533,0.07582731407164292
finite_feedback,34.35,0.5024736985784293,0.4208541173788965,0.07667218404267433
finite_feedback,34.4,0.5030350309158866,0.41945809613006146,0.07750687295405195
finite_feedback,34.45,0.5036478027066453,0.41802212659792776,0.07833007069542701
finite_feedback,34.5,0.504311933843288,0.41654761135232315,0.079140454804389
finite_feedback,34.550000000000004,0.5050272842837682,0.415036021425102,0.07993669429112994
finite_feedback,34.6,0.5057936525820551,0.4134888937737625,0.08071745364418247
finite_feedback,34.65,0.5066107745189713,0.4119078284835141,0.08148139699751474
finite_feedback,34.7,0.5074783218444209,0.4102944857139403,0.08222719244163888
finite_feedback,34.75,0.5083959011395666,0.4086505824050386,0.08295351645539494
finite_feedback,34.800000000000004,0.5093630528094719,0.4069778887546812,0.08365905843584687
finite_feedback,34.85,0.5103792502163644,0.4052782244818996,0.08434252530173604
finite_feedback,34.9,0.5114438989604229,0.403553454896597,0.08500264614298024
finite_feedback,34.95,0.5125563363202771,0.4018054867894449,0.0856381768902781
finite_feedback,35.0,0.5137158308593616,0.4000362641650281,0.08624790497561043
finite_feedback,35.050000000000004,0.514921582205316,0.39824776383974736,0.08683065395493669
finite_feedback,35.1,0.5161727210151198,0.39644199092137355,0.0873852880635067
finite_feedback,35.15,0.5174683091272649,0.39462097419833897,0.08791071667439614
finite_feedback,35.2,0.5188073399069996,0.39278676146213454,0.08840589863086604
finite_feedback,35.25,0.5201887387955965,0.39094141478129424,0.08886984642310938
finite_feedback,35.300000000000004,0.5216113640616074,0.38908700575630945,0.08930163018208336
finite_feedback,35.35,0.5230740077607426,0.38722561077677187,0.08970038146248563
finite_feedback,35.4,0.5245753969090802,0.38535930630326254,0.09006529678765741
finite_feedback,35.45,0.5261141948635301,0.3834901642008841,0.09039564093558597
finite_feedback,35.5,0.5276890029182468,0.3816202471427253,0.09069074993902797
finite_feedback,35.550000000000004,0.5292983621108026,0.3797516041073121,0.0909500337818853
finite_feedback,35.6,0.5309407552364013,0.37788626598998204,0.0911729787736167
finite_feedback,35.65,0.5326146090701962,0.3760262413475565,0.09135914958224728
finite_feedback,35.7,0.5343182967883212,0.3741735122945747,0.09150819091710412
finite_feedback,35.75,0.5360501405841318,0.3723300305677499,0.09161982884811841
finite_feedback,35.800000000000004,0.5378084144730485,0.3704977137739784,0.09169387175297318
finite_feedback,35.85,0.5395913472755469,0.36867844183475146,0.09173021088970172
finite_feedback,35.9,0.5413971257706269,0.36687405364020237,0.0917288205891709
finite_feedback,35.95,0.5432238980075915,0.3650863439217247,0.09168975807068391
finite_feedback,36.0,0.5450697767643367,0.36331706035167866,0.0916131628839848
finite_feedback,36.050000000000004,0.546932843139913,0.36156790087789265,0.09149925598219445
finite_feedback,36.1,0.5488111502666126,0.3598405112960051,0.09134833843738238
finite_feedback,36.15,0.5507027271271857,0.35813648306531115,0.09116078980750325
finite_feedback,36.2,0.552605582461375,0.35645735136748635,0.09093706617113875
finite_feedback,36.25,0.5545177087455888,0.3548045934088301,0.09067769784558116
finite_feedback,36.300000000000004,0.5564370862287904,0.35317962696538835,0.09038328680582138
finite_feedback,36.35,0.5583616870077872,0.35158380916579457,0.09005450382641828
finite_feedback,36.4,0.5602894791234585,0.3500184355106088,0.08969208536593283
finite_feedback,36.45,0.5622184306611938,0.34848473911949235,0.08929683021931394
finite_feedback,36.5,0.5641465138374335,0.34698389020088194,0.0888695959616846
finite_feedback,36.550000000000004,0.5660717090542317,0.3455169957371725,0.08841129520859586
finite_feedback,36.6,0.567992008905804,0.3440850993744193,0.08792289171977664
finite_feedback,36.65,0.5699054221180179,0.34268918151045985,0.0874053963715223
finite_feedback,36.7,0.5718099774058686,0.3413301595688768,0.08685986302525468
finite_feedback,36.75,0.5737037272333245,0.34000888844803456,0.08628738431864091
finite_feedback,36.800000000000004,0.5755847514583367,0.33872616113681464,0.08568908740484871
finite_feedback,36.85,0.5774511608515376,0.3374827094822602,0.0850661296662022
finite_feedback,36.9,0.579301100473543,0.3362792050996539,0.08441969442680314
finite_feedback,36.95,0.5811327528965552,0.33511626041503423,0.08375098668841059
finite_feedback,37.0,0.5829443412652064,0.3339944298226588,0.08306122891213479
finite_feedback,37.050000000000004,0.5847341321799073,0.33291421095216717,0.08235165686792549
finite_feedback,37.1,0.5865004383965731,0.3318760460309452,0.08162351557248176
finite_feedback,37.15,0.5882416213374665,0.3308803233293891,0.08087805533314438
finite_feedback,37.2,0.5899560934044323,0.3299273786796682,0.08011652791589947
finite_feedback,37.25,0.5916423200849651,0.32901749705954125,0.07934018285549367
finite_feedback,37.300000000000004,0.5932988218581547,0.32815091422522163,0.07855026391662358
finite_feedback,37.35,0.5949241758908229,0.3273278183874107,0.0777480057217664
finite_feedback,37.4,0.5965170175218171,0.326548351921321,0.07693463055686191
finite_feedback,37.45,0.5980760415389939,0.32581261309985954,0.07611134536114658
finite_feedback,37.5,0.599600003247198,0.32512065784259797,0.07527933891020401
finite_feedback,37.550000000000004,0.6010877193302042,0.32447250147242956,0.07443977919736616
finite_feedback,37.6,0.6025380685114721,0.32386812047249364,0.07359381101603428
finite_feedback,37.65,0.6039499920160759,0.3233074542364743,0.07274255374744981
finite_feedback,37.7,0.605322493840947,0.3227904068061803,0.07188709935287264
finite_feedback,37.75,0.6066546408389629,0.3223168485903885,0.07102851057064855
finite_feedback,37.800000000000004,0.6079455626236385,0.3218866180594399,0.07016781931692147
finite_feedback,37.85,0.609194451303371,0.32149952341172244,0.0693060252849065
finite_feedback,37.9,0.6104005610521354,0.3211553442065879,0.0684440947412767
finite_feedback,37.95,0.611563207526424,0.3208538329608224,0.06758295951275353
finite_feedback,38.0,0.6126817671373811,0.3205947167050873,0.06672351615753158
finite_feedback,38.050000000000004,0.6137556761876064,0.3203776984966216,0.06586662531577202
finite_feedback,38.1,0.6147844298828679,0.32020245888744125,0.06501311122969095
finite_feedback,38.15,0.615767581228326,0.3200686573441556,0.0641637614275184
finite_feedback,38.2,0.6167047398196712,0.31997593361867277,0.06331932656165594
finite_feedback,38.25,0.6175955705390952,0.31992390906854745,0.06248052039235734
finite_feedback,38.300000000000004,0.6184397921664507,0.3199121879247374,0.061648019908811885
finite_feedback,38.35,0.6192371759153263,0.3199403585074614,0.06082246557721227
finite_feedback,38.400000000000006,0.6199875439038588,0.3200079943890268,0.060004461707114536
finite_feedback,38.45,0.6206907675700801,0.3201146555029299,0.05919457692699006
finite_feedback,38.5,0.6213467660407088,0.3202598892003219,0.05839334475896946
finite_feedback,38.550000000000004,0.6219555044626188,0.32044323125320584,0.05760126428417549
finite_feedback,38.6,0.6225169923059317,0.32066420680433116,0.05681880088973718
finite_feedback,38.650000000000006,0.6230312816459627,0.32092233126639413,0.056046387087643305
finite_feedback,38.7,0.6234984654329578,0.3212171111687961,0.05528442339824613
finite_feedback,38.75,0.6239186757564651,0.32154804495426437,0.05453327928927059
finite_feedback,38.800000000000004,0.6242920821110536,0.321914623726389,0.053793294162557445
finite_feedback,38.85,0.6246188896704425,0.32231633194827236,0.05306477838128514
finite_feedback,38.900000000000006,0.6248993375761182,0.3227526480935898,0.052348014330292056
finite_feedback,38.95,0.6251336972447601,0.3232230452528543,0.05164325750238564
finite_feedback,39.0,0.6253222707012271,0.3237269916938671,0.05095073760490583
finite_feedback,39.050000000000004,0.6254653889408063,0.324263951379114,0.0502706596800797
finite_feedback,39.1,0.6255634103247296,0.32483338444152254,0.04960320523374784
finite_feedback,39.150000000000006,0.6256167190130629,0.3254347476194972,0.04894853336743986
finite_feedback,39.2,0.6256257234389869,0.32606749465210244,0.04830678190891063
finite_feedback,39.25,0.6255908548254541,0.326731076637636,0.04767806853690989
finite_feedback,39.300000000000004,0.625512565748231,0.32742494235547726,0.04706249189629167
finite_feedback,39.35,0.6253913287472738,0.3281485385528983,0.046460132699827995
finite_feedback,39.400000000000006,0.6252276349877204,0.3289013101986646,0.04587105481361507
finite_feedback,39.45,0.6250219929717377,0.32968270070484573,0.04529530632341656
finite_feedback,39.5,0.6247749273026859,0.33049215211794425,0.04473292057936981
finite_feedback,39.550000000000004,0.624486977503106,0.3313291052804007,0.04418391721649328
finite_feedback,39.6,0.6241586968857104,0.3321929999644909,0.04364830314979869
finite_feedback,39.650000000000006,0.6237906514771423,0.33308327498011453,0.043126073542743136
finite_feedback,39.7,0.6233834189968471,0.3339993682565631,0.04261721274658974
finite_feedback,39.75,0.6229375878890323,0.33494071690064586,0.04212169521032185
finite_feedback,39.800000000000004,0.6224537564076128,0.33590675723187724,0.04163948636050994
finite_feedback,39.85,0.6219325317533329,0.3368969247959564,0.04117054345071064
finite_feedback,39.900000000000006,0.6213745292625532,0.3379106543577124,0.040714816379734356
finite_feedback,39.95,0.6207803716471936,0.33894737987468637,0.04027224847812003
finite_feedback,40.0,0.620150688285318,0.34000653445252965,0.03984277726215224
